epoch	temp_mC	rss_kib	pss_kib	vm_swap_kib	mem_available_kib	swap_free_kib
1788453902	43000	268	744	0	31083856	8388604
1788453903	50000	730988	739831	0	30390796	8388604
1788453904	49000	2337456	2456253	0	31041184	8388604
1788453905	49000	6032064	6232780	0	31043024	8388604
1788453906	49000	9628368	9902825	0	31046804	8388604
1788453908	46000	13249248	13581035	0	31034896	8388604
1788453909	54000	18509488	18526258	0	29485472	8388604
1788453910	55000	20556176	20561494	0	27836768	8355684
1788453911	60000	20579284	20576900	0	27810876	8355684
1788453912	44000	20656480	20652369	0	27792012	8355684
1788453913	64000	20702664	20698435	0	27732076	8349632
1788453914	65000	20702932	20698700	0	27725628	8349632
1788453915	67000	20702932	20698690	0	27725960	8349632
1788453917	68000	20702932	20698700	0	27725132	8349632
1788453918	70000	20702932	20698694	0	27725676	8349632
1788453919	70000	20702932	20698698	0	27725156	8349632
1788453920	70000	20702932	20698690	0	27718404	8349632
1788453921	67000	20702932	20698696	0	27718420	8349632
1788453922	67000	20702932	20698700	0	27717916	8349632
1788453923	68000	20702932	20698700	0	27716460	8349632
1788453924	68000	20702932	20698687	0	27717672	8349632
1788453926	71000	20702932	20698688	0	27717924	8349632
1788453927	71000	20702932	20698688	0	27718772	8349632
1788453928	72000	20702932	20698687	0	27718520	8349632
1788453929	70000	20702932	20698685	0	27718516	8349632
1788453930	71000	20702932	20698691	0	27718932	8349632
1788453931	69000	20702932	20698698	0	27715992	8349652
1788453932	68000	20702932	20698696	0	27715180	8349652
1788453933	66000	20702932	20698694	0	27714752	8349836
1788453935	66000	20702932	20698695	0	27714528	8349836
1788453936	66000	20702932	20698696	0	27714024	8349836
1788453937	66000	20702932	20698694	0	27713280	8349836
1788453938	66000	20702932	20698697	0	27713028	8349836
1788453939	66000	20702932	20698707	0	27712780	8349836
1788453940	68000	20722912	20718676	0	27671524	8349836
1788453941	69000	20877512	20873275	0	27557516	8344104
1788453943	83000	20877512	20873276	0	27554168	8344104
1788453944	85000	20877512	20873274	0	27552316	8344108
1788453945	83000	20877512	20873277	0	27552000	8344108
1788453946	83000	20877512	20873276	0	27551256	8344108
1788453947	73000	20877512	20873277	0	27550640	8344108
1788453948	73000	20877512	20873288	0	27550892	8344108
1788453949	73000	20877512	20873275	0	27550640	8344108
1788453950	72000	20877512	20873275	0	27549532	8344108
1788453952	71000	20877512	20873274	0	27549404	8344108
1788453953	72000	20877512	20873276	0	27549020	8344108
1788453954	65000	21031500	21027262	0	27392324	8338084
1788453955	68000	21031500	21027273	0	27395848	8338084
1788453956	68000	21058876	21054649	0	27385476	8332452
1788453957	68000	21060160	21056183	0	27382696	8332452
1788453958	66000	21061788	21057552	0	27383004	8332452
1788453960	70000	21061788	21057564	0	27382832	8332452
1788453961	68000	21061788	21057550	0	27387032	8332452
1788453962	71000	21061788	21057565	0	27386916	8332452
1788453963	66000	21061788	21057558	0	27386412	8332452
1788453964	69000	21061788	21057564	0	27385560	8332452
1788453965	68000	21061788	21057563	0	27385420	8332452
1788453966	68000	21061788	21057561	0	27385420	8332452
1788453967	65000	21061788	21057564	0	27384552	8332464
1788453969	70000	21061788	21057547	0	27383696	8332496
1788453970	71000	21061788	21057556	0	27382132	8332496
1788453971	69000	21061788	21057544	0	27381992	8332496
1788453972	69000	21061788	21057544	0	27381488	8332496
1788453973	69000	21061788	21057545	0	27380480	8332496
1788453974	69000	21061788	21057549	0	27380956	8332496
1788453975	70000	21061788	21057547	0	27381292	8332496
1788453977	70000	21061788	21057544	0	27381568	8332496
1788453978	73000	21061788	21057548	0	27378956	8332496
1788453979	74000	21061788	21057557	0	27378540	8332496
1788453980	78000	21061788	21057562	0	27378060	8332496
1788453981	75000	21061788	21057560	0	27377556	8332496
1788453982	76000	21061788	21057561	0	27376940	8332496
1788453983	76000	21061788	21057548	0	27376576	8332500
1788453984	74000	21061788	21057549	0	27376020	8332500
1788453986	71000	21061788	21057559	0	27374660	8332500
1788453987	70000	21061788	21057549	0	27374400	8332500
1788453988	71000	21061788	21057562	0	27374792	8332500
1788453989	71000	21061788	21057548	0	27375316	8332500
1788453990	74000	21061788	21057551	0	27375140	8332500
1788453991	71000	21061788	21057549	0	27375392	8332500
1788453992	69000	21061788	21057547	0	27375140	8332500
1788453994	69000	21061788	21057547	0	27374776	8332500
1788453995	74000	21061788	21057562	0	27375144	8332500
1788453996	78000	21061788	21057549	0	27375040	8332500
1788453997	80000	21061788	21057551	0	27375040	8332500
1788453998	76000	21061788	21057549	0	27375292	8332500
1788453999	76000	21061788	21057562	0	27374312	8332500
1788454000	77000	21061796	21057556	0	27374624	8332500
1788454002	76000	21061796	21057557	0	27374912	8332500
1788454003	79000	21061796	21057556	0	27375136	8332500
1788454004	77000	21061796	21057555	0	27373796	8332500
1788454005	76000	21061796	21057568	0	27373296	8332500
1788454006	78000	21061796	21057553	0	27373296	8332500
1788454007	77000	21061796	21057568	0	27373296	8332500
1788454008	76000	21061796	21057553	0	27372328	8332500
1788454009	76000	21061796	21057555	0	27372552	8332500
1788454011	77000	21061796	21057553	0	27372572	8332500
1788454012	71000	21061796	21057561	0	27372068	8332500
1788454013	77000	21061796	21057567	0	27371704	8332500
1788454014	77000	21061796	21057553	0	27371816	8332500
1788454015	76000	21061796	21057556	0	27371564	8332500
1788454016	77000	21061796	21057561	0	27372540	8332500
1788454017	77000	21061796	21057567	0	27372036	8332500
1788454019	77000	21061796	21057568	0	27372148	8332500
1788454020	78000	21061796	21057557	0	27371616	8332500
1788454021	78000	21061796	21057556	0	27372412	8332500
1788454022	78000	21061796	21057568	0	27372284	8332500
1788454023	77000	21061796	21057555	0	27372396	8332500
1788454024	77000	21061796	21057566	0	27372576	8332500
1788454025	74000	21061796	21057555	0	27372072	8332500
1788454027	77000	21061796	21057553	0	27372072	8332500
1788454028	77000	21061796	21057563	0	27372072	8332500
1788454029	79000	21061796	21057568	0	27371568	8332500
1788454030	73000	21061796	21057555	0	27371604	8332500
1788454031	76000	21061796	21057555	0	27371264	8332500
1788454032	79000	21061796	21057553	0	27371068	8332500
1788454033	77000	21061796	21057557	0	27371332	8332500
1788454034	80000	21061796	21057556	0	27371000	8332500
1788454036	78000	21061796	21057567	0	27371380	8332500
1788454037	55000	21062140	21058005	0	27373168	8332500
1788454038	53000	21062140	21058005	0	27373008	8332500
1788454039	54000	21062140	21058011	0	27373624	8332500
1788454040	54000	21062140	21058018	0	27373512	8332500
1788454041	54000	21062140	21058007	0	27373260	8332500
1788454043	54000	21062140	21058017	0	27373512	8332500
1788454044	52000	21062140	21058018	0	27372896	8332500
1788454045	53000	21062140	21058009	0	27372264	8332500
1788454046	51000	21062140	21058005	0	27372644	8332500
1788454047	53000	21062140	21058005	0	27372896	8332500
1788454048	52000	21062140	21058018	0	27372980	8332500
1788454050	52000	21062140	21058016	0	27373328	8332500
1788454051	77000	20755880	20751642	0	27680688	8332500
1788454052	77000	20755880	20751649	0	27680108	8332500
1788454053	75000	20755880	20751679	0	27679044	8332500
1788454054	76000	20755880	20751690	0	27678864	8332500
1788454055	71000	20755880	20751679	0	27678504	8332500
1788454056	75000	20755880	20751678	0	27678124	8332500
1788454057	74000	20755880	20751677	0	27677168	8332564
1788454059	74000	20755880	20751678	0	27677124	8332564
1788454060	74000	20755880	20751679	0	27676732	8332564
1788454061	80000	20755880	20751679	0	27676508	8332592
1788454062	78000	20755880	20751691	0	27676508	8332592
1788454063	77000	20755880	20751679	0	27677012	8332592
1788454064	77000	20755880	20751687	0	27676920	8332592
1788454065	77000	20755880	20751679	0	27676680	8332592
1788454066	79000	20755880	20751679	0	27676528	8332592
1788454068	77000	20755880	20751680	0	27676444	8332592
1788454069	77000	20755880	20751689	0	27676052	8332592
1788454070	77000	20755880	20751680	0	27676352	8332592
1788454071	77000	20755880	20751680	0	27675948	8332592
1788454072	78000	20755880	20751679	0	27676128	8332592
1788454073	78000	20755880	20751687	0	27676680	8332592
1788454074	73000	20755880	20751682	0	27676772	8332592
1788454076	80000	20932040	20927838	0	27495500	8332592
1788454077	80000	20934744	20930556	0	27495344	8332592
1788454078	79000	20934744	20930543	0	27495596	8332592
1788454079	78000	20934744	20930543	0	27495596	8332592
1788454080	75000	20934744	20930544	0	27495664	8332592
1788454081	77000	20934744	20930542	0	27496072	8332592
1788454082	79000	20934744	20930545	0	27496072	8332592
1788454083	78000	20934744	20930543	0	27495820	8332592
1788454085	78000	20934744	20930543	0	27496104	8332592
1788454086	79000	20934744	20930543	0	27497672	8332592
1788454087	80000	20934744	20930556	0	27496308	8332592
1788454088	77000	20934744	20930556	0	27496280	8332592
1788454089	77000	20934744	20930543	0	27496496	8332592
1788454090	79000	20934744	20930541	0	27495696	8332592
1788454091	80000	20934744	20930543	0	27495444	8332592
1788454092	78000	20934744	20930553	0	27495192	8332592
1788454094	80000	20934744	20930542	0	27495192	8332592
1788454095	73000	20934744	20930541	0	27495444	8332592
1788454096	76000	20934744	20930548	0	27494940	8332592
1788454097	76000	20934744	20930554	0	27495192	8332592
1788454098	76000	20934744	20930543	0	27495192	8332592
1788454099	75000	20934744	20930542	0	27495052	8332592
1788454100	75000	20934744	20930543	0	27495064	8332592
1788454102	76000	20934744	20930542	0	27494560	8332592
1788454103	76000	20934744	20930551	0	27494528	8332592
1788454104	81000	20934744	20930555	0	27494400	8332592
1788454105	80000	20934744	20930542	0	27493632	8332592
1788454106	81000	20934744	20930544	0	27494640	8332592
1788454107	82000	20934744	20930544	0	27495300	8332596
1788454108	81000	20934744	20930545	0	27495424	8332596
1788454109	80000	20934744	20930543	0	27494924	8332596
1788454111	81000	20934744	20930544	0	27494988	8332596
1788454112	82000	20934744	20930553	0	27494920	8332596
1788454113	80000	20934744	20930542	0	27495268	8332596
1788454114	81000	20934744	20930542	0	27495476	8332596
1788454115	82000	20934744	20930542	0	27495728	8332596
1788454116	76000	20934744	20930551	0	27495628	8332596
1788454117	76000	20934744	20930544	0	27494664	8332596
1788454119	75000	20934744	20930548	0	27494580	8332596
1788454120	76000	20934744	20930556	0	27494076	8332596
1788454121	80000	20934744	20930553	0	27493824	8332596
1788454122	80000	20934744	20930556	0	27494396	8332596
1788454123	77000	20934744	20930545	0	27494900	8332596
1788454124	78000	20934744	20930544	0	27494940	8332596
1788454125	77000	20934744	20930557	0	27494588	8332596
1788454126	76000	20934744	20930541	0	27494708	8332596
1788454128	78000	20934744	20930545	0	27486960	8346812
1788454129	77000	20934744	20930553	0	27491988	8346876
1788454130	73000	20934744	20930543	0	27491592	8346876
1788454131	75000	20934744	20930543	0	27491844	8346876
1788454132	75000	20934744	20930544	0	27491592	8346876
1788454133	71000	20934744	20930542	0	27490332	8346988
1788454134	75000	20934744	20930553	0	27489828	8346988
1788454135	77000	20934744	20930542	0	27489576	8346988
1788454137	75000	20934744	20930544	0	27489800	8346988
1788454138	75000	20934744	20930553	0	27489660	8346988
1788454139	77000	20934744	20930541	0	27489236	8346988
1788454140	77000	20934744	20930542	0	27488760	8346988
1788454141	76000	20934744	20930543	0	27489012	8346988
1788454142	77000	20934744	20930545	0	27489128	8346988
1788454143	76000	20934744	20930555	0	27489032	8346988
1788454145	74000	20934744	20930554	0	27489052	8346988
1788454146	75000	20934744	20930545	0	27489320	8346988
1788454147	76000	20934744	20930555	0	27489460	8346988
1788454148	75000	20934744	20930542	0	27489080	8346988
1788454149	74000	20934744	20930555	0	27489156	8346988
1788454150	78000	20934744	20930546	0	27493188	8346988
1788454151	79000	20934744	20930541	0	27492976	8346988
1788454152	78000	20934744	20930553	0	27492976	8346988
1788454154	79000	20934744	20930544	0	27492532	8346988
1788454155	78000	20934744	20930543	0	27493160	8346996
1788454156	79000	20934744	20930543	0	27493180	8346996
1788454157	78000	20934744	20930551	0	27492940	8346996
1788454158	79000	20934744	20930543	0	27492800	8346996
1788454159	78000	20934744	20930555	0	27492548	8346996
1788454160	78000	20934744	20930542	0	27491824	8346996
1788454161	77000	20934744	20930542	0	27492580	8346996
1788454163	78000	20934744	20930543	0	27492976	8347076
1788454164	79000	20934744	20930548	0	27493612	8347076
1788454165	79000	20954024	20949824	0	27476832	8347076
1788454166	78000	21128212	21124011	0	27299536	8347076
1788454167	79000	21128212	21124019	0	27299648	8347076
1788454168	78000	21128212	21124009	0	27299656	8347076
1788454169	80000	21128212	21124011	0	27300160	8347076
1788454171	79000	21128212	21124009	0	27299468	8347076
1788454172	80000	21128212	21124010	0	27298488	8347076
1788454173	79000	21128212	21124016	0	27298724	8347076
1788454174	79000	21128212	21124010	0	27299088	8347076
1788454175	82000	21128212	21124011	0	27299272	8347076
1788454176	79000	21128212	21124012	0	27299208	8347076
1788454177	79000	21128212	21124024	0	27299560	8347076
1788454178	77000	21281432	21277231	0	27157676	8346056
1788454180	79000	21281432	21277232	0	27152664	8346056
1788454181	79000	21281432	21277233	0	27152736	8346056
1788454182	78000	21281432	21277230	0	27154392	8346056
1788454183	75000	21281432	21277241	0	27154392	8346056
1788454184	74000	21281432	21277243	0	27153800	8346100
1788454185	76000	21281432	21277233	0	27154096	8346100
1788454186	75000	21281432	21277239	0	27154096	8346100
1788454188	75000	21281432	21277242	0	27153480	8346100
1788454189	76000	21281432	21277231	0	27153604	8346100
1788454190	76000	21281432	21277236	0	27152372	8346100
1788454191	77000	21281432	21277229	0	27152468	8346100
1788454192	75000	21281432	21277243	0	27152708	8346100
1788454193	75000	21281432	21277236	0	27151952	8346100
1788454194	77000	21281432	21277231	0	27151700	8346100
1788454196	77000	21281432	21277231	0	27151084	8346100
1788454197	79000	21281432	21277230	0	27151472	8346100
1788454198	79000	21281432	21277232	0	27150996	8346100
1788454199	78000	21281432	21277243	0	27150716	8346100
1788454200	78000	21281432	21277244	0	27150352	8346100
1788454201	78000	21281432	21277243	0	27150588	8346100
1788454202	73000	21281432	21277243	0	27150316	8346100
1788454203	90000	21281432	21277232	0	27150076	8346100
1788454205	84000	21281432	21277230	0	27149860	8346100
1788454206	88000	21281432	21277234	0	27150132	8346100
1788454207	91000	21281432	21277234	0	27149880	8346100
1788454208	89000	21281432	21277236	0	27150244	8346100
1788454209	88000	21281432	21277229	0	27150384	8346100
1788454210	89000	21281432	21277230	0	27150452	8346100
1788454211	89000	21281432	21277231	0	27155096	8346100
1788454213	79000	21281432	21277244	0	27155144	8346100
1788454214	80000	21281432	21277231	0	27155316	8346100
1788454215	79000	21281432	21277231	0	27155128	8346100
1788454216	78000	21281432	21277229	0	27154424	8346100
1788454217	80000	21281432	21277231	0	27154068	8346100
1788454218	80000	21281432	21277244	0	27153940	8346100
1788454219	82000	21281432	21277232	0	27153576	8346100
1788454221	81000	21281432	21277232	0	27153828	8346100
1788454222	82000	21281432	21277231	0	27153660	8346100
1788454223	78000	21281432	21277236	0	27153816	8346108
1788454224	79000	21281432	21277229	0	27153340	8346108
1788454225	78000	21281432	21277231	0	27153340	8346108
1788454226	79000	21281432	21277231	0	27152988	8346108
1788454227	79000	21281432	21277239	0	27153212	8346108
1788454228	78000	21281432	21277230	0	27152944	8346108
1788454230	79000	21281432	21277229	0	27152264	8346108
1788454231	79000	21281432	21277231	0	27152360	8346108
1788454232	83000	21281432	21277239	0	27152224	8346108
1788454233	74000	21281432	21277229	0	27151468	8346108
1788454234	76000	21281432	21277230	0	27151468	8346108
1788454235	80000	21281432	21277239	0	27150852	8346108
1788454236	79000	21281432	21277232	0	27151076	8346108
1788454238	80000	21281432	21277233	0	27150864	8346108
1788454239	78000	21281432	21277243	0	27150976	8346108
1788454240	79000	21281432	21277232	0	27150660	8346108
1788454241	78000	21281432	21277231	0	27150664	8346108
1788454242	79000	21281432	21277229	0	27150568	8346108
1788454243	80000	21281432	21277243	0	27151248	8346108
1788454244	80000	21281432	21277239	0	27149688	8346108
1788454246	80000	21281432	21277242	0	27150228	8346108
1788454247	79000	21281432	21277231	0	27149992	8346108
1788454248	79000	21281432	21277236	0	27149960	8346108
1788454249	79000	21281432	21277231	0	27149420	8346108
1788454250	79000	21281432	21277231	0	27150108	8346108
1788454251	76000	21281432	21277241	0	27149112	8346108
1788454252	79000	21281432	21277242	0	27149728	8346108
1788454254	80000	21281432	21277231	0	27150092	8346108
1788454255	79000	21281432	21277231	0	27149616	8346108
1788454256	82000	21281432	21277236	0	27149924	8346108
1788454257	78000	21281432	21277231	0	27149420	8346108
1788454258	78000	21281432	21277231	0	27149168	8346108
1788454259	79000	21281432	21277229	0	27149588	8346108
1788454260	77000	21281432	21277232	0	27148832	8346108
1788454261	76000	21281432	21277244	0	27149208	8346108
1788454263	76000	21281432	21277244	0	27149212	8346108
1788454264	83000	21281432	21277231	0	27149212	8346108
1788454265	80000	21281432	21277233	0	27149724	8346108
1788454266	80000	21281432	21277231	0	27149472	8346108
1788454267	80000	21281432	21277231	0	27149624	8346108
1788454268	80000	21281432	21277231	0	27149324	8346108
1788454269	80000	21281432	21277234	0	27149072	8346108
1788454271	82000	21281432	21277231	0	27149752	8346108
1788454272	81000	21281432	21277243	0	27150008	8346108
1788454273	83000	21281432	21277230	0	27149392	8346108
1788454274	85000	21281432	21277230	0	27149176	8346108
1788454275	81000	21281432	21277230	0	27149176	8346108
1788454276	80000	21281432	21277241	0	27148000	8346108
1788454277	79000	21281432	21277230	0	27148224	8346108
1788454279	79000	21281432	21277235	0	27148472	8346108
1788454280	79000	21281432	21277235	0	27149120	8346108
1788454281	82000	21281432	21277244	0	27148908	8346108
1788454282	80000	21281432	21277235	0	27149468	8346108
1788454283	80000	21281432	21277235	0	27149216	8346108
1788454284	80000	21281432	21277235	0	27148600	8346108
1788454285	78000	21281432	21277232	0	27148492	8346108
1788454286	83000	21281432	21277232	0	27147876	8346108
1788454288	79000	21281432	21277236	0	27147528	8346108
1788454289	80000	21281432	21277244	0	27148236	8346108
1788454290	80000	21281432	21277235	0	27148576	8346108
1788454291	79000	21281432	21277235	0	27148340	8346108
1788454292	79000	21281432	21277233	0	27148936	8346108
1788454293	78000	21281432	21277236	0	27148948	8346108
1788454294	80000	21281432	21277235	0	27148804	8346108
1788454296	79000	21281432	21277231	0	27148804	8346108
1788454297	77000	21281432	21277234	0	27148596	8346108
1788454298	77000	21281432	21277233	0	27148596	8346116
1788454299	80000	21281432	21277246	0	27148596	8346116
1788454300	76000	21281432	21277233	0	27148492	8346116
1788454301	77000	21281432	21277235	0	27148688	8346116
1788454302	90000	21281432	21277235	0	27148688	8346116
1788454304	90000	21281432	21277242	0	27147704	8346116
1788454305	91000	21281432	21277246	0	27147072	8346116
1788454306	90000	21281432	21277251	0	27146436	8346116
1788454307	90000	21281432	21277256	0	27146312	8346116
1788454308	89000	21281432	21277254	0	27146376	8346116
1788454309	90000	21281432	21277243	0	27145000	8346116
1788454310	84000	21281432	21277251	0	27145112	8346116
1788454311	89000	21281432	21277251	0	27145364	8346116
1788454313	90000	21281432	21277246	0	27145504	8346116
1788454314	89000	21281432	21277246	0	27145252	8346116
1788454315	90000	21281432	21277245	0	27145000	8346116
1788454316	83000	21281432	21277243	0	27144748	8346116
1788454317	80000	21281432	21277254	0	27144860	8346116
1788454318	89000	21281432	21277256	0	27144820	8346116
1788454319	77000	21281432	21277242	0	27145080	8346116
1788454321	84000	21281432	21277256	0	27145584	8346116
1788454322	90000	21281432	21277243	0	27145796	8346116
1788454323	76000	21281432	21277242	0	27145432	8346116
1788454324	74000	21281432	21277245	0	27145572	8346116
1788454325	79000	21281432	21277253	0	27145080	8346116
1788454326	81000	21281432	21277245	0	27145080	8346116
1788454327	83000	21281432	21277245	0	27145080	8346116
1788454329	82000	21281432	21277245	0	27145516	8346116
1788454330	85000	21281432	21277254	0	27145196	8346116
1788454331	78000	21281432	21277245	0	27144692	8346116
1788454332	76000	21281432	21277253	0	27145020	8346116
1788454333	76000	21281432	21277242	0	27145100	8346116
1788454334	76000	21281432	21277248	0	27144860	8346116
1788454335	78000	21281432	21277256	0	27144964	8346116
1788454337	76000	21281432	21277246	0	27144724	8346116
1788454338	77000	21281432	21277244	0	27144776	8346116
1788454339	76000	21281432	21277242	0	27144448	8346116
1788454340	76000	21281432	21277246	0	27143328	8346116
1788454341	76000	21281432	21277251	0	27143192	8346116
1788454342	79000	21281432	21277244	0	27143108	8346116
1788454343	77000	21281432	21277241	0	27142500	8346124
1788454344	79000	21281432	21277243	0	27142248	8346124
1788454346	77000	21281432	21277246	0	27142500	8346124
1788454347	77000	21281432	21277243	0	27142452	8346124
1788454348	77000	21281432	21277246	0	27141968	8346124
1788454349	82000	21281432	21277243	0	27142784	8346124
1788454350	82000	21281432	21277246	0	27142284	8346124
1788454351	80000	21281432	21277248	0	27143032	8346124
1788454352	83000	21281432	21277241	0	27143048	8346124
1788454354	82000	21281432	21277255	0	27143528	8346124
1788454355	86000	21281432	21277225	0	27143224	8346124
1788454356	86000	21281432	21277225	0	27143696	8346124
1788454357	83000	21281432	21277238	0	27143208	8346124
1788454358	85000	21281432	21277236	0	27142596	8346124
1788454359	82000	21281432	21277227	0	27142468	8346124
1788454360	83000	21281432	21277236	0	27143072	8346124
1788454362	76000	21281432	21277224	0	27142708	8346124
1788454363	80000	21281432	21277236	0	27142932	8346124
1788454364	79000	21281432	21277224	0	27142876	8346124
1788454365	79000	21281432	21277223	0	27143140	8346124
1788454366	80000	21281432	21277236	0	27143352	8346124
1788454367	78000	21281432	21277228	0	27142236	8346124
1788454368	80000	21281432	21277225	0	27142564	8346124
1788454370	82000	21281432	21277225	0	27142596	8346124
1788454371	85000	21281432	21277226	0	27142568	8346124
1788454372	80000	21281432	21277225	0	27142940	8346124
1788454373	78000	21281432	21277223	0	27142332	8346124
1788454374	79000	21281432	21277238	0	27142888	8346124
1788454375	78000	21281432	21277230	0	27142940	8346124
1788454376	80000	21281432	21277228	0	27143304	8346124
1788454377	78000	21281432	21277225	0	27143628	8346124
1788454379	79000	21281432	21277227	0	27143124	8346124
1788454380	79000	21281432	21277225	0	27143124	8346124
1788454381	83000	21281432	21277225	0	27143156	8346124
1788454382	76000	21281432	21277238	0	27142652	8346124
1788454383	79000	21281432	21277225	0	27142764	8346124
1788454384	90000	21281432	21277225	0	27142668	8346124
1788454385	76000	21281432	21277235	0	27142528	8346124
1788454387	79000	21281432	21277223	0	27141964	8346124
1788454388	80000	21281432	21277235	0	27142216	8346124
1788454389	77000	21281432	21277225	0	27142216	8346124
1788454390	82000	21281432	21277230	0	27142720	8346124
1788454391	82000	21281432	21277238	0	27141488	8346124
1788454392	82000	21281432	21277233	0	27141712	8346124
1788454393	86000	21281432	21277228	0	27141712	8346124
1788454395	78000	21281432	21277225	0	27141964	8346124
1788454396	77000	21281432	21277230	0	27142380	8346124
1788454397	76000	21281432	21277223	0	27142028	8346124
1788454398	79000	21281432	21277226	0	27141820	8346124
1788454399	76000	21281432	21277225	0	27142012	8346124
1788454400	76000	21281432	21277237	0	27142908	8346124
1788454401	76000	21281432	21277225	0	27143864	8346124
1788454403	76000	21281432	21277230	0	27143640	8346124
1788454404	77000	21281432	21277223	0	27142944	8346124
1788454405	76000	21281432	21277230	0	27143028	8346124
1788454406	77000	21281432	21277225	0	27143324	8346124
1788454407	79000	21281432	21277228	0	27143084	8346124
1788454408	79000	21281432	21277237	0	27142232	8346124
1788454409	79000	21281432	21277236	0	27142312	8346124
1788454410	76000	21281432	21277224	0	27142480	8346124
1788454412	91000	21281432	21277223	0	27141752	8346124
1788454413	90000	21281432	21277226	0	27141516	8346124
1788454414	90000	21281432	21277225	0	27141920	8346124
1788454415	77000	21281432	21277226	0	27141416	8346124
1788454416	79000	21281432	21277228	0	27141668	8346124
1788454417	79000	21281432	21277228	0	27142284	8346124
1788454418	76000	21281432	21277233	0	27142128	8346136
1788454420	77000	21281432	21277236	0	27142336	8346136
1788454421	90000	21281432	21277228	0	27142464	8346136
1788454422	92000	21281432	21277225	0	27142416	8346136
1788454423	90000	21281432	21277228	0	27142584	8346136
1788454424	90000	21281432	21277223	0	27141500	8346136
1788454425	90000	21281432	21277237	0	27141220	8346136
1788454426	89000	21281432	21277237	0	27141224	8346136
1788454428	91000	21281432	21277238	0	27141668	8346136
1788454429	90000	21281432	21277225	0	27140976	8346136
1788454430	85000	21281432	21277233	0	27140864	8346136
1788454431	79000	21281432	21277225	0	27141220	8346148
1788454432	83000	21281432	21277238	0	27141420	8346148
1788454433	79000	21281432	21277225	0	27142240	8346204
1788454434	79000	21281432	21277235	0	27142184	8346204
1788454436	80000	21281432	21277237	0	27142548	8346204
1788454437	80000	21281432	21277225	0	27142312	8346204
1788454438	82000	21281432	21277223	0	27142508	8346204
1788454439	79000	21281432	21277230	0	27142760	8346204
1788454440	79000	21281432	21277228	0	27142928	8346204
1788454441	80000	21281432	21277225	0	27142716	8346204
1788454442	79000	21281432	21277223	0	27142464	8346204
1788454444	79000	21281432	21277228	0	27142464	8346204
1788454445	79000	21281432	21277224	0	27142232	8346204
1788454446	79000	21281432	21277225	0	27141272	8346204
1788454447	83000	21281432	21277238	0	27141588	8346204
1788454448	77000	21281432	21277225	0	27141840	8346204
1788454449	80000	21281432	21277236	0	27142028	8346204
1788454450	79000	21281432	21277223	0	27141784	8346204
1788454451	77000	21281432	21277224	0	27141532	8346204
1788454453	76000	21281432	21277228	0	27141028	8346204
1788454454	76000	21281432	21277230	0	27140888	8346204
1788454455	79000	21281432	21277225	0	27141128	8346204
1788454456	76000	21281432	21277225	0	27141056	8346204
1788454457	77000	21281432	21277225	0	27141196	8346204
1788454458	71000	21281432	21277225	0	27141812	8346204
1788454459	76000	21281432	21277236	0	27142064	8346204
1788454461	79000	21281432	21277223	0	27140956	8346204
1788454462	75000	21281432	21277227	0	27140956	8346204
1788454463	82000	21281432	21277227	0	27141460	8346204
1788454464	79000	21281432	21277228	0	27141460	8346204
1788454465	79000	21281432	21277235	0	27141460	8346204
1788454466	79000	21281432	21277227	0	27141620	8346204
1788454467	77000	21281432	21277226	0	27141016	8346204
1788454469	76000	21281432	21277233	0	27140512	8346204
1788454470	80000	21281432	21277225	0	27140556	8346204
1788454471	82000	21281432	21277226	0	27140808	8346204
1788454472	82000	21281432	21277224	0	27140260	8346204
1788454473	79000	21281432	21277227	0	27140524	8346204
1788454474	78000	21281432	21277233	0	27140776	8346204
1788454475	78000	21281432	21277223	0	27140740	8346204
1788454477	79000	21281432	21277227	0	27140096	8346204
1788454478	82000	21281432	21277238	0	27141104	8346204
1788454479	76000	21281432	21277237	0	27140624	8346204
1788454480	80000	21281432	21277225	0	27140876	8346204
1788454481	80000	21281432	21277235	0	27140876	8346204
1788454482	83000	21281432	21277228	0	27140876	8346204
1788454483	82000	21281432	21277227	0	27140624	8346204
1788454485	79000	21281432	21277226	0	27140408	8346204
1788454486	83000	21281432	21277225	0	27140196	8346204
1788454487	80000	21281432	21277237	0	27140012	8346204
1788454488	80000	21281432	21277224	0	27139888	8346204
1788454489	79000	21281432	21277226	0	27140140	8346204
1788454490	90000	21281432	21277225	0	27140012	8346204
1788454491	90000	21281432	21277233	0	27140028	8346204
1788454492	88000	21281432	21277224	0	27142448	8346204
1788454494	90000	21281432	21277226	0	27143284	8346204
1788454495	90000	21281432	21277223	0	27143056	8346204
1788454496	92000	21281432	21277230	0	27143064	8346204
1788454497	89000	21281432	21277228	0	27143204	8346204
1788454498	90000	21281432	21277237	0	27142692	8346204
1788454499	91000	21281432	21277225	0	27142944	8346204
1788454500	92000	21281432	21277225	0	27142596	8346204
1788454502	85000	21281432	21277225	0	27142848	8346204
1788454503	90000	21281432	21277228	0	27143988	8346204
1788454504	89000	21281432	21277233	0	27144468	8346204
1788454505	91000	21281432	21277227	0	27143740	8346204
1788454506	90000	21281432	21277237	0	27143488	8346204
1788454507	79000	21281432	21277223	0	27142896	8346204
1788454508	89000	21281432	21277223	0	27142756	8346204
1788454510	90000	21281432	21277225	0	27142504	8346204
1788454511	80000	21281432	21277225	0	27142140	8346204
1788454512	79000	21281432	21277225	0	27142504	8346204
1788454513	82000	21281432	21277235	0	27142236	8346204
1788454514	79000	21281432	21277235	0	27142580	8346204
1788454515	78000	21281432	21277228	0	27142116	8346204
1788454516	82000	21281432	21277225	0	27141988	8346204
1788454517	80000	21281432	21277233	0	27142700	8346204
1788454519	80000	21281432	21277233	0	27142952	8346204
1788454520	79000	21281432	21277225	0	27141720	8346204
1788454521	79000	21281432	21277227	0	27141704	8346204
1788454522	79000	21281432	21277230	0	27142248	8346204
1788454523	82000	21281432	21277225	0	27142500	8346204
1788454524	76000	21281432	21277224	0	27142752	8346204
1788454525	79000	21281432	21277225	0	27142612	8346204
1788454527	79000	21281432	21277224	0	27142264	8346204
1788454528	80000	21281432	21277236	0	27143112	8346204
1788454529	80000	21281432	21277238	0	27142348	8346204
1788454530	79000	21281432	21277223	0	27141856	8346204
1788454531	86000	21281432	21277223	0	27141960	8346204
1788454532	88000	21281432	21277225	0	27142260	8346204
1788454533	90000	21281432	21277223	0	27142760	8346204
1788454535	90000	21281432	21277228	0	27141864	8346204
1788454536	91000	21281432	21277230	0	27141880	8346204
1788454537	85000	21281432	21277238	0	27142228	8346204
1788454538	90000	21281432	21277233	0	27141988	8346204
1788454539	91000	21281432	21277230	0	27142352	8346204
1788454540	80000	21281432	21277237	0	27142164	8346204
1788454541	83000	21281432	21277225	0	27142416	8346204
1788454543	83000	21281432	21277223	0	27142556	8346204
1788454544	83000	21281432	21277226	0	27142460	8346204
1788454545	82000	21281432	21277224	0	27142492	8346204
1788454546	83000	21281432	21277223	0	27142700	8346204
1788454547	77000	21281432	21277227	0	27142348	8346204
1788454548	79000	21281432	21277238	0	27141592	8346204
1788454549	80000	21281432	21277224	0	27141592	8346204
1788454550	82000	21281432	21277225	0	27141340	8346204
1788454552	83000	21281432	21277235	0	27141592	8346204
1788454553	80000	21281432	21277225	0	27141100	8346204
1788454554	83000	21281432	21277225	0	27141284	8346204
1788454555	79000	21281432	21277236	0	27141204	8346204
1788454556	76000	21281432	21277235	0	27141820	8346204
1788454557	79000	21281432	21277225	0	27142132	8346204
1788454558	83000	21281432	21277228	0	27141604	8346204
1788454560	78000	21281432	21277237	0	27141536	8346204
1788454561	79000	21281432	21277230	0	27141364	8346204
1788454562	82000	21281432	21277223	0	27141428	8346204
1788454563	80000	21281432	21277227	0	27141304	8346204
1788454564	82000	21281432	21277225	0	27141556	8346204
1788454565	80000	21281432	21277225	0	27141316	8346204
1788454566	79000	21281432	21277223	0	27141732	8346204
1788454568	76000	21281432	21277225	0	27141964	8346204
1788454569	77000	21281432	21277247	0	27134264	8346236
1788454570	73000	21281432	21277236	0	27134112	8346324
1788454571	79000	21281432	21277234	0	27133656	8346324
1788454572	80000	21281432	21277237	0	27132900	8346324
1788454573	83000	21281432	21277237	0	27132136	8346324
1788454574	76000	21281432	21277248	0	27131380	8346324
1788454576	77000	21281432	21277235	0	27130512	8346480
1788454577	79000	21281432	21277244	0	27130336	8346480
1788454578	76000	21281432	21277236	0	27128320	8346480
1788454579	76000	21281432	21277234	0	27128320	8346480
1788454580	76000	21281432	21277243	0	27128180	8346480
1788454581	79000	21281432	21277248	0	27127932	8346480
1788454582	74000	21281432	21277245	0	27127316	8346480
1788454583	77000	21281432	21277237	0	27128216	8346480
1788454585	90000	21281432	21277222	0	27128340	8346480
1788454586	90000	21281432	21277224	0	27128956	8346480
1788454587	82000	21281432	21277235	0	27128956	8346480
1788454588	78000	21281432	21277226	0	27129068	8346480
1788454589	80000	21281432	21277231	0	27129020	8346480
1788454590	80000	21281432	21277234	0	27128652	8346480
1788454591	80000	21281432	21277226	0	27129044	8346480
1788454593	80000	21281432	21277224	0	27128148	8346480
1788454594	79000	21281432	21277228	0	27128148	8346480
1788454595	82000	21281432	21277233	0	27129972	8346480
1788454596	82000	21281432	21277235	0	27130028	8346480
1788454597	80000	21281432	21277221	0	27130236	8346480
1788454598	80000	21281432	21277224	0	27129960	8346480
1788454599	82000	21281432	21277235	0	27130028	8346480
1788454601	80000	21281432	21277223	0	27130620	8346480
1788454602	80000	21281432	21277223	0	27130888	8346480
1788454603	76000	21281432	21277224	0	27130416	8346480
1788454604	79000	21281432	21277223	0	27130528	8346480
1788454605	74000	21281432	21277228	0	27131896	8346480
1788454606	76000	21281432	21277218	0	27131720	8346480
1788454607	77000	21281432	21277216	0	27131488	8346480
1788454609	76000	21281432	21277226	0	27131692	8346480
1788454610	79000	21281432	21277224	0	27130716	8346480
1788454611	76000	21281432	21277216	0	27131008	8346480
1788454612	77000	21281432	21277227	0	27130296	8346480
1788454613	79000	21281432	21277215	0	27130324	8346480
1788454614	90000	21281432	21277229	0	27130568	8346480
1788454615	80000	21281432	21277214	0	27130912	8346480
1788454617	80000	21281432	21277229	0	27131172	8346480
1788454618	80000	21281432	21277217	0	27131120	8346480
1788454619	79000	21281432	21277217	0	27130000	8346480
1788454620	80000	21281432	21277214	0	27129888	8346480
1788454621	79000	21281432	21277216	0	27129888	8346480
1788454622	80000	21281432	21277226	0	27129928	8346480
1788454623	83000	21281432	21277214	0	27130584	8346480
1788454624	85000	21281432	21277215	0	27130948	8346480
1788454626	83000	21281432	21277215	0	27130924	8346480
1788454627	85000	21281432	21277224	0	27129952	8346480
1788454628	85000	21281432	21277224	0	27130472	8346480
1788454629	82000	21281432	21277218	0	27130536	8346480
1788454630	91000	21281432	21277219	0	27130900	8346480
1788454631	76000	21281432	21277226	0	27130704	8346480
1788454632	58000	21281432	21277341	0	27130928	8346480
1788454634	58000	21281432	21277355	0	27130856	8346480
1788454635	55000	21281432	21277347	0	27131116	8346480
1788454636	57000	21281432	21277341	0	27130384	8346480
1788454637	55000	21281432	21277344	0	27128568	8346488
1788454638	55000	21281432	21277355	0	27129276	8346488
1788454639	55000	21281432	21277342	0	27129640	8346488
1788454641	55000	21281432	21277340	0	27129320	8346488
1788454642	55000	21281432	21277351	0	27129068	8346488
1788454643	54000	21281432	21277355	0	27128636	8346488
1788454644	54000	21281432	21277342	0	27128888	8346488
1788454645	54000	21281432	21277341	0	27128888	8346488
1788454646	53000	21281432	21277353	0	27129412	8346488
1788454648	54000	21281432	21277342	0	27129164	8346488
1788454649	54000	21281432	21277341	0	27128924	8346488
1788454650	54000	21281432	21277344	0	27128820	8346488
1788454651	53000	21281432	21277341	0	27128316	8346488
1788454652	53000	21281432	21277341	0	27128624	8346488
1788454653	53000	21281432	21277343	0	27128876	8346488
1788454655	53000	21281432	21277343	0	27129448	8346488
1788454656	52000	21281432	21277346	0	27131468	8346488
1788454657	75000	20821932	20817721	0	27591984	8346488
1788454658	74000	20821932	20817723	0	27591116	8346488
1788454659	81000	20821932	20817723	0	27590724	8346488
1788454660	82000	20821932	20817720	0	27590472	8346488
1788454661	82000	20821932	20817723	0	27589968	8346488
1788454663	76000	20821932	20817719	0	27589464	8346488
1788454664	81000	20821932	20817721	0	27588860	8346488
1788454665	83000	20821932	20817720	0	27589328	8346488
1788454666	77000	20821932	20817734	0	27595064	8346488
1788454667	76000	20821932	20817732	0	27593592	8346488
1788454668	79000	20821932	20817721	0	27593144	8346488
1788454669	79000	20821932	20817732	0	27592752	8346488
1788454670	79000	20821932	20817723	0	27592500	8346488
1788454672	78000	20821932	20817732	0	27591632	8346488
1788454673	77000	20821932	20817724	0	27591504	8346488
1788454674	78000	20821932	20817723	0	27591392	8346488
1788454675	74000	20821932	20817723	0	27591456	8346488
1788454676	75000	20821932	20817734	0	27591564	8346488
1788454677	76000	20821932	20817723	0	27591192	8346488
1788454678	73000	20821932	20817723	0	27591740	8346488
1788454679	75000	20821932	20817720	0	27591124	8346488
1788454681	75000	20821932	20817720	0	27590640	8346488
1788454682	74000	20821932	20817719	0	27590248	8346488
1788454683	76000	20821932	20817730	0	27589380	8346488
1788454684	74000	20821932	20817721	0	27589240	8346488
1788454685	76000	20822056	20817856	0	27589604	8346488
1788454686	75000	20975276	20971064	0	27435856	8346488
1788454687	77000	20975276	20971064	0	27434876	8346488
1788454689	76000	20975276	20971063	0	27434748	8346488
1788454690	76000	20975276	20971077	0	27434608	8346488
1788454691	76000	20975276	20971065	0	27433852	8346488
1788454692	76000	20975276	20971067	0	27433360	8346488
1788454693	75000	20975276	20971063	0	27434308	8346488
1788454694	77000	20975276	20971070	0	27434008	8346488
1788454695	79000	20975276	20971065	0	27433012	8346488
1788454696	75000	20975276	20971070	0	27432776	8346488
1788454698	75000	20975276	20971070	0	27433800	8346488
1788454699	77000	20975276	20971065	0	27434360	8346488
1788454700	77000	20975276	20971067	0	27435040	8346488
1788454701	83000	20975276	20971064	0	27435456	8346488
1788454702	91000	20975276	20971063	0	27435512	8346492
1788454703	85000	20975276	20971068	0	27436016	8346492
1788454704	91000	20975276	20971064	0	27435036	8346492
1788454706	91000	20975276	20971065	0	27435112	8346492
1788454707	78000	20975276	20971064	0	27436016	8346492
1788454708	80000	20975276	20971078	0	27435312	8346492
1788454709	80000	20975276	20971066	0	27435564	8346492
1788454710	80000	20975276	20971065	0	27435072	8346492
1788454711	82000	20975276	20971076	0	27434912	8346492
1788454712	82000	20975276	20971077	0	27434912	8346492
1788454713	82000	20975276	20971063	0	27434296	8346492
1788454715	83000	20975276	20971077	0	27434156	8346492
1788454716	82000	20975276	20971068	0	27434520	8346492
1788454717	75000	20975276	20971065	0	27433600	8346492
1788454718	79000	20975276	20971063	0	27433536	8346492
1788454719	75000	20975276	20971067	0	27433900	8346492
1788454720	91000	20975276	20971076	0	27433916	8346492
1788454721	91000	20975276	20971063	0	27433424	8346492
1788454723	89000	20975276	20971076	0	27433296	8346492
1788454724	91000	20975276	20971070	0	27432932	8346492
1788454725	89000	20975276	20971063	0	27433044	8346492
1788454726	88000	20975276	20971076	0	27432976	8346492
1788454727	89000	20975276	20971068	0	27433208	8346492
1788454728	88000	20975276	20971067	0	27432704	8346492
1788454729	89000	20975276	20971065	0	27433104	8346492
1788454730	89000	20975276	20971076	0	27432800	8346492
1788454732	80000	20975276	20971067	0	27432488	8346492
1788454733	90000	20975276	20971065	0	27432108	8346492
1788454734	90000	20975276	20971067	0	27431540	8346492
1788454735	90000	20975276	20971063	0	27431172	8346492
1788454736	80000	20975276	20971076	0	27431064	8346492
1788454737	79000	20975276	20971070	0	27431228	8346492
1788454738	78000	20975276	20971068	0	27431776	8346492
1788454739	79000	20975276	20971076	0	27431272	8346492
1788454741	79000	20975276	20971076	0	27431748	8346492
1788454742	79000	20975276	20971064	0	27430264	8346492
1788454743	79000	20975276	20971076	0	27430796	8346492
1788454744	78000	20975276	20971065	0	27431188	8346492
1788454745	82000	20975276	20971070	0	27431440	8346492
1788454746	82000	20975276	20971063	0	27431948	8346492
1788454747	83000	20975276	20971076	0	27431960	8346492
1788454749	83000	20975276	20971065	0	27432324	8346492
1788454750	83000	20975276	20971067	0	27432412	8346496
1788454751	82000	20975276	20971067	0	27432292	8346496
1788454752	82000	20975276	20971066	0	27432292	8346496
1788454753	76000	20975276	20971067	0	27432292	8346496
1788454754	77000	20975276	20971064	0	27432544	8346496
1788454755	76000	21128496	21124297	0	27272596	8346496
1788454756	74000	21128496	21124285	0	27272704	8346496
1788454758	74000	21128496	21124286	0	27270864	8346496
1788454759	71000	21128496	21124297	0	27271440	8346496
1788454760	75000	21128496	21124287	0	27271484	8346496
1788454761	89000	21128496	21124294	0	27271492	8346496
1788454762	90000	21128496	21124284	0	27277448	8346496
1788454763	90000	21128496	21124287	0	27277200	8346496
1788454764	88000	21128496	21124283	0	27277008	8346496
1788454766	86000	21128496	21124297	0	27276768	8346496
1788454767	89000	21128496	21124286	0	27276404	8346496
1788454768	90000	21128496	21124285	0	27275740	8346496
1788454769	78000	21128496	21124286	0	27275852	8346496
1788454770	77000	21128496	21124290	0	27276184	8346496
1788454771	80000	21128496	21124285	0	27276548	8346496
1788454772	77000	21128496	21124285	0	27276576	8346496
1788454774	80000	21128496	21124284	0	27276160	8346496
1788454775	76000	21128496	21124285	0	27276636	8346496
1788454776	80000	21128496	21124285	0	27276320	8346496
1788454777	76000	21128496	21124297	0	27276320	8346496
1788454778	79000	21128496	21124285	0	27276396	8346496
1788454779	80000	21128496	21124283	0	27275780	8346496
1788454780	78000	21128496	21124286	0	27276808	8346496
1788454781	79000	21128496	21124287	0	27276332	8346496
1788454783	76000	21128496	21124283	0	27275648	8346496
1788454784	79000	21128496	21124290	0	27275824	8346496
1788454785	78000	21128496	21124296	0	27275584	8346496
1788454786	82000	21128496	21124297	0	27275332	8346496
1788454787	77000	21128496	21124286	0	27275304	8346496
1788454788	79000	21128496	21124285	0	27276448	8346496
1788454789	79000	21128496	21124283	0	27277272	8346496
1788454791	78000	21128496	21124287	0	27278156	8346496
1788454792	79000	21128496	21124285	0	27278292	8346496
1788454793	79000	21128496	21124286	0	27278768	8346496
1788454794	82000	21128496	21124284	0	27278580	8346496
1788454795	76000	21128496	21124296	0	27278268	8346496
1788454796	79000	21128496	21124298	0	27277816	8346496
1788454797	79000	21128496	21124296	0	27277564	8346496
1788454799	80000	21128496	21124297	0	27277916	8346496
1788454800	78000	21128496	21124286	0	27277412	8346496
1788454801	78000	21128496	21124286	0	27276656	8346496
1788454802	78000	21128496	21124285	0	27276404	8346496
1788454803	79000	21128496	21124285	0	27276152	8346496
1788454804	79000	21128496	21124288	0	27276152	8346496
1788454805	79000	21128496	21124286	0	27276152	8346496
1788454807	79000	21128496	21124285	0	27275900	8346496
1788454808	82000	21128496	21124285	0	27276092	8346496
1788454809	78000	21128496	21124284	0	27275712	8346496
1788454810	78000	21128496	21124285	0	27275068	8346496
1788454811	79000	21128496	21124288	0	27274200	8346496
1788454812	80000	21128496	21124285	0	27274140	8346496
1788454813	76000	21128496	21124294	0	27273524	8346496
1788454814	79000	21128496	21124285	0	27274012	8346496
1788454816	78000	21128496	21124296	0	27273612	8346496
1788454817	80000	21128496	21124288	0	27273220	8346496
1788454818	82000	21128496	21124294	0	27273340	8346496
1788454819	79000	21128496	21124294	0	27273212	8346496
1788454820	79000	21128496	21124288	0	27273208	8346496
1788454821	78000	21128496	21124287	0	27273784	8346500
1788454822	83000	21128496	21124274	0	27272852	8346500
1788454824	80000	21128496	21124273	0	27272780	8346500
1788454825	78000	21128496	21124287	0	27272892	8346500
1788454826	82000	21128496	21124274	0	27272892	8346500
1788454827	90000	21128496	21124273	0	27274232	8346500
1788454828	90000	21128496	21124274	0	27273528	8346500
1788454829	89000	21128496	21124273	0	27273188	8346500
1788454830	90000	21128496	21124285	0	27272572	8346500
1788454832	90000	21128496	21124296	0	27272504	8346500
1788454833	76000	21128496	21124297	0	27272412	8346500
1788454834	76000	21128496	21124296	0	27272284	8346500
1788454835	82000	21128496	21124285	0	27272032	8346500
1788454836	86000	21128496	21124286	0	27272408	8346500
1788454837	83000	21128496	21124296	0	27272352	8346500
1788454838	82000	21128496	21124287	0	27271120	8346500
1788454839	80000	21128496	21124297	0	27271776	8346500
1788454841	79000	21128496	21124284	0	27271356	8346500
1788454842	74000	21128496	21124285	0	27271580	8346500
1788454843	79000	21128496	21124287	0	27270940	8346500
1788454844	80000	21128496	21124297	0	27271340	8346500
1788454845	80000	21128496	21124285	0	27271324	8346500
1788454846	80000	21128496	21124298	0	27271436	8346500
1788454847	78000	21128496	21124285	0	27272412	8346500
1788454849	79000	21128496	21124287	0	27272160	8346500
1788454850	86000	21128496	21124287	0	27272168	8346500
1788454851	77000	21128496	21124288	0	27272220	8346500
1788454852	73000	21128496	21124283	0	27271980	8346500
1788454853	90000	21128496	21124286	0	27272484	8346500
1788454854	91000	21128496	21124294	0	27273040	8346500
1788454855	88000	21128496	21124286	0	27273040	8346500
1788454857	90000	21128496	21124285	0	27273048	8346500
1788454858	89000	21128496	21124285	0	27272060	8346500
1788454859	90000	21128496	21124287	0	27270800	8346500
1788454860	90000	21128496	21124298	0	27269728	8346500
1788454861	75000	21128496	21124296	0	27270280	8346500
1788454862	77000	21128496	21124288	0	27270784	8346500
1788454863	77000	21128496	21124285	0	27271068	8346500
1788454864	76000	21128496	21124298	0	27271468	8346500
1788454866	77000	21128496	21124284	0	27271972	8346500
1788454867	74000	21128496	21124290	0	27271172	8346500
1788454868	76000	21128496	21124286	0	27271652	8346500
1788454869	77000	21128496	21124296	0	27271224	8346500
1788454870	73000	21128496	21124298	0	27271224	8346500
1788454871	74000	21128496	21124285	0	27272092	8346500
1788454872	79000	21128496	21124288	0	27271712	8346500
1788454874	76000	21128496	21124285	0	27271852	8346500
1788454875	76000	21128496	21124285	0	27271460	8346500
1788454876	76000	21128496	21124285	0	27271208	8346500
1788454877	77000	21128496	21124284	0	27271376	8346500
1788454878	77000	21128496	21124284	0	27271376	8346500
1788454879	77000	21128496	21124285	0	27270960	8346500
1788454880	73000	21128496	21124285	0	27271772	8346500
1788454882	76000	21128496	21124288	0	27271612	8346500
1788454883	90000	21128496	21124283	0	27271796	8346500
1788454884	90000	21128496	21124294	0	27271432	8346500
1788454885	90000	21128496	21124297	0	27271488	8346500
1788454886	89000	21128496	21124287	0	27275908	8346500
1788454887	90000	21128496	21124288	0	27275788	8346500
1788454888	90000	21128496	21124298	0	27275972	8346500
1788454890	91000	21128496	21124294	0	27276084	8346500
1788454891	85000	21128496	21124287	0	27275448	8346500
1788454892	90000	21128496	21124283	0	27276512	8346500
1788454893	90000	21128496	21124290	0	27276260	8346500
1788454894	77000	21128496	21124283	0	27275696	8346500
1788454895	79000	21128496	21124288	0	27275360	8346500
1788454896	76000	21128496	21124285	0	27275364	8346500
1788454897	77000	21128496	21124288	0	27275252	8346500
1788454899	76000	21128496	21124283	0	27274888	8346500
1788454900	76000	21128496	21124297	0	27275140	8346504
1788454901	79000	21128496	21124299	0	27275900	8346504
1788454902	83000	21128496	21124283	0	27275900	8346504
1788454903	92000	21128496	21124288	0	27276012	8346504
1788454904	90000	21128496	21124285	0	27276416	8346504
1788454905	91000	21128496	21124296	0	27276436	8346504
1788454907	90000	21128496	21124290	0	27277484	8346504
1788454908	90000	21128496	21124286	0	27276992	8346504
1788454909	76000	21128496	21124285	0	27277100	8346504
1788454910	79000	21128496	21124296	0	27276344	8346504
1788454911	77000	21128496	21124288	0	27276348	8346504
1788454912	77000	21128496	21124285	0	27276532	8346504
1788454913	80000	21128496	21124284	0	27276696	8346504
1788454915	79000	21128496	21124283	0	27277184	8346504
1788454916	77000	21128496	21124287	0	27277160	8346504
1788454917	76000	21128496	21124294	0	27276792	8346504
1788454918	76000	21128496	21124299	0	27277484	8346504
1788454919	90000	21128496	21124284	0	27277232	8346504
1788454920	90000	21128496	21124288	0	27276616	8346504
1788454921	90000	21128496	21124298	0	27276336	8346504
1788454923	91000	21128496	21124284	0	27276460	8346504
1788454924	90000	21128496	21124297	0	27277000	8346504
1788454925	88000	21128496	21124285	0	27277304	8346504
1788454926	91000	21128496	21124297	0	27277052	8346504
1788454927	90000	21128496	21124284	0	27276904	8346504
1788454928	78000	21128496	21124294	0	27276280	8346504
1788454929	80000	21128496	21124286	0	27276296	8346504
1788454930	79000	21128496	21124299	0	27275804	8346504
1788454932	82000	21128496	21124294	0	27276072	8346504
1788454933	80000	21128496	21124284	0	27276908	8346504
1788454934	83000	21128496	21124286	0	27276676	8346504
1788454935	79000	21128496	21124288	0	27276676	8346504
1788454936	79000	21128496	21124285	0	27276428	8346504
1788454937	79000	21128496	21124294	0	27276952	8346504
1788454938	78000	21128496	21124294	0	27277592	8346504
1788454940	77000	21128496	21124294	0	27277280	8346504
1788454941	80000	21128496	21124285	0	27277992	8346504
1788454942	82000	21128496	21124290	0	27277740	8346504
1788454943	82000	21128496	21124294	0	27277136	8346504
1788454944	79000	21128496	21124286	0	27276632	8346504
1788454945	79000	21128496	21124284	0	27276652	8346504
1788454946	80000	21128496	21124284	0	27276652	8346504
1788454948	80000	21128496	21124299	0	27276400	8346504
1788454949	80000	21128496	21124294	0	27276148	8346504
1788454950	78000	21128496	21124290	0	27276512	8346504
1788454951	80000	21128496	21124296	0	27276400	8346504
1788454952	78000	21128496	21124298	0	27276772	8346504
1788454953	83000	21128496	21124286	0	27276268	8346504
1788454954	82000	21128496	21124296	0	27275764	8346504
1788454955	80000	21128496	21124297	0	27276380	8346504
1788454957	80000	21128496	21124293	0	27276840	8346504
1788454958	80000	21128496	21124290	0	27276448	8346504
1788454959	82000	21128496	21124289	0	27276088	8346504
1788454960	76000	21128496	21124295	0	27276428	8346504
1788454961	80000	21128496	21124288	0	27276680	8346504
1788454962	80000	21128496	21124288	0	27276836	8346504
1788454963	82000	21128496	21124288	0	27277636	8346504
1788454965	78000	21128496	21124292	0	27277912	8346504
1788454966	80000	21128496	21124299	0	27277856	8346504
1788454967	80000	21128496	21124301	0	27277224	8346504
1788454968	80000	21128496	21124290	0	27276884	8346504
1788454969	83000	21128496	21124303	0	27276744	8346504
1788454970	77000	21128496	21124288	0	27277360	8346504
1788454971	80000	21128496	21124303	0	27277472	8346504
1788454973	79000	21128496	21124290	0	27276892	8346504
1788454974	83000	21128496	21124299	0	27277608	8346504
1788454975	82000	21128496	21124292	0	27277496	8346504
1788454976	79000	21128496	21124302	0	27277896	8346504
1788454977	80000	21128496	21124289	0	27277896	8346504
1788454978	82000	21128496	21124293	0	27278932	8346504
1788454979	86000	21128496	21124290	0	27278568	8346504
1788454981	74000	21128496	21124303	0	27278868	8346504
1788454982	77000	21128496	21124290	0	27279008	8346504
1788454983	78000	21128496	21124290	0	27279008	8346504
1788454984	77000	21128496	21124304	0	27279268	8346504
1788454985	77000	21128496	21124301	0	27279268	8346504
1788454986	74000	21128496	21124303	0	27279636	8346504
1788454987	75000	21128496	21124293	0	27279880	8346504
1788454988	76000	21128496	21124289	0	27281188	8346504
1788454990	79000	21128496	21124301	0	27281068	8346504
1788454991	75000	21128496	21124289	0	27281068	8346504
1788454992	77000	21128496	21124292	0	27280576	8346504
1788454993	77000	21128496	21124288	0	27280800	8346504
1788454994	79000	21128496	21124293	0	27280800	8346504
1788454995	77000	21128496	21124289	0	27280548	8346504
1788454996	76000	21128496	21124299	0	27280184	8346504
1788454998	77000	21128496	21124304	0	27279804	8346504
1788454999	77000	21128496	21124299	0	27279160	8346504
1788455000	79000	21128496	21124302	0	27279152	8346504
1788455001	81000	21128496	21124301	0	27279152	8346504
1788455002	85000	21128496	21124302	0	27278676	8346504
1788455003	82000	21128496	21124292	0	27279084	8346504
1788455004	85000	21128496	21124302	0	27279036	8346504
1788455006	87000	21128496	21124288	0	27279160	8346504
1788455007	82000	21128496	21124304	0	27279184	8346504
1788455008	86000	21128496	21124293	0	27278932	8346504
1788455009	83000	21128496	21124289	0	27277936	8346504
1788455010	86000	21128496	21124299	0	27278852	8346504
1788455011	76000	21128496	21124289	0	27278808	8346504
1788455012	82000	21128496	21124288	0	27279060	8346504
1788455013	83000	21128496	21124304	0	27279060	8346504
1788455015	82000	21128496	21124289	0	27278920	8346504
1788455016	83000	21128496	21124304	0	27278820	8346504
1788455017	80000	21128496	21124303	0	27279260	8346504
1788455018	83000	21128496	21124303	0	27279548	8346504
1788455019	80000	21128496	21124290	0	27279532	8346504
1788455020	82000	21128496	21124290	0	27278788	8346504
1788455021	80000	21128496	21124293	0	27278536	8346504
1788455023	79000	21128496	21124290	0	27278048	8346504
1788455024	82000	21128496	21124290	0	27277796	8346504
1788455025	82000	21128496	21124290	0	27277808	8346504
1788455026	83000	21128496	21124304	0	27277952	8346504
1788455027	80000	21128496	21124303	0	27278760	8346504
1788455028	80000	21128496	21124290	0	27278536	8346504
1788455029	79000	21128496	21124304	0	27279068	8346504
1788455031	80000	21128496	21124302	0	27278088	8346504
1788455032	80000	21128496	21124290	0	27278072	8346504
1788455033	78000	21128496	21124291	0	27278084	8346504
1788455034	82000	21128496	21124292	0	27278136	8346504
1788455035	80000	21128496	21124295	0	27278500	8346504
1788455036	80000	21128496	21124303	0	27278688	8346504
1788455037	80000	21128496	21124290	0	27278272	8346504
1788455039	83000	21128496	21124303	0	27278696	8346504
1788455040	80000	21128496	21124290	0	27278696	8346504
1788455041	80000	21128496	21124289	0	27279244	8346504
1788455042	80000	21128496	21124290	0	27279224	8346504
1788455043	82000	21128496	21124293	0	27279048	8346504
1788455044	79000	21128496	21124301	0	27279180	8346504
1788455045	79000	21128496	21124288	0	27279584	8346504
1788455046	82000	21128496	21124288	0	27279080	8346504
1788455048	79000	21128496	21124301	0	27278700	8346504
1788455049	79000	21128496	21124299	0	27278668	8346504
1788455050	79000	21128496	21124289	0	27279172	8346504
1788455051	80000	21128496	21124290	0	27279172	8346504
1788455052	80000	21128496	21124290	0	27279356	8346504
1788455053	83000	21128496	21124289	0	27278548	8346504
1788455054	76000	21128496	21124295	0	27278948	8346504
1788455056	80000	21128496	21124303	0	27278852	8346504
1788455057	82000	21128496	21124291	0	27278760	8346504
1788455058	80000	21128496	21124303	0	27278872	8346504
1788455059	82000	21128496	21124289	0	27279848	8346504
1788455060	83000	21128496	21124295	0	27279736	8346504
1788455061	85000	21128496	21124290	0	27280276	8346504
1788455062	83000	21128496	21124290	0	27280024	8346504
1788455063	86000	21128496	21124292	0	27279520	8346504
1788455065	81000	21128496	21124292	0	27280024	8346504
1788455066	83000	21128496	21124304	0	27280028	8346504
1788455067	85000	21128496	21124289	0	27280072	8346504
1788455068	86000	21128496	21124290	0	27280040	8346504
1788455069	85000	21128496	21124291	0	27280012	8346504
1788455070	83000	21128496	21124289	0	27279476	8346504
1788455071	85000	21128496	21124302	0	27278580	8346504
1788455073	83000	21128496	21124290	0	27278692	8346504
1788455074	86000	21128496	21124292	0	27279732	8346504
1788455075	81000	21128496	21124304	0	27279508	8346504
1788455076	82000	21128496	21124292	0	27279380	8346504
1788455077	82000	21128496	21124293	0	27279240	8346504
1788455078	82000	21128496	21124289	0	27279744	8346504
1788455079	86000	21128496	21124289	0	27279596	8346504
1788455081	76000	21128496	21124301	0	27279864	8346504
1788455082	82000	21128496	21124289	0	27279984	8346504
1788455083	79000	21128496	21124302	0	27280240	8346504
1788455084	80000	21128496	21124292	0	27278800	8346504
1788455085	80000	21128496	21124290	0	27278876	8346504
1788455086	91000	21128496	21124289	0	27278376	8346504
1788455087	91000	21128496	21124293	0	27277760	8346504
1788455089	90000	21128496	21124290	0	27278024	8346504
1788455090	92000	21128496	21124292	0	27278764	8346504
1788455091	77000	21128496	21124292	0	27278724	8346504
1788455092	77000	21128496	21124295	0	27278220	8346504
1788455093	76000	21128496	21124289	0	27277772	8346504
1788455094	77000	21128496	21124303	0	27278448	8346504
1788455095	77000	21128496	21124289	0	27278336	8346504
1788455096	80000	21128496	21124303	0	27278336	8346504
1788455098	77000	21128496	21124291	0	27278840	8346504
1788455099	79000	21128496	21124301	0	27278588	8346504
1788455100	79000	21128496	21124293	0	27277844	8346504
1788455101	79000	21128496	21124301	0	27278392	8346504
1788455102	82000	21128496	21124295	0	27278160	8346504
1788455103	79000	21128496	21124290	0	27278144	8346504
1788455104	79000	21128496	21124289	0	27278324	8346504
1788455106	80000	21128496	21124299	0	27278704	8346504
1788455107	83000	21128496	21124290	0	27278564	8346504
1788455108	78000	21128496	21124304	0	27277960	8346504
1788455109	80000	21128496	21124290	0	27277708	8346504
1788455110	82000	21128496	21124288	0	27278384	8346504
1788455111	83000	21128496	21124289	0	27280392	8346504
1788455112	83000	21128496	21124288	0	27280540	8346504
1788455113	79000	21128496	21124290	0	27280696	8346504
1788455115	80000	21128496	21124292	0	27280568	8346504
1788455116	80000	21128496	21124302	0	27281116	8346504
1788455117	78000	21128496	21124302	0	27281080	8346504
1788455118	77000	21128496	21124290	0	27281760	8346504
1788455119	79000	21128496	21124290	0	27281804	8346504
1788455120	82000	21128496	21124288	0	27281584	8346504
1788455121	82000	21128496	21124288	0	27281584	8346504
1788455123	83000	21128496	21124291	0	27281564	8346504
1788455124	79000	21128496	21124293	0	27282220	8346504
1788455125	82000	21128496	21124289	0	27281464	8346504
1788455126	80000	21128496	21124290	0	27281212	8346504
1788455127	80000	21128496	21124292	0	27280960	8346504
1788455128	90000	21128496	21124299	0	27280456	8346504
1788455129	90000	21128496	21124304	0	27280204	8346504
1788455131	90000	21128496	21124292	0	27279196	8346504
1788455132	90000	21128496	21124302	0	27279196	8346504
1788455133	91000	21128496	21124288	0	27279488	8346504
1788455134	88000	21128496	21124302	0	27279068	8346504
1788455135	90000	21128496	21124302	0	27278692	8346504
1788455136	90000	21128496	21124290	0	27279024	8346504
1788455137	89000	21128496	21124288	0	27278920	8346504
1788455139	90000	21128496	21124293	0	27279172	8346504
1788455140	92000	21128496	21124302	0	27280180	8346504
1788455141	85000	21128496	21124293	0	27279088	8346504
1788455142	90000	21128496	21124302	0	27279424	8346504
1788455143	91000	21128496	21124291	0	27279364	8346504
1788455144	77000	21128496	21124292	0	27279824	8346504
1788455145	79000	21128496	21124289	0	27280328	8346504
1788455147	82000	21128496	21124299	0	27279836	8346504
1788455148	80000	21128496	21124299	0	27279496	8346504
1788455149	80000	21128496	21124302	0	27279980	8346504
1788455150	82000	21128496	21124291	0	27280204	8346504
1788455151	76000	21128496	21124290	0	27280456	8346504
1788455152	80000	21128496	21124289	0	27280572	8346504
1788455153	79000	21128496	21124290	0	27280340	8346504
1788455154	83000	21128496	21124304	0	27280816	8346504
1788455156	82000	21128496	21124295	0	27281212	8346504
1788455157	80000	21128496	21124290	0	27280456	8346504
1788455158	82000	21128496	21124290	0	27280708	8346504
1788455159	79000	21128496	21124290	0	27280468	8346504
1788455160	88000	21128496	21124295	0	27280216	8346504
1788455161	90000	21128496	21124302	0	27280460	8346504
1788455162	92000	21128496	21124295	0	27280320	8346504
1788455164	84000	21128496	21124292	0	27279340	8346504
1788455165	90000	21128496	21124299	0	27280104	8346504
1788455166	90000	21128496	21124304	0	27280516	8346504
1788455167	89000	21128496	21124304	0	27280308	8346504
1788455168	91000	21128496	21124289	0	27280108	8346504
1788455169	88000	21128496	21124290	0	27279716	8346504
1788455170	90000	21128496	21124304	0	27280244	8346504
1788455172	88000	21128496	21124302	0	27280860	8346508
1788455173	74000	21128496	21124290	0	27281196	8346508
1788455174	74000	21128496	21124289	0	27281308	8346508
1788455175	76000	21128496	21124293	0	27281000	8346508
1788455176	79000	21128496	21124303	0	27280496	8346508
1788455177	77000	21128496	21124289	0	27281116	8346508
1788455178	79000	21128496	21124290	0	27281264	8346508
1788455179	77000	21128496	21124289	0	27281420	8346508
1788455181	79000	21128496	21124291	0	27281584	8346508
1788455182	83000	21128496	21124297	0	27280376	8346508
1788455183	74000	21128496	21124299	0	27279536	8346516
1788455184	77000	21128496	21124299	0	27280052	8346516
1788455185	77000	21128496	21124303	0	27280072	8346516
1788455186	75000	21128496	21124297	0	27280072	8346516
1788455187	78000	21128496	21124312	0	27280664	8346516
1788455189	76000	21128496	21124300	0	27280512	8346516
1788455190	76000	21128496	21124303	0	27280876	8346516
1788455191	83000	21128496	21124297	0	27281536	8346516
1788455192	80000	21128496	21124300	0	27282100	8346516
1788455193	82000	21128496	21124312	0	27282464	8346516
1788455194	80000	21128496	21124300	0	27282168	8346516
1788455195	79000	21128496	21124303	0	27282168	8346516
1788455197	79000	21128496	21124310	0	27282308	8346516
1788455198	79000	21128496	21124298	0	27282168	8346516
1788455199	77000	21128496	21124297	0	27282280	8346516
1788455200	80000	21128496	21124298	0	27281584	8346516
1788455201	80000	21128496	21124298	0	27282088	8346516
1788455202	82000	21128496	21124298	0	27281836	8346516
1788455203	79000	21128496	21124309	0	27282520	8346516
1788455204	79000	21128496	21124297	0	27282780	8346516
1788455206	80000	21128496	21124297	0	27282192	8346516
1788455207	80000	21128496	21124301	0	27284180	8346516
1788455208	86000	21128496	21124289	0	27231956	8346516
1788455209	79000	21128496	21124288	0	27033936	8346004
1788455210	83000	21128496	21124286	0	27031036	8346004
1788455211	81000	21128496	21124300	0	26978688	8335492
1788455213	78000	21128496	21124287	0	26931700	8328828
1788455214	81000	21128496	21124290	0	26875944	8327708
1788455215	84000	21128496	21124289	0	26958236	8326580
1788455216	80000	21128496	21124292	0	26655704	8325720
1788455217	83000	21128496	21124292	0	26541852	8324896
1788455218	81000	21128496	21124300	0	26761652	8324896
1788455220	82000	21128496	21124292	0	26817652	8324112
1788455221	79000	21128496	21124286	0	26490268	8323308
1788455222	85000	21128496	21124284	0	26499928	8322584
1788455223	79000	21128496	21124295	0	26889080	8322080
1788455224	89000	21128496	21124284	0	26804944	8322080
1788455225	82000	21128496	21124288	0	26792008	8321604
1788455227	80000	21128496	21124300	0	26770112	8321384
1788455228	82000	21128496	21124287	0	26790852	8321384
1788455229	86000	21128496	21124298	0	26403196	8321156
1788455230	83000	21128496	21124287	0	26781532	8320924
1788455231	84000	21128496	21124285	0	26789200	8320688
1788455232	82000	21128496	21124299	0	26405624	8320460
1788455233	82000	21128496	21124285	0	26516532	8320236
1788455235	84000	21128496	21124287	0	26399996	8320236
1788455236	90000	21128496	21124289	0	26763044	8320016
1788455237	78000	21128496	21124295	0	26746392	8320016
1788455238	84000	21128496	21124292	0	26748772	8320016
1788455239	82000	21128496	21124284	0	26667252	8320016
1788455240	91000	21128496	21124297	0	26521296	8320016
1788455241	82000	21128496	21124290	0	26490496	8320016
1788455243	82000	21128496	21124293	0	26848596	8320020
1788455244	82000	21128496	21124288	0	26853112	8320020
1788455245	80000	21128496	21124290	0	26854976	8320020
1788455246	81000	21128496	21124303	0	26857992	8320020
1788455247	77000	21128496	21124288	0	26859504	8320020
1788455248	95000	21128496	21124292	0	26860144	8320020
1788455249	89000	21128496	21124291	0	26861604	8320020
1788455251	94000	21128496	21124303	0	26862868	8320020
1788455252	95000	21128496	21124289	0	26862640	8320020
1788455253	89000	21128496	21124293	0	26849156	8320020
1788455254	95000	21128496	21124293	0	26763892	8320020
1788455255	92000	21128496	21124293	0	26764520	8320020
1788455256	84000	21128496	21124301	0	26765444	8320020
1788455257	82000	21128496	21124295	0	26766636	8320020
1788455259	88000	21128496	21124282	0	26767312	8320020
1788455260	83000	21128496	21124285	0	26761860	8320020
1788455261	83000	21128496	21124289	0	26761876	8320020
1788455262	90000	21128496	21124292	0	26761652	8320020
1788455263	90000	21128496	21124285	0	26762048	8320020
1788455264	94000	21128496	21124281	0	26762368	8320020
1788455265	91000	21128496	21124283	0	26762840	8320020
1788455266	81000	21128496	21124286	0	26762784	8320020
1788455268	77000	21128496	21124295	0	26763740	8320020
1788455269	80000	21128496	21124297	0	26770256	8320020
1788455270	77000	21128496	21124295	0	26768832	8320020
1788455271	79000	21128496	21124286	0	26770184	8320020
1788455272	77000	21128496	21124285	0	26770932	8320020
1788455273	80000	21128496	21124289	0	26770940	8320020
1788455274	88000	21128496	21124281	0	26771584	8320020
1788455276	91000	21128496	21124282	0	26771696	8320020
1788455277	91000	21128496	21124282	0	26772408	8320020
1788455278	79000	21128496	21124297	0	26772940	8320020
1788455279	81000	21128496	21124282	0	26772832	8320020
1788455280	79000	21128496	21124294	0	26772328	8320020
1788455281	80000	21128496	21124286	0	26772636	8320020
1788455282	85000	21128496	21124285	0	26772636	8320020
1788455284	86000	21128496	21124282	0	26772636	8320020
1788455285	85000	21128496	21124294	0	26772644	8320020
1788455286	87000	21128496	21124294	0	26772900	8320020
1788455287	82000	21128496	21124294	0	26773640	8320020
1788455288	86000	21128496	21124282	0	26773796	8320020
1788455289	83000	21128496	21124294	0	26774300	8320020
1788455290	91000	21128496	21124282	0	26774048	8320020
1788455292	92000	21128496	21124289	0	26774300	8320020
1788455293	90000	21128496	21124289	0	26774552	8320020
1788455294	94000	21128496	21124282	0	26774828	8320020
1788455295	90000	21128496	21124289	0	26774852	8320020
1788455296	90000	21128496	21124285	0	26774648	8320020
1788455297	91000	21128496	21124284	0	26774660	8320020
1788455298	80000	21128496	21124285	0	26775644	8320024
1788455299	76000	21128496	21124285	0	26776008	8320024
1788455301	79000	21128496	21124294	0	26774688	8320028
1788455302	80000	21128496	21124285	0	26774808	8320028
1788455303	82000	21128496	21124286	0	26774436	8320028
1788455304	84000	21128496	21124285	0	26774340	8320028
1788455305	80000	21128496	21124285	0	26774676	8320028
1788455306	84000	21128496	21124281	0	26777832	8320028
1788455307	82000	21128496	21124285	0	26779184	8320028
1788455309	80000	21128496	21124289	0	26779600	8320032
1788455310	82000	21128496	21124297	0	26780796	8320032
1788455311	83000	21128496	21124285	0	26781728	8320032
1788455312	77000	21128496	21124285	0	26783036	8320032
1788455313	83000	21128496	21124296	0	26783512	8320032
1788455314	80000	21128496	21124295	0	26784244	8320032
1788455315	83000	21128496	21124289	0	26784284	8320032
1788455317	84000	21128496	21124283	0	26784372	8320032
1788455318	82000	21128496	21124289	0	26784904	8320032
1788455319	84000	21128496	21124283	0	26784584	8320032
1788455320	80000	21128496	21124285	0	26784644	8320032
1788455321	82000	21128496	21124282	0	26784716	8320032
1788455322	82000	21128496	21124282	0	26784648	8320032
1788455323	79000	21128496	21124282	0	26784900	8320032
1788455324	77000	21128496	21124286	0	26785340	8320032
1788455326	82000	21128496	21124286	0	26785592	8320032
1788455327	82000	21128496	21124284	0	26785532	8320032
1788455328	79000	21128496	21124289	0	26787056	8320032
1788455329	85000	21128496	21124297	0	26787044	8320032
1788455330	82000	21128496	21124286	0	26787912	8320036
1788455331	84000	21128496	21124294	0	26787216	8320036
1788455332	83000	21128496	21124289	0	26787592	8320036
1788455334	80000	21128496	21124283	0	26787080	8320036
1788455335	80000	21128496	21124285	0	26787396	8320036
1788455336	80000	21128496	21124295	0	26787396	8320036
1788455337	77000	21128496	21124289	0	26788000	8320036
1788455338	80000	21128496	21124282	0	26788000	8320036
1788455339	82000	21128496	21124284	0	26788256	8320036
1788455340	84000	21128496	21124297	0	26788268	8320036
1788455342	83000	21128496	21124292	0	26788632	8320036
1788455343	82000	21128496	21124296	0	26788772	8320036
1788455344	82000	21128496	21124286	0	26789528	8320036
1788455345	80000	21128496	21124294	0	26789252	8320036
1788455346	80000	21128496	21124283	0	26789696	8320036
1788455347	80000	21128496	21124285	0	26790340	8320036
1788455348	84000	21128496	21124283	0	26790120	8320036
1788455350	77000	21128496	21124295	0	26790516	8320036
1788455351	85000	21128496	21124285	0	26791260	8320036
1788455352	86000	21128496	21124295	0	26791000	8320036
1788455353	86000	21128496	21124285	0	26791084	8320036
1788455354	86000	21128496	21124286	0	26791452	8320036
1788455355	85000	21128496	21124285	0	26791956	8320036
1788455356	85000	21128496	21124289	0	26791416	8320036
1788455357	85000	21128496	21124285	0	26791456	8320036
1788455359	86000	21128496	21124282	0	26792044	8320036
1788455360	86000	21128496	21124285	0	26791796	8320036
1788455361	87000	21128496	21124292	0	26791716	8320036
1788455362	81000	21128496	21124285	0	26791812	8320036
1788455363	85000	21128496	21124282	0	26791344	8320036
1788455364	86000	21128496	21124286	0	26791628	8320036
1788455365	86000	21128496	21124281	0	26791900	8320036
1788455367	87000	21128496	21124285	0	26791760	8320036
1788455368	85000	21128496	21124296	0	26791852	8320036
1788455369	84000	21128496	21124281	0	26791856	8320036
1788455370	83000	21128496	21124294	0	26791604	8320036
1788455371	83000	21128496	21124281	0	26791604	8320036
1788455372	85000	21128496	21124286	0	26791100	8320036
1788455373	86000	21128496	21124282	0	26791416	8320036
1788455375	82000	21128496	21124292	0	26791436	8320036
1788455376	83000	21128496	21124289	0	26791436	8320036
1788455377	83000	21128496	21124286	0	26791436	8320036
1788455378	87000	21128496	21124286	0	26791840	8320036
1788455379	83000	21128496	21124282	0	26791728	8320036
1788455380	85000	21128496	21124286	0	26792924	8320036
1788455381	87000	21128496	21124296	0	26792532	8320036
1788455382	86000	21128496	21124286	0	26792396	8320036
1788455384	83000	21128496	21124285	0	26792616	8320036
1788455385	85000	21128496	21124283	0	26792760	8320036
1788455386	86000	21128496	21124286	0	26793048	8320036
1788455387	81000	21128496	21124294	0	26792808	8320036
1788455388	83000	21128496	21124282	0	26792764	8320036
1788455389	86000	21128496	21124281	0	26793240	8320036
1788455390	79000	21128496	21124297	0	26792504	8320036
1788455392	75000	21128496	21124296	0	26793560	8320036
1788455393	82000	21128496	21124282	0	26793056	8320036
1788455394	84000	21128496	21124286	0	26792312	8320036
1788455395	80000	21128496	21124282	0	26792816	8320036
1788455396	80000	21128496	21124292	0	26793068	8320036
1788455397	80000	21128496	21124297	0	26793688	8320036
1788455398	83000	21128496	21124292	0	26793752	8320036
1788455400	77000	21128496	21124289	0	26793876	8320036
1788455401	82000	21128496	21124289	0	26794128	8320036
1788455402	82000	21128496	21124284	0	26793908	8320036
1788455403	83000	21128496	21124285	0	26793880	8320036
1788455404	83000	21128496	21124294	0	26793944	8320036
1788455405	80000	21128496	21124296	0	26793816	8320036
1788455406	83000	21128496	21124281	0	26793564	8320036
1788455407	79000	21128496	21124283	0	26793816	8320036
1788455409	77000	21128496	21124281	0	26794068	8320036
1788455410	79000	21128496	21124286	0	26793832	8320036
1788455411	77000	21128496	21124297	0	26794460	8320036
1788455412	75000	21128496	21124282	0	26794316	8320036
1788455413	79000	21128496	21124285	0	26794632	8320036
1788455414	92000	21128496	21124281	0	26794468	8320036
1788455415	79000	21128496	21124282	0	26795208	8320036
1788455417	77000	21128496	21124295	0	26794968	8320036
1788455418	79000	21128496	21124297	0	26795364	8320036
1788455419	83000	21128496	21124295	0	26794336	8320036
1788455420	80000	21128496	21124286	0	26794208	8320036
1788455421	80000	21128496	21124281	0	26793956	8320036
1788455422	80000	21128496	21124294	0	26793576	8320036
1788455423	83000	21128496	21124289	0	26794080	8320040
1788455425	80000	21128496	21124285	0	26794152	8320040
1788455426	82000	21128496	21124292	0	26794316	8320040
1788455427	76000	21128496	21124289	0	26794072	8320040
1788455428	78000	21128496	21124286	0	26794848	8320040
1788455429	80000	21128496	21124292	0	26794848	8320040
1788455430	80000	21128496	21124292	0	26794984	8320040
1788455431	83000	21128496	21124292	0	26795160	8320040
1788455433	80000	21128496	21124282	0	26795096	8320040
1788455434	83000	21128496	21124294	0	26795348	8320040
1788455435	80000	21128496	21124283	0	26796136	8320040
1788455436	79000	21128496	21124286	0	26795520	8320040
1788455437	80000	21128496	21124281	0	26795884	8320040
1788455438	84000	21128496	21124282	0	26796396	8320040
1788455439	77000	21128496	21124297	0	26796360	8320040
1788455441	82000	21128496	21124286	0	26796408	8320040
1788455442	80000	21128496	21124282	0	26795540	8320040
1788455443	83000	21128496	21124282	0	26795524	8320040
1788455444	82000	21128496	21124294	0	26795708	8320040
1788455445	80000	21128496	21124296	0	26795496	8320040
1788455446	80000	21128496	21124282	0	26795020	8320040
1788455447	80000	21128496	21124281	0	26795032	8320040
1788455448	82000	21128496	21124285	0	26794832	8320040
1788455450	80000	21128496	21124295	0	26795084	8320040
1788455451	83000	21128496	21124296	0	26794832	8320040
1788455452	76000	21128496	21124294	0	26795084	8320040
1788455453	80000	21128496	21124285	0	26795084	8320040
1788455454	82000	21128496	21124285	0	26795340	8320040
1788455455	82000	21128496	21124289	0	26795592	8320040
1788455456	84000	21128496	21124283	0	26794836	8320040
1788455458	80000	21128496	21124281	0	26795340	8320040
1788455459	82000	21128496	21124292	0	26795340	8320040
1788455460	80000	21128496	21124283	0	26795452	8320040
1788455461	82000	21128496	21124295	0	26795704	8320040
1788455462	78000	21128496	21124284	0	26795612	8320040
1788455463	80000	21128496	21124281	0	26795276	8320040
1788455464	80000	21128496	21124285	0	26795780	8320040
1788455466	83000	21128496	21124297	0	26795936	8320040
1788455467	78000	21128496	21124282	0	26796088	8320040
1788455468	80000	21128496	21124285	0	26796452	8320040
1788455469	80000	21128496	21124283	0	26796320	8320040
1788455470	83000	21128496	21124295	0	26796628	8320040
1788455471	82000	21128496	21124292	0	26796960	8320040
1788455472	79000	21128496	21124282	0	26796484	8320040
1788455474	84000	21128496	21124283	0	26796220	8320040
1788455475	80000	21128496	21124286	0	26796232	8320040
1788455476	82000	21128496	21124281	0	26795956	8320040
1788455477	79000	21128496	21124292	0	26795328	8320040
1788455478	83000	21128496	21124285	0	26795440	8320040
1788455479	76000	21128496	21124285	0	26795328	8320040
1788455480	79000	21128496	21124281	0	26794880	8320040
1788455481	80000	21128496	21124282	0	26794976	8320040
1788455483	80000	21128496	21124297	0	26795624	8320040
1788455484	79000	21128496	21124295	0	26794964	8320040
1788455485	80000	21128496	21124297	0	26794536	8320040
1788455486	83000	21128496	21124287	0	26794344	8320040
1788455487	80000	21128496	21124295	0	26794456	8320040
1788455488	80000	21128496	21124282	0	26793860	8320040
1788455489	80000	21128496	21124284	0	26794732	8320040
1788455491	79000	21128496	21124297	0	26794368	8320040
1788455492	79000	21128496	21124281	0	26793788	8320040
1788455493	83000	21128496	21124286	0	26793024	8320040
1788455494	77000	21128496	21124287	0	26792636	8320040
1788455495	80000	21128496	21124297	0	26793160	8320040
1788455496	82000	21128496	21124297	0	26793172	8320040
1788455497	83000	21128496	21124289	0	26792540	8320040
1788455499	79000	21128496	21124297	0	26792904	8320040
1788455500	80000	21128496	21124297	0	26793368	8320040
1788455501	83000	21128496	21124287	0	26793620	8320040
1788455502	80000	21128496	21124287	0	26793780	8320040
1788455503	80000	21128496	21124297	0	26793932	8320040
1788455504	80000	21128496	21124285	0	26793568	8320040
1788455505	83000	21128496	21124284	0	26793552	8320040
1788455507	77000	21128496	21124297	0	26793888	8320040
1788455508	80000	21128496	21124282	0	26793536	8320040
1788455509	79000	21128496	21124280	0	26791908	8320040
1788455510	82000	21128496	21124281	0	26790992	8320044
1788455511	83000	21128496	21124281	0	26791616	8320044
1788455512	90000	21128496	21124280	0	26791028	8320044
1788455513	91000	21128496	21124284	0	26790776	8320044
1788455514	90000	21128496	21124280	0	26791028	8320044
1788455516	90000	21128496	21124293	0	26791544	8320044
1788455517	90000	21128496	21124280	0	26791292	8320044
1788455518	90000	21128496	21124282	0	26791852	8320044
1788455519	90000	21128496	21124292	0	26792340	8320044
1788455520	91000	21128496	21124278	0	26792668	8320048
1788455521	84000	21128496	21124288	0	26792264	8320048
1788455522	91000	21128496	21124288	0	26792012	8320048
1788455524	91000	21128496	21124291	0	26792896	8320048
1788455525	91000	21128496	21124290	0	26792568	8320048
1788455526	90000	21128496	21124282	0	26792680	8320048
1788455527	79000	21128496	21124278	0	26792320	8320048
1788455528	80000	21128496	21124291	0	26792936	8320048
1788455529	76000	21128496	21124280	0	26792428	8320048
1788455530	86000	21128496	21124278	0	26792552	8320048
1788455532	78000	21128496	21124293	0	26792744	8320048
1788455533	80000	21128496	21124291	0	26792980	8320048
1788455534	80000	21128496	21124278	0	26792504	8320048
1788455535	80000	21128496	21124282	0	26792460	8320048
1788455536	76000	21128496	21124291	0	26792332	8320048
1788455537	78000	21128496	21124278	0	26793688	8320048
1788455538	58000	21128508	21124414	0	26794076	8320052
1788455539	57000	21128508	21124429	0	26794580	8320052
1788455541	57000	21128508	21124428	0	26796628	8320052
1788455542	58000	21128508	21124417	0	26796128	8320052
1788455543	56000	21128508	21124426	0	26796284	8320056
1788455544	57000	21128508	21124428	0	26796288	8320056
1788455545	54000	21128508	21124414	0	26796540	8320056
1788455546	56000	21128508	21124429	0	26795924	8320056
1788455548	54000	21128508	21124416	0	26796920	8320056
1788455549	54000	21128508	21124417	0	26797108	8320056
1788455550	53000	21128508	21124418	0	26796588	8320056
1788455551	54000	21128508	21124414	0	26796360	8320056
1788455552	54000	21128508	21124415	0	26796164	8320056
1788455553	54000	21128508	21124428	0	26795912	8320056
1788455555	54000	21128508	21124414	0	26797156	8320056
1788455556	54000	21128508	21124417	0	26796904	8320056
1788455557	53000	21128508	21124426	0	26796328	8320056
1788455558	56000	21128508	21124415	0	26796388	8320056
1788455559	53000	21128508	21124430	0	26798340	8320056
1788455560	53000	21128508	21124425	0	26798092	8320056
1788455562	53000	21128508	21124440	0	26797936	8320056
1788455563	53000	21128508	21124427	0	26798276	8320056
1788455564	53000	21128508	21124434	0	26797924	8320056
1788455565	52000	21128508	21124427	0	26798256	8320056
1788455566	77000	20822320	20818127	0	27098020	8320056
1788455567	76000	20822320	20818127	0	27098908	8320056
1788455569	79000	20822320	20818125	0	27099132	8320056
1788455570	77000	20822320	20818130	0	27099132	8320056
1788455571	77000	20822320	20818115	0	27105212	8320056
1788455572	79000	20822320	20818115	0	27105508	8320056
1788455573	77000	20822320	20818128	0	27105256	8320056
1788455574	77000	20822320	20818118	0	27105168	8320056
1788455575	78000	20822320	20818128	0	27105116	8320056
1788455576	76000	20822320	20818117	0	27105900	8320056
1788455578	77000	20822320	20818129	0	27105844	8320056
1788455579	79000	20822320	20818125	0	27105592	8320056
1788455580	77000	20822320	20818116	0	27105340	8320064
1788455581	78000	20822320	20818118	0	27105976	8320064
1788455582	77000	20822320	20818127	0	27105976	8320064
1788455583	77000	20822320	20818115	0	27105260	8320064
1788455584	77000	20822320	20818127	0	27105760	8320064
1788455586	77000	20822320	20818115	0	27105508	8320064
1788455587	79000	20822320	20818117	0	27105584	8320064
1788455588	80000	20975540	20971337	0	26952452	8320064
1788455589	77000	20975540	20971347	0	26953160	8320064
1788455590	77000	20975540	20971338	0	26952656	8320064
1788455591	79000	20975540	20971345	0	26952064	8320064
1788455592	77000	20975540	20971337	0	26951812	8320064
1788455593	76000	20975540	20971338	0	26952280	8320064
1788455595	76000	20975540	20971338	0	26952028	8320064
1788455596	76000	20975540	20971337	0	26952028	8320064
1788455597	77000	20975540	20971337	0	26951612	8320064
1788455598	76000	20975540	20971337	0	26951316	8320064
1788455599	76000	20975540	20971339	0	26950812	8320064
1788455600	82000	20975540	20971335	0	26950700	8320064
1788455601	78000	20975540	20971336	0	26950236	8320064
1788455603	79000	20975540	20971337	0	26950844	8320064
1788455604	77000	20975540	20971339	0	26950844	8320064
1788455605	85000	20975540	20971338	0	26950340	8320064
1788455606	83000	20975540	20971349	0	26950564	8320064
1788455607	79000	21128760	21124568	0	26790728	8320064
1788455608	77000	21128760	21124569	0	26790740	8320064
1788455609	78000	21128760	21124555	0	26789480	8320064
1788455610	79000	21128760	21124556	0	26789732	8320064
1788455612	78000	21128760	21124565	0	26790292	8320064
1788455613	79000	21128760	21124555	0	26790292	8320064
1788455614	78000	21128760	21124570	0	26789284	8320064
1788455615	78000	21128760	21124569	0	26789588	8320064
1788455616	81000	21128760	21124557	0	26789728	8320064
1788455617	85000	21128760	21124556	0	26789112	8320064
1788455618	73000	21128760	21124561	0	26789236	8320064
1788455620	74000	21128760	21124555	0	26788368	8320064
1788455621	77000	21128760	21124559	0	26787724	8320064
1788455622	75000	21128760	21124557	0	26787976	8320064
1788455623	77000	21128760	21124556	0	26787924	8320064
1788455624	75000	21128760	21124559	0	26787476	8320064
1788455625	76000	21128760	21124559	0	26788108	8320064
1788455626	76000	21128760	21124567	0	26790296	8320064
1788455628	76000	21128760	21124555	0	26790848	8320064
1788455629	76000	21128760	21124567	0	26792288	8320064
1788455630	76000	21128760	21124555	0	26792976	8320064
1788455631	88000	21128760	21124569	0	26794596	8320064
1788455632	82000	21128760	21124556	0	26794844	8320064
1788455633	79000	21128760	21124558	0	26794848	8320064
1788455634	78000	21128760	21124555	0	26794376	8320064
1788455636	80000	21128760	21124555	0	26794992	8320064
1788455637	80000	21128760	21124567	0	26794956	8320064
1788455638	79000	21128760	21124555	0	26795208	8320064
1788455639	80000	21128760	21124557	0	26794996	8320064
1788455640	77000	21128760	21124570	0	26793808	8320064
1788455641	82000	21128760	21124555	0	26794256	8320064
1788455642	79000	21128760	21124557	0	26794384	8320064
1788455643	79000	21128760	21124559	0	26794644	8320064
1788455645	74000	21128760	21124565	0	26794896	8320064
1788455646	79000	21128760	21124561	0	26794532	8320064
1788455647	80000	21128760	21124565	0	26794164	8320064
1788455648	79000	21128760	21124556	0	26794516	8320064
1788455649	79000	21128760	21124555	0	26794916	8320064
1788455650	79000	21128760	21124561	0	26795344	8320064
1788455651	77000	21128760	21124569	0	26795488	8320064
1788455653	76000	21128760	21124561	0	26795184	8320064
1788455654	79000	21128760	21124567	0	26794696	8320064
1788455655	79000	21128760	21124556	0	26794528	8320064
1788455656	80000	21128760	21124558	0	26794772	8320064
1788455657	77000	21128760	21124565	0	26794948	8320064
1788455658	78000	21128760	21124567	0	26794748	8320064
1788455659	78000	21128760	21124556	0	26795176	8320064
1788455661	79000	21128760	21124558	0	26795180	8320064
1788455662	79000	21128760	21124557	0	26795232	8320064
1788455663	80000	21128760	21124557	0	26794740	8320064
1788455664	79000	21128760	21124558	0	26794676	8320064
1788455665	78000	21128760	21124568	0	26794800	8320068
1788455666	78000	21128760	21124565	0	26794812	8320068
1788455667	80000	21128760	21124567	0	26794924	8320068
1788455668	79000	21128760	21124558	0	26795072	8320068
1788455670	79000	21128760	21124558	0	26795364	8320068
1788455671	76000	21128760	21124561	0	26795612	8320068
1788455672	77000	21128760	21124559	0	26795644	8320068
1788455673	80000	21128760	21124561	0	26794636	8320068
1788455674	79000	21128760	21124569	0	26794656	8320068
1788455675	82000	21128760	21124555	0	26794696	8320068
1788455676	78000	21128760	21124555	0	26794192	8320068
1788455678	80000	21128760	21124567	0	26794448	8320068
1788455679	76000	21128760	21124567	0	26795028	8320068
1788455680	80000	21128760	21124559	0	26794972	8320068
1788455681	79000	21128760	21124561	0	26795128	8320068
1788455682	85000	21128760	21124570	0	26795128	8320068
1788455683	80000	21128760	21124558	0	26794624	8320068
1788455684	90000	21128760	21124565	0	26794624	8320068
1788455686	90000	21128760	21124565	0	26794168	8320068
1788455687	90000	21128760	21124570	0	26794168	8320068
1788455688	90000	21128760	21124565	0	26794284	8320068
1788455689	91000	21128760	21124558	0	26794732	8320068
1788455690	91000	21128760	21124569	0	26794012	8320068
1788455691	82000	21128760	21124565	0	26793808	8320068
1788455692	79000	21128760	21124567	0	26794124	8320068
1788455694	80000	21128760	21124569	0	26794124	8320068
1788455695	77000	21128760	21124569	0	26794824	8320068
1788455696	79000	21128760	21124556	0	26794712	8320068
1788455697	61000	21125072	21121004	0	26787016	8320068
1788455698	57000	21125072	21120992	0	26788800	8320068
1788455699	57000	21125072	21120992	0	26790788	8320068
1788455700	56000	21125072	21120992	0	26792516	8320068
1788455702	56000	21125072	21120991	0	26793680	8320068
1788455703	56000	21125072	21120992	0	26793148	8320068
1788455704	56000	21125072	21120988	0	26794728	8320068
1788455705	54000	21125072	21120990	0	26796768	8320068
1788455706	56000	21125072	21120992	0	26798364	8320068
1788455707	55000	21125072	21120991	0	26799048	8320068
1788455709	54000	21125072	21120991	0	26799612	8320068
1788455710	53000	21125072	21120988	0	26799268	8320068
1788455711	54000	21125072	21120994	0	26799520	8320068
1788455712	54000	21125072	21120992	0	26799900	8320068
1788455713	54000	21125072	21121004	0	26799852	8320068
1788455714	53000	21125072	21120989	0	26799184	8320068
1788455716	53000	21125072	21120998	0	26799780	8320068
1788455717	54000	21125072	21120988	0	26799024	8320068
1788455718	52000	21125072	21121000	0	26798188	8320068
1788455719	53000	21125072	21120988	0	26798188	8320068
1788455720	53000	21125072	21120989	0	26798588	8320068
1788455721	74000	20818776	20814570	0	27104400	8320068
1788455722	76000	20818776	20814572	0	27104644	8320068
1788455724	77000	20818776	20814574	0	27110492	8320068
1788455725	77000	20818776	20814582	0	27109988	8320068
1788455726	77000	20818776	20814574	0	27086076	8320068
1788455727	78000	20971996	20967802	0	26956280	8320068
1788455728	77000	20971996	20967788	0	26956964	8320068
1788455729	77000	20971996	20967804	0	26956712	8320068
1788455730	86000	20971996	20967790	0	26956300	8320072
1788455732	83000	20971996	20967800	0	26956256	8320072
1788455733	88000	20971996	20967791	0	26956660	8320072
1788455734	84000	20971996	20967804	0	26957164	8320072
1788455735	78000	20971996	20967789	0	26956720	8320072
1788455736	78000	20971996	20967792	0	26957140	8320072
1788455737	77000	20971996	20967788	0	26957392	8320072
1788455738	78000	20971996	20967791	0	26957240	8320072
1788455739	77000	20971996	20967801	0	26956528	8320072
1788455741	77000	20971996	20967794	0	26956752	8320072
1788455742	77000	20971996	20967804	0	26956744	8320072
1788455743	80000	20971996	20967800	0	26956608	8320072
1788455744	77000	20971996	20967791	0	26956736	8320072
1788455745	78000	20971996	20967791	0	26956528	8320072
1788455746	77000	20971996	20967798	0	26956752	8320072
1788455747	78000	20971996	20967791	0	26956692	8320072
1788455748	78000	20971996	20967789	0	26957052	8320072
1788455750	77000	20971996	20967791	0	26957052	8320072
1788455751	86000	21125216	21121021	0	26797228	8320072
1788455752	90000	21125216	21121009	0	26796580	8320072
1788455753	85000	21125216	21121024	0	26795584	8320072
1788455754	89000	21125216	21121024	0	26795696	8320072
1788455755	88000	21125216	21121020	0	26795656	8320072
1788455756	85000	21125216	21121024	0	26795432	8320072
1788455758	88000	21125216	21121014	0	26795592	8320072
1788455759	86000	21125216	21121020	0	26795500	8320072
1788455760	88000	21125216	21121011	0	26795028	8320072
1788455761	89000	21125216	21121024	0	26795308	8320072
1788455762	89000	21125216	21121009	0	26795812	8320072
1788455763	88000	21125216	21121020	0	26794692	8320072
1788455764	90000	21125216	21121018	0	26794804	8320072
1788455765	91000	21125216	21121012	0	26795308	8320072
1788455767	90000	21125216	21121011	0	26794912	8320072
1788455768	84000	21125216	21121009	0	26794772	8320072
1788455769	91000	21125216	21121008	0	26794772	8320072
1788455770	91000	21125216	21121012	0	26794408	8320072
1788455771	90000	21125216	21121012	0	26794296	8320072
1788455772	91000	21125216	21121011	0	26793636	8320072
1788455773	90000	21125216	21121009	0	26794012	8320072
1788455775	89000	21125216	21121009	0	26793632	8320072
1788455776	89000	21125216	21121014	0	26793788	8320072
1788455777	90000	21125216	21121012	0	26794048	8320072
1788455778	89000	21125216	21121022	0	26794196	8320072
1788455779	89000	21125216	21121011	0	26794372	8320072
1788455780	89000	21125216	21121011	0	26794164	8320072
1788455781	85000	21125216	21121009	0	26794164	8320072
1788455782	88000	21125216	21121009	0	26793612	8320072
1788455784	88000	21125216	21121009	0	26794368	8320072
1788455785	90000	21125216	21121005	0	26794980	8320072
1788455786	91000	21125216	21121014	0	26795860	8320072
1788455787	79000	21125216	21121004	0	26795576	8320072
1788455788	80000	21125216	21121017	0	26795464	8320076
1788455789	79000	21125216	21121002	0	26795604	8320076
1788455790	79000	21125216	21121016	0	26794520	8320076
1788455792	79000	21125216	21121013	0	26794444	8320076
1788455793	76000	21125216	21121011	0	26794380	8320076
1788455794	76000	21125216	21121005	0	26794760	8320076
1788455795	76000	21125216	21121002	0	26794680	8320076
1788455796	76000	21125216	21121005	0	26794680	8320076
1788455797	76000	21125216	21121002	0	26794680	8320076
1788455798	76000	21125216	21121005	0	26794936	8320076
1788455799	76000	21125216	21121005	0	26794464	8320076
1788455801	76000	21125216	21121004	0	26794952	8320076
1788455802	75000	21125216	21121004	0	26795272	8320076
1788455803	76000	21125216	21121002	0	26795132	8320076
1788455804	77000	21125216	21121007	0	26795476	8320076
1788455805	78000	21125216	21121006	0	26795700	8320076
1788455806	86000	21125216	21121011	0	26794904	8320076
1788455807	82000	21125216	21121003	0	26795016	8320076
1788455809	83000	21125216	21121002	0	26795220	8320076
1788455810	75000	21125216	21121000	0	26797856	8320076
1788455811	76000	21125216	21121015	0	26797020	8320076
1788455812	76000	21125216	21121003	0	26797220	8320076
1788455813	76000	21125216	21121011	0	26796928	8320076
1788455814	75000	21125216	21121015	0	26796872	8320076
1788455815	76000	21125216	21121002	0	26797428	8320076
1788455816	83000	21125216	21121002	0	26797200	8320076
1788455818	83000	21125216	21121000	0	26796280	8320076
1788455819	83000	21125216	21121000	0	26796440	8320076
1788455820	82000	21125216	21121015	0	26796148	8320076
1788455821	85000	21125216	21120999	0	26795464	8320076
1788455822	81000	21125216	21121000	0	26795940	8320076
1788455823	81000	21125216	21120999	0	26795424	8320076
1788455824	81000	21125216	21121002	0	26796076	8320076
1788455826	82000	21125216	21121011	0	26795408	8320076
1788455827	82000	21125216	21121001	0	26795180	8320076
1788455828	85000	21125216	21121003	0	26795368	8320076
1788455829	85000	21128988	21124772	0	26793876	8320076
1788455830	82000	21282208	21277997	0	26635152	8320080
1788455831	81000	21282208	21277994	0	26634876	8320080
1788455832	82000	21282208	21277994	0	26634876	8320080
1788455833	83000	21282208	21277991	0	26634876	8320080
1788455835	82000	21282208	21278006	0	26635656	8320080
1788455836	81000	21282208	21277992	0	26635356	8320080
1788455837	80000	21282208	21278001	0	26634872	8320080
1788455838	80000	21282208	21277994	0	26633988	8320080
1788455839	78000	21282208	21277994	0	26634324	8320080
1788455840	78000	21282208	21277994	0	26634212	8320080
1788455841	78000	21282208	21277996	0	26633692	8320080
1788455843	82000	21282208	21277994	0	26633944	8320080
1788455844	74000	21282208	21278006	0	26634520	8320080
1788455845	78000	21282208	21277995	0	26634388	8320080
1788455846	78000	21282208	21277991	0	26634336	8320080
1788455847	78000	21282208	21278006	0	26634068	8320080
1788455848	80000	21282208	21277992	0	26634320	8320080
1788455849	78000	21282208	21277994	0	26633980	8320080
1788455851	78000	21282208	21278001	0	26633648	8320080
1788455852	78000	21282208	21278006	0	26633544	8320080
1788455853	79000	21282208	21277991	0	26634556	8320080
1788455854	79000	21282208	21277995	0	26635832	8320080
1788455855	80000	21282208	21278006	0	26635460	8320080
1788455856	78000	21282208	21278001	0	26635264	8320080
1788455857	79000	21282208	21278006	0	26635500	8320080
1788455859	78000	21282208	21278006	0	26635248	8320084
1788455860	78000	21282208	21277996	0	26635968	8320084
1788455861	78000	21282208	21277990	0	26635820	8320084
1788455862	71000	21282208	21278002	0	26635932	8320084
1788455863	76000	21282208	21277991	0	26634952	8320084
1788455864	77000	21282208	21277989	0	26635564	8320084
1788455865	76000	21282208	21277991	0	26635312	8320084
1788455866	79000	21282208	21278004	0	26635452	8320084
1788455868	76000	21282208	21277996	0	26635548	8320084
1788455869	75000	21282208	21278000	0	26635972	8320084
1788455870	74000	21282208	21278004	0	26634992	8320084
1788455871	76000	21282208	21278004	0	26635920	8320084
1788455872	76000	21282208	21278004	0	26636296	8320084
1788455873	79000	21282208	21278002	0	26635156	8320084
1788455874	79000	21282208	21278005	0	26635316	8320084
1788455876	76000	21282208	21277991	0	26634924	8320084
1788455877	76000	21282208	21277994	0	26634812	8320084
1788455878	76000	21282208	21278003	0	26634812	8320084
1788455879	75000	21282208	21277991	0	26635064	8320084
1788455880	77000	21282208	21277989	0	26635076	8320084
1788455881	76000	21282208	21277992	0	26634452	8320084
1788455882	79000	21282208	21277991	0	26633604	8320084
1788455884	76000	21282208	21277991	0	26632736	8320084
1788455885	80000	21282208	21277993	0	26632960	8320084
1788455886	76000	21282208	21277996	0	26633216	8320084
1788455887	79000	21282208	21277993	0	26633216	8320084
1788455888	72000	21282208	21277991	0	26633216	8320084
1788455889	79000	21282208	21278004	0	26633784	8320084
1788455890	80000	21282208	21277990	0	26634144	8320084
1788455892	82000	21282208	21277994	0	26633640	8320084
1788455893	80000	21282208	21278002	0	26634004	8320084
1788455894	79000	21282208	21278005	0	26633640	8320084
1788455895	80000	21282208	21277991	0	26634068	8320084
1788455896	79000	21282208	21277989	0	26633720	8320084
1788455897	82000	21282208	21278004	0	26633644	8320084
1788455898	76000	21282208	21277992	0	26633580	8320084
1788455900	79000	21282208	21277988	0	26633672	8320088
1788455901	79000	21282208	21277989	0	26633888	8320088
1788455902	79000	21282208	21277993	0	26634316	8320088
1788455903	79000	21282208	21278003	0	26634284	8320088
1788455904	79000	21282208	21277990	0	26634744	8320088
1788455905	82000	21282208	21277992	0	26634904	8320088
1788455906	80000	21282208	21278002	0	26635140	8320088
1788455907	77000	21282208	21277991	0	26634460	8320088
1788455909	80000	21282208	21277994	0	26633644	8320088
1788455910	80000	21282208	21278004	0	26634544	8320088
1788455911	83000	21282208	21278000	0	26634376	8320088
1788455912	80000	21282208	21278003	0	26633520	8320088
1788455913	78000	21282208	21277993	0	26633492	8320088
1788455914	78000	21282208	21277991	0	26633420	8320088
1788455915	80000	21282208	21278005	0	26633628	8320088
1788455917	76000	21282208	21277989	0	26633880	8320088
1788455918	80000	21282208	21277991	0	26634132	8320088
1788455919	80000	21282208	21278004	0	26633664	8320088
1788455920	80000	21282208	21277993	0	26634068	8320088
1788455921	79000	21282208	21277996	0	26633780	8320088
1788455922	78000	21282208	21278000	0	26634268	8320088
1788455923	79000	21282208	21277994	0	26634204	8320088
1788455925	79000	21282208	21277993	0	26635164	8320088
1788455926	79000	21282208	21278002	0	26634624	8320088
1788455927	80000	21282208	21278004	0	26634556	8320088
1788455928	79000	21282208	21277991	0	26634916	8320088
1788455929	82000	21282208	21277993	0	26634788	8320088
1788455930	80000	21282208	21277996	0	26634572	8320088
1788455931	83000	21282208	21277991	0	26634584	8320088
1788455933	79000	21282208	21278000	0	26633792	8320088
1788455934	79000	21282208	21277996	0	26633588	8320088
1788455935	78000	21282208	21277990	0	26633692	8320088
1788455936	80000	21282208	21278004	0	26633928	8320088
1788455937	82000	21282208	21277992	0	26633172	8320088
1788455938	79000	21282208	21277993	0	26633172	8320088
1788455939	83000	21282208	21277993	0	26633284	8320088
1788455941	79000	21282208	21277991	0	26633092	8320088
1788455942	82000	21282208	21277993	0	26633676	8320088
1788455943	79000	21282208	21278002	0	26633548	8320088
1788455944	80000	21282208	21277991	0	26632852	8320088
1788455945	76000	21282208	21278004	0	26634228	8320088
1788455946	80000	21282208	21277996	0	26634032	8320088
1788455947	80000	21282208	21277991	0	26633560	8320088
1788455948	78000	21282208	21277991	0	26634176	8320088
1788455950	80000	21282208	21277991	0	26634064	8320088
1788455951	79000	21282208	21278004	0	26634428	8320088
1788455952	83000	21282208	21277991	0	26634564	8320088
1788455953	80000	21282208	21277993	0	26634136	8320088
1788455954	81000	21282208	21277992	0	26634248	8320088
1788455955	77000	21282208	21277993	0	26634484	8320088
1788455956	83000	21282208	21277990	0	26633980	8320088
1788455958	85000	21282208	21277990	0	26634236	8320088
1788455959	83000	21282208	21277996	0	26634852	8320088
1788455960	86000	21282208	21278002	0	26634632	8320088
1788455961	83000	21282208	21277993	0	26634540	8320088
1788455962	85000	21282208	21277993	0	26634364	8320088
1788455963	83000	21282208	21277990	0	26634400	8320088
1788455964	86000	21282208	21278004	0	26634704	8320088
1788455966	82000	21282208	21278004	0	26634592	8320088
1788455967	83000	21282208	21278004	0	26635096	8320088
1788455968	85000	21282208	21277991	0	26634956	8320088
1788455969	86000	21282208	21277991	0	26633752	8320088
1788455970	86000	21282208	21277991	0	26633976	8320088
1788455971	83000	21282208	21277996	0	26634368	8320088
1788455972	83000	21282208	21277990	0	26634136	8320088
1788455974	80000	21282208	21277992	0	26633904	8320088
1788455975	82000	21282208	21277990	0	26634960	8320088
1788455976	77000	21282208	21278004	0	26635180	8320088
1788455977	80000	21282208	21278005	0	26634676	8320088
1788455978	82000	21282208	21277991	0	26634644	8320088
1788455979	77000	21282208	21277993	0	26634836	8320088
1788455980	80000	21282208	21277993	0	26634312	8320088
1788455982	79000	21282208	21278004	0	26634788	8320088
1788455983	77000	21282208	21278002	0	26634788	8320088
1788455984	76000	21282208	21277992	0	26634952	8320088
1788455985	88000	21282208	21277996	0	26635032	8320088
1788455986	85000	21282208	21277993	0	26634892	8320088
1788455987	90000	21282208	21278005	0	26635032	8320088
1788455988	80000	21282208	21278004	0	26634780	8320088
1788455989	77000	21282208	21278002	0	26635032	8320088
1788455991	76000	21282208	21277991	0	26635060	8320088
1788455992	79000	21282208	21277992	0	26635348	8320088
1788455993	76000	21282208	21278004	0	26635148	8320088
1788455994	79000	21282208	21277991	0	26634420	8320088
1788455995	79000	21282208	21278002	0	26634952	8320088
1788455996	76000	21282208	21277992	0	26634856	8320088
1788455997	79000	21282208	21277991	0	26634540	8320088
1788455999	79000	21282208	21277990	0	26634540	8320088
1788456000	77000	21282208	21277993	0	26634832	8320088
1788456001	80000	21282208	21278005	0	26634688	8320088
1788456002	79000	21282208	21277996	0	26634676	8320088
1788456003	80000	21282208	21277991	0	26635120	8320088
1788456004	78000	21282208	21277993	0	26634988	8320088
1788456005	78000	21282208	21277990	0	26634848	8320088
1788456007	79000	21282208	21278002	0	26635356	8320088
1788456008	76000	21282208	21277992	0	26634152	8320088
1788456009	80000	21282208	21277993	0	26634128	8320088
1788456010	77000	21282208	21277994	0	26634328	8320088
1788456011	80000	21282208	21277992	0	26634260	8320088
1788456012	77000	21282208	21277990	0	26633644	8320088
1788456013	75000	21282208	21277992	0	26634524	8320088
1788456015	78000	21282208	21277991	0	26634308	8320088
1788456016	79000	21282208	21277992	0	26634768	8320088
1788456017	79000	21282208	21277996	0	26635208	8320088
1788456018	79000	21282208	21277994	0	26634316	8320088
1788456019	76000	21282208	21277990	0	26634460	8320088
1788456020	78000	21282208	21277990	0	26634096	8320092
1788456021	80000	21282208	21278000	0	26633844	8320092
1788456022	78000	21282208	21277990	0	26633664	8320092
1788456024	79000	21282208	21278005	0	26633412	8320092
1788456025	77000	21282208	21277992	0	26633776	8320092
1788456026	79000	21282208	21277993	0	26633808	8320092
1788456027	90000	21282208	21277991	0	26634168	8320092
1788456028	77000	21282208	21277993	0	26634308	8320092
1788456029	79000	21282208	21277991	0	26634040	8320092
1788456030	82000	21282208	21277991	0	26633924	8320092
1788456032	87000	21282208	21277990	0	26633672	8320092
1788456033	85000	21282208	21277991	0	26634516	8320092
1788456034	85000	21282208	21277991	0	26634076	8320092
1788456035	79000	21282208	21278005	0	26633832	8320092
1788456036	80000	21282208	21277993	0	26634108	8320092
1788456037	78000	21282208	21278005	0	26634220	8320092
1788456038	85000	21282208	21277990	0	26633764	8320092
1788456040	87000	21282208	21278002	0	26634272	8320092
1788456041	86000	21282208	21278003	0	26634168	8320092
1788456042	80000	21282208	21277994	0	26634608	8320092
1788456043	77000	21282208	21277993	0	26634192	8320092
1788456044	77000	21282208	21277991	0	26633940	8320092
1788456045	79000	21282208	21278002	0	26634332	8320092
1788456046	80000	21282208	21278002	0	26633364	8320092
1788456048	76000	21282208	21277991	0	26633728	8320092
1788456049	79000	21282208	21278002	0	26633712	8320092
1788456050	79000	21282208	21278003	0	26633712	8320092
1788456051	79000	21282208	21278005	0	26633564	8320092
1788456052	77000	21282208	21277991	0	26633936	8320092
1788456053	77000	21282208	21277991	0	26633984	8320092
1788456054	77000	21282208	21278003	0	26634160	8320092
1788456055	78000	21282208	21277993	0	26634140	8320092
1788456057	76000	21282208	21278002	0	26633524	8320092
1788456058	76000	21282208	21277991	0	26633728	8320096
1788456059	78000	21282208	21278004	0	26633720	8320096
1788456060	79000	21282208	21277996	0	26633444	8320096
1788456061	79000	21282208	21278000	0	26633476	8320096
1788456062	80000	21282208	21277993	0	26633180	8320096
1788456063	78000	21282208	21278004	0	26633612	8320096
1788456065	76000	21282208	21277994	0	26634164	8320096
1788456066	78000	21282208	21277992	0	26633644	8320096
1788456067	79000	21282208	21278003	0	26633716	8320096
1788456068	76000	21282208	21277993	0	26634264	8320096
1788456069	79000	21282208	21277993	0	26634260	8320096
1788456070	80000	21282208	21277993	0	26633768	8320096
1788456071	79000	21282208	21278000	0	26634636	8320096
1788456073	80000	21282208	21277991	0	26634224	8320096
1788456074	77000	21282208	21278002	0	26632928	8320096
1788456075	78000	21282208	21277991	0	26632956	8320096
1788456076	90000	21282208	21277994	0	26633560	8320096
1788456077	82000	21282208	21278005	0	26633512	8320096
1788456078	78000	21282208	21277990	0	26633260	8320096
1788456079	82000	21282208	21277990	0	26632760	8320096
1788456081	90000	21282208	21277992	0	26633224	8320096
1788456082	91000	21282208	21277991	0	26633412	8320096
1788456083	91000	21282208	21277993	0	26633916	8320096
1788456084	90000	21282208	21277992	0	26634644	8320096
1788456085	77000	21282208	21277992	0	26634468	8320096
1788456086	79000	21282208	21278003	0	26634112	8320096
1788456087	77000	21282208	21278001	0	26633868	8320096
1788456088	76000	21282208	21277995	0	26634036	8320096
1788456090	77000	21282208	21277988	0	26633016	8320096
1788456091	91000	21282208	21278001	0	26632356	8320096
1788456092	90000	21282208	21278001	0	26632348	8320096
1788456093	91000	21282208	21278003	0	26632800	8320096
1788456094	91000	21282208	21277992	0	26632976	8320096
1788456095	91000	21282208	21277991	0	26632468	8320096
1788456096	79000	21282208	21277988	0	26633280	8320096
1788456098	79000	21282208	21277999	0	26633504	8320096
1788456099	76000	21282208	21278001	0	26633048	8320096
1788456100	79000	21282208	21278003	0	26633032	8320096
1788456101	79000	21282208	21277987	0	26633012	8320096
1788456102	91000	21282208	21277999	0	26632704	8320096
1788456103	94000	21282208	21277995	0	26633224	8320096
1788456104	90000	21282208	21278002	0	26633236	8320096
1788456106	95000	21282208	21277988	0	26633488	8320096
1788456107	91000	21282208	21278003	0	26633848	8320096
1788456108	90000	21282208	21278001	0	26633948	8320096
1788456109	90000	21282208	21278001	0	26634104	8320096
1788456110	82000	21282208	21277991	0	26633856	8320096
1788456111	79000	21282208	21277989	0	26633760	8320096
1788456112	82000	21282208	21278003	0	26633084	8320096
1788456114	82000	21282208	21278004	0	26633576	8320096
1788456115	82000	21282208	21278002	0	26633184	8320096
1788456116	83000	21282208	21277989	0	26632644	8320096
1788456117	80000	21282208	21277991	0	26632192	8320096
1788456118	80000	21282208	21277990	0	26632016	8320096
1788456119	80000	21282208	21278002	0	26631700	8320096
1788456120	78000	21282208	21277999	0	26631248	8320100
1788456122	82000	21282208	21278002	0	26631776	8320100
1788456123	79000	21282208	21278002	0	26632900	8320100
1788456124	90000	21282208	21277989	0	26632916	8320100
1788456125	90000	21282208	21278001	0	26632228	8320100
1788456126	90000	21282208	21277990	0	26632800	8320100
1788456127	90000	21282208	21277993	0	26632324	8320100
1788456128	90000	21282208	21278004	0	26632348	8320100
1788456129	90000	21282208	21277991	0	26632580	8320100
1788456131	82000	21282208	21277992	0	26631712	8320100
1788456132	78000	21282208	21278001	0	26632216	8320100
1788456133	82000	21282208	21278003	0	26632008	8320100
1788456134	79000	21282208	21277990	0	26632008	8320100
1788456135	80000	21282208	21277989	0	26632008	8320100
1788456136	82000	21282208	21277991	0	26632008	8320100
1788456137	79000	21282208	21278002	0	26632028	8320100
1788456139	82000	21282208	21277989	0	26632248	8320100
1788456140	82000	21282208	21278002	0	26632152	8320100
1788456141	80000	21282208	21277992	0	26632180	8320100
1788456142	82000	21282208	21277989	0	26632276	8320100
1788456143	82000	21282208	21277989	0	26632316	8320100
1788456144	82000	21282208	21278003	0	26632316	8320100
1788456145	79000	21282208	21278001	0	26631056	8320100
1788456147	83000	21282208	21277999	0	26631028	8320100
1788456148	80000	21282208	21277999	0	26631200	8320100
1788456149	83000	21282208	21278001	0	26631448	8320100
1788456150	80000	21282208	21277992	0	26631212	8320100
1788456151	80000	21282208	21277989	0	26631688	8320100
1788456152	80000	21282208	21277993	0	26631620	8320100
1788456153	82000	21282208	21278004	0	26631872	8320100
1788456155	82000	21282208	21277989	0	26633084	8320100
1788456156	80000	21282208	21277990	0	26632640	8320100
1788456157	83000	21282208	21277990	0	26633336	8320100
1788456158	80000	21282208	21277989	0	26633196	8320100
1788456159	83000	21282208	21277990	0	26633084	8320100
1788456160	80000	21282208	21277992	0	26632832	8320100
1788456161	80000	21282208	21277994	0	26632424	8320100
1788456163	80000	21282208	21277990	0	26632872	8320100
1788456164	80000	21282208	21277990	0	26631592	8320100
1788456165	78000	21282208	21277995	0	26631140	8320100
1788456166	80000	21282208	21277990	0	26630700	8320100
1788456167	82000	21282208	21277990	0	26630712	8320100
1788456168	90000	21282208	21278005	0	26630620	8320100
1788456169	91000	21282208	21277990	0	26630924	8320100
1788456170	91000	21282208	21278003	0	26630748	8320100
1788456172	91000	21282208	21277994	0	26630564	8320100
1788456173	90000	21282208	21277994	0	26630956	8320100
1788456174	91000	21282208	21278005	0	26630764	8320100
1788456175	90000	21282208	21277992	0	26631256	8320100
1788456176	90000	21282208	21277991	0	26630924	8320100
1788456177	92000	21282208	21278000	0	26630308	8320100
1788456178	90000	21282208	21277995	0	26630504	8320100
1788456180	94000	21282208	21277992	0	26630852	8320100
1788456181	90000	21282208	21277991	0	26631816	8320100
1788456182	91000	21282208	21277994	0	26631564	8320100
1788456183	77000	21282208	21278003	0	26632104	8320100
1788456184	77000	21282208	21277994	0	26631992	8320100
1788456185	78000	21282208	21277991	0	26632580	8320100
1788456186	80000	21282208	21278002	0	26632232	8320100
1788456188	76000	21282208	21277990	0	26632384	8320100
1788456189	78000	21282208	21277994	0	26632020	8320100
1788456190	80000	21282208	21277991	0	26631768	8320100
1788456191	79000	21282208	21278004	0	26631752	8320100
1788456192	77000	21282208	21277990	0	26632136	8320100
1788456193	77000	21282208	21277991	0	26632388	8320100
1788456194	78000	21282208	21277995	0	26632684	8320100
1788456196	78000	21282208	21277991	0	26633136	8320100
1788456197	76000	21282208	21277991	0	26632924	8320100
1788456198	77000	21282208	21278003	0	26632784	8320100
1788456199	91000	21282208	21277990	0	26632028	8320100
1788456200	82000	21282208	21277997	0	26632368	8320100
1788456201	83000	21282208	21277992	0	26631788	8320100
1788456202	87000	21282208	21277997	0	26631772	8320100
1788456203	86000	21282208	21277995	0	26632088	8320100
1788456205	86000	21282208	21278002	0	26631692	8320100
1788456206	83000	21282208	21277992	0	26631440	8320100
1788456207	85000	21282208	21277990	0	26632148	8320100
1788456208	83000	21282208	21277990	0	26631808	8320100
1788456209	86000	21282208	21277990	0	26631884	8320100
1788456210	74000	21282208	21277990	0	26631044	8320100
1788456211	77000	21282208	21277997	0	26631044	8320100
1788456213	77000	21282208	21278004	0	26630876	8320100
1788456214	91000	21282208	21277992	0	26631128	8320100
1788456215	92000	21282208	21277991	0	26631836	8320100
1788456216	90000	21282208	21278003	0	26630984	8320100
1788456217	92000	21282208	21277990	0	26631236	8320100
1788456218	90000	21282208	21278003	0	26631004	8320100
1788456219	90000	21282208	21277992	0	26630876	8320100
1788456221	79000	21282208	21278003	0	26630436	8320100
1788456222	77000	21282208	21277990	0	26630388	8320100
1788456223	80000	21282208	21277995	0	26630816	8320100
1788456224	78000	21282208	21277990	0	26630452	8320100
1788456225	79000	21282208	21277990	0	26630824	8320100
1788456226	78000	21282208	21277990	0	26629844	8320100
1788456227	77000	21282208	21277991	0	26630132	8320100
1788456229	79000	21282208	21278002	0	26630620	8320100
1788456230	80000	21282208	21277994	0	26630872	8320104
1788456231	76000	21282208	21277992	0	26630620	8320104
1788456232	79000	21282208	21278003	0	26631116	8320104
1788456233	78000	21282208	21277995	0	26631392	8320104
1788456234	77000	21282208	21277997	0	26630944	8320104
1788456235	79000	21282208	21278005	0	26630752	8320104
1788456237	79000	21282208	21277990	0	26630772	8320104
1788456238	77000	21282208	21277991	0	26630716	8320104
1788456239	76000	21282208	21278003	0	26630352	8320104
1788456240	77000	21282208	21278000	0	26631056	8320104
1788456241	77000	21282208	21277997	0	26630536	8320104
1788456242	79000	21282208	21277992	0	26630048	8320104
1788456243	77000	21282208	21277990	0	26630412	8320104
1788456245	80000	21282208	21277992	0	26630760	8320104
1788456246	74000	21282208	21277990	0	26630948	8320104
1788456247	77000	21282208	21278004	0	26631356	8320104
1788456248	79000	21282208	21277991	0	26630536	8320104
1788456249	79000	21282208	21277997	0	26630820	8320104
1788456250	77000	21282208	21277990	0	26630144	8320104
1788456251	76000	21282208	21278005	0	26630560	8320104
1788456252	79000	21282208	21277990	0	26631260	8320104
1788456254	76000	21282208	21278005	0	26630712	8320104
1788456255	80000	21282208	21277990	0	26630796	8320104
1788456256	79000	21282208	21278004	0	26630904	8320104
1788456257	79000	21282208	21277994	0	26630636	8320104
1788456258	76000	21282208	21278000	0	26631140	8320104
1788456259	78000	21282208	21277992	0	26631140	8320104
1788456260	79000	21282208	21277990	0	26631392	8320104
1788456262	79000	21282208	21277994	0	26631152	8320104
1788456263	78000	21282208	21277992	0	26631396	8320104
1788456264	77000	21282208	21277991	0	26631276	8320104
1788456265	79000	21282208	21277992	0	26631640	8320104
1788456266	77000	21282208	21277990	0	26631640	8320104
1788456267	80000	21282208	21278002	0	26631248	8320104
1788456268	77000	21282208	21277992	0	26631704	8320104
1788456270	77000	21282208	21277994	0	26632144	8320104
1788456271	83000	21282208	21277990	0	26632344	8320104
1788456272	82000	21282208	21277991	0	26631536	8320104
1788456273	83000	21282208	21278003	0	26631976	8320104
1788456274	82000	21282208	21277990	0	26632444	8320104
1788456275	83000	21282208	21277991	0	26632620	8320104
1788456276	80000	21282208	21277990	0	26632308	8320104
1788456278	80000	21282208	21277994	0	26632288	8320104
1788456279	80000	21282208	21277990	0	26632532	8320104
1788456280	83000	21282208	21277992	0	26632776	8320104
1788456281	77000	21282208	21277991	0	26631744	8320104
1788456282	82000	21282208	21277990	0	26632104	8320104
1788456283	80000	21282208	21277990	0	26631932	8320104
1788456284	82000	21282208	21277994	0	26632164	8320104
1788456285	83000	21282208	21277992	0	26632196	8320104
1788456287	80000	21282208	21277990	0	26632524	8320104
1788456288	79000	21282208	21278003	0	26633268	8320104
1788456289	82000	21282208	21277997	0	26632496	8320104
1788456290	80000	21282208	21277992	0	26632748	8320104
1788456291	80000	21282208	21278000	0	26633068	8320104
1788456292	83000	21282208	21277991	0	26633200	8320104
1788456293	77000	21282208	21277992	0	26633544	8320104
1788456295	82000	21282208	21277991	0	26633192	8320104
1788456296	83000	21282208	21277995	0	26633180	8320104
1788456297	80000	21282208	21278004	0	26632832	8320104
1788456298	82000	21282208	21278004	0	26632644	8320104
1788456299	80000	21282208	21277994	0	26632824	8320104
1788456300	79000	21282208	21277990	0	26632868	8320104
1788456301	80000	21282208	21277990	0	26631860	8320104
1788456303	82000	21282208	21278003	0	26632000	8320104
1788456304	82000	21282208	21277992	0	26632036	8320104
1788456305	82000	21282208	21277997	0	26631840	8320104
1788456306	82000	21282208	21278003	0	26631196	8320104
1788456307	82000	21282208	21277994	0	26631692	8320104
1788456308	80000	21282208	21277991	0	26631716	8320104
1788456309	82000	21282208	21277991	0	26631840	8320104
1788456311	86000	21282208	21277995	0	26632220	8320104
1788456312	86000	21282208	21278003	0	26633340	8320104
1788456313	85000	21282208	21277994	0	26632840	8320104
1788456314	83000	21282208	21278004	0	26632432	8320104
1788456315	85000	21282208	21277992	0	26632540	8320104
1788456316	80000	21282208	21278003	0	26632636	8320104
1788456317	83000	21282208	21278004	0	26632304	8320104
1788456318	83000	21282208	21277992	0	26632240	8320108
1788456320	82000	21282208	21277992	0	26631728	8320108
1788456321	80000	21282208	21278000	0	26631708	8320108
1788456322	82000	21282208	21277992	0	26631144	8320108
1788456323	83000	21282208	21277994	0	26631168	8320108
1788456324	80000	21282208	21277990	0	26630284	8320108
1788456325	82000	21282208	21277995	0	26630508	8320108
1788456326	80000	21282208	21277990	0	26631060	8320108
1788456328	83000	21282208	21277990	0	26631060	8320108
1788456329	77000	21282208	21278000	0	26631032	8320108
1788456330	83000	21282208	21277990	0	26631284	8320108
1788456331	82000	21282208	21277990	0	26630892	8320108
1788456332	82000	21282208	21277990	0	26630528	8320108
1788456333	82000	21282208	21278004	0	26630144	8320108
1788456334	80000	21282208	21278002	0	26629956	8320108
1788456336	82000	21282208	21277990	0	26630016	8320108
1788456337	82000	21282208	21277990	0	26630204	8320108
1788456338	78000	21282208	21277991	0	26630456	8320108
1788456339	80000	21282208	21277997	0	26631252	8320108
1788456340	83000	21282208	21278005	0	26631508	8320108
1788456341	82000	21282208	21277990	0	26631476	8320108
1788456342	83000	21282208	21277997	0	26631160	8320108
1788456344	86000	21282208	21277997	0	26631048	8320108
1788456345	79000	21282208	21277997	0	26630656	8320108
1788456346	79000	21282208	21277992	0	26630948	8320108
1788456347	80000	21282208	21277991	0	26630952	8320108
1788456348	89000	21282208	21277992	0	26631436	8320112
1788456349	91000	21282208	21278005	0	26630428	8320112
1788456350	91000	21282208	21277991	0	26630440	8320112
1788456352	90000	21282208	21277990	0	26629896	8320112
1788456353	82000	21282208	21277992	0	26630320	8320112
1788456354	80000	21282208	21277991	0	26630412	8320112
1788456355	86000	21282208	21277990	0	26630172	8320112
1788456356	85000	21282208	21278002	0	26629832	8320112
1788456357	83000	21282208	21278003	0	26628996	8320112
1788456358	79000	21282208	21277994	0	26628764	8320112
1788456359	80000	21282208	21277991	0	26628580	8320112
1788456361	82000	21282208	21277994	0	26629336	8320112
1788456362	80000	21282208	21278003	0	26629020	8320112
1788456363	79000	21282208	21277990	0	26628852	8320112
1788456364	80000	21282208	21278003	0	26628548	8320112
1788456365	80000	21282208	21277992	0	26628864	8320112
1788456366	82000	21282208	21277991	0	26629240	8320112
1788456367	85000	21282208	21277990	0	26628988	8320112
1788456369	82000	21282208	21277994	0	26629364	8320112
1788456370	83000	21282208	21277991	0	26629064	8320112
1788456371	86000	21282208	21277990	0	26629396	8320112
1788456372	83000	21282208	21277992	0	26628612	8320112
1788456373	86000	21282208	21277990	0	26628964	8320112
1788456374	85000	21282208	21278000	0	26628444	8320112
1788456375	86000	21282208	21277997	0	26628948	8320112
1788456377	85000	21282208	21278000	0	26628472	8320112
1788456378	86000	21282208	21277994	0	26628520	8320112
1788456379	85000	21282208	21278003	0	26628960	8320112
1788456380	87000	21282208	21277997	0	26628580	8320112
1788456381	81000	21282208	21278004	0	26628744	8320112
1788456382	85000	21282208	21277992	0	26628832	8320112
1788456383	86000	21282208	21277991	0	26629212	8320112
1788456385	87000	21282208	21278009	0	26626432	8320136
1788456386	86000	21282208	21278006	0	26626456	8320136
1788456387	83000	21282208	21278017	0	26626300	8320136
1788456388	85000	21282208	21278022	0	26624096	8320136
1788456389	85000	21282208	21278016	0	26624376	8320136
1788456390	83000	21282208	21278016	0	26624032	8320136
1788456391	85000	21282208	21278031	0	26623276	8320136
1788456392	86000	21282208	21278019	0	26622772	8320136
1788456394	82000	21282208	21278026	0	26623908	8320136
1788456395	82000	21282208	21278003	0	26622376	8320136
1788456396	82000	21282208	21278013	0	26621668	8320140
1788456397	79000	21282208	21278002	0	26623028	8320140
1788456398	84000	21282208	21278005	0	26622556	8320140
1788456399	80000	21282208	21278005	0	26623060	8320140
1788456400	83000	21282208	21278001	0	26622332	8320144
1788456402	80000	21282208	21278002	0	26622028	8320144
1788456403	80000	21282208	21278001	0	26622408	8320144
1788456404	80000	21282208	21278013	0	26622332	8320144
1788456405	84000	21282208	21278006	0	26622712	8320144
1788456406	77000	21282208	21278003	0	26623312	8320144
1788456407	83000	21282208	21278016	0	26622392	8320144
1788456408	80000	21282208	21278001	0	26623432	8320144
1788456410	83000	21282208	21278003	0	26623028	8320144
1788456411	80000	21282208	21278016	0	26624024	8320144
1788456412	82000	21282208	21278005	0	26624208	8320144
1788456413	84000	21282208	21278017	0	26623264	8320144
1788456414	80000	21282208	21278015	0	26622476	8320144
1788456415	76000	21282208	21278020	0	26621404	8320144
1788456416	74000	21282208	21278007	0	26622172	8320144
1788456418	79000	21282208	21278007	0	26622164	8320144
1788456419	78000	21282208	21278005	0	26621800	8320144
1788456420	79000	21282208	21278017	0	26621208	8320144
1788456421	80000	21282208	21278015	0	26621408	8320144
1788456422	76000	21282208	21278008	0	26621660	8320144
1788456423	79000	21282208	21278007	0	26622212	8320144
1788456424	79000	21282208	21278005	0	26622464	8320144
1788456425	77000	21282208	21278008	0	26623080	8320144
1788456427	90000	21282208	21278008	0	26622892	8320144
1788456428	91000	21282208	21278019	0	26622868	8320144
1788456429	90000	21282208	21278008	0	26622840	8320144
1788456430	88000	21282208	21278009	0	26623444	8320144
1788456431	90000	21282208	21278005	0	26623016	8320144
1788456432	91000	21282208	21278005	0	26622768	8320144
1788456433	90000	21282208	21278008	0	26623020	8320144
1788456435	77000	21282208	21278005	0	26623888	8320144
1788456436	79000	21282208	21278007	0	26623752	8320144
1788456437	79000	21282208	21278008	0	26623864	8320144
1788456438	77000	21282208	21278008	0	26624416	8320144
1788456439	79000	21282208	21278020	0	26624544	8320144
1788456440	79000	21282208	21278005	0	26624404	8320144
1788456441	77000	21282208	21278007	0	26624116	8320144
1788456443	79000	21282208	21278008	0	26623712	8320144
1788456444	79000	21282208	21278018	0	26623396	8320144
1788456445	83000	21282208	21278007	0	26623784	8320144
1788456446	78000	21282208	21278007	0	26623432	8320144
1788456447	82000	21282208	21278005	0	26623936	8320144
1788456448	82000	21282208	21278018	0	26623936	8320144
1788456449	86000	21282208	21278009	0	26623144	8320144
1788456451	86000	21282208	21278017	0	26623956	8320144
1788456452	80000	21282208	21278017	0	26623940	8320144
1788456453	79000	21282208	21278017	0	26623888	8320144
1788456454	76000	21282208	21278005	0	26624376	8320144
1788456455	80000	21282208	21278007	0	26624852	8320144
1788456456	77000	21282208	21278005	0	26624556	8320144
1788456457	77000	21282208	21278019	0	26624436	8320144
1788456458	78000	21282208	21278005	0	26624440	8320144
1788456460	80000	21282208	21278007	0	26624324	8320144
1788456461	74000	21282208	21278019	0	26624560	8320144
1788456462	77000	21282208	21278025	0	26625316	8320144
1788456463	80000	21282208	21278014	0	26626352	8320144
1788456464	82000	21282208	21278014	0	26625672	8320144
1788456465	82000	21282208	21278025	0	26625764	8320144
1788456466	80000	21282208	21278013	0	26625904	8320144
1788456468	83000	21282208	21278020	0	26626028	8320144
1788456469	79000	21282208	21278020	0	26626028	8320144
1788456470	80000	21282208	21278010	0	26625640	8320144
1788456471	77000	21282208	21278025	0	26625852	8320144
1788456472	83000	21282208	21278011	0	26625652	8320144
1788456473	79000	21282208	21278010	0	26625400	8320144
1788456474	86000	21282208	21278013	0	26625604	8320144
1788456476	83000	21282208	21278024	0	26625820	8320144
1788456477	85000	21282208	21278020	0	26625996	8320144
1788456478	87000	21282208	21278010	0	26626244	8320144
1788456479	83000	21282208	21278022	0	26626296	8320144
1788456480	86000	21282208	21278011	0	26626044	8320148
1788456481	83000	21282208	21278014	0	26625672	8320148
1788456482	86000	21282208	21278013	0	26625920	8320148
1788456484	85000	21282208	21278012	0	26626144	8320148
1788456485	86000	21282208	21278024	0	26626108	8320148
1788456486	85000	21282208	21278012	0	26626912	8320148
1788456487	87000	21282208	21278013	0	26626492	8320148
1788456488	76000	21282208	21278012	0	26627568	8320148
1788456489	78000	21282208	21278016	0	26628136	8320148
1788456490	85000	21282208	21278023	0	26627816	8320148
1788456492	85000	21282208	21278010	0	26627768	8320148
1788456493	86000	21282208	21278022	0	26628640	8320148
1788456494	86000	21282208	21278011	0	26628468	8320148
1788456495	85000	21282208	21278011	0	26628692	8320148
1788456496	85000	21282208	21278011	0	26628944	8320148
1788456497	83000	21282208	21278022	0	26628692	8320148
1788456498	83000	21282208	21278020	0	26628696	8320148
1788456500	86000	21282208	21278020	0	26628860	8320148
1788456501	83000	21282208	21278023	0	26629068	8320148
1788456502	86000	21282208	21278011	0	26629020	8320148
1788456503	83000	21282208	21278011	0	26628136	8320148
1788456504	85000	21282208	21278013	0	26628696	8320148
1788456505	86000	21282208	21278012	0	26628696	8320148
1788456506	86000	21282208	21278024	0	26628332	8320148
1788456507	82000	21282208	21278013	0	26628936	8320148
1788456509	79000	21282208	21278013	0	26628956	8320148
1788456510	83000	21282208	21278024	0	26628924	8320148
1788456511	82000	21282208	21278020	0	26629272	8320148
1788456512	78000	21282208	21278012	0	26628512	8320148
1788456513	80000	21282208	21278012	0	26628532	8320148
1788456514	80000	21282208	21278010	0	26628056	8320148
1788456515	74000	21282208	21278025	0	26629148	8320148
1788456517	79000	21282208	21278012	0	26628844	8320148
1788456518	76000	21282208	21278020	0	26628592	8320148
1788456519	80000	21282208	21278024	0	26628852	8320148
1788456520	79000	21282208	21278010	0	26628796	8320148
1788456521	79000	21282208	21278013	0	26628996	8320148
1788456522	79000	21282208	21278010	0	26628332	8320148
1788456523	78000	21282208	21278011	0	26628584	8320148
1788456525	80000	21282208	21278013	0	26628596	8320148
1788456526	77000	21282208	21278012	0	26628652	8320148
1788456527	77000	21282208	21278016	0	26628260	8320148
1788456528	79000	21282208	21278024	0	26629660	8320148
1788456529	80000	21282208	21278023	0	26629476	8320148
1788456530	75000	21282208	21278012	0	26628720	8320148
1788456531	77000	21282208	21278014	0	26628468	8320148
1788456533	77000	21282208	21278024	0	26628468	8320148
1788456534	80000	21282208	21278010	0	26628312	8320148
1788456535	76000	21282208	21278012	0	26627628	8320148
1788456536	60000	21282216	21278157	0	26627888	8320148
1788456537	58000	21282216	21278159	0	26628144	8320148
1788456538	57000	21282216	21278145	0	26627940	8320148
1788456539	57000	21282216	21278157	0	26628404	8320148
1788456541	57000	21282216	21278158	0	26628988	8320148
1788456542	56000	21282216	21278158	0	26629300	8320148
1788456543	57000	21282216	21278157	0	26629424	8320148
1788456544	57000	21282216	21278145	0	26629248	8320148
1788456545	55000	21282216	21278151	0	26628764	8320148
1788456546	56000	21282216	21278159	0	26628428	8320148
1788456548	57000	21282216	21278147	0	26628944	8320148
1788456549	55000	21282216	21278158	0	26629196	8320148
1788456550	53000	21282216	21278147	0	26630408	8320148
1788456551	55000	21282216	21278159	0	26630884	8320148
1788456552	54000	21282216	21278148	0	26630476	8320148
1788456553	55000	21282216	21278155	0	26630484	8320148
1788456555	54000	21282216	21278145	0	26630624	8320148
1788456556	54000	21282216	21278158	0	26631204	8320148
1788456557	52000	21282216	21278146	0	26630952	8320148
1788456558	54000	21282216	21278151	0	26630704	8320148
1788456559	54000	21282216	21278157	0	26631256	8320148
1788456560	53000	21282216	21278146	0	26631556	8320148
1788456562	52000	21282216	21278146	0	26631808	8320148
1788456563	53000	21282216	21278159	0	26631852	8320148
1788456564	55000	21282216	21278146	0	26631368	8320148
1788456565	53000	21282216	21278155	0	26631780	8320148
1788456566	70000	20976100	20971911	0	26943288	8320148
1788456567	73000	20976100	20971905	0	26943884	8320148
1788456568	77000	20976100	20971908	0	26942480	8320148
1788456570	81000	20976100	20971904	0	26942540	8320148
1788456571	74000	20976100	20971907	0	26941420	8320148
1788456572	74000	20976100	20971911	0	26941072	8320148
1788456573	76000	20976100	20971904	0	26941392	8320148
1788456574	76000	20976100	20971905	0	26941140	8320148
1788456575	76000	20976100	20971904	0	26941672	8320148
1788456576	76000	20976100	20971917	0	26941404	8320148
1788456578	75000	20976100	20971908	0	26940792	8320148
1788456579	76000	20976100	20971907	0	26940656	8320148
1788456580	91000	20976100	20971905	0	26941472	8320148
1788456581	90000	20976100	20971906	0	26941672	8320148
1788456582	90000	20976100	20971907	0	26941564	8320148
1788456583	89000	20976100	20971905	0	26941880	8320148
1788456584	89000	20976100	20971917	0	26941340	8320148
1788456585	86000	20976100	20971908	0	26941200	8320148
1788456587	89000	20976100	20971911	0	26941624	8320148
1788456588	88000	20976100	20971905	0	26940784	8320148
1788456589	90000	20976100	20971906	0	26941072	8320148
1788456590	91000	20976100	20971906	0	26941120	8320148
1788456591	91000	20976100	20971918	0	26940932	8320148
1788456592	90000	20976100	20971904	0	26940936	8320148
1788456593	88000	20976100	20971908	0	26940544	8320148
1788456595	78000	20976100	20971905	0	26940596	8320148
1788456596	77000	20976100	20971904	0	26940640	8320148
1788456597	77000	20976100	20971916	0	26940892	8320148
1788456598	77000	20976100	20971906	0	26940888	8320148
1788456599	89000	20976100	20971905	0	26941992	8320148
1788456600	77000	20976100	20971918	0	26941796	8320148
1788456601	79000	20976100	20971917	0	26941536	8320148
1788456602	75000	20976100	20971916	0	26941300	8320148
1788456604	76000	20976100	20971909	0	26941664	8320148
1788456605	88000	20976100	20971904	0	26942028	8320148
1788456606	90000	20976100	20971906	0	26941576	8320148
1788456607	90000	20976100	20971907	0	26941084	8320148
1788456608	90000	20976100	20971905	0	26941328	8320148
1788456609	89000	20976100	20971906	0	26941356	8320148
1788456610	89000	20976100	20971917	0	26941676	8320148
1788456612	90000	20976100	20971904	0	26941044	8320148
1788456613	88000	20976100	20971906	0	26941320	8320148
1788456614	90000	20976100	20971907	0	26941456	8320148
1788456615	88000	20976100	20971908	0	26941512	8320148
1788456616	89000	20976100	20971908	0	26942520	8320148
1788456617	90000	20976100	20971906	0	26941652	8320148
1788456618	91000	21129320	21125128	0	26780484	8320148
1788456619	91000	21129320	21125128	0	26780864	8320148
1788456621	90000	21129320	21125136	0	26780108	8320148
1788456622	85000	21129320	21125127	0	26780072	8320148
1788456623	89000	21129320	21125127	0	26780052	8320148
1788456624	89000	21129320	21125139	0	26779724	8320148
1788456625	90000	21129320	21125138	0	26779508	8320148
1788456626	88000	21129320	21125137	0	26778436	8320148
1788456627	90000	21129320	21125125	0	26778548	8320148
1788456629	77000	21129320	21125136	0	26779652	8320148
1788456630	91000	21129320	21125139	0	26778972	8320148
1788456631	90000	21129320	21125124	0	26778432	8320148
1788456632	88000	21129320	21125138	0	26778432	8320148
1788456633	89000	21129320	21125127	0	26778396	8320148
1788456634	91000	21129320	21125136	0	26778572	8320148
1788456635	79000	21129320	21125138	0	26777888	8320148
1788456636	78000	21129320	21125126	0	26778900	8320148
1788456638	78000	21129320	21125124	0	26778956	8320148
1788456639	82000	21129320	21125124	0	26779192	8320148
1788456640	79000	21129320	21125138	0	26778940	8320148
1788456641	79000	21129320	21125128	0	26778848	8320148
1788456642	82000	21129320	21125138	0	26778960	8320148
1788456643	82000	21129320	21125124	0	26778784	8320148
1788456644	79000	21129320	21125138	0	26778772	8320148
1788456646	80000	21129320	21125127	0	26779104	8320148
1788456647	78000	21129320	21125136	0	26779356	8320148
1788456648	79000	21129320	21125126	0	26779340	8320148
1788456649	79000	21129320	21125124	0	26779576	8320148
1788456650	79000	21129320	21125136	0	26780732	8320148
1788456651	79000	21129320	21125131	0	26780588	8320148
1788456652	78000	21129320	21125138	0	26780036	8320148
1788456653	82000	21129320	21125126	0	26780148	8320148
1788456655	78000	21129320	21125125	0	26779852	8320148
1788456656	79000	21129320	21125137	0	26780240	8320148
1788456657	82000	21129320	21125126	0	26780252	8320148
1788456658	82000	21129320	21125127	0	26779572	8320148
1788456659	80000	21129320	21125136	0	26778816	8320148
1788456660	78000	21129320	21125138	0	26779508	8320148
1788456661	78000	21129320	21125125	0	26779256	8320148
1788456663	82000	21129320	21125137	0	26779016	8320148
1788456664	80000	21129320	21125139	0	26779304	8320148
1788456665	80000	21129320	21125126	0	26778876	8320148
1788456666	78000	21129320	21125139	0	26779220	8320148
1788456667	79000	21129320	21125125	0	26779264	8320148
1788456668	80000	21129320	21125126	0	26779040	8320148
1788456669	79000	21129320	21125128	0	26778648	8320148
1788456670	80000	21129320	21125127	0	26778624	8320148
1788456672	79000	21129320	21125134	0	26779604	8320148
1788456673	79000	21129320	21125137	0	26780332	8320148
1788456674	75000	21129320	21125137	0	26783644	8320148
1788456675	76000	21129320	21125124	0	26785148	8320148
1788456676	77000	21129320	21125125	0	26785720	8320148
1788456677	77000	21129320	21125129	0	26786600	8320148
1788456678	77000	21129320	21125126	0	26786692	8320148
1788456680	79000	21129320	21125137	0	26786352	8320148
1788456681	76000	21129320	21125139	0	26786936	8320148
1788456682	77000	21129320	21125125	0	26786904	8320148
1788456683	77000	21129320	21125126	0	26786920	8320148
1788456684	76000	21129320	21125124	0	26787228	8320148
1788456685	77000	21129320	21125126	0	26787392	8320148
1788456686	76000	21129320	21125125	0	26787704	8320148
1788456687	76000	21129320	21125123	0	26787188	8320148
1788456689	76000	21129320	21125120	0	26786508	8320148
1788456690	76000	21129320	21125129	0	26786468	8320148
1788456691	76000	21129320	21125128	0	26785688	8320148
1788456692	77000	21129320	21125119	0	26785912	8320148
1788456693	76000	21129320	21125118	0	26785600	8320148
1788456694	77000	21129320	21125118	0	26784840	8320148
1788456695	76000	21129320	21125118	0	26785128	8320148
1788456697	76000	21129320	21125118	0	26784084	8320148
1788456698	75000	21129320	21125119	0	26784540	8320148
1788456699	76000	21129320	21125120	0	26784224	8320148
1788456700	76000	21129320	21125118	0	26783720	8320152
1788456701	76000	21129320	21125129	0	26783468	8320152
1788456702	77000	21129320	21125118	0	26783488	8320152
1788456703	77000	21129320	21125118	0	26783776	8320152
1788456704	77000	21129320	21125118	0	26783612	8320152
1788456706	77000	21129780	21125578	0	26785208	8320152
1788456707	80000	21283000	21278798	0	26632436	8320152
1788456708	77000	21283000	21278796	0	26632316	8320152
1788456709	79000	21283000	21278796	0	26632608	8320152
1788456710	77000	21283000	21278801	0	26633528	8320152
1788456711	80000	21283000	21278800	0	26633260	8320152
1788456712	90000	21283000	21278808	0	26635212	8320152
1788456714	92000	21283000	21278795	0	26634912	8320152
1788456715	90000	21283000	21278797	0	26634408	8320152
1788456716	90000	21283000	21278796	0	26634200	8320152
1788456717	90000	21283000	21278795	0	26634756	8320152
1788456718	90000	21283000	21278795	0	26634252	8320152
1788456719	76000	21283000	21278800	0	26634112	8320152
1788456720	80000	21283000	21278797	0	26633428	8320152
1788456722	80000	21283000	21278802	0	26632764	8320152
1788456723	79000	21436220	21432015	0	26470712	8320152
1788456724	76000	21436220	21432018	0	26469172	8320152
1788456725	77000	21436220	21432015	0	26470736	8320152
1788456726	77000	21436220	21432026	0	26471016	8320152
1788456727	82000	21436220	21432015	0	26473028	8320152
1788456728	79000	21436220	21432022	0	26474972	8320152
1788456729	79000	21436220	21432030	0	26473988	8320152
1788456731	76000	21436220	21432017	0	26475652	8320152
1788456732	76000	21436220	21432018	0	26474604	8320152
1788456733	78000	21436220	21432018	0	26475044	8320152
1788456734	80000	21436220	21432015	0	26475348	8320152
1788456735	86000	21436220	21432015	0	26476552	8320152
1788456736	79000	21436220	21432022	0	26476656	8320152
1788456737	74000	21436220	21432018	0	26475760	8320152
1788456739	79000	21436220	21432019	0	26474032	8320152
1788456740	81000	21436220	21432015	0	26474212	8320152
1788456741	76000	21436220	21432026	0	26473272	8320152
1788456742	76000	21436220	21432022	0	26473236	8320152
1788456743	79000	21436220	21432018	0	26473620	8320152
1788456744	74000	21436220	21432017	0	26473792	8320152
1788456745	76000	21436220	21432016	0	26473724	8320152
1788456747	79000	21436220	21432030	0	26473544	8320152
1788456748	77000	21436220	21432015	0	26473584	8320152
1788456749	83000	21436220	21432020	0	26474132	8320152
1788456750	83000	21436220	21432018	0	26474084	8320156
1788456751	78000	21436220	21432017	0	26475012	8320156
1788456752	79000	21436220	21432020	0	26475580	8320156
1788456753	80000	21436220	21432022	0	26476976	8320156
1788456755	76000	21436220	21432028	0	26477060	8320156
1788456756	80000	21436220	21432028	0	26477676	8320156
1788456757	86000	21436220	21432017	0	26478552	8320156
1788456758	91000	21436220	21432026	0	26478280	8320156
1788456759	91000	21436220	21432030	0	26478356	8320156
1788456760	79000	21436220	21432017	0	26476392	8320156
1788456761	78000	21436220	21432016	0	26475764	8320156
1788456763	78000	21436220	21432018	0	26476388	8320156
1788456764	90000	21436220	21432019	0	26476916	8320156
1788456765	85000	21436220	21432027	0	26477684	8320156
1788456766	90000	21436220	21432015	0	26477856	8320156
1788456767	91000	21436220	21432029	0	26477868	8320156
1788456768	90000	21436220	21432019	0	26478532	8320156
1788456769	90000	21436220	21432028	0	26478532	8320156
1788456770	90000	21436220	21432018	0	26476588	8320156
1788456772	90000	21436220	21432025	0	26475280	8320156
1788456773	90000	21436220	21432030	0	26475352	8320156
1788456774	90000	21436220	21432014	0	26474948	8320156
1788456775	85000	21436220	21432016	0	26475072	8320156
1788456776	89000	21436220	21432016	0	26474644	8320156
1788456777	89000	21436220	21432027	0	26474600	8320156
1788456778	89000	21436220	21432016	0	26475348	8320156
1788456780	90000	21436220	21432017	0	26474776	8320156
1788456781	90000	21436220	21432030	0	26474228	8320156
1788456782	90000	21436220	21432017	0	26474412	8320156
1788456783	90000	21436220	21432030	0	26474336	8320156
1788456784	90000	21436220	21432016	0	26473800	8320156
1788456785	91000	21436220	21432014	0	26473180	8320156
1788456786	89000	21436220	21432016	0	26473524	8320156
1788456788	91000	21436220	21432025	0	26473672	8320156
1788456789	88000	21436220	21432030	0	26474040	8320156
1788456790	90000	21436220	21432019	0	26474168	8320156
1788456791	89000	21436220	21432025	0	26473536	8320156
1788456792	79000	21436220	21432027	0	26473236	8320156
1788456793	79000	21436220	21432017	0	26473576	8320156
1788456794	80000	21436220	21432016	0	26474060	8320156
1788456796	80000	21436220	21432027	0	26474552	8320156
1788456797	80000	21436220	21432022	0	26475752	8320156
1788456798	56000	21475144	21471114	0	26441868	8320156
1788456799	57000	21475144	21471115	0	26441808	8320156
1788456800	57000	21475144	21471109	0	26442536	8320160
1788456801	55000	21475144	21471098	0	26443844	8320160
1788456803	56000	21475144	21471094	0	26443280	8320160
1788456804	54000	21475144	21471098	0	26443600	8320160
1788456805	55000	21475144	21471105	0	26443584	8320160
1788456806	56000	21475144	21471114	0	26443764	8320160
1788456807	55000	21475144	21471112	0	26444096	8320160
1788456808	55000	21475144	21471097	0	26443592	8320160
1788456809	54000	21475144	21471116	0	26443992	8320160
1788456811	53000	21475144	21471103	0	26444324	8320160
1788456812	56000	21475144	21471095	0	26445204	8320160
1788456813	53000	21475144	21471096	0	26446048	8320160
1788456814	53000	21475144	21471095	0	26445996	8320160
1788456815	53000	21475144	21471099	0	26445556	8320160
1788456816	54000	21475144	21471099	0	26444880	8320160
1788456818	52000	21475144	21471100	0	26444844	8320160
1788456819	53000	21475144	21471114	0	26445320	8320160
1788456820	53000	21475144	21471101	0	26445544	8320160
1788456821	52000	21475144	21471102	0	26445568	8320160
1788456822	53000	21475144	21471113	0	26445872	8320160
1788456823	52000	21475144	21471096	0	26446376	8320160
1788456825	52000	21475144	21471098	0	26446180	8320160
1788456826	61000	21475144	21471087	0	26729712	8319960
1788456827	77000	21017836	21013769	0	27181868	8319960
1788456828	76000	21019944	21015877	0	27180256	8319960
1788456829	76000	21019944	21015879	0	27180844	8319960
1788456830	88000	21019944	21015883	0	27182000	8319960
1788456831	86000	21019944	21015874	0	27181300	8319960
1788456833	89000	21019944	21015880	0	27182808	8319960
1788456834	85000	21019944	21015879	0	27183968	8319960
1788456835	86000	21019944	21015880	0	27185224	8319960
1788456836	85000	21019944	21015854	0	27187460	8319960
1788456837	85000	21019944	21015851	0	27187948	8319960
1788456838	85000	21019944	21015870	0	27188696	8319960
1788456839	88000	21019944	21015853	0	27189284	8319960
1788456841	90000	21019944	21015856	0	27188852	8319960
1788456842	90000	21019944	21015855	0	27189252	8319960
1788456843	85000	21019944	21015851	0	27189832	8319960
1788456844	90000	21019944	21015852	0	27190624	8319960
1788456845	90000	21019944	21015851	0	27190764	8319960
1788456846	86000	21019944	21015858	0	27191152	8319960
1788456847	90000	21019944	21015852	0	27190648	8319960
1788456848	82000	21019944	21015856	0	27190868	8319960
1788456850	86000	21019944	21015851	0	27190616	8319960
1788456851	77000	21019944	21015853	0	27190568	8319960
1788456852	77000	21019944	21015851	0	27189560	8319960
1788456853	76000	21019944	21015852	0	27190932	8319960
1788456854	76000	21019944	21015851	0	27190808	8319960
1788456855	75000	21019944	21015854	0	27190808	8319960
1788456856	77000	21019944	21015852	0	27190348	8319960
1788456857	75000	21019944	21015852	0	27190320	8319960
1788456859	76000	21019944	21015851	0	27189832	8319960
1788456860	76000	21019944	21015855	0	27189692	8319960
1788456861	76000	21019944	21015853	0	27189756	8319960
1788456862	75000	21019944	21015852	0	27189252	8319960
1788456863	75000	21019944	21015855	0	27189000	8319960
1788456864	74000	21019944	21015855	0	27188020	8319960
1788456865	76000	21019944	21015868	0	27188248	8319960
1788456867	74000	21019944	21015852	0	27188248	8319960
1788456868	74000	21019944	21015851	0	27187996	8319960
1788456869	74000	21019944	21015852	0	27187744	8319960
1788456870	76000	21019944	21015854	0	27187996	8319960
1788456871	74000	21019944	21015870	0	27188008	8319960
1788456872	77000	21019944	21015868	0	27187756	8319960
1788456873	77000	21019944	21015854	0	27187756	8319960
1788456874	81000	21019944	21015861	0	27187504	8319960
1788456876	78000	21019944	21015856	0	27187616	8319960
1788456877	80000	21019944	21015854	0	27188008	8319960
1788456878	80000	21019944	21015865	0	27187936	8319960
1788456879	78000	21019944	21015861	0	27188300	8319960
1788456880	78000	21019944	21015863	0	27187816	8319960
1788456881	79000	21019944	21015855	0	27188500	8319960
1788456882	78000	21019944	21015853	0	27188592	8319960
1788456884	78000	21019944	21015856	0	27189208	8319960
1788456885	78000	21019944	21015868	0	27188936	8319960
1788456886	78000	21019944	21015868	0	27189324	8319960
1788456887	78000	21019944	21015851	0	27189488	8319960
1788456888	77000	21019944	21015863	0	27189204	8319960
1788456889	77000	21019944	21015855	0	27189340	8319960
1788456890	77000	21019944	21015858	0	27189056	8319960
1788456891	78000	21019944	21015865	0	27189556	8319960
1788456893	77000	21019944	21015861	0	27188780	8319960
1788456894	78000	21019944	21015868	0	27188692	8319960
1788456895	79000	21019944	21015868	0	27188440	8319960
1788456896	80000	21019944	21015865	0	27188628	8319960
1788456897	80000	21019944	21015854	0	27188376	8319960
1788456898	79000	21019944	21015870	0	27188452	8319960
1788456899	91000	21019944	21015851	0	27188184	8319960
1788456900	78000	21019944	21015855	0	27188276	8319960
1788456902	79000	21019944	21015863	0	27188608	8319960
1788456903	78000	21019944	21015863	0	27188180	8319960
1788456904	78000	21019944	21015858	0	27188116	8319960
1788456905	78000	21019944	21015861	0	27186632	8319960
1788456906	88000	21019944	21015851	0	27186604	8319960
1788456907	89000	21019944	21015852	0	27186556	8319960
1788456908	89000	21019944	21015856	0	27186824	8319960
1788456910	88000	21019944	21015863	0	27186992	8319960
1788456911	88000	21019944	21015856	0	27187636	8319960
1788456912	88000	21019944	21015865	0	27186832	8319960
1788456913	88000	21019944	21015853	0	27186876	8319960
1788456914	80000	21019944	21015865	0	27186896	8319960
1788456915	78000	21019944	21015863	0	27187188	8319960
1788456916	78000	21019944	21015865	0	27187124	8319960
1788456917	85000	21019944	21015851	0	27186872	8319960
1788456919	83000	21019944	21015851	0	27187456	8319960
1788456920	80000	21019944	21015865	0	27187804	8319960
1788456921	83000	21019944	21015851	0	27187456	8319960
1788456922	78000	21019944	21015851	0	27187844	8319960
1788456923	89000	21019944	21015851	0	27187984	8319960
1788456924	89000	21019944	21015858	0	27187844	8319960
1788456925	90000	21019944	21015858	0	27187364	8319960
1788456927	89000	21019944	21015858	0	27187208	8319960
1788456928	88000	21019944	21015851	0	27186956	8319960
1788456929	90000	21019944	21015853	0	27186816	8319960
1788456930	76000	21019944	21015865	0	27186252	8319964
1788456931	79000	21019944	21015851	0	27185860	8319964
1788456932	79000	21019944	21015851	0	27185504	8319964
1788456933	77000	21019944	21015851	0	27185208	8319964
1788456934	77000	21019944	21015861	0	27185096	8319964
1788456936	76000	21019944	21015868	0	27185460	8319964
1788456937	79000	21019944	21015854	0	27186008	8319964
1788456938	77000	21019944	21015852	0	27185756	8319964
1788456939	79000	21019944	21015852	0	27185832	8319964
1788456940	74000	21019944	21015868	0	27185444	8319964
1788456941	77000	21019944	21015854	0	27185556	8319964
1788456942	79000	21019944	21015853	0	27185480	8319964
1788456944	76000	21019944	21015861	0	27185268	8319964
1788456945	77000	21019944	21015851	0	27184776	8319964
1788456946	79000	21019944	21015868	0	27184724	8319964
1788456947	79000	21019944	21015851	0	27184584	8319964
1788456948	76000	21019944	21015865	0	27185780	8319964
1788456949	77000	21019944	21015851	0	27185276	8319964
1788456950	77000	21019944	21015868	0	27184896	8319964
1788456951	77000	21019944	21015853	0	27184704	8319964
1788456953	91000	21019944	21015853	0	27184672	8319964
1788456954	79000	21019944	21015856	0	27184444	8319964
1788456955	77000	21019944	21015858	0	27184444	8319964
1788456956	76000	21019944	21015852	0	27185728	8319964
1788456957	80000	21019944	21015853	0	27185728	8319964
1788456958	79000	21019944	21015863	0	27185728	8319964
1788456959	76000	21019944	21015863	0	27185680	8319964
1788456961	79000	21019944	21015861	0	27185648	8319964
1788456962	77000	21019944	21015855	0	27185648	8319964
1788456963	77000	21019944	21015855	0	27185524	8319964
1788456964	77000	21019944	21015854	0	27184752	8319964
1788456965	77000	21019944	21015851	0	27184752	8319964
1788456966	76000	21019944	21015854	0	27184368	8319964
1788456967	77000	21019944	21015851	0	27185172	8319964
1788456968	77000	21019944	21015856	0	27184996	8319964
1788456970	76000	21019944	21015851	0	27184780	8319964
1788456971	78000	21019944	21015863	0	27184668	8319964
1788456972	76000	21019944	21015853	0	27184512	8319964
1788456973	77000	21019944	21015870	0	27184876	8319964
1788456974	79000	21019944	21015863	0	27184336	8319964
1788456975	79000	21019944	21015854	0	27183796	8319964
1788456976	77000	21019944	21015852	0	27184168	8319964
1788456977	79000	21019944	21015852	0	27184420	8319964
1788456979	79000	21019944	21015858	0	27184420	8319964
1788456980	81000	21019944	21015868	0	27184388	8319964
1788456981	80000	21019944	21015865	0	27183744	8319964
1788456982	77000	21019944	21015861	0	27184416	8319964
1788456983	79000	21019944	21015851	0	27184336	8319964
1788456984	77000	21019944	21015870	0	27183404	8319964
1788456985	79000	21019944	21015858	0	27183372	8319964
1788456987	79000	21019944	21015851	0	27183660	8319964
1788456988	76000	21019944	21015852	0	27183232	8319964
1788456989	76000	21019944	21015847	0	27183636	8319964
1788456990	77000	21019944	21015850	0	27183156	8319964
1788456991	76000	21019944	21015850	0	27183676	8319964
1788456992	77000	21019944	21015851	0	27183604	8319964
1788456993	76000	21019944	21015848	0	27183860	8319964
1788456994	76000	21019944	21015863	0	27183708	8319964
1788456996	76000	21019944	21015851	0	27183672	8319964
1788456997	77000	21019944	21015849	0	27184536	8319964
1788456998	79000	21019944	21015848	0	27185084	8319964
1788456999	79000	21019944	21015858	0	27186164	8319964
1788457000	79000	21019944	21015846	0	27186672	8319964
1788457001	79000	21019944	21015847	0	27187464	8319964
1788457002	79000	21019944	21015853	0	27187212	8319964
1788457003	77000	21019944	21015865	0	27186456	8319964
1788457005	77000	21019944	21015856	0	27187756	8319964
1788457006	74000	21019944	21015863	0	27187508	8319964
1788457007	90000	21019944	21015863	0	27187368	8319964
1788457008	90000	21019944	21015845	0	27190664	8319968
1788457009	89000	21019944	21015858	0	27189860	8319968
1788457010	79000	21019944	21015848	0	27189484	8319968
1788457011	83000	21019944	21015863	0	27188980	8319968
1788457013	81000	21019944	21015863	0	27189168	8319968
1788457014	85000	21019944	21015861	0	27190180	8319968
1788457015	76000	21019944	21015844	0	27190464	8319968
1788457016	87000	21019944	21015845	0	27190112	8319968
1788457017	79000	21019944	21015849	0	27190572	8319968
1788457018	79000	21019944	21015845	0	27190532	8319968
1788457019	79000	21019944	21015852	0	27190796	8319968
1788457020	79000	21019944	21015844	0	27190628	8319968
1788457022	80000	21019944	21015855	0	27190548	8319968
1788457023	79000	21019944	21015847	0	27191384	8319968
1788457024	78000	21019944	21015845	0	27190640	8319968
1788457025	80000	21019944	21015861	0	27190724	8319968
1788457026	79000	21019944	21015848	0	27190300	8319968
1788457027	79000	21019944	21015848	0	27190936	8319968
1788457028	80000	21019944	21015846	0	27190996	8319968
1788457030	80000	21019944	21015847	0	27190416	8319968
1788457031	80000	21019944	21015861	0	27190416	8319968
1788457032	84000	21019944	21015846	0	27190400	8319968
1788457033	83000	21019944	21015844	0	27190308	8319968
1788457034	92000	21019944	21015859	0	27189772	8319968
1788457035	92000	21019944	21015847	0	27190720	8319968
1788457036	90000	21019944	21015846	0	27190168	8319968
1788457037	91000	21019944	21015844	0	27190648	8319968
1788457039	90000	21019944	21015857	0	27190724	8319968
1788457040	92000	21019944	21015861	0	27191072	8319968
1788457041	89000	21019944	21015855	0	27190660	8319968
1788457042	89000	21019944	21015863	0	27191248	8319968
1788457043	90000	21019944	21015846	0	27190856	8319968
1788457044	91000	21019944	21015848	0	27190132	8319968
1788457045	91000	21019944	21015861	0	27189436	8319968
1788457047	91000	21019944	21015846	0	27189784	8319968
1788457048	91000	21019944	21015845	0	27189872	8319968
1788457049	92000	21019944	21015847	0	27189796	8319968
1788457050	90000	21019944	21015859	0	27190512	8319968
1788457051	91000	21019944	21015852	0	27190184	8319968
1788457052	91000	21019944	21015846	0	27189592	8319968
1788457053	91000	21019944	21015855	0	27189736	8319968
1788457054	86000	21019944	21015855	0	27189956	8319968
1788457056	91000	21019944	21015857	0	27189452	8319968
1788457057	92000	21019944	21015848	0	27189296	8319968
1788457058	91000	21019944	21015845	0	27190396	8319968
1788457059	92000	21019944	21015857	0	27190112	8319968
1788457060	91000	21019944	21015845	0	27189464	8319968
1788457061	88000	21019944	21015859	0	27189276	8319968
1788457062	91000	21019944	21015857	0	27188596	8319968
1788457063	90000	21019944	21015863	0	27188684	8319968
1788457065	91000	21019944	21015859	0	27189280	8319968
1788457066	91000	21019944	21015846	0	27188980	8319968
1788457067	90000	21019944	21015862	0	27188320	8319968
1788457068	90000	21019944	21015844	0	27188572	8319968
1788457069	91000	21019944	21015848	0	27188460	8319968
1788457070	90000	21019944	21015859	0	27188456	8319968
1788457071	90000	21019944	21015844	0	27188840	8319968
1788457073	83000	21019944	21015846	0	27189116	8319968
1788457074	90000	21019944	21015844	0	27189004	8319968
1788457075	91000	21019944	21015857	0	27189180	8319968
1788457076	90000	21019944	21015852	0	27188864	8319968
1788457077	91000	21019944	21015852	0	27188864	8319968
1788457078	91000	21019944	21015845	0	27189196	8319968
1788457079	90000	21019944	21015844	0	27187772	8319968
1788457080	90000	21019944	21015845	0	27187984	8319968
1788457082	92000	21019944	21015859	0	27188044	8319968
1788457083	79000	21019944	21015852	0	27188376	8319968
1788457084	80000	21019944	21015844	0	27187628	8319968
1788457085	83000	21019944	21015848	0	27188268	8319968
1788457086	82000	21019944	21015859	0	27188072	8319968
1788457087	79000	21019944	21015857	0	27187540	8319968
1788457088	80000	21019944	21015862	0	27187652	8319968
1788457090	80000	21019944	21015847	0	27186880	8319968
1788457091	80000	21019944	21015846	0	27186548	8319968
1788457092	79000	21019944	21015848	0	27186548	8319968
1788457093	80000	21019944	21015859	0	27186872	8319968
1788457094	79000	21019944	21015857	0	27186876	8319968
1788457095	79000	21019944	21015862	0	27186876	8319968
1788457096	80000	21019944	21015862	0	27187560	8319968
1788457097	80000	21019944	21015857	0	27188136	8319968
1788457099	79000	21019944	21015862	0	27187960	8319968
1788457100	85000	21019944	21015848	0	27187896	8319968
1788457101	90000	21019944	21015852	0	27187536	8319968
1788457102	91000	21019944	21015847	0	27187536	8319968
1788457103	91000	21019944	21015855	0	27187448	8319968
1788457104	91000	21019944	21015846	0	27187448	8319968
1788457105	91000	21019944	21015847	0	27187800	8319968
1788457107	90000	21019944	21015844	0	27187828	8319968
1788457108	90000	21019944	21015845	0	27188152	8319968
1788457109	90000	21019944	21015844	0	27188168	8319968
1788457110	90000	21019944	21015848	0	27188340	8319968
1788457111	90000	21019944	21015844	0	27188452	8319968
1788457112	90000	21019944	21015844	0	27188740	8319968
1788457113	91000	21019944	21015844	0	27188392	8319968
1788457114	90000	21019944	21015848	0	27188920	8319968
1788457116	90000	21019944	21015847	0	27188652	8319968
1788457117	89000	21019944	21015850	0	27187788	8319968
1788457118	90000	21019944	21015855	0	27187948	8319968
1788457119	90000	21019944	21015863	0	27187792	8319968
1788457120	82000	21019944	21015845	0	27187428	8319968
1788457121	79000	21019944	21015846	0	27187428	8319968
1788457122	80000	21019944	21015850	0	27187540	8319968
1788457124	80000	21019944	21015855	0	27187820	8319968
1788457125	80000	21019944	21015844	0	27187736	8319968
1788457126	80000	21019944	21015857	0	27187844	8319968
1788457127	80000	21019944	21015845	0	27187808	8319968
1788457128	80000	21019944	21015845	0	27188136	8319968
1788457129	79000	21019944	21015847	0	27188044	8319968
1788457130	80000	21019944	21015859	0	27187556	8319968
1788457131	80000	21019944	21015844	0	27188032	8319968
1788457133	77000	21019944	21015852	0	27187288	8319968
1788457134	78000	21019944	21015862	0	27187308	8319968
1788457135	79000	21019944	21015857	0	27187308	8319968
1788457136	80000	21019944	21015850	0	27186676	8319968
1788457137	78000	21019944	21015845	0	27186460	8319968
1788457138	83000	21019944	21015844	0	27186720	8319968
1788457139	83000	21019944	21015855	0	27186644	8319968
1788457140	79000	21019944	21015862	0	27187040	8319968
1788457142	79000	21019944	21015862	0	27186612	8319968
1788457143	83000	21019944	21015857	0	27186592	8319968
1788457144	79000	21019944	21015857	0	27187492	8319968
1788457145	80000	21019944	21015855	0	27187736	8319968
1788457146	80000	21019944	21015852	0	27188712	8319968
1788457147	83000	21019944	21015852	0	27189052	8319968
1788457148	79000	21019944	21015845	0	27189084	8319968
1788457150	79000	21019944	21015859	0	27189068	8319968
1788457151	83000	21019944	21015845	0	27189560	8319968
1788457152	83000	21019944	21015846	0	27189308	8319968
1788457153	79000	21019944	21015848	0	27189056	8319968
1788457154	83000	21019944	21015863	0	27189424	8319968
1788457155	82000	21019944	21015855	0	27189168	8319968
1788457156	80000	21019944	21015846	0	27188344	8319968
1788457157	80000	21019944	21015844	0	27188456	8319968
1788457159	77000	21019944	21015844	0	27188392	8319968
1788457160	77000	21019944	21015847	0	27188756	8319968
1788457161	80000	21019944	21015847	0	27188836	8319968
1788457162	79000	21019944	21015852	0	27189452	8319968
1788457163	79000	21019944	21015844	0	27189340	8319968
1788457164	80000	21019944	21015845	0	27189616	8319968
1788457165	82000	21019944	21015844	0	27188860	8319968
1788457167	83000	21019944	21015848	0	27188860	8319968
1788457168	80000	21019944	21015847	0	27188496	8319968
1788457169	79000	21019944	21015852	0	27188356	8319968
1788457170	79000	21019944	21015844	0	27188592	8319968
1788457171	79000	21019944	21015844	0	27189168	8319968
1788457172	79000	21019944	21015844	0	27188908	8319968
1788457173	78000	21019944	21015863	0	27188404	8319968
1788457174	80000	21019944	21015844	0	27188404	8319968
1788457176	79000	21019944	21015846	0	27188152	8319968
1788457177	80000	21019944	21015844	0	27188420	8319968
1788457178	79000	21019944	21015857	0	27188704	8319968
1788457179	78000	21019944	21015863	0	27188160	8319968
1788457180	80000	21019944	21015863	0	27188356	8319968
1788457181	79000	21019944	21015850	0	27188736	8319968
1788457182	80000	21019944	21015863	0	27188228	8319968
1788457183	82000	21019944	21015850	0	27188288	8319968
1788457185	80000	21019944	21015848	0	27189120	8319968
1788457186	79000	21019944	21015845	0	27188992	8319968
1788457187	83000	21019944	21015848	0	27188992	8319968
1788457188	80000	21019944	21015846	0	27188628	8319968
1788457189	79000	21019944	21015850	0	27188864	8319968
1788457190	83000	21019944	21015852	0	27188360	8319968
1788457191	80000	21019944	21015844	0	27187720	8319968
1788457193	80000	21019944	21015846	0	27188392	8319968
1788457194	80000	21019944	21015862	0	27188412	8319968
1788457195	80000	21019944	21015846	0	27188172	8319968
1788457196	80000	21019944	21015852	0	27188196	8319968
1788457197	79000	21019944	21015855	0	27188456	8319968
1788457198	79000	21019944	21015845	0	27188668	8319968
1788457199	79000	21019944	21015844	0	27188208	8319968
1788457200	79000	21019944	21015850	0	27188232	8319968
1788457202	79000	21019944	21015863	0	27187868	8319968
1788457203	80000	21019944	21015862	0	27188132	8319968
1788457204	79000	21019944	21015857	0	27187404	8319968
1788457205	79000	21019944	21015844	0	27187784	8319968
1788457206	80000	21019944	21015855	0	27187656	8319968
1788457207	79000	21019944	21015859	0	27187204	8319968
1788457208	82000	21019944	21015862	0	27187292	8319968
1788457210	83000	21019944	21015844	0	27187188	8319968
1788457211	83000	21019944	21015847	0	27187244	8319968
1788457212	86000	21019944	21015862	0	27187908	8319968
1788457213	79000	21019944	21015844	0	27187120	8319968
1788457214	80000	21019944	21015855	0	27187256	8319968
1788457215	76000	21019944	21015844	0	27187492	8319968
1788457216	77000	21019944	21015862	0	27188048	8319968
1788457217	77000	21019944	21015847	0	27187916	8319968
1788457219	77000	21019944	21015844	0	27188204	8319968
1788457220	79000	21019944	21015845	0	27187952	8319968
1788457221	90000	21019944	21015863	0	27187920	8319968
1788457222	90000	21019944	21015847	0	27188420	8319968
1788457223	90000	21019944	21015844	0	27187956	8319968
1788457224	90000	21019944	21015862	0	27187424	8319968
1788457225	90000	21019944	21015844	0	27186756	8319968
1788457227	90000	21019944	21015844	0	27187104	8319968
1788457228	90000	21019944	21015848	0	27187432	8319968
1788457229	90000	21019944	21015859	0	27187288	8319968
1788457230	90000	21019944	21015862	0	27187576	8319968
1788457231	90000	21019944	21015863	0	27187624	8319968
1788457232	90000	21019944	21015846	0	27186840	8319968
1788457233	90000	21019944	21015844	0	27187620	8319968
1788457234	82000	21019944	21015862	0	27187568	8319968
1788457236	80000	21019944	21015862	0	27187932	8319968
1788457237	90000	21019944	21015863	0	27187456	8319968
1788457238	90000	21019944	21015848	0	27187672	8319968
1788457239	90000	21019944	21015846	0	27186152	8319968
1788457240	82000	21019944	21015845	0	27185996	8319968
1788457241	80000	21019944	21015860	0	27185744	8319968
1788457242	80000	21042584	21038486	0	27161804	8319968
1788457243	80000	21048964	21044864	0	27161488	8319968
1788457245	80000	21048964	21044879	0	27161116	8319968
1788457246	84000	21049092	21044992	0	27161212	8319968
1788457247	80000	21049092	21044994	0	27161420	8319968
1788457248	79000	21049220	21045128	0	27161420	8319968
1788457249	78000	21049228	21045136	0	27161196	8319968
1788457250	83000	21049228	21045130	0	27161448	8319968
1788457251	87000	21049228	21045131	0	27161320	8319968
1788457253	86000	21049228	21045147	0	27161104	8319968
1788457254	83000	21049228	21045139	0	27160740	8319968
1788457255	85000	21049228	21045139	0	27160984	8319968
1788457256	86000	21049228	21045134	0	27161288	8319968
1788457257	79000	21049228	21045146	0	27161220	8319968
1788457258	78000	21049228	21045128	0	27161908	8319968
1788457259	80000	21049228	21045141	0	27161388	8319968
1788457260	80000	21049228	21045129	0	27161724	8319968
1788457262	83000	21049228	21045128	0	27161724	8319968
1788457263	83000	21049228	21045136	0	27161556	8319968
1788457264	83000	21049228	21045143	0	27161848	8319968
1788457265	80000	21049228	21045129	0	27161624	8319968
1788457266	80000	21049228	21045129	0	27161880	8319968
1788457267	83000	21049228	21045129	0	27162540	8319968
1788457268	90000	21049228	21045132	0	27162292	8319968
1788457270	92000	21049228	21045128	0	27162156	8319968
1788457271	83000	21049228	21045147	0	27162052	8319968
1788457272	80000	21049228	21045130	0	27161472	8319968
1788457273	78000	21049228	21045139	0	27160920	8319968
1788457274	82000	21049228	21045131	0	27160668	8319968
1788457275	82000	21049228	21045132	0	27160716	8319968
1788457276	92000	21049228	21045139	0	27160772	8319968
1788457277	94000	21049228	21045130	0	27159888	8319968
1788457279	83000	21049228	21045139	0	27159312	8319968
1788457280	90000	21049228	21045147	0	27159608	8319968
1788457281	83000	21049228	21045128	0	27158868	8319968
1788457282	82000	21049228	21045132	0	27159152	8319968
1788457283	80000	21049228	21045143	0	27158860	8319968
1788457284	76000	21049228	21045134	0	27159292	8319968
1788457285	77000	21049228	21045129	0	27158976	8319968
1788457287	77000	21049228	21045128	0	27159772	8319968
1788457288	77000	21049228	21045134	0	27160580	8319968
1788457289	76000	21049228	21045136	0	27160148	8319968
1788457290	79000	21049228	21045134	0	27158896	8319968
1788457291	77000	21049228	21045131	0	27158900	8319968
1788457292	76000	21049228	21045143	0	27158964	8319968
1788457293	79000	21049228	21045134	0	27158236	8319968
1788457294	79000	21049228	21045148	0	27158616	8319968
1788457296	77000	21049228	21045136	0	27158856	8319968
1788457297	76000	21049228	21045131	0	27159132	8319968
1788457298	80000	21049228	21045134	0	27159068	8319968
1788457299	79000	21049228	21045136	0	27158980	8319968
1788457300	76000	21049228	21045138	0	27158696	8319968
1788457301	79000	21049228	21045130	0	27158696	8319968
1788457302	80000	21049228	21045141	0	27158608	8319968
1788457304	76000	21049228	21045134	0	27158484	8319968
1788457305	80000	21049228	21045143	0	27159688	8319968
1788457306	78000	21049228	21045145	0	27160132	8319968
1788457307	76000	21049228	21045150	0	27160560	8319968
1788457308	76000	21049228	21045145	0	27159376	8319968
1788457309	77000	21049228	21045132	0	27159488	8319968
1788457310	83000	21049228	21045150	0	27159528	8319968
1788457311	85000	21049228	21045132	0	27158472	8319968
1788457313	82000	21049228	21045134	0	27157932	8319968
1788457314	85000	21049228	21045135	0	27157728	8319968
1788457315	83000	21049228	21045131	0	27159632	8319968
1788457316	85000	21049228	21045135	0	27159072	8319968
1788457317	80000	21049228	21045128	0	27158456	8319968
1788457318	76000	21049228	21045146	0	27158932	8319968
1788457319	77000	21049228	21045128	0	27158316	8319968
1788457321	83000	21049228	21045146	0	27158064	8319968
1788457322	82000	21049228	21045128	0	27158680	8319968
1788457323	86000	21049228	21045129	0	27158604	8319968
1788457324	86000	21049228	21045138	0	27159036	8319968
1788457325	79000	21049228	21045132	0	27158772	8319968
1788457326	91000	21049228	21045142	0	27159336	8319968
1788457327	94000	21049228	21045128	0	27158580	8319968
1788457328	83000	21049228	21045144	0	27158076	8319968
1788457330	79000	21049228	21045128	0	27157572	8319968
1788457331	80000	21049228	21045128	0	27156892	8319968
1788457332	79000	21049228	21045142	0	27157192	8319968
1788457333	80000	21049228	21045144	0	27158148	8319968
1788457334	79000	21049228	21045128	0	27157504	8319968
1788457335	80000	21049228	21045146	0	27156900	8319968
1788457336	80000	21049228	21045133	0	27156960	8319968
1788457337	79000	21049228	21045142	0	27156708	8319968
1788457339	79000	21049228	21045138	0	27156872	8319968
1788457340	80000	21049228	21045142	0	27156100	8319972
1788457341	79000	21049228	21045128	0	27154868	8319972
1788457342	80000	21049228	21045131	0	27154412	8319972
1788457343	80000	21049228	21045133	0	27154348	8319972
1788457344	90000	21049228	21045131	0	27153732	8319972
1788457345	91000	21049228	21045128	0	27154460	8319972
1788457347	90000	21049228	21045128	0	27154852	8319972
1788457348	88000	21049228	21045146	0	27155216	8319972
1788457349	91000	21049228	21045132	0	27154360	8319972
1788457350	91000	21049228	21045129	0	27154476	8319972
1788457351	90000	21049228	21045128	0	27154604	8319972
1788457352	90000	21049228	21045131	0	27154600	8319972
1788457353	90000	21049228	21045132	0	27154856	8319972
1788457354	90000	21049228	21045128	0	27154588	8319972
1788457356	90000	21049228	21045128	0	27154404	8319972
1788457357	73000	21049228	21045135	0	27154540	8319972
1788457358	80000	21049228	21045146	0	27154680	8319972
1788457359	80000	21049228	21045132	0	27154024	8319972
1788457360	81000	21049228	21045131	0	27153996	8319972
1788457361	77000	21049228	21045128	0	27154228	8319972
1788457362	79000	21049228	21045144	0	27155160	8319972
1788457364	79000	21049228	21045128	0	27154880	8319972
1788457365	76000	21049228	21045132	0	27155184	8319972
1788457366	77000	21049228	21045133	0	27154532	8319972
1788457367	77000	21049228	21045130	0	27153892	8319972
1788457368	79000	21049228	21045140	0	27153688	8319972
1788457369	79000	21049228	21045140	0	27153588	8319972
1788457370	83000	21049228	21045140	0	27152880	8319972
1788457371	81000	21049228	21045131	0	27152964	8319972
1788457373	86000	21049228	21045133	0	27152600	8319972
1788457374	85000	21049228	21045142	0	27153268	8319972
1788457375	90000	21049228	21045135	0	27152888	8319972
1788457376	89000	21049228	21045144	0	27152832	8319972
1788457377	92000	21049228	21045144	0	27152580	8319972
1788457378	82000	21049228	21045135	0	27153648	8319972
1788457379	80000	21049228	21045149	0	27152836	8319972
1788457381	77000	21049228	21045140	0	27153744	8319972
1788457382	80000	21049228	21045133	0	27153648	8319972
1788457383	83000	21049228	21045133	0	27153620	8319972
1788457384	83000	21049228	21045134	0	27153080	8319972
1788457385	82000	21049228	21045130	0	27152792	8319972
1788457386	82000	21049228	21045133	0	27153168	8319972
1788457387	79000	21049228	21045149	0	27153372	8319972
1788457388	83000	21049228	21045131	0	27153200	8319972
1788457390	80000	21049228	21045142	0	27153500	8319972
1788457391	79000	21049228	21045130	0	27153560	8319972
1788457392	79000	21049228	21045142	0	27153744	8319972
1788457393	90000	21049228	21045142	0	27153136	8319972
1788457394	90000	21049228	21045135	0	27153072	8319972
1788457395	90000	21049228	21045130	0	27153712	8319972
1788457396	90000	21049228	21045130	0	27153744	8319972
1788457398	88000	21049228	21045131	0	27153232	8319972
1788457399	90000	21049228	21045146	0	27153264	8319972
1788457400	82000	21049228	21045135	0	27153300	8319972
1788457401	82000	21049228	21045132	0	27153248	8319972
1788457402	80000	21049228	21045146	0	27153420	8319972
1788457403	80000	21049228	21045133	0	27153340	8319972
1788457404	82000	21049228	21045135	0	27154108	8319972
1788457405	83000	21049228	21045131	0	27153448	8319972
1788457407	83000	21049228	21045144	0	27153420	8319972
1788457408	88000	21049228	21045130	0	27152292	8319972
1788457409	92000	21049228	21045149	0	27152888	8319972
1788457410	90000	21049228	21045135	0	27152676	8319972
1788457411	80000	21049228	21045133	0	27152424	8319972
1788457412	83000	21049228	21045140	0	27153044	8319972
1788457413	82000	21049228	21045131	0	27153244	8319972
1788457415	83000	21049228	21045133	0	27152992	8319972
1788457416	80000	21049228	21045130	0	27153068	8319972
1788457417	80000	21049228	21045149	0	27153004	8319972
1788457418	82000	21049228	21045149	0	27153508	8319972
1788457419	79000	21049228	21045132	0	27153728	8319972
1788457420	80000	21049228	21045137	0	27153068	8319972
1788457421	80000	21049228	21045131	0	27153564	8319972
1788457422	83000	21049228	21045134	0	27153676	8319972
1788457424	80000	21049228	21045147	0	27154452	8319988
1788457425	80000	21049228	21045145	0	27154220	8319992
1788457426	80000	21049228	21045144	0	27154088	8319992
1788457427	80000	21049228	21045153	0	27154880	8319992
1788457428	79000	21049228	21045146	0	27155120	8319992
1788457429	80000	21049228	21045147	0	27155028	8319992
1788457430	83000	21049228	21045147	0	27155264	8319992
1788457432	83000	21049228	21045162	0	27155264	8319992
1788457433	80000	21049228	21045144	0	27154760	8319992
1788457434	86000	21049228	21045144	0	27155716	8319992
1788457435	79000	21049228	21045143	0	27155248	8319992
1788457436	79000	21049228	21045162	0	27155672	8319992
1788457437	80000	21049228	21045160	0	27156076	8319992
1788457438	82000	21049228	21045153	0	27155132	8319992
1788457439	80000	21049228	21045160	0	27154272	8319992
1788457441	79000	21049228	21045146	0	27154020	8319996
1788457442	79000	21049228	21045160	0	27153768	8319996
1788457443	79000	21049228	21045146	0	27154104	8319996
1788457444	80000	21049228	21045162	0	27153852	8319996
1788457445	83000	21049228	21045147	0	27153600	8319996
1788457446	76000	21049228	21045149	0	27153236	8319996
1788457447	76000	21049228	21045149	0	27153392	8319996
1788457448	79000	21049228	21045147	0	27153732	8319996
1788457450	77000	21049228	21045144	0	27152996	8319996
1788457451	76000	21049228	21045143	0	27153176	8319996
1788457452	78000	21049228	21045144	0	27152840	8319996
1788457453	80000	21049228	21045144	0	27152852	8319996
1788457454	82000	21049228	21045153	0	27153184	8319996
1788457455	80000	21049228	21045145	0	27152860	8319996
1788457456	79000	21049228	21045145	0	27152384	8319996
1788457458	82000	21049228	21045147	0	27152508	8319996
1788457459	80000	21049228	21045147	0	27152320	8319996
1788457460	79000	21049228	21045160	0	27152236	8319996
1788457461	80000	21049228	21045147	0	27151988	8319996
1788457462	80000	21049228	21045153	0	27151900	8319996
1788457463	80000	21049228	21045162	0	27152504	8319996
1788457464	82000	21049228	21045162	0	27152360	8319996
1788457465	85000	21049228	21045149	0	27152996	8319996
1788457467	82000	21049228	21045147	0	27152568	8319996
1788457468	82000	21049228	21045155	0	27152756	8319996
1788457469	83000	21049228	21045155	0	27153328	8319996
1788457470	79000	21049228	21045160	0	27153076	8319996
1788457471	80000	21049228	21045144	0	27152796	8319996
1788457472	80000	21049228	21045144	0	27153052	8319996
1788457473	82000	21049228	21045162	0	27152636	8319996
1788457475	77000	21049228	21045145	0	27153040	8319996
1788457476	77000	21049228	21045144	0	27152760	8319996
1788457477	80000	21049228	21045147	0	27153104	8319996
1788457478	77000	21049228	21045143	0	27152640	8319996
1788457479	77000	21049228	21045147	0	27152388	8319996
1788457480	79000	21049228	21045147	0	27152060	8320140
1788457481	79000	21049228	21045153	0	27152664	8320140
1788457483	77000	21049228	21045144	0	27153176	8320140
1788457484	79000	21049228	21045144	0	27153580	8320140
1788457485	82000	21049228	21045153	0	27154212	8320140
1788457486	86000	21049228	21045153	0	27153440	8320140
1788457487	85000	21049228	21045153	0	27153916	8320140
1788457488	85000	21049228	21045149	0	27154056	8320140
1788457489	78000	21049228	21045143	0	27153552	8320140
1788457490	81000	21049228	21045157	0	27154044	8320140
1788457492	85000	21049228	21045157	0	27154092	8320140
1788457493	83000	21049228	21045147	0	27153992	8320140
1788457494	83000	21049228	21045143	0	27153740	8320144
1788457495	82000	21049228	21045160	0	27154256	8320144
1788457496	82000	21049228	21045155	0	27154256	8320144
1788457497	82000	21049228	21045144	0	27154620	8320144
1788457498	82000	21049228	21045155	0	27155004	8320144
1788457500	86000	21049228	21045153	0	27154400	8320232
1788457501	83000	21049228	21045144	0	27154260	8320232
1788457502	83000	21049228	21045147	0	27154552	8320232
1788457503	81000	21049228	21045146	0	27154740	8320232
1788457504	82000	21049228	21045160	0	27155860	8320232
1788457505	77000	21049228	21045157	0	27155360	8320232
1788457506	77000	21049228	21045145	0	27155108	8320232
1788457507	77000	21049228	21045155	0	27155716	8320232
1788457509	76000	21049228	21045144	0	27154960	8320236
1788457510	80000	21049228	21045144	0	27154900	8320236
1788457511	85000	21049228	21045146	0	27154652	8320236
1788457512	83000	21049228	21045144	0	27154696	8320236
1788457513	85000	21049228	21045144	0	27155740	8320236
1788457514	86000	21049228	21045146	0	27154856	8320236
1788457515	83000	21049228	21045162	0	27154716	8320236
1788457516	83000	21049228	21045143	0	27155740	8320236
1788457518	86000	21049228	21045147	0	27155836	8320236
1788457519	85000	21049228	21045145	0	27155732	8320236
1788457520	83000	21049228	21045157	0	27155480	8320236
1788457521	82000	21049228	21045147	0	27155300	8320236
1788457522	76000	21049228	21045147	0	27153868	8320236
1788457523	80000	21049228	21045143	0	27154300	8320236
1788457524	80000	21049228	21045144	0	27154808	8320236
1788457526	79000	21049228	21045149	0	27154992	8320236
1788457527	83000	21049228	21045157	0	27156076	8320236
1788457528	79000	21049228	21045145	0	27155776	8320236
1788457529	80000	21049228	21045145	0	27155472	8320236
1788457530	79000	21049228	21045144	0	27155088	8320236
1788457531	80000	21049228	21045144	0	27155204	8320236
1788457532	80000	21049228	21045144	0	27155280	8320236
1788457533	79000	21049228	21045153	0	27155692	8320236
1788457535	80000	21049228	21045147	0	27155476	8320236
1788457536	79000	21049228	21045145	0	27155980	8320236
1788457537	79000	21049228	21045144	0	27155512	8320236
1788457538	82000	21049228	21045147	0	27154848	8320236
1788457539	79000	21049228	21045153	0	27154708	8320236
1788457540	83000	21049228	21045145	0	27155188	8320240
1788457541	83000	21049228	21045143	0	27155348	8320240
1788457543	78000	21049228	21045146	0	27155348	8320240
1788457544	83000	21049228	21045143	0	27155872	8320240
1788457545	80000	21049228	21045143	0	27155972	8320240
1788457546	80000	21049228	21045147	0	27155436	8320240
1788457547	79000	21049228	21045144	0	27155196	8320240
1788457548	79000	21049228	21045145	0	27155568	8320240
1788457549	80000	21049228	21045144	0	27154964	8320240
1788457550	90000	21049228	21045145	0	27155372	8320240
1788457552	90000	21049228	21045143	0	27154932	8320240
1788457553	91000	21049228	21045147	0	27155592	8320240
1788457554	90000	21049228	21045145	0	27155464	8320240
1788457555	89000	21049228	21045146	0	27155352	8320240
1788457556	90000	21049228	21045144	0	27155212	8320240
1788457557	90000	21049228	21045146	0	27155152	8320240
1788457558	86000	21049228	21045160	0	27154792	8320240
1788457560	90000	21049228	21045143	0	27154644	8320240
1788457561	90000	21049228	21045144	0	27154792	8320240
1788457562	91000	21049228	21045144	0	27155004	8320240
1788457563	90000	21049228	21045147	0	27154500	8320240
1788457564	90000	21049228	21045145	0	27154660	8320240
1788457565	90000	21049228	21045153	0	27154380	8320240
1788457566	88000	21049228	21045144	0	27154928	8320240
1788457567	90000	21049228	21045143	0	27154956	8320240
1788457569	90000	21049228	21045144	0	27154984	8320240
1788457570	90000	21049228	21045143	0	27154636	8320240
1788457571	90000	21049228	21045144	0	27154852	8320240
1788457572	90000	21049228	21045146	0	27155192	8320240
1788457573	90000	21049228	21045144	0	27155024	8320240
1788457574	91000	21049228	21045147	0	27155340	8320240
1788457575	96000	21049228	21045145	0	27155268	8320240
1788457576	91000	21049228	21045147	0	27155620	8320240
1788457578	82000	21049228	21045145	0	27154640	8320240
1788457579	83000	21049228	21045144	0	27154424	8320240
1788457580	79000	21049228	21045144	0	27154012	8320240
1788457581	79000	21049228	21045146	0	27154388	8320240
1788457582	82000	21049228	21045144	0	27154616	8320240
1788457583	79000	21049228	21045143	0	27154588	8320240
1788457584	79000	21049228	21045149	0	27154060	8320240
1788457586	79000	21049228	21045162	0	27154244	8320240
1788457587	79000	21049228	21045146	0	27155396	8320240
1788457588	82000	21049228	21045144	0	27155456	8320240
1788457589	82000	21049228	21045147	0	27156192	8320240
1788457590	79000	21049228	21045144	0	27156132	8320240
1788457591	76000	21049228	21045156	0	27155504	8320240
1788457592	77000	21049228	21045172	0	27155476	8320240
1788457593	79000	21049228	21045154	0	27155824	8320240
1788457595	77000	21049228	21045163	0	27155428	8320240
1788457596	80000	21049228	21045172	0	27155904	8320240
1788457597	75000	21049228	21045153	0	27155960	8320240
1788457598	79000	21049228	21045163	0	27154728	8320240
1788457599	85000	21049228	21045155	0	27154572	8320240
1788457600	90000	21049228	21045156	0	27154032	8320244
1788457601	92000	21049228	21045165	0	27153512	8320244
1788457603	91000	21049228	21045156	0	27154004	8320244
1788457604	86000	21049228	21045169	0	27153672	8320244
1788457605	85000	21049228	21045157	0	27165040	8321668
1788457606	92000	21049228	21045157	0	27164816	8321668
1788457607	90000	21049228	21045172	0	27165256	8321668
1788457608	92000	21049228	21045153	0	27165240	8321668
1788457609	90000	21049228	21045155	0	27165568	8321668
1788457610	91000	21049228	21045157	0	27165192	8321672
1788457612	94000	21049228	21045155	0	27165176	8321756
1788457613	91000	21049228	21045153	0	27160908	8321992
1788457614	90000	21049228	21045153	0	27160464	8321992
1788457615	86000	21049228	21045165	0	27160100	8321992
1788457616	90000	21049228	21045146	0	27160548	8321992
1788457617	91000	21049228	21045147	0	27159684	8321992
1788457618	90000	21049228	21045161	0	27159872	8321992
1788457620	90000	21049228	21045147	0	27160376	8321992
1788457621	77000	21049228	21045156	0	27160444	8321992
1788457622	77000	21049228	21045142	0	27160556	8322044
1788457623	77000	21049228	21045142	0	27160724	8322044
1788457624	75000	21049228	21045145	0	27160976	8322044
1788457625	79000	21049228	21045146	0	27160976	8322044
1788457626	80000	21049228	21045159	0	27161088	8322044
1788457627	76000	21049228	21045146	0	27160864	8322044
1788457629	80000	21049228	21045154	0	27160928	8322044
1788457630	77000	21049228	21045147	0	27161232	8322044
1788457631	77000	21049228	21045143	0	27161056	8322044
1788457632	79000	21049228	21045142	0	27161244	8322044
1788457633	79000	21049228	21045146	0	27160992	8322044
1788457634	77000	21049228	21045143	0	27161308	8322044
1788457635	77000	21049228	21045146	0	27161316	8322060
1788457636	77000	21049228	21045142	0	27160936	8322060
1788457638	76000	21049228	21045143	0	27161312	8322060
1788457639	79000	21049228	21045146	0	27160792	8322060
1788457640	77000	21049228	21045154	0	27160904	8322064
1788457641	77000	21049228	21045154	0	27160676	8322064
1788457642	77000	21049228	21045142	0	27160492	8322064
1788457643	77000	21049228	21045156	0	27161032	8322064
1788457644	76000	21049228	21045154	0	27161496	8322064
1788457646	77000	21049228	21045147	0	27160696	8322064
1788457647	85000	21049228	21045142	0	27160996	8322064
1788457648	85000	21049228	21045143	0	27160444	8322064
1788457649	77000	21049228	21045152	0	27160796	8322064
1788457650	78000	21049228	21045147	0	27160532	8322064
1788457651	79000	21049228	21045152	0	27160132	8322064
1788457652	79000	21049228	21045145	0	27160080	8322064
1788457653	79000	21049228	21045145	0	27160620	8322064
1788457655	79000	21049228	21045161	0	27160936	8322064
1788457656	77000	21049228	21045143	0	27161024	8322064
1788457657	80000	21049228	21045156	0	27161328	8322064
1788457658	77000	21049228	21045143	0	27162252	8322064
1788457659	77000	21049228	21045147	0	27161732	8322064
1788457660	78000	21049228	21045147	0	27161492	8322064
1788457661	77000	21049228	21045154	0	27161240	8322064
1788457663	76000	21049228	21045145	0	27161968	8322064
1788457664	77000	21049228	21045145	0	27162180	8322064
1788457665	77000	21049228	21045161	0	27161764	8322084
1788457666	76000	21049228	21045160	0	27162996	8322084
1788457667	77000	21049228	21045151	0	27162752	8322084
1788457668	76000	21049228	21045151	0	27161356	8322084
1788457669	77000	21049228	21045151	0	27161432	8322084
1788457670	77000	21049228	21045151	0	27160612	8322084
1788457672	77000	21049228	21045152	0	27160636	8322084
1788457673	77000	21049228	21045160	0	27160724	8322084
1788457674	77000	21049228	21045152	0	27160724	8322084
1788457675	76000	21049228	21045151	0	27160472	8322084
1788457676	77000	21049228	21045152	0	27160724	8322084
1788457677	77000	21049228	21045151	0	27160548	8322084
1788457678	77000	21049228	21045149	0	27160232	8322084
1788457680	77000	21049228	21045151	0	27161352	8322084
1788457681	76000	21049228	21045156	0	27161068	8322084
1788457682	77000	21049228	21045151	0	27161180	8322084
1788457683	79000	21049228	21045149	0	27161524	8322084
1788457684	90000	21049228	21045150	0	27161776	8322084
1788457685	91000	21049228	21045152	0	27160768	8322084
1788457686	91000	21049356	21045274	0	27160516	8322084
1788457687	91000	21049356	21045293	0	27160156	8322084
1788457689	91000	21049484	21045405	0	27161048	8322084
1788457690	91000	21049484	21045407	0	27160572	8322084
1788457691	82000	21049612	21045533	0	27160296	8322084
1788457692	89000	21049612	21045530	0	27160752	8322084
1788457693	79000	21049740	21045675	0	27160500	8322084
1788457694	79000	21049740	21045663	0	27160864	8322084
1788457695	83000	21049740	21045663	0	27160756	8322088
1788457697	80000	21049740	21045661	0	27160844	8322088
1788457698	80000	21049740	21045661	0	27161332	8322088
1788457699	79000	21049740	21045670	0	27161596	8322088
1788457700	77000	21049740	21045662	0	27161520	8322088
1788457701	77000	21049740	21045677	0	27161156	8322088
1788457702	80000	21049740	21045668	0	27160404	8322088
1788457703	77000	21049740	21045657	0	27161796	8322088
1788457704	77000	21049740	21045677	0	27161124	8322088
1788457706	77000	21049740	21045663	0	27161060	8322088
1788457707	78000	21049740	21045662	0	27161824	8322088
1788457708	86000	21049740	21045668	0	27161880	8322088
1788457709	83000	21049740	21045663	0	27162172	8322088
1788457710	84000	21049740	21045663	0	27162208	8322088
1788457711	80000	21049740	21045661	0	27162196	8322088
1788457712	82000	21049740	21045658	0	27161836	8322088
1788457713	78000	21049740	21045664	0	27161732	8322088
1788457715	83000	21049740	21045657	0	27162100	8322088
1788457716	83000	21049740	21045675	0	27162036	8322088
1788457717	79000	21049740	21045672	0	27162148	8322088
1788457718	83000	21049740	21045657	0	27161704	8322088
1788457719	78000	21049740	21045662	0	27161636	8322088
1788457720	78000	21049740	21045670	0	27161564	8322088
1788457721	83000	21049740	21045675	0	27161688	8322088
1788457723	80000	21049740	21045661	0	27161464	8322088
1788457724	80000	21049740	21045677	0	27161044	8322088
1788457725	83000	21049740	21045661	0	27161032	8322088
1788457726	82000	21049740	21045657	0	27160768	8322088
1788457727	80000	21049740	21045664	0	27161760	8322088
1788457728	91000	21049740	21045663	0	27162864	8322100
1788457729	91000	21049740	21045661	0	27161932	8322108
1788457730	90000	21049740	21045659	0	27161180	8322108
1788457732	90000	21049740	21045677	0	27160832	8322108
1788457733	90000	21049740	21045668	0	27160804	8322108
1788457734	86000	21049740	21045658	0	27160932	8322108
1788457735	90000	21049740	21045663	0	27161184	8322112
1788457736	90000	21049740	21045659	0	27162712	8322112
1788457737	90000	21049740	21045663	0	27162572	8322112
1788457738	90000	21049740	21045672	0	27137588	8328528
1788457740	90000	21049740	21045661	0	27139716	8328648
1788457741	90000	21049740	21045657	0	27138852	8328648
1788457742	90000	21049740	21045677	0	27138824	8328648
1788457743	90000	21049740	21045677	0	27138620	8328648
1788457744	91000	21049740	21045670	0	27138288	8328648
1788457745	92000	21049740	21045663	0	27138116	8328648
1788457746	77000	21049740	21045658	0	27138248	8328648
1788457747	79000	21049740	21045664	0	27138200	8328648
1788457749	86000	21049740	21045677	0	27138564	8328648
1788457750	90000	21049740	21045658	0	27139868	8328648
1788457751	91000	21049740	21045663	0	27139036	8328648
1788457752	92000	21049740	21045657	0	27139792	8328648
1788457753	90000	21049740	21045662	0	27137804	8328812
1788457754	82000	21049740	21045663	0	27139304	8328812
1788457755	79000	21049740	21045661	0	27139776	8328864
1788457757	79000	21049740	21045663	0	27139516	8328864
1788457758	79000	21049740	21045658	0	27139776	8328864
1788457759	79000	21049740	21045661	0	27140348	8328864
1788457760	79000	21049740	21045664	0	27140920	8328864
1788457761	80000	21049740	21045658	0	27140920	8328864
1788457762	79000	21049740	21045663	0	27142376	8328864
1788457763	80000	21049740	21045664	0	27141256	8328884
1788457764	79000	21049740	21045658	0	27142060	8328884
1788457766	79000	21049740	21045670	0	27141864	8328884
1788457767	79000	21049740	21045659	0	27141612	8328884
1788457768	80000	21049740	21045668	0	27141360	8328884
1788457769	79000	21049740	21045663	0	27142020	8328888
1788457770	80000	21049740	21045663	0	27141768	8328888
1788457771	83000	21049740	21045661	0	27141788	8328888
1788457772	73000	21049740	21045663	0	27144372	8328908
1788457774	85000	21049740	21045672	0	27145144	8328920
1788457775	82000	21049740	21045659	0	27146672	8328920
1788457776	79000	21049740	21045658	0	27147372	8328920
1788457777	82000	21049740	21045663	0	27147428	8328920
1788457778	84000	21049740	21045677	0	27149576	8328924
1788457779	90000	21049740	21045668	0	27148456	8328924
1788457780	77000	21049740	21045659	0	27149156	8328924
1788457781	78000	21049740	21045670	0	27147760	8328924
1788457783	77000	21049740	21045675	0	27148720	8328924
1788457784	76000	21049740	21045677	0	27149080	8328924
1788457785	77000	21049740	21045653	0	27148604	8328928
1788457786	76000	21049740	21045652	0	27149532	8328928
1788457787	77000	21049740	21045653	0	27148488	8328928
1788457788	77000	21049740	21045648	0	27149292	8328928
1788457789	77000	21049740	21045648	0	27149180	8328928
1788457790	77000	21049740	21045648	0	27148612	8328928
1788457792	77000	21049740	21045653	0	27148548	8328928
1788457793	77000	21049740	21045660	0	27148660	8328928
1788457794	77000	21049740	21045662	0	27149592	8328928
1788457795	79000	21049740	21045647	0	27151564	8328928
1788457796	90000	21049740	21045662	0	27151076	8328928
1788457797	86000	21049740	21045652	0	27150712	8328928
1788457798	79000	21049740	21045649	0	27151128	8328928
1788457800	77000	21049740	21045648	0	27151292	8328928
1788457801	77000	21049740	21045651	0	27151020	8328928
1788457802	77000	21049740	21045649	0	27151080	8328928
1788457803	77000	21049740	21045654	0	27151984	8328928
1788457804	77000	21049740	21045665	0	27152204	8328928
1788457805	77000	21049740	21045654	0	27151684	8328928
1788457806	76000	21049740	21045648	0	27151432	8328928
1788457807	77000	21049740	21045649	0	27151600	8328928
1788457809	77000	21049740	21045649	0	27151768	8328928
1788457810	79000	21049740	21045667	0	27152140	8328928
1788457811	76000	21049740	21045648	0	27152392	8328928
1788457812	77000	21049740	21045658	0	27152392	8328928
1788457813	76000	21049740	21045653	0	27152656	8328928
1788457814	77000	21049740	21045667	0	27152504	8328928
1788457815	76000	21049740	21045653	0	27152680	8328928
1788457817	79000	21049740	21045648	0	27152900	8328928
1788457818	84000	21049740	21045654	0	27152988	8328928
1788457819	90000	21049740	21045658	0	27153228	8328928
1788457820	92000	21049740	21045651	0	27153544	8328928
1788457821	79000	21049740	21045649	0	27153796	8328928
1788457822	80000	21049740	21045665	0	27154048	8328928
1788457823	80000	21049740	21045648	0	27154300	8328928
1788457824	79000	21049740	21045662	0	27154592	8328928
1788457826	76000	21049740	21045653	0	27154292	8328928
1788457827	79000	21049740	21045660	0	27152868	8328928
1788457828	78000	21049740	21045649	0	27153344	8328928
1788457829	87000	21049740	21045653	0	27153580	8328928
1788457830	85000	21049740	21045651	0	27153440	8328928
1788457831	87000	21049740	21045652	0	27153524	8328928
1788457832	74000	21049740	21045649	0	27153044	8328928
1788457834	77000	21049740	21045658	0	27153300	8328928
1788457835	80000	21049740	21045651	0	27153632	8328928
1788457836	77000	21049740	21045651	0	27153248	8328928
1788457837	80000	21049740	21045651	0	27152952	8328928
1788457838	80000	21049740	21045653	0	27152700	8328928
1788457839	82000	21049740	21045652	0	27153476	8328928
1788457840	82000	21049740	21045665	0	27153004	8328932
1788457841	86000	21049740	21045651	0	27152720	8328932
1788457843	82000	21049740	21045665	0	27152548	8328932
1788457844	82000	21049740	21045658	0	27152200	8328932
1788457845	82000	21049740	21045651	0	27152200	8328932
1788457846	83000	21049740	21045654	0	27152036	8328932
1788457847	82000	21049740	21045648	0	27151924	8328932
1788457848	85000	21049740	21045667	0	27151672	8328932
1788457849	85000	21049740	21045651	0	27151420	8328940
1788457851	83000	21049740	21045647	0	27150916	8328940
1788457852	85000	21049740	21045647	0	27150664	8328940
1788457853	81000	21049740	21045651	0	27150664	8328940
1788457854	85000	21049740	21045658	0	27150700	8328940
1788457855	82000	21049740	21045665	0	27150700	8328940
1788457856	85000	21049740	21045667	0	27151204	8328940
1788457857	86000	21049740	21045648	0	27151348	8328940
1788457858	86000	21049740	21045651	0	27150412	8328940
1788457860	85000	21049740	21045651	0	27150080	8328940
1788457861	85000	21049740	21045651	0	27148912	8328940
1788457862	82000	21049740	21045651	0	27148584	8328940
1788457863	87000	21049740	21045658	0	27148712	8328940
1788457864	86000	21049740	21045660	0	27148784	8328940
1788457865	85000	21049740	21045648	0	27148008	8328940
1788457866	86000	21049740	21045658	0	27147780	8328940
1788457868	87000	21049740	21045651	0	27148248	8328940
1788457869	82000	21049740	21045651	0	27149112	8328940
1788457870	86000	21049740	21045651	0	27149860	8328940
1788457871	83000	21049740	21045647	0	27148852	8328940
1788457872	83000	21049740	21045653	0	27149468	8328940
1788457873	82000	21049740	21045649	0	27149468	8328940
1788457874	85000	21049740	21045648	0	27149136	8328940
1788457876	81000	21049740	21045648	0	27148896	8328940
1788457877	83000	21049740	21045660	0	27149008	8328940
1788457878	85000	21049740	21045653	0	27148612	8328940
1788457879	82000	21049740	21045651	0	27149212	8328940
1788457880	83000	21049740	21045658	0	27149172	8328940
1788457881	85000	21049740	21045667	0	27148920	8328940
1788457882	83000	21049740	21045649	0	27148780	8328940
1788457883	86000	21049740	21045653	0	27149340	8328940
1788457885	82000	21049740	21045648	0	27149592	8328940
1788457886	87000	21049740	21045651	0	27149924	8328940
1788457887	87000	21049740	21045653	0	27149512	8328940
1788457888	83000	21049740	21045665	0	27149628	8328940
1788457889	86000	21049740	21045658	0	27149848	8328940
1788457890	83000	21049740	21045651	0	27149708	8328940
1788457891	83000	21049740	21045654	0	27149372	8328940
1788457893	83000	21049740	21045648	0	27149272	8328940
1788457894	86000	21049740	21045665	0	27149524	8328940
1788457895	85000	21049740	21045654	0	27150284	8328940
1788457896	85000	21049740	21045653	0	27150256	8328940
1788457897	83000	21049740	21045653	0	27150492	8328940
1788457898	76000	21049740	21045649	0	27150576	8328940
1788457899	78000	21049740	21045651	0	27150192	8328940
1788457900	80000	21049740	21045654	0	27150272	8328940
1788457902	79000	21049740	21045651	0	27149768	8328940
1788457903	80000	21049740	21045660	0	27149828	8328940
1788457904	80000	21049740	21045648	0	27150036	8328940
1788457905	79000	21049740	21045651	0	27149648	8328940
1788457906	80000	21049740	21045648	0	27149900	8328940
1788457907	80000	21049740	21045653	0	27149760	8328940
1788457908	80000	21049740	21045658	0	27150440	8328940
1788457910	80000	21049740	21045658	0	27150532	8328940
1788457911	82000	21049740	21045653	0	27150532	8328940
1788457912	80000	21049740	21045653	0	27150280	8328940
1788457913	78000	21049740	21045651	0	27150520	8328940
1788457914	80000	21049740	21045648	0	27150520	8328940
1788457915	83000	21049740	21045648	0	27150520	8328940
1788457916	83000	21049740	21045663	0	27149616	8328940
1788457917	85000	21049740	21045670	0	27148344	8328940
1788457919	85000	21049740	21045670	0	27148536	8328940
1788457920	83000	21049740	21045690	0	27148372	8328940
1788457921	80000	21049740	21045670	0	27148120	8328940
1788457922	79000	21049740	21045674	0	27148120	8328940
1788457923	82000	21049740	21045683	0	27148492	8328940
1788457924	91000	21049740	21045668	0	27148556	8328940
1788457925	91000	21049740	21045668	0	27148324	8328940
1788457926	90000	21049740	21045690	0	27147344	8328940
1788457928	91000	21049740	21045690	0	27147932	8328940
1788457929	77000	21049740	21045680	0	27147920	8328940
1788457930	90000	21049740	21045676	0	27148424	8328940
1788457931	92000	21049740	21045678	0	27147428	8328940
1788457932	91000	21049740	21045674	0	27147680	8328940
1788457933	88000	21049740	21045669	0	27147680	8328940
1788457934	92000	21049740	21045671	0	27147428	8328940
1788457936	90000	21049740	21045674	0	27147612	8328940
1788457937	90000	21049740	21045669	0	27147508	8328940
1788457938	92000	21049740	21045690	0	27147328	8328940
1788457939	92000	21049740	21045678	0	27147580	8328940
1788457940	88000	21049740	21045683	0	27148136	8328940
1788457941	92000	21049740	21045686	0	27147884	8328940
1788457942	86000	21049740	21045674	0	27148452	8328940
1788457943	90000	21049740	21045680	0	27147972	8328940
1788457945	91000	21049740	21045669	0	27148096	8328940
1788457946	80000	21049740	21045670	0	27148648	8328940
1788457947	75000	21049740	21045675	0	27148172	8328940
1788457948	76000	21049740	21045690	0	27148284	8328940
1788457949	89000	21049740	21045676	0	27148476	8328940
1788457950	78000	21049740	21045678	0	27147908	8328940
1788457951	80000	21049740	21045672	0	27147432	8328940
1788457953	82000	21049740	21045672	0	27147308	8328940
1788457954	82000	21049740	21045670	0	27147048	8328940
1788457955	80000	21049740	21045674	0	27146940	8328940
1788457956	86000	21049740	21045674	0	27147616	8328940
1788457957	86000	21049740	21045671	0	27147616	8328940
1788457958	83000	21049740	21045683	0	27147280	8328940
1788457959	83000	21049740	21045668	0	27146860	8328940
1788457960	83000	21049740	21045690	0	27146788	8328940
1788457962	81000	21049740	21045676	0	27147368	8328940
1788457963	85000	21049740	21045669	0	27147796	8328940
1788457964	85000	21049740	21045675	0	27147484	8328940
1788457965	85000	21049740	21045676	0	27147740	8328940
1788457966	77000	21049740	21045668	0	27147952	8328940
1788457967	77000	21049740	21045669	0	27150716	8328940
1788457968	79000	21049740	21045671	0	27150232	8328940
1788457969	77000	21049740	21045673	0	27149920	8328940
1788457971	79000	21049740	21045673	0	27149008	8328940
1788457972	76000	21049740	21045673	0	27149732	8328940
1788457973	79000	21049740	21045673	0	27149812	8328940
1788457974	79000	21049740	21045673	0	27149604	8328940
1788457975	76000	21049740	21045669	0	27149856	8328940
1788457976	76000	21049740	21045672	0	27149616	8328940
1788457977	80000	21049740	21045669	0	27150260	8328940
1788457979	76000	21049740	21045673	0	27150860	8328940
1788457980	77000	21049740	21045672	0	27150564	8328940
1788457981	80000	21049740	21045685	0	27150464	8328940
1788457982	77000	21049740	21045672	0	27150324	8328940
1788457983	79000	21049740	21045673	0	27150432	8328940
1788457984	77000	21049740	21045688	0	27149928	8328940
1788457985	77000	21049740	21045673	0	27149756	8328940
1788457986	79000	21049740	21045673	0	27149568	8328940
1788457988	76000	21049740	21045673	0	27149712	8328940
1788457989	77000	21049740	21045672	0	27149396	8328940
1788457990	77000	21049740	21045669	0	27149724	8328940
1788457991	90000	21049740	21045679	0	27149472	8328940
1788457992	92000	21049740	21045671	0	27148964	8328940
1788457993	90000	21049740	21045673	0	27148484	8328940
1788457994	90000	21049740	21045677	0	27148916	8328940
1788457996	83000	21049740	21045682	0	27149548	8328940
1788457997	79000	21049740	21045679	0	27150200	8328940
1788457998	76000	21049740	21045672	0	27150088	8328940
1788457999	83000	21049740	21045672	0	27149696	8328940
1788458000	86000	21049740	21045669	0	27150012	8328940
1788458001	85000	21049740	21045677	0	27149728	8328940
1788458002	85000	21049740	21045669	0	27148704	8328940
1788458003	87000	21049740	21045673	0	27148684	8328940
1788458005	82000	21049740	21045677	0	27149100	8328940
1788458006	86000	21049740	21045667	0	27149128	8328940
1788458007	87000	21049740	21045682	0	27149128	8328940
1788458008	85000	21049740	21045672	0	27149472	8328940
1788458009	85000	21049740	21045673	0	27148932	8328940
1788458010	80000	21049740	21045673	0	27148660	8328940
1788458011	79000	21049740	21045685	0	27148912	8328940
1788458013	79000	21049740	21045677	0	27148452	8328940
1788458014	80000	21049740	21045673	0	27148524	8328940
1788458015	80000	21049740	21045671	0	27148760	8328940
1788458016	80000	21049740	21045673	0	27148520	8328940
1788458017	79000	21049740	21045661	0	27147616	8328940
1788458018	80000	21049740	21045658	0	27145936	8328944
1788458019	80000	21049740	21045659	0	27145760	8328944
1788458020	79000	21049740	21045667	0	27145476	8328944
1788458022	90000	21049740	21045656	0	27146244	8328944
1788458023	90000	21049740	21045655	0	27146964	8328944
1788458024	89000	21049740	21045657	0	27146128	8328944
1788458025	90000	21049740	21045672	0	27146580	8328944
1788458026	80000	21049740	21045659	0	27146328	8328944
1788458027	80000	21049740	21045685	0	27146612	8328944
1788458028	90000	21049740	21045673	0	27146612	8328944
1788458029	90000	21049740	21045688	0	27147384	8328944
1788458031	90000	21049740	21045672	0	27148392	8328960
1788458032	89000	21049740	21045672	0	27147636	8328960
1788458033	90000	21049740	21045669	0	27147172	8328960
1788458034	90000	21049740	21045672	0	27147896	8328964
1788458035	89000	21049740	21045679	0	27148680	8328964
1788458036	91000	21049740	21045669	0	27148344	8328964
1788458037	90000	21049740	21045673	0	27148260	8328964
1788458039	90000	21049740	21045677	0	27148200	8328964
1788458040	82000	21049740	21045671	0	27148308	8328964
1788458041	80000	21049740	21045688	0	27148560	8328964
1788458042	77000	21049740	21045685	0	27148624	8328964
1788458043	91000	21049740	21045688	0	27149240	8328972
1788458044	90000	21049740	21045671	0	27149384	8328972
1788458045	90000	21049740	21045669	0	27149748	8328972
1788458046	92000	21049740	21045677	0	27148768	8328972
1788458048	91000	21049740	21045682	0	27148740	8328972
1788458049	88000	21049740	21045682	0	27149932	8328972
1788458050	92000	21049740	21045672	0	27149256	8328972
1788458051	90000	21049740	21045669	0	27149568	8328972
1788458052	92000	21049740	21045672	0	27149988	8328972
1788458053	92000	21049740	21045672	0	27149972	8328972
1788458054	80000	21049740	21045672	0	27149480	8328972
1788458056	80000	21049740	21045673	0	27149484	8328972
1788458057	79000	21049740	21045669	0	27149264	8328972
1788458058	83000	21049740	21045669	0	27149344	8328972
1788458059	83000	21049740	21045685	0	27149092	8328972
1788458060	79000	21049740	21045669	0	27148740	8328972
1788458061	83000	21049740	21045671	0	27149104	8328972
1788458062	77000	21049740	21045673	0	27148612	8328972
1788458063	79000	21049740	21045669	0	27147808	8328972
1788458065	86000	21049740	21045679	0	27147824	8328972
1788458066	86000	21049740	21045672	0	27147248	8328972
1788458067	86000	21049740	21045685	0	27147916	8328972
1788458068	80000	21049740	21045671	0	27147744	8328972
1788458069	79000	21049740	21045688	0	27147884	8328972
1788458070	76000	21049740	21045682	0	27148248	8328972
1788458071	79000	21049740	21045672	0	27147972	8328972
1788458073	79000	21049740	21045671	0	27148484	8328972
1788458074	77000	21049740	21045671	0	27148284	8328972
1788458075	77000	21049740	21045673	0	27148040	8328972
1788458076	77000	21049740	21045669	0	27147392	8328972
1788458077	75000	21049740	21045669	0	27147328	8328972
1788458078	76000	21049740	21045672	0	27147360	8328972
1788458079	76000	21049740	21045669	0	27148052	8328972
1788458080	83000	21049740	21045669	0	27147532	8328972
1788458082	85000	21049740	21045672	0	27147364	8328972
1788458083	83000	21049740	21045672	0	27147912	8328972
1788458084	83000	21049740	21045673	0	27147308	8328972
1788458085	83000	21049740	21045671	0	27148408	8328972
1788458086	80000	21049740	21045688	0	27148440	8328972
1788458087	80000	21049740	21045671	0	27148100	8328972
1788458088	90000	21049740	21045672	0	27147964	8328972
1788458089	92000	21049740	21045677	0	27148188	8328972
1788458091	90000	21049740	21045672	0	27147272	8328972
1788458092	89000	21049740	21045673	0	27147780	8328972
1788458093	88000	21049740	21045672	0	27147808	8328972
1788458094	92000	21049740	21045669	0	27147304	8328972
1788458095	91000	21049740	21045673	0	27147684	8328972
1788458096	90000	21049740	21045669	0	27147684	8328972
1788458097	91000	21049740	21045672	0	27149464	8328972
1788458099	91000	21049740	21045685	0	27149564	8328972
1788458100	88000	21049740	21045672	0	27148808	8328972
1788458101	91000	21049740	21045685	0	27148920	8328972
1788458102	90000	21049740	21045682	0	27149124	8328972
1788458103	90000	21049740	21045685	0	27149628	8328972
1788458104	90000	21049740	21045671	0	27148508	8328972
1788458105	90000	21049740	21045672	0	27148368	8328972
1788458107	88000	21049740	21045677	0	27148872	8328972
1788458108	90000	21049740	21045688	0	27149036	8328972
1788458109	90000	21049740	21045669	0	27149264	8328972
1788458110	90000	21049740	21045672	0	27148172	8328972
1788458111	90000	21049740	21045669	0	27147288	8328972
1788458112	90000	21049740	21045669	0	27146764	8328972
1788458113	90000	21049740	21045669	0	27147208	8328976
1788458114	88000	21049740	21045669	0	27147312	8328976
1788458116	90000	21049740	21045671	0	27147424	8328976
1788458117	91000	21049740	21045669	0	27147340	8328976
1788458118	89000	21049740	21045673	0	27147496	8328976
1788458119	90000	21049740	21045679	0	27148000	8328976
1788458120	92000	21049740	21045672	0	27148112	8328976
1788458121	88000	21049740	21045685	0	27147736	8328976
1788458122	91000	21049740	21045672	0	27147736	8328976
1788458124	92000	21049740	21045672	0	27147736	8328976
1788458125	90000	21049740	21045671	0	27147948	8328976
1788458126	90000	21049740	21045672	0	27147600	8328976
1788458127	90000	21049740	21045673	0	27148216	8328976
1788458128	90000	21049740	21045671	0	27148540	8328976
1788458129	88000	21049740	21045679	0	27147964	8328976
1788458130	90000	21049740	21045679	0	27147660	8328976
1788458131	90000	21049740	21045673	0	27147120	8328976
1788458133	88000	21049740	21045685	0	27146552	8328976
1788458134	90000	21049740	21045667	0	27146292	8328976
1788458135	90000	21049740	21045682	0	27146364	8328976
1788458136	89000	21049740	21045671	0	27146464	8328976
1788458137	89000	21049740	21045672	0	27145880	8328976
1788458138	90000	21049740	21045669	0	27145912	8328976
1788458139	90000	21049740	21045682	0	27145772	8328976
1788458141	88000	21049740	21045673	0	27146388	8328976
1788458142	91000	21049740	21045688	0	27146276	8328976
1788458143	90000	21049740	21045672	0	27146528	8328976
1788458144	86000	21049740	21045688	0	27146528	8328976
1788458145	89000	21049740	21045672	0	27146176	8328976
1788458146	90000	21049740	21045688	0	27146604	8328976
1788458147	90000	21049740	21045672	0	27145876	8328976
1788458148	89000	21049740	21045671	0	27146572	8328976
1788458150	89000	21049740	21045673	0	27146368	8328976
1788458151	90000	21049740	21045673	0	27146444	8328980
1788458152	90000	21049740	21045688	0	27145940	8328980
1788458153	90000	21049740	21045682	0	27146084	8328980
1788458154	90000	21049868	21045805	0	27146884	8328980
1788458155	88000	21049868	21045801	0	27146712	8328980
1788458156	90000	21049868	21045801	0	27146676	8328980
1788458157	86000	21049996	21045928	0	27146744	8328980
1788458159	91000	21049996	21045938	0	27146168	8328980
1788458160	88000	21050124	21046057	0	27146232	8328980
1788458161	90000	21050124	21046053	0	27146108	8328980
1788458162	88000	21050252	21046179	0	27146092	8328980
1788458163	91000	21050252	21046185	0	27145700	8328980
1788458164	90000	21050252	21046200	0	27145836	8328980
1788458165	90000	21050252	21046184	0	27146596	8328980
1788458167	91000	21050252	21046185	0	27146292	8328980
1788458168	91000	21050252	21046181	0	27146324	8328980
1788458169	90000	21050252	21046200	0	27145896	8328980
1788458170	90000	21050252	21046183	0	27145756	8328980
1788458171	86000	21050252	21046184	0	27145920	8328980
1788458172	90000	21050252	21046183	0	27146032	8328980
1788458173	91000	21050252	21046200	0	27145436	8328980
1788458175	90000	21050252	21046184	0	27145568	8328980
1788458176	80000	21050252	21046184	0	27145360	8328980
1788458177	78000	21050252	21046194	0	27145964	8328980
1788458178	83000	21050252	21046181	0	27146088	8328980
1788458179	82000	21050252	21046200	0	27145348	8328980
1788458180	85000	21050252	21046181	0	27145616	8328980
1788458181	82000	21050252	21046181	0	27145016	8328980
1788458182	83000	21050252	21046189	0	27144884	8328980
1788458184	81000	21050252	21046179	0	27145232	8328980
1788458185	86000	21050252	21046189	0	27144968	8328980
1788458186	85000	21050252	21046184	0	27145992	8328980
1788458187	83000	21050252	21046184	0	27146360	8328980
1788458188	86000	21050252	21046181	0	27146364	8328980
1788458189	75000	21050252	21046184	0	27146112	8328980
1788458190	75000	21050252	21046184	0	27146388	8328980
1788458191	76000	21050252	21046185	0	27147640	8328980
1788458193	77000	21050252	21046185	0	27148272	8328980
1788458194	77000	21050252	21046195	0	27148600	8328980
1788458195	75000	21050252	21046181	0	27147748	8328980
1788458196	76000	21050252	21046179	0	27147164	8328980
1788458197	79000	21050252	21046190	0	27147204	8328980
1788458198	76000	21050252	21046179	0	27147488	8328980
1788458199	79000	21050252	21046193	0	27146816	8328980
1788458201	77000	21050252	21046193	0	27146480	8328980
1788458202	79000	21050252	21046185	0	27146320	8328980
1788458203	78000	21050252	21046195	0	27146796	8328980
1788458204	90000	21050252	21046177	0	27147384	8328980
1788458205	88000	21050252	21046187	0	27146892	8328980
1788458206	90000	21050252	21046179	0	27147260	8328980
1788458207	90000	21050252	21046185	0	27147168	8328980
1788458208	90000	21050252	21046195	0	27147532	8328980
1788458210	90000	21050252	21046181	0	27146784	8328980
1788458211	77000	21050252	21046190	0	27147480	8328980
1788458212	76000	21050252	21046179	0	27147232	8328984
1788458213	76000	21050252	21046190	0	27147236	8328984
1788458214	76000	21050252	21046180	0	27148456	8328984
1788458215	77000	21050252	21046179	0	27148096	8328984
1788458216	76000	21050252	21046175	0	27148208	8328984
1788458218	79000	21050252	21046162	0	27149864	8328984
1788458219	79000	21050252	21046170	0	27150048	8328984
1788458220	86000	21050252	21046177	0	27148504	8328984
1788458221	91000	21050252	21046163	0	27148160	8328984
1788458222	76000	21050252	21046179	0	27148776	8328984
1788458223	79000	21050252	21046161	0	27148524	8328984
1788458224	92000	21050252	21046161	0	27148776	8328984
1788458225	84000	21050252	21046180	0	27149508	8328984
1788458227	90000	21050252	21046179	0	27148416	8328984
1788458228	86000	21050252	21046161	0	27148388	8328984
1788458229	90000	21050252	21046161	0	27149192	8328984
1788458230	77000	21050252	21046162	0	27148208	8328984
1788458231	91000	21050252	21046163	0	27147668	8328984
1788458232	88000	21050252	21046164	0	27147668	8328984
1788458233	89000	21050252	21046163	0	27147416	8328984
1788458235	88000	21050252	21046172	0	27147164	8328988
1788458236	89000	21050252	21046164	0	27146672	8328988
1788458237	80000	21050252	21046163	0	27146648	8328988
1788458238	77000	21050252	21046170	0	27146256	8328988
1788458239	80000	21050252	21046177	0	27146736	8328988
1788458240	79000	21050252	21046164	0	27146520	8328988
1788458241	79000	21050252	21046161	0	27146240	8328988
1788458242	79000	21050252	21046161	0	27146720	8328988
1788458244	79000	21050252	21046160	0	27146804	8328988
1788458245	82000	21050252	21046164	0	27146584	8328988
1788458246	82000	21050252	21046164	0	27145436	8328988
1788458247	80000	21050252	21046174	0	27145856	8328988
1788458248	82000	21050252	21046163	0	27145716	8328988
1788458249	79000	21050252	21046177	0	27146108	8328988
1788458250	83000	21050252	21046163	0	27145720	8328992
1788458252	82000	21050252	21046179	0	27145664	8328992
1788458253	79000	21050252	21046160	0	27146044	8328992
1788458254	79000	21050252	21046161	0	27146740	8328992
1788458255	79000	21050252	21046170	0	27146404	8328992
1788458256	79000	21050252	21046163	0	27146944	8328992
1788458257	79000	21050252	21046163	0	27146076	8328992
1788458258	79000	21050252	21046161	0	27145556	8328992
1788458259	79000	21050252	21046164	0	27145780	8328992
1788458261	80000	21050252	21046161	0	27145780	8328992
1788458262	79000	21050252	21046161	0	27146040	8328992
1788458263	79000	21050252	21046161	0	27146188	8328992
1788458264	80000	21050252	21046166	0	27145684	8328992
1788458265	79000	21050252	21046163	0	27145204	8328992
1788458266	80000	21050252	21046177	0	27144920	8328992
1788458267	79000	21050252	21046164	0	27144956	8328992
1788458268	80000	21050252	21046179	0	27143968	8328992
1788458270	83000	21050252	21046160	0	27144248	8328992
1788458271	85000	21050252	21046163	0	27144296	8328992
1788458272	85000	21050252	21046163	0	27145016	8328992
1788458273	81000	21050252	21046179	0	27144840	8328992
1788458274	86000	21050252	21046163	0	27145456	8328992
1788458275	86000	21050252	21046169	0	27145740	8328992
1788458276	83000	21050252	21046163	0	27145976	8328992
1788458278	83000	21050252	21046162	0	27145380	8328992
1788458279	80000	21050252	21046163	0	27145480	8328992
1788458280	80000	21050252	21046162	0	27144976	8328992
1788458281	79000	21050252	21046176	0	27144996	8328992
1788458282	80000	21050252	21046171	0	27144996	8328992
1788458283	82000	21050252	21046163	0	27145308	8328992
1788458284	80000	21050252	21046161	0	27144984	8328992
1788458285	82000	21050252	21046163	0	27144872	8328992
1788458287	82000	21050252	21046160	0	27145648	8328992
1788458288	79000	21050252	21046163	0	27146008	8328992
1788458289	79000	21050252	21046163	0	27145364	8328992
1788458290	82000	21050252	21046162	0	27145488	8328992
1788458291	78000	21050252	21046162	0	27145492	8328992
1788458292	80000	21050252	21046163	0	27146072	8328992
1788458293	79000	21050252	21046169	0	27145692	8328992
1788458295	78000	21050252	21046163	0	27145152	8328992
1788458296	82000	21050252	21046163	0	27146068	8328992
1788458297	79000	21050252	21046161	0	27145564	8328992
1788458298	80000	21050252	21046163	0	27145204	8328992
1788458299	83000	21050252	21046162	0	27145316	8328992
1788458300	82000	21050252	21046160	0	27144560	8328992
1788458301	79000	21050252	21046174	0	27144748	8328992
1788458302	79000	21050252	21046179	0	27144764	8328992
1788458304	83000	21050252	21046174	0	27145376	8328992
1788458305	83000	21050252	21046163	0	27145144	8328992
1788458306	90000	21050252	21046163	0	27144980	8328992
1788458307	91000	21050252	21046160	0	27144588	8328992
1788458308	85000	21050252	21046159	0	27145564	8328992
1788458309	86000	21050252	21046161	0	27145548	8328992
1788458310	85000	21050252	21046160	0	27145116	8328992
1788458312	92000	21050252	21046176	0	27145368	8328992
1788458313	92000	21050252	21046161	0	27145628	8328992
1788458314	92000	21050252	21046165	0	27145124	8328992
1788458315	91000	21050252	21046161	0	27145992	8328992
1788458316	91000	21050252	21046176	0	27145628	8328992
1788458317	86000	21050252	21046163	0	27145888	8328992
1788458318	91000	21050252	21046176	0	27146000	8328992
1788458319	90000	21050252	21046160	0	27147352	8328992
1788458321	91000	21050252	21046162	0	27146732	8328992
1788458322	91000	21050252	21046162	0	27146592	8328992
1788458323	90000	21050252	21046169	0	27146324	8328992
1788458324	88000	21050252	21046174	0	27145592	8328992
1788458325	89000	21050252	21046159	0	27145628	8328992
1788458326	90000	21050252	21046163	0	27145568	8328992
1788458327	90000	21050252	21046179	0	27145160	8328992
1788458328	90000	21050252	21046162	0	27146360	8328992
1788458330	89000	21050252	21046171	0	27146436	8328992
1788458331	90000	21050252	21046165	0	27146436	8328992
1788458332	86000	21050252	21046162	0	27146016	8328992
1788458333	90000	21050252	21046169	0	27146112	8328992
1788458334	90000	21050252	21046163	0	27146768	8328992
1788458335	90000	21050252	21046169	0	27146064	8328992
1788458336	92000	21050252	21046160	0	27146160	8328992
1788458338	92000	21050252	21046160	0	27146096	8328992
1788458339	88000	21050252	21046174	0	27145516	8328992
1788458340	92000	21050252	21046159	0	27145908	8328992
1788458341	90000	21050252	21046171	0	27145720	8328992
1788458342	90000	21050252	21046163	0	27145172	8328992
1788458343	91000	21050252	21046171	0	27144952	8328992
1788458344	90000	21050252	21046161	0	27145456	8328992
1788458346	90000	21050252	21046176	0	27145316	8328992
1788458347	86000	21050252	21046163	0	27144856	8328992
1788458348	90000	21050252	21046174	0	27145044	8328992
1788458349	77000	21050252	21046162	0	27145172	8328992
1788458350	76000	21050252	21046163	0	27144912	8328992
1788458351	79000	21050252	21046162	0	27145136	8328992
1788458352	77000	21050252	21046159	0	27145336	8328992
1788458353	76000	21050252	21046160	0	27145084	8328992
1788458355	80000	21050252	21046179	0	27145056	8328992
1788458356	77000	21050252	21046165	0	27144376	8328992
1788458357	79000	21050252	21046169	0	27144564	8328992
1788458358	79000	21050252	21046160	0	27144816	8328992
1788458359	79000	21050252	21046163	0	27144452	8328996
1788458360	90000	21050252	21046176	0	27144424	8328996
1788458361	88000	21050252	21046161	0	27144388	8328996
1788458362	90000	21050252	21046163	0	27144576	8328996
1788458364	91000	21050252	21046169	0	27144472	8328996
1788458365	86000	21050252	21046163	0	27145064	8328996
1788458366	89000	21050252	21046162	0	27145352	8328996
1788458367	91000	21050252	21046159	0	27145436	8328996
1788458368	86000	21050252	21046159	0	27145260	8328996
1788458369	88000	21050252	21046161	0	27145448	8328996
1788458370	89000	21050252	21046165	0	27145244	8328996
1788458372	89000	21050252	21046159	0	27146112	8328996
1788458373	91000	21050252	21046169	0	27145668	8328996
1788458374	89000	21050252	21046174	0	27144876	8328996
1788458375	90000	21050252	21046165	0	27145232	8328996
1788458376	88000	21050252	21046161	0	27145524	8328996
1788458377	89000	21050252	21046169	0	27145384	8328996
1788458378	91000	21050252	21046165	0	27145608	8328996
1788458379	90000	21050252	21046163	0	27145608	8328996
1788458381	90000	21050252	21046160	0	27146112	8328996
1788458382	90000	21050252	21046162	0	27145976	8328996
1788458383	90000	21050252	21046162	0	27145600	8328996
1788458384	88000	21050252	21046162	0	27146564	8328996
1788458385	89000	21050252	21046161	0	27146796	8328996
1788458386	80000	21050252	21046160	0	27146908	8328996
1788458387	78000	21050252	21046160	0	27146796	8328996
1788458389	79000	21050252	21046159	0	27146908	8328996
1788458390	86000	21050252	21046176	0	27146896	8328996
1788458391	90000	21050252	21046176	0	27146972	8328996
1788458392	85000	21050252	21046160	0	27146972	8328996
1788458393	77000	21050252	21046160	0	27146004	8328996
1788458394	83000	21050252	21046169	0	27145724	8328996
1788458395	83000	21050252	21046163	0	27145736	8328996
1788458396	83000	21050252	21046162	0	27145988	8328996
1788458398	85000	21050252	21046163	0	27146400	8328996
1788458399	85000	21050252	21046159	0	27146132	8328996
1788458400	83000	21050252	21046165	0	27146228	8328996
1788458401	76000	21050252	21046162	0	27145724	8328996
1788458402	86000	21050252	21046174	0	27144968	8328996
1788458403	83000	21050252	21046160	0	27144968	8328996
1788458404	82000	21050252	21046161	0	27144716	8328996
1788458405	90000	21050252	21046179	0	27145080	8328996
1788458407	90000	21050252	21046159	0	27145536	8328996
1788458408	88000	21050252	21046162	0	27144708	8328996
1788458409	90000	21050252	21046174	0	27148256	8328996
1788458410	83000	21050252	21046162	0	27148636	8328996
1788458411	79000	21050252	21046171	0	27148832	8328996
1788458412	79000	21050252	21046163	0	27149336	8328996
1788458413	80000	21050252	21046162	0	27148832	8328996
1788458415	79000	21050252	21046171	0	27148964	8328996
1788458416	80000	21050252	21046162	0	27149380	8328996
1788458417	79000	21050252	21046159	0	27149944	8328996
1788458418	79000	21050252	21046162	0	27149984	8328996
1788458419	82000	21050252	21046159	0	27149744	8328996
1788458420	91000	21050252	21046165	0	27149600	8328996
1788458421	88000	21050252	21046159	0	27148992	8328996
1788458422	89000	21050252	21046160	0	27148740	8328996
1788458424	91000	21050252	21046160	0	27148236	8328996
1788458425	91000	21050252	21046163	0	27148708	8328996
1788458426	90000	21050252	21046169	0	27149108	8328996
1788458427	80000	21050252	21046159	0	27149340	8328996
1788458428	78000	21050252	21046160	0	27150344	8328996
1788458429	81000	21050252	21046179	0	27149000	8328996
1788458430	75000	21050252	21046171	0	27148556	8328996
1788458432	91000	21050252	21046176	0	27148292	8328996
1788458433	91000	21050252	21046176	0	27148368	8328996
1788458434	90000	21050252	21046165	0	27148364	8328996
1788458435	82000	21050252	21046159	0	27148420	8328996
1788458436	83000	21050252	21046163	0	27149036	8328996
1788458437	78000	21050252	21046160	0	27149292	8328996
1788458438	83000	21050252	21046179	0	27149656	8328996
1788458439	80000	21050252	21046163	0	27149084	8328996
1788458441	80000	21050252	21046163	0	27149168	8328996
1788458442	82000	21050252	21046162	0	27149284	8328996
1788458443	76000	21050252	21046163	0	27148276	8328996
1788458444	75000	21050252	21046165	0	27148548	8328996
1788458445	77000	21050252	21046160	0	27148384	8328996
1788458446	76000	21050252	21046174	0	27148860	8328996
1788458447	77000	21050252	21046160	0	27149116	8328996
1788458448	77000	21050252	21046160	0	27148112	8328996
1788458450	77000	21050252	21046160	0	27148116	8328996
1788458451	83000	21050252	21046160	0	27148344	8328996
1788458452	82000	21050252	21046174	0	27148708	8328996
1788458453	87000	21050252	21046169	0	27149072	8328996
1788458454	83000	21050252	21046163	0	27149836	8328996
1788458455	83000	21050252	21046161	0	27149644	8328996
1788458456	87000	21050252	21046162	0	27148952	8328996
1788458458	83000	21050252	21046163	0	27148864	8328996
1788458459	85000	21050252	21046162	0	27149120	8328996
1788458460	82000	21050252	21046162	0	27148868	8328996
1788458461	86000	21050252	21046159	0	27149484	8328996
1788458462	86000	21050252	21046163	0	27150240	8328996
1788458463	85000	21050252	21046163	0	27150216	8328996
1788458464	79000	21050252	21046169	0	27150216	8328996
1788458465	79000	21050252	21046161	0	27150088	8328996
1788458467	76000	21050252	21046162	0	27150320	8328996
1788458468	75000	21050252	21046171	0	27149764	8328996
1788458469	76000	21050252	21046179	0	27149728	8328996
1788458470	77000	21050252	21046165	0	27150272	8328996
1788458471	77000	21050252	21046163	0	27149768	8328996
1788458472	79000	21050252	21046159	0	27148728	8328996
1788458473	77000	21050252	21046169	0	27148828	8328996
1788458475	75000	21050252	21046163	0	27149236	8328996
1788458476	78000	21050252	21046163	0	27148360	8328996
1788458477	77000	21050252	21046161	0	27148616	8328996
1788458478	77000	21050252	21046174	0	27148616	8328996
1788458479	77000	21050252	21046176	0	27149276	8328996
1788458480	79000	21050252	21046159	0	27149328	8328996
1788458481	78000	21050252	21046162	0	27149928	8328996
1788458482	76000	21050252	21046165	0	27149008	8328996
1788458484	76000	21050252	21046169	0	27149668	8328996
1788458485	79000	21050252	21046160	0	27149336	8328996
1788458486	79000	21050252	21046160	0	27149588	8328996
1788458487	77000	21050252	21046176	0	27149588	8328996
1788458488	79000	21050252	21046159	0	27149700	8328996
1788458489	75000	21050252	21046160	0	27149336	8328996
1788458490	79000	21050252	21046163	0	27149808	8328996
1788458492	79000	21050252	21046163	0	27150024	8328996
1788458493	77000	21050252	21046160	0	27150392	8328996
1788458494	77000	21050252	21046162	0	27150008	8328996
1788458495	76000	21050252	21046175	0	27149592	8328996
1788458496	86000	21050252	21046161	0	27149640	8328996
1788458497	82000	21050252	21046162	0	27149968	8328996
1788458498	76000	21050252	21046163	0	27149884	8328996
1788458499	79000	21050252	21046175	0	27149944	8328996
1788458501	80000	21050252	21046166	0	27150040	8328996
1788458502	80000	21050252	21046178	0	27148520	8328996
1788458503	79000	21050252	21046166	0	27149144	8328996
1788458504	80000	21050252	21046171	0	27148908	8328996
1788458505	80000	21050252	21046178	0	27148872	8328996
1788458506	79000	21050252	21046164	0	27148828	8328996
1788458507	78000	21050252	21046173	0	27148500	8328996
1788458509	80000	21050252	21046164	0	27149004	8328996
1788458510	82000	21050252	21046173	0	27148832	8328996
1788458511	80000	21050252	21046175	0	27148832	8328996
1788458512	80000	21050252	21046163	0	27149472	8328996
1788458513	79000	21050252	21046164	0	27149724	8328996
1788458514	80000	21050252	21046181	0	27150112	8328996
1788458515	79000	21050252	21046164	0	27150564	8328996
1788458516	80000	21050252	21046166	0	27150932	8328996
1788458518	79000	21050252	21046175	0	27150972	8328996
1788458519	80000	21050252	21046172	0	27149964	8328996
1788458520	80000	21050252	21046178	0	27150168	8328996
1788458521	79000	21050252	21046178	0	27150244	8328996
1788458522	85000	21050252	21046178	0	27150324	8328996
1788458523	91000	21050252	21046180	0	27149384	8328996
1788458524	90000	21050252	21046178	0	27150180	8328996
1788458526	91000	21050252	21046180	0	27150076	8328996
1788458527	90000	21050252	21046182	0	27149684	8328996
1788458528	90000	21050252	21046180	0	27149684	8328996
1788458529	88000	21050252	21046186	0	27148752	8328996
1788458530	83000	21050252	21046194	0	27149208	8328996
1788458531	83000	21050252	21046180	0	27149592	8328996
1788458532	77000	21050252	21046176	0	27149908	8328996
1788458533	80000	21050252	21046180	0	27150412	8328996
1788458535	80000	21050252	21046180	0	27149872	8328996
1788458536	79000	21050252	21046178	0	27150048	8328996
1788458537	82000	21050252	21046180	0	27150016	8328996
1788458538	78000	21050252	21046180	0	27149968	8328996
1788458539	80000	21050252	21046188	0	27150056	8328996
1788458540	86000	21050252	21046182	0	27149188	8328996
1788458541	86000	21050252	21046178	0	27149048	8328996
1788458542	79000	21050252	21046194	0	27148360	8328996
1788458544	76000	21050252	21046191	0	27148864	8328996
1788458545	80000	21050252	21046180	0	27149300	8328996
1788458546	79000	21050252	21046180	0	27149396	8328996
1788458547	77000	21050252	21046178	0	27150488	8328996
1788458548	77000	21050252	21046186	0	27150436	8328996
1788458549	79000	21050252	21046186	0	27150452	8328996
1788458550	78000	21050252	21046182	0	27150104	8328996
1788458552	78000	21050252	21046178	0	27149664	8328996
1788458553	79000	21050252	21046178	0	27149348	8328996
1788458554	76000	21050252	21046182	0	27148640	8328996
1788458555	76000	21050252	21046182	0	27149276	8328996
1788458556	77000	21050252	21046182	0	27148772	8328996
1788458557	79000	21050252	21046191	0	27148520	8328996
1788458558	75000	21050252	21046191	0	27148156	8328996
1788458559	79000	21050252	21046176	0	27147728	8328996
1788458561	76000	21050252	21046191	0	27148544	8328996
1788458562	76000	21050252	21046176	0	27148384	8328996
1788458563	76000	21050252	21046181	0	27148492	8328996
1788458564	76000	21050252	21046177	0	27148732	8328996
1788458565	79000	21050252	21046180	0	27148156	8328996
1788458566	79000	21050252	21046197	0	27147924	8328996
1788458567	79000	21050252	21046181	0	27148120	8328996
1788458569	79000	21050252	21046178	0	27147980	8328996
1788458570	80000	21050252	21046165	0	27148108	8328996
1788458571	77000	21050252	21046174	0	27147612	8328996
1788458572	76000	21050252	21046165	0	27146968	8328996
1788458573	80000	21050252	21046184	0	27147144	8328996
1788458574	79000	21050252	21046169	0	27147444	8328996
1788458575	79000	21050252	21046184	0	27147672	8328996
1788458576	78000	21050252	21046167	0	27148288	8328996
1788458578	80000	21050252	21046165	0	27148556	8328996
1788458579	79000	21050252	21046165	0	27148732	8328996
1788458580	91000	21050252	21046165	0	27148400	8328996
1788458581	88000	21050252	21046168	0	27147896	8328996
1788458582	86000	21050252	21046169	0	27147720	8328996
1788458583	92000	21050252	21046165	0	27147772	8328996
1788458584	79000	21050252	21046165	0	27147768	8328996
1788458586	75000	21050252	21046169	0	27147516	8328996
1788458587	79000	21050252	21046167	0	27148364	8328996
1788458588	79000	21050252	21046165	0	27148076	8328996
1788458589	86000	21050252	21046184	0	27148004	8328996
1788458590	84000	21050252	21046168	0	27148012	8329000
1788458591	90000	21050252	21046165	0	27148740	8329000
1788458592	90000	21050252	21046168	0	27148832	8329000
1788458593	90000	21050252	21046165	0	27148832	8329000
1788458595	90000	21050252	21046165	0	27148256	8329000
1788458596	88000	21050252	21046167	0	27148480	8329000
1788458597	83000	21050252	21046176	0	27148960	8329000
1788458598	90000	21050252	21046165	0	27148980	8329000
1788458599	90000	21050252	21046167	0	27148980	8329000
1788458600	90000	21050252	21046174	0	27149636	8329000
1788458601	90000	21050252	21046164	0	27149976	8329000
1788458603	90000	21050252	21046167	0	27150116	8329000
1788458604	77000	21050252	21046181	0	27149676	8329000
1788458605	76000	21050252	21046165	0	27148848	8329000
1788458606	77000	21050252	21046167	0	27148944	8329000
1788458607	78000	21050252	21046167	0	27150632	8329000
1788458608	76000	21050252	21046167	0	27150372	8329000
1788458609	76000	21050252	21046178	0	27149980	8329000
1788458610	79000	21050252	21046176	0	27150620	8329000
1788458612	76000	21050252	21046167	0	27150128	8329000
1788458613	77000	21050252	21046169	0	27150180	8329000
1788458614	78000	21050252	21046167	0	27149928	8329000
1788458615	79000	21050252	21046174	0	27150180	8329000
1788458616	82000	21050252	21046167	0	27149676	8329000
1788458617	80000	21050252	21046165	0	27149956	8329000
1788458618	80000	21050252	21046167	0	27149956	8329000
1788458619	79000	21050252	21046167	0	27150312	8329000
1788458621	80000	21050252	21046165	0	27150424	8329000
1788458622	80000	21050252	21046181	0	27150048	8329000
1788458623	79000	21050252	21046165	0	27149656	8329000
1788458624	80000	21050252	21046184	0	27149008	8329000
1788458625	79000	21050252	21046165	0	27148860	8329000
1788458626	79000	21050252	21046178	0	27148432	8329000
1788458627	79000	21050252	21046167	0	27147528	8329000
1788458629	79000	21050252	21046174	0	27147640	8329000
1788458630	80000	21050252	21046169	0	27147752	8329000
1788458631	79000	21050252	21046167	0	27147004	8329000
1788458632	80000	21050252	21046167	0	27146740	8329000
1788458633	90000	21050252	21046184	0	27146740	8329000
1788458634	91000	21050252	21046176	0	27147316	8329000
1788458635	90000	21050252	21046165	0	27147064	8329000
1788458636	84000	21050252	21046164	0	27146892	8329000
1788458638	90000	21050252	21046176	0	27146968	8329000
1788458639	90000	21050252	21046176	0	27147364	8329000
1788458640	80000	21050252	21046168	0	27146920	8329000
1788458641	79000	21050252	21046176	0	27147172	8329000
1788458642	80000	21050252	21046169	0	27147612	8329000
1788458643	80000	21050252	21046164	0	27147436	8329000
1788458644	79000	21050252	21046181	0	27148108	8329000
1788458646	79000	21050252	21046167	0	27148108	8329000
1788458647	80000	21050380	21046293	0	27148232	8329000
1788458648	79000	21050380	21046302	0	27147860	8329000
1788458649	80000	21050380	21046292	0	27148180	8329000
1788458650	79000	21050508	21046423	0	27148432	8329000
1788458651	79000	21050508	21046424	0	27148432	8329000
1788458652	84000	21050636	21046548	0	27147928	8329000
1788458653	79000	21050636	21046558	0	27148116	8329000
1788458655	80000	21050636	21046549	0	27148620	8329000
1788458656	79000	21050764	21046686	0	27149032	8329000
1788458657	80000	21050764	21046676	0	27149132	8329000
1788458658	76000	21050764	21046679	0	27148680	8329000
1788458659	83000	21050764	21046677	0	27147444	8329000
1788458660	82000	21050764	21046676	0	27148436	8329000
1788458661	82000	21050764	21046680	0	27148344	8329000
1788458663	79000	21050764	21046693	0	27148184	8329000
1788458664	78000	21050764	21046679	0	27148032	8329000
1788458665	79000	21050764	21046677	0	27149148	8329000
1788458666	80000	21050764	21046690	0	27148900	8329000
1788458667	86000	21050764	21046681	0	27148760	8329000
1788458668	78000	21050764	21046690	0	27149316	8329000
1788458669	80000	21050764	21046680	0	27150200	8329000
1788458670	76000	21050764	21046688	0	27150992	8329000
1788458672	76000	21050764	21046690	0	27151128	8329000
1788458673	82000	21050764	21046690	0	27150900	8329000
1788458674	86000	21050764	21046679	0	27151192	8329000
1788458675	85000	21050764	21046690	0	27151556	8329000
1788458676	82000	21050764	21046686	0	27151204	8329000
1788458677	78000	21050764	21046688	0	27150448	8329000
1788458678	78000	21050764	21046696	0	27151156	8329000
1788458679	82000	21050764	21046696	0	27151432	8329000
1788458681	82000	21050764	21046676	0	27151432	8329000
1788458682	79000	21050764	21046679	0	27150584	8329000
1788458683	79000	21050764	21046681	0	27151160	8329000
1788458684	77000	21050764	21046706	0	27152108	8329004
1788458685	78000	21050764	21046703	0	27154304	8329004
1788458686	81000	21050764	21046700	0	27155140	8329048
1788458687	87000	21050764	21046689	0	27154336	8329048
1788458689	82000	21050764	21046689	0	27153264	8329052
1788458690	80000	21050764	21046706	0	27155568	8329052
1788458691	78000	21050764	21046687	0	27155532	8329052
1788458692	79000	21050764	21046695	0	27155784	8329052
1788458693	75000	21050764	21046695	0	27156148	8329052
1788458694	75000	21050764	21046689	0	27155880	8329052
1788458695	80000	21050764	21046687	0	27156168	8329052
1788458696	76000	21050764	21046689	0	27155400	8329076
1788458698	77000	21050764	21046689	0	27154824	8329076
1788458699	86000	21050764	21046695	0	27153780	8329088
1788458700	82000	21050764	21046686	0	27153260	8329088
1788458701	81000	21050764	21046698	0	27153608	8329088
1788458702	83000	21050764	21046695	0	27154184	8329088
1788458703	83000	21050764	21046689	0	27153728	8329088
1788458704	85000	21050764	21046685	0	27153072	8329088
1788458706	85000	21050764	21046678	0	27152128	8329088
1788458707	79000	21050764	21046679	0	27152532	8329088
1788458708	79000	21050764	21046679	0	27152136	8329088
1788458709	79000	21050764	21046695	0	27152180	8329088
1788458710	82000	21050764	21046678	0	27151296	8329088
1788458711	74000	21050764	21046679	0	27151484	8329088
1788458712	79000	21050764	21046675	0	27151108	8329088
1788458713	83000	21050764	21046679	0	27151536	8329088
1788458715	80000	21050764	21046678	0	27153276	8329088
1788458716	80000	21050764	21046678	0	27154768	8329092
1788458717	79000	21050764	21046695	0	27153728	8329092
1788458718	83000	21050764	21046680	0	27152660	8329092
1788458719	79000	21050764	21046676	0	27153188	8329092
1788458720	80000	21050764	21046680	0	27153472	8329096
1788458721	83000	21050764	21046695	0	27152240	8329096
1788458723	80000	21050764	21046689	0	27151308	8329096
1788458724	79000	21050764	21046676	0	27151040	8329096
1788458725	78000	21050764	21046678	0	27150976	8329096
1788458726	79000	21050764	21046685	0	27151288	8329096
1788458727	79000	21050764	21046687	0	27151400	8329096
1788458728	80000	21050764	21046676	0	27151004	8329096
1788458729	78000	21050764	21046695	0	27152652	8329096
1788458730	79000	21050764	21046680	0	27152796	8329096
1788458732	79000	21050764	21046676	0	27152544	8329096
1788458733	79000	21050764	21046680	0	27152488	8329096
1788458734	79000	21050764	21046676	0	27153168	8329096
1788458735	80000	21050764	21046678	0	27153052	8329096
1788458736	80000	21050764	21046681	0	27152688	8329096
1788458737	80000	21050764	21046677	0	27152844	8329096
1788458738	79000	21050764	21046680	0	27151976	8329096
1788458740	79000	21050764	21046679	0	27151836	8329096
1788458741	79000	21050764	21046679	0	27152132	8329096
1788458742	79000	21050764	21046676	0	27151560	8329096
1788458743	82000	21050764	21046692	0	27151056	8329096
1788458744	82000	21050764	21046678	0	27150552	8329096
1788458745	79000	21050764	21046695	0	27150520	8329096
1788458746	82000	21050764	21046689	0	27150092	8329096
1788458747	78000	21050764	21046681	0	27150028	8329096
1788458749	79000	21050764	21046687	0	27150496	8329096
1788458750	79000	21050764	21046676	0	27150480	8329096
1788458751	77000	21050764	21046676	0	27150324	8329096
1788458752	79000	21050764	21046679	0	27150072	8329096
1788458753	77000	21050764	21046695	0	27150080	8329096
1788458754	77000	21050764	21046678	0	27150332	8329096
1788458755	75000	21050764	21046695	0	27150192	8329096
1788458757	76000	21050764	21046676	0	27149816	8329096
1788458758	76000	21050764	21046695	0	27149816	8329096
1788458759	76000	21050764	21046679	0	27149236	8329096
1788458760	77000	21050764	21046675	0	27149948	8329096
1788458761	77000	21050764	21046679	0	27150568	8329096
1788458762	79000	21050764	21046677	0	27150432	8329096
1788458763	76000	21050764	21046675	0	27148436	8329096
1788458764	76000	21050764	21046678	0	27148712	8329096
1788458766	76000	21050764	21046692	0	27148460	8329096
1788458767	76000	21050764	21046680	0	27148824	8329096
1788458768	76000	21050764	21046685	0	27148460	8329096
1788458769	77000	21050764	21046692	0	27147972	8329096
1788458770	77000	21050764	21046680	0	27147452	8329096
1788458771	75000	21050764	21046678	0	27147452	8329096
1788458772	75000	21050764	21046679	0	27146976	8329096
1788458773	79000	21050764	21046676	0	27146948	8329096
1788458775	77000	21050764	21046676	0	27147372	8329096
1788458776	76000	21050764	21046678	0	27148568	8329096
1788458777	77000	21050764	21046677	0	27148064	8329096
1788458778	76000	21050764	21046676	0	27148064	8329096
1788458779	91000	21050764	21046679	0	27147196	8329096
1788458780	86000	21050764	21046681	0	27147056	8329096
1788458781	91000	21050764	21046677	0	27147236	8329096
1788458783	97000	21050764	21046685	0	27147752	8329096
1788458784	91000	21050764	21046681	0	27147464	8329096
1788458785	91000	21050764	21046676	0	27146216	8329096
1788458786	91000	21050764	21046678	0	27147096	8329096
1788458787	86000	21050764	21046679	0	27146844	8329096
1788458788	86000	21050764	21046676	0	27146340	8329096
1788458789	90000	21050764	21046687	0	27146392	8329096
1788458790	90000	21050764	21046695	0	27146504	8329096
1788458792	91000	21050764	21046679	0	27146436	8329096
1788458793	90000	21050764	21046695	0	27146372	8329096
1788458794	91000	21050764	21046681	0	27145416	8329096
1788458795	86000	21050764	21046679	0	27146480	8329096
1788458796	90000	21050764	21046680	0	27145992	8329096
1788458797	90000	21050764	21046688	0	27145968	8329096
1788458798	86000	21050764	21046677	0	27146008	8329096
1788458800	92000	21050764	21046686	0	27146356	8329096
1788458801	92000	21050764	21046680	0	27146104	8329096
1788458802	86000	21050764	21046695	0	27146180	8329096
1788458803	86000	21050764	21046690	0	27145980	8329096
1788458804	90000	21050764	21046677	0	27146232	8329096
1788458805	91000	21050764	21046695	0	27146136	8329096
1788458806	90000	21050764	21046681	0	27146248	8329100
1788458807	91000	21050764	21046695	0	27147060	8329100
1788458809	86000	21050764	21046677	0	27145688	8329100
1788458810	85000	21050764	21046677	0	27146148	8329100
1788458811	85000	21050764	21046680	0	27146280	8329100
1788458812	92000	21050764	21046681	0	27146648	8329100
1788458813	90000	21050764	21046688	0	27146564	8329100
1788458814	90000	21050764	21046677	0	27147040	8329100
1788458815	90000	21050764	21046679	0	27147272	8329100
1788458817	91000	21050764	21046679	0	27146264	8329100
1788458818	76000	21050764	21046686	0	27146376	8329100
1788458819	85000	21050764	21046677	0	27147500	8329100
1788458820	94000	21050764	21046671	0	27149020	8329100
1788458821	76000	21050764	21046672	0	27149420	8329100
1788458822	77000	21050764	21046687	0	27148376	8329100
1788458823	79000	21050764	21046671	0	27147920	8329100
1788458824	86000	21050764	21046671	0	27146924	8329100
1788458826	75000	21050764	21046690	0	27147176	8329100
1788458827	76000	21050764	21046671	0	27146064	8329100
1788458828	89000	21050764	21046672	0	27145784	8329100
1788458829	76000	21050764	21046675	0	27146068	8329100
1788458830	88000	21050764	21046672	0	27145564	8329100
1788458831	90000	21050764	21046674	0	27146084	8329100
1788458832	91000	21050764	21046685	0	27145524	8329100
1788458833	86000	21050764	21046672	0	27145820	8329100
1788458835	76000	21050764	21046685	0	27146008	8329100
1788458836	76000	21050764	21046687	0	27146628	8329100
1788458837	76000	21050764	21046674	0	27146932	8329104
1788458838	79000	21050764	21046672	0	27146744	8329104
1788458839	77000	21050764	21046676	0	27146532	8329104
1788458840	76000	21050764	21046674	0	27146756	8329104
1788458841	76000	21050764	21046672	0	27146504	8329104
1788458843	80000	21050764	21046676	0	27146252	8329104
1788458844	80000	21050764	21046673	0	27146592	8329104
1788458845	78000	21050764	21046687	0	27145896	8329104
1788458846	79000	21050764	21046685	0	27145608	8329104
1788458847	77000	21050764	21046671	0	27145544	8329104
1788458848	76000	21050764	21046682	0	27145468	8329104
1788458849	75000	21050764	21046682	0	27146900	8329104
1788458850	77000	21050764	21046676	0	27147156	8329104
1788458852	77000	21050764	21046671	0	27146792	8329104
1788458853	79000	21050764	21046675	0	27147536	8329104
1788458854	76000	21050764	21046680	0	27146680	8329104
1788458855	76000	21050764	21046671	0	27146596	8329104
1788458856	77000	21050764	21046674	0	27146596	8329104
1788458857	76000	21050764	21046674	0	27146596	8329104
1788458858	76000	21050764	21046690	0	27146708	8329108
1788458860	77000	21050764	21046671	0	27146508	8329108
1788458861	79000	21050764	21046674	0	27146048	8329108
1788458862	77000	21050764	21046676	0	27146152	8329108
1788458863	77000	21050764	21046690	0	27145696	8329108
1788458864	77000	21050764	21046680	0	27145880	8329108
1788458865	76000	21050764	21046680	0	27146776	8329108
1788458866	79000	21050764	21046690	0	27146476	8329108
1788458867	79000	21050764	21046673	0	27147236	8329108
1788458869	76000	21050764	21046682	0	27146984	8329108
1788458870	77000	21050764	21046687	0	27147600	8329108
1788458871	79000	21050764	21046672	0	27147708	8329108
1788458872	75000	21050764	21046672	0	27148180	8329108
1788458873	76000	21050764	21046675	0	27147708	8329108
1788458874	79000	21050764	21046677	0	27147644	8329108
1788458875	79000	21050764	21046675	0	27147252	8329108
1788458877	80000	21050764	21046675	0	27147424	8329108
1788458878	77000	21050764	21046691	0	27147420	8329108
1788458879	79000	21050764	21046676	0	27147108	8329108
1788458880	77000	21050764	21046691	0	27147120	8329108
1788458881	75000	21050764	21046689	0	27147300	8329108
1788458882	76000	21050764	21046682	0	27147396	8329108
1788458883	78000	21050764	21046675	0	27148268	8329108
1788458884	77000	21050764	21046672	0	27148724	8329108
1788458886	77000	21050764	21046686	0	27148248	8329108
1788458887	76000	21050764	21046691	0	27148360	8329108
1788458888	79000	21050764	21046675	0	27149052	8329108
1788458889	75000	21050764	21046677	0	27148696	8329108
1788458890	77000	21050764	21046682	0	27148692	8329108
1788458891	80000	21050764	21046672	0	27148860	8329108
1788458892	85000	21050764	21046675	0	27149476	8329108
1788458894	86000	21050764	21046675	0	27148936	8329108
1788458895	85000	21050764	21046672	0	27148664	8329108
1788458896	85000	21050764	21046673	0	27149400	8329108
1788458897	75000	21050764	21046673	0	27149600	8329108
1788458898	78000	21050764	21046677	0	27149416	8329108
1788458899	86000	21050764	21046675	0	27149652	8329108
1788458900	78000	21050764	21046691	0	27149576	8329112
1788458901	79000	21050764	21046675	0	27150040	8329112
1788458903	80000	21050764	21046689	0	27148856	8329112
1788458904	82000	21050764	21046672	0	27148952	8329112
1788458905	86000	21050764	21046675	0	27149312	8329112
1788458906	81000	21050764	21046673	0	27149584	8329112
1788458907	86000	21050764	21046677	0	27150200	8329112
1788458908	83000	21050764	21046691	0	27150584	8329112
1788458909	86000	21050764	21046682	0	27150804	8329112
1788458911	87000	21050764	21046675	0	27151056	8329112
1788458912	87000	21050764	21046671	0	27152136	8329112
1788458913	82000	21050764	21046677	0	27151452	8329112
1788458914	81000	21050764	21046675	0	27151272	8329112
1788458915	83000	21050764	21046673	0	27150416	8329112
1788458916	86000	21050764	21046691	0	27150432	8329112
1788458917	86000	21050764	21046677	0	27150980	8329112
1788458918	86000	21050764	21046675	0	27150476	8329112
1788458920	83000	21050764	21046675	0	27149516	8329112
1788458921	81000	21050764	21046677	0	27148644	8329112
1788458922	86000	21050764	21046691	0	27148612	8329112
1788458923	80000	21050764	21046677	0	27149156	8329112
1788458924	78000	21050764	21046675	0	27149228	8329112
1788458925	83000	21050764	21046672	0	27149908	8329112
1788458926	84000	21050764	21046675	0	27149404	8329112
1788458928	79000	21050764	21046675	0	27149592	8329112
1788458929	79000	21050764	21046672	0	27149844	8329112
1788458930	83000	21050764	21046689	0	27149504	8329112
1788458931	83000	21050764	21046675	0	27149532	8329112
1788458932	79000	21050764	21046686	0	27149492	8329112
1788458933	82000	21050764	21046684	0	27149720	8329112
1788458934	79000	21050764	21046675	0	27149556	8329112
1788458935	78000	21050764	21046675	0	27148700	8329112
1788458937	79000	21050764	21046677	0	27149016	8329112
1788458938	86000	21050764	21046689	0	27148716	8329112
1788458939	87000	21050764	21046672	0	27148520	8329112
1788458940	83000	21050764	21046675	0	27147668	8329112
1788458941	86000	21050764	21046682	0	27147828	8329112
1788458942	86000	21050764	21046677	0	27148280	8329112
1788458943	81000	21050764	21046686	0	27148588	8329112
1788458945	86000	21050764	21046675	0	27149424	8329112
1788458946	83000	21050764	21046675	0	27149940	8329112
1788458947	89000	21050764	21046689	0	27150444	8329112
1788458948	81000	21050764	21046673	0	27150064	8329112
1788458949	83000	21050764	21046671	0	27149596	8329112
1788458950	75000	21050764	21046682	0	27150440	8329112
1788458951	76000	21050764	21046675	0	27149936	8329112
1788458952	76000	21050764	21046677	0	27149180	8329112
1788458954	77000	21050764	21046675	0	27149336	8329112
1788458955	77000	21050764	21046675	0	27148916	8329112
1788458956	77000	21050764	21046682	0	27148444	8329112
1788458957	77000	21050764	21046672	0	27148976	8329112
1788458958	78000	21050764	21046684	0	27149380	8329112
1788458959	76000	21050764	21046675	0	27149400	8329112
1788458960	77000	21050764	21046686	0	27149316	8329112
1788458961	77000	21050764	21046691	0	27149420	8329112
1788458963	80000	21050764	21046675	0	27148872	8329112
1788458964	79000	21050764	21046686	0	27148784	8329112
1788458965	79000	21050764	21046677	0	27149660	8329112
1788458966	76000	21050764	21046675	0	27149156	8329112
1788458967	79000	21050764	21046677	0	27148656	8329112
1788458968	80000	21050764	21046677	0	27148960	8329112
1788458969	78000	21050764	21046671	0	27149620	8329112
1788458971	92000	21050764	21046691	0	27150024	8329112
1788458972	85000	21050764	21046675	0	27149368	8329112
1788458973	80000	21050764	21046677	0	27149592	8329112
1788458974	79000	21050764	21046673	0	27149612	8329112
1788458975	79000	21050764	21046676	0	27149528	8329112
1788458976	80000	21050764	21046691	0	27149780	8329112
1788458977	81000	21050764	21046675	0	27149276	8329112
1788458978	80000	21050764	21046682	0	27149780	8329112
1788458980	78000	21050764	21046675	0	27150116	8329112
1788458981	79000	21050764	21046691	0	27150396	8329112
1788458982	80000	21050764	21046671	0	27149876	8329112
1788458983	79000	21050764	21046675	0	27149812	8329112
1788458984	80000	21050764	21046689	0	27149604	8329112
1788458985	79000	21050764	21046675	0	27149636	8329112
1788458986	80000	21050764	21046691	0	27149888	8329112
1788458988	80000	21050764	21046672	0	27149576	8329112
1788458989	88000	21050764	21046684	0	27149640	8329112
1788458990	79000	21050764	21046677	0	27149224	8329112
1788458991	79000	21050764	21046673	0	27148940	8329112
1788458992	85000	21050764	21046686	0	27148688	8329112
1788458993	86000	21050764	21046682	0	27149320	8329112
1788458994	74000	21050764	21046675	0	27148844	8329112
1788458995	79000	21050764	21046677	0	27149208	8329112
1788458997	76000	21050764	21046676	0	27149272	8329112
1788458998	78000	21050764	21046675	0	27149716	8329112
1788458999	76000	21050764	21046684	0	27149352	8329112
1788459000	80000	21050764	21046691	0	27149100	8329112
1788459001	79000	21050764	21046675	0	27149352	8329112
1788459002	80000	21050764	21046672	0	27149352	8329112
1788459003	79000	21050764	21046673	0	27148936	8329112
1788459005	78000	21050764	21046682	0	27148992	8329112
1788459006	80000	21050764	21046677	0	27149120	8329112
1788459007	80000	21050764	21046671	0	27149484	8329112
1788459008	79000	21050764	21046675	0	27148936	8329112
1788459009	80000	21050764	21046676	0	27149700	8329112
1788459010	79000	21050764	21046675	0	27150744	8329112
1788459011	80000	21050764	21046677	0	27150572	8329112
1788459012	79000	21050764	21046684	0	27150244	8329112
1788459014	80000	21050764	21046689	0	27150808	8329112
1788459015	79000	21050764	21046672	0	27150588	8329112
1788459016	79000	21050764	21046691	0	27151000	8329112
1788459017	80000	21050764	21046689	0	27150432	8329112
1788459018	80000	21050764	21046675	0	27149664	8329112
1788459019	79000	21050764	21046684	0	27150028	8329112
1788459020	77000	21050764	21046677	0	27148848	8329112
1788459022	78000	21050764	21046675	0	27148596	8329112
1788459023	80000	21050764	21046677	0	27148344	8329112
1788459024	79000	21050764	21046682	0	27148596	8329112
1788459025	79000	21050764	21046675	0	27148708	8329112
1788459026	78000	21050764	21046686	0	27148596	8329112
1788459027	79000	21050764	21046671	0	27148848	8329112
1788459028	80000	21050764	21046677	0	27148848	8329112
1788459029	79000	21050764	21046677	0	27148344	8329112
1788459031	80000	21050764	21046675	0	27149176	8329112
1788459032	79000	21050892	21046803	0	27149732	8329112
1788459033	78000	21050892	21046819	0	27149348	8329112
1788459034	80000	21050892	21046810	0	27149560	8329112
1788459035	78000	21051020	21046931	0	27149840	8329112
1788459036	77000	21051020	21046932	0	27149764	8329112
1788459037	80000	21051020	21046932	0	27149512	8329112
1788459039	77000	21051056	21046978	0	27149512	8329112
1788459040	80000	21051056	21046974	0	27149400	8329112
1788459041	79000	21204276	21200204	0	26996928	8329112
1788459042	82000	21204276	21200198	0	26996628	8329112
1788459043	82000	21204276	21200183	0	26996728	8329112
1788459044	80000	21204276	21200194	0	26996796	8329112
1788459045	78000	21204276	21200201	0	26996704	8329112
1788459046	80000	21204276	21200185	0	26996868	8329112
1788459048	80000	21204276	21200187	0	26996184	8329116
1788459049	83000	21204276	21200203	0	26996396	8329120
1788459050	80000	21204276	21200188	0	26995908	8329120
1788459051	78000	21204276	21200187	0	26995544	8329120
1788459052	82000	21204276	21200198	0	26994652	8329120
1788459053	83000	21204276	21200187	0	26994160	8329120
1788459054	83000	21204276	21200187	0	26994004	8329120
1788459056	80000	21204276	21200198	0	26994796	8329120
1788459057	79000	21204276	21200187	0	26995300	8329120
1788459058	79000	21204276	21200184	0	26995300	8329120
1788459059	82000	21204276	21200189	0	26994488	8329120
1788459060	83000	21204276	21200194	0	26994220	8329120
1788459061	80000	21204276	21200203	0	26994960	8329120
1788459062	78000	21204276	21200194	0	26994904	8329120
1788459063	78000	21204276	21200184	0	26994912	8329120
1788459065	78000	21204276	21200196	0	26995584	8329120
1788459066	83000	21204276	21200190	0	26995776	8329120
1788459067	80000	21204276	21200201	0	26995500	8329120
1788459068	79000	21204276	21200187	0	26995752	8329120
1788459069	80000	21204276	21200187	0	26996148	8329120
1788459070	85000	21204276	21200183	0	26996052	8329120
1788459071	92000	21204276	21200187	0	26996660	8329120
1788459073	90000	21204276	21200187	0	26996660	8329120
1788459074	90000	21204276	21200187	0	26995904	8329120
1788459075	89000	21204276	21200203	0	26995840	8329120
1788459076	75000	21204276	21200187	0	26995452	8329120
1788459077	77000	21204276	21200187	0	26996152	8329120
1788459078	77000	21204276	21200187	0	26996360	8329120
1788459079	77000	21204276	21200189	0	26995100	8329120
1788459081	79000	21204276	21200187	0	26995720	8329120
1788459082	76000	21204276	21200189	0	26995920	8329120
1788459083	76000	21204276	21200196	0	26996388	8329120
1788459084	79000	21204276	21200189	0	26996412	8329120
1788459085	76000	21204276	21200203	0	26995596	8329120
1788459086	79000	21204276	21200194	0	26995960	8329120
1788459087	82000	21204276	21200189	0	26996072	8329120
1788459088	85000	21204276	21200187	0	26996048	8329120
1788459090	82000	21204276	21200184	0	26996104	8329120
1788459091	83000	21204276	21200187	0	26995940	8329120
1788459092	82000	21204276	21200196	0	26996012	8329120
1788459093	83000	21204276	21200187	0	26995820	8329120
1788459094	83000	21204276	21200196	0	26996148	8329120
1788459095	78000	21204276	21200187	0	26996172	8329120
1788459096	80000	21204276	21200192	0	26994656	8329120
1788459098	74000	21204276	21200186	0	26995276	8329120
1788459099	79000	21204276	21200183	0	26995012	8329120
1788459100	80000	21204276	21200192	0	26994252	8329120
1788459101	79000	21204276	21200186	0	26993860	8329120
1788459102	79000	21204276	21200184	0	26993860	8329120
1788459103	83000	21204276	21200185	0	26994112	8329120
1788459104	82000	21204276	21200185	0	26994000	8329120
1788459105	79000	21204276	21200184	0	26994308	8329120
1788459107	79000	21204276	21200202	0	26993708	8329120
1788459108	78000	21204276	21200194	0	26993932	8329120
1788459109	79000	21204276	21200188	0	26994168	8329124
1788459110	78000	21204276	21200199	0	26994432	8329124
1788459111	82000	21204276	21200186	0	26994144	8329124
1788459112	80000	21204276	21200183	0	26993072	8329124
1788459113	83000	21204276	21200197	0	26993548	8329124
1788459115	77000	21204276	21200183	0	26993260	8329124
1788459116	83000	21204276	21200186	0	26992944	8329124
1788459117	80000	21204276	21200186	0	26993084	8329124
1788459118	82000	21204276	21200194	0	26992988	8329124
1788459119	80000	21204276	21200188	0	26992312	8329124
1788459120	79000	21204276	21200186	0	26992876	8329124
1788459121	77000	21204276	21200187	0	26992992	8329124
1788459122	80000	21204276	21200200	0	26993008	8329124
1788459124	79000	21204276	21200198	0	26993012	8329124
1788459125	79000	21204276	21200190	0	26993012	8329124
1788459126	80000	21204276	21200188	0	26993136	8329124
1788459127	80000	21204276	21200186	0	26992820	8329124
1788459128	79000	21204276	21200187	0	26992820	8329124
1788459129	79000	21204276	21200188	0	26993660	8329124
1788459130	80000	21204276	21200189	0	26993408	8329124
1788459132	79000	21204276	21200187	0	26992364	8329124
1788459133	80000	21204276	21200203	0	26992412	8329124
1788459134	79000	21204276	21200186	0	26993256	8329124
1788459135	78000	21204276	21200198	0	26993544	8329124
1788459136	82000	21204276	21200186	0	26994132	8329124
1788459137	79000	21204276	21200190	0	26993916	8329124
1788459138	80000	21204276	21200192	0	26993968	8329124
1788459139	79000	21204276	21200187	0	26994040	8329124
1788459141	80000	21204276	21200188	0	26993788	8329124
1788459142	77000	21204276	21200188	0	26994112	8329124
1788459143	86000	21204276	21200188	0	26993860	8329124
1788459144	78000	21204276	21200187	0	26994112	8329124
1788459145	80000	21204276	21200188	0	26992704	8329124
1788459146	83000	21357496	21353409	0	26840516	8329124
1788459147	80000	21357496	21353408	0	26840656	8329124
1788459149	81000	21357496	21353410	0	26839968	8329124
1788459150	85000	21357496	21353407	0	26840176	8329124
1788459151	86000	21357496	21353410	0	26840104	8329124
1788459152	81000	21357496	21353423	0	26839852	8329124
1788459153	86000	21357496	21353410	0	26840216	8329124
1788459154	83000	21357496	21353416	0	26839900	8329124
1788459155	83000	21357496	21353407	0	26839764	8329124
1788459157	80000	21357496	21353408	0	26840280	8329124
1788459158	80000	21357496	21353420	0	26840244	8329124
1788459159	79000	21357496	21353408	0	26840244	8329124
1788459160	82000	21357496	21353407	0	26839500	8329124
1788459161	80000	21357496	21353416	0	26840232	8329124
1788459162	80000	21357496	21353408	0	26840516	8329124
1788459163	79000	21357496	21353409	0	26840236	8329124
1788459164	83000	21357496	21353406	0	26840524	8329124
1788459166	83000	21357496	21353410	0	26840396	8329124
1788459167	80000	21357496	21353407	0	26840180	8329124
1788459168	80000	21357496	21353409	0	26839172	8329124
1788459169	90000	21357496	21353407	0	26839556	8329124
1788459170	90000	21357496	21353408	0	26839808	8329124
1788459171	90000	21357496	21353445	0	26841684	8329124
1788459172	85000	21357496	21353461	0	26841204	8329124
1788459174	65000	21460044	21473034	0	26688992	8329124
1788459175	76000	21510716	21506681	0	26688156	8329124
1788459176	76000	21510716	21506773	0	26734112	8329124
1788459177	57000	21510780	21506781	0	26734864	8329124
1788459178	56000	21510780	21506771	0	26738960	8329124
1788459179	56000	21510780	21506781	0	26739036	8329124
1788459180	54000	21510780	21506773	0	26739476	8329124
1788459182	55000	21510780	21506788	0	26739120	8329124
1788459183	56000	21510780	21506771	0	26738728	8329124
1788459184	55000	21510780	21506787	0	26738420	8329124
1788459185	53000	21510780	21506771	0	26738428	8329124
1788459186	53000	21510780	21506788	0	26738208	8329124
1788459187	54000	21510780	21506772	0	26737864	8329124
1788459189	54000	21510780	21506774	0	26737488	8329124
1788459190	53000	21510780	21506774	0	26737388	8329124
1788459191	53000	21510780	21506787	0	26737612	8329124
1788459192	52000	21510780	21506784	0	26737704	8329124
1788459193	52000	21510780	21506768	0	26737452	8329124
1788459194	53000	21510780	21506770	0	26737352	8329124
1788459196	53000	21510780	21506770	0	26737212	8329124
1788459197	52000	21510780	21506771	0	26737724	8329124
1788459198	53000	21510780	21506776	0	26738256	8329124
1788459199	52000	21510780	21506771	0	26738636	8329124
1788459200	52000	21510780	21506768	0	26738132	8329124
1788459201	52000	21510780	21506771	0	26737088	8329124
1788459203	80000	21051632	21047615	0	27108480	8329124
1788459204	85000	21051632	21047604	0	27122952	8329124
1788459205	88000	21051632	21047619	0	27123348	8329124
1788459206	90000	21051632	21047605	0	27126860	8329124
1788459207	85000	21051632	21047604	0	27129648	8329124
1788459208	86000	21051632	21047608	0	27139936	8329124
1788459209	85000	21051632	21047606	0	27140368	8329124
1788459210	77000	21051632	21047622	0	27139796	8329124
1788459212	77000	21051632	21047604	0	27139568	8329124
1788459213	78000	21051632	21047601	0	27140192	8329124
1788459214	77000	21051632	21047591	0	27140432	8329124
1788459215	78000	21051632	21047593	0	27140560	8329124
1788459216	78000	21051632	21047583	0	27141012	8329124
1788459217	77000	21051632	21047582	0	27140256	8329124
1788459218	79000	21051632	21047582	0	27140316	8329124
1788459219	78000	21051632	21047584	0	27139812	8329124
1788459221	77000	21051632	21047587	0	27141588	8329124
1788459222	78000	21051632	21047582	0	27141588	8329124
1788459223	78000	21051632	21047585	0	27144128	8329124
1788459224	76000	21051632	21047583	0	27145224	8329124
1788459225	74000	21051632	21047585	0	27145340	8329124
1788459226	79000	21051632	21047585	0	27145764	8329124
1788459227	73000	21051632	21047587	0	27147632	8329124
1788459229	78000	21051632	21047585	0	27147204	8329124
1788459230	83000	21051632	21047587	0	27147660	8329124
1788459231	90000	21051632	21047583	0	27147596	8329124
1788459232	90000	21051632	21047583	0	27147220	8329124
1788459233	90000	21051632	21047598	0	27147000	8329124
1788459234	74000	21051632	21047593	0	27146608	8329124
1788459235	75000	21051632	21047582	0	27146356	8329124
1788459236	86000	21051632	21047585	0	27146432	8329124
1788459238	79000	21051632	21047587	0	27146440	8329124
1788459239	78000	21051632	21047595	0	27146540	8329124
1788459240	77000	21051632	21047593	0	27146452	8329124
1788459241	77000	21051632	21047584	0	27146036	8329124
1788459242	78000	21051632	21047591	0	27146352	8329124
1788459243	77000	21051632	21047595	0	27146028	8329124
1788459244	79000	21051632	21047582	0	27145852	8329124
1788459246	78000	21051632	21047585	0	27146096	8329124
1788459247	77000	21051632	21047591	0	27146356	8329124
1788459248	79000	21051632	21047583	0	27146504	8329124
1788459249	79000	21051632	21047587	0	27146272	8329124
1788459250	75000	21051632	21047595	0	27145656	8329124
1788459251	91000	21051632	21047583	0	27146144	8329124
1788459252	85000	21051632	21047601	0	27146268	8329124
1788459253	77000	21051632	21047593	0	27146056	8329124
1788459255	76000	21051632	21047598	0	27145440	8329124
1788459256	76000	21051632	21047591	0	27145552	8329124
1788459257	75000	21051632	21047583	0	27145300	8329124
1788459258	75000	21051632	21047583	0	27145048	8329124
1788459259	74000	21051632	21047583	0	27144268	8329124
1788459260	76000	21051632	21047582	0	27143932	8329124
1788459261	74000	21051632	21047584	0	27144724	8329124
1788459262	76000	21051632	21047583	0	27145268	8329124
1788459264	75000	21051632	21047585	0	27144864	8329124
1788459265	75000	21051632	21047583	0	27144768	8329124
1788459266	76000	21051632	21047591	0	27145040	8329124
1788459267	75000	21051632	21047583	0	27145592	8329124
1788459268	88000	21051632	21047598	0	27144700	8329124
1788459269	88000	21051632	21047587	0	27144208	8329124
1788459270	76000	21051632	21047591	0	27144320	8329124
1788459272	82000	21051632	21047587	0	27145060	8329124
1788459273	78000	21051632	21047585	0	27145328	8329124
1788459274	78000	21051632	21047587	0	27145292	8329124
1788459275	80000	21051632	21047595	0	27145460	8329124
1788459276	80000	21051632	21047585	0	27145712	8329124
1788459277	78000	21051632	21047601	0	27145712	8329124
1788459278	77000	21051632	21047583	0	27145508	8329124
1788459279	82000	21051632	21047583	0	27145556	8329124
1788459281	78000	21051632	21047585	0	27145588	8329124
1788459282	79000	21051632	21047583	0	27145768	8329124
1788459283	79000	21051632	21047582	0	27145516	8329124
1788459284	77000	21051632	21047582	0	27146144	8329124
1788459285	78000	21051632	21047585	0	27146056	8329124
1788459286	79000	21051632	21047584	0	27146712	8329124
1788459287	78000	21051632	21047582	0	27146776	8329124
1788459289	79000	21051632	21047601	0	27146960	8329124
1788459290	79000	21051632	21047583	0	27147436	8329124
1788459291	77000	21051632	21047585	0	27147584	8329124
1788459292	78000	21051632	21047583	0	27147256	8329124
1788459293	79000	21051632	21047587	0	27147180	8329124
1788459294	79000	21051632	21047594	0	27147892	8329124
1788459295	76000	21051632	21047583	0	27147752	8329124
1788459296	90000	21051632	21047583	0	27147684	8329124
1788459298	84000	21051632	21047583	0	27147220	8329124
1788459299	89000	21051632	21047591	0	27146928	8329124
1788459300	90000	21051632	21047601	0	27147220	8329124
1788459301	88000	21051632	21047598	0	27147820	8329124
1788459302	89000	21051632	21047583	0	27147324	8329124
1788459303	85000	21051632	21047582	0	27147552	8329124
1788459304	79000	21051632	21047583	0	27147260	8329124
1788459306	78000	21051632	21047591	0	27146616	8329124
1788459307	85000	21051632	21047598	0	27147764	8329124
1788459308	86000	21051632	21047595	0	27147752	8329124
1788459309	76000	21051632	21047585	0	27147944	8329124
1788459310	80000	21051632	21047582	0	27148444	8329124
1788459311	80000	21051632	21047601	0	27148792	8329124
1788459312	79000	21051632	21047583	0	27148760	8329124
1788459313	76000	21051632	21047601	0	27149124	8329124
1788459315	76000	21051632	21047587	0	27148264	8329124
1788459316	76000	21051632	21047582	0	27148140	8329124
1788459317	89000	21051632	21047583	0	27147800	8329124
1788459318	76000	21051632	21047585	0	27147736	8329124
1788459319	78000	21051632	21047587	0	27146944	8329124
1788459320	79000	21051632	21047595	0	27146628	8329124
1788459321	74000	21051632	21047582	0	27146564	8329124
1788459323	79000	21051632	21047591	0	27146564	8329124
1788459324	79000	21051632	21047595	0	27147384	8329124
1788459325	75000	21051632	21047601	0	27146940	8329124
1788459326	79000	21051632	21047587	0	27147128	8329124
1788459327	75000	21051632	21047591	0	27147268	8329124
1788459328	86000	21051632	21047583	0	27147128	8329124
1788459329	91000	21051632	21047593	0	27147808	8329124
1788459330	91000	21051632	21047585	0	27148704	8329124
1788459332	91000	21051632	21047585	0	27147852	8329124
1788459333	91000	21051632	21047593	0	27147152	8329124
1788459334	91000	21051632	21047601	0	27146808	8329124
1788459335	91000	21051632	21047585	0	27146836	8329124
1788459336	77000	21051632	21047601	0	27147048	8329124
1788459337	76000	21051632	21047584	0	27146956	8329124
1788459338	76000	21051632	21047587	0	27147272	8329124
1788459339	76000	21051632	21047598	0	27147272	8329124
1788459341	76000	21051632	21047583	0	27146908	8329124
1788459342	76000	21051632	21047601	0	27147524	8329124
1788459343	76000	21051632	21047601	0	27148068	8329124
1788459344	76000	21051632	21047583	0	27147852	8329124
1788459345	75000	21051632	21047584	0	27147876	8329124
1788459346	77000	21051632	21047601	0	27148764	8329124
1788459347	77000	21051632	21047593	0	27148288	8329124
1788459349	75000	21051632	21047593	0	27148008	8329124
1788459350	77000	21051632	21047583	0	27148148	8329124
1788459351	79000	21051632	21047584	0	27147700	8329124
1788459352	77000	21051632	21047582	0	27147700	8329124
1788459353	77000	21051632	21047587	0	27147700	8329124
1788459354	79000	21051632	21047585	0	27147812	8329124
1788459355	79000	21051632	21047583	0	27146832	8329124
1788459356	75000	21051632	21047595	0	27146700	8329124
1788459358	80000	21051632	21047584	0	27147128	8329124
1788459359	79000	21051632	21047595	0	27147380	8329124
1788459360	86000	21051632	21047593	0	27148028	8329124
1788459361	90000	21051632	21047582	0	27148468	8329124
1788459362	90000	21051632	21047587	0	27147864	8329124
1788459363	90000	21051632	21047583	0	27148420	8329124
1788459364	90000	21051632	21047598	0	27148564	8329124
1788459366	90000	21051632	21047583	0	27147888	8329124
1788459367	90000	21051632	21047598	0	27147636	8329124
1788459368	90000	21051632	21047585	0	27147272	8329124
1788459369	89000	21051632	21047583	0	27147132	8329124
1788459370	89000	21051632	21047583	0	27147384	8329124
1788459371	90000	21051632	21047584	0	27147732	8329124
1788459372	89000	21051632	21047593	0	27147280	8329124
1788459373	90000	21051632	21047583	0	27147968	8329124
1788459375	91000	21051632	21047587	0	27148152	8329124
1788459376	91000	21051632	21047587	0	27148540	8329124
1788459377	90000	21051632	21047582	0	27148304	8329124
1788459378	92000	21051632	21047598	0	27149048	8329124
1788459379	91000	21051632	21047583	0	27149048	8329124
1788459380	89000	21051632	21047598	0	27149304	8329124
1788459381	90000	21051632	21047584	0	27148764	8329124
1788459383	90000	21051632	21047585	0	27148320	8329124
1788459384	90000	21051632	21047595	0	27148320	8329124
1788459385	89000	21051632	21047601	0	27147640	8329124
1788459386	90000	21051632	21047584	0	27147076	8329124
1788459387	89000	21051632	21047584	0	27147172	8329124
1788459388	90000	21051632	21047583	0	27146808	8329124
1788459389	90000	21051632	21047593	0	27146668	8329124
1788459390	90000	21051632	21047587	0	27147252	8329124
1788459392	77000	21051632	21047583	0	27147000	8329124
1788459393	77000	21051632	21047587	0	27147252	8329124
1788459394	71000	21051632	21047591	0	27147000	8329124
1788459395	76000	21051632	21047591	0	27147228	8329124
1788459396	76000	21051632	21047598	0	27147316	8329124
1788459397	77000	21051632	21047593	0	27146372	8329124
1788459398	77000	21051632	21047577	0	27146348	8329124
1788459400	77000	21051632	21047579	0	27146852	8329124
1788459401	77000	21051632	21047580	0	27146856	8329124
1788459402	77000	21051632	21047579	0	27146860	8329124
1788459403	77000	21051632	21047586	0	27146860	8329124
1788459404	80000	21051632	21047596	0	27147792	8329124
1788459405	79000	21051632	21047579	0	27148212	8329124
1788459406	79000	21051632	21047586	0	27148284	8329124
1788459407	79000	21051632	21047577	0	27147960	8329124
1788459409	78000	21051632	21047579	0	27148164	8329124
1788459410	82000	21051632	21047580	0	27148340	8329124
1788459411	80000	21051632	21047586	0	27148340	8329124
1788459412	79000	21051632	21047580	0	27148248	8329124
1788459413	78000	21051632	21047578	0	27148596	8329124
1788459414	86000	21051632	21047593	0	27148536	8329124
1788459415	83000	21051632	21047579	0	27148604	8329124
1788459417	83000	21051632	21047579	0	27148748	8329124
1788459418	85000	21051632	21047586	0	27148352	8329124
1788459419	86000	21051632	21047582	0	27148000	8329124
1788459420	79000	21051632	21047582	0	27147760	8329124
1788459421	80000	21051632	21047579	0	27147396	8329124
1788459422	83000	21051632	21047552	0	27150112	8329124
1788459423	82000	21051632	21047563	0	27149624	8329124
1788459424	79000	21051632	21047568	0	27145604	8329132
1788459426	88000	21051632	21047577	0	27145936	8329180
1788459427	91000	21051632	21047575	0	27145152	8329180
1788459428	90000	21051632	21047566	0	27144080	8329180
1788459429	91000	21051632	21047565	0	27144696	8329180
1788459430	85000	21051632	21047566	0	27144528	8329180
1788459431	85000	21051632	21047553	0	27145132	8329180
1788459432	91000	21051632	21047557	0	27145132	8329180
1788459434	91000	21051632	21047552	0	27145888	8329180
1788459435	89000	21051632	21047554	0	27145636	8329180
1788459436	84000	21051632	21047554	0	27145892	8329180
1788459437	79000	21051632	21047557	0	27145892	8329180
1788459438	79000	21051632	21047567	0	27145388	8329180
1788459439	77000	21051632	21047552	0	27145164	8329180
1788459440	77000	21051632	21047560	0	27145736	8329180
1788459441	77000	21051632	21047554	0	27145592	8329180
1788459443	79000	21051632	21047552	0	27144980	8329180
1788459444	77000	21051632	21047567	0	27146000	8329180
1788459445	77000	21051632	21047567	0	27145588	8329180
1788459446	79000	21051632	21047551	0	27145916	8329180
1788459447	77000	21051632	21047552	0	27145236	8329180
1788459448	77000	21051632	21047554	0	27145248	8329180
1788459449	77000	21051632	21047555	0	27145620	8329180
1788459451	79000	21051632	21047554	0	27145256	8329180
1788459452	77000	21051632	21047554	0	27145380	8329180
1788459453	79000	21051632	21047553	0	27145904	8329180
1788459454	77000	21051632	21047565	0	27145492	8329180
1788459455	80000	21051632	21047557	0	27144860	8329240
1788459456	83000	21051632	21047553	0	27145588	8329240
1788459457	83000	21051632	21047567	0	27145588	8329240
1788459458	83000	21051632	21047565	0	27145564	8329240
1788459460	77000	21051632	21047553	0	27145752	8329240
1788459461	79000	21051632	21047554	0	27145344	8329240
1788459462	77000	21051632	21047552	0	27145116	8329240
1788459463	77000	21051632	21047570	0	27145472	8329240
1788459464	78000	21051632	21047557	0	27144856	8329240
1788459465	79000	21051632	21047552	0	27145284	8329240
1788459466	80000	21051632	21047570	0	27145300	8329240
1788459468	77000	21051632	21047562	0	27145108	8329240
1788459469	79000	21051632	21047553	0	27145424	8329240
1788459470	77000	21051632	21047551	0	27144996	8329240
1788459471	75000	21051632	21047553	0	27145088	8329240
1788459472	77000	21051632	21047552	0	27146496	8329240
1788459473	76000	21051632	21047554	0	27147692	8329240
1788459474	77000	21051632	21047543	0	27147448	8329240
1788459475	77000	21051632	21047546	0	27146768	8329240
1788459477	88000	21051632	21047552	0	27146704	8329240
1788459478	90000	21051632	21047546	0	27146300	8329240
1788459479	91000	21051632	21047546	0	27147064	8329240
1788459480	92000	21051632	21047549	0	27146560	8329240
1788459481	90000	21051632	21047546	0	27145816	8329240
1788459482	80000	21051632	21047554	0	27146176	8329240
1788459483	79000	21051632	21047559	0	27146428	8329240
1788459485	79000	21051632	21047542	0	27146428	8329240
1788459486	79000	21051632	21047557	0	27147056	8329240
1788459487	77000	21051632	21047546	0	27146944	8329240
1788459488	77000	21051632	21047552	0	27146984	8329240
1788459489	77000	21051632	21047561	0	27148284	8329240
1788459490	80000	21051632	21047546	0	27148172	8329240
1788459491	80000	21051632	21047543	0	27148248	8329240
1788459492	78000	21051632	21047552	0	27147980	8329240
1788459494	80000	21051632	21047546	0	27148752	8329240
1788459495	86000	21051632	21047554	0	27147988	8329240
1788459496	89000	21051632	21047546	0	27147896	8329240
1788459497	90000	21051632	21047557	0	27148204	8329240
1788459498	90000	21051632	21047547	0	27148456	8329240
1788459499	90000	21051632	21047544	0	27148456	8329240
1788459500	90000	21051632	21047546	0	27148552	8329240
1788459502	91000	21051632	21047546	0	27148076	8329240
1788459503	90000	21051632	21047557	0	27148324	8329240
1788459504	88000	21051632	21047552	0	27148108	8329240
1788459505	77000	21051632	21047559	0	27148460	8329240
1788459506	76000	21051632	21047542	0	27148208	8329240
1788459507	76000	21051632	21047544	0	27148004	8329240
1788459508	77000	21051632	21047543	0	27147972	8329240
1788459509	77000	21051632	21047554	0	27148008	8329240
1788459511	77000	21051632	21047549	0	27148136	8329240
1788459512	78000	21051632	21047554	0	27148456	8329240
1788459513	80000	21051632	21047544	0	27148160	8329240
1788459514	78000	21051632	21047543	0	27148280	8329240
1788459515	79000	21051632	21047546	0	27148032	8329240
1788459516	79000	21051632	21047554	0	27148368	8329240
1788459517	78000	21051632	21047546	0	27148404	8329240
1788459518	76000	21051632	21047543	0	27148164	8329240
1788459520	77000	21051632	21047552	0	27148052	8329240
1788459521	92000	21051632	21047544	0	27147408	8329240
1788459522	91000	21051632	21047546	0	27147868	8329240
1788459523	88000	21051632	21047557	0	27147772	8329240
1788459524	91000	21051632	21047557	0	27148024	8329240
1788459525	92000	21051632	21047543	0	27147544	8329240
1788459526	91000	21051632	21047557	0	27147292	8329240
1788459528	92000	21051632	21047552	0	27147100	8329240
1788459529	91000	21051632	21047546	0	27147692	8329240
1788459530	82000	21051632	21047546	0	27148004	8329240
1788459531	90000	21051632	21047544	0	27147888	8329240
1788459532	92000	21051632	21047552	0	27147460	8329240
1788459533	90000	21051632	21047552	0	27147656	8329240
1788459534	92000	21051632	21047547	0	27147544	8329240
1788459535	86000	21051632	21047559	0	27147844	8329240
1788459537	88000	21051632	21047561	0	27147156	8329240
1788459538	92000	21051632	21047543	0	27147192	8329240
1788459539	92000	21051632	21047543	0	27147048	8329240
1788459540	94000	21051632	21047543	0	27146524	8329240
1788459541	92000	21051632	21047543	0	27147340	8329240
1788459542	90000	21051632	21047561	0	27147592	8329240
1788459543	94000	21051632	21047543	0	27147656	8329240
1788459545	77000	21051632	21047552	0	27147088	8329240
1788459546	76000	21051632	21047543	0	27147108	8329240
1788459547	76000	21051632	21047547	0	27146788	8329240
1788459548	76000	21051632	21047552	0	27147004	8329240
1788459549	85000	21051632	21047553	0	27147176	8329240
1788459550	76000	21051632	21047559	0	27147680	8329240
1788459551	76000	21051632	21047557	0	27147680	8329240
1788459552	76000	21051632	21047543	0	27147680	8329240
1788459554	90000	21051632	21047554	0	27147756	8329240
1788459555	90000	21051632	21047546	0	27147804	8329240
1788459556	91000	21051632	21047542	0	27147944	8329240
1788459557	90000	21051632	21047546	0	27147692	8329240
1788459558	77000	21051632	21047546	0	27147812	8329240
1788459559	78000	21051632	21047557	0	27147572	8329240
1788459560	80000	21051632	21047546	0	27148756	8329240
1788459561	90000	21051632	21047547	0	27148124	8329240
1788459563	91000	21051632	21047543	0	27148096	8329240
1788459564	91000	21051632	21047542	0	27148216	8329240
1788459565	91000	21051632	21047546	0	27148856	8329240
1788459566	91000	21051632	21047544	0	27148776	8329240
1788459567	90000	21051632	21047543	0	27150144	8329240
1788459568	80000	21051632	21047546	0	27149968	8329240
1788459569	80000	21051632	21047543	0	27150092	8329240
1788459571	78000	21051632	21047552	0	27150188	8329240
1788459572	83000	21051632	21047544	0	27150068	8329240
1788459573	89000	21051632	21047559	0	27149784	8329240
1788459574	90000	21051632	21047559	0	27148552	8329240
1788459575	79000	21051632	21047559	0	27147812	8329240
1788459576	79000	21051632	21047543	0	27147456	8329240
1788459577	79000	21051632	21047544	0	27147616	8329240
1788459578	90000	21051632	21047543	0	27147680	8329240
1788459580	90000	21051632	21047549	0	27148568	8329244
1788459581	77000	21051632	21047554	0	27148204	8329244
1788459582	76000	21051632	21047542	0	27148204	8329244
1788459583	79000	21051632	21047546	0	27149072	8329244
1788459584	80000	21051632	21047544	0	27148608	8329244
1788459585	76000	21051632	21047552	0	27148304	8329244
1788459586	76000	21051632	21047561	0	27148196	8329244
1788459588	79000	21051632	21047543	0	27148668	8329244
1788459589	82000	21051632	21047546	0	27148920	8329244
1788459590	79000	21051632	21047547	0	27146904	8329248
1788459591	79000	21051632	21047547	0	27146664	8329248
1788459592	90000	21051632	21047546	0	27146776	8329248
1788459593	91000	21051632	21047549	0	27147392	8329248
1788459594	90000	21051632	21047561	0	27147376	8329248
1788459595	86000	21051632	21047547	0	27147840	8329248
1788459597	90000	21051632	21047559	0	27147936	8329248
1788459598	90000	21051632	21047552	0	27148264	8329248
1788459599	90000	21051632	21047552	0	27148624	8329248
1788459600	91000	21051632	21047549	0	27149548	8329248
1788459601	90000	21051632	21047543	0	27149400	8329248
1788459602	88000	21051632	21047552	0	27149400	8329248
1788459603	90000	21051632	21047543	0	27149400	8329248
1788459605	90000	21051632	21047543	0	27149532	8329248
1788459606	90000	21051632	21047549	0	27149876	8329248
1788459607	90000	21051632	21047543	0	27150248	8329248
1788459608	91000	21051632	21047546	0	27149812	8329248
1788459609	90000	21051632	21047547	0	27149872	8329248
1788459610	91000	21051632	21047546	0	27149872	8329248
1788459611	90000	21051632	21047552	0	27149256	8329248
1788459612	90000	21051632	21047546	0	27148864	8329248
1788459614	90000	21051632	21047543	0	27149384	8329248
1788459615	85000	21051632	21047561	0	27150720	8329248
1788459616	86000	21051632	21047561	0	27150752	8329248
1788459617	90000	21051632	21047544	0	27151480	8329248
1788459618	79000	21051632	21047546	0	27151264	8329248
1788459619	79000	21051632	21047543	0	27150496	8329248
1788459620	80000	21051632	21047546	0	27149984	8329248
1788459622	80000	21051632	21047559	0	27149592	8329248
1788459623	80000	21051632	21047554	0	27149816	8329248
1788459624	80000	21051632	21047546	0	27149956	8329248
1788459625	91000	21051632	21047544	0	27150776	8329248
1788459626	86000	21051632	21047547	0	27151644	8329248
1788459627	82000	21051632	21047544	0	27151868	8329248
1788459628	80000	21051632	21047543	0	27151744	8329248
1788459629	79000	21051632	21047543	0	27152116	8329248
1788459631	80000	21051632	21047559	0	27151916	8329248
1788459632	80000	21051632	21047544	0	27151624	8329248
1788459633	82000	21051632	21047554	0	27151964	8329248
1788459634	80000	21051632	21047546	0	27150892	8329248
1788459635	91000	21051632	21047543	0	27151240	8329248
1788459636	77000	21051632	21047546	0	27150468	8329248
1788459637	79000	21051632	21047546	0	27151036	8329248
1788459639	76000	21051632	21047546	0	27150888	8329248
1788459640	77000	21051632	21047549	0	27151336	8329248
1788459641	92000	21051632	21047547	0	27150740	8329248
1788459642	79000	21051632	21047542	0	27150180	8329248
1788459643	76000	21051632	21047546	0	27150512	8329248
1788459644	90000	21051632	21047561	0	27150624	8329248
1788459645	85000	21051632	21047543	0	27150716	8329248
1788459646	83000	21051632	21047546	0	27150100	8329248
1788459648	83000	21051632	21047543	0	27150344	8329248
1788459649	83000	21051632	21047549	0	27150220	8329248
1788459650	79000	21051632	21047549	0	27150952	8329248
1788459651	76000	21051632	21047543	0	27150700	8329248
1788459652	79000	21051632	21047547	0	27151204	8329248
1788459653	77000	21051632	21047546	0	27151440	8329248
1788459654	79000	21051632	21047542	0	27151692	8329248
1788459655	77000	21051632	21047543	0	27152308	8329248
1788459657	77000	21051632	21047546	0	27152000	8329248
1788459658	77000	21051632	21047542	0	27151244	8329248
1788459659	77000	21051632	21047543	0	27150780	8329248
1788459660	76000	21051632	21047546	0	27150816	8329248
1788459661	79000	21051632	21047546	0	27151616	8329248
1788459662	77000	21051632	21047543	0	27151416	8329248
1788459663	76000	21051632	21047554	0	27151848	8329248
1788459665	85000	21051632	21047543	0	27151672	8329248
1788459666	86000	21051632	21047543	0	27150244	8329248
1788459667	83000	21051632	21047554	0	27150936	8329248
1788459668	83000	21051632	21047546	0	27151248	8329248
1788459669	79000	21051632	21047561	0	27152020	8329248
1788459670	90000	21051632	21047546	0	27151780	8329248
1788459671	92000	21051632	21047546	0	27151664	8329248
1788459672	80000	21051632	21047552	0	27152332	8329248
1788459674	82000	21051632	21047561	0	27151832	8329248
1788459675	80000	21051632	21047547	0	27152092	8329248
1788459676	80000	21051632	21047543	0	27151448	8329248
1788459677	82000	21051632	21047549	0	27151364	8329248
1788459678	79000	21051632	21047544	0	27151728	8329248
1788459679	90000	21051632	21047559	0	27151724	8329248
1788459680	90000	21051632	21047547	0	27151472	8329248
1788459682	90000	21051632	21047546	0	27151504	8329248
1788459683	90000	21051632	21047546	0	27151292	8329248
1788459684	90000	21051632	21047559	0	27150864	8329248
1788459685	90000	21051632	21047561	0	27150800	8329248
1788459686	84000	21051632	21047544	0	27151100	8329248
1788459687	83000	21051632	21047542	0	27151632	8329248
1788459688	82000	21051632	21047542	0	27151492	8329248
1788459689	80000	21051632	21047544	0	27151936	8329248
1788459691	89000	21051632	21047554	0	27152200	8329248
1788459692	89000	21051632	21047547	0	27152500	8329248
1788459693	90000	21051632	21047546	0	27152408	8329248
1788459694	90000	21051632	21047561	0	27152004	8329248
1788459695	88000	21051632	21047543	0	27152352	8329248
1788459696	90000	21051632	21047559	0	27152084	8329248
1788459697	90000	21051632	21047557	0	27151692	8329248
1788459699	89000	21051632	21047557	0	27152264	8329248
1788459700	90000	21051632	21047555	0	27152432	8329248
1788459701	91000	21051632	21047544	0	27152068	8329248
1788459702	88000	21051632	21047541	0	27151976	8329248
1788459703	79000	21051632	21047544	0	27151624	8329248
1788459704	79000	21051632	21047541	0	27150792	8329248
1788459705	80000	21051632	21047544	0	27150504	8329248
1788459706	80000	21051632	21047542	0	27150648	8329248
1788459708	80000	21051632	21047545	0	27150892	8329248
1788459709	80000	21051632	21047552	0	27150952	8329248
1788459710	80000	21051632	21047544	0	27151188	8329248
1788459711	80000	21051632	21047547	0	27151328	8329248
1788459712	80000	21051632	21047543	0	27151216	8329248
1788459713	79000	21051632	21047555	0	27150784	8329248
1788459714	80000	21051632	21047542	0	27150356	8329248
1788459716	80000	21051632	21047555	0	27150068	8329248
1788459717	83000	21204852	21200763	0	26996980	8329248
1788459718	82000	21204852	21200761	0	26996736	8329248
1788459719	79000	21204852	21200775	0	26996196	8329248
1788459720	80000	21204852	21200779	0	26995692	8329248
1788459721	80000	21204852	21200775	0	26996108	8329248
1788459722	80000	21204852	21200762	0	26996056	8329248
1788459723	83000	21204852	21200777	0	26995352	8329248
1788459725	80000	21204852	21200767	0	26995464	8329248
1788459726	79000	21204852	21200759	0	26995028	8329248
1788459727	82000	21204852	21200759	0	26994856	8329248
1788459728	80000	21204852	21200777	0	26995540	8329248
1788459729	82000	21204852	21200761	0	26994892	8329248
1788459730	86000	21204852	21200761	0	26993756	8329248
1788459731	86000	21204852	21200762	0	26994660	8329248
1788459733	83000	21204852	21200759	0	26994800	8329248
1788459734	87000	21204852	21200772	0	26994464	8329248
1788459735	86000	21204852	21200760	0	26994608	8329248
1788459736	80000	21204852	21200759	0	26995496	8329248
1788459737	83000	21204852	21200774	0	26995356	8329248
1788459738	86000	21204852	21200767	0	26995616	8329248
1788459739	86000	21204852	21200759	0	26995144	8329248
1788459740	87000	21204852	21200764	0	26994892	8329248
1788459742	86000	21204852	21200759	0	26994752	8329248
1788459743	86000	21204852	21200757	0	26994536	8329248
1788459744	83000	21204852	21200758	0	26993728	8329248
1788459745	82000	21204852	21200759	0	26993792	8329248
1788459746	85000	21204852	21200762	0	26994176	8329248
1788459747	86000	21204852	21200761	0	26994876	8329248
1788459748	85000	21204852	21200761	0	26994416	8329248
1788459750	85000	21204852	21200758	0	26994680	8329248
1788459751	83000	21204852	21200769	0	26994540	8329248
1788459752	83000	21204852	21200777	0	26994680	8329248
1788459753	85000	21204852	21200761	0	26994692	8329248
1788459754	82000	21204852	21200762	0	26994380	8329248
1788459755	85000	21204852	21200762	0	26994240	8329248
1788459756	85000	21204852	21200762	0	26993736	8329248
1788459757	86000	21204852	21200767	0	26994004	8329248
1788459759	83000	21204852	21200759	0	26994748	8329248
1788459760	77000	21204852	21200762	0	26995232	8329252
1788459761	77000	21204852	21200772	0	26995800	8329252
1788459762	80000	21204852	21200762	0	26994660	8329252
1788459763	91000	21204852	21200777	0	26995112	8329252
1788459764	92000	21204852	21200772	0	26994952	8329252
1788459765	77000	21204852	21200769	0	26994460	8329252
1788459767	76000	21204852	21200764	0	26994100	8329252
1788459768	79000	21204852	21200761	0	26994152	8329252
1788459769	77000	21204852	21200767	0	26993396	8329252
1788459770	76000	21204852	21200762	0	26993396	8329252
1788459771	76000	21204852	21200759	0	26993712	8329252
1788459772	90000	21204852	21200762	0	26994584	8329252
1788459773	91000	21204852	21200789	0	26994680	8329252
1788459774	82000	21204852	21200773	0	26994524	8329252
1788459776	79000	21204852	21200773	0	26994272	8329252
1788459777	79000	21204852	21200773	0	26994748	8329252
1788459778	82000	21204852	21200774	0	26994240	8329252
1788459779	83000	21204852	21200780	0	26993560	8329252
1788459780	79000	21204852	21200774	0	26993508	8329252
1788459781	83000	21204852	21200771	0	26993620	8329252
1788459782	79000	21204852	21200769	0	26993772	8329252
1788459784	79000	21204852	21200769	0	26994052	8329252
1788459785	80000	21204852	21200789	0	26993988	8329252
1788459786	80000	21204852	21200769	0	26993736	8329252
1788459787	79000	21204852	21200789	0	26992992	8329252
1788459788	79000	21204852	21200789	0	26993196	8329252
1788459789	80000	21204852	21200767	0	26993300	8329252
1788459790	79000	21204852	21200785	0	26992964	8329252
1788459791	80000	21204852	21200771	0	26993440	8329252
1788459793	79000	21204852	21200769	0	26993560	8329252
1788459794	80000	21204852	21200782	0	26993176	8329252
1788459795	80000	21204852	21200785	0	26992616	8329252
1788459796	80000	21204852	21200780	0	26993120	8329252
1788459797	79000	21204852	21200774	0	26992644	8329252
1788459798	80000	21204852	21200771	0	26992756	8329252
1788459799	80000	21204852	21200772	0	26992520	8329252
1788459801	79000	21204852	21200777	0	26992592	8329252
1788459802	80000	21204852	21200771	0	26992592	8329252
1788459803	80000	21204852	21200773	0	26992416	8329252
1788459804	80000	21204852	21200767	0	26992276	8329252
1788459805	79000	21204852	21200789	0	26992640	8329252
1788459806	80000	21204852	21200773	0	26992604	8329252
1788459807	80000	21204852	21200769	0	26992176	8329252
1788459808	79000	21204852	21200771	0	26991180	8329252
1788459810	80000	21204852	21200772	0	26968228	8329252
1788459811	79000	21358072	21353992	0	26838908	8329252
1788459812	83000	21358072	21354005	0	26838704	8329252
1788459813	82000	21358072	21353991	0	26838816	8329252
1788459814	82000	21358072	21354009	0	26838528	8329252
1788459815	78000	21358072	21353989	0	26838940	8329252
1788459816	80000	21358072	21353993	0	26838672	8329252
1788459818	83000	21358072	21353994	0	26838932	8329252
1788459819	80000	21358072	21353989	0	26838760	8329252
1788459820	80000	21358072	21353994	0	26838968	8329252
1788459821	79000	21358072	21353994	0	26839308	8329252
1788459822	79000	21358072	21353989	0	26838952	8329252
1788459823	79000	21358072	21353993	0	26839552	8329252
1788459824	77000	21358072	21353997	0	26839096	8329252
1788459825	79000	21358072	21353994	0	26839008	8329252
1788459827	82000	21358072	21353987	0	26838796	8329252
1788459828	78000	21511292	21507222	0	26685848	8329252
1788459829	76000	21511292	21507213	0	26686164	8329252
1788459830	80000	21511292	21507213	0	26685912	8329252
1788459831	79000	21511292	21507207	0	26685276	8329252
1788459832	79000	21511292	21507214	0	26685540	8329252
1788459833	80000	21511292	21507213	0	26685300	8329252
1788459835	80000	21511292	21507213	0	26685200	8329252
1788459836	80000	21511292	21507211	0	26684928	8329252
1788459837	76000	21511292	21507225	0	26684396	8329252
1788459838	83000	21511292	21507229	0	26685048	8329252
1788459839	82000	21511292	21507213	0	26684544	8329252
1788459840	76000	21511292	21507207	0	26684560	8329252
1788459841	76000	21511292	21507229	0	26684924	8329252
1788459843	76000	21511292	21507214	0	26683768	8329252
1788459844	77000	21511292	21507209	0	26683608	8329252
1788459845	80000	21511292	21507213	0	26684116	8329252
1788459846	79000	21511292	21507229	0	26684380	8329252
1788459847	80000	21511292	21507213	0	26684840	8329252
1788459848	77000	21511292	21507222	0	26684804	8329252
1788459849	79000	21511292	21507211	0	26684588	8329252
1788459851	79000	21511292	21507213	0	26684448	8329252
1788459852	82000	21511292	21507209	0	26685328	8329252
1788459853	82000	21511292	21507213	0	26685000	8329252
1788459854	79000	21511292	21507220	0	26684496	8329252
1788459855	80000	21511292	21507225	0	26684544	8329252
1788459856	79000	21511292	21507209	0	26684052	8329252
1788459857	82000	21511292	21507214	0	26683612	8329252
1788459859	78000	21511292	21507225	0	26683408	8329252
1788459860	79000	21511292	21507209	0	26684152	8329252
1788459861	76000	21511292	21507229	0	26683396	8329252
1788459862	76000	21511292	21507214	0	26683144	8329252
1788459863	77000	21511292	21507209	0	26683232	8329252
1788459864	76000	21511292	21507212	0	26683264	8329252
1788459865	76000	21511292	21507212	0	26683676	8329252
1788459866	77000	21511292	21507213	0	26683788	8329252
1788459868	78000	21511292	21507213	0	26683116	8329252
1788459869	76000	21511292	21507209	0	26683228	8329252
1788459870	78000	21511292	21507213	0	26683340	8329252
1788459871	77000	21511292	21507212	0	26683228	8329252
1788459872	79000	21511292	21507214	0	26684404	8329252
1788459873	77000	21511292	21507213	0	26684152	8329252
1788459874	77000	21511292	21507220	0	26684172	8329252
1788459876	79000	21511292	21507207	0	26684532	8329252
1788459877	76000	21511292	21507209	0	26684200	8329252
1788459878	77000	21511292	21507214	0	26684024	8329252
1788459879	77000	21205788	21201703	0	26990472	8329252
1788459880	79000	21205788	21201709	0	26990596	8329252
1788459881	79000	21205788	21201723	0	26990596	8329252
1788459882	82000	21205788	21201714	0	26990344	8329252
1788459884	82000	21205788	21201720	0	26990596	8329252
1788459885	83000	21205788	21201706	0	26990848	8329252
1788459886	84000	21205788	21201706	0	26990972	8329252
1788459887	92000	21205788	21201706	0	26990732	8329252
1788459888	84000	21205788	21201706	0	26990960	8329252
1788459889	80000	21205788	21201712	0	26990488	8329252
1788459890	86000	21205788	21201702	0	26990368	8329252
1788459891	87000	21205788	21201712	0	26990128	8329252
1788459893	86000	21205788	21201703	0	26990908	8329252
1788459894	80000	21205788	21201703	0	26990164	8329252
1788459895	79000	21205788	21201709	0	26989644	8329252
1788459896	79000	21205788	21201720	0	26989860	8329252
1788459897	79000	21205788	21201707	0	26989768	8329252
1788459898	86000	21205788	21201707	0	26989468	8329252
1788459899	87000	21205788	21201707	0	26989544	8329252
1788459901	78000	21205788	21201712	0	26990280	8329252
1788459902	83000	21205788	21201707	0	26990784	8329252
1788459903	80000	21205788	21201717	0	26990708	8329252
1788459904	80000	21205788	21201712	0	26990468	8329252
1788459905	78000	21205788	21201706	0	26990428	8329252
1788459906	77000	21205788	21201707	0	26990428	8329252
1788459907	78000	21205788	21201709	0	26990932	8329252
1788459908	77000	21205788	21201703	0	26991044	8329252
1788459910	79000	21205788	21201704	0	26990712	8329252
1788459911	79000	21205788	21201703	0	26989800	8329252
1788459912	77000	21205788	21201712	0	26990136	8329252
1788459913	90000	21205788	21201707	0	26990308	8329252
1788459914	92000	21205788	21201714	0	26990532	8329252
1788459915	92000	21205788	21201706	0	26990040	8329252
1788459916	90000	21205788	21201707	0	26989912	8329252
1788459918	90000	21205788	21201709	0	26990336	8329252
1788459919	90000	21205788	21201704	0	26990828	8329252
1788459920	91000	21205788	21201706	0	26990768	8329252
1788459921	90000	21205788	21201723	0	26991132	8329252
1788459922	90000	21205788	21201717	0	26991104	8329252
1788459923	90000	21205788	21201706	0	26991812	8329252
1788459924	77000	21205788	21201704	0	26991308	8329252
1788459925	79000	21205788	21201706	0	26991200	8329252
1788459927	80000	21205788	21201712	0	26991184	8329252
1788459928	77000	21205788	21201707	0	26991060	8329252
1788459929	78000	21205788	21201720	0	26991664	8329252
1788459930	83000	21205788	21201712	0	26991520	8329252
1788459931	84000	21205788	21201704	0	26991520	8329252
1788459932	85000	21205788	21201709	0	26991520	8329252
1788459933	77000	21205788	21201703	0	26991520	8329252
1788459935	77000	21205788	21201717	0	26991904	8329252
1788459936	76000	21205788	21201704	0	26991400	8329252
1788459937	76000	21205788	21201706	0	26991652	8329252
1788459938	80000	21205788	21201717	0	26991392	8329252
1788459939	80000	21205788	21201707	0	26991392	8329252
1788459940	77000	21205788	21201703	0	26990776	8329252
1788459941	77000	21205788	21201702	0	26990664	8329252
1788459942	77000	21205788	21201709	0	26990840	8329252
1788459944	77000	21205788	21201706	0	26990840	8329252
1788459945	77000	21205788	21201702	0	26990840	8329252
1788459946	77000	21205788	21201707	0	26990896	8329252
1788459947	90000	21205788	21201707	0	26991020	8329252
1788459948	91000	21205788	21201706	0	26991276	8329252
1788459949	89000	21205788	21201717	0	26991136	8329252
1788459950	88000	21359008	21354940	0	26829360	8329252
1788459952	90000	21359008	21354923	0	26829600	8329252
1788459953	91000	21359008	21354934	0	26829152	8329252
1788459954	89000	21359008	21354923	0	26829292	8329252
1788459955	90000	21359008	21354926	0	26829268	8329252
1788459956	90000	21359008	21354926	0	26829768	8329252
1788459957	89000	21359008	21354932	0	26829768	8329252
1788459958	90000	21359008	21354926	0	26829516	8329252
1788459959	89000	21359008	21354926	0	26829668	8329252
1788459961	89000	21359008	21354927	0	26829460	8329252
1788459962	88000	21359008	21354924	0	26829820	8329252
1788459963	79000	21359008	21354926	0	26829736	8329252
1788459964	77000	21359008	21354926	0	26829484	8329252
1788459965	76000	21359008	21354927	0	26829232	8329252
1788459966	78000	21359008	21354922	0	26829188	8329252
1788459967	78000	21359008	21354927	0	26828872	8329252
1788459969	83000	21359008	21354943	0	26828748	8329252
1788459970	86000	21359008	21354937	0	26828692	8329252
1788459971	76000	21359008	21354926	0	26829700	8329252
1788459972	76000	21359008	21354924	0	26831324	8329252
1788459973	76000	21359008	21354923	0	26833272	8329252
1788459974	77000	21359008	21354937	0	26834800	8329252
1788459975	76000	21359008	21354922	0	26835444	8329252
1788459977	77000	21359008	21354937	0	26835712	8329252
1788459978	79000	21359008	21354926	0	26836284	8329252
1788459979	76000	21359008	21354923	0	26837340	8329252
1788459980	79000	21359008	21354940	0	26838180	8329252
1788459981	76000	21359008	21354940	0	26839128	8329252
1788459982	76000	21359008	21354926	0	26838900	8329252
1788459983	77000	21359008	21354932	0	26840064	8329252
1788459985	76000	21359008	21354944	0	26840428	8329252
1788459986	79000	21359008	21354926	0	26840316	8329252
1788459987	74000	21359008	21354924	0	26839700	8329252
1788459988	77000	21359008	21354923	0	26838492	8329252
1788459989	74000	21359008	21354932	0	26838552	8329252
1788459990	85000	21359008	21354924	0	26838648	8329252
1788459991	84000	21359008	21354937	0	26838760	8329252
1788459993	84000	21359008	21354943	0	26838648	8329252
1788459994	86000	21359008	21354943	0	26838568	8329252
1788459995	86000	21359008	21354926	0	26838820	8329252
1788459996	86000	21359008	21354932	0	26838324	8329252
1788459997	85000	21359008	21354922	0	26838708	8329252
1788459998	86000	21359008	21354927	0	26838932	8329252
1788459999	86000	21359008	21354929	0	26838168	8329252
1788460000	77000	21359008	21354925	0	26838124	8329252
1788460002	77000	21359008	21354925	0	26838628	8329252
1788460003	78000	21359008	21354927	0	26838912	8329252
1788460004	78000	21359008	21354925	0	26838020	8329252
1788460005	79000	21359008	21354924	0	26837856	8329252
1788460006	79000	21359008	21354928	0	26837316	8329252
1788460007	79000	21359008	21354928	0	26838484	8329252
1788460008	76000	21359008	21354930	0	26838892	8329252
1788460010	79000	21359008	21354925	0	26839428	8329252
1788460011	77000	21359008	21354930	0	26839152	8329252
1788460012	78000	21359008	21354925	0	26839164	8329252
1788460013	78000	21359008	21354925	0	26839248	8329252
1788460014	79000	21359008	21354944	0	26839484	8329252
1788460015	79000	21359008	21354944	0	26839232	8329252
1788460016	79000	21359008	21354925	0	26839516	8329252
1788460018	79000	21359008	21354927	0	26839340	8329252
1788460019	78000	21359008	21354923	0	26838772	8329252
1788460020	81000	21206360	21202287	0	26985768	8329252
1788460021	79000	21206360	21202275	0	26984416	8329252
1788460022	79000	21206360	21202280	0	26984888	8329252
1788460023	80000	21206360	21202277	0	26985180	8329252
1788460024	79000	21206360	21202294	0	26985844	8329252
1788460026	77000	21206360	21202312	0	26985024	8329252
1788460027	80000	21206360	21202297	0	26985212	8329252
1788460028	81000	21206360	21202292	0	26984360	8329252
1788460029	77000	21206360	21202298	0	26984428	8329252
1788460030	82000	21206360	21202294	0	26986240	8329252
1788460031	83000	21206360	21202299	0	26986000	8329252
1788460032	79000	21206360	21202305	0	26986156	8329252
1788460033	84000	21206360	21202294	0	26986508	8329252
1788460035	82000	21206360	21202305	0	26986972	8329252
1788460036	84000	21206360	21202299	0	26985964	8329252
1788460037	83000	21206360	21202294	0	26985460	8329252
1788460038	77000	21206360	21202297	0	26985888	8329252
1788460039	82000	21206360	21202308	0	26986276	8329252
1788460040	80000	21206360	21202299	0	26986452	8329252
1788460041	82000	21206360	21202294	0	26986452	8329252
1788460043	90000	21206360	21202299	0	26986076	8329252
1788460044	91000	21206360	21202305	0	26986304	8329252
1788460045	80000	21206360	21202308	0	26986304	8329252
1788460046	91000	21206360	21202294	0	26985572	8329252
1788460047	90000	21206360	21202310	0	26985604	8329252
1788460048	90000	21206360	21202294	0	26985100	8329252
1788460049	94000	21206360	21202314	0	26985100	8329252
1788460050	92000	21206360	21202300	0	26985636	8329252
1788460052	90000	21206360	21202296	0	26986000	8329252
1788460053	80000	21206360	21202296	0	26986772	8329252
1788460054	80000	21206360	21202298	0	26986268	8329252
1788460055	80000	21206360	21202305	0	26987132	8329252
1788460056	82000	21206360	21202305	0	26987260	8329252
1788460057	80000	21206360	21202299	0	26988852	8329252
1788460058	79000	21206360	21202299	0	26989256	8329252
1788460060	81000	21206360	21202291	0	26990524	8329252
1788460061	78000	21206360	21202294	0	26990064	8329252
1788460062	79000	21206360	21202294	0	26992004	8329252
1788460063	80000	21206360	21202294	0	26991820	8329252
1788460064	79000	21206360	21202299	0	26992120	8329252
1788460065	77000	21206360	21202294	0	26991968	8329252
1788460066	79000	21206360	21202303	0	26992068	8329252
1788460067	79000	21206360	21202296	0	26991576	8329252
1788460069	77000	21206360	21202308	0	26991332	8329252
1788460070	76000	21206360	21202294	0	26991660	8329252
1788460071	77000	21206360	21202294	0	26991548	8329252
1788460072	77000	21206360	21202293	0	26991736	8329252
1788460073	77000	21206360	21202297	0	26991456	8329252
1788460074	77000	21206360	21202297	0	26991672	8329252
1788460075	77000	21206360	21202294	0	26991872	8329252
1788460077	77000	21206360	21202297	0	26991660	8329252
1788460078	77000	21206360	21202313	0	26991408	8329252
1788460079	77000	21206360	21202299	0	26991476	8329252
1788460080	79000	21359580	21355500	0	26831236	8329252
1788460081	74000	21359580	21355494	0	26830984	8329252
1788460082	79000	21359580	21355508	0	26830812	8329252
1788460083	76000	21359580	21355506	0	26830748	8329252
1788460084	78000	21359580	21355506	0	26830276	8329252
1788460086	77000	21359580	21355510	0	26830376	8329252
1788460087	77000	21359580	21355498	0	26831984	8329252
1788460088	77000	21359580	21355495	0	26831752	8329252
1788460089	76000	21359580	21355496	0	26831500	8329252
1788460090	77000	21359580	21355494	0	26831500	8329252
1788460091	76000	21359580	21355503	0	26831612	8329252
1788460092	76000	21359580	21355498	0	26832328	8329252
1788460094	79000	21359580	21355494	0	26831460	8329252
1788460095	74000	21359580	21355496	0	26831068	8329252
1788460096	79000	21359580	21355506	0	26831600	8329252
1788460097	73000	21359580	21355503	0	26831000	8329252
1788460098	77000	21359580	21355506	0	26830684	8329252
1788460099	79000	21359580	21355500	0	26830432	8329252
1788460100	77000	21359580	21355495	0	26830312	8329252
1788460102	77000	21359580	21355498	0	26830680	8329252
1788460103	77000	21359580	21355513	0	26831020	8329252
1788460104	76000	21359580	21355495	0	26830912	8329252
1788460105	77000	21359580	21355494	0	26830268	8329252
1788460106	77000	21359580	21355494	0	26830268	8329252
1788460107	76000	21359580	21355498	0	26829588	8329252
1788460108	77000	21359580	21355498	0	26829020	8329252
1788460110	76000	21359580	21355497	0	26829108	8329252
1788460111	79000	21359580	21355494	0	26829648	8329252
1788460112	74000	21359580	21355494	0	26830196	8329252
1788460113	77000	21359580	21355496	0	26830212	8329252
1788460114	84000	21359580	21355497	0	26830212	8329252
1788460115	85000	21359580	21355506	0	26828952	8329252
1788460116	86000	21359580	21355498	0	26827560	8329252
1788460118	86000	21359580	21355495	0	26827560	8329252
1788460119	86000	21359580	21355495	0	26827504	8329252
1788460120	78000	21359580	21355508	0	26828052	8329252
1788460121	79000	21359580	21355508	0	26830712	8329252
1788460122	78000	21359580	21355508	0	26832428	8329252
1788460123	76000	21359580	21355498	0	26832216	8329252
1788460124	78000	21359580	21355495	0	26833560	8329252
1788460125	77000	21359580	21355498	0	26832832	8329252
1788460127	78000	21359580	21355498	0	26832832	8329252
1788460128	80000	21359580	21355496	0	26832568	8329252
1788460129	78000	21359580	21355497	0	26833440	8329252
1788460130	80000	21359580	21355495	0	26835508	8329252
1788460131	78000	21359580	21355498	0	26835748	8329252
1788460132	79000	21359580	21355500	0	26835576	8329252
1788460133	80000	21359580	21355503	0	26836224	8329252
1788460135	80000	21359580	21355494	0	26836444	8329252
1788460136	79000	21359580	21355498	0	26836192	8329252
1788460137	78000	21359580	21355496	0	26836996	8329252
1788460138	77000	21359580	21355494	0	26836744	8329252
1788460139	78000	21359580	21355495	0	26836492	8329252
1788460140	78000	21359580	21355494	0	26836836	8329260
1788460141	77000	21359580	21355494	0	26836776	8329260
1788460143	78000	21359580	21355495	0	26835972	8329260
1788460144	79000	21359580	21355495	0	26836196	8329260
1788460145	86000	21359580	21355495	0	26836700	8329260
1788460146	85000	21359580	21355513	0	26836508	8329260
1788460147	78000	21359580	21355498	0	26836256	8329260
1788460148	79000	21359580	21355498	0	26836080	8329260
1788460149	78000	21359580	21355498	0	26837148	8329260
1788460150	79000	21359580	21355498	0	26837224	8329260
1788460152	78000	21359580	21355495	0	26837636	8329260
1788460153	82000	21359580	21355498	0	26838120	8329260
1788460154	77000	21359580	21355497	0	26838184	8329260
1788460155	83000	21359580	21355503	0	26836428	8329260
1788460156	77000	21359580	21355510	0	26837208	8329260
1788460157	80000	21359580	21355494	0	26837072	8329260
1788460158	82000	21359580	21355498	0	26837928	8329260
1788460160	79000	21359580	21355500	0	26836520	8329260
1788460161	80000	21359580	21355500	0	26837200	8329260
1788460162	82000	21359580	21355498	0	26837232	8329260
1788460163	78000	21359580	21355497	0	26837972	8329260
1788460164	82000	21359580	21355498	0	26837988	8329260
1788460165	82000	21359580	21355504	0	26838204	8329260
1788460166	80000	21359580	21355506	0	26838312	8329260
1788460168	83000	21359580	21355498	0	26838352	8329260
1788460169	80000	21359580	21355506	0	26837532	8329260
1788460170	83000	21359580	21355496	0	26837376	8329260
1788460171	90000	21359580	21355495	0	26837304	8329260
1788460172	89000	21359580	21355498	0	26836940	8329260
1788460173	90000	21359580	21355495	0	26836132	8329260
1788460174	92000	21359580	21355497	0	26836720	8329260
1788460176	90000	21359580	21355506	0	26836860	8329260
1788460177	90000	21359580	21355500	0	26837628	8329260
1788460178	90000	21359580	21355506	0	26838024	8329260
1788460179	80000	21359580	21355497	0	26838344	8329260
1788460180	74000	21359580	21355506	0	26838072	8329260
1788460181	79000	21359580	21355495	0	26837528	8329260
1788460182	77000	21359580	21355494	0	26836988	8329260
1788460184	79000	21359580	21355506	0	26837288	8329260
1788460185	76000	21359580	21355497	0	26837204	8329260
1788460186	79000	21359580	21355498	0	26837364	8329260
1788460187	74000	21359580	21355498	0	26837476	8329260
1788460188	79000	21359580	21355513	0	26837876	8329260
1788460189	73000	21359580	21355510	0	26837416	8329260
1788460190	75000	21359580	21355497	0	26837280	8329260
1788460191	78000	21359580	21355495	0	26837420	8329260
1788460193	76000	21359580	21355510	0	26837420	8329260
1788460194	79000	21359580	21355495	0	26837740	8329260
1788460195	77000	21359580	21355494	0	26837376	8329260
1788460196	80000	21359580	21355500	0	26838244	8329260
1788460197	79000	21359580	21355494	0	26838444	8329260
1788460198	80000	21359580	21355497	0	26838288	8329260
1788460199	79000	21359580	21355503	0	26838364	8329260
1788460201	79000	21359580	21355497	0	26838104	8329260
1788460202	77000	21359580	21355500	0	26838104	8329260
1788460203	79000	21359580	21355513	0	26838044	8329260
1788460204	79000	21359580	21355496	0	26838292	8329260
1788460205	79000	21359580	21355510	0	26839452	8329260
1788460206	77000	21359580	21355498	0	26839324	8329260
1788460207	79000	21359580	21355500	0	26839576	8329260
1788460209	77000	21359580	21355497	0	26839280	8329260
1788460210	77000	21359580	21355496	0	26839144	8329260
1788460211	87000	21359580	21355494	0	26840364	8329260
1788460212	84000	21359580	21355510	0	26839664	8329260
1788460213	84000	21359580	21355506	0	26840640	8329260
1788460214	80000	21359580	21355508	0	26840332	8329260
1788460215	80000	21359580	21355500	0	26839904	8329260
1788460217	84000	21359580	21355498	0	26838356	8329260
1788460218	80000	21359580	21355496	0	26838328	8329260
1788460219	79000	21359580	21355513	0	26838076	8329260
1788460220	77000	21359580	21355506	0	26838076	8329260
1788460221	82000	21359580	21355494	0	26838076	8329260
1788460222	79000	21359580	21355494	0	26837712	8329260
1788460223	80000	21359580	21355506	0	26837348	8329260
1788460224	80000	21359580	21355495	0	26837604	8329260
1788460226	82000	21359580	21355498	0	26838736	8329260
1788460227	82000	21206972	21202890	0	26990392	8329260
1788460228	87000	21206972	21202902	0	26989476	8329260
1788460229	85000	21206972	21202890	0	26989336	8329260
1788460230	82000	21206972	21202890	0	26989700	8329260
1788460231	85000	21206972	21202902	0	26989736	8329260
1788460232	82000	21206972	21202889	0	26989496	8329260
1788460234	83000	21206972	21202886	0	26989632	8329260
1788460235	83000	21206972	21202900	0	26989016	8329260
1788460236	82000	21206972	21202902	0	26989380	8329260
1788460237	82000	21206972	21202886	0	26989112	8329260
1788460238	84000	21206972	21202905	0	26989416	8329260
1788460239	82000	21206972	21202888	0	26988912	8329260
1788460240	79000	21206972	21202900	0	26988112	8329260
1788460241	80000	21206972	21202898	0	26988188	8329260
1788460243	80000	21206972	21202890	0	26988236	8329260
1788460244	82000	21206972	21202887	0	26964400	8329260
1788460245	79000	21360192	21356107	0	26827944	8329260
1788460246	74000	21360192	21356106	0	26827776	8329260
1788460247	79000	21360192	21356109	0	26827492	8329260
1788460248	74000	21360192	21356109	0	26827292	8329260
1788460249	77000	21360192	21356107	0	26827308	8329260
1788460251	77000	21360192	21356110	0	26826712	8329260
1788460252	77000	21360192	21356110	0	26826904	8329260
1788460253	77000	21360192	21356106	0	26827112	8329260
1788460254	77000	21360192	21356110	0	26827252	8329260
1788460255	74000	21360192	21356115	0	26827228	8329260
1788460256	79000	21360192	21356112	0	26827640	8329260
1788460257	79000	21360192	21356108	0	26827408	8329260
1788460259	79000	21360192	21356122	0	26828036	8329260
1788460260	80000	21360192	21356107	0	26828176	8329260
1788460261	79000	21360192	21356107	0	26828072	8329260
1788460262	79000	21360192	21356122	0	26828812	8329260
1788460263	79000	21360192	21356122	0	26830328	8329260
1788460264	79000	21360192	21356107	0	26832464	8329260
1788460265	77000	21360192	21356112	0	26834352	8329260
1788460267	79000	21360192	21356112	0	26835452	8329260
1788460268	76000	21360192	21356112	0	26836156	8329260
1788460269	79000	21360192	21356122	0	26836964	8329260
1788460270	75000	21360192	21356107	0	26836852	8329260
1788460271	80000	21207588	21203506	0	26987668	8329260
1788460272	79000	21207588	21203505	0	26988156	8329260
1788460273	79000	21207588	21203503	0	26987652	8329260
1788460274	79000	21207588	21203503	0	26987400	8329260
1788460276	80000	21207588	21203502	0	26987468	8329264
1788460277	80000	21207588	21203504	0	26987608	8329264
1788460278	81000	21207588	21203505	0	26985368	8329264
1788460279	76000	21207588	21203503	0	26985388	8329264
1788460280	81000	21207588	21203504	0	26986004	8329264
1788460281	79000	21207588	21203505	0	26986080	8329264
1788460282	81000	21207588	21203514	0	26986520	8329264
1788460284	79000	21207588	21203516	0	26986312	8329264
1788460285	79000	21207588	21203503	0	26986692	8329264
1788460286	79000	21207588	21203521	0	26986908	8329264
1788460287	79000	21207588	21203505	0	26987196	8329264
1788460288	78000	21207588	21203505	0	26987448	8329264
1788460289	78000	21207588	21203506	0	26987820	8329264
1788460290	79000	21207588	21203514	0	26987316	8329264
1788460291	80000	21207588	21203505	0	26987680	8329264
1788460293	86000	21207588	21203511	0	26987312	8329264
1788460294	86000	21207588	21203505	0	26987404	8329264
1788460295	80000	21207588	21203506	0	26987208	8329264
1788460296	82000	21207588	21203506	0	26986768	8329264
1788460297	82000	21207588	21203506	0	26986264	8329264
1788460298	80000	21207588	21203504	0	26986880	8329264
1788460299	79000	21207588	21203518	0	26986768	8329264
1788460301	78000	21207588	21203507	0	26986768	8329264
1788460302	78000	21207588	21203510	0	26986652	8329264
1788460303	79000	21207588	21203515	0	26986764	8329264
1788460304	79000	21207588	21203508	0	26987268	8329264
1788460305	78000	21207588	21203506	0	26987996	8329264
1788460306	78000	21207588	21203515	0	26987756	8329264
1788460307	77000	21207588	21203509	0	26988496	8329264
1788460308	90000	21207588	21203522	0	26988320	8329264
1788460310	90000	21207588	21203506	0	26987576	8329264
1788460311	80000	21207588	21203512	0	26988992	8329264
1788460312	83000	21360808	21356744	0	26827612	8329264
1788460313	82000	21360808	21356727	0	26827472	8329264
1788460314	88000	21360808	21356744	0	26827296	8329264
1788460315	90000	21360808	21356742	0	26828140	8329264
1788460316	90000	21360808	21356732	0	26828524	8329264
1788460318	89000	21360808	21356726	0	26828352	8329264
1788460319	90000	21360808	21356725	0	26828732	8329264
1788460320	90000	21360808	21356744	0	26828176	8329264
1788460321	89000	21360808	21356739	0	26828828	8329264
1788460322	90000	21360808	21356730	0	26828672	8329264
1788460323	88000	21360808	21356735	0	26828724	8329264
1788460324	90000	21360808	21356735	0	26829596	8329264
1788460326	90000	21360808	21356744	0	26829704	8329264
1788460327	79000	21360808	21356727	0	26830316	8329264
1788460328	76000	21360808	21356731	0	26829748	8329264
1788460329	74000	21360808	21356726	0	26830120	8329264
1788460330	76000	21360808	21356735	0	26829612	8329264
1788460331	74000	21360808	21356728	0	26829484	8329264
1788460332	79000	21360808	21356728	0	26829488	8329264
1788460334	73000	21360808	21356727	0	26829740	8329264
1788460335	79000	21360808	21356729	0	26830584	8329264
1788460336	76000	21360808	21356729	0	26832812	8329264
1788460337	77000	21360808	21356727	0	26834232	8329264
1788460338	77000	21360808	21356728	0	26835232	8329264
1788460339	77000	21360808	21356741	0	26836384	8329264
1788460340	88000	21360808	21356726	0	26836096	8329264
1788460342	90000	21360808	21356726	0	26836624	8329264
1788460343	77000	21360808	21356725	0	26837972	8329264
1788460344	79000	21360808	21356725	0	26837744	8329264
1788460345	79000	21360808	21356739	0	26838496	8329264
1788460346	79000	21360808	21356728	0	26837740	8329264
1788460347	80000	21360808	21356735	0	26837908	8329264
1788460348	76000	21360808	21356726	0	26837760	8329264
1788460349	77000	21360808	21356735	0	26837760	8329264
1788460351	79000	21360808	21356739	0	26837508	8329264
1788460352	77000	21360808	21356735	0	26838380	8329264
1788460353	82000	21360808	21356737	0	26837920	8329264
1788460354	86000	21360808	21356726	0	26839676	8329264
1788460355	79000	21360808	21356727	0	26839172	8329264
1788460356	79000	21360808	21356727	0	26839296	8329264
1788460357	78000	21360808	21356737	0	26839044	8329264
1788460359	79000	21360808	21356727	0	26838428	8329264
1788460360	79000	21360808	21356726	0	26838904	8329264
1788460361	79000	21360808	21356739	0	26837852	8329264
1788460362	77000	21360808	21356726	0	26838036	8329264
1788460363	78000	21360808	21356725	0	26837960	8329264
1788460364	78000	21360808	21356731	0	26838100	8329264
1788460365	79000	21360808	21356727	0	26838368	8329264
1788460367	78000	21360808	21356729	0	26838244	8329264
1788460368	78000	21360808	21356737	0	26838276	8329264
1788460369	77000	21360808	21356726	0	26838140	8329264
1788460370	77000	21360808	21356731	0	26838348	8329264
1788460371	78000	21360808	21356726	0	26838208	8329264
1788460372	78000	21360808	21356729	0	26838476	8329264
1788460373	79000	21360808	21356731	0	26838512	8329264
1788460375	80000	21360808	21356726	0	26837680	8329264
1788460376	79000	21360808	21356720	0	26839112	8329264
1788460377	80000	21360808	21356722	0	26837728	8329264
1788460378	77000	21360808	21356730	0	26837960	8329264
1788460379	80000	21360808	21356719	0	26838532	8329264
1788460380	77000	21360808	21356725	0	26839236	8329264
1788460381	78000	21360808	21356725	0	26838720	8329264
1788460383	77000	21360808	21356731	0	26838468	8329264
1788460384	78000	21360808	21356725	0	26838644	8329264
1788460385	78000	21360808	21356722	0	26838296	8329264
1788460386	78000	21360808	21356723	0	26837980	8329264
1788460387	78000	21360808	21356740	0	26837728	8329264
1788460388	77000	21360808	21356722	0	26838628	8329264
1788460389	79000	21360808	21356723	0	26839228	8329264
1788460391	77000	21360808	21356733	0	26838388	8329264
1788460392	59000	21360808	21356768	0	26890940	8329264
1788460393	57000	21360808	21356771	0	26890944	8329264
1788460394	57000	21360808	21356782	0	26890112	8329264
1788460395	57000	21360808	21356767	0	26888952	8329264
1788460396	56000	21360808	21356773	0	26888928	8329264
1788460397	55000	21360808	21356770	0	26888564	8329264
1788460399	57000	21360808	21356772	0	26887428	8329264
1788460400	56000	21360808	21356773	0	26887876	8329264
1788460401	57000	21360808	21356768	0	26887224	8329264
1788460402	54000	21360808	21356784	0	26886972	8329264
1788460403	56000	21360808	21356773	0	26886720	8329264
1788460404	55000	21360808	21356770	0	26885972	8329264
1788460406	54000	21360808	21356769	0	26886444	8329264
1788460407	53000	21360808	21356767	0	26886004	8329264
1788460408	55000	21360808	21356778	0	26886508	8329264
1788460409	55000	21360808	21356776	0	26886144	8329264
1788460410	54000	21360808	21356770	0	26885956	8329264
1788460411	54000	21360808	21356762	0	26885808	8329264
1788460413	53000	21360808	21356766	0	26885660	8329264
1788460414	54000	21360808	21356768	0	26885268	8329264
1788460415	52000	21360808	21356768	0	26884840	8329264
1788460416	54000	21360808	21356764	0	26885468	8329264
1788460417	54000	21360808	21356768	0	26885520	8329264
1788460418	53000	21360808	21356784	0	26886136	8329264
1788460420	53000	21360808	21356762	0	26886404	8329264
1788460421	51000	21360808	21356765	0	26887188	8329264
1788460422	55000	21360808	21356738	0	26830424	8329264
1788460423	73000	21055276	21051185	0	27143540	8329264
1788460424	75000	21055276	21051186	0	27142852	8329264
1788460425	73000	21055276	21051184	0	27141996	8329264
1788460426	75000	21055276	21051186	0	27140988	8329264
1788460428	73000	21055276	21051184	0	27140848	8329264
1788460429	76000	21055276	21051192	0	27140848	8329264
1788460430	74000	21055276	21051190	0	27140092	8329264
1788460431	73000	21055276	21051185	0	27139588	8329264
1788460432	75000	21055276	21051175	0	27141492	8329264
1788460433	74000	21055276	21051175	0	27141100	8329264
1788460434	76000	21055276	21051182	0	27140848	8329264
1788460435	77000	21055276	21051182	0	27140832	8329264
1788460437	80000	21055276	21051183	0	27141304	8329264
1788460438	79000	21055276	21051180	0	27140324	8329264
1788460439	79000	21055276	21051176	0	27141052	8329264
1788460440	83000	21055276	21051179	0	27141640	8329264
1788460441	85000	21055276	21051180	0	27142248	8329264
1788460442	82000	21055276	21051174	0	27141692	8329264
1788460443	85000	21055276	21051173	0	27141488	8329264
1788460445	77000	21055276	21051176	0	27141404	8329264
1788460446	83000	21055276	21051182	0	27141584	8329264
1788460447	85000	21055276	21051179	0	27140792	8329264
1788460448	83000	21055276	21051175	0	27140656	8329264
1788460449	86000	21055276	21051174	0	27143028	8329264
1788460450	86000	21055276	21051180	0	27142648	8329264
1788460451	81000	21055276	21051175	0	27142276	8329264
1788460452	77000	21055276	21051175	0	27142176	8329264
1788460454	76000	21055276	21051175	0	27142344	8329264
1788460455	76000	21055276	21051173	0	27141852	8329264
1788460456	79000	21055276	21051174	0	27142608	8329264
1788460457	76000	21055276	21051176	0	27142040	8329264
1788460458	75000	21055276	21051183	0	27142152	8329264
1788460459	74000	21055276	21051173	0	27141912	8329264
1788460460	82000	21055276	21051173	0	27141912	8329264
1788460461	83000	21055276	21051180	0	27141756	8329264
1788460463	81000	21055276	21051176	0	27141328	8329264
1788460464	82000	21055276	21051175	0	27141276	8329264
1788460465	82000	21055276	21051174	0	27141260	8329264
1788460466	81000	21055276	21051183	0	27141516	8329264
1788460467	85000	21055276	21051175	0	27141936	8329264
1788460468	86000	21055276	21051174	0	27141964	8329264
1788460469	86000	21055276	21051182	0	27141948	8329264
1788460471	85000	21055276	21051176	0	27141836	8329264
1788460472	82000	21055276	21051182	0	27142144	8329264
1788460473	85000	21055276	21051183	0	27142616	8329264
1788460474	85000	21055276	21051173	0	27142288	8329264
1788460475	82000	21055276	21051173	0	27142400	8329264
1788460476	83000	21055276	21051175	0	27141496	8329264
1788460477	82000	21055276	21051173	0	27141228	8329264
1788460478	83000	21055276	21051173	0	27140912	8329264
1788460480	82000	21055276	21051179	0	27141432	8329264
1788460481	85000	21055276	21051173	0	27141544	8329264
1788460482	82000	21055276	21051173	0	27141352	8329264
1788460483	82000	21055276	21051174	0	27141312	8329264
1788460484	82000	21055276	21051174	0	27141584	8329264
1788460485	82000	21055276	21051174	0	27140916	8329264
1788460486	83000	21055276	21051174	0	27140700	8329264
1788460488	82000	21055276	21051173	0	27140564	8329264
1788460489	83000	21055276	21051179	0	27140548	8329264
1788460490	75000	21055276	21051174	0	27141052	8329264
1788460491	79000	21055276	21051176	0	27140292	8329264
1788460492	77000	21055276	21051179	0	27140140	8329264
1788460493	78000	21055276	21051172	0	27140504	8329264
1788460494	78000	21055276	21051175	0	27140576	8329264
1788460495	76000	21055276	21051175	0	27140688	8329264
1788460497	76000	21055276	21051175	0	27139936	8329264
1788460498	76000	21055276	21051183	0	27140516	8329264
1788460499	79000	21055276	21051176	0	27140116	8329264
1788460500	76000	21055276	21051174	0	27139724	8329264
1788460501	76000	21055276	21051173	0	27139480	8329264
1788460502	76000	21055276	21051179	0	27138920	8329264
1788460503	76000	21055276	21051172	0	27139712	8329264
1788460505	75000	21055276	21051173	0	27139416	8329264
1788460506	75000	21055276	21051175	0	27139604	8329264
1788460507	76000	21055276	21051172	0	27139100	8329264
1788460508	76000	21055276	21051180	0	27139684	8329264
1788460509	77000	21055276	21051176	0	27139640	8329264
1788460510	76000	21055276	21051175	0	27139640	8329264
1788460511	75000	21055276	21051183	0	27139388	8329264
1788460512	78000	21055276	21051182	0	27139464	8329264
1788460514	78000	21055276	21051173	0	27139892	8329264
1788460515	76000	21055276	21051173	0	27138972	8329264
1788460516	75000	21055276	21051182	0	27138768	8329264
1788460517	77000	21055276	21051182	0	27138096	8329264
1788460518	76000	21055276	21051173	0	27138336	8329264
1788460519	76000	21055276	21051180	0	27138424	8329264
1788460520	75000	21055276	21051176	0	27138676	8329264
1788460521	77000	21055276	21051175	0	27138676	8329264
1788460523	77000	21055276	21051174	0	27138752	8329264
1788460524	77000	21055276	21051176	0	27139328	8329264
1788460525	76000	21055276	21051175	0	27139536	8329264
1788460526	79000	21055276	21051176	0	27139324	8329264
1788460527	76000	21055276	21051179	0	27139532	8329264
1788460528	79000	21055276	21051175	0	27139164	8329264
1788460529	76000	21055276	21051176	0	27139192	8329264
1788460531	79000	21055276	21051173	0	27139444	8329264
1788460532	76000	21055276	21051183	0	27139256	8329264
1788460533	77000	21055276	21051175	0	27139004	8329264
1788460534	77000	21055276	21051182	0	27138756	8329264
1788460535	79000	21055276	21051174	0	27139484	8329264
1788460536	76000	21055276	21051172	0	27139220	8329264
1788460537	77000	21055276	21051180	0	27139024	8329264
1788460538	79000	21055276	21051183	0	27139308	8329264
1788460540	79000	21055276	21051176	0	27139228	8329264
1788460541	77000	21055276	21051172	0	27139304	8329264
1788460542	79000	21055276	21051176	0	27138988	8329264
1788460543	80000	21055276	21051175	0	27139368	8329264
1788460544	76000	21055276	21051179	0	27139556	8329264
1788460545	79000	21055276	21051176	0	27139324	8329264
1788460546	76000	21055276	21051180	0	27139576	8329264
1788460548	77000	21055276	21051173	0	27139768	8329264
1788460549	80000	21055276	21051180	0	27139996	8329264
1788460550	77000	21055276	21051176	0	27139496	8329264
1788460551	90000	21055276	21051175	0	27139712	8329264
1788460552	91000	21055276	21051176	0	27139836	8329264
1788460553	92000	21055276	21051176	0	27140152	8329264
1788460554	91000	21055276	21051176	0	27139900	8329264
1788460555	91000	21055276	21051183	0	27139900	8329264
1788460557	89000	21055276	21051176	0	27139408	8329264
1788460558	90000	21055276	21051175	0	27140584	8329264
1788460559	90000	21055276	21051182	0	27139776	8329264
1788460560	80000	21055276	21051183	0	27139380	8329264
1788460561	83000	21055276	21051180	0	27139324	8329264
1788460562	85000	21055276	21051173	0	27139720	8329264
1788460563	85000	21055276	21051173	0	27139756	8329264
1788460565	85000	21055276	21051174	0	27139796	8329264
1788460566	85000	21055276	21051176	0	27139464	8329264
1788460567	77000	21055276	21051173	0	27139828	8329264
1788460568	78000	21055276	21051176	0	27140760	8329264
1788460569	77000	21055276	21051183	0	27141436	8329264
1788460570	78000	21055276	21051182	0	27140476	8329264
1788460571	76000	21055276	21051175	0	27140224	8329264
1788460572	77000	21055276	21051179	0	27140276	8329264
1788460574	79000	21055276	21051183	0	27140720	8329264
1788460575	76000	21055276	21051175	0	27140608	8329264
1788460576	77000	21055276	21051179	0	27140520	8329264
1788460577	79000	21055276	21051174	0	27140092	8329264
1788460578	91000	21055276	21051174	0	27139776	8329264
1788460579	77000	21055276	21051179	0	27140396	8329264
1788460580	77000	21055276	21051180	0	27140480	8329264
1788460582	77000	21055276	21051179	0	27140480	8329264
1788460583	76000	21055276	21051172	0	27140732	8329264
1788460584	76000	21055276	21051173	0	27140844	8329264
1788460585	90000	21055276	21051173	0	27140600	8329264
1788460586	90000	21055276	21051179	0	27140212	8329264
1788460587	90000	21055276	21051174	0	27141092	8329264
1788460588	79000	21055276	21051176	0	27140884	8329264
1788460589	80000	21055276	21051174	0	27141524	8329264
1788460591	83000	21055276	21051182	0	27140928	8329264
1788460592	85000	21055276	21051173	0	27141008	8329264
1788460593	83000	21055276	21051179	0	27140688	8329264
1788460594	86000	21055276	21051176	0	27140184	8329264
1788460595	87000	21055276	21051173	0	27140436	8329264
1788460596	80000	21055276	21051175	0	27140512	8329264
1788460597	84000	21055276	21051174	0	27140860	8329264
1788460598	79000	21055276	21051175	0	27141348	8329264
1788460600	80000	21055276	21051176	0	27141324	8329264
1788460601	84000	21055276	21051182	0	27140292	8329264
1788460602	86000	21055276	21051176	0	27140124	8329264
1788460603	85000	21055276	21051169	0	27140240	8329264
1788460604	83000	21055276	21051169	0	27139484	8329264
1788460605	85000	21055276	21051172	0	27138720	8329264
1788460606	80000	21055276	21051170	0	27138656	8329264
1788460608	80000	21055276	21051180	0	27138716	8329264
1788460609	80000	21055276	21051177	0	27142156	8329264
1788460610	80000	21055276	21051180	0	27141640	8329264
1788460611	79000	21055276	21051177	0	27141264	8329264
1788460612	82000	21055276	21051170	0	27142208	8329264
1788460613	79000	21055276	21051180	0	27142400	8329264
1788460614	80000	21055276	21051176	0	27142460	8329264
1788460615	80000	21055276	21051171	0	27142504	8329264
1788460617	79000	21055276	21051173	0	27142180	8329264
1788460618	80000	21055276	21051173	0	27142544	8329264
1788460619	79000	21055276	21051179	0	27141988	8329264
1788460620	80000	21055276	21051173	0	27141948	8329264
1788460621	80000	21055276	21051177	0	27141948	8329264
1788460622	80000	21055276	21051170	0	27143068	8329264
1788460623	79000	21055276	21051173	0	27142956	8329264
1788460625	80000	21055276	21051173	0	27142924	8329268
1788460626	80000	21055276	21051172	0	27143360	8329268
1788460627	80000	21055276	21051170	0	27143560	8329268
1788460628	83000	21055276	21051178	0	27142916	8329268
1788460629	80000	21055276	21051176	0	27143240	8329268
1788460630	80000	21055276	21051170	0	27142764	8329268
1788460631	83000	21055276	21051185	0	27142516	8329272
1788460632	79000	21055276	21051195	0	27141312	8329324
1788460634	79000	21055276	21051184	0	27140924	8329324
1788460635	80000	21055276	21051183	0	27142016	8329324
1788460636	83000	21055276	21051188	0	27142684	8329324
1788460637	82000	21055276	21051195	0	27142276	8329324
1788460638	78000	21055276	21051185	0	27142276	8329324
1788460639	83000	21055276	21051185	0	27141660	8329324
1788460640	82000	21055276	21051185	0	27141844	8329324
1788460642	82000	21055276	21051195	0	27135676	8329328
1788460643	80000	21055276	21051186	0	27134900	8329328
1788460644	80000	21055276	21051192	0	27137468	8329328
1788460645	83000	21055276	21051185	0	27136964	8329328
1788460646	79000	21055276	21051191	0	27138488	8329328
1788460647	80000	21055276	21051191	0	27137996	8329328
1788460648	79000	21055276	21051195	0	27137204	8329328
1788460649	75000	21055276	21051188	0	27136672	8329328
1788460651	74000	21055276	21051177	0	27135260	8329328
1788460652	79000	21055276	21051168	0	27134280	8329328
1788460653	77000	21055276	21051168	0	27134584	8329328
1788460654	76000	21055276	21051171	0	27134332	8329328
1788460655	86000	21055276	21051177	0	27134332	8329328
1788460656	91000	21055276	21051180	0	27134332	8329328
1788460657	90000	21055276	21051170	0	27133904	8329328
1788460659	79000	21055276	21051170	0	27133336	8329328
1788460660	76000	21055276	21051179	0	27133968	8329328
1788460661	77000	21055276	21051173	0	27133460	8329328
1788460662	79000	21055276	21051179	0	27133396	8329328
1788460663	78000	21055276	21051172	0	27133544	8329328
1788460664	82000	21055276	21051173	0	27133796	8329328
1788460665	83000	21055276	21051178	0	27132784	8329328
1788460666	76000	21055276	21051173	0	27132768	8329328
1788460668	76000	21055276	21051172	0	27132400	8329328
1788460669	76000	21055276	21051171	0	27133704	8329328
1788460670	78000	21055276	21051172	0	27133956	8329328
1788460671	80000	21055276	21051168	0	27133732	8329328
1788460672	80000	21055276	21051178	0	27133480	8329328
1788460673	79000	21055276	21051170	0	27133228	8329328
1788460674	83000	21055276	21051172	0	27132484	8329328
1788460675	83000	21055276	21051168	0	27132848	8329328
1788460677	81000	21055276	21051177	0	27134192	8329328
1788460678	83000	21055276	21051174	0	27133932	8329328
1788460679	86000	21055276	21051178	0	27133976	8329328
1788460680	87000	21055276	21051183	0	27134564	8329328
1788460681	87000	21055276	21051178	0	27134052	8329328
1788460682	86000	21055276	21051176	0	27134280	8329328
1788460683	82000	21055276	21051182	0	27134280	8329328
1788460685	83000	21055276	21051181	0	27135540	8329328
1788460686	85000	21055276	21051182	0	27135916	8329328
1788460687	79000	21055276	21051177	0	27135988	8329328
1788460688	82000	21055276	21051178	0	27136604	8329328
1788460689	80000	21055276	21051181	0	27136840	8329352
1788460690	83000	21055276	21051184	0	27136808	8329352
1788460691	83000	21055276	21051181	0	27137808	8329352
1788460692	86000	21055276	21051181	0	27138028	8329352
1788460694	85000	21055276	21051177	0	27138536	8329352
1788460695	76000	21055276	21051176	0	27138300	8329384
1788460696	76000	21055276	21051177	0	27138656	8329384
1788460697	77000	21055276	21051188	0	27137808	8329384
1788460698	79000	21055276	21051185	0	27137324	8329384
1788460699	86000	21055276	21051181	0	27137108	8329384
1788460700	85000	21055276	21051181	0	27137396	8329384
1788460702	87000	21055276	21051187	0	27138400	8329384
1788460703	80000	21055276	21051182	0	27138536	8329384
1788460704	87000	21055276	21051188	0	27138820	8329384
1788460705	80000	21055276	21051188	0	27139480	8329384
1788460706	82000	21055276	21051181	0	27139708	8329384
1788460707	80000	21055276	21051187	0	27139392	8329384
1788460708	80000	21055276	21051178	0	27139444	8329384
1788460710	80000	21055276	21051176	0	27139204	8329384
1788460711	79000	21055276	21051181	0	27139588	8329384
1788460712	79000	21055276	21051180	0	27139864	8329384
1788460713	79000	21055276	21051184	0	27139440	8329384
1788460714	78000	21055276	21051181	0	27139812	8329384
1788460715	79000	21055276	21051182	0	27139728	8329384
1788460716	80000	21055276	21051188	0	27139840	8329384
1788460717	80000	21055276	21051181	0	27139420	8329384
1788460719	80000	21055276	21051180	0	27144632	8329384
1788460720	77000	21055276	21051187	0	27144572	8329384
1788460721	79000	21055276	21051181	0	27144548	8329384
1788460722	80000	21055276	21051186	0	27144712	8329384
1788460723	80000	21055276	21051181	0	27144964	8329384
1788460724	82000	21055276	21051176	0	27146072	8329384
1788460725	82000	21055276	21051186	0	27145616	8329384
1788460726	79000	21055276	21051188	0	27145364	8329384
1788460728	80000	21055276	21051181	0	27145976	8329384
1788460729	82000	21055276	21051180	0	27146388	8329384
1788460730	79000	21055276	21051181	0	27146984	8329384
1788460731	80000	21055276	21051181	0	27147092	8329384
1788460732	80000	21055276	21051181	0	27146852	8329384
1788460733	82000	21055276	21051177	0	27146852	8329384
1788460734	82000	21055276	21051186	0	27147392	8329384
1788460736	83000	21055276	21051181	0	27145908	8329384
1788460737	78000	21055276	21051186	0	27145880	8329384
1788460738	80000	21055276	21051186	0	27146132	8329384
1788460739	80000	21055276	21051187	0	27146384	8329384
1788460740	82000	21055276	21051180	0	27146748	8329384
1788460741	80000	21055276	21051181	0	27146604	8329384
1788460742	80000	21055276	21051181	0	27146492	8329384
1788460743	79000	21055276	21051178	0	27146788	8329384
1788460745	80000	21055276	21051184	0	27146660	8329384
1788460746	79000	21055276	21051184	0	27146056	8329384
1788460747	82000	21055276	21051188	0	27145772	8329384
1788460748	82000	21055276	21051181	0	27146120	8329384
1788460749	79000	21055276	21051177	0	27146128	8329384
1788460750	82000	21055276	21051181	0	27145492	8329384
1788460751	83000	21055276	21051177	0	27145852	8329384
1788460752	79000	21055276	21051178	0	27145888	8329384
1788460754	82000	21055276	21051180	0	27144880	8329388
1788460755	78000	21055276	21051180	0	27144880	8329388
1788460756	78000	21055276	21051181	0	27143872	8329388
1788460757	92000	21055276	21051187	0	27143620	8329388
1788460758	83000	21055276	21051177	0	27144252	8329388
1788460759	82000	21055276	21051177	0	27143712	8329388
1788460760	79000	21055276	21051184	0	27143972	8329388
1788460762	83000	21055276	21051185	0	27144000	8329388
1788460763	83000	21055276	21051181	0	27144016	8329388
1788460764	79000	21055276	21051188	0	27144164	8329388
1788460765	79000	21055276	21051176	0	27144796	8329388
1788460766	79000	21055276	21051181	0	27144172	8329388
1788460767	79000	21055276	21051177	0	27145036	8329388
1788460768	80000	21055276	21051180	0	27144292	8329388
1788460769	79000	21055276	21051180	0	27143916	8329388
1788460771	79000	21055276	21051180	0	27144136	8329388
1788460772	80000	21055276	21051180	0	27144024	8329388
1788460773	79000	21055276	21051184	0	27144148	8329388
1788460774	78000	21055276	21051180	0	27144032	8329388
1788460775	80000	21055276	21051182	0	27144556	8329388
1788460776	79000	21055276	21051178	0	27144440	8329388
1788460777	79000	21055276	21051181	0	27145028	8329388
1788460779	78000	21055276	21051185	0	27145532	8329388
1788460780	83000	21055276	21051181	0	27145148	8329388
1788460781	82000	21055276	21051188	0	27145012	8329388
1788460782	79000	21055276	21051181	0	27144848	8329388
1788460783	82000	21055276	21051188	0	27145268	8329388
1788460784	82000	21055276	21051187	0	27144876	8329388
1788460785	79000	21055276	21051184	0	27144612	8329388
1788460786	83000	21055276	21051181	0	27144408	8329388
1788460788	82000	21055276	21051185	0	27144492	8329388
1788460789	79000	21055276	21051185	0	27145108	8329388
1788460790	79000	21055276	21051181	0	27144748	8329388
1788460791	83000	21055276	21051187	0	27144932	8329388
1788460792	83000	21055276	21051181	0	27144592	8329388
1788460793	85000	21055276	21051181	0	27144232	8329388
1788460794	82000	21055276	21051178	0	27143596	8329388
1788460795	83000	21055276	21051176	0	27143132	8329388
1788460797	76000	21055276	21051177	0	27143452	8329388
1788460798	77000	21055276	21051182	0	27143072	8329388
1788460799	76000	21055276	21051181	0	27143104	8329388
1788460800	77000	21055276	21051181	0	27142964	8329388
1788460801	90000	21055276	21051180	0	27142412	8329388
1788460802	90000	21055276	21051177	0	27142540	8329388
1788460803	91000	21055276	21051176	0	27142792	8329388
1788460805	86000	21055276	21051177	0	27143028	8329388
1788460806	86000	21055276	21051180	0	27143212	8329388
1788460807	86000	21055276	21051181	0	27143372	8329388
1788460808	82000	21055276	21051186	0	27143400	8329388
1788460809	83000	21055276	21051181	0	27143560	8329388
1788460810	85000	21055276	21051181	0	27143248	8329388
1788460811	83000	21055276	21051177	0	27143844	8329388
1788460812	83000	21055276	21051178	0	27144284	8329388
1788460814	83000	21055276	21051177	0	27144392	8329388
1788460815	81000	21055276	21051180	0	27144168	8329388
1788460816	85000	21055276	21051177	0	27144104	8329388
1788460817	80000	21055276	21051188	0	27144264	8329388
1788460818	80000	21055276	21051176	0	27145212	8329388
1788460819	79000	21055276	21051180	0	27144940	8329388
1788460820	80000	21055276	21051180	0	27144376	8329388
1788460822	80000	21055276	21051187	0	27144124	8329388
1788460823	79000	21055276	21051187	0	27143620	8329388
1788460824	80000	21055276	21051184	0	27142736	8329388
1788460825	82000	21055276	21051187	0	27143464	8329388
1788460826	81000	21055276	21051186	0	27144084	8329388
1788460827	82000	21055276	21051181	0	27144280	8329388
1788460828	86000	21055276	21051184	0	27143740	8329388
1788460829	86000	21055276	21051178	0	27143404	8329388
1788460831	90000	21055276	21051181	0	27143516	8329388
1788460832	90000	21055276	21051180	0	27143388	8329388
1788460833	80000	21055276	21051176	0	27143232	8329388
1788460834	76000	21055276	21051181	0	27144004	8329388
1788460835	83000	21055276	21051178	0	27144184	8329388
1788460836	82000	21055276	21051180	0	27143820	8329388
1788460837	86000	21055276	21051181	0	27143660	8329388
1788460839	86000	21055276	21051188	0	27143340	8329388
1788460840	87000	21055276	21051182	0	27143592	8329388
1788460841	77000	21055276	21051177	0	27143912	8329388
1788460842	75000	21055276	21051186	0	27144188	8329388
1788460843	77000	21055276	21051181	0	27144336	8329388
1788460844	77000	21055276	21051181	0	27144964	8329388
1788460845	76000	21055276	21051187	0	27143680	8329388
1788460846	79000	21055276	21051181	0	27144300	8329388
1788460848	80000	21055276	21051180	0	27144288	8329388
1788460849	79000	21055276	21051178	0	27144112	8329388
1788460850	76000	21055276	21051185	0	27144300	8329388
1788460851	77000	21055276	21051181	0	27144396	8329388
1788460852	77000	21055276	21051184	0	27144456	8329388
1788460853	76000	21055276	21051176	0	27144916	8329388
1788460854	77000	21055276	21051185	0	27144916	8329388
1788460856	77000	21055276	21051184	0	27144960	8329388
1788460857	78000	21055276	21051185	0	27144848	8329388
1788460858	77000	21055276	21051180	0	27144596	8329388
1788460859	77000	21055276	21051181	0	27145608	8329388
1788460860	87000	21055276	21051184	0	27145576	8329392
1788460861	87000	21055276	21051178	0	27145400	8329392
1788460862	83000	21055276	21051177	0	27145336	8329392
1788460863	86000	21055276	21051182	0	27145224	8329392
1788460865	86000	21055276	21051186	0	27144756	8329392
1788460866	86000	21055276	21051180	0	27144828	8329392
1788460867	86000	21055276	21051181	0	27144828	8329392
1788460868	81000	21055276	21051181	0	27144832	8329392
1788460869	80000	21055276	21051180	0	27144720	8329392
1788460870	86000	21055276	21051180	0	27145056	8329392
1788460871	87000	21055276	21051181	0	27145076	8329392
1788460873	86000	21055276	21051185	0	27145572	8329392
1788460874	82000	21055276	21051177	0	27145756	8329392
1788460875	83000	21055276	21051187	0	27145908	8329392
1788460876	79000	21055276	21051180	0	27145940	8329392
1788460877	83000	21055276	21051177	0	27146324	8329392
1788460878	80000	21055276	21051180	0	27145988	8329392
1788460879	80000	21055276	21051181	0	27145008	8329392
1788460880	83000	21055276	21051188	0	27145068	8329392
1788460882	80000	21055276	21051180	0	27145468	8329392
1788460883	79000	21055276	21051184	0	27145444	8329392
1788460884	79000	21055276	21051181	0	27145300	8329392
1788460885	79000	21055276	21051176	0	27145544	8329392
1788460886	80000	21055276	21051180	0	27145820	8329392
1788460887	79000	21055276	21051181	0	27145608	8329392
1788460888	80000	21055276	21051188	0	27146060	8329392
1788460890	79000	21055276	21051181	0	27145488	8329392
1788460891	79000	21055276	21051177	0	27145992	8329392
1788460892	82000	21055276	21051181	0	27146128	8329392
1788460893	82000	21055276	21051181	0	27145148	8329392
1788460894	80000	21055276	21051187	0	27145736	8329392
1788460895	80000	21055276	21051181	0	27145372	8329392
1788460896	83000	21055276	21051188	0	27145800	8329392
1788460897	80000	21055276	21051176	0	27145940	8329392
1788460899	83000	21055276	21051176	0	27145932	8329392
1788460900	83000	21055276	21051181	0	27145612	8329392
1788460901	90000	21055276	21051181	0	27145724	8329392
1788460902	90000	21055276	21051182	0	27145720	8329392
1788460903	90000	21055276	21051181	0	27145712	8329392
1788460904	91000	21055276	21051182	0	27145284	8329392
1788460905	92000	21055276	21051177	0	27145492	8329392
1788460907	90000	21055276	21051178	0	27145832	8329392
1788460908	90000	21055276	21051176	0	27145808	8329392
1788460909	90000	21055276	21051182	0	27145240	8329392
1788460910	90000	21055276	21051178	0	27145000	8329392
1788460911	90000	21055276	21051181	0	27145096	8329392
1788460912	89000	21055276	21051177	0	27145412	8329392
1788460913	90000	21055276	21051181	0	27145160	8329392
1788460914	90000	21055276	21051182	0	27145412	8329392
1788460916	90000	21055276	21051184	0	27145440	8329392
1788460917	90000	21055276	21051177	0	27145368	8329392
1788460918	91000	21055276	21051178	0	27145436	8329392
1788460919	90000	21055276	21051180	0	27144540	8329392
1788460920	90000	21055276	21051176	0	27144700	8329392
1788460921	91000	21055276	21051177	0	27144700	8329392
1788460922	88000	21055276	21051185	0	27145492	8329392
1788460924	90000	21055276	21051178	0	27146384	8329392
1788460925	90000	21055276	21051172	0	27146264	8329392
1788460926	89000	21055276	21051178	0	27145844	8329392
1788460927	90000	21055276	21051181	0	27145536	8329392
1788460928	90000	21055276	21051176	0	27144776	8329392
1788460929	88000	21055276	21051188	0	27144780	8329392
1788460930	90000	21055276	21051183	0	27145072	8329392
1788460931	90000	21055276	21051183	0	27145128	8329392
1788460933	91000	21055276	21051175	0	27145000	8329392
1788460934	90000	21055276	21051175	0	27144760	8329392
1788460935	91000	21055276	21051172	0	27143856	8329392
1788460936	90000	21055276	21051172	0	27143672	8329392
1788460937	90000	21055276	21051175	0	27144288	8329392
1788460938	90000	21055276	21051172	0	27144580	8329392
1788460939	90000	21055276	21051175	0	27144384	8329392
1788460940	90000	21055276	21051176	0	27144132	8329392
1788460942	88000	21055276	21051180	0	27145824	8329392
1788460943	91000	21055276	21051182	0	27146196	8329392
1788460944	90000	21055276	21051182	0	27146516	8329392
1788460945	90000	21055276	21051177	0	27146848	8329392
1788460946	90000	21055276	21051176	0	27146672	8329392
1788460947	90000	21055276	21051177	0	27146748	8329392
1788460948	90000	21055276	21051176	0	27146456	8329392
1788460950	89000	21055276	21051180	0	27146516	8329392
1788460951	91000	21055276	21051182	0	27146276	8329392
1788460952	90000	21055276	21051176	0	27145728	8329392
1788460953	91000	21055276	21051180	0	27145988	8329392
1788460954	83000	21055276	21051175	0	27146176	8329392
1788460955	82000	21055276	21051176	0	27145040	8329392
1788460956	82000	21055276	21051171	0	27145004	8329392
1788460957	79000	21055276	21051176	0	27145392	8329392
1788460959	80000	21055276	21051175	0	27145140	8329392
1788460960	79000	21055276	21051172	0	27145392	8329392
1788460961	82000	21055276	21051172	0	27145420	8329392
1788460962	82000	21055276	21051176	0	27145820	8329392
1788460963	80000	21055276	21051175	0	27145156	8329392
1788460964	80000	21055276	21051171	0	27145388	8329392
1788460965	80000	21055276	21051175	0	27145856	8329392
1788460967	80000	21055276	21051172	0	27145524	8329392
1788460968	83000	21055276	21051177	0	27144972	8329392
1788460969	83000	21055276	21051182	0	27145020	8329392
1788460970	79000	21055276	21051172	0	27144704	8329392
1788460971	82000	21055276	21051175	0	27144340	8329392
1788460972	83000	21055276	21051175	0	27144836	8329392
1788460973	79000	21055276	21051175	0	27144692	8329392
1788460974	79000	21055276	21051172	0	27144372	8329392
1788460976	78000	21055276	21051175	0	27144120	8329392
1788460977	77000	21055276	21051175	0	27144356	8329392
1788460978	83000	21055276	21051178	0	27144708	8329392
1788460979	79000	21055276	21051178	0	27144348	8329392
1788460980	80000	21055276	21051177	0	27144100	8329396
1788460981	82000	21055276	21051184	0	27143848	8329396
1788460982	82000	21055276	21051169	0	27143032	8329396
1788460984	78000	21055276	21051178	0	27143164	8329396
1788460985	82000	21055276	21051169	0	27143304	8329396
1788460986	80000	21055276	21051169	0	27143164	8329396
1788460987	80000	21055276	21051177	0	27143848	8329396
1788460988	83000	21055276	21051180	0	27143604	8329396
1788460989	80000	21055276	21051178	0	27143604	8329396
1788460990	76000	21055276	21051170	0	27143684	8329396
1788460991	82000	21055276	21051173	0	27144776	8329396
1788460993	75000	21055276	21051169	0	27144812	8329396
1788460994	76000	21055276	21051177	0	27144772	8329396
1788460995	79000	21055276	21051177	0	27144520	8329396
1788460996	80000	21055276	21051181	0	27144600	8329396
1788460997	79000	21055276	21051169	0	27144168	8329396
1788460998	79000	21055276	21051169	0	27144188	8329396
1788460999	80000	21055276	21051172	0	27143936	8329396
1788461001	82000	21055276	21051169	0	27143500	8329396
1788461002	83000	21055276	21051178	0	27143500	8329396
1788461003	80000	21055276	21051174	0	27143324	8329396
1788461004	79000	21055276	21051181	0	27143512	8329396
1788461005	82000	21055276	21051169	0	27143764	8329396
1788461006	83000	21055276	21051173	0	27144352	8329396
1788461007	78000	21055276	21051169	0	27144528	8329396
1788461008	83000	21055276	21051172	0	27144612	8329396
1788461010	80000	21055276	21051172	0	27144344	8329396
1788461011	79000	21055276	21051181	0	27144596	8329396
1788461012	77000	21055276	21051172	0	27144420	8329396
1788461013	79000	21055276	21051178	0	27144720	8329396
1788461014	80000	21055276	21051177	0	27144544	8329396
1788461015	80000	21055276	21051173	0	27144440	8329396
1788461016	79000	21055276	21051174	0	27144916	8329396
1788461018	79000	21055276	21051178	0	27145108	8329396
1788461019	79000	21055276	21051181	0	27144484	8329396
1788461020	79000	21055276	21051178	0	27144240	8329396
1788461021	79000	21055276	21051172	0	27143980	8329396
1788461022	78000	21055276	21051177	0	27143980	8329396
1788461023	79000	21055276	21051170	0	27145144	8329396
1788461024	80000	21055276	21051173	0	27144244	8329396
1788461025	77000	21055276	21051178	0	27144980	8329396
1788461027	91000	21055276	21051169	0	27144656	8329396
1788461028	91000	21055276	21051171	0	27144172	8329396
1788461029	89000	21055276	21051170	0	27143316	8329396
1788461030	91000	21055276	21051171	0	27144388	8329396
1788461031	91000	21055276	21051177	0	27143840	8329396
1788461032	91000	21055276	21051174	0	27143692	8329396
1788461033	90000	21055276	21051177	0	27143516	8329396
1788461035	90000	21055276	21051172	0	27143848	8329396
1788461036	90000	21055276	21051181	0	27144476	8329396
1788461037	90000	21055276	21051174	0	27144716	8329396
1788461038	90000	21055276	21051170	0	27144648	8329396
1788461039	90000	21055276	21051169	0	27144144	8329396
1788461040	90000	21055276	21051173	0	27143640	8329396
1788461041	90000	21055276	21051181	0	27143512	8329396
1788461042	90000	21055276	21051172	0	27143800	8329396
1788461044	90000	21055276	21051172	0	27144328	8329396
1788461045	88000	21055276	21051173	0	27144188	8329396
1788461046	90000	21055276	21051170	0	27143968	8329396
1788461047	90000	21055276	21051169	0	27143672	8329396
1788461048	90000	21055276	21051170	0	27143460	8329396
1788461049	90000	21055276	21051169	0	27143404	8329396
1788461050	91000	21055276	21051172	0	27143736	8329396
1788461052	90000	21055276	21051172	0	27143624	8329396
1788461053	91000	21055276	21051172	0	27143220	8329396
1788461054	90000	21055276	21051173	0	27144640	8329396
1788461055	90000	21055276	21051169	0	27144772	8329396
1788461056	90000	21055276	21051181	0	27144492	8329396
1788461057	90000	21055276	21051174	0	27144412	8329396
1788461058	90000	21055276	21051171	0	27144048	8329396
1788461059	86000	21055276	21051177	0	27144176	8329396
1788461061	91000	21055276	21051174	0	27143968	8329396
1788461062	92000	21055276	21051177	0	27144132	8329396
1788461063	91000	21055276	21051172	0	27143340	8329396
1788461064	89000	21055276	21051174	0	27143736	8329396
1788461065	92000	21055276	21051172	0	27143572	8329396
1788461066	91000	21055276	21051174	0	27144056	8329396
1788461067	89000	21055276	21051170	0	27144056	8329396
1788461069	90000	21055276	21051177	0	27144800	8329396
1788461070	91000	21055276	21051195	0	27139180	8329416
1788461071	91000	21055276	21051186	0	27138888	8329416
1788461072	88000	21055276	21051183	0	27139376	8329424
1788461073	90000	21055276	21051187	0	27139220	8329424
1788461074	91000	21055276	21051185	0	27134756	8329424
1788461075	90000	21055276	21051195	0	27136284	8329424
1788461076	92000	21055276	21051187	0	27139820	8329444
1788461078	79000	21055276	21051187	0	27140192	8329444
1788461079	76000	21055276	21051187	0	27140632	8329444
1788461080	81000	21055276	21051192	0	27140112	8329444
1788461081	91000	21055276	21051184	0	27140980	8329444
1788461082	90000	21055276	21051186	0	27140792	8329444
1788461083	91000	21055276	21051193	0	27140856	8329444
1788461084	86000	21055276	21051185	0	27141464	8329448
1788461085	85000	21055276	21051187	0	27141412	8329448
1788461087	92000	21055276	21051192	0	27141556	8329448
1788461088	88000	21055276	21051184	0	27141672	8329448
1788461089	91000	21055276	21051191	0	27141412	8329448
1788461090	91000	21055276	21051186	0	27141160	8329448
1788461091	92000	21055276	21051189	0	27140908	8329448
1788461092	88000	21055276	21051196	0	27140908	8329448
1788461093	91000	21055276	21051187	0	27143232	8329448
1788461095	90000	21055276	21051191	0	27142964	8329448
1788461096	77000	21055276	21051172	0	27141864	8329448
1788461097	77000	21055276	21051169	0	27141792	8329448
1788461098	76000	21055276	21051179	0	27142424	8329448
1788461099	77000	21055276	21051170	0	27142928	8329448
1788461100	89000	21055276	21051173	0	27142424	8329448
1788461101	90000	21055276	21051169	0	27142424	8329448
1788461102	90000	21055276	21051169	0	27142676	8329448
1788461104	90000	21055276	21051177	0	27142324	8329448
1788461105	90000	21055276	21051170	0	27141944	8329448
1788461106	83000	21055276	21051173	0	27141692	8329448
1788461107	80000	21055276	21051178	0	27141656	8329448
1788461108	89000	21055276	21051170	0	27142132	8329448
1788461109	91000	21055276	21051170	0	27141880	8329448
1788461110	91000	21055276	21051179	0	27141880	8329448
1788461112	91000	21055276	21051168	0	27141640	8329448
1788461113	88000	21055276	21051172	0	27141388	8329448
1788461114	92000	21055276	21051171	0	27141388	8329448
1788461115	89000	21055276	21051170	0	27141136	8329448
1788461116	90000	21055276	21051171	0	27141164	8329448
1788461117	91000	21055276	21051170	0	27141212	8329448
1788461118	79000	21055276	21051172	0	27141212	8329448
1788461119	76000	21055276	21051178	0	27141356	8329448
1788461121	79000	21055276	21051177	0	27141620	8329448
1788461122	77000	21055276	21051178	0	27142136	8329448
1788461123	76000	21055276	21051170	0	27142720	8329448
1788461124	79000	21055276	21051179	0	27142860	8329448
1788461125	77000	21055276	21051169	0	27143092	8329448
1788461126	76000	21055276	21051173	0	27142952	8329448
1788461127	79000	21055276	21051178	0	27142916	8329448
1788461129	76000	21055276	21051177	0	27143104	8329448
1788461130	85000	21055276	21051172	0	27143468	8329448
1788461131	90000	21055276	21051175	0	27144748	8329448
1788461132	90000	21055276	21051176	0	27144508	8329448
1788461133	90000	21055276	21051169	0	27145120	8329448
1788461134	90000	21055276	21051167	0	27145876	8329448
1788461135	91000	21055276	21051171	0	27146344	8329448
1788461136	91000	21055276	21051173	0	27145728	8329448
1788461138	76000	21055276	21051176	0	27145084	8329448
1788461139	80000	21055276	21051168	0	27144468	8329448
1788461140	88000	21055276	21051170	0	27144832	8329448
1788461141	92000	21055276	21051178	0	27144580	8329448
1788461142	79000	21055276	21051173	0	27145040	8329448
1788461143	74000	21055276	21051171	0	27145564	8329448
1788461144	76000	21055276	21051171	0	27145120	8329448
1788461146	77000	21055276	21051170	0	27147484	8329448
1788461147	77000	21055276	21051170	0	27147464	8329448
1788461148	76000	21055276	21051178	0	27147388	8329448
1788461149	76000	21055276	21051178	0	27147668	8329448
1788461150	77000	21055276	21051175	0	27147416	8329448
1788461151	77000	21055276	21051172	0	27147916	8329448
1788461152	76000	21055276	21051170	0	27148168	8329448
1788461153	76000	21055276	21051168	0	27147804	8329448
1788461155	76000	21055276	21051171	0	27147916	8329448
1788461156	77000	21055276	21051170	0	27148420	8329448
1788461157	76000	21055276	21051169	0	27149056	8329448
1788461158	76000	21055276	21051172	0	27148772	8329448
1788461159	78000	21055276	21051168	0	27149092	8329448
1788461160	79000	21055276	21051169	0	27149092	8329448
1788461161	77000	21055276	21051175	0	27149484	8329448
1788461163	79000	21055276	21051175	0	27149468	8329448
1788461164	76000	21055276	21051170	0	27150364	8329448
1788461165	77000	21055276	21051170	0	27149860	8329448
1788461166	77000	21055276	21051179	0	27149720	8329448
1788461167	77000	21055276	21051171	0	27149344	8329448
1788461168	77000	21055276	21051170	0	27149012	8329448
1788461169	76000	21055276	21051178	0	27149404	8329448
1788461170	79000	21055276	21051178	0	27148696	8329448
1788461172	79000	21055276	21051178	0	27148372	8329448
1788461173	77000	21055276	21051172	0	27148356	8329448
1788461174	77000	21055276	21051155	0	27147112	8329448
1788461175	79000	21055276	21051159	0	27147096	8329448
1788461176	78000	21055276	21051157	0	27146780	8329448
1788461177	78000	21055276	21051163	0	27146860	8329448
1788461178	78000	21055276	21051159	0	27147516	8329448
1788461179	79000	21055276	21051163	0	27147196	8329448
1788461181	77000	21055276	21051155	0	27146836	8329448
1788461182	79000	21055276	21051159	0	27146336	8329448
1788461183	80000	21055276	21051155	0	27145784	8329448
1788461184	77000	21055276	21051169	0	27146256	8329448
1788461185	79000	21055276	21051168	0	27146468	8329448
1788461186	80000	21055276	21051173	0	27146072	8329448
1788461187	79000	21055276	21051170	0	27146296	8329448
1788461189	77000	21055276	21051175	0	27146512	8329448
1788461190	80000	21055276	21051171	0	27146800	8329448
1788461191	77000	21055276	21051168	0	27146296	8329448
1788461192	79000	21055276	21051176	0	27146140	8329448
1788461193	80000	21055276	21051179	0	27146392	8329448
1788461194	76000	21055276	21051179	0	27146096	8329448
1788461195	76000	21055276	21051168	0	27146096	8329448
1788461196	76000	21055276	21051170	0	27145592	8329448
1788461198	87000	21055276	21051179	0	27145532	8329448
1788461199	87000	21055276	21051172	0	27145584	8329448
1788461200	77000	21055276	21051179	0	27145964	8329448
1788461201	79000	21055276	21051172	0	27145884	8329448
1788461202	77000	21055276	21051176	0	27145496	8329448
1788461203	79000	21055276	21051187	0	27144768	8329448
1788461204	76000	21055276	21051178	0	27145340	8329448
1788461206	77000	21055276	21051175	0	27145176	8329448
1788461207	78000	21055276	21051176	0	27144608	8329448
1788461208	78000	21055276	21051178	0	27143964	8329448
1788461209	76000	21055276	21051178	0	27143616	8329448
1788461210	79000	21055276	21051178	0	27143764	8329448
1788461211	77000	21055276	21051179	0	27143764	8329448
1788461212	76000	21055276	21051179	0	27144128	8329448
1788461213	76000	21055276	21051180	0	27144780	8329448
1788461215	76000	21055276	21051185	0	27145432	8329448
1788461216	76000	21055276	21051184	0	27145432	8329448
1788461217	76000	21055276	21051187	0	27144464	8329448
1788461218	80000	21055276	21051175	0	27144336	8329448
1788461219	90000	21055276	21051175	0	27143968	8329448
1788461220	83000	21055276	21051186	0	27143736	8329448
1788461221	79000	21055276	21051175	0	27143792	8329448
1788461223	79000	21055276	21051176	0	27143704	8329448
1788461224	79000	21055276	21051179	0	27143556	8329448
1788461225	82000	21055276	21051182	0	27145404	8329448
1788461226	82000	21055276	21051178	0	27144752	8329448
1788461227	79000	21055276	21051179	0	27144512	8329448
1788461228	91000	21055276	21051184	0	27145380	8329448
1788461229	91000	21055276	21051177	0	27145328	8329448
1788461230	88000	21055276	21051176	0	27145852	8329448
1788461232	90000	21055276	21051179	0	27145424	8329448
1788461233	90000	21055276	21051176	0	27145260	8329448
1788461234	91000	21055276	21051177	0	27144244	8329448
1788461235	90000	21055276	21051176	0	27144428	8329448
1788461236	79000	21055276	21051179	0	27144032	8329448
1788461237	77000	21055276	21051171	0	27143640	8329448
1788461238	75000	21055276	21051177	0	27143744	8329448
1788461239	77000	21055276	21051176	0	27143744	8329448
1788461241	79000	21055276	21051179	0	27144288	8329448
1788461242	79000	21055276	21051176	0	27144360	8329448
1788461243	79000	21055276	21051168	0	27144364	8329448
1788461244	79000	21055276	21051172	0	27144476	8329448
1788461245	80000	21055276	21051177	0	27144616	8329448
1788461246	83000	21055276	21051172	0	27145332	8329448
1788461247	82000	21055276	21051176	0	27145608	8329448
1788461249	80000	21055276	21051171	0	27145936	8329448
1788461250	83000	21055276	21051173	0	27146048	8329448
1788461251	79000	21055276	21051179	0	27145388	8329448
1788461252	83000	21055276	21051172	0	27146060	8329448
1788461253	82000	21055276	21051169	0	27145820	8329448
1788461254	79000	21055276	21051171	0	27145444	8329448
1788461255	79000	21055276	21051171	0	27145216	8329448
1788461256	79000	21055276	21051169	0	27144724	8329448
1788461258	80000	21055276	21051169	0	27144604	8329448
1788461259	79000	21055276	21051177	0	27144704	8329448
1788461260	79000	21055276	21051171	0	27144704	8329448
1788461261	80000	21055276	21051172	0	27145612	8329448
1788461262	79000	21055276	21051172	0	27145472	8329448
1788461263	80000	21055276	21051179	0	27145252	8329448
1788461264	79000	21055276	21051179	0	27145616	8329448
1788461266	78000	21055276	21051179	0	27145632	8329448
1788461267	79000	21055276	21051171	0	27145128	8329448
1788461268	80000	21055276	21051172	0	27144988	8329448
1788461269	79000	21055276	21051176	0	27145856	8329448
1788461270	80000	21055276	21051170	0	27145856	8329448
1788461271	80000	21055276	21051168	0	27146064	8329448
1788461272	79000	21055276	21051172	0	27145212	8329448
1788461273	78000	21055276	21051172	0	27145028	8329448
1788461275	80000	21055276	21051172	0	27145072	8329448
1788461276	80000	21055276	21051168	0	27145488	8329448
1788461277	79000	21055276	21051170	0	27145360	8329448
1788461278	89000	21055276	21051176	0	27144332	8329448
1788461279	90000	21055276	21051167	0	27143624	8329448
1788461280	90000	21055276	21051157	0	27142844	8329448
1788461281	90000	21055276	21051159	0	27142564	8329448
1788461283	91000	21055276	21051159	0	27143004	8329448
1788461284	90000	21055276	21051167	0	27143160	8329448
1788461285	89000	21055276	21051167	0	27142844	8329448
1788461286	90000	21055276	21051167	0	27143188	8329448
1788461287	88000	21055276	21051158	0	27143328	8329448
1788461288	91000	21055276	21051165	0	27143332	8329448
1788461289	86000	21055276	21051165	0	27143072	8329448
1788461290	90000	21055276	21051158	0	27142316	8329448
1788461292	91000	21055276	21051159	0	27142280	8329448
1788461293	85000	21055276	21051157	0	27142516	8329448
1788461294	92000	21055276	21051161	0	27142680	8329448
1788461295	92000	21055276	21051168	0	27143044	8329448
1788461296	86000	21055276	21051168	0	27143724	8329448
1788461297	89000	21055276	21051157	0	27143708	8329448
1788461298	79000	21055276	21051166	0	27143576	8329448
1788461300	79000	21055276	21051167	0	27143324	8329448
1788461301	77000	21055276	21051159	0	27143700	8329448
1788461302	79000	21055276	21051159	0	27143952	8329448
1788461303	78000	21055276	21051157	0	27143828	8329448
1788461304	80000	21055276	21051165	0	27144180	8329448
1788461305	79000	21055276	21051165	0	27143928	8329448
1788461306	79000	21055276	21051165	0	27143452	8329448
1788461307	75000	21055276	21051161	0	27143952	8329448
1788461309	76000	21055276	21051161	0	27143716	8329448
1788461310	80000	21055276	21051161	0	27143952	8329448
1788461311	78000	21055276	21051165	0	27144668	8329448
1788461312	79000	21055276	21051165	0	27144260	8329448
1788461313	76000	21055276	21051167	0	27145088	8329448
1788461314	80000	21055276	21051161	0	27144660	8329448
1788461315	75000	21055276	21051166	0	27144460	8329448
1788461316	76000	21055276	21051159	0	27145340	8329448
1788461318	78000	21055276	21051159	0	27144848	8329448
1788461319	86000	21055276	21051157	0	27144596	8329448
1788461320	85000	21055276	21051167	0	27144096	8329448
1788461321	79000	21055276	21051159	0	27144236	8329448
1788461322	79000	21055276	21051168	0	27143192	8329448
1788461323	77000	21055276	21051161	0	27143432	8329448
1788461324	77000	21055276	21051166	0	27143936	8329448
1788461326	76000	21055276	21051161	0	27143556	8329448
1788461327	79000	21055276	21051159	0	27143744	8329448
1788461328	79000	21055276	21051157	0	27144028	8329448
1788461329	90000	21055276	21051161	0	27143696	8329448
1788461330	90000	21055276	21051165	0	27143652	8329448
1788461331	90000	21055276	21051162	0	27143500	8329448
1788461332	90000	21055276	21051162	0	27143752	8329448
1788461333	90000	21055276	21051159	0	27143024	8329448
1788461335	89000	21055276	21051165	0	27143284	8329448
1788461336	90000	21055276	21051159	0	27143284	8329448
1788461337	83000	21055276	21051166	0	27143036	8329448
1788461338	80000	21055276	21051182	0	27143952	8329448
1788461339	80000	21055276	21051176	0	27141628	8329492
1788461340	80000	21055276	21051175	0	27143304	8329492
1788461341	82000	21055276	21051174	0	27143268	8329492
1788461343	79000	21055276	21051176	0	27142308	8329492
1788461344	80000	21055276	21051176	0	27143148	8329492
1788461345	83000	21055276	21051176	0	27142972	8329492
1788461346	80000	21055276	21051175	0	27141900	8329492
1788461347	82000	21055276	21051185	0	27141648	8329492
1788461348	86000	21055276	21051181	0	27141396	8329492
1788461349	85000	21055276	21051174	0	27141896	8329492
1788461350	85000	21055276	21051178	0	27143396	8329492
1788461352	82000	21055276	21051175	0	27145328	8329492
1788461353	88000	21055276	21051175	0	27145328	8329492
1788461354	85000	21055276	21051178	0	27144824	8329492
1788461355	85000	21055276	21051176	0	27144840	8329492
1788461356	79000	21055276	21051181	0	27144588	8329492
1788461357	80000	21055276	21051182	0	27144336	8329492
1788461358	80000	21055276	21051176	0	27144336	8329492
1788461360	83000	21055276	21051174	0	27143004	8329492
1788461361	79000	21055276	21051181	0	27142660	8329496
1788461362	79000	21055276	21051166	0	27143412	8329496
1788461363	80000	21055276	21051167	0	27143276	8329496
1788461364	80000	21055276	21051167	0	27142016	8329496
1788461365	79000	21055276	21051167	0	27142520	8329496
1788461366	83000	21055276	21051164	0	27142016	8329496
1788461367	86000	21055276	21051172	0	27141764	8329496
1788461369	83000	21055276	21051167	0	27141260	8329496
1788461370	78000	21055276	21051165	0	27140756	8329496
1788461371	83000	21055276	21051165	0	27140504	8329496
1788461372	76000	21055276	21051165	0	27141472	8329496
1788461373	87000	21055276	21051167	0	27141484	8329496
1788461374	87000	21055276	21051174	0	27141480	8329496
1788461375	87000	21055276	21051166	0	27141372	8329496
1788461377	83000	21055276	21051167	0	27141624	8329496
1788461378	83000	21055276	21051165	0	27141120	8329496
1788461379	83000	21055276	21051172	0	27141232	8329496
1788461380	85000	21055276	21051164	0	27141624	8329496
1788461381	85000	21055276	21051166	0	27141372	8329496
1788461382	83000	21055276	21051172	0	27141372	8329496
1788461383	83000	21055276	21051165	0	27141120	8329496
1788461384	85000	21055276	21051167	0	27141056	8329496
1788461386	85000	21055276	21051166	0	27140928	8329496
1788461387	82000	21055276	21051167	0	27141900	8329496
1788461388	83000	21055276	21051168	0	27142124	8329496
1788461389	85000	21055276	21051173	0	27141884	8329496
1788461390	87000	21055276	21051167	0	27142168	8329496
1788461391	85000	21055276	21051171	0	27141752	8329496
1788461392	84000	21055276	21051167	0	27140792	8329496
1788461394	86000	21055276	21051166	0	27140160	8329496
1788461395	82000	21055276	21051166	0	27140024	8329496
1788461396	86000	21055276	21051164	0	27140024	8329496
1788461397	86000	21055276	21051174	0	27139772	8329496
1788461398	83000	21055276	21051175	0	27140404	8329496
1788461399	85000	21055276	21051167	0	27139648	8329496
1788461400	85000	21055276	21051172	0	27139440	8329496
1788461401	83000	21055276	21051175	0	27140056	8329496
1788461403	86000	21055276	21051166	0	27140196	8329496
1788461404	83000	21055276	21051164	0	27139328	8329496
1788461405	83000	21055276	21051165	0	27139552	8329496
1788461406	86000	21055276	21051166	0	27140288	8329496
1788461407	86000	21055276	21051167	0	27141132	8329496
1788461408	82000	21055276	21051164	0	27140932	8329496
1788461409	82000	21055276	21051167	0	27140568	8329496
1788461411	83000	21055276	21051165	0	27140504	8329496
1788461412	82000	21055276	21051167	0	27140648	8329496
1788461413	86000	21055276	21051174	0	27140396	8329496
1788461414	87000	21055276	21051167	0	27140900	8329496
1788461415	82000	21055276	21051165	0	27141152	8329496
1788461416	83000	21055276	21051171	0	27141152	8329496
1788461417	82000	21055276	21051165	0	27141144	8329496
1788461418	86000	21055276	21051171	0	27141760	8329496
1788461420	86000	21055276	21051172	0	27141696	8329496
1788461421	86000	21055276	21051167	0	27141288	8329496
1788461422	82000	21055276	21051168	0	27141840	8329496
1788461423	86000	21055276	21051171	0	27140980	8329496
1788461424	83000	21055276	21051168	0	27140732	8329496
1788461425	86000	21055276	21051165	0	27141136	8329496
1788461426	86000	21055276	21051166	0	27140296	8329496
1788461428	83000	21055276	21051174	0	27140104	8329496
1788461429	78000	21055276	21051175	0	27139864	8329496
1788461430	82000	21055276	21051165	0	27140732	8329496
1788461431	86000	21055276	21051175	0	27140444	8329496
1788461432	85000	21055276	21051167	0	27140448	8329496
1788461433	87000	21055276	21051165	0	27140264	8329496
1788461434	85000	21055276	21051164	0	27140412	8329496
1788461435	86000	21055276	21051167	0	27140284	8329496
1788461437	81000	21055276	21051166	0	27140144	8329496
1788461438	87000	21055276	21051175	0	27140068	8329496
1788461439	85000	21055276	21051165	0	27139804	8329496
1788461440	80000	21055276	21051166	0	27140236	8329496
1788461441	83000	21055276	21051175	0	27139984	8329496
1788461442	80000	21055276	21051168	0	27139744	8329496
1788461443	80000	21055276	21051167	0	27139820	8329496
1788461445	79000	21055276	21051166	0	27140072	8329496
1788461446	80000	21055276	21051175	0	27139832	8329496
1788461447	90000	21055276	21051168	0	27139676	8329496
1788461448	90000	21055276	21051174	0	27139668	8329496
1788461449	90000	21055276	21051166	0	27140252	8329496
1788461450	91000	21055276	21051172	0	27140328	8329496
1788461451	92000	21055276	21051167	0	27140300	8329496
1788461452	90000	21055276	21051175	0	27140096	8329496
1788461454	90000	21055276	21051167	0	27140460	8329496
1788461455	91000	21055276	21051168	0	27140428	8329496
1788461456	89000	21055276	21051164	0	27140680	8329496
1788461457	76000	21055276	21051165	0	27140932	8329496
1788461458	77000	21055276	21051172	0	27141128	8329496
1788461459	78000	21055276	21051165	0	27141180	8329496
1788461460	79000	21055276	21051174	0	27140940	8329496
1788461461	80000	21055276	21051174	0	27140724	8329496
1788461463	77000	21055276	21051167	0	27140232	8329496
1788461464	75000	21055276	21051166	0	27140032	8329496
1788461465	77000	21055276	21051165	0	27140564	8329496
1788461466	76000	21055276	21051171	0	27141232	8329496
1788461467	77000	21055276	21051168	0	27140364	8329496
1788461468	79000	21055276	21051164	0	27140520	8329496
1788461469	76000	21055276	21051166	0	27141136	8329496
1788461471	76000	21055276	21051166	0	27140044	8329496
1788461472	76000	21055276	21051168	0	27140144	8329496
1788461473	76000	21055276	21051165	0	27140144	8329496
1788461474	79000	21055276	21051175	0	27140764	8329496
1788461475	77000	21055276	21051165	0	27140652	8329496
1788461476	77000	21055276	21051167	0	27140020	8329496
1788461477	77000	21055276	21051164	0	27140132	8329496
1788461478	76000	21055276	21051171	0	27140404	8329496
1788461480	77000	21055276	21051165	0	27140764	8329496
1788461481	77000	21055276	21051171	0	27141140	8329496
1788461482	79000	21055276	21051167	0	27140040	8329496
1788461483	79000	21055276	21051167	0	27140468	8329496
1788461484	76000	21055276	21051166	0	27141164	8329496
1788461485	79000	21055276	21051166	0	27140704	8329496
1788461486	77000	21055276	21051166	0	27140292	8329496
1788461488	76000	21055276	21051173	0	27140212	8329496
1788461489	85000	21055276	21051166	0	27140264	8329496
1788461490	86000	21055276	21051164	0	27139920	8329496
1788461491	86000	21055276	21051171	0	27139696	8329496
1788461492	77000	21055276	21051165	0	27139892	8329496
1788461493	79000	21055276	21051166	0	27140124	8329496
1788461494	79000	21055276	21051165	0	27140264	8329496
1788461495	80000	21055276	21051174	0	27140012	8329496
1788461497	79000	21055276	21051164	0	27140592	8329496
1788461498	79000	21055276	21051167	0	27140928	8329496
1788461499	79000	21055276	21051168	0	27140928	8329496
1788461500	79000	21055276	21051165	0	27140916	8329496
1788461501	78000	21055276	21051166	0	27140272	8329496
1788461502	79000	21055276	21051166	0	27140956	8329496
1788461503	78000	21055276	21051164	0	27140844	8329496
1788461505	82000	21055276	21051164	0	27140612	8329496
1788461506	86000	21055276	21051164	0	27140324	8329496
1788461507	86000	21055276	21051162	0	27140440	8329496
1788461508	86000	21055276	21051164	0	27139916	8329496
1788461509	86000	21055276	21051162	0	27139916	8329496
1788461510	79000	21055276	21051166	0	27139424	8329496
1788461511	90000	21055276	21051164	0	27139396	8329496
1788461512	90000	21055276	21051171	0	27139508	8329496
1788461514	90000	21055276	21051165	0	27139396	8329496
1788461515	90000	21055276	21051164	0	27139648	8329496
1788461516	86000	21055276	21051165	0	27139864	8329496
1788461517	90000	21055276	21051164	0	27139772	8329496
1788461518	89000	21055276	21051173	0	27139660	8329496
1788461519	92000	21055276	21051164	0	27139408	8329496
1788461520	83000	21055276	21051169	0	27138628	8329496
1788461521	83000	21055276	21051162	0	27139172	8329496
1788461523	79000	21055276	21051166	0	27139008	8329496
1788461524	79000	21055276	21051162	0	27139328	8329496
1788461525	79000	21055276	21051169	0	27139612	8329496
1788461526	79000	21055276	21051165	0	27139360	8329496
1788461527	80000	21055276	21051172	0	27140136	8329496
1788461528	86000	21055276	21051164	0	27140276	8329496
1788461529	86000	21055276	21051166	0	27139156	8329496
1788461531	79000	21055276	21051164	0	27138260	8329496
1788461532	78000	21055276	21051165	0	27138624	8329496
1788461533	80000	21055276	21051171	0	27138256	8329496
1788461534	82000	21055276	21051174	0	27138164	8329496
1788461535	83000	21055276	21051169	0	27137152	8329496
1788461536	77000	21055276	21051169	0	27137492	8329496
1788461537	79000	21055276	21051170	0	27137912	8329496
1788461538	76000	21055276	21051170	0	27137260	8329496
1788461540	79000	21055276	21051174	0	27136656	8329496
1788461541	79000	21055276	21051168	0	27136580	8329496
1788461542	76000	21055276	21051174	0	27136672	8329496
1788461543	86000	21055276	21051176	0	27137200	8329496
1788461544	86000	21055276	21051167	0	27137580	8329496
1788461545	92000	21055276	21051167	0	27137488	8329496
1788461546	91000	21055276	21051174	0	27137996	8329496
1788461548	90000	21055276	21051167	0	27138392	8329496
1788461549	79000	21055276	21051174	0	27137660	8329496
1788461550	80000	21055276	21051169	0	27137568	8329496
1788461551	78000	21055276	21051167	0	27138016	8329496
1788461552	83000	21055276	21051167	0	27138304	8329496
1788461553	80000	21055276	21051169	0	27138336	8329496
1788461554	76000	21055276	21051169	0	27138136	8329496
1788461555	75000	21055276	21051176	0	27138648	8329496
1788461557	90000	21055276	21051167	0	27138500	8329496
1788461558	86000	21055276	21051169	0	27139116	8329496
1788461559	88000	21055276	21051174	0	27138608	8329496
1788461560	90000	21055276	21051168	0	27138808	8329496
1788461561	90000	21055276	21051167	0	27139088	8329496
1788461562	77000	21055276	21051177	0	27138568	8329496
1788461563	76000	21055276	21051169	0	27138940	8329496
1788461565	77000	21055276	21051174	0	27138368	8329496
1788461566	76000	21055276	21051167	0	27138744	8329496
1788461567	76000	21055276	21051167	0	27138156	8329496
1788461568	76000	21055276	21051177	0	27138036	8329496
1788461569	79000	21055276	21051170	0	27137716	8329500
1788461570	77000	21055276	21051167	0	27138048	8329500
1788461571	76000	21055276	21051167	0	27138552	8329500
1788461572	76000	21055276	21051173	0	27138804	8329500
1788461574	79000	21055276	21051169	0	27139192	8329500
1788461575	77000	21055276	21051167	0	27139164	8329500
1788461576	76000	21055276	21051170	0	27139148	8329500
1788461577	79000	21055276	21051166	0	27139980	8329500
1788461578	79000	21055276	21051177	0	27139728	8329500
1788461579	76000	21055276	21051168	0	27139540	8329500
1788461580	90000	21055276	21051177	0	27139120	8329500
1788461582	88000	21055276	21051181	0	27138812	8329500
1788461583	91000	21055276	21051177	0	27138812	8329500
1788461584	90000	21055276	21051182	0	27138896	8329500
1788461585	90000	21055276	21051169	0	27139252	8329500
1788461586	88000	21055276	21051177	0	27139068	8329500
1788461587	90000	21055276	21051171	0	27138752	8329500
1788461588	89000	21055276	21051177	0	27138584	8329500
1788461589	89000	21055276	21051172	0	27138780	8329500
1788461591	90000	21055276	21051173	0	27137868	8329500
1788461592	89000	21055276	21051181	0	27138204	8329500
1788461593	90000	21055276	21051170	0	27138340	8329500
1788461594	86000	21055276	21051172	0	27138876	8329500
1788461595	86000	21055276	21051176	0	27138600	8329500
1788461596	91000	21055276	21051174	0	27139596	8329500
1788461597	90000	21055276	21051177	0	27140108	8329500
1788461599	90000	21055276	21051170	0	27140108	8329500
1788461600	91000	21055276	21051170	0	27140392	8329500
1788461601	86000	21055276	21051177	0	27140528	8329500
1788461602	91000	21055276	21051171	0	27140968	8329500
1788461603	90000	21055276	21051170	0	27140464	8329500
1788461604	90000	21055276	21051169	0	27140464	8329500
1788461605	90000	21055276	21051181	0	27140668	8329500
1788461606	90000	21055276	21051173	0	27140856	8329500
1788461608	89000	21055276	21051171	0	27140280	8329500
1788461609	86000	21055276	21051178	0	27140676	8329500
1788461610	86000	21055276	21051178	0	27141472	8329500
1788461611	90000	21055276	21051170	0	27140776	8329500
1788461612	90000	21055276	21051170	0	27139972	8329500
1788461613	90000	21055276	21051170	0	27139040	8329500
1788461614	76000	21055276	21051170	0	27139404	8329500
1788461615	76000	21055276	21051172	0	27139908	8329500
1788461617	77000	21055276	21051172	0	27140504	8329500
1788461618	76000	21055276	21051173	0	27139072	8329500
1788461619	76000	21055276	21051172	0	27139160	8329500
1788461620	77000	21055276	21051171	0	27138356	8329500
1788461621	76000	21055276	21051172	0	27138356	8329500
1788461622	77000	21055276	21051170	0	27138068	8329500
1788461623	75000	21055276	21051171	0	27137300	8329500
1788461625	76000	21055276	21051173	0	27137476	8329500
1788461626	76000	21055276	21051176	0	27138216	8329500
1788461627	76000	21055276	21051172	0	27138196	8329500
1788461628	76000	21055276	21051173	0	27138116	8329500
1788461629	77000	21055276	21051170	0	27137204	8329500
1788461630	76000	21055276	21051170	0	27137088	8329500
1788461631	77000	21055276	21051172	0	27137528	8329500
1788461633	76000	21055276	21051178	0	27137416	8329500
1788461634	90000	21055276	21051170	0	27137236	8329500
1788461635	91000	21055276	21051170	0	27136608	8329500
1788461636	91000	21055276	21051172	0	27137084	8329500
1788461637	92000	21055276	21051172	0	27137084	8329500
1788461638	88000	21055276	21051172	0	27137196	8329500
1788461639	90000	21055276	21051172	0	27136540	8329500
1788461640	88000	21055276	21051177	0	27136564	8329500
1788461642	90000	21055276	21051172	0	27136072	8329500
1788461643	91000	21055276	21051170	0	27136028	8329500
1788461644	90000	21055276	21051173	0	27136336	8329500
1788461645	86000	21055276	21051172	0	27136732	8329500
1788461646	91000	21055276	21051181	0	27136656	8329500
1788461647	89000	21055276	21051181	0	27136656	8329500
1788461648	90000	21055276	21051177	0	27136568	8329500
1788461649	91000	21055276	21051170	0	27136064	8329500
1788461651	91000	21055276	21051172	0	27137156	8329500
1788461652	88000	21055276	21051178	0	27137352	8329500
1788461653	80000	21055276	21051169	0	27137668	8329500
1788461654	80000	21055276	21051171	0	27137304	8329500
1788461655	82000	21055276	21051178	0	27136800	8329500
1788461656	78000	21055276	21051170	0	27137232	8329500
1788461657	82000	21055276	21051169	0	27137492	8329500
1788461659	77000	21055276	21051173	0	27136844	8329500
1788461660	79000	21055276	21051181	0	27138200	8329500
1788461661	82000	21055276	21051172	0	27137508	8329500
1788461662	80000	21055276	21051172	0	27136612	8329500
1788461663	83000	21055276	21051170	0	27136928	8329500
1788461664	86000	21055276	21051173	0	27137180	8329500
1788461665	87000	21055276	21051169	0	27137096	8329500
1788461666	82000	21055276	21051173	0	27137096	8329500
1788461668	86000	21055276	21051170	0	27136956	8329500
1788461669	89000	21055276	21051178	0	27137100	8329500
1788461670	90000	21055276	21051169	0	27136868	8329500
1788461671	90000	21055276	21051177	0	27137796	8329500
1788461672	89000	21055276	21051179	0	27137496	8329500
1788461673	86000	21055276	21051179	0	27138336	8329500
1788461674	90000	21055276	21051171	0	27137600	8329500
1788461676	84000	21055276	21051172	0	27137824	8329500
1788461677	75000	21055276	21051172	0	27137824	8329500
1788461678	78000	21055276	21051170	0	27138000	8329500
1788461679	76000	21055276	21051173	0	27138300	8329500
1788461680	76000	21055276	21051173	0	27138120	8329500
1788461681	76000	21055276	21051171	0	27137924	8329500
1788461682	77000	21055276	21051172	0	27138040	8329500
1788461683	75000	21055276	21051172	0	27137900	8329500
1788461685	90000	21055276	21051172	0	27137720	8329500
1788461686	91000	21055276	21051169	0	27137892	8329500
1788461687	90000	21055276	21051172	0	27138528	8329500
1788461688	90000	21055276	21051170	0	27138228	8329500
1788461689	90000	21055276	21051172	0	27137988	8329500
1788461690	92000	21055276	21051181	0	27137988	8329500
1788461691	79000	21055276	21051172	0	27138160	8329500
1788461693	79000	21055276	21051178	0	27137860	8329500
1788461694	79000	21055276	21051172	0	27138092	8329500
1788461695	91000	21055276	21051171	0	27138040	8329500
1788461696	88000	21055276	21051172	0	27138384	8329500
1788461697	90000	21055276	21051170	0	27138688	8329500
1788461698	90000	21055276	21051172	0	27138028	8329500
1788461699	89000	21055276	21051171	0	27137780	8329500
1788461700	91000	21055276	21051172	0	27137352	8329500
1788461702	90000	21055276	21051170	0	27137720	8329500
1788461703	83000	21055276	21051172	0	27137740	8329500
1788461704	85000	21055276	21051176	0	27138044	8329500
1788461705	85000	21055276	21051178	0	27138156	8329500
1788461706	85000	21055276	21051170	0	27138660	8329500
1788461707	85000	21055276	21051170	0	27138636	8329500
1788461708	85000	21055276	21051171	0	27137740	8329500
1788461709	85000	21055276	21051172	0	27137688	8329500
1788461711	83000	21055276	21051178	0	27138224	8329500
1788461712	85000	21055276	21051172	0	27138212	8329500
1788461713	87000	21055276	21051173	0	27138612	8329500
1788461714	86000	21055276	21051177	0	27138612	8329500
1788461715	86000	21055276	21051178	0	27138380	8329500
1788461716	87000	21055276	21051176	0	27137804	8329500
1788461717	83000	21055276	21051170	0	27137848	8329500
1788461719	87000	21055276	21051170	0	27137944	8329500
1788461720	87000	21055276	21051176	0	27137280	8329500
1788461721	85000	21055276	21051170	0	27137056	8329500
1788461722	85000	21055276	21051177	0	27137116	8329500
1788461723	83000	21055276	21051170	0	27138016	8329500
1788461724	85000	21055276	21051172	0	27138320	8329500
1788461725	82000	21055276	21051172	0	27138340	8329500
1788461726	83000	21055276	21051172	0	27138088	8329500
1788461728	85000	21055276	21051172	0	27138340	8329500
1788461729	83000	21055276	21051172	0	27138172	8329500
1788461730	85000	21055276	21051176	0	27138468	8329500
1788461731	85000	21055276	21051170	0	27138632	8329500
1788461732	82000	21055276	21051173	0	27138500	8329500
1788461733	83000	21055276	21051170	0	27138876	8329500
1788461734	85000	21055276	21051170	0	27139128	8329500
1788461736	83000	21055276	21051172	0	27139128	8329500
1788461737	79000	21055276	21051170	0	27139520	8329500
1788461738	78000	21055276	21051169	0	27139020	8329500
1788461739	76000	21055276	21051173	0	27138908	8329500
1788461740	76000	21055276	21051177	0	27138116	8329500
1788461741	77000	21055276	21051172	0	27138044	8329500
1788461742	77000	21055276	21051173	0	27137568	8329500
1788461743	77000	21055276	21051173	0	27137792	8329500
1788461745	76000	21055276	21051170	0	27138204	8329500
1788461746	76000	21055276	21051172	0	27138344	8329500
1788461747	90000	21055276	21051170	0	27138776	8329500
1788461748	91000	21055276	21051171	0	27138048	8329500
1788461749	90000	21055276	21051181	0	27137732	8329500
1788461750	79000	21055276	21051172	0	27137668	8329500
1788461751	78000	21055276	21051173	0	27137564	8329500
1788461753	80000	21055276	21051172	0	27137248	8329500
1788461754	79000	21055276	21051171	0	27137248	8329500
1788461755	80000	21055276	21051178	0	27137248	8329500
1788461756	79000	21055276	21051173	0	27137404	8329500
1788461757	80000	21055276	21051177	0	27136548	8329500
1788461758	80000	21055276	21051171	0	27136744	8329500
1788461759	79000	21055276	21051172	0	27137108	8329500
1788461760	79000	21055276	21051172	0	27137692	8329500
1788461762	80000	21055276	21051172	0	27137600	8329500
1788461763	83000	21055276	21051173	0	27137676	8329500
1788461764	83000	21055276	21051173	0	27137152	8329500
1788461765	80000	21055276	21051171	0	27136272	8329500
1788461766	80000	21055276	21051178	0	27136600	8329500
1788461767	83000	21055276	21051170	0	27135640	8329500
1788461768	80000	21055276	21051178	0	27135964	8329500
1788461770	83000	21055276	21051178	0	27136136	8329500
1788461771	80000	21055276	21051172	0	27137224	8329500
1788461772	79000	21055276	21051177	0	27137276	8329500
1788461773	79000	21055276	21051170	0	27137024	8329500
1788461774	90000	21055276	21051172	0	27137136	8329500
1788461775	92000	21055276	21051172	0	27136472	8329500
1788461776	91000	21055276	21051173	0	27136184	8329500
1788461777	89000	21055276	21051178	0	27136420	8329500
1788461779	90000	21055276	21051172	0	27136832	8329500
1788461780	86000	21055276	21051172	0	27136720	8329500
1788461781	90000	21055276	21051179	0	27136216	8329500
1788461782	91000	21055276	21051170	0	27136912	8329500
1788461783	89000	21055276	21051170	0	27137024	8329500
1788461784	91000	21055276	21051177	0	27136728	8329500
1788461785	85000	21055276	21051173	0	27136804	8329500
1788461787	85000	21055276	21051170	0	27137104	8329500
1788461788	85000	21055276	21051176	0	27137340	8329500
1788461789	91000	21055276	21051177	0	27137652	8329500
1788461790	91000	21055276	21051170	0	27137036	8329500
1788461791	89000	21055276	21051171	0	27137040	8329500
1788461792	80000	21055276	21051176	0	27137012	8329500
1788461793	82000	21055276	21051177	0	27137168	8329500
1788461794	79000	21055276	21051171	0	27137048	8329500
1788461796	83000	21055276	21051170	0	27136796	8329500
1788461797	79000	21055276	21051172	0	27137328	8329500
1788461798	80000	21055276	21051170	0	27137128	8329500
1788461799	82000	21055276	21051172	0	27136900	8329500
1788461800	90000	21055276	21051170	0	27138088	8329500
1788461801	86000	21055276	21051170	0	27138340	8329500
1788461802	90000	21055276	21051172	0	27138716	8329500
1788461804	90000	21055276	21051172	0	27138372	8329500
1788461805	90000	21055276	21051170	0	27138728	8329500
1788461806	90000	21055276	21051176	0	27139044	8329500
1788461807	89000	21055276	21051172	0	27139088	8329500
1788461808	89000	21055276	21051179	0	27138836	8329500
1788461809	86000	21055276	21051179	0	27138840	8329500
1788461810	79000	21055276	21051172	0	27139092	8329500
1788461811	79000	21055276	21051171	0	27137948	8329500
1788461813	86000	21055276	21051169	0	27138024	8329500
1788461814	86000	21055276	21051170	0	27138760	8329500
1788461815	86000	21055276	21051175	0	27139136	8329500
1788461816	83000	21055276	21051177	0	27139352	8329500
1788461817	86000	21055276	21051175	0	27139384	8329500
1788461818	79000	21055276	21051176	0	27139860	8329500
1788461819	79000	21055276	21051173	0	27138432	8329500
1788461820	79000	21055276	21051169	0	27138072	8329500
1788461822	76000	21055276	21051169	0	27138288	8329500
1788461823	76000	21055276	21051171	0	27138908	8329500
1788461824	76000	21055276	21051179	0	27138736	8329500
1788461825	89000	21055276	21051170	0	27138736	8329500
1788461826	89000	21055276	21051176	0	27138936	8329500
1788461827	90000	21055276	21051171	0	27138936	8329500
1788461828	89000	21055276	21051170	0	27138760	8329500
1788461830	90000	21055276	21051169	0	27139108	8329500
1788461831	86000	21055276	21051170	0	27138524	8329500
1788461832	89000	21055276	21051168	0	27138812	8329500
1788461833	76000	21055276	21051170	0	27138936	8329500
1788461834	77000	21055276	21051174	0	27139464	8329500
1788461835	76000	21055276	21051168	0	27140216	8329500
1788461836	76000	21055276	21051164	0	27139528	8329500
1788461837	74000	21055276	21051172	0	27139076	8329500
1788461839	76000	21055276	21051174	0	27138632	8329500
1788461840	77000	21055276	21051165	0	27138604	8329500
1788461841	79000	21055276	21051164	0	27138492	8329500
1788461842	77000	21055276	21051165	0	27139112	8329500
1788461843	78000	21055276	21051172	0	27139148	8329500
1788461844	82000	21055276	21051167	0	27139592	8329500
1788461845	79000	21055276	21051166	0	27138852	8329500
1788461847	78000	21055276	21051166	0	27138536	8329500
1788461848	83000	21055276	21051165	0	27138032	8329500
1788461849	79000	21055276	21051171	0	27138960	8329500
1788461850	80000	21055276	21051174	0	27138980	8329500
1788461851	80000	21055276	21051172	0	27139204	8329500
1788461852	79000	21055276	21051172	0	27138952	8329500
1788461853	79000	21055276	21051168	0	27139192	8329500
1788461854	79000	21055276	21051167	0	27138624	8329500
1788461856	79000	21055276	21051168	0	27138308	8329500
1788461857	89000	21055276	21051175	0	27137916	8329500
1788461858	90000	21055276	21051166	0	27138004	8329500
1788461859	90000	21055276	21051174	0	27138180	8329500
1788461860	90000	21055276	21051168	0	27138016	8329500
1788461861	88000	21055276	21051168	0	27138488	8329500
1788461862	89000	21055276	21051168	0	27138480	8329500
1788461864	90000	21055276	21051166	0	27138180	8329500
1788461865	90000	21055276	21051174	0	27137640	8329500
1788461866	90000	21055276	21051167	0	27137700	8329500
1788461867	90000	21055276	21051167	0	27137756	8329500
1788461868	90000	21055276	21051166	0	27138180	8329500
1788461869	85000	21055276	21051171	0	27137648	8329500
1788461870	80000	21055276	21051171	0	27138032	8329500
1788461871	80000	21055276	21051172	0	27138088	8329500
1788461873	90000	21055276	21051172	0	27137948	8329500
1788461874	90000	21055276	21051164	0	27138060	8329500
1788461875	77000	21055276	21051166	0	27137960	8329500
1788461876	76000	21055276	21051165	0	27137456	8329500
1788461877	76000	21055276	21051164	0	27137860	8329500
1788461878	79000	21055276	21051167	0	27137748	8329500
1788461879	79000	21055276	21051171	0	27137496	8329500
1788461881	91000	21055276	21051171	0	27138568	8329500
1788461882	92000	21055276	21051167	0	27139908	8329500
1788461883	91000	21055276	21051167	0	27139152	8329500
1788461884	86000	21055276	21051166	0	27138904	8329500
1788461885	77000	21055276	21051167	0	27138904	8329500
1788461886	79000	21055276	21051170	0	27138692	8329500
1788461887	76000	21055276	21051179	0	27138596	8329500
1788461888	79000	21055276	21051176	0	27139540	8329500
1788461890	76000	21055276	21051172	0	27138804	8329500
1788461891	76000	21055276	21051179	0	27139240	8329500
1788461892	79000	21055276	21051180	0	27139176	8329500
1788461893	75000	21055276	21051170	0	27139664	8329500
1788461894	77000	21055276	21051169	0	27140388	8329500
1788461895	77000	21055276	21051175	0	27139884	8329500
1788461896	79000	21055276	21051171	0	27139972	8329500
1788461898	76000	21055276	21051179	0	27140160	8329500
1788461899	75000	21055276	21051171	0	27139732	8329500
1788461900	79000	21055276	21051170	0	27139480	8329500
1788461901	79000	21055276	21051172	0	27138948	8329500
1788461902	76000	21055276	21051172	0	27139136	8329500
1788461903	77000	21055276	21051177	0	27139388	8329500
1788461904	74000	21055276	21051169	0	27139100	8329500
1788461905	77000	21055276	21051177	0	27139644	8329500
1788461907	75000	21055276	21051177	0	27139572	8329500
1788461908	77000	21055276	21051176	0	27139196	8329500
1788461909	79000	21055276	21051171	0	27138660	8329500
1788461910	77000	21055276	21051168	0	27138288	8329500
1788461911	91000	21055276	21051168	0	27137908	8329500
1788461912	90000	21055276	21051169	0	27138460	8329500
1788461913	86000	21055276	21051171	0	27138920	8329500
1788461914	92000	21055276	21051171	0	27138608	8329500
1788461916	90000	21055276	21051175	0	27138228	8329500
1788461917	90000	21055276	21051169	0	27138380	8329500
1788461918	90000	21055276	21051175	0	27138872	8329500
1788461919	90000	21055276	21051172	0	27138916	8329500
1788461920	86000	21055276	21051169	0	27138124	8329500
1788461921	89000	21055276	21051177	0	27138584	8329500
1788461922	90000	21055276	21051168	0	27138568	8329500
1788461924	90000	21055276	21051171	0	27138600	8329500
1788461925	89000	21055276	21051171	0	27138432	8329500
1788461926	89000	21055276	21051168	0	27138084	8329500
1788461927	90000	21055276	21051171	0	27137608	8329500
1788461928	85000	21055276	21051177	0	27137304	8329500
1788461929	90000	21055276	21051170	0	27137504	8329500
1788461930	89000	21055276	21051170	0	27137356	8329504
1788461931	90000	21055276	21051169	0	27138220	8329504
1788461933	91000	21055276	21051170	0	27138156	8329504
1788461934	91000	21055276	21051171	0	27138408	8329504
1788461935	86000	21055276	21051169	0	27138392	8329504
1788461936	90000	21055276	21051170	0	27138856	8329504
1788461937	92000	21055276	21051176	0	27138888	8329504
1788461938	91000	21055276	21051170	0	27137908	8329504
1788461939	82000	21055276	21051171	0	27137992	8329504
1788461941	90000	21055276	21051180	0	27138728	8329504
1788461942	86000	21055276	21051172	0	27138476	8329504
1788461943	86000	21055276	21051169	0	27139012	8329504
1788461944	91000	21055276	21051171	0	27138508	8329504
1788461945	90000	21055276	21051172	0	27138760	8329504
1788461946	90000	21055276	21051179	0	27137956	8329504
1788461947	90000	21055276	21051175	0	27138052	8329504
1788461948	88000	21055276	21051168	0	27137664	8329504
1788461950	86000	21055276	21051180	0	27138392	8329504
1788461951	90000	21055276	21051169	0	27137504	8329504
1788461952	88000	21055276	21051170	0	27137944	8329504
1788461953	88000	21055276	21051171	0	27138448	8329504
1788461954	90000	21055276	21051176	0	27138196	8329504
1788461955	89000	21055276	21051176	0	27137924	8329504
1788461956	88000	21055276	21051171	0	27137532	8329504
1788461958	88000	21055276	21051169	0	27137296	8329504
1788461959	91000	21055276	21051171	0	27137320	8329504
1788461960	91000	21055276	21051171	0	27138664	8329504
1788461961	91000	21055276	21051171	0	27138372	8329504
1788461962	91000	21055276	21051180	0	27138576	8329504
1788461963	91000	21055276	21051169	0	27139080	8329504
1788461964	89000	21055276	21051172	0	27138904	8329504
1788461965	86000	21055276	21051170	0	27139068	8329504
1788461967	90000	21055276	21051177	0	27138680	8329504
1788461968	90000	21055276	21051170	0	27139236	8329504
1788461969	91000	21055276	21051179	0	27139916	8329504
1788461970	91000	21055276	21051176	0	27140004	8329504
1788461971	90000	21055276	21051171	0	27139676	8329504
1788461972	88000	21055276	21051176	0	27139996	8329504
1788461973	89000	21055276	21051180	0	27139616	8329504
1788461974	89000	21055276	21051171	0	27140488	8329504
1788461976	90000	21055276	21051179	0	27140052	8329504
1788461977	90000	21055276	21051169	0	27139296	8329504
1788461978	89000	21055276	21051170	0	27139156	8329504
1788461979	89000	21055276	21051176	0	27139156	8329504
1788461980	86000	21055276	21051170	0	27138736	8329504
1788461981	89000	21055276	21051170	0	27138836	8329504
1788461982	89000	21055276	21051170	0	27139424	8329504
1788461984	90000	21055276	21051172	0	27139580	8329504
1788461985	90000	21055276	21051169	0	27139152	8329504
1788461986	90000	21055276	21051169	0	27139352	8329504
1788461987	90000	21055276	21051171	0	27139124	8329504
1788461988	76000	21055276	21051171	0	27138264	8329504
1788461989	76000	21055276	21051179	0	27138760	8329504
1788461990	76000	21055276	21051175	0	27139376	8329504
1788461991	77000	21055276	21051172	0	27138664	8329504
1788461993	76000	21055276	21051170	0	27138524	8329504
1788461994	76000	21055276	21051175	0	27138316	8329504
1788461995	77000	21055276	21051171	0	27138484	8329504
1788461996	76000	21055276	21051169	0	27138604	8329504
1788461997	76000	21055276	21051180	0	27138436	8329504
1788461998	76000	21055276	21051170	0	27137764	8329504
1788461999	76000	21055276	21051177	0	27138156	8329504
1788462001	79000	21055276	21051176	0	27138408	8329504
1788462002	76000	21055276	21051169	0	27138484	8329504
1788462003	77000	21055276	21051175	0	27138532	8329504
1788462004	76000	21055276	21051175	0	27138560	8329504
1788462005	90000	21055276	21051179	0	27138344	8329504
1788462006	91000	21055276	21051177	0	27138684	8329504
1788462007	89000	21055276	21051170	0	27138256	8329504
1788462008	90000	21055276	21051171	0	27138108	8329504
1788462010	90000	21055276	21051171	0	27139088	8329504
1788462011	85000	21055276	21051169	0	27138860	8329504
1788462012	91000	21055276	21051171	0	27138608	8329504
1788462013	88000	21055276	21051176	0	27139112	8329504
1788462014	90000	21055276	21051180	0	27138860	8329504
1788462015	86000	21055276	21051180	0	27139152	8329504
1788462016	91000	21055276	21051169	0	27138900	8329504
1788462018	86000	21055276	21051171	0	27139516	8329504
1788462019	88000	21055276	21051171	0	27139152	8329504
1788462020	91000	21055276	21051176	0	27139760	8329504
1788462021	91000	21055276	21051176	0	27139152	8329504
1788462022	90000	21055276	21051172	0	27139088	8329504
1788462023	91000	21055276	21051170	0	27138080	8329504
1788462024	85000	21055276	21051169	0	27138332	8329504
1788462025	91000	21055276	21051180	0	27137652	8329504
1788462027	85000	21055276	21051172	0	27137692	8329504
1788462028	91000	21055276	21051171	0	27138676	8329504
1788462029	91000	21055276	21051171	0	27138004	8329504
1788462030	77000	21055276	21051171	0	27137924	8329504
1788462031	77000	21055276	21051170	0	27137584	8329504
1788462032	80000	21055276	21051176	0	27137240	8329504
1788462033	76000	21055276	21051169	0	27137060	8329504
1788462035	79000	21055276	21051177	0	27137624	8329504
1788462036	78000	21055276	21051177	0	27137920	8329504
1788462037	76000	21055276	21051171	0	27137920	8329504
1788462038	75000	21055276	21051170	0	27136660	8329504
1788462039	76000	21055276	21051176	0	27136956	8329504
1788462040	76000	21055276	21051179	0	27136956	8329504
1788462041	76000	21055276	21051179	0	27137704	8329504
1788462042	76000	21055276	21051180	0	27138392	8329504
1788462044	78000	21055276	21051171	0	27138576	8329504
1788462045	78000	21055276	21051169	0	27138476	8329504
1788462046	78000	21055276	21051171	0	27137760	8329504
1788462047	77000	21055276	21051175	0	27138200	8329504
1788462048	76000	21055276	21051168	0	27138200	8329504
1788462049	78000	21055276	21051171	0	27138776	8329504
1788462050	76000	21055276	21051179	0	27138524	8329504
1788462052	77000	21055276	21051172	0	27138560	8329504
1788462053	79000	21055276	21051170	0	27137348	8329504
1788462054	76000	21055276	21051169	0	27137224	8329504
1788462055	77000	21055276	21051171	0	27137224	8329504
1788462056	76000	21055276	21051172	0	27137756	8329504
1788462057	79000	21055276	21051171	0	27137448	8329504
1788462058	79000	21055276	21051177	0	27137656	8329504
1788462059	77000	21055276	21051171	0	27138356	8329504
1788462061	77000	21055276	21051169	0	27137940	8329504
1788462062	79000	21055276	21051169	0	27137712	8329504
1788462063	77000	21055276	21051168	0	27138152	8329504
1788462064	75000	21055276	21051171	0	27138996	8329504
1788462065	74000	21055276	21051171	0	27138764	8329504
1788462066	77000	21055276	21051176	0	27139036	8329504
1788462067	88000	21055276	21051175	0	27138688	8329504
1788462069	90000	21055276	21051169	0	27138900	8329504
1788462070	79000	21055276	21051180	0	27139492	8329504
1788462071	86000	21055276	21051175	0	27138064	8329504
1788462072	76000	21055276	21051180	0	27137816	8329504
1788462073	77000	21055276	21051172	0	27138528	8329504
1788462074	79000	21055276	21051176	0	27138644	8329504
1788462075	76000	21055276	21051172	0	27138328	8329504
1788462076	77000	21055276	21051175	0	27137824	8329504
1788462078	77000	21055276	21051171	0	27138368	8329504
1788462079	76000	21055276	21051175	0	27138320	8329504
1788462080	76000	21055276	21051180	0	27137848	8329504
1788462081	80000	21055276	21051168	0	27137344	8329504
1788462082	77000	21055276	21051168	0	27137988	8329504
1788462083	89000	21055276	21051170	0	27138376	8329504
1788462084	91000	21055276	21051176	0	27138284	8329504
1788462086	86000	21055276	21051179	0	27138740	8329504
1788462087	90000	21055276	21051172	0	27138572	8329504
1788462088	89000	21055276	21051170	0	27138180	8329504
1788462089	90000	21055276	21051180	0	27137928	8329504
1788462090	91000	21055276	21051168	0	27137956	8329504
1788462091	85000	21055276	21051172	0	27137592	8329504
1788462092	90000	21055276	21051177	0	27137952	8329504
1788462093	86000	21055276	21051175	0	27137748	8329504
1788462095	90000	21055276	21051169	0	27137512	8329504
1788462096	84000	21055276	21051180	0	27137456	8329504
1788462097	90000	21055276	21051171	0	27137384	8329504
1788462098	89000	21055276	21051169	0	27137964	8329504
1788462099	86000	21055276	21051171	0	27137712	8329504
1788462100	75000	21055276	21051171	0	27137712	8329504
1788462101	75000	21055276	21051169	0	27137752	8329504
1788462103	76000	21055276	21051169	0	27137612	8329504
1788462104	76000	21055276	21051179	0	27137360	8329504
1788462105	76000	21055276	21051171	0	27137432	8329504
1788462106	76000	21055276	21051170	0	27137428	8329504
1788462107	76000	21055276	21051183	0	27136668	8329504
1788462108	77000	21055276	21051184	0	27136732	8329504
1788462109	75000	21055276	21051184	0	27137156	8329504
1788462110	76000	21055276	21051184	0	27137156	8329504
1788462112	76000	21055276	21051182	0	27136876	8329504
1788462113	76000	21055276	21051181	0	27136552	8329504
1788462114	76000	21055276	21051182	0	27137784	8329504
1788462115	75000	21055276	21051182	0	27137116	8329504
1788462116	77000	21055276	21051183	0	27137228	8329504
1788462117	76000	21055276	21051184	0	27137292	8329504
1788462118	76000	21055276	21051182	0	27137228	8329504
1788462120	76000	21055276	21051146	0	27137120	8329504
1788462121	80000	21055276	21051184	0	27137484	8329504
1788462122	77000	21055276	21051182	0	27137568	8329504
1788462123	76000	21055276	21051182	0	27138048	8329504
1788462124	77000	21055276	21051184	0	27137944	8329504
1788462125	75000	21055276	21051182	0	27137300	8329504
1788462126	77000	21055276	21051182	0	27138712	8329504
1788462127	77000	21055276	21051182	0	27138696	8329504
1788462129	76000	21055276	21051182	0	27139236	8329504
1788462130	85000	21055276	21051184	0	27139700	8329504
1788462131	90000	21055276	21051188	0	27139700	8329504
1788462132	86000	21055276	21051184	0	27139444	8329504
1788462133	91000	21055276	21051190	0	27139448	8329504
1788462134	91000	21055276	21051184	0	27138592	8329504
1788462135	91000	21055276	21051184	0	27138276	8329504
1788462137	82000	21055276	21051196	0	27137200	8329504
1788462138	80000	21055276	21051193	0	27136696	8329504
1788462139	80000	21055276	21051194	0	27136700	8329504
1788462140	78000	21055276	21051195	0	27136212	8329504
1788462141	83000	21055276	21051203	0	27136288	8329504
1788462142	82000	21055276	21051194	0	27135644	8329504
1788462143	80000	21055276	21051195	0	27135916	8329504
1788462144	77000	21055276	21051196	0	27136516	8329504
1788462146	74000	21055276	21051195	0	27135396	8329504
1788462147	74000	21055276	21051196	0	27135872	8329504
1788462148	74000	21055276	21051196	0	27136376	8329504
1788462149	79000	21055276	21051200	0	27135452	8329504
1788462150	79000	21055276	21051196	0	27135740	8329504
1788462151	90000	21055276	21051196	0	27135740	8329504
1788462152	90000	21055276	21051196	0	27135740	8329504
1788462153	91000	21055276	21051195	0	27135488	8329504
1788462155	84000	21055276	21051200	0	27135012	8329504
1788462156	91000	21055276	21051197	0	27135564	8329504
1788462157	91000	21055276	21051193	0	27135248	8329504
1788462158	90000	21055276	21051205	0	27136064	8329504
1788462159	90000	21055276	21051194	0	27135952	8329504
1788462160	91000	21055276	21051197	0	27136476	8329504
1788462161	77000	21055276	21051195	0	27136252	8329504
1788462163	86000	21055276	21051195	0	27136756	8329504
1788462164	90000	21055276	21051193	0	27136756	8329504
1788462165	90000	21055276	21051203	0	27136000	8329504
1788462166	91000	21055276	21051194	0	27136016	8329504
1788462167	76000	21055276	21051200	0	27136364	8329504
1788462168	76000	21055276	21051195	0	27136300	8329504
1788462169	77000	21055276	21051193	0	27136696	8329504
1788462170	76000	21055276	21051194	0	27136436	8329504
1788462172	77000	21055276	21051195	0	27136808	8329504
1788462173	77000	21055276	21051194	0	27137172	8329504
1788462174	79000	21055276	21051194	0	27137004	8329504
1788462175	91000	21055276	21051205	0	27137176	8329504
1788462176	91000	21055276	21051195	0	27137332	8329504
1788462177	88000	21055276	21051203	0	27137708	8329504
1788462178	86000	21055276	21051194	0	27136804	8329504
1788462180	90000	21055276	21051205	0	27137544	8329504
1788462181	90000	21055276	21051194	0	27137292	8329504
1788462182	89000	21055276	21051193	0	27136768	8329504
1788462183	91000	21055276	21051200	0	27136136	8329504
1788462184	90000	21055276	21051200	0	27136508	8329504
1788462185	85000	21055276	21051194	0	27136648	8329504
1788462186	85000	21055276	21051174	0	27135380	8329504
1788462187	89000	21055276	21051175	0	27135156	8329504
1788462189	89000	21055276	21051176	0	27135340	8329504
1788462190	90000	21055276	21051176	0	27134316	8329504
1788462191	90000	21055276	21051176	0	27134304	8329504
1788462192	86000	21055276	21051175	0	27134496	8329504
1788462193	83000	21055276	21051175	0	27134544	8329504
1788462194	90000	21055276	21051175	0	27134628	8329504
1788462195	90000	21055276	21051176	0	27134816	8329504
1788462197	76000	21055276	21051179	0	27134924	8329504
1788462198	76000	21055276	21051175	0	27135080	8329504
1788462199	76000	21055276	21051180	0	27134688	8329504
1788462200	79000	21055276	21051173	0	27134420	8329504
1788462201	79000	21055276	21051175	0	27134876	8329504
1788462202	79000	21055276	21051174	0	27134840	8329504
1788462203	82000	21055276	21051175	0	27135028	8329504
1788462204	83000	21055276	21051174	0	27135044	8329504
1788462206	85000	21055276	21051176	0	27135916	8329504
1788462207	86000	21055276	21051175	0	27135488	8329504
1788462208	82000	21055276	21051173	0	27135780	8329504
1788462209	76000	21055276	21051173	0	27135528	8329504
1788462210	75000	21055276	21051173	0	27135788	8329504
1788462211	77000	21055276	21051181	0	27136072	8329504
1788462212	79000	21055276	21051181	0	27136136	8329504
1788462214	77000	21055276	21051175	0	27136068	8329504
1788462215	77000	21055276	21051181	0	27136068	8329504
1788462216	75000	21055276	21051181	0	27136296	8329504
1788462217	90000	21055276	21051175	0	27136220	8329504
1788462218	90000	21055276	21051174	0	27135252	8329504
1788462219	90000	21055276	21051184	0	27135404	8329504
1788462220	88000	21055276	21051184	0	27135404	8329504
1788462221	90000	21055276	21051174	0	27134396	8329504
1788462223	89000	21055276	21051232	0	27182796	8329504
1788462224	86000	21055276	21051232	0	27182960	8329504
1788462225	88000	21055276	21051235	0	27183400	8329504
1788462226	90000	21055276	21051232	0	27183180	8329504
1788462227	90000	21055276	21051232	0	27183180	8329504
1788462228	89000	21055276	21051229	0	27183180	8329504
1788462229	90000	21055276	21051232	0	27183816	8329504
1788462230	90000	21055276	21051234	0	27184204	8329504
1788462232	90000	21055276	21051232	0	27184456	8329504
1788462233	84000	21055276	21051233	0	27183952	8329504
1788462234	90000	21055276	21051234	0	27183952	8329504
1788462235	90000	21055276	21051232	0	27184412	8329504
1788462236	90000	21055276	21051231	0	27184232	8329504
1788462237	90000	21055276	21051232	0	27183728	8329504
1788462238	90000	21055276	21051236	0	27183980	8329504
1788462240	90000	21055276	21051244	0	27184164	8329504
1788462241	86000	21055276	21051232	0	27184004	8329504
1788462242	91000	21055276	21051232	0	27183736	8329504
1788462243	90000	21055276	21051235	0	27183848	8329504
1788462244	86000	21055276	21051242	0	27184716	8329504
1788462245	91000	21055276	21051247	0	27186096	8329504
1788462246	88000	21055276	21051232	0	27186128	8329504
1788462247	90000	21055276	21051232	0	27185356	8329504
1788462249	90000	21055276	21051227	0	27185676	8329504
1788462250	88000	21055276	21051234	0	27185728	8329504
1788462251	90000	21055276	21051247	0	27185992	8329504
1788462252	86000	21055276	21051226	0	27186252	8329504
1788462253	90000	21055276	21051231	0	27185648	8329504
1788462254	59000	21055276	21051232	0	27185648	8329504
1788462255	57000	21055276	21051232	0	27185576	8329504
1788462257	57000	21055276	21051234	0	27186372	8329504
1788462258	56000	21055276	21051235	0	27186372	8329504
1788462259	56000	21055276	21051234	0	27186624	8329504
1788462260	55000	21055276	21051234	0	27186372	8329504
1788462261	56000	21055276	21051245	0	27186812	8329504
1788462262	55000	21055276	21051249	0	27186216	8329504
1788462264	54000	21055276	21051234	0	27186832	8329504
1788462265	54000	21055276	21051247	0	27187200	8329504
1788462266	53000	21055276	21051231	0	27187512	8329504
1788462267	54000	21055276	21051228	0	27187336	8329504
1788462268	53000	21055276	21051232	0	27187968	8329504
1788462269	52000	21055276	21051231	0	27188156	8329504
1788462271	53000	21055276	21051248	0	27187952	8329504
1788462272	54000	21055276	21051236	0	27188064	8329504
1788462273	53000	21055276	21051234	0	27188204	8329504
1788462274	51000	21055276	21051230	0	27188248	8329504
1788462275	52000	21055276	21051236	0	27188488	8329504
1788462276	52000	21055276	21051232	0	27188060	8329504
1788462278	53000	21055276	21051233	0	27187176	8329504
1788462279	74000	21056172	21052101	0	27133176	8329504
1788462280	77000	21056172	21052095	0	27132876	8329504
1788462281	75000	21056172	21052001	0	27192364	8329504
1788462282	71000	21056172	21051999	0	27192480	8329504
1788462283	74000	21056172	21051991	0	27191980	8329504
1788462284	74000	21056180	21051997	0	27191048	8329504
1788462285	74000	21056180	21052001	0	27190984	8329504
1788462287	86000	21056180	21052015	0	27190816	8329504
1788462288	84000	21056180	21051997	0	27191040	8329504
1788462289	74000	21056180	21052006	0	27191544	8329504
1788462290	74000	21056180	21051998	0	27191564	8329504
1788462291	81000	21056180	21051992	0	27192220	8329504
