epoch	phase	elapsed	rss_kib	pss_kib	vm_swap_kib	read_bytes	minflt	majflt	mem_available_kib	swap_free_kib	pswpin_delta	pswpout_delta	pgmaj_delta	pkg_temp_mC
1785960609	64k-before	0	9096440	9093171	0	0	538223	0	29279204	8219900	0	0	0	42000
1785960609	64k	0	9096440	9093227	0	0	539562	0	29269592	8219900	0	0	0	46000
1785960610	64k	1	9185192	9181799	0	0	614342	0	29205428	8219900	0	0	0	60000
1785960611	64k	2	9185192	9181795	0	0	614342	0	29205428	8219900	0	0	0	60000
1785960612	64k	3	9185192	9181795	0	0	614342	0	29205064	8219900	0	0	0	59000
1785960614	64k	5	9185192	9181761	0	0	614352	0	29218368	8219900	0	0	0	65000
1785960615	64k	6	9185232	9181793	0	0	614352	0	29217728	8219900	0	0	0	62000
1785960616	64k	7	9195444	9192005	0	0	643786	0	29210224	8219900	0	0	0	63000
1785960617	64k	8	9195444	9192013	0	0	643786	0	29210768	8219900	0	0	0	66000
1785960618	64k	9	9195444	9192013	0	0	643786	0	29210516	8219900	0	0	0	66000
1785960619	64k	10	9195444	9191999	0	0	643786	0	29210264	8219900	0	0	0	67000
1785960621	64k	12	9195444	9192007	0	0	643786	0	29209520	8219900	0	0	0	66000
1785960622	64k	13	9195444	9191999	0	0	643786	0	29209608	8219900	0	0	0	67000
1785960623	64k	14	9196468	9193037	0	0	671589	0	29208944	8219900	0	0	0	67000
1785960624	64k	15	9204660	9201223	0	0	685309	0	29203400	8219900	0	0	0	68000
1785960625	64k	16	9204660	9201219	0	0	685309	0	29203400	8219900	0	0	0	70000
1785960627	64k	18	9204660	9201215	0	0	685309	0	29203260	8219900	0	0	0	70000
1785960628	64k	19	9204660	9201217	0	0	685309	0	29203072	8219900	0	0	0	70000
1785960629	64k	20	9204660	9201215	0	0	685309	0	29202884	8219900	0	0	0	70000
1785960630	64k	21	9197492	9194051	0	0	713408	0	29217272	8219900	0	0	0	70000
1785960631	64k	22	9229236	9225791	0	0	766194	0	29188292	8219900	0	0	0	67000
1785960633	64k	24	9229236	9225790	0	0	766194	0	29188316	8219900	0	0	0	68000
1785960634	64k	25	9229236	9225805	0	0	766194	0	29187812	8219900	0	0	0	63000
1785960635	64k	26	9229236	9225794	0	0	766194	0	29187200	8219900	0	0	0	68000
1785960636	64k	27	9229236	9225795	0	0	766194	0	29186948	8219900	0	0	0	71000
1785960637	64k	28	9214036	9210652	0	0	794225	0	29203896	8219900	0	0	0	71000
1785960638	64k	29	9254996	9251610	0	0	853383	0	29160092	8219900	0	0	0	70000
1785960640	64k	31	9254996	9251612	0	0	853383	0	29153296	8219900	0	0	0	70000
1785960641	64k	32	9254996	9251602	0	0	853383	0	29149856	8220228	82	0	82	73000
1785960642	64k	33	9254996	9251602	0	0	853383	0	29149352	8220228	82	0	82	73000
1785960643	64k	34	9254996	9251599	0	0	853383	0	29150104	8220228	82	0	82	72000
1785960644	64k	35	9231444	9228052	0	0	881154	0	29176660	8220228	82	0	82	72000
1785960646	64k	37	9280596	9277204	0	0	945275	0	29126596	8220228	82	0	82	70000
1785960647	64k	38	9280596	9277205	0	0	945275	0	29124660	8220228	82	0	82	70000
1785960648	64k	39	9280596	9277199	0	0	945275	0	29124268	8220228	82	0	82	74000
1785960649	64k	40	9280596	9277205	0	0	945275	0	29124016	8220228	82	0	82	74000
1785960650	64k	41	9280596	9277214	0	0	945275	0	29124016	8220228	82	0	82	73000
1785960652	64k	43	9248852	9245455	0	0	973341	0	29150020	8220232	83	0	83	73000
1785960653	64k	44	9306196	9302799	0	0	1041879	0	29083704	8220240	85	0	85	77000
1785960654	64k	45	9306196	9302799	0	0	1041879	0	29083452	8220240	85	0	85	76000
1785960655	64k	46	9306196	9302808	0	0	1041879	0	29083452	8220240	85	0	85	73000
1785960656	64k	47	9306196	9302808	0	0	1041879	0	29083452	8220240	85	0	85	70000
1785960657	64k	48	9306196	9302802	0	0	1041879	0	29082960	8220240	85	0	85	76000
1785960659	64k	50	9266260	9262880	0	0	1069733	0	29124292	8220240	85	0	85	76000
1785960660	64k	51	9331796	9328406	0	0	1139912	0	29061784	8220240	85	0	85	69000
1785960661	64k	52	9331916	9328478	0	0	1139942	0	29049096	8221000	275	0	275	77000
1785960662	64k	53	9331916	9328476	0	0	1139942	0	29061688	8221004	276	0	276	77000
1785960663	64k	54	9331916	9328470	0	0	1139942	0	29045912	8221004	276	0	276	77000
1785960665	64k	56	9331916	9328476	0	0	1139942	0	29045660	8221004	276	0	276	75000
1785960666	64k	57	9331916	9328528	0	0	1140253	0	29103372	8221012	278	0	278	73000
1785960667	64k	58	9330140	9338359	0	0	1249108	0	29027768	8221012	278	0	278	77000
1785960668	64k	59	9357732	9354336	0	0	1249108	0	29024600	8221012	278	0	278	77000
1785960669	64k	60	9357732	9354340	0	0	1249108	0	29023928	8221012	278	0	278	73000
1785960671	64k	62	9357732	9354336	0	0	1249108	0	29048016	8221012	278	0	278	77000
1785960672	64k	63	9357732	9354336	0	0	1249108	0	29029312	8221016	279	0	279	75000
1785960673	64k	64	9357732	9354349	0	0	1249108	0	29033384	8221016	279	0	279	78000
1785960674	64k	65	9301412	9298025	0	0	1277072	0	29087532	8221016	279	0	279	78000
1785960675	64k	66	9383332	9379943	0	0	1351178	0	29018120	8221016	279	0	279	78000
1785960676	64k	67	9383332	9379943	0	0	1351178	0	29017980	8221016	279	0	279	77000
1785960678	64k	69	9383332	9379943	0	0	1351178	0	29017740	8221016	279	0	279	77000
1785960679	64k	70	9383332	9379945	0	0	1351178	0	29008324	8221016	279	0	279	79000
1785960680	64k	71	9383332	9379945	0	0	1351178	0	28996784	8221016	279	0	279	78000
1785960681	64k	72	9318820	9315427	0	0	1378892	0	29067120	8221016	279	0	279	78000
1785960682	64k	73	9408932	9405533	0	0	1457754	0	28981020	8221016	279	0	279	79000
1785960684	64k	75	9408932	9405537	0	0	1457754	0	28978624	8221016	279	0	279	78000
1785960685	64k	76	9408932	9405534	0	0	1457754	0	28976776	8221016	279	0	279	78000
1785960686	64k	77	9408932	9405534	0	0	1457754	0	28975220	8221016	279	0	279	78000
1785960687	64k	78	9408932	9405534	0	0	1457754	0	28975192	8221016	279	0	279	78000
1785960688	64k	79	9408932	9405537	0	0	1458011	0	29059944	8221016	279	0	279	74000
1785960690	64k	81	9352612	9352671	0	0	1562461	0	28962804	8221016	279	0	279	79000
1785960691	64k	82	9434532	9431135	0	0	1562461	0	28949412	8221016	279	0	279	77000
1785960692	64k	83	9434532	9431147	0	0	1562461	0	28949412	8221016	279	0	279	78000
1785960693	64k	84	9434532	9431147	0	0	1562461	0	28949160	8221016	279	0	279	79000
1785960694	64k	85	9434532	9431132	0	0	1562461	0	28950256	8221016	279	0	279	79000
1785960695	64k	86	9434532	9431134	0	0	1562461	0	28951672	8221016	279	0	279	73000
1785960697	64k	88	9353828	9350445	0	0	1590508	0	29037156	8221016	279	0	279	79000
1785960698	64k	89	9460324	9456937	0	0	1677941	0	28938088	8221016	279	0	279	78000
1785960699	64k	90	9460324	9456941	0	0	1677941	0	28936948	8221016	279	0	279	79000
1785960700	64k	91	9460324	9456925	0	0	1677941	0	28936948	8221016	279	0	279	78000
1785960701	64k	92	9460324	9456925	0	0	1677941	0	28936948	8221016	279	0	279	78000
1785960703	64k	94	9460324	9456937	0	0	1677941	0	28936948	8221016	279	0	279	80000
1785960704	64k	95	9354852	9351457	0	0	1705971	0	29031148	8221016	279	0	279	78000
1785960705	64k	96	9485924	9482529	0	0	1782918	0	28915340	8221016	279	0	279	79000
1785960706	64k	97	9485924	9482526	0	0	1782918	0	28914108	8221020	280	0	280	80000
1785960707	64k	98	9485924	9482541	0	0	1782918	0	28908576	8221020	280	0	280	78000
1785960709	64k	100	9485964	9482519	0	0	1782928	0	28817508	8221068	292	0	292	82000
1785960710	64k	101	9485964	9482520	0	0	1782928	0	28800724	8221068	292	0	292	82000
1785960711	64k	102	9485964	9482520	0	0	1782928	0	29135940	8221072	293	0	293	78000
1785960712	64k	103	9388684	9385238	0	0	1811032	0	29230604	8221072	293	0	293	82000
1785960713	64k	104	9511564	9508124	0	0	1899891	0	29119696	8221072	293	0	293	83000
1785960715	64k	106	9511564	9508122	0	0	1899891	0	29119548	8221072	293	0	293	82000
1785960716	64k	107	9511564	9508118	0	0	1899891	0	29123724	8221072	293	0	293	80000
1785960717	64k	108	9511564	9508120	0	0	1899891	0	29136232	8221072	293	0	293	83000
1785960718	64k	109	9511564	9508120	0	0	1899891	0	29136432	8221072	293	0	293	73000
1785960719	64k	110	9511564	9508122	0	0	1899891	0	29137952	8221072	293	0	293	82000
1785960720	64k	111	9406092	9402646	0	0	1928023	0	29250092	8221072	293	0	293	80000
1785960722	64k	113	9537164	9533720	0	0	2007106	0	29126604	8221072	293	0	293	82000
1785960723	64k	114	9537164	9533723	0	0	2007106	0	29130044	8221072	293	0	293	83000
1785960724	64k	115	9537164	9533727	0	0	2007106	0	29130424	8221072	293	0	293	82000
1785960725	64k	116	9537164	9533720	0	0	2007106	0	29130932	8221072	293	0	293	77000
1785960726	64k	117	9537164	9533720	0	0	2007106	0	29131980	8221072	293	0	293	82000
1785960728	64k	119	9409392	9408159	0	0	2034893	0	29248556	8221072	293	0	293	79000
1785960729	64k	120	9562992	9559595	0	0	2128171	0	29112092	8221072	293	0	293	82000
1785960730	64k	121	9562992	9559596	0	0	2128171	0	29111768	8221072	293	0	293	82000
1785960731	64k	122	9562992	9559611	0	0	2128171	0	29111216	8221072	293	0	293	75000
1785960732	64k	123	9562992	9559595	0	0	2128171	0	29110884	8221072	293	0	293	83000
1785960734	64k	125	9562992	9559607	0	0	2128171	0	29111064	8221072	293	0	293	82000
1785960735	64k	126	9562992	9559596	0	0	2128171	0	29111236	8221072	293	0	293	83000
1785960736	64k	127	9441136	9437743	0	0	2156015	0	29222456	8221100	300	0	300	84000
1785960737	64k	128	9588592	9585205	0	0	2254867	0	29084124	8221100	300	0	300	83000
1785960738	64k	129	9588592	9585195	0	0	2254867	0	29084508	8221100	300	0	300	82000
1785960739	64k	130	9588592	9585196	0	0	2254867	0	29084004	8221100	300	0	300	83000
1785960741	64k	132	9588592	9585201	0	0	2254867	0	29084064	8221100	300	0	300	82000
1785960742	64k	133	9588592	9585195	0	0	2254867	0	29083572	8221100	300	0	300	80000
1785960743	64k	134	9588592	9585195	0	0	2254867	0	29080916	8221100	300	0	300	82000
1785960744	64k	135	9458544	9455159	0	0	2282680	0	29203684	8221116	304	0	304	83000
1785960745	64k	136	9614192	9610794	0	0	2376374	0	29054896	8221116	304	0	304	83000
1785960747	64k	138	9614192	9610795	0	0	2376374	0	29054916	8221116	304	0	304	84000
1785960748	64k	139	9614192	9610795	0	0	2376374	0	29054728	8221116	304	0	304	83000
1785960749	64k	140	9614192	9610803	0	0	2376374	0	29054096	8221116	304	0	304	82000
1785960750	64k	141	9614192	9610796	0	0	2376374	0	29053944	8221116	304	0	304	83000
1785960751	64k	142	9614192	9610794	0	0	2376374	0	29054008	8221116	304	0	304	79000
1785960753	64k	144	9475952	9472565	0	0	2484307	0	29025488	8221116	304	0	304	79000
1785960754	64k	145	9639792	9636396	0	0	2484307	0	29024284	8221116	304	0	304	83000
1785960755	64k	146	9639792	9636399	0	0	2484307	0	29023040	8221116	304	0	304	84000
1785960756	64k	147	9639792	9636403	0	0	2484307	0	29022436	8221116	304	0	304	83000
1785960757	64k	148	9639792	9636407	0	0	2484307	0	29020488	8221116	304	0	304	85000
1785960759	64k	150	9639792	9636395	0	0	2484307	0	29019928	8221116	304	0	304	83000
1785960760	64k	151	9639792	9636399	0	0	2484611	0	29134280	8221116	304	0	304	76000
1785960761	64k	152	9493552	9501983	0	0	2608595	0	29003552	8221116	304	0	304	79000
1785960762	64k	153	9665584	9662187	0	0	2608595	0	29001100	8221116	304	0	304	82000
1785960763	64k	154	9665584	9662193	0	0	2608595	0	29000848	8221116	304	0	304	83000
1785960765	64k	156	9665584	9662187	0	0	2608595	0	29000596	8221116	304	0	304	83000
1785960766	64k	157	9665584	9662188	0	0	2608595	0	28998980	8221116	304	0	304	76000
1785960767	64k	158	9665584	9662191	0	0	2608595	0	28999320	8221116	304	0	304	83000
1785960768	64k	159	9665584	9662187	0	0	2608851	0	29032412	8221224	331	0	331	77000
1785960769	64k	160	9510960	9507565	0	0	2739704	0	28947816	8221224	331	0	331	80000
1785960771	64k	162	9691184	9687787	0	0	2739704	0	28945340	8221236	333	0	333	86000
1785960772	64k	163	9691184	9687795	0	0	2739704	0	28948460	8221236	333	0	333	82000
1785960773	64k	164	9691184	9687787	0	0	2739704	0	28930964	8221240	334	0	334	80000
1785960774	64k	165	9691184	9687789	0	0	2739704	0	28940448	8221240	334	0	334	84000
1785960775	64k	166	9691184	9687787	0	0	2739704	0	28940124	8221240	334	0	334	84000
1785960776	64k	167	9691184	9687786	0	0	2739704	0	28941160	8221240	334	0	334	80000
1785960778	64k	169	9528368	9524979	0	0	2869127	0	28926836	8221240	334	0	334	78000
1785960779	64k	170	9716784	9713391	0	0	2869127	0	28925248	8221240	334	0	334	83000
1785960780	64k	171	9716784	9713387	0	0	2869127	0	28925352	8221240	334	0	334	83000
1785960781	64k	172	9716784	9713385	0	0	2869127	0	28925004	8221240	334	0	334	84000
1785960782	64k	173	9716784	9713389	0	0	2869127	0	28924864	8221240	334	0	334	85000
1785960784	64k	175	9716784	9713402	0	0	2869127	0	28924904	8221240	334	0	334	77000
1785960785	64k	176	9716784	9713387	0	0	2869383	0	29034240	8221252	337	0	337	79000
1785960786	64k	177	9545776	9542385	0	0	2983678	0	28891368	8221252	337	0	337	80000
1785960787	64k	178	9742384	9739000	0	0	2983678	0	28878312	8221260	339	0	339	85000
1785960788	64k	179	9742384	9738993	0	0	2983678	0	28877320	8221260	339	0	339	78000
1785960790	64k	181	9742384	9738987	0	0	2983678	0	28877320	8221260	339	0	339	84000
1785960791	64k	182	9742384	9738986	0	0	2983678	0	28877068	8221260	339	0	339	84000
1785960792	64k	183	9742384	9739000	0	0	2983678	0	28877068	8221260	339	0	339	85000
1785960793	64k	184	9742384	9738987	0	0	2983678	0	28877624	8221260	339	0	339	81000
1785960794	64k	185	9563372	9559975	0	0	3042884	0	29022492	8221260	339	0	339	73000
1785960796	64k	187	9768172	9764774	0	0	3117811	0	28862976	8221260	339	0	339	84000
1785960797	64k	188	9768172	9764786	0	0	3117811	0	28863292	8221260	339	0	339	84000
1785960798	64k	189	9768172	9764783	0	0	3117811	0	28863308	8221260	339	0	339	78000
1785960799	64k	190	9768172	9764783	0	0	3117811	0	28864228	8221260	339	0	339	85000
1785960800	64k	191	9768172	9764783	0	0	3117811	0	28864192	8221260	339	0	339	84000
1785960802	64k	193	9768172	9764774	0	0	3117811	0	28865468	8221260	339	0	339	78000
1785960803	64k	194	9580780	9577394	0	0	3145754	0	29054480	8221260	339	0	339	84000
1785960804	64k	195	9793772	9790383	0	0	3249619	0	28845068	8221260	339	0	339	84000
1785960805	64k	196	9793772	9790373	0	0	3249619	0	28840364	8221260	339	0	339	85000
1785960806	64k	197	9793772	9790375	0	0	3249619	0	28825348	8221264	340	0	340	85000
1785960808	64k	199	9793772	9790390	0	0	3249619	0	28816708	8221264	340	0	340	86000
1785960809	64k	200	9793772	9790379	0	0	3249619	0	28809776	8221264	340	0	340	78000
1785960810	64k	201	9793772	9790377	0	0	3249619	0	28809252	8221264	340	0	340	86000
1785960811	64k	202	9598188	9594790	0	0	3277657	0	29004768	8221264	340	0	340	86000
1785960812	64k	203	9819372	9815981	0	0	3387811	0	28776608	8221268	341	0	341	85000
1785960814	64k	205	9819372	9815973	0	0	3387811	0	28763376	8221268	341	0	341	85000
1785960815	64k	206	9819372	9815974	0	0	3387811	0	28808272	8221268	341	0	341	85000
1785960816	64k	207	9819372	9815990	0	0	3387811	0	28804796	8221268	341	0	341	85000
1785960817	64k	208	9819372	9815981	0	0	3387811	0	28802220	8221268	341	0	341	80000
1785960818	64k	209	9819372	9815974	0	0	3387811	0	28804824	8221268	341	0	341	79000
1785960819	64k	210	9615596	9612198	0	0	3415607	0	29007660	8221268	341	0	341	86000
1785960821	64k	212	9844972	9841575	0	0	3516493	0	28774132	8221296	341	0	348	84000
1785960822	64k	213	9844972	9841577	0	0	3516493	0	28780644	8221304	343	0	350	85000
1785960823	64k	214	9844972	9841579	0	0	3516493	0	28781156	8221304	343	0	350	85000
1785960824	64k	215	9844972	9841575	0	0	3516493	0	28781156	8221304	343	0	350	85000
1785960825	64k	216	9844972	9841581	0	0	3516493	0	28780904	8221304	343	0	350	86000
1785960827	64k	218	9844972	9841573	0	0	3516493	0	28780904	8221304	343	0	350	85000
1785960828	64k	219	9844972	9841574	0	0	3516493	0	28781016	8221304	343	0	350	82000
1785960829	64k	220	9633316	9629858	0	0	3544468	0	28955644	8221304	343	0	350	81000
1785960830	64k	221	9870884	9867421	0	0	3655979	0	28677544	8221304	343	0	350	84000
1785960831	64k	222	9870884	9867415	0	0	3655979	0	28632072	8221304	343	0	350	85000
1785960833	64k	224	9870884	9867415	0	0	3655979	0	28631820	8221304	343	0	350	86000
1785960834	64k	225	9870884	9867415	0	0	3655979	0	28633276	8221304	343	0	350	77000
1785960835	64k	226	9870884	9867419	0	0	3655979	0	28628144	8221304	343	0	350	85000
1785960836	64k	227	9870884	9867416	0	0	3655979	0	28628352	8221304	343	0	350	86000
1785960837	64k	228	9650724	9647255	0	0	3684010	0	28861552	8221304	343	0	350	85000
1785960838	64k	229	9896484	9893015	0	0	3788459	0	28623948	8221304	343	0	350	84000
1785960840	64k	231	9896484	9893017	0	0	3788459	0	28618984	8221304	343	0	350	82000
1785960841	64k	232	9896484	9893023	0	0	3788459	0	28613472	8221304	343	0	350	85000
1785960842	64k	233	9896484	9893023	0	0	3788459	0	28603152	8221304	343	0	350	85000
1785960843	64k	234	9896484	9893018	0	0	3788459	0	28622344	8221304	343	0	350	85000
1785960844	64k	235	9896484	9893018	0	0	3788459	0	28624476	8221304	343	0	350	86000
1785960846	64k	237	9896484	9893017	0	0	3788459	0	28626020	8221304	343	0	350	80000
1785960847	64k	238	9668132	9664666	0	0	3816306	0	28852756	8221304	343	0	350	82000
1785960848	64k	239	9922084	9918618	0	0	3930336	0	28610360	8221304	343	0	350	84000
1785960849	64k	240	9922084	9918618	0	0	3930336	0	28611096	8221304	343	0	350	84000
1785960850	64k	241	9922084	9918617	0	0	3930336	0	28610740	8221304	343	0	350	83000
1785960852	64k	243	9922084	9918622	0	0	3930336	0	28612300	8221304	343	0	350	84000
1785960853	64k	244	9922084	9918621	0	0	3930336	0	28602516	8221304	343	0	350	85000
1785960854	64k	245	9922084	9918618	0	0	3930336	0	28603672	8221304	343	0	350	83000
1785960855	64k	246	9685540	9682079	0	0	3958456	0	28847164	8221304	343	0	350	86000
1785960856	64k	247	9947684	9944221	0	0	4073478	0	28585192	8221304	343	0	350	86000
1785960858	64k	249	9947684	9944217	0	0	4073478	0	28584016	8221304	343	0	350	85000
1785960859	64k	250	9947684	9944262	0	0	4073480	0	28586252	8221304	343	0	350	78000
1785960860	64k	251	9947692	9944268	0	0	4073480	0	28586964	8221304	343	0	350	85000
1785960861	64k	252	9947692	9944270	0	0	4073480	0	28586460	8221304	343	0	350	85000
1785960862	64k	253	9947692	9944271	0	0	4073480	0	28586984	8221304	343	0	350	86000
1785960864	64k	255	9947692	9944271	0	0	4073531	0	28586680	8221304	343	0	350	78000
1785960865	64k	256	9703160	9699739	0	0	4126692	0	28814872	8221304	343	0	350	76000
1785960866	64k	257	9973496	9970073	0	0	4219881	0	28579416	8221304	343	0	350	85000
1785960867	64k	258	9973496	9970076	0	0	4219881	0	28579576	8221304	343	0	350	86000
1785960868	64k	259	9973496	9970076	0	0	4219881	0	28564440	8221304	343	0	350	85000
1785960870	64k	261	9973496	9970073	0	0	4219881	0	28556852	8221304	343	0	350	81000
1785960871	64k	262	9973496	9970076	0	0	4219881	0	28563092	8221304	343	0	350	88000
1785960872	64k	263	9973496	9970074	0	0	4219881	0	28560808	8221304	343	0	350	86000
1785960873	64k	264	9720568	9717149	0	0	4247650	0	28793368	8221304	343	0	350	86000
1785960874	64k	265	9999096	9995679	0	0	4366638	0	28531052	8221308	344	0	351	85000
1785960875	64k	266	9999096	9995673	0	0	4366638	0	28533256	8221308	344	0	351	85000
1785960877	64k	268	9999096	9995679	0	0	4366638	0	28539224	8221316	346	0	353	88000
1785960878	64k	269	9999096	9995675	0	0	4366638	0	28535384	8221316	346	0	353	85000
1785960879	64k	270	9999096	9995678	0	0	4366638	0	28530356	8221316	346	0	353	86000
1785960880	64k	271	9999096	9995673	0	0	4366638	0	28530104	8221316	346	0	353	85000
1785960881	64k	272	9999096	9995673	0	0	4366638	0	28530104	8221316	346	0	353	84000
1785960883	64k	274	9737976	9734559	0	0	4394540	0	28800996	8221316	346	0	353	86000
1785960884	64k	275	10024696	10021273	0	0	4513872	0	28512464	8221316	346	0	353	88000
1785960885	64k	276	10024696	10021273	0	0	4513872	0	28510528	8221316	346	0	353	84000
1785960886	64k	277	10024696	10021275	0	0	4513872	0	28508156	8221316	346	0	353	83000
1785960887	64k	278	10024696	10021279	0	0	4513872	0	28505780	8221316	346	0	353	85000
1785960889	64k	280	10024696	10021279	0	0	4513872	0	28512568	8221316	346	0	353	85000
1785960890	64k	281	10024696	10021273	0	0	4513872	0	28514128	8221316	346	0	353	88000
1785960891	64k	282	10024696	10021276	0	0	4513872	0	28515356	8221316	346	0	353	85000
1785960892	64k	283	9755384	9751962	0	0	4541791	0	28776516	8221316	346	0	353	86000
1785960894	64k	285	10050296	10046879	0	0	4672001	0	28471468	8221316	346	0	353	82000
1785960895	64k	286	10050296	10046877	0	0	4672001	0	28476524	8221316	346	0	353	84000
1785960896	64k	287	10050296	10046873	0	0	4672001	0	28461928	8221316	346	0	353	82000
1785960897	64k	288	10050296	10046875	0	0	4672001	0	28470796	8221316	346	0	353	88000
1785960898	64k	289	10050296	10046882	0	0	4672001	0	28470808	8221316	346	0	353	79000
1785960899	64k	290	10050296	10046882	0	0	4672001	0	28472720	8221316	346	0	353	85000
1785960901	64k	292	10050296	10046882	0	0	4672001	0	28474380	8221316	346	0	353	82000
1785960902	64k	293	9772992	9769579	0	0	4700078	0	28761804	8221316	346	0	353	85000
1785960903	64k	294	10076096	10072682	0	0	4825443	0	28459152	8221316	346	0	353	88000
1785960904	64k	295	10076096	10072682	0	0	4825443	0	28458768	8221316	346	0	353	88000
1785960905	64k	296	10076096	10072686	0	0	4825443	0	28455652	8221316	346	0	353	83000
1785960907	64k	298	10076096	10072683	0	0	4825443	0	28450616	8221316	346	0	353	88000
1785960908	64k	299	10076096	10072681	0	0	4825443	0	28451904	8221316	346	0	353	86000
1785960909	64k	300	10076096	10072686	0	0	4825443	0	28448692	8221316	346	0	353	88000
1785960910	64k	301	10076096	10072682	0	0	4825443	0	28434244	8221340	347	0	359	84000
1785960911	64k	302	9790400	9786986	0	0	4853172	0	28688500	8221376	348	0	368	82000
1785960913	64k	304	10101696	10098306	0	0	4984207	0	28500716	8221376	348	0	368	86000
1785960914	64k	305	10101696	10098311	0	0	4984207	0	28510512	8221376	348	0	368	86000
1785960915	64k	306	10101696	10098306	0	0	4984207	0	28514764	8221376	348	0	368	85000
1785960916	64k	307	10101696	10098311	0	0	4984207	0	28519736	8221376	348	0	368	85000
1785960917	64k	308	10101696	10098306	0	0	4984207	0	28521356	8221376	348	0	368	83000
1785960919	64k	310	10101696	10098307	0	0	4984207	0	28525760	8221376	348	0	368	86000
1785960920	64k	311	10101696	10098305	0	0	4984463	0	28672524	8221376	348	0	368	77000
1785960921	64k	312	9807808	9804426	0	0	5037434	0	28801928	8221376	348	0	368	79000
1785960922	64k	313	10127296	10123906	0	0	5138465	0	28501792	8221376	348	0	368	86000
1785960923	64k	314	10127296	10123911	0	0	5138465	0	28500840	8221376	348	0	368	85000
1785960925	64k	316	10127296	10123906	0	0	5138465	0	28508840	8221376	348	0	368	88000
1785960926	64k	317	10127296	10123906	0	0	5138465	0	28508096	8221376	348	0	368	81000
1785960927	64k	318	10127296	10123909	0	0	5138465	0	28507844	8221376	348	0	368	88000
1785960928	64k	319	10127296	10123909	0	0	5138465	0	28507592	8221376	348	0	368	86000
1785960929	64k	320	9810880	9807491	0	0	5166422	0	28800248	8221376	348	0	368	86000
1785960931	64k	322	10140172	10149507	0	0	5283151	0	28478864	8221376	348	0	368	86000
1785960932	64k	323	10152896	10149509	0	0	5283151	0	28479496	8221376	348	0	368	85000
1785960933	64k	324	10152896	10149514	0	0	5283151	0	28479392	8221380	349	0	369	84000
1785960934	64k	325	10152896	10149509	0	0	5283151	0	28474364	8221380	349	0	369	90000
1785960935	64k	326	10152896	10149515	0	0	5283151	0	28466264	8221380	349	0	369	83000
1785960937	64k	328	10152896	10149506	0	0	5283151	0	28445164	8221380	349	0	369	85000
1785960938	64k	329	10152896	10149506	0	0	5283151	0	28433100	8221380	349	0	369	85000
1785960939	64k	330	9832188	9834290	0	0	5311088	0	28747176	8221380	349	0	369	88000
1785960940	64k	331	10084576	10145122	0	0	5445950	0	28422892	8221408	356	0	376	86000
1785960941	64k	332	10178696	10175315	0	0	5445950	0	28414028	8221408	356	0	376	85000
1785960943	64k	334	10178696	10175306	0	0	5445950	0	28402616	8221408	356	0	376	88000
1785960944	64k	335	10178696	10175306	0	0	5445950	0	28385508	8221408	356	0	376	81000
1785960945	64k	336	10178696	10175304	0	0	5445950	0	28386924	8221408	356	0	376	81000
1785960946	64k	337	10178696	10175306	0	0	5445950	0	28375532	8221412	357	0	377	86000
1785960947	64k	338	10178696	10175308	0	0	5445950	0	28376456	8221412	357	0	377	82000
1785960949	64k	340	10178696	10175319	0	0	5446206	0	28490388	8221412	357	0	377	77000
1785960950	64k	341	9860232	9856842	0	0	5499637	0	28681592	8221412	357	0	377	81000
1785960951	64k	342	10204296	10200905	0	0	5602044	0	28352480	8221412	357	0	377	88000
1785960952	64k	343	10204296	10200905	0	0	5602044	0	28354036	8221412	357	0	377	86000
1785960953	64k	344	10204296	10200915	0	0	5602044	0	28357440	8221412	357	0	377	88000
1785960955	64k	346	10204296	10200906	0	0	5602044	0	28358120	8221416	358	0	378	82000
1785960956	64k	347	10204304	10200853	0	0	5602046	0	28219120	8221420	359	0	379	88000
1785960957	64k	348	10204304	10200886	0	0	5602046	0	28201708	8221420	359	0	379	90000
1785960958	64k	349	10204312	10200894	0	0	5602048	0	28201772	8221420	359	0	379	78000
1785960959	64k	350	9877656	9874238	0	0	5630148	0	28525492	8221420	359	0	379	85000
1785960961	64k	352	10229912	10226494	0	0	5760366	0	28183124	8221420	359	0	379	88000
1785960962	64k	353	10229912	10226495	0	0	5760366	0	28194052	8221420	359	0	379	84000
1785960963	64k	354	10229912	10226494	0	0	5760366	0	28199052	8221420	359	0	379	82000
1785960964	64k	355	10229912	10226494	0	0	5760366	0	28204172	8221420	359	0	379	88000
1785960965	64k	356	10229912	10226499	0	0	5760366	0	28208116	8221420	359	0	379	86000
1785960967	64k	358	10229912	10226502	0	0	5760366	0	28218420	8221420	359	0	379	88000
1785960968	64k	359	10229912	10226501	0	0	5760366	0	28222140	8221420	359	0	379	82000
1785960969	64k	360	9895064	9891649	0	0	5788319	0	28535652	8221420	359	0	379	86000
1785960970	64k	361	10255512	10252094	0	0	5907211	0	28203724	8221420	359	0	379	88000
1785960972	64k	363	10255512	10252094	0	0	5907211	0	28204480	8221420	359	0	379	80000
1785960973	64k	364	10255512	10252091	0	0	5907211	0	28204596	8221420	359	0	379	82000
1785960974	64k	365	10255512	10252093	0	0	5907211	0	28206092	8221420	359	0	379	86000
1785960975	64k	366	10255512	10252097	0	0	5907211	0	28205588	8221420	359	0	379	86000
1785960976	64k	367	10255512	10252093	0	0	5907211	0	28205588	8221420	359	0	379	88000
1785960978	64k	369	10255512	10252092	0	0	5907211	0	28205504	8221420	359	0	379	79000
1785960979	64k	370	9912672	9909259	0	0	5935072	0	28538840	8221420	359	0	379	88000
1785960980	64k	371	10281312	10277899	0	0	6068953	0	28178308	8221420	359	0	379	88000
1785960981	64k	372	10281312	10277900	0	0	6068953	0	28179064	8221420	359	0	379	85000
1785960982	64k	373	10281312	10277894	0	0	6068953	0	28178660	8221420	359	0	379	82000
1785960984	64k	375	10281312	10277893	0	0	6068953	0	28180132	8221420	359	0	379	88000
1785960985	64k	376	10281312	10277896	0	0	6068953	0	28180100	8221420	359	0	379	88000
1785960986	64k	377	10281312	10277898	0	0	6068953	0	28181312	8221420	359	0	379	88000
1785960987	64k	378	10281312	10277894	0	0	6068953	0	28181488	8221420	359	0	379	85000
1785960989	64k	380	9930080	9926666	0	0	6096831	0	28532288	8221420	359	0	379	88000
1785960990	64k	381	10306912	10303494	0	0	6234082	0	28158888	8221420	359	0	379	86000
1785960991	64k	382	10306912	10303494	0	0	6234082	0	28158328	8221420	359	0	379	85000
1785960992	64k	383	10306912	10303499	0	0	6234082	0	28157064	8221420	359	0	379	86000
1785960993	64k	384	10306912	10303493	0	0	6234082	0	28159812	8221420	359	0	379	88000
1785960995	64k	386	10306912	10303494	0	0	6234082	0	28150924	8221420	359	0	379	90000
1785960996	64k	387	10306912	10303492	0	0	6234082	0	28145576	8221420	359	0	379	85000
1785960997	64k	388	10306912	10303501	0	0	6234082	0	28145344	8221420	359	0	379	86000
1785960998	64k	389	9947488	9944070	0	0	6262231	0	28510496	8221420	359	0	379	88000
1785960999	64k	390	10332512	10329094	0	0	6397088	0	28134520	8221420	359	0	379	88000
1785961001	64k	392	10332512	10329094	0	0	6397088	0	28135224	8221420	359	0	379	88000
1785961002	64k	393	10332512	10329093	0	0	6397100	0	28135116	8221420	359	0	379	89000
1785961003	64k	394	10332512	10329100	0	0	6397100	0	28138392	8221420	359	0	379	85000
1785961004	64k	395	10332512	10329092	0	0	6397100	0	28139936	8221420	359	0	379	82000
1785961005	64k	396	10332512	10329093	0	0	6397100	0	28136272	8221420	359	0	379	89000
1785961007	64k	398	10332512	10329096	0	0	6397100	0	28130372	8221420	359	0	379	88000
1785961008	64k	399	10332512	10329098	0	0	6397100	0	28131164	8221420	359	0	379	86000
1785961009	64k	400	9964896	9961477	0	0	6442332	0	28491344	8221420	359	0	379	79000
1785961010	64k	401	10358112	10354694	0	0	6550938	0	28111460	8221420	359	0	379	81000
1785961011	64k	402	10358112	10354692	0	0	6550938	0	28098244	8221420	359	0	379	88000
1785961013	64k	404	10358112	10354696	0	0	6550938	0	28095092	8221420	359	0	379	82000
1785961014	64k	405	10358112	10354693	0	0	6550938	0	28094336	8221420	359	0	379	88000
1785961015	64k	406	10358112	10354699	0	0	6550938	0	28118892	8221420	359	0	379	88000
1785961016	64k	407	10358112	10354694	0	0	6550938	0	28118892	8221420	359	0	379	88000
1785961017	64k	408	10358112	10354693	0	0	6550938	0	28118652	8221420	359	0	379	86000
1785961019	64k	410	9982504	9979086	0	0	6578908	0	28485296	8221420	359	0	379	90000
1785961020	64k	411	10383912	10380496	0	0	6719383	0	28084064	8221420	359	0	379	83000
1785961021	64k	412	10383912	10380493	0	0	6719383	0	28081584	8221420	359	0	379	82000
1785961022	64k	413	10383912	10380493	0	0	6719383	0	28073408	8221420	359	0	379	89000
1785961023	64k	414	10383912	10380493	0	0	6719383	0	28112688	8221428	360	0	380	88000
1785961024	64k	415	10383912	10380491	0	0	6719383	0	28117668	8221428	360	0	380	81000
1785961026	64k	417	10383912	10380496	0	0	6719383	0	28118772	8221428	360	0	380	85000
1785961027	64k	418	10383912	10380491	0	0	6719383	0	28117952	8221428	360	0	380	86000
1785961028	64k	419	10383912	10380499	0	0	6719383	0	28114484	8221428	360	0	380	79000
1785961029	64k	420	9999912	9996491	0	0	6746943	0	28498020	8221428	360	0	380	86000
1785961030	64k	421	10409512	10406091	0	0	6891653	0	28107508	8221428	360	0	380	87000
1785961031	64k	422	10409512	10406091	0	0	6891653	0	28118452	8221428	360	0	380	82000
1785961033	64k	424	10409512	10406096	0	0	6891653	0	27955776	8221488	375	0	395	89000
1785961034	64k	425	10409512	10406091	0	0	6891654	0	27885752	8224492	1126	0	1146	83000
1785961035	64k	426	10409512	10406098	0	0	6891654	0	27877984	8224496	1127	0	1147	79000
1785961036	64k	427	10409512	10406122	0	0	6891654	0	28065648	8224500	1128	0	1148	89000
1785961037	64k	428	10409512	10406122	0	0	6891654	0	28103832	8224544	1136	0	1157	88000
1785961039	64k	430	10409512	10406120	0	0	6891654	0	28117456	8224544	1136	0	1157	84000
1785961040	64k	431	10017320	10013930	0	0	6919496	0	28523392	8224544	1136	0	1157	85000
1785961041	64k	432	10435112	10431719	0	0	7064671	0	28152372	8224544	1136	0	1157	88000
1785961042	64k	433	10435112	10431722	0	0	7064671	0	28154480	8224544	1136	0	1157	86000
1785961043	64k	434	10435112	10431719	0	0	7064671	0	28157488	8224544	1136	0	1157	79000
1785961045	64k	436	10435112	10431720	0	0	7064671	0	28161136	8224544	1136	0	1157	81000
1785961046	64k	437	10435112	10431720	0	0	7064671	0	28168132	8224544	1136	0	1157	86000
1785961047	64k	438	10435112	10431731	0	0	7064671	0	28170772	8224544	1136	0	1157	83000
1785961048	64k	439	10435112	10431726	0	0	7064671	0	28172836	8224544	1136	0	1157	86000
1785961049	64k	440	10034728	10031336	0	0	7092740	0	28563776	8224552	1138	0	1159	86000
1785961051	64k	442	10460712	10457331	0	0	7227062	0	28131400	8224552	1138	0	1159	89000
1785961052	64k	443	10460712	10457320	0	0	7227062	0	28123656	8224552	1138	0	1159	88000
1785961053	64k	444	10460712	10457319	0	0	7227062	0	28121188	8224552	1138	0	1159	88000
1785961054	64k	445	10460712	10457324	0	0	7227062	0	28115860	8224552	1138	0	1159	90000
1785961055	64k	446	10460712	10457320	0	0	7227062	0	28105340	8224592	1148	0	1169	86000
1785961057	64k	448	10460712	10457331	0	0	7227062	0	28108280	8224592	1148	0	1169	88000
1785961058	64k	449	10460712	10457319	0	0	7227062	0	28090324	8224592	1148	0	1169	86000
1785961059	64k	450	10460712	10457319	0	0	7227062	0	28091496	8224592	1148	0	1169	81000
1785961060	64k	451	10052336	10048941	0	0	7255260	0	28523052	8224592	1148	0	1169	89000
1785961061	64k	452	10486512	10483117	0	0	7404155	0	28126608	8224592	1148	0	1169	88000
1785961063	64k	454	10486512	10483128	0	0	7404155	0	28125320	8224592	1148	0	1169	84000
1785961064	64k	455	10486512	10483114	0	0	7404155	0	28126456	8224592	1148	0	1169	86000
1785961065	64k	456	10486512	10483114	0	0	7404155	0	28127704	8224592	1148	0	1169	88000
1785961066	64k	457	10486512	10483114	0	0	7404155	0	28111836	8224592	1148	0	1169	89000
1785961068	64k	459	10486512	10483115	0	0	7404155	0	28119964	8224592	1148	0	1169	86000
1785961069	64k	460	10486512	10483117	0	0	7404155	0	28122108	8224592	1148	0	1169	89000
1785961070	64k	461	10358508	10049960	0	0	7404412	0	28554468	8224592	1148	0	1169	81000
1785961071	64k	462	10069744	10066353	0	0	7457320	0	28527184	8224592	1148	0	1169	78000
1785961072	64k	463	10512112	10508715	0	0	7577689	0	28099612	8224592	1148	0	1169	87000
1785961074	64k	465	10512112	10508716	0	0	7577689	0	28098924	8224592	1148	0	1169	88000
1785961075	64k	466	10512112	10508716	0	0	7577689	0	28099512	8224592	1148	0	1169	79000
1785961076	64k	467	10512112	10508716	0	0	7577689	0	28098948	8224592	1148	0	1169	88000
1785961077	64k	468	10512112	10508715	0	0	7577689	0	28099296	8224592	1148	0	1169	85000
1785961078	64k	469	10512112	10508716	0	0	7577689	0	28099044	8224592	1148	0	1169	84000
1785961080	64k	471	10512112	10508727	0	0	7577689	0	28092120	8224592	1148	0	1169	88000
1785961081	64k	472	10087152	10083759	0	0	7605672	0	28505104	8224592	1148	0	1169	88000
1785961082	64k	473	10537712	10534330	0	0	7759565	0	28060220	8224592	1148	0	1169	88000
1785961083	64k	474	10537712	10534314	0	0	7759565	0	28062052	8224592	1148	0	1169	85000
1785961084	64k	475	10537712	10534315	0	0	7759565	0	28065808	8224592	1148	0	1169	88000
1785961086	64k	477	10537712	10534317	0	0	7759565	0	28068820	8224592	1148	0	1169	88000
1785961087	64k	478	10537712	10534317	0	0	7759565	0	28072360	8224592	1148	0	1169	82000
1785961088	64k	479	10537712	10534314	0	0	7759565	0	28072592	8224592	1148	0	1169	86000
1785961089	64k	480	10537712	10534323	0	0	7759565	0	28077944	8224592	1148	0	1169	79000
1785961091	64k	482	10537712	10534323	0	0	7759565	0	28078040	8224592	1148	0	1169	81000
1785961092	64k	483	10104560	10101173	0	0	7787624	0	28503408	8224592	1148	0	1169	88000
1785961093	64k	484	10563312	10559915	0	0	7962182	0	28062132	8224592	1148	0	1169	88000
1785961094	64k	485	10563312	10559914	0	0	7962182	0	28062240	8224592	1148	0	1169	84000
1785961095	64k	486	10563312	10559914	0	0	7962182	0	28060264	8224592	1148	0	1169	88000
1785961097	64k	488	10563312	10559914	0	0	7962182	0	28059492	8224592	1148	0	1169	84000
1785961098	64k	489	10563312	10559923	0	0	7962182	0	28058900	8224592	1148	0	1169	84000
1785961099	64k	490	10563312	10559914	0	0	7962182	0	28059488	8224592	1148	0	1169	86000
1785961100	64k	491	10563312	10559917	0	0	7962182	0	28060244	8224592	1148	0	1169	81000
1785961101	64k	492	10563312	10559919	0	0	7962182	0	28059404	8224592	1148	0	1169	89000
1785961103	64k	494	10122168	10118784	0	0	7990116	0	28481924	8224592	1148	0	1169	86000
1785961104	64k	495	10589112	10585728	0	0	8148673	0	28036064	8224592	1148	0	1169	89000
1785961105	64k	496	10589112	10585717	0	0	8148673	0	28035812	8224592	1148	0	1169	89000
1785961106	64k	497	10589112	10585719	0	0	8148673	0	28035812	8224592	1148	0	1169	81000
1785961108	64k	499	10589112	10585721	0	0	8148673	0	28035056	8224592	1148	0	1169	88000
1785961109	64k	500	10589112	10585723	0	0	8148673	0	28034804	8224592	1148	0	1169	86000
1785961110	64k	501	10589112	10585714	0	0	8148673	0	28034564	8224592	1148	0	1169	79000
1785961111	64k	502	10589112	10585721	0	0	8148673	0	28034564	8224592	1148	0	1169	82000
1785961112	64k	503	10125240	10121847	0	0	8176694	0	28479372	8224592	1148	0	1169	89000
1785961114	64k	505	10155960	10152569	0	0	8332993	0	28006424	8224592	1148	0	1169	85000
1785961115	64k	506	10614712	10611313	0	0	8332993	0	28006564	8224592	1148	0	1169	89000
1785961116	64k	507	10614712	10611314	0	0	8332993	0	28007548	8224592	1148	0	1169	88000
1785961117	64k	508	10614712	10611321	0	0	8332993	0	28008848	8224592	1148	0	1169	86000
1785961119	64k	510	10614712	10611321	0	0	8332993	0	28009392	8224592	1148	0	1169	86000
1785961120	64k	511	10614712	10611327	0	0	8332993	0	28010532	8224592	1148	0	1169	88000
1785961121	64k	512	10614712	10611313	0	0	8332993	0	28010812	8224592	1148	0	1169	85000
1785961122	64k	513	10614712	10611321	0	0	8332993	0	28010784	8224592	1148	0	1169	89000
1785961123	64k	514	10156984	10153593	0	0	8360960	0	28456476	8224592	1148	0	1169	88000
1785961125	64k	516	10640312	10636914	0	0	8521547	0	27983620	8224592	1148	0	1169	89000
1785961126	64k	517	10640312	10636929	0	0	8521547	0	27982612	8224592	1148	0	1169	85000
1785961127	64k	518	10640312	10636913	0	0	8521547	0	27981868	8224592	1148	0	1169	88000
1785961128	64k	519	10640312	10636915	0	0	8521547	0	27981868	8224592	1148	0	1169	88000
1785961129	64k	520	10640312	10636913	0	0	8521547	0	27981364	8224592	1148	0	1169	88000
1785961131	64k	522	10640312	10636914	0	0	8521547	0	27979712	8224592	1148	0	1169	89000
1785961132	64k	523	10640312	10636913	0	0	8521547	0	27979496	8224592	1148	0	1169	83000
1785961133	64k	524	10640312	10636913	0	0	8521547	0	27978752	8224592	1148	0	1169	86000
1785961134	64k	525	10174392	10170996	0	0	8549419	0	28439940	8224592	1148	0	1169	89000
1785961135	64k	526	10665912	10662523	0	0	8720495	0	27958004	8224592	1148	0	1169	89000
1785961137	64k	528	10665912	10662519	0	0	8720495	0	27955188	8224592	1148	0	1169	88000
1785961138	64k	529	10665912	10662523	0	0	8720495	0	27954432	8224592	1148	0	1169	88000
1785961139	64k	530	10665912	10662516	0	0	8720495	0	27954180	8224592	1148	0	1169	88000
1785961140	64k	531	10665912	10662512	0	0	8720495	0	27954184	8224592	1148	0	1169	84000
1785961141	64k	532	10665912	10662525	0	0	8720495	0	27951940	8224592	1148	0	1169	86000
1785961143	64k	534	10665912	10662514	0	0	8720495	0	27952400	8224592	1148	0	1169	89000
1785961144	64k	535	10665912	10662521	0	0	8720495	0	27952484	8224592	1148	0	1169	85000
1785961145	64k	536	10191996	10188596	0	0	8748285	0	28414852	8224592	1148	0	1169	89000
1785961146	64k	537	10691708	10688326	0	0	8913539	0	27932284	8224592	1148	0	1169	89000
1785961148	64k	539	10691708	10688310	0	0	8913539	0	27929812	8224592	1148	0	1169	88000
1785961149	64k	540	10691708	10688311	0	0	8913539	0	27929176	8224592	1148	0	1169	88000
1785961150	64k	541	10691708	10688324	0	0	8913539	0	27929204	8224592	1148	0	1169	89000
1785961151	64k	542	10691708	10688308	0	0	8913539	0	27929608	8224592	1148	0	1169	86000
1785961152	64k	543	10691708	10688310	0	0	8913539	0	27929244	8224592	1148	0	1169	89000
1785961154	64k	545	10691708	10688310	0	0	8913539	0	27928472	8224592	1148	0	1169	88000
1785961155	64k	546	10691708	10688310	0	0	8913539	0	27928184	8224592	1148	0	1169	86000
1785961156	64k	547	10209404	10206006	0	0	8941551	0	28402948	8224592	1148	0	1169	86000
1785961157	64k	548	10717308	10713910	0	0	9105063	0	27902020	8224592	1148	0	1169	88000
1785961159	64k	550	10717308	10713911	0	0	9105063	0	27900872	8224592	1148	0	1169	85000
1785961160	64k	551	10717308	10713910	0	0	9105063	0	27901480	8224592	1148	0	1169	84000
1785961161	64k	552	10717308	10713910	0	0	9105063	0	27900328	8224592	1148	0	1169	88000
1785961162	64k	553	10717308	10713915	0	0	9105063	0	27899336	8224592	1148	0	1169	86000
1785961163	64k	554	10717308	10713911	0	0	9105063	0	27900064	8224592	1148	0	1169	88000
1785961165	64k	556	10717308	10713913	0	0	9105063	0	27901744	8224592	1148	0	1169	89000
1785961166	64k	557	10717308	10713921	0	0	9105063	0	27900988	8224592	1148	0	1169	89000
1785961167	64k	558	10226812	10223430	0	0	9132922	0	28395136	8224592	1148	0	1169	89000
1785961168	64k	559	10742908	10739526	0	0	9299967	0	27876492	8224592	1148	0	1169	89000
1785961169	64k	560	10742908	10739510	0	0	9299967	0	27875008	8224592	1148	0	1169	86000
1785961171	64k	562	10742908	10739521	0	0	9299967	0	27873748	8224592	1148	0	1169	89000
1785961172	64k	563	10742908	10739515	0	0	9299967	0	27873748	8224592	1148	0	1169	86000
1785961173	64k	564	10742908	10739526	0	0	9299967	0	27873748	8224592	1148	0	1169	86000
1785961174	64k	565	10742908	10739519	0	0	9299967	0	27873748	8224592	1148	0	1169	82000
1785961176	64k	567	10742908	10739510	0	0	9299967	0	27872500	8224592	1148	0	1169	86000
1785961177	64k	568	10742908	10739526	0	0	9299967	0	27873300	8224592	1148	0	1169	89000
1785961178	64k	569	10244220	10240829	0	0	9327822	0	28364552	8224592	1148	0	1169	88000
1785961179	64k	570	10768508	10765121	0	0	9501531	0	27854416	8224592	1148	0	1169	86000
1785961180	64k	571	10768508	10765108	0	0	9501531	0	27852284	8224592	1148	0	1169	86000
1785961182	64k	573	10768508	10765110	0	0	9501531	0	27851400	8224592	1148	0	1169	88000
1785961183	64k	574	10768508	10765110	0	0	9501531	0	27850896	8224592	1148	0	1169	86000
1785961184	64k	575	10768508	10765110	0	0	9501531	0	27849900	8224592	1148	0	1169	89000
1785961185	64k	576	10768508	10765110	0	0	9501531	0	27849648	8224592	1148	0	1169	89000
1785961187	64k	578	10768508	10765111	0	0	9501531	0	27849648	8224592	1148	0	1169	82000
1785961188	64k	579	10768508	10765111	0	0	9501531	0	27849396	8224592	1148	0	1169	82000
1785961189	64k	580	10692316	10242050	0	0	9501840	0	28363476	8224592	1148	0	1169	85000
1785961190	64k	581	10261836	10258439	0	0	9529433	0	28350020	8224592	1148	0	1169	85000
1785961191	64k	582	10794316	10790919	0	0	9703184	0	27827232	8224592	1148	0	1169	88000
1785961193	64k	584	10794316	10790929	0	0	9703184	0	27826200	8224592	1148	0	1169	89000
1785961194	64k	585	10794316	10790919	0	0	9703184	0	27826060	8224592	1148	0	1169	86000
1785961195	64k	586	10794316	10790919	0	0	9703184	0	27823956	8224592	1148	0	1169	89000
1785961196	64k	587	10794316	10790925	0	0	9703184	0	27824664	8224592	1148	0	1169	86000
1785961197	64k	588	10794316	10790919	0	0	9703184	0	27824668	8224592	1148	0	1169	88000
1785961199	64k	590	10794316	10790927	0	0	9703184	0	27824668	8224592	1148	0	1169	89000
1785961200	64k	591	10794316	10790917	0	0	9703184	0	27822912	8224592	1148	0	1169	85000
1785961201	64k	592	10279244	10275845	0	0	9731029	0	28334568	8224592	1148	0	1169	86000
1785961202	64k	593	10819916	10816519	0	0	9907313	0	27798060	8224592	1148	0	1169	85000
1785961204	64k	595	10819916	10816517	0	0	9907313	0	27797052	8224592	1148	0	1169	82000
1785961205	64k	596	10819916	10816519	0	0	9907313	0	27796840	8224592	1148	0	1169	89000
1785961206	64k	597	10819916	10816516	0	0	9907313	0	27795860	8224592	1148	0	1169	83000
1785961207	64k	598	10819916	10816524	0	0	9907313	0	27795340	8224592	1148	0	1169	79000
1785961208	64k	599	10819916	10816519	0	0	9907313	0	27795340	8224592	1148	0	1169	88000
1785961210	64k	601	10819916	10816516	0	0	9907313	0	27795088	8224592	1148	0	1169	89000
1785961211	64k	602	10819916	10816517	0	0	9907313	0	27794960	8224592	1148	0	1169	88000
1785961212	64k	603	10296652	10293252	0	0	9935078	0	28311028	8224592	1148	0	1169	84000
1785961213	64k	604	10845516	10842116	0	0	10110677	0	27766344	8224592	1148	0	1169	89000
1785961214	64k	605	10845516	10842116	0	0	10110677	0	27764968	8224592	1148	0	1169	85000
1785961216	64k	607	10845516	10842117	0	0	10110677	0	27764464	8224592	1148	0	1169	89000
1785961217	64k	608	10845516	10842128	0	0	10110677	0	27764464	8224592	1148	0	1169	89000
1785961218	64k	609	10845516	10842117	0	0	10110677	0	27764464	8224592	1148	0	1169	88000
1785961219	64k	610	10845516	10842117	0	0	10110677	0	27764212	8224592	1148	0	1169	88000
1785961221	64k	612	10845516	10842117	0	0	10110677	0	27763896	8224592	1148	0	1169	86000
1785961222	64k	613	10845516	10842121	0	0	10110677	0	27763500	8224592	1148	0	1169	90000
1785961223	64k	614	10314060	10310668	0	0	10138449	0	28299160	8224592	1148	0	1169	88000
1785961224	64k	615	10330444	10327045	0	0	10313945	0	27738656	8224592	1148	0	1169	84000
1785961225	64k	616	10871116	10867719	0	0	10313945	0	27736776	8224592	1148	0	1169	90000
1785961227	64k	618	10871116	10867716	0	0	10313945	0	27736420	8224592	1148	0	1169	83000
1785961228	64k	619	10871116	10867715	0	0	10313945	0	27735696	8224592	1148	0	1169	82000
1785961229	64k	620	10871116	10867716	0	0	10313945	0	27737616	8224592	1148	0	1169	90000
1785961230	64k	621	10871116	10867715	0	0	10313945	0	27738696	8224592	1148	0	1169	89000
1785961231	64k	622	10871116	10867715	0	0	10313945	0	27738868	8224592	1148	0	1169	86000
1785961233	64k	624	10871116	10867717	0	0	10313945	0	27738516	8224592	1148	0	1169	87000
1785961234	64k	625	10871116	10867721	0	0	10313945	0	27737548	8224592	1148	0	1169	85000
1785961235	64k	626	10331668	10328269	0	0	10341834	0	28285048	8224592	1148	0	1169	88000
1785961236	64k	627	10896916	10893519	0	0	10525148	0	27725608	8224592	1148	0	1169	89000
1785961238	64k	629	10896916	10893517	0	0	10525148	0	27725244	8224592	1148	0	1169	82000
1785961239	64k	630	10896916	10893517	0	0	10525148	0	27723844	8224592	1148	0	1169	89000
1785961240	64k	631	10896916	10893519	0	0	10525148	0	27723844	8224592	1148	0	1169	88000
1785961241	64k	632	10896916	10893519	0	0	10525148	0	27723844	8224592	1148	0	1169	79000
1785961242	64k	633	10896916	10893517	0	0	10525148	0	27723844	8224592	1148	0	1169	89000
1785961244	64k	635	10896916	10893525	0	0	10525148	0	27723592	8224592	1148	0	1169	89000
1785961245	64k	636	10896916	10893530	0	0	10525148	0	27723340	8224592	1148	0	1169	86000
1785961246	64k	637	10349076	10345686	0	0	10553169	0	28272664	8224592	1148	0	1169	88000
1785961247	64k	638	10922516	10919124	0	0	10730714	0	27689820	8224592	1148	0	1169	89000
1785961249	64k	640	10922516	10919130	0	0	10730714	0	27688588	8224592	1148	0	1169	85000
1785961250	64k	641	10922516	10919130	0	0	10730714	0	27688684	8224592	1148	0	1169	90000
1785961251	64k	642	10922516	10919130	0	0	10730714	0	27688468	8224592	1148	0	1169	83000
1785961252	64k	643	10922516	10919119	0	0	10730714	0	27687964	8224592	1148	0	1169	82000
1785961253	64k	644	10922516	10919122	0	0	10730714	0	27687712	8224592	1148	0	1169	90000
1785961255	64k	646	10922516	10919124	0	0	10730714	0	27687716	8224592	1148	0	1169	86000
1785961256	64k	647	10922516	10919122	0	0	10730714	0	27689156	8224592	1148	0	1169	88000
1785961257	64k	648	10922516	10919122	0	0	10730714	0	27689156	8224592	1148	0	1169	86000
1785961258	64k	649	10366484	10363103	0	0	10758760	0	28253408	8224592	1148	0	1169	86000
1785961259	64k	650	10948116	10944728	0	0	10936560	0	27674972	8224592	1148	0	1169	88000
1785961261	64k	652	10948116	10944722	0	0	10936560	0	27675004	8224592	1148	0	1169	86000
1785961262	64k	653	10948116	10944722	0	0	10936560	0	27674260	8224592	1148	0	1169	83000
1785961263	64k	654	10948116	10944721	0	0	10936560	0	27673768	8224592	1148	0	1169	90000
1785961264	64k	655	10948116	10944726	0	0	10936560	0	27673264	8224592	1148	0	1169	88000
1785961265	64k	656	10948116	10944721	0	0	10936560	0	27673288	8224592	1148	0	1169	89000
1785961267	64k	658	10948116	10944724	0	0	10936560	0	27673036	8224592	1148	0	1169	85000
1785961268	64k	659	10948116	10944722	0	0	10936560	0	27674480	8224592	1148	0	1169	89000
1785961269	64k	660	10383892	10380500	0	0	10964211	0	28247216	8224592	1148	0	1169	90000
1785961270	64k	661	10383892	10380502	0	0	10989441	0	28233384	8224592	1148	0	1169	82000
1785961271	64k	662	10973716	10970327	0	0	11149673	0	27650680	8224592	1148	0	1169	83000
1785961273	64k	664	10973716	10970320	0	0	11149673	0	27650040	8224592	1148	0	1169	90000
1785961274	64k	665	10973716	10970320	0	0	11149673	0	27648932	8224592	1148	0	1169	86000
1785961275	64k	666	10973716	10970328	0	0	11149673	0	27648048	8224592	1148	0	1169	86000
1785961276	64k	667	10973716	10970324	0	0	11149673	0	27648412	8224592	1148	0	1169	85000
1785961277	64k	668	10973716	10970320	0	0	11149673	0	27648108	8224592	1148	0	1169	90000
1785961279	64k	670	10973716	10970326	0	0	11149673	0	27646868	8224592	1148	0	1169	90000
1785961280	64k	671	10973716	10970335	0	0	11149673	0	27647288	8224592	1148	0	1169	82000
1785961281	64k	672	10401500	10398108	0	0	11177519	0	28196408	8224592	1148	0	1169	90000
1785961282	64k	673	10999516	10996122	0	0	11358275	0	27618516	8224592	1148	0	1169	88000
1785961284	64k	675	10999516	10996120	0	0	11358275	0	27617312	8224592	1148	0	1169	89000
1785961285	64k	676	10999516	10996120	0	0	11358275	0	27617060	8224592	1148	0	1169	89000
1785961286	64k	677	10999516	10996118	0	0	11358275	0	27616316	8224592	1148	0	1169	85000
1785961287	64k	678	10999516	10996120	0	0	11358275	0	27616064	8224592	1148	0	1169	89000
1785961288	64k	679	10999516	10996130	0	0	11358275	0	27616064	8224592	1148	0	1169	89000
1785961290	64k	681	10999516	10996118	0	0	11358275	0	27616244	8224592	1148	0	1169	82000
1785961291	64k	682	10999516	10996119	0	0	11358275	0	27615728	8224592	1148	0	1169	86000
1785961292	64k	683	10999516	10996125	0	0	11358531	0	27718480	8224592	1148	0	1169	78000
1785961293	64k	684	10418908	10415511	0	0	11386175	0	28185932	8224592	1148	0	1169	89000
1785961295	64k	686	11025116	11021731	0	0	11571785	0	27592024	8224592	1148	0	1169	88000
1785961296	64k	687	11025116	11021719	0	0	11571785	0	27590720	8224592	1148	0	1169	86000
1785961297	64k	688	11025116	11021718	0	0	11571785	0	27590468	8224592	1148	0	1169	89000
1785961298	64k	689	11025116	11021729	0	0	11571785	0	27590216	8224592	1148	0	1169	89000
1785961299	64k	690	11025116	11021727	0	0	11571785	0	27589724	8224592	1148	0	1169	81000
1785961301	64k	692	11025116	11021723	0	0	11571785	0	27589976	8224592	1148	0	1169	89000
1785961302	64k	693	11025116	11021720	0	0	11571785	0	27589976	8224592	1148	0	1169	88000
1785961303	64k	694	11025116	11021721	0	0	11571785	0	27589976	8224592	1148	0	1169	86000
1785961304	64k	695	10436316	10432918	0	0	11599841	0	28176904	8224592	1148	0	1169	83000
1785961306	64k	697	10452700	10449306	0	0	11787657	0	27573904	8224592	1148	0	1169	85000
1785961307	64k	698	11050716	11047323	0	0	11787657	0	27572868	8224592	1148	0	1169	90000
1785961308	64k	699	11050716	11047327	0	0	11787657	0	27572524	8224592	1148	0	1169	85000
1785961309	64k	700	11050716	11047327	0	0	11787657	0	27572524	8224592	1148	0	1169	86000
1785961310	64k	701	11050716	11047319	0	0	11787657	0	27572284	8224592	1148	0	1169	89000
1785961312	64k	703	11050716	11047321	0	0	11787657	0	27572288	8224592	1148	0	1169	81000
1785961313	64k	704	11050716	11047319	0	0	11787657	0	27571784	8224592	1148	0	1169	90000
1785961314	64k	705	11050716	11047319	0	0	11787657	0	27571532	8224592	1148	0	1169	88000
1785961315	64k	706	11050716	11047322	0	0	11787657	0	27571532	8224592	1148	0	1169	84000
1785961316	64k	707	10453724	10450330	0	0	11815610	0	28167036	8224592	1148	0	1169	89000
1785961318	64k	709	11076316	11072919	0	0	11995038	0	27527284	8224592	1148	0	1169	88000
1785961319	64k	710	11076316	11072927	0	0	11995038	0	27527036	8224592	1148	0	1169	88000
1785961320	64k	711	11076316	11072923	0	0	11995038	0	27527732	8224592	1148	0	1169	86000
1785961321	64k	712	11076316	11072920	0	0	11995038	0	27527984	8224592	1148	0	1169	82000
1785961323	64k	714	11076316	11072920	0	0	11995038	0	27528404	8224592	1148	0	1169	88000
1785961324	64k	715	11076316	11072920	0	0	11995040	0	27527140	8224592	1148	0	1169	86000
1785961325	64k	716	11076316	11072916	0	0	11995040	0	27526860	8224592	1148	0	1169	88000
1785961326	64k	717	11076316	11072917	0	0	11995040	0	27527212	8224592	1148	0	1169	89000
1785961327	64k	718	11076316	11072917	0	0	11995040	0	27526508	8224592	1148	0	1169	82000
1785961329	64k	720	10471332	10467935	0	0	12023036	0	28137180	8224592	1148	0	1169	86000
1785961330	64k	721	11102116	11098719	0	0	12206703	0	27499744	8224592	1148	0	1169	90000
1785961331	64k	722	11102116	11098730	0	0	12206703	0	27499492	8224592	1148	0	1169	88000
1785961332	64k	723	11102116	11098724	0	0	12206703	0	27499240	8224592	1148	0	1169	86000
1785961334	64k	725	11102116	11098717	0	0	12206703	0	27498636	8224592	1148	0	1169	86000
1785961335	64k	726	11102116	11098717	0	0	12206703	0	27497500	8224592	1148	0	1169	88000
1785961336	64k	727	11102116	11098728	0	0	12206703	0	27498412	8224592	1148	0	1169	88000
1785961337	64k	728	11102116	11098719	0	0	12206703	0	27499212	8224592	1148	0	1169	86000
1785961338	64k	729	11102116	11098724	0	0	12206703	0	27499124	8224636	1157	0	1180	90000
1785961340	64k	731	11102116	11098720	0	0	12206703	0	27498380	8224636	1157	0	1180	85000
1785961341	64k	732	10488740	10485350	0	0	12234770	0	28097888	8224636	1157	0	1180	87000
1785961342	64k	733	11127716	11124317	0	0	12432550	0	27473688	8224636	1157	0	1180	89000
1785961343	64k	734	11127716	11124316	0	0	12432550	0	27476308	8224636	1157	0	1180	86000
1785961344	64k	735	11127716	11124320	0	0	12432550	0	27478604	8224636	1157	0	1180	88000
1785961346	64k	737	11127716	11124330	0	0	12432550	0	27483056	8224636	1157	0	1180	85000
1785961347	64k	738	11127716	11124326	0	0	12432550	0	27485336	8224636	1157	0	1180	89000
1785961348	64k	739	11127716	11124319	0	0	12432550	0	27486320	8224636	1157	0	1180	82000
1785961349	64k	740	11127716	11124328	0	0	12432550	0	27487236	8224636	1157	0	1180	82000
1785961351	64k	742	11127716	11124316	0	0	12432550	0	27488440	8224636	1157	0	1180	89000
1785961352	64k	743	11127716	11124316	0	0	12432550	0	27490708	8224636	1157	0	1180	84000
1785961353	64k	744	10506148	10502749	0	0	12460588	0	28113036	8224636	1157	0	1180	86000
1785961354	64k	745	11153316	11149921	0	0	12650523	0	27451400	8224636	1157	0	1180	89000
1785961355	64k	746	11153316	11149921	0	0	12650523	0	27451400	8224636	1157	0	1180	81000
1785961357	64k	748	11153316	11149917	0	0	12650523	0	27449204	8224636	1157	0	1180	88000
1785961358	64k	749	11153316	11149915	0	0	12650523	0	27448420	8224636	1157	0	1180	86000
1785961359	64k	750	11153316	11149924	0	0	12650523	0	27448180	8224636	1157	0	1180	86000
1785961360	64k	751	11153316	11149917	0	0	12650523	0	27448432	8224636	1157	0	1180	89000
1785961362	64k	753	11153316	11149917	0	0	12650523	0	27448332	8224636	1157	0	1180	83000
1785961363	64k	754	11153316	11149928	0	0	12650523	0	27448448	8224636	1157	0	1180	89000
1785961364	64k	755	11153316	11149925	0	0	12650523	0	27448448	8224636	1157	0	1180	85000
1785961365	64k	756	10523556	10520159	0	0	12678452	0	28088180	8224636	1157	0	1180	86000
1785961366	64k	757	11178916	11175521	0	0	12863631	0	27429620	8224636	1157	0	1180	89000
1785961368	64k	759	11178916	11175525	0	0	12863631	0	27430816	8224636	1157	0	1180	80000
1785961369	64k	760	11178916	11175524	0	0	12863631	0	27430436	8224636	1157	0	1180	90000
1785961370	64k	761	11178916	11175517	0	0	12863631	0	27430976	8224636	1157	0	1180	85000
1785961371	64k	762	11178916	11175525	0	0	12863631	0	27432076	8224636	1157	0	1180	88000
1785961373	64k	764	11178916	11175522	0	0	12863631	0	27432344	8224636	1157	0	1180	89000
1785961374	64k	765	11178916	11175519	0	0	12863631	0	27432080	8224636	1157	0	1180	81000
1785961375	64k	766	11178916	11175522	0	0	12863631	0	27432508	8224636	1157	0	1180	90000
1785961376	64k	767	11178916	11175525	0	0	12863631	0	27433884	8224636	1157	0	1180	84000
1785961377	64k	768	10541164	10537777	0	0	12891641	0	28083844	8224636	1157	0	1180	88000
1785961379	64k	770	11204716	11201319	0	0	13084631	0	27399632	8224636	1157	0	1180	90000
1785961380	64k	771	11204716	11201319	0	0	13084631	0	27399040	8224636	1157	0	1180	82000
1785961381	64k	772	11204716	11201328	0	0	13084631	0	27398116	8224636	1157	0	1180	88000
1785961382	64k	773	11204716	11201319	0	0	13084631	0	27398116	8224636	1157	0	1180	88000
1785961384	64k	775	11204716	11201318	0	0	13084631	0	27397864	8224636	1157	0	1180	88000
1785961385	64k	776	11204716	11201330	0	0	13084631	0	27397120	8224636	1157	0	1180	90000
1785961386	64k	777	11204716	11201330	0	0	13084631	0	27397120	8224636	1157	0	1180	77000
1785961387	64k	778	11204716	11201317	0	0	13084631	0	27396628	8224636	1157	0	1180	81000
1785961389	64k	780	11204716	11201318	0	0	13084631	0	27397156	8224636	1157	0	1180	85000
1785961390	64k	781	10558572	10555174	0	0	13112583	0	28049428	8224636	1157	0	1180	88000
1785961391	64k	782	11230316	11226922	0	0	13322504	0	27384412	8224636	1157	0	1180	89000
1785961392	64k	783	11230316	11226918	0	0	13322504	0	27384160	8224636	1157	0	1180	81000
1785961393	64k	784	11230316	11226919	0	0	13322504	0	27385504	8224636	1157	0	1180	90000
1785961395	64k	786	11230316	11226922	0	0	13322504	0	27386772	8224636	1157	0	1180	86000
1785961396	64k	787	11230316	11226919	0	0	13322504	0	27386360	8224636	1157	0	1180	91000
1785961397	64k	788	11230316	11226928	0	0	13322504	0	27386676	8224636	1157	0	1180	85000
1785961398	64k	789	11230316	11226932	0	0	13322504	0	27387012	8224636	1157	0	1180	88000
1785961399	64k	790	11230316	11226922	0	0	13322504	0	27388736	8224636	1157	0	1180	89000
1785961401	64k	792	11230316	11226934	0	0	13322504	0	27390476	8224636	1157	0	1180	86000
1785961402	64k	793	10575980	10572586	0	0	13350547	0	28051604	8224636	1157	0	1180	86000
1785961403	64k	794	11255916	11252519	0	0	13556349	0	27383992	8224636	1157	0	1180	88000
1785961404	64k	795	11255916	11252530	0	0	13556349	0	27383572	8224636	1157	0	1180	79000
1785961406	64k	797	11255916	11252524	0	0	13556349	0	27383572	8224636	1157	0	1180	88000
1785961407	64k	798	11255916	11252518	0	0	13556349	0	27383320	8224636	1157	0	1180	84000
1785961408	64k	799	11255916	11252534	0	0	13556349	0	27383320	8224636	1157	0	1180	89000
1785961409	64k	800	11255916	11252520	0	0	13556349	0	27383080	8224636	1157	0	1180	88000
1785961411	64k	802	11255916	11252532	0	0	13556349	0	27382352	8224636	1157	0	1180	88000
1785961412	64k	803	11255916	11252522	0	0	13556349	0	27382896	8224636	1157	0	1180	83000
1785961413	64k	804	11255916	11252519	0	0	13556349	0	27382000	8224636	1157	0	1180	85000
1785961414	64k	805	10593388	10589989	0	0	13584173	0	28043600	8224636	1157	0	1180	88000
1785961416	64k	807	11281516	11278134	0	0	13786503	0	27352756	8224636	1157	0	1180	89000
1785961417	64k	808	11281516	11278119	0	0	13786503	0	27350612	8224636	1157	0	1180	89000
1785961418	64k	809	11281516	11278121	0	0	13786503	0	27349856	8224636	1157	0	1180	90000
1785961419	64k	810	11281516	11278124	0	0	13786503	0	27349604	8224636	1157	0	1180	79000
1785961420	64k	811	11281516	11278120	0	0	13786503	0	27348484	8224636	1157	0	1180	84000
1785961422	64k	813	11281516	11278130	0	0	13786503	0	27348340	8224636	1157	0	1180	86000
1785961423	64k	814	11281516	11278118	0	0	13786503	0	27347472	8224636	1157	0	1180	88000
1785961424	64k	815	11281516	11278118	0	0	13786503	0	27346588	8224636	1157	0	1180	89000
1785961425	64k	816	11281516	11278119	0	0	13786503	0	27345860	8224636	1157	0	1180	79000
1785961427	64k	818	10610996	10607600	0	0	13814554	0	28013384	8224636	1157	0	1180	82000
1785961428	64k	819	11307316	11303917	0	0	14022598	0	27317896	8224636	1157	0	1180	87000
1785961429	64k	820	11307316	11303922	0	0	14022598	0	27316508	8224636	1157	0	1180	88000
1785961430	64k	821	11307316	11303921	0	0	14022598	0	27318316	8224636	1157	0	1180	86000
1785961431	64k	822	11307316	11303921	0	0	14022598	0	27320092	8224636	1157	0	1180	81000
1785961433	64k	824	11307316	11303922	0	0	14022598	0	27321892	8224636	1157	0	1180	88000
1785961434	64k	825	11307316	11303919	0	0	14022598	0	27323776	8224636	1157	0	1180	85000
1785961435	64k	826	11307316	11303932	0	0	14022598	0	27324536	8224636	1157	0	1180	90000
1785961436	64k	827	11307316	11303934	0	0	14022598	0	27326108	8224636	1157	0	1180	90000
1785961438	64k	829	11307316	11303922	0	0	14022598	0	27326408	8224636	1157	0	1180	86000
1785961439	64k	830	10628404	10625005	0	0	14050440	0	27988780	8224636	1157	0	1180	89000
1785961440	64k	831	10644788	10641391	0	0	14161299	0	27644644	8224636	1157	0	1180	77000
1785961441	64k	832	11332916	11329519	0	0	14269123	0	27299736	8224636	1157	0	1180	90000
1785961442	64k	833	11332916	11329524	0	0	14269123	0	27299736	8224636	1157	0	1180	86000
1785961444	64k	835	11332916	11329519	0	0	14269123	0	27299736	8224636	1157	0	1180	85000
1785961445	64k	836	11332916	11329522	0	0	14269123	0	27299120	8224636	1157	0	1180	91000
1785961446	64k	837	11332916	11329526	0	0	14269123	0	27298488	8224636	1157	0	1180	88000
1785961447	64k	838	11332916	11329519	0	0	14269123	0	27298488	8224636	1157	0	1180	86000
1785961449	64k	840	11332916	11329535	0	0	14269123	0	27298064	8224636	1157	0	1180	83000
1785961450	64k	841	11332916	11329533	0	0	14269123	0	27297572	8224636	1157	0	1180	88000
1785961451	64k	842	11332916	11329519	0	0	14269123	0	27297536	8224636	1157	0	1180	82000
1785961452	64k	843	10645812	10642414	0	0	14297022	0	27972688	8224636	1157	0	1180	86000
1785961453	64k	844	11358516	11355122	0	0	14503092	0	27257976	8224636	1157	0	1180	89000
1785961455	64k	846	11358516	11355124	0	0	14503092	0	27256608	8224636	1157	0	1180	82000
1785961456	64k	847	11358516	11355119	0	0	14503092	0	27257020	8224636	1157	0	1180	90000
1785961457	64k	848	11358516	11355119	0	0	14503092	0	27256768	8224636	1157	0	1180	86000
1785961458	64k	849	11358516	11355122	0	0	14503092	0	27257188	8224636	1157	0	1180	90000
1785961460	64k	851	11358516	11355119	0	0	14503092	0	27256824	8224636	1157	0	1180	90000
1785961461	64k	852	11358516	11355126	0	0	14503092	0	27255940	8224636	1157	0	1180	88000
1785961462	64k	853	11358516	11355122	0	0	14503092	0	27255584	8224636	1157	0	1180	89000
1785961463	64k	854	11358516	11355119	0	0	14503092	0	27255584	8224636	1157	0	1180	77000
1785961465	64k	856	10663220	10659823	0	0	14531122	0	27956812	8224636	1157	0	1180	89000
1785961466	64k	857	11384116	11380719	0	0	14753090	0	27241636	8224636	1157	0	1180	89000
1785961467	64k	858	11384116	11380719	0	0	14753090	0	27241384	8224636	1157	0	1180	86000
1785961468	64k	859	11384116	11380719	0	0	14753090	0	27241288	8224636	1157	0	1180	89000
1785961469	64k	860	11384116	11380722	0	0	14753090	0	27241148	8224636	1157	0	1180	81000
1785961471	64k	862	11384116	11380728	0	0	14753090	0	27240448	8224636	1157	0	1180	89000
1785961472	64k	863	11384116	11380719	0	0	14753090	0	27239580	8224636	1157	0	1180	83000
1785961473	64k	864	11384116	11380719	0	0	14753090	0	27239072	8224636	1157	0	1180	89000
1785961474	64k	865	11384116	11380718	0	0	14753090	0	27239332	8224636	1157	0	1180	88000
1785961476	64k	867	11384116	11380719	0	0	14753090	0	27239612	8224636	1157	0	1180	88000
1785961477	64k	868	10666492	10663100	0	0	14780124	0	27949640	8224636	1157	0	1180	88000
1785961478	64k	869	10680828	10677434	0	0	14802885	0	27934000	8224636	1157	0	1180	82000
1785961479	64k	870	11409916	11406524	0	0	14988990	0	27213756	8224636	1157	0	1180	89000
1785961480	64k	871	11409916	11406524	0	0	14988990	0	27213696	8224636	1157	0	1180	85000
1785961482	64k	873	11409916	11406518	0	0	14988990	0	27213204	8224636	1157	0	1180	90000
1785961483	64k	874	11409916	11406518	0	0	14988990	0	27212448	8224636	1157	0	1180	90000
1785961484	64k	875	11409916	11406524	0	0	14988990	0	27211692	8224636	1157	0	1180	86000
1785961485	64k	876	11409916	11406519	0	0	14988990	0	27210800	8224636	1157	0	1180	90000
1785961487	64k	878	11409916	11406526	0	0	14988990	0	27210832	8224636	1157	0	1180	81000
1785961488	64k	879	11409916	11406526	0	0	14988990	0	27210444	8224636	1157	0	1180	90000
1785961489	64k	880	11409916	11406519	0	0	14988990	0	27210796	8224636	1157	0	1180	86000
1785961490	64k	881	10698236	10694850	0	0	15017209	0	27930568	8224636	1157	0	1180	88000
1785961492	64k	883	11435516	11432120	0	0	15237475	0	27196492	8224636	1157	0	1180	90000
1785961493	64k	884	11435516	11432130	0	0	15237475	0	27194084	8224636	1157	0	1180	86000
1785961494	64k	885	11435516	11432130	0	0	15237475	0	27193832	8224636	1157	0	1180	90000
1785961495	64k	886	11435516	11432135	0	0	15237475	0	27193580	8224636	1157	0	1180	83000
1785961497	64k	888	11435516	11432119	0	0	15237475	0	27194196	8224636	1157	0	1180	89000
1785961498	64k	889	11435516	11432118	0	0	15237475	0	27194700	8224636	1157	0	1180	87000
1785961499	64k	890	11435516	11432120	0	0	15237475	0	27194712	8224636	1157	0	1180	86000
1785961500	64k	891	11435516	11432116	0	0	15237475	0	27195088	8224636	1157	0	1180	90000
1785961501	64k	892	11435516	11432114	0	0	15237475	0	27194024	8224636	1157	0	1180	86000
1785961503	64k	894	10715644	10712243	0	0	15265290	0	27907284	8224636	1157	0	1180	89000
1785961504	64k	895	10728188	10728628	0	0	15287793	0	27894420	8224636	1157	0	1180	81000
1785961505	64k	896	11461116	11457723	0	0	15483488	0	27173012	8224636	1157	0	1180	89000
1785961506	64k	897	11461116	11457721	0	0	15483488	0	27173012	8224636	1157	0	1180	85000
1785961508	64k	899	11461116	11457717	0	0	15483488	0	27173012	8224636	1157	0	1180	90000
1785961509	64k	900	11461116	11457714	0	0	15483488	0	27172896	8224636	1157	0	1180	90000
1785961510	64k	901	11461116	11457715	0	0	15483488	0	27172140	8224636	1157	0	1180	86000
1785961511	64k	902	11461116	11457716	0	0	15483488	0	27172140	8224636	1157	0	1180	90000
1785961512	64k	903	11461116	11457714	0	0	15483488	0	27172140	8224636	1157	0	1180	81000
1785961514	64k	905	11461116	11457729	0	0	15483488	0	27172140	8224636	1157	0	1180	89000
1785961515	64k	906	11461116	11457723	0	0	15483488	0	27171888	8224636	1157	0	1180	81000
1785961516	64k	907	10733052	10729651	0	0	15511422	0	27898176	8224636	1157	0	1180	89000
1785961517	64k	908	11486716	11483316	0	0	15733626	0	27135364	8224636	1157	0	1180	89000
1785961519	64k	910	11486716	11483315	0	0	15733626	0	27134300	8224636	1157	0	1180	86000
1785961520	64k	911	11486716	11483325	0	0	15733626	0	27133684	8224636	1157	0	1180	86000
1785961521	64k	912	11486716	11483318	0	0	15733626	0	27132424	8224636	1157	0	1180	88000
1785961522	64k	913	11486716	11483331	0	0	15733626	0	27131416	8224636	1157	0	1180	88000
1785961523	64k	914	11486716	11483329	0	0	15733626	0	27131800	8224636	1157	0	1180	83000
1785961525	64k	916	11486716	11483316	0	0	15733626	0	27131296	8224636	1157	0	1180	90000
1785961526	64k	917	11486716	11483323	0	0	15733626	0	27131296	8224636	1157	0	1180	83000
1785961527	64k	918	11486716	11483316	0	0	15733626	0	27130300	8224636	1157	0	1180	89000
1785961528	64k	919	11486716	11483315	0	0	15733626	0	27130300	8224636	1157	0	1180	88000
1785961530	64k	921	10750660	10747259	0	0	15761630	0	27866908	8224636	1157	0	1180	89000
1785961531	64k	922	11512516	11509115	0	0	15983878	0	27097668	8224636	1157	0	1180	90000
1785961532	64k	923	11512516	11509125	0	0	15983878	0	27097668	8224636	1157	0	1180	79000
1785961533	64k	924	11512516	11509127	0	0	15983878	0	27097668	8224636	1157	0	1180	90000
1785961534	64k	925	11512516	11509117	0	0	15983878	0	27097416	8224636	1157	0	1180	85000
1785961536	64k	927	11512516	11509115	0	0	15983878	0	27097648	8224636	1157	0	1180	90000
1785961537	64k	928	11512516	11509110	0	0	15983878	0	27097312	8224636	1157	0	1180	86000
1785961538	64k	929	11512516	11509122	0	0	15983878	0	27097592	8224636	1157	0	1180	89000
1785961539	64k	930	11512516	11509122	0	0	15983878	0	27099692	8224636	1157	0	1180	89000
1785961541	64k	932	11512516	11509114	0	0	15983878	0	27100832	8224636	1157	0	1180	86000
1785961542	64k	933	10768068	10764678	0	0	16011905	0	27852016	8224636	1157	0	1180	83000
1785961543	64k	934	10784452	10781048	0	0	16136562	0	27446076	8224636	1157	0	1180	77000
1785961544	64k	935	11538116	11534714	0	0	16241381	0	27095264	8224636	1157	0	1180	88000
1785961546	64k	937	11538116	11534712	0	0	16241381	0	27095012	8224636	1157	0	1180	85000
1785961547	64k	938	11538116	11534715	0	0	16241381	0	27096196	8224636	1157	0	1180	91000
1785961548	64k	939	11538116	11534719	0	0	16241381	0	27095692	8224636	1157	0	1180	89000
1785961549	64k	940	11538116	11534719	0	0	16241381	0	27094580	8224636	1157	0	1180	88000
1785961550	64k	941	11538116	11534719	0	0	16241381	0	27094216	8224636	1157	0	1180	85000
1785961552	64k	943	11538116	11534716	0	0	16241381	0	27094216	8224636	1157	0	1180	89000
1785961553	64k	944	11538116	11534719	0	0	16241381	0	27093460	8224636	1157	0	1180	89000
1785961554	64k	945	11538116	11534715	0	0	16241381	0	27093756	8224636	1157	0	1180	82000
1785961555	64k	946	10785476	10782079	0	0	16269172	0	27849840	8224636	1157	0	1180	85000
1785961557	64k	948	11563716	11560317	0	0	16500620	0	27064724	8224636	1157	0	1180	86000
1785961558	64k	949	11563716	11560316	0	0	16500620	0	27063420	8224636	1157	0	1180	88000
1785961559	64k	950	11563716	11560314	0	0	16500620	0	27062916	8224636	1157	0	1180	90000
1785961560	64k	951	11563716	11560315	0	0	16500620	0	27062160	8224636	1157	0	1180	88000
1785961562	64k	953	11563716	11560321	0	0	16500620	0	27061656	8224636	1157	0	1180	90000
1785961563	64k	954	11563716	11560315	0	0	16500620	0	27061416	8224636	1157	0	1180	86000
1785961564	64k	955	11563716	11560318	0	0	16500620	0	27060168	8224636	1157	0	1180	88000
1785961565	64k	956	11563716	11560316	0	0	16500620	0	27059664	8224636	1157	0	1180	83000
1785961566	64k	957	11563716	11560314	0	0	16500620	0	27059664	8224636	1157	0	1180	90000
1785961568	64k	959	11563716	11560315	0	0	16500620	0	27059412	8224636	1157	0	1180	85000
1785961569	64k	960	10802884	10799489	0	0	16528531	0	27818016	8224636	1157	0	1180	88000
1785961570	64k	961	11589316	11585929	0	0	16766584	0	27038328	8224636	1157	0	1180	88000
1785961571	64k	962	11589316	11585913	0	0	16766584	0	27038328	8224636	1157	0	1180	86000
1785961573	64k	964	11589316	11585914	0	0	16766584	0	27037572	8224636	1157	0	1180	89000
1785961574	64k	965	11589316	11585915	0	0	16766584	0	27037320	8224636	1157	0	1180	82000
1785961575	64k	966	11589316	11585929	0	0	16766584	0	27037068	8224636	1157	0	1180	90000
1785961576	64k	967	11589316	11585913	0	0	16766584	0	27035820	8224636	1157	0	1180	83000
1785961577	64k	968	11589316	11585913	0	0	16766584	0	27035568	8224636	1157	0	1180	89000
1785961579	64k	970	11589316	11585913	0	0	16766584	0	27035568	8224636	1157	0	1180	86000
1785961580	64k	971	11589316	11585914	0	0	16766584	0	27034080	8224636	1157	0	1180	90000
1785961581	64k	972	11589316	11585913	0	0	16766584	0	27033072	8224636	1157	0	1180	86000
1785961582	64k	973	10820492	10817090	0	0	16794628	0	27802080	8224636	1157	0	1180	88000
1785961584	64k	975	11615116	11611725	0	0	17031549	0	27014268	8224636	1157	0	1180	86000
1785961585	64k	976	11615116	11611714	0	0	17031549	0	27012544	8224636	1157	0	1180	88000
1785961586	64k	977	11615116	11611714	0	0	17031549	0	27012276	8224636	1157	0	1180	89000
1785961587	64k	978	11615116	11611713	0	0	17031549	0	27011772	8224636	1157	0	1180	82000
1785961589	64k	980	11615116	11611719	0	0	17031549	0	27011772	8224636	1157	0	1180	90000
1785961590	64k	981	11615116	11611713	0	0	17031549	0	27011772	8224636	1157	0	1180	85000
1785961591	64k	982	11615116	11611719	0	0	17031549	0	27011772	8224636	1157	0	1180	89000
1785961592	64k	983	11615116	11611713	0	0	17031549	0	27011772	8224636	1157	0	1180	86000
1785961594	64k	985	11615116	11611713	0	0	17031549	0	27011772	8224636	1157	0	1180	86000
1785961595	64k	986	11615116	11611715	0	0	17031805	0	27124612	8224636	1157	0	1180	77000
1785961596	64k	987	10837900	10834513	0	0	17059533	0	27776860	8224636	1157	0	1180	88000
1785961597	64k	988	11640716	11637313	0	0	17299399	0	26986728	8224636	1157	0	1180	89000
1785961598	64k	989	11640716	11637314	0	0	17299399	0	26986096	8224636	1157	0	1180	88000
1785961600	64k	991	11640716	11637327	0	0	17299399	0	26985592	8224636	1157	0	1180	86000
1785961601	64k	992	11640716	11637314	0	0	17299399	0	26985356	8224636	1157	0	1180	83000
1785961602	64k	993	11640716	11637315	0	0	17299399	0	26985104	8224636	1157	0	1180	89000
1785961603	64k	994	11640716	11637321	0	0	17299399	0	26985176	8224636	1157	0	1180	85000
1785961605	64k	996	11640716	11637313	0	0	17299399	0	26984924	8224636	1157	0	1180	89000
1785961606	64k	997	11640716	11637315	0	0	17299399	0	26984432	8224636	1157	0	1180	89000
1785961607	64k	998	11640716	11637313	0	0	17299399	0	26984176	8224636	1157	0	1180	86000
1785961608	64k	999	11640716	11637314	0	0	17299655	0	27135292	8224636	1157	0	1180	82000
1785961610	64k	1001	10855308	10851905	0	0	17327263	0	27753028	8224636	1157	0	1180	88000
1785961611	64k	1002	11666316	11662913	0	0	17556916	0	26945384	8224636	1157	0	1180	91000
1785961612	64k	1003	11666316	11662912	0	0	17556916	0	26945132	8224636	1157	0	1180	89000
1785961613	64k	1004	11666316	11662914	0	0	17556916	0	26944640	8224636	1157	0	1180	90000
1785961614	64k	1005	11666316	11662913	0	0	17556916	0	26943964	8224636	1157	0	1180	79000
1785961616	64k	1007	11666316	11662919	0	0	17556916	0	26943756	8224636	1157	0	1180	89000
1785961617	64k	1008	11666316	11662921	0	0	17556916	0	26943992	8224636	1157	0	1180	85000
1785961618	64k	1009	11666316	11662917	0	0	17556916	0	26942996	8224636	1157	0	1180	86000
1785961619	64k	1010	11666316	11662927	0	0	17556916	0	26942996	8224636	1157	0	1180	85000
1785961621	64k	1012	11666316	11662913	0	0	17556916	0	26942996	8224636	1157	0	1180	90000
1785961622	64k	1013	11666316	11662913	0	0	17557172	0	27087448	8224636	1157	0	1180	81000
1785961623	64k	1014	10872716	10869328	0	0	17584919	0	27718784	8224636	1157	0	1180	86000
1785961624	64k	1015	11691916	11688526	0	0	17814267	0	26899872	8224636	1157	0	1180	89000
1785961626	64k	1017	11691916	11688530	0	0	17814267	0	26904036	8224636	1157	0	1180	89000
1785961627	64k	1018	11691916	11688516	0	0	17814267	0	26908332	8224636	1157	0	1180	89000
1785961628	64k	1019	11691916	11688516	0	0	17814267	0	26909984	8224636	1157	0	1180	83000
1785961629	64k	1020	11691916	11688517	0	0	17814267	0	26912340	8224636	1157	0	1180	90000
1785961630	64k	1021	11691916	11688521	0	0	17814267	0	26913608	8224636	1157	0	1180	85000
1785961632	64k	1023	11691916	11688516	0	0	17814267	0	26916100	8224636	1157	0	1180	90000
1785961633	64k	1024	11691916	11688516	0	0	17814267	0	26916596	8224636	1157	0	1180	86000
1785961634	64k	1025	11691916	11688517	0	0	17814267	0	26918008	8224636	1157	0	1180	86000
1785961635	64k	1026	11691916	11688521	0	0	17814317	0	26917756	8224636	1157	0	1180	83000
1785961637	64k	1028	10890324	10886923	0	0	17842233	0	27709788	8224640	1158	0	1181	88000
1785961638	64k	1029	11717716	11714332	0	0	18079789	0	26892468	8224640	1158	0	1181	83000
1785961639	64k	1030	11717716	11714330	0	0	18079789	0	26891220	8224640	1158	0	1181	88000
1785961640	64k	1031	11717716	11714322	0	0	18079789	0	26889724	8224640	1158	0	1181	89000
1785961642	64k	1033	11717716	11714310	0	0	18079789	0	26890596	8224640	1158	0	1181	81000
1785961643	64k	1034	11717716	11714310	0	0	18079789	0	26891840	8224640	1158	0	1181	88000
1785961644	64k	1035	11717716	11714312	0	0	18079789	0	26892424	8224640	1158	0	1181	84000
1785961645	64k	1036	11717716	11714320	0	0	18079789	0	26891920	8224640	1158	0	1181	81000
1785961647	64k	1038	11717716	11714318	0	0	18079789	0	26891128	8224640	1158	0	1181	86000
1785961648	64k	1039	11717716	11714320	0	0	18079789	0	26891172	8224640	1158	0	1181	90000
1785961649	64k	1040	11717716	11714310	0	0	18079789	0	26891172	8224640	1158	0	1181	88000
1785961650	64k	1041	10907732	10904348	0	0	18107814	0	27706008	8224640	1158	0	1181	88000
1785961652	64k	1043	11743316	11739932	0	0	18344524	0	26874168	8224640	1158	0	1181	86000
1785961653	64k	1044	11743316	11739916	0	0	18344524	0	26874668	8224640	1158	0	1181	86000
1785961654	64k	1045	11743316	11739924	0	0	18344524	0	26874976	8224640	1158	0	1181	89000
1785961655	64k	1046	11743316	11739928	0	0	18344524	0	26875956	8224640	1158	0	1181	81000
1785961656	64k	1047	11743316	11739924	0	0	18344524	0	26877240	8224640	1158	0	1181	85000
1785961658	64k	1049	11743316	11739924	0	0	18344524	0	26870620	8224640	1158	0	1181	79000
1785961659	64k	1050	11743316	11739917	0	0	18344524	0	26869560	8224640	1158	0	1181	92000
1785961660	64k	1051	11743316	11739917	0	0	18344524	0	26868916	8224640	1158	0	1181	86000
1785961661	64k	1052	11743316	11739916	0	0	18344524	0	26868316	8224640	1158	0	1181	89000
1785961663	64k	1054	11743316	11739919	0	0	18344524	0	26867968	8224640	1158	0	1181	85000
1785961664	64k	1055	10925140	10921743	0	0	18372605	0	27679912	8224640	1158	0	1181	86000
1785961665	64k	1056	11768916	11765519	0	0	18602587	0	26800936	8224640	1158	0	1181	89000
1785961666	64k	1057	11768916	11765524	0	0	18602587	0	26800936	8224640	1158	0	1181	87000
1785961668	64k	1059	11768916	11765516	0	0	18602587	0	26800936	8224640	1158	0	1181	88000
1785961669	64k	1060	11768916	11765516	0	0	18602587	0	26800456	8224640	1158	0	1181	86000
1785961670	64k	1061	11768916	11765516	0	0	18602587	0	26801096	8224640	1158	0	1181	89000
1785961671	64k	1062	11768916	11765526	0	0	18602587	0	26802864	8224640	1158	0	1181	81000
1785961673	64k	1064	11768916	11765516	0	0	18602587	0	26803288	8224640	1158	0	1181	89000
1785961674	64k	1065	11768916	11765519	0	0	18602587	0	26805476	8224640	1158	0	1181	82000
1785961675	64k	1066	11768916	11765522	0	0	18602587	0	26806512	8224640	1158	0	1181	85000
1785961676	64k	1067	11768916	11765532	0	0	18602587	0	26807420	8224640	1158	0	1181	85000
1785961678	64k	1069	10942548	10939158	0	0	18630808	0	27644088	8224640	1158	0	1181	88000
1785961679	64k	1070	11794516	11791119	0	0	18868026	0	26798416	8224640	1158	0	1181	90000
1785961680	64k	1071	11794516	11791118	0	0	18868026	0	26798960	8224640	1158	0	1181	86000
1785961681	64k	1072	11794516	11791130	0	0	18868026	0	26782832	8224640	1158	0	1181	89000
1785961683	64k	1074	11794516	11791118	0	0	18868026	0	26783632	8224640	1158	0	1181	89000
1785961684	64k	1075	11794516	11791134	0	0	18868026	0	26792712	8224640	1158	0	1181	89000
1785961685	64k	1076	11794516	11791118	0	0	18868026	0	26796408	8224640	1158	0	1181	88000
1785961686	64k	1077	11794516	11791121	0	0	18868026	0	26800088	8224640	1158	0	1181	90000
1785961687	64k	1078	11794516	11791130	0	0	18868026	0	26801876	8224640	1158	0	1181	82000
1785961689	64k	1080	11794516	11791118	0	0	18868026	0	26801124	8224640	1158	0	1181	88000
1785961690	64k	1081	11794516	11791118	0	0	18868026	0	26803320	8224640	1158	0	1181	82000
1785961691	64k	1082	10960156	10956758	0	0	18896046	0	27619616	8224664	1164	0	1187	89000
1785961692	64k	1083	10995816	11070024	0	0	19144711	0	26767700	8224664	1164	0	1187	85000
1785961694	64k	1085	11820316	11816932	0	0	19144711	0	26765672	8224664	1164	0	1187	83000
1785961695	64k	1086	11820316	11816919	0	0	19144711	0	26746348	8224664	1164	0	1187	85000
1785961696	64k	1087	11820316	11816923	0	0	19144711	0	26747772	8224664	1164	0	1187	90000
1785961697	64k	1088	11820316	11816930	0	0	19144711	0	26749984	8224664	1164	0	1187	86000
1785961699	64k	1090	11820316	11816934	0	0	19144711	0	26753532	8224664	1164	0	1187	88000
1785961700	64k	1091	11820316	11816921	0	0	19144711	0	26754516	8224664	1164	0	1187	89000
1785961701	64k	1092	11820316	11816934	0	0	19144711	0	26754992	8224664	1164	0	1187	86000
1785961702	64k	1093	11820316	11816921	0	0	19144711	0	26751928	8224668	1165	0	1193	90000
1785961704	64k	1095	11820316	11816916	0	0	19144711	0	26752988	8224692	1171	0	1195	86000
1785961705	64k	1096	10961184	10957784	0	0	19172616	0	27586620	8224692	1171	0	1195	88000
1785961706	64k	1097	10977564	10974169	0	0	19197064	0	27573488	8224692	1171	0	1195	82000
1785961707	64k	1098	11845916	11842521	0	0	19421716	0	26743964	8224692	1171	0	1195	86000
1785961708	64k	1099	11845916	11842516	0	0	19421716	0	26745352	8224692	1171	0	1195	82000
1785961710	64k	1101	11845916	11842520	0	0	19421716	0	26745456	8224692	1171	0	1195	89000
1785961711	64k	1102	11845916	11842522	0	0	19421716	0	26744272	8224692	1171	0	1195	82000
1785961712	64k	1103	11845916	11842516	0	0	19421716	0	26744572	8224692	1171	0	1195	86000
1785961713	64k	1104	11845916	11842520	0	0	19421716	0	26744572	8224692	1171	0	1195	85000
1785961715	64k	1106	11845916	11842516	0	0	19421716	0	26744936	8224692	1171	0	1195	89000
1785961716	64k	1107	11845916	11842518	0	0	19421716	0	26744808	8224692	1171	0	1195	85000
1785961717	64k	1108	11845916	11842530	0	0	19421716	0	26743800	8224692	1171	0	1195	90000
1785961718	64k	1109	11845916	11842530	0	0	19421716	0	26743548	8224692	1171	0	1195	85000
1785961720	64k	1111	10994972	10991586	0	0	19449650	0	27600940	8224692	1171	0	1195	88000
1785961721	64k	1112	11871516	11868118	0	0	19698220	0	26733696	8224692	1171	0	1195	90000
1785961722	64k	1113	11871516	11868118	0	0	19698220	0	26732980	8224692	1171	0	1195	88000
1785961723	64k	1114	11871516	11868118	0	0	19698220	0	26732728	8224692	1171	0	1195	88000
1785961725	64k	1116	11871516	11868116	0	0	19698220	0	26733004	8224692	1171	0	1195	88000
1785961726	64k	1117	11871516	11868130	0	0	19698220	0	26732940	8224692	1171	0	1195	88000
1785961727	64k	1118	11871516	11868115	0	0	19698220	0	26731944	8224692	1171	0	1195	88000
1785961728	64k	1119	11871516	11868119	0	0	19698220	0	26731692	8224692	1171	0	1195	89000
1785961729	64k	1120	11871516	11868119	0	0	19698220	0	26731944	8224692	1171	0	1195	81000
1785961731	64k	1122	11871516	11868119	0	0	19698220	0	26732620	8224692	1171	0	1195	88000
1785961732	64k	1123	11871516	11868118	0	0	19698220	0	26732368	8224692	1171	0	1195	82000
1785961733	64k	1124	11012380	11008982	0	0	19726020	0	27595360	8224692	1171	0	1195	82000
1785961734	64k	1125	11250420	11382240	0	0	19973741	0	26708740	8224692	1171	0	1195	85000
1785961736	64k	1127	11897116	11893716	0	0	19973741	0	26707312	8224692	1171	0	1195	90000
1785961737	64k	1128	11897116	11893724	0	0	19973741	0	26707228	8224692	1171	0	1195	85000
1785961738	64k	1129	11897116	11893722	0	0	19973741	0	26707228	8224692	1171	0	1195	89000
1785961739	64k	1130	11897116	11893722	0	0	19973741	0	26706724	8224692	1171	0	1195	86000
1785961741	64k	1132	11897116	11893732	0	0	19973741	0	26706472	8224692	1171	0	1195	86000
1785961742	64k	1133	11897116	11893719	0	0	19973741	0	26706220	8224692	1171	0	1195	90000
1785961743	64k	1134	11897116	11893732	0	0	19973741	0	26706680	8224692	1171	0	1195	86000
1785961744	64k	1135	11897116	11893728	0	0	19973741	0	26706348	8224692	1171	0	1195	90000
1785961746	64k	1137	11897116	11893726	0	0	19973741	0	26706348	8224692	1171	0	1195	88000
1785961747	64k	1138	11013604	11010214	0	0	20001687	0	27576384	8224700	1172	0	1196	90000
1785961748	64k	1139	11029988	11026590	0	0	20001687	0	27577268	8224700	1172	0	1196	88000
1785961749	64k	1140	11922916	11919516	0	0	20251407	0	26680452	8224700	1172	0	1196	88000
1785961750	64k	1141	11922916	11919532	0	0	20251407	0	26673668	8224700	1172	0	1196	84000
1785961752	64k	1143	11922916	11919519	0	0	20251407	0	26678240	8224700	1172	0	1196	90000
1785961753	64k	1144	11922916	11919516	0	0	20251407	0	26682996	8224700	1172	0	1196	81000
1785961754	64k	1145	11922916	11919532	0	0	20251407	0	26685488	8224700	1172	0	1196	85000
1785961755	64k	1146	11922916	11919518	0	0	20251407	0	26687276	8224700	1172	0	1196	83000
1785961757	64k	1148	11922916	11919532	0	0	20251407	0	26689916	8224700	1172	0	1196	89000
1785961758	64k	1149	11922916	11919522	0	0	20251407	0	26691132	8224700	1172	0	1196	85000
1785961759	64k	1150	11922916	11919522	0	0	20251407	0	26691556	8224700	1172	0	1196	89000
1785961760	64k	1151	11922916	11919516	0	0	20251407	0	26691304	8224700	1172	0	1196	85000
1785961762	64k	1153	11047396	11043996	0	0	20279266	0	27570096	8224700	1172	0	1196	89000
1785961763	64k	1154	11948516	11945119	0	0	20533142	0	26664660	8224700	1172	0	1196	86000
1785961764	64k	1155	11948516	11945118	0	0	20533142	0	26662404	8224700	1172	0	1196	90000
1785961765	64k	1156	11948516	11945128	0	0	20533142	0	26662152	8224700	1172	0	1196	90000
1785961767	64k	1158	11948516	11945124	0	0	20533142	0	26661900	8224700	1172	0	1196	89000
1785961768	64k	1159	11948516	11945132	0	0	20533142	0	26661676	8224700	1172	0	1196	90000
1785961769	64k	1160	11948516	11945118	0	0	20533142	0	26661676	8224700	1172	0	1196	86000
1785961770	64k	1161	11948516	11945124	0	0	20533142	0	26661184	8224700	1172	0	1196	90000
1785961772	64k	1163	11948516	11945119	0	0	20533142	0	26661184	8224700	1172	0	1196	86000
1785961773	64k	1164	11948516	11945116	0	0	20533142	0	26661912	8224700	1172	0	1196	85000
1785961774	64k	1165	11948516	11945124	0	0	20533142	0	26662184	8224700	1172	0	1196	88000
1785961775	64k	1166	11064804	11061404	0	0	20561031	0	27538548	8224700	1172	0	1196	90000
1785961777	64k	1168	11064804	11061406	0	0	20583838	0	27527388	8224700	1172	0	1196	79000
1785961778	64k	1169	11974116	11970719	0	0	20813276	0	26634156	8224700	1172	0	1196	90000
1785961779	64k	1170	11974116	11970732	0	0	20813276	0	26635600	8224700	1172	0	1196	81000
1785961780	64k	1171	11974116	11970718	0	0	20813276	0	26637400	8224700	1172	0	1196	90000
1785961782	64k	1173	11974116	11970715	0	0	20813276	0	26638256	8224700	1172	0	1196	79000
1785961783	64k	1174	11974116	11970722	0	0	20813276	0	26639808	8224700	1172	0	1196	91000
1785961784	64k	1175	11974116	11970716	0	0	20813276	0	26640356	8224700	1172	0	1196	83000
1785961785	64k	1176	11974116	11970716	0	0	20813276	0	26641496	8224700	1172	0	1196	90000
1785961787	64k	1178	11974116	11970716	0	0	20813276	0	26643272	8224700	1172	0	1196	85000
1785961788	64k	1179	11974116	11970719	0	0	20813276	0	26645976	8224700	1172	0	1196	88000
1785961789	64k	1180	11974116	11970728	0	0	20813276	0	26645584	8224700	1172	0	1196	85000
1785961790	64k	1181	11082212	11078812	0	0	20841391	0	27542108	8224700	1172	0	1196	86000
1785961792	64k	1183	11999716	11996316	0	0	21107052	0	26619320	8224700	1172	0	1196	86000
1785961793	64k	1184	11999716	11996324	0	0	21107052	0	26617748	8224700	1172	0	1196	86000
1785961794	64k	1185	11999716	11996316	0	0	21107052	0	26615844	8224700	1172	0	1196	89000
1785961795	64k	1186	11999716	11996319	0	0	21107052	0	26615660	8224700	1172	0	1196	88000
1785961796	64k	1187	11999716	11996316	0	0	21107052	0	26615660	8224700	1172	0	1196	90000
1785961798	64k	1189	11999716	11996328	0	0	21107052	0	26615752	8224700	1172	0	1196	86000
1785961799	64k	1190	11999716	11996326	0	0	21107052	0	26615260	8224700	1172	0	1196	90000
1785961800	64k	1191	11999716	11996319	0	0	21107052	0	26615536	8224700	1172	0	1196	88000
1785961801	64k	1192	11999716	11996326	0	0	21107052	0	26615900	8224700	1172	0	1196	90000
1785961803	64k	1194	11999716	11996324	0	0	21107052	0	26615840	8224700	1172	0	1196	89000
1785961804	64k	1195	11083436	11080041	0	0	21135082	0	27523808	8224700	1172	0	1196	88000
1785961805	64k	1196	11099820	11096439	0	0	21135082	0	27521932	8224700	1172	0	1196	89000
1785961806	64k	1197	12025516	12022122	0	0	21392114	0	26588524	8224700	1172	0	1196	90000
1785961808	64k	1199	12025516	12022124	0	0	21392114	0	26587052	8224700	1172	0	1196	88000
1785961809	64k	1200	12025516	12022124	0	0	21392114	0	26586800	8224700	1172	0	1196	90000
1785961810	64k	1201	12025516	12022120	0	0	21392114	0	26586548	8224700	1172	0	1196	80000
1785961811	64k	1202	12025516	12022121	0	0	21392114	0	26586296	8224700	1172	0	1196	90000
1785961813	64k	1204	12025516	12022137	0	0	21392114	0	26586296	8224700	1172	0	1196	79000
1785961814	64k	1205	12025516	12022126	0	0	21392114	0	26586340	8224700	1172	0	1196	88000
1785961815	64k	1206	12025516	12022135	0	0	21392114	0	26587032	8224700	1172	0	1196	81000
1785961816	64k	1207	12025516	12022122	0	0	21392114	0	26587612	8224700	1172	0	1196	90000
1785961817	64k	1208	12025516	12022130	0	0	21392114	0	26587352	8224700	1172	0	1196	81000
1785961819	64k	1210	11117228	11113834	0	0	21420129	0	27502864	8224700	1172	0	1196	88000
1785961820	64k	1211	11133612	11130233	0	0	21691844	0	26585444	8224700	1172	0	1196	84000
1785961821	64k	1212	12051116	12047721	0	0	21691844	0	26583820	8224700	1172	0	1196	90000
1785961822	64k	1213	12051116	12047724	0	0	21691844	0	26583204	8224700	1172	0	1196	84000
1785961824	64k	1215	12051116	12047737	0	0	21691844	0	26582196	8224700	1172	0	1196	82000
1785961825	64k	1216	12051116	12047720	0	0	21691844	0	26581816	8224700	1172	0	1196	86000
1785961826	64k	1217	12051116	12047722	0	0	21691844	0	26581816	8224700	1172	0	1196	90000
1785961827	64k	1218	12051116	12047737	0	0	21691844	0	26581564	8224700	1172	0	1196	86000
1785961829	64k	1220	12051116	12047722	0	0	21691844	0	26581324	8224700	1172	0	1196	90000
1785961830	64k	1221	12051116	12047724	0	0	21691844	0	26581084	8224700	1172	0	1196	86000
1785961831	64k	1222	12051116	12047721	0	0	21691844	0	26580596	8224700	1172	0	1196	90000
1785961832	64k	1223	12051116	12047728	0	0	21691844	0	26580596	8224700	1172	0	1196	86000
1785961834	64k	1225	11134636	11131250	0	0	21719913	0	27481620	8224700	1172	0	1196	89000
1785961835	64k	1226	12076716	12073337	0	0	21989983	0	26559312	8224700	1172	0	1196	90000
1785961836	64k	1227	12076716	12073321	0	0	21989983	0	26558920	8224700	1172	0	1196	88000
1785961837	64k	1228	12076716	12073324	0	0	21989983	0	26558920	8224700	1172	0	1196	90000
1785961839	64k	1230	12076716	12073324	0	0	21989983	0	26558932	8224700	1172	0	1196	89000
1785961840	64k	1231	12076716	12073337	0	0	21989983	0	26557684	8224700	1172	0	1196	86000
1785961841	64k	1232	12076716	12073333	0	0	21989983	0	26559136	8224700	1172	0	1196	89000
1785961842	64k	1233	12076716	12073326	0	0	21989983	0	26559136	8224700	1172	0	1196	90000
1785961844	64k	1235	12076716	12073321	0	0	21989983	0	26559136	8224700	1172	0	1196	89000
1785961845	64k	1236	12076716	12073324	0	0	21989983	0	26558632	8224700	1172	0	1196	90000
1785961846	64k	1237	12076716	12073324	0	0	21989983	0	26558380	8224700	1172	0	1196	89000
1785961847	64k	1238	12076716	12073331	0	0	21990239	0	26669456	8224700	1172	0	1196	79000
1785961848	64k	1239	11152044	11148648	0	0	22018009	0	27471628	8224700	1172	0	1196	88000
1785961850	64k	1241	12102316	12098921	0	0	22276770	0	26516432	8224700	1172	0	1196	90000
1785961851	64k	1242	12102316	12098921	0	0	22276770	0	26515688	8224700	1172	0	1196	86000
1785961852	64k	1243	12102316	12098923	0	0	22276770	0	26515688	8224700	1172	0	1196	90000
1785961853	64k	1244	12102316	12098922	0	0	22276770	0	26514708	8224700	1172	0	1196	88000
1785961855	64k	1246	12102316	12098935	0	0	22276770	0	26513684	8224700	1172	0	1196	90000
1785961856	64k	1247	12102316	12098933	0	0	22276770	0	26513684	8224700	1172	0	1196	88000
1785961857	64k	1248	12102316	12098925	0	0	22276770	0	26513684	8224700	1172	0	1196	90000
1785961858	64k	1249	12102316	12098922	0	0	22276770	0	26513684	8224700	1172	0	1196	89000
1785961860	64k	1251	12102316	12098930	0	0	22276770	0	26513684	8224700	1172	0	1196	86000
1785961861	64k	1252	12102316	12098921	0	0	22276770	0	26513320	8224700	1172	0	1196	89000
1785961862	64k	1253	12102316	12098921	0	0	22276820	0	26512436	8224700	1172	0	1196	77000
1785961863	64k	1254	11169652	11166261	0	0	22304628	0	27426092	8224700	1172	0	1196	88000
1785961865	64k	1256	12128116	12124725	0	0	22574724	0	26479932	8224700	1172	0	1196	90000
1785961866	64k	1257	12128116	12124720	0	0	22574724	0	26486160	8224700	1172	0	1196	89000
1785961867	64k	1258	12128116	12124721	0	0	22574724	0	26487412	8224700	1172	0	1196	89000
1785961868	64k	1259	12128116	12124722	0	0	22574724	0	26489696	8224700	1172	0	1196	89000
1785961870	64k	1261	12128116	12124726	0	0	22574724	0	26490836	8224700	1172	0	1196	89000
1785961871	64k	1262	12128116	12124722	0	0	22574724	0	26494284	8224700	1172	0	1196	88000
1785961872	64k	1263	12128116	12124720	0	0	22574724	0	26495312	8224700	1172	0	1196	90000
1785961873	64k	1264	12128116	12124722	0	0	22574724	0	26498124	8224700	1172	0	1196	88000
1785961874	64k	1265	12128116	12124721	0	0	22574724	0	26498868	8224700	1172	0	1196	90000
1785961876	64k	1267	12128116	12124721	0	0	22574724	0	26498980	8224700	1172	0	1196	88000
1785961877	64k	1268	12128116	12124728	0	0	22574980	0	26643044	8224700	1172	0	1196	84000
1785961878	64k	1269	11187060	11183661	0	0	22602442	0	27424836	8224700	1172	0	1196	88000
1785961879	64k	1270	12153716	12150317	0	0	22869970	0	26446908	8224700	1172	0	1196	90000
1785961881	64k	1272	12153716	12150324	0	0	22869970	0	26446908	8224700	1172	0	1196	88000
1785961882	64k	1273	12153716	12150316	0	0	22869970	0	26446752	8224700	1172	0	1196	90000
1785961883	64k	1274	12153716	12150332	0	0	22869970	0	26446752	8224700	1172	0	1196	89000
1785961884	64k	1275	12153716	12150320	0	0	22869970	0	26445504	8224700	1172	0	1196	90000
1785961886	64k	1277	12153716	12150333	0	0	22869970	0	26445000	8224700	1172	0	1196	88000
1785961887	64k	1278	12153716	12150316	0	0	22869970	0	26444244	8224700	1172	0	1196	90000
1785961888	64k	1279	12153716	12150333	0	0	22869970	0	26444612	8224700	1172	0	1196	88000
1785961889	64k	1280	12153716	12150318	0	0	22869970	0	26444364	8224700	1172	0	1196	90000
1785961891	64k	1282	12153716	12150322	0	0	22869970	0	26444616	8224700	1172	0	1196	89000
1785961892	64k	1283	12153716	12150320	0	0	22870226	0	26605868	8224700	1172	0	1196	83000
1785961893	64k	1284	11204468	11201083	0	0	22897877	0	27387980	8224700	1172	0	1196	88000
1785961894	64k	1285	12179316	12175922	0	0	23169408	0	26410416	8224700	1172	0	1196	90000
1785961896	64k	1287	12179316	12175933	0	0	23169408	0	26412144	8224700	1172	0	1196	88000
1785961897	64k	1288	12179316	12175931	0	0	23169408	0	26416660	8224700	1172	0	1196	89000
1785961898	64k	1289	12179316	12175917	0	0	23169408	0	26418088	8224700	1172	0	1196	88000
1785961899	64k	1290	12179316	12175915	0	0	23169408	0	26420180	8224700	1172	0	1196	90000
1785961901	64k	1292	12179316	12175915	0	0	23169408	0	26421556	8224700	1172	0	1196	88000
1785961902	64k	1293	12179316	12175928	0	0	23169408	0	26424412	8224700	1172	0	1196	90000
1785961903	64k	1294	12179316	12175917	0	0	23169408	0	26426844	8224700	1172	0	1196	86000
1785961904	64k	1295	12179316	12175918	0	0	23169408	0	26428580	8224700	1172	0	1196	90000
1785961906	64k	1297	12179316	12175926	0	0	23169408	0	26429612	8224700	1172	0	1196	88000
1785961907	64k	1298	12179316	12175916	0	0	23169664	0	26542576	8224700	1172	0	1196	79000
1785961908	64k	1299	11221876	11218476	0	0	23197448	0	27387336	8224700	1172	0	1196	88000
1785961909	64k	1300	12204916	12201524	0	0	23470872	0	26421308	8224700	1172	0	1196	90000
1785961911	64k	1302	12204916	12201518	0	0	23470872	0	26420412	8224700	1172	0	1196	88000
1785961912	64k	1303	12204916	12201516	0	0	23470872	0	26420412	8224700	1172	0	1196	90000
1785961913	64k	1304	12204916	12201516	0	0	23470872	0	26419668	8224700	1172	0	1196	88000
1785961914	64k	1305	12204916	12201520	0	0	23470872	0	26418168	8224700	1172	0	1196	90000
1785961916	64k	1307	12204916	12201526	0	0	23470872	0	26418168	8224700	1172	0	1196	88000
1785961917	64k	1308	12204916	12201517	0	0	23470872	0	26420428	8224700	1172	0	1196	89000
1785961918	64k	1309	12204916	12201517	0	0	23470872	0	26421016	8224700	1172	0	1196	89000
1785961919	64k	1310	12204916	12201517	0	0	23470872	0	26421168	8224700	1172	0	1196	86000
1785961921	64k	1312	12204916	12201516	0	0	23470872	0	26422468	8224700	1172	0	1196	86000
1785961922	64k	1313	12204916	12201522	0	0	23470872	0	26422116	8224700	1172	0	1196	86000
1785961923	64k	1314	11239484	11236083	0	0	23498833	0	27378488	8224700	1172	0	1196	89000
1785961924	64k	1315	12230716	12227328	0	0	23777792	0	26389528	8224700	1172	0	1196	90000
1785961925	64k	1316	12230716	12227326	0	0	23777792	0	26388632	8224700	1172	0	1196	88000
1785961927	64k	1318	12230716	12227327	0	0	23777792	0	26391236	8224700	1172	0	1196	90000
1785961928	64k	1319	12230716	12227333	0	0	23777792	0	26392180	8224700	1172	0	1196	89000
1785961929	64k	1320	12230716	12227317	0	0	23777792	0	26393552	8224700	1172	0	1196	88000
1785961930	64k	1321	12230716	12227317	0	0	23777792	0	26391944	8224700	1172	0	1196	88000
1785961932	64k	1323	12230716	12227325	0	0	23777792	0	26393516	8224700	1172	0	1196	90000
1785961933	64k	1324	12230716	12227317	0	0	23777792	0	26394012	8224700	1172	0	1196	89000
1785961934	64k	1325	12230716	12227317	0	0	23777792	0	26393736	8224700	1172	0	1196	89000
1785961935	64k	1326	12230716	12227317	0	0	23777792	0	26393372	8224700	1172	0	1196	88000
1785961937	64k	1328	12230716	12227329	0	0	23777792	0	26392312	8224700	1172	0	1196	86000
1785961938	64k	1329	11256892	11253496	0	0	23805755	0	27369420	8224700	1172	0	1196	88000
1785961939	64k	1330	12256316	12252929	0	0	24085247	0	26360284	8224700	1172	0	1196	90000
1785961940	64k	1331	12256316	12252917	0	0	24085247	0	26359164	8224700	1172	0	1196	89000
1785961942	64k	1333	12256316	12252920	0	0	24085247	0	26358700	8224700	1172	0	1196	90000
1785961943	64k	1334	12256316	12252929	0	0	24085247	0	26358448	8224700	1172	0	1196	89000
1785961944	64k	1335	12256316	12252929	0	0	24085247	0	26357692	8224700	1172	0	1196	86000
1785961945	64k	1336	12256316	12252917	0	0	24085247	0	26357692	8224700	1172	0	1196	89000
1785961947	64k	1338	12256316	12252925	0	0	24085247	0	26357696	8224700	1172	0	1196	86000
1785961948	64k	1339	12256316	12252929	0	0	24085247	0	26356700	8224700	1172	0	1196	91000
1785961949	64k	1340	12256316	12252920	0	0	24085247	0	26356744	8224700	1172	0	1196	86000
1785961950	64k	1341	12256316	12252923	0	0	24085247	0	26356744	8224700	1172	0	1196	90000
1785961952	64k	1343	12256316	12252916	0	0	24085247	0	26356492	8224700	1172	0	1196	85000
1785961953	64k	1344	11274300	11270917	0	0	24113372	0	27327060	8224700	1172	0	1196	90000
1785961954	64k	1345	12281916	12278529	0	0	24392848	0	26315756	8224700	1172	0	1196	85000
1785961955	64k	1346	12281916	12278533	0	0	24392848	0	26315868	8224700	1172	0	1196	88000
1785961957	64k	1348	12281916	12278531	0	0	24392848	0	26318152	8224700	1172	0	1196	86000
1785961958	64k	1349	12281916	12278523	0	0	24392848	0	26322144	8224700	1172	0	1196	89000
1785961959	64k	1350	12281916	12278517	0	0	24392848	0	26324076	8224700	1172	0	1196	86000
1785961960	64k	1351	12281916	12278518	0	0	24392848	0	26325480	8224700	1172	0	1196	90000
1785961962	64k	1353	12281916	12278520	0	0	24392848	0	26325544	8224700	1172	0	1196	86000
1785961963	64k	1354	12281916	12278517	0	0	24392848	0	26327380	8224700	1172	0	1196	89000
1785961964	64k	1355	12281916	12278523	0	0	24392848	0	26328200	8224700	1172	0	1196	86000
1785961965	64k	1356	12281916	12278527	0	0	24392848	0	26328200	8224700	1172	0	1196	89000
1785961967	64k	1358	12281916	12278533	0	0	24392848	0	26328200	8224700	1172	0	1196	85000
1785961968	64k	1359	11291708	11288325	0	0	24420919	0	27302220	8224700	1172	0	1196	90000
1785961969	64k	1360	12307516	12304123	0	0	24708116	0	26290048	8224700	1172	0	1196	86000
1785961970	64k	1361	12307516	12304117	0	0	24708116	0	26290648	8224700	1172	0	1196	91000
1785961972	64k	1363	12307516	12304131	0	0	24708116	0	26292488	8224700	1172	0	1196	85000
1785961973	64k	1364	12307516	12304120	0	0	24708116	0	26295920	8224700	1172	0	1196	89000
1785961974	64k	1365	12307516	12304118	0	0	24708116	0	26296684	8224700	1172	0	1196	85000
1785961975	64k	1366	12307516	12304117	0	0	24708116	0	26298764	8224700	1172	0	1196	89000
1785961977	64k	1368	12307516	12304117	0	0	24708116	0	26301804	8224700	1172	0	1196	84000
1785961978	64k	1369	12307516	12304118	0	0	24708116	0	26302420	8224700	1172	0	1196	85000
1785961979	64k	1370	12307516	12304133	0	0	24708116	0	26302944	8224700	1172	0	1196	85000
1785961980	64k	1371	12307516	12304120	0	0	24708116	0	26302944	8224700	1172	0	1196	84000
1785961982	64k	1373	12307516	12304118	0	0	24708116	0	26302692	8224700	1172	0	1196	85000
1785961983	64k	1374	11309188	11305795	0	0	24736075	0	27285180	8224700	1172	0	1196	90000
1785961984	64k	1375	11438676	11535401	0	0	25020764	0	26245532	8224700	1172	0	1196	85000
1785961986	64k	1377	12333188	12329795	0	0	25020764	0	26247424	8224700	1172	0	1196	83000
1785961987	64k	1378	12333188	12329803	0	0	25020764	0	26251764	8224700	1172	0	1196	85000
1785961988	64k	1379	12333188	12329789	0	0	25020764	0	26253744	8224700	1172	0	1196	90000
1785961989	64k	1380	12333188	12329789	0	0	25020764	0	26255704	8224700	1172	0	1196	86000
1785961991	64k	1382	12333188	12329801	0	0	25020764	0	26258588	8224700	1172	0	1196	90000
1785961992	64k	1383	12333188	12329805	0	0	25020764	0	26263320	8224700	1172	0	1196	85000
1785961993	64k	1384	12333188	12329792	0	0	25020764	0	26265372	8224700	1172	0	1196	91000
1785961994	64k	1385	12333188	12329805	0	0	25020764	0	26267244	8224700	1172	0	1196	82000
1785961996	64k	1387	12333188	12329789	0	0	25020764	0	26268424	8224700	1172	0	1196	90000
1785961997	64k	1388	12333188	12329790	0	0	25020764	0	26268672	8224700	1172	0	1196	83000
1785961998	64k	1389	11326596	11323200	0	0	25048849	0	27268504	8224700	1172	0	1196	90000
1785961999	64k	1390	11342980	11339582	0	0	25073799	0	27262092	8224700	1172	0	1196	83000
1785962001	64k	1392	12358788	12355401	0	0	25343865	0	26256656	8224700	1172	0	1196	89000
1785962002	64k	1393	12358788	12355390	0	0	25343865	0	26254560	8224700	1172	0	1196	81000
1785962003	64k	1394	12358788	12355389	0	0	25343865	0	26254452	8224700	1172	0	1196	88000
1785962004	64k	1395	12358788	12355396	0	0	25343865	0	26254744	8224700	1172	0	1196	82000
1785962006	64k	1397	12358788	12355390	0	0	25343865	0	26256500	8224700	1172	0	1196	89000
1785962007	64k	1398	12358788	12355402	0	0	25343865	0	26258524	8224700	1172	0	1196	89000
1785962008	64k	1399	12358788	12355402	0	0	25343865	0	26259308	8224700	1172	0	1196	89000
1785962009	64k	1400	12358788	12355388	0	0	25343865	0	26259896	8224700	1172	0	1196	89000
1785962010	64k	1401	12358788	12355394	0	0	25343865	0	26260008	8224700	1172	0	1196	90000
1785962012	64k	1403	12358788	12355388	0	0	25343865	0	26260316	8224700	1172	0	1196	88000
1785962013	64k	1404	12358788	12355400	0	0	25343867	0	26388192	8224700	1172	0	1196	78000
1785962014	64k	1405	11342860	11339461	0	0	25371476	0	27278308	8224700	1172	0	1196	88000
1785962015	64k	1406	12358988	12355588	0	0	25633433	0	26258804	8224700	1172	0	1196	90000
1785962017	64k	1408	12358988	12355592	0	0	25633433	0	26257828	8224700	1172	0	1196	86000
1785962018	64k	1409	12358988	12355589	0	0	25633433	0	26257828	8224700	1172	0	1196	88000
1785962019	64k	1410	12358988	12355588	0	0	25633433	0	26257952	8224700	1172	0	1196	86000
1785962020	64k	1411	12358988	12355589	0	0	25633433	0	26258720	8224700	1172	0	1196	86000
1785962022	64k	1413	12358988	12355592	0	0	25633433	0	26258220	8224700	1172	0	1196	86000
1785962023	64k	1414	12358988	12355589	0	0	25633433	0	26258220	8224700	1172	0	1196	86000
1785962024	64k	1415	12358988	12355588	0	0	25633433	0	26258220	8224700	1172	0	1196	89000
1785962025	64k	1416	12358988	12355600	0	0	25633433	0	26257968	8224700	1172	0	1196	85000
1785962027	64k	1418	12358988	12355602	0	0	25633433	0	26257968	8224700	1172	0	1196	88000
1785962028	64k	1419	12358988	12355589	0	0	25633433	0	26257352	8224700	1172	0	1196	86000
1785962029	64k	1420	11365088	11361704	0	0	25666629	0	27214448	8224700	1172	0	1196	89000
1785962030	64k	1421	12429920	12426532	0	0	25982188	0	26128168	8224700	1172	0	1196	85000
1785962032	64k	1423	12429920	12426521	0	0	25982188	0	26135320	8224700	1172	0	1196	89000
1785962033	64k	1424	12429920	12426522	0	0	25982188	0	26136284	8224700	1172	0	1196	86000
1785962034	64k	1425	12429920	12426526	0	0	25982188	0	26139480	8224700	1172	0	1196	86000
1785962036	64k	1427	12429920	12426524	0	0	25982188	0	26142536	8224700	1172	0	1196	84000
1785962037	64k	1428	12429920	12426521	0	0	25982188	0	26148856	8224700	1172	0	1196	89000
1785962038	64k	1429	12429920	12426522	0	0	25982188	0	26150532	8224700	1172	0	1196	84000
1785962039	64k	1430	12429920	12426524	0	0	25982188	0	26152468	8224700	1172	0	1196	90000
1785962041	64k	1432	12429920	12426521	0	0	25982188	0	26153764	8224700	1172	0	1196	77000
1785962042	64k	1433	12429920	12426536	0	0	25982188	0	26157920	8224700	1172	0	1196	90000
1785962043	64k	1434	12429920	12426519	0	0	25982188	0	26159032	8224700	1172	0	1196	81000
1785962044	64k	1435	12447556	12444156	0	0	25986977	0	26145496	8224700	1172	0	1196	72000
1785962046	64k-after	1437	12449136	12445854	0	0	25986977	0	26145644	8224700	1172	0	1196	66000
1785962046	cooldown	1437	12449136	12445851	0	0	25986977	0	26145644	8224700	1172	0	1196	66000
1785962048	cooldown	1439	12449136	12445865	0	0	25986977	0	26146760	8224700	1172	0	1196	65000
1785962050	cooldown	1441	12449136	12445867	0	0	25986977	0	26147620	8224700	1172	0	1196	64000
1785962052	cooldown	1443	12449136	12445850	0	0	25986977	0	26147848	8224700	1172	0	1196	63000
1785962054	cooldown	1445	12449136	12445859	0	0	25986977	0	26153772	8224700	1172	0	1196	63000
1785962057	cooldown	1448	12449136	12445854	0	0	25986977	0	26157564	8224700	1172	0	1196	61000
1785962059	cooldown	1450	12449136	12445854	0	0	25986977	0	26161784	8224700	1172	0	1196	63000
1785962061	cooldown	1452	12449136	12445863	0	0	25986977	0	26165252	8224700	1172	0	1196	60000
1785962061	124k-before	1452	12449136	12445852	0	0	25986977	0	26165788	8224700	1172	0	1196	62000
1785962061	124k	1452	12449136	12446349	0	0	25988889	0	26152824	8224700	1172	0	1196	69000
1785962062	124k	1453	11434892	11431509	0	0	26019114	0	27184752	8224700	1172	0	1196	79000
1785962064	124k	1455	12491660	12488264	0	0	26307521	0	26126716	8224700	1172	0	1196	79000
1785962065	124k	1456	12491660	12488267	0	0	26307521	0	26120976	8224700	1172	0	1196	84000
1785962066	124k	1457	12491660	12488267	0	0	26307529	0	26119172	8224700	1172	0	1196	82000
1785962067	124k	1458	12491660	12488267	0	0	26307529	0	26119284	8224700	1172	0	1196	84000
1785962069	124k	1460	12491660	12488264	0	0	26307529	0	26119096	8224700	1172	0	1196	80000
1785962070	124k	1461	12491660	12488263	0	0	26307529	0	26118944	8224700	1172	0	1196	85000
1785962071	124k	1462	12491660	12488265	0	0	26307529	0	26120072	8224700	1172	0	1196	82000
1785962072	124k	1463	12491660	12488265	0	0	26307529	0	26119972	8224700	1172	0	1196	85000
1785962074	124k	1465	12491660	12488264	0	0	26307529	0	26118208	8224700	1172	0	1196	79000
1785962075	124k	1466	12491660	12488264	0	0	26307529	0	26117540	8224700	1172	0	1196	83000
1785962076	124k	1467	12491660	12488227	0	0	26307529	0	26114280	8224704	1173	0	1197	79000
1785962077	124k	1468	11452300	11448859	0	0	26335526	0	27146332	8224704	1173	0	1197	85000
1785962079	124k	1470	11468684	11465245	0	0	26360171	0	27139920	8224704	1173	0	1197	77000
1785962080	124k	1471	12517260	12513831	0	0	26629608	0	26074696	8224704	1173	0	1197	77000
1785962081	124k	1472	12517260	12513864	0	0	26629608	0	26075900	8224704	1173	0	1197	76000
1785962082	124k	1473	12517268	12513888	0	0	26629610	0	26075524	8224704	1173	0	1197	85000
1785962084	124k	1475	12517268	12513872	0	0	26629610	0	26075536	8224704	1173	0	1197	84000
1785962085	124k	1476	12517268	12513875	0	0	26629610	0	26075536	8224704	1173	0	1197	85000
1785962086	124k	1477	12517268	12513873	0	0	26629610	0	26075032	8224704	1173	0	1197	83000
1785962087	124k	1478	12517268	12513872	0	0	26629610	0	26075032	8224704	1173	0	1197	85000
1785962089	124k	1480	12517268	12513872	0	0	26629610	0	26075032	8224704	1173	0	1197	83000
1785962090	124k	1481	12517268	12513884	0	0	26629610	0	26075032	8224704	1173	0	1197	85000
1785962091	124k	1482	12517268	12513872	0	0	26629610	0	26074780	8224704	1173	0	1197	84000
1785962092	124k	1483	12517268	12513872	0	0	26629610	0	26074780	8224704	1173	0	1197	83000
1785962094	124k	1485	11469716	11466330	0	0	26657734	0	27132200	8224704	1173	0	1197	84000
1785962095	124k	1486	12542868	12539472	0	0	26955183	0	26064224	8224704	1173	0	1197	83000
1785962096	124k	1487	12542868	12539472	0	0	26955183	0	26062348	8224704	1173	0	1197	85000
1785962097	124k	1488	12542868	12539478	0	0	26955183	0	26061844	8224704	1173	0	1197	82000
1785962099	124k	1490	12542868	12539480	0	0	26955183	0	26059364	8224704	1173	0	1197	85000
1785962100	124k	1491	12542868	12539472	0	0	26955183	0	26059396	8224704	1173	0	1197	83000
1785962101	124k	1492	12542868	12539472	0	0	26955183	0	26059984	8224704	1173	0	1197	86000
1785962102	124k	1493	12542868	12539470	0	0	26955183	0	26060884	8224704	1173	0	1197	81000
1785962104	124k	1495	12542868	12539478	0	0	26955183	0	26057656	8224708	1174	0	1198	88000
1785962105	124k	1496	12542868	12539470	0	0	26955183	0	26054056	8224708	1174	0	1198	83000
1785962106	124k	1497	12542868	12539474	0	0	26955183	0	26050756	8224708	1174	0	1198	81000
1785962107	124k	1498	12542868	12539470	0	0	26955183	0	26042876	8224708	1174	0	1198	85000
1785962108	124k	1499	12542868	12539469	0	0	26955439	0	26230764	8224708	1174	0	1198	79000
1785962110	124k	1501	11487124	11483728	0	0	26983098	0	27100468	8224708	1174	0	1198	85000
1785962111	124k	1502	12568468	12565070	0	0	27282344	0	26004848	8224708	1174	0	1198	84000
1785962112	124k	1503	12568468	12565074	0	0	27282344	0	26004576	8224708	1174	0	1198	86000
1785962113	124k	1504	12568468	12565072	0	0	27282344	0	26004324	8224708	1174	0	1198	83000
1785962115	124k	1506	12568468	12565086	0	0	27282344	0	26004072	8224708	1174	0	1198	88000
1785962116	124k	1507	12568468	12565076	0	0	27282344	0	26004072	8224708	1174	0	1198	82000
1785962117	124k	1508	12568468	12565069	0	0	27282344	0	26001544	8224708	1174	0	1198	89000
1785962118	124k	1509	12568468	12565070	0	0	27282344	0	25997148	8224708	1174	0	1198	81000
1785962120	124k	1511	12568468	12565070	0	0	27282344	0	25995256	8224708	1174	0	1198	81000
1785962121	124k	1512	12568468	12565084	0	0	27282344	0	26024800	8224708	1174	0	1198	83000
1785962122	124k	1513	12568468	12565068	0	0	27282344	0	26022320	8224708	1174	0	1198	86000
1785962123	124k	1514	12568468	12565079	0	0	27282344	0	26022324	8224708	1174	0	1198	84000
1785962124	124k	1515	12568468	12565073	0	0	27282600	0	26135652	8224708	1174	0	1198	81000
1785962126	124k	1517	11504532	11501131	0	0	27310362	0	27095120	8224708	1174	0	1198	85000
1785962127	124k	1518	12594068	12590677	0	0	27610893	0	26017064	8224708	1174	0	1198	82000
1785962128	124k	1519	12594068	12590681	0	0	27610893	0	26016572	8224708	1174	0	1198	86000
1785962129	124k	1520	12594068	12590668	0	0	27610893	0	26016572	8224708	1174	0	1198	83000
1785962131	124k	1522	12594068	12590666	0	0	27610893	0	26017432	8224708	1174	0	1198	88000
1785962132	124k	1523	12594068	12590670	0	0	27610893	0	26017464	8224708	1174	0	1198	83000
1785962133	124k	1524	12594068	12590666	0	0	27610893	0	26016960	8224708	1174	0	1198	86000
1785962134	124k	1525	12594068	12590667	0	0	27610893	0	26016960	8224708	1174	0	1198	82000
1785962136	124k	1527	12594068	12590681	0	0	27610893	0	26016708	8224708	1174	0	1198	86000
1785962137	124k	1528	12594068	12590666	0	0	27610893	0	26016092	8224708	1174	0	1198	81000
1785962138	124k	1529	12594068	12590670	0	0	27610893	0	26016732	8224708	1174	0	1198	83000
1785962139	124k	1530	12594068	12590667	0	0	27610893	0	26016480	8224708	1174	0	1198	79000
1785962141	124k	1532	11507604	11504403	0	0	27638846	0	27085520	8224708	1174	0	1198	88000
1785962142	124k	1533	11521940	11518555	0	0	27638846	0	27085788	8224708	1174	0	1198	85000
1785962143	124k	1534	12619668	12616270	0	0	27946084	0	26002052	8224708	1174	0	1198	85000
1785962144	124k	1535	12619668	12616279	0	0	27946084	0	26001556	8224708	1174	0	1198	85000
1785962146	124k	1537	12619668	12616273	0	0	27946084	0	26003244	8224708	1174	0	1198	86000
1785962147	124k	1538	12619668	12616268	0	0	27946084	0	26004228	8224708	1174	0	1198	85000
1785962148	124k	1539	12619668	12616271	0	0	27946084	0	26003976	8224708	1174	0	1198	84000
1785962149	124k	1540	12619668	12616265	0	0	27946084	0	26003700	8224708	1174	0	1198	85000
1785962151	124k	1542	12619668	12616266	0	0	27946084	0	26004048	8224708	1174	0	1198	83000
1785962152	124k	1543	12619668	12616267	0	0	27946084	0	26003468	8224708	1174	0	1198	86000
1785962153	124k	1544	12619668	12616281	0	0	27946084	0	26004204	8224708	1174	0	1198	83000
1785962154	124k	1545	12619668	12616273	0	0	27946084	0	26005060	8224708	1174	0	1198	80000
1785962156	124k	1547	12619668	12616281	0	0	27946084	0	26005124	8224708	1174	0	1198	83000
1785962157	124k	1548	11539348	11535957	0	0	27974148	0	27085780	8224708	1174	0	1198	86000
1785962158	124k	1549	11555732	11552331	0	0	28096741	0	26603436	8224708	1174	0	1198	77000
1785962160	124k	1551	12645268	12641865	0	0	28269249	0	25940264	8224708	1174	0	1198	88000
1785962161	124k	1552	12645268	12641871	0	0	28269249	0	25940264	8224708	1174	0	1198	78000
1785962162	124k	1553	12645268	12641879	0	0	28269249	0	25938728	8224708	1174	0	1198	88000
1785962163	124k	1554	12645268	12641875	0	0	28269249	0	25938536	8224708	1174	0	1198	85000
1785962165	124k	1556	12645268	12641877	0	0	28269249	0	25938536	8224708	1174	0	1198	85000
1785962166	124k	1557	12645268	12641873	0	0	28269249	0	25938536	8224708	1174	0	1198	85000
1785962167	124k	1558	12645268	12641865	0	0	28269249	0	25938284	8224708	1174	0	1198	90000
1785962168	124k	1559	12645268	12641875	0	0	28269249	0	25937792	8224708	1174	0	1198	85000
1785962169	124k	1560	12645268	12641879	0	0	28269249	0	25937568	8224708	1174	0	1198	84000
1785962171	124k	1562	12645268	12641869	0	0	28269249	0	25937328	8224708	1174	0	1198	85000
1785962172	124k	1563	12645268	12641879	0	0	28269249	0	25937076	8224708	1174	0	1198	85000
1785962173	124k	1564	11556756	11553368	0	0	28297340	0	27030960	8224708	1174	0	1198	85000
1785962175	124k	1566	12621100	12667472	0	0	28596114	0	25923672	8224708	1174	0	1198	84000
1785962176	124k	1567	12670868	12667465	0	0	28596114	0	25920912	8224708	1174	0	1198	86000
1785962177	124k	1568	12670868	12667467	0	0	28596114	0	25920912	8224708	1174	0	1198	83000
1785962178	124k	1569	12670868	12667476	0	0	28596114	0	25921732	8224708	1174	0	1198	89000
1785962180	124k	1571	12670868	12667467	0	0	28596114	0	25921736	8224708	1174	0	1198	82000
1785962181	124k	1572	12670868	12667468	0	0	28596114	0	25921740	8224708	1174	0	1198	85000
1785962182	124k	1573	12670868	12667481	0	0	28596114	0	25922532	8224708	1174	0	1198	79000
1785962183	124k	1574	12670868	12667471	0	0	28596114	0	25922976	8224708	1174	0	1198	88000
1785962185	124k	1576	12670868	12667471	0	0	28596114	0	25924384	8224708	1174	0	1198	85000
1785962186	124k	1577	12670868	12667467	0	0	28596114	0	25926716	8224708	1174	0	1198	87000
1785962187	124k	1578	12670868	12667467	0	0	28596114	0	25926460	8224708	1174	0	1198	86000
1785962188	124k	1579	12670868	12667469	0	0	28596114	0	25926840	8224708	1174	0	1198	85000
1785962190	124k	1581	11574164	11570779	0	0	28624134	0	27028984	8224708	1174	0	1198	86000
1785962191	124k	1582	12696468	12693077	0	0	28935783	0	25910212	8224708	1174	0	1198	85000
1785962192	124k	1583	12696468	12693067	0	0	28935783	0	25910072	8224708	1174	0	1198	88000
1785962193	124k	1584	12696468	12693067	0	0	28935783	0	25910140	8224708	1174	0	1198	84000
1785962195	124k	1586	12696468	12693068	0	0	28935783	0	25909596	8224708	1174	0	1198	82000
1785962196	124k	1587	12696468	12693077	0	0	28935783	0	25910136	8224708	1174	0	1198	83000
1785962197	124k	1588	12696468	12693067	0	0	28935783	0	25910928	8224708	1174	0	1198	89000
1785962198	124k	1589	12696468	12693083	0	0	28935783	0	25910992	8224708	1174	0	1198	82000
1785962200	124k	1591	12696468	12693069	0	0	28935783	0	25910980	8224708	1174	0	1198	86000
1785962201	124k	1592	12696468	12693069	0	0	28935783	0	25910980	8224708	1174	0	1198	81000
1785962202	124k	1593	12696468	12693077	0	0	28935783	0	25910980	8224708	1174	0	1198	88000
1785962203	124k	1594	12696468	12693068	0	0	28935783	0	25910728	8224708	1174	0	1198	86000
1785962205	124k	1596	12696468	12693079	0	0	28936039	0	26078548	8224708	1174	0	1198	81000
1785962206	124k	1597	11591572	11588171	0	0	28963868	0	27006220	8224708	1174	0	1198	88000
1785962207	124k	1598	12722068	12718681	0	0	29266719	0	25843000	8224708	1174	0	1198	84000
1785962208	124k	1599	12722068	12718681	0	0	29266719	0	25842104	8224708	1174	0	1198	89000
1785962210	124k	1601	12722068	12718671	0	0	29266719	0	25841852	8224708	1174	0	1198	85000
1785962211	124k	1602	12722068	12718667	0	0	29266719	0	25841852	8224708	1174	0	1198	90000
1785962212	124k	1603	12722068	12718667	0	0	29266719	0	25841836	8224708	1174	0	1198	82000
1785962213	124k	1604	12722068	12718675	0	0	29266719	0	25843136	8224708	1174	0	1198	82000
1785962215	124k	1606	12722068	12718681	0	0	29266719	0	25844292	8224708	1174	0	1198	81000
1785962216	124k	1607	12722068	12718671	0	0	29266719	0	25845344	8224708	1174	0	1198	88000
1785962217	124k	1608	12722068	12718667	0	0	29266719	0	25846216	8224708	1174	0	1198	86000
1785962218	124k	1609	12722068	12718668	0	0	29266719	0	25846148	8224708	1174	0	1198	88000
1785962220	124k	1611	12722068	12718668	0	0	29266719	0	25845896	8224708	1174	0	1198	86000
1785962221	124k	1612	12722068	12718671	0	0	29266719	0	25845896	8224708	1174	0	1198	85000
1785962222	124k	1613	11608980	11605583	0	0	29294900	0	26962076	8224708	1174	0	1198	86000
1785962223	124k	1614	12747668	12744271	0	0	29606860	0	25857280	8224708	1174	0	1198	86000
1785962225	124k	1616	12747668	12744268	0	0	29606860	0	25855796	8224708	1174	0	1198	89000
1785962226	124k	1617	12747668	12744267	0	0	29606860	0	25855796	8224708	1174	0	1198	85000
1785962227	124k	1618	12747668	12744268	0	0	29606860	0	25853464	8224708	1174	0	1198	85000
1785962228	124k	1619	12747668	12744273	0	0	29606860	0	25855208	8224708	1174	0	1198	83000
1785962230	124k	1621	12747668	12744267	0	0	29606860	0	25857620	8225128	1174	0	1303	88000
1785962231	124k	1622	12747668	12744271	0	0	29606860	0	25858928	8225128	1174	0	1303	82000
1785962232	124k	1623	12747668	12744271	0	0	29606860	0	25860396	8225128	1174	0	1303	90000
1785962233	124k	1624	12747668	12744271	0	0	29606860	0	25860548	8225128	1174	0	1303	87000
1785962235	124k	1626	12747668	12744281	0	0	29606860	0	25859664	8225128	1174	0	1303	89000
1785962236	124k	1627	12747668	12744271	0	0	29606860	0	25859160	8225128	1174	0	1303	86000
1785962237	124k	1628	12747668	12744283	0	0	29606860	0	25858920	8225128	1174	0	1303	85000
1785962238	124k	1629	11626388	11623003	0	0	29634967	0	26989208	8225128	1174	0	1303	86000
1785962240	124k	1631	12773268	12769868	0	0	29946867	0	25830260	8225128	1174	0	1303	85000
1785962241	124k	1632	12773268	12769867	0	0	29946867	0	25830008	8225128	1174	0	1303	88000
1785962242	124k	1633	12773268	12769867	0	0	29946867	0	25830008	8225128	1174	0	1303	85000
1785962243	124k	1634	12773268	12769879	0	0	29946867	0	25829756	8225128	1174	0	1303	83000
1785962245	124k	1636	12773268	12769867	0	0	29946867	0	25829756	8225128	1174	0	1303	79000
1785962246	124k	1637	12773268	12769873	0	0	29946867	0	25829756	8225128	1174	0	1303	88000
1785962247	124k	1638	12773268	12769866	0	0	29946867	0	25830664	8225128	1174	0	1303	81000
1785962249	124k	1640	12773268	12769883	0	0	29946867	0	25831472	8225128	1174	0	1303	89000
1785962250	124k	1641	12773268	12769868	0	0	29946867	0	25832060	8225128	1174	0	1303	86000
1785962251	124k	1642	12773268	12769866	0	0	29946867	0	25832440	8225128	1174	0	1303	90000
1785962252	124k	1643	12773268	12769881	0	0	29946867	0	25832784	8225128	1174	0	1303	86000
1785962254	124k	1645	12773268	12769881	0	0	29946867	0	25832532	8225128	1174	0	1303	84000
1785962255	124k	1646	11643796	11640394	0	0	29974907	0	26949404	8225128	1174	0	1303	86000
1785962256	124k	1647	12798868	12795483	0	0	30288149	0	25821296	8225128	1174	0	1303	85000
1785962257	124k	1648	12798868	12795469	0	0	30288149	0	25819700	8225128	1174	0	1303	88000
1785962259	124k	1650	12798868	12795468	0	0	30288149	0	25819448	8225128	1174	0	1303	84000
1785962260	124k	1651	12798868	12795479	0	0	30288149	0	25817308	8225128	1174	0	1303	86000
1785962261	124k	1652	12798868	12795468	0	0	30288149	0	25817308	8225128	1174	0	1303	78000
1785962262	124k	1653	12798868	12795468	0	0	30288149	0	25817308	8225128	1174	0	1303	90000
1785962264	124k	1655	12798868	12795477	0	0	30288149	0	25817056	8225128	1174	0	1303	81000
1785962265	124k	1656	12798868	12795466	0	0	30288149	0	25816552	8225128	1174	0	1303	88000
1785962266	124k	1657	12798868	12795479	0	0	30288149	0	25816552	8225128	1174	0	1303	86000
1785962267	124k	1658	12798868	12795467	0	0	30288149	0	25816552	8225128	1174	0	1303	89000
1785962269	124k	1660	12798868	12795468	0	0	30288149	0	25816552	8225128	1174	0	1303	86000
1785962270	124k	1661	12798868	12795483	0	0	30288149	0	25818076	8225128	1174	0	1303	86000
1785962271	124k	1662	11661204	11657803	0	0	30316131	0	26936288	8225128	1174	0	1303	86000
1785962272	124k	1663	12824468	12821073	0	0	30632952	0	25782436	8225128	1174	0	1303	85000
1785962274	124k	1665	12824468	12821067	0	0	30632952	0	25782240	8225128	1174	0	1303	88000
1785962275	124k	1666	12824468	12821069	0	0	30632952	0	25782004	8225128	1174	0	1303	82000
1785962276	124k	1667	12824468	12821068	0	0	30632952	0	25782004	8225128	1174	0	1303	88000
1785962277	124k	1668	12824468	12821069	0	0	30632952	0	25782004	8225128	1174	0	1303	81000
1785962279	124k	1670	12824468	12821073	0	0	30632952	0	25781764	8225128	1174	0	1303	88000
1785962280	124k	1671	12824468	12821081	0	0	30632952	0	25781764	8225128	1174	0	1303	86000
1785962281	124k	1672	12824468	12821073	0	0	30632952	0	25781512	8225128	1174	0	1303	90000
1785962282	124k	1673	12824468	12821067	0	0	30632952	0	25781272	8225128	1174	0	1303	86000
1785962284	124k	1675	12824468	12821067	0	0	30632952	0	25781272	8225128	1174	0	1303	85000
1785962285	124k	1676	12824468	12821066	0	0	30632952	0	25781272	8225128	1174	0	1303	86000
1785962286	124k	1677	12824468	12821069	0	0	30632952	0	25781020	8225128	1174	0	1303	84000
1785962288	124k	1679	11678612	11675212	0	0	30660982	0	26878572	8225128	1174	0	1303	89000
1785962289	124k	1680	11694996	11691595	0	0	30977994	0	25744280	8225128	1174	0	1303	83000
1785962290	124k	1681	12850068	12846669	0	0	30977994	0	25741856	8225128	1174	0	1303	88000
1785962291	124k	1682	12850068	12846671	0	0	30977994	0	25740404	8225128	1174	0	1303	81000
1785962292	124k	1683	12850068	12846673	0	0	30977994	0	25740184	8225128	1174	0	1303	89000
1785962294	124k	1685	12850068	12846669	0	0	30977994	0	25740184	8225128	1174	0	1303	86000
1785962295	124k	1686	12850068	12846668	0	0	30977994	0	25739944	8225128	1174	0	1303	90000
1785962296	124k	1687	12850068	12846669	0	0	30977994	0	25739948	8225128	1174	0	1303	88000
1785962297	124k	1688	12850068	12846673	0	0	30977994	0	25738940	8225128	1174	0	1303	85000
1785962299	124k	1690	12850068	12846667	0	0	30977994	0	25738940	8225128	1174	0	1303	86000
1785962300	124k	1691	12850068	12846668	0	0	30977994	0	25738940	8225128	1174	0	1303	85000
1785962301	124k	1692	12850068	12846671	0	0	30977994	0	25737960	8225128	1174	0	1303	88000
1785962302	124k	1693	12850068	12846677	0	0	30977994	0	25736028	8225128	1174	0	1303	82000
1785962304	124k	1695	11696020	11692619	0	0	31006249	0	26908400	8225128	1174	0	1303	89000
1785962305	124k	1696	11696020	11692627	0	0	31030358	0	26902940	8225128	1174	0	1303	81000
1785962306	124k	1697	12875668	12872268	0	0	31321300	0	25718720	8225128	1174	0	1303	88000
1785962307	124k	1698	12875668	12872273	0	0	31321300	0	25718720	8225128	1174	0	1303	88000
1785962309	124k	1700	12875668	12872269	0	0	31321300	0	25718468	8225128	1174	0	1303	90000
1785962310	124k	1701	12875668	12872268	0	0	31321300	0	25717964	8225128	1174	0	1303	86000
1785962311	124k	1702	12875668	12872277	0	0	31321300	0	25717964	8225128	1174	0	1303	87000
1785962313	124k	1704	12875668	12872266	0	0	31321300	0	25717460	8225128	1174	0	1303	89000
1785962314	124k	1705	12875668	12872283	0	0	31321300	0	25717208	8225128	1174	0	1303	84000
1785962315	124k	1706	12875668	12872269	0	0	31321300	0	25716704	8225128	1174	0	1303	90000
1785962316	124k	1707	12875668	12872268	0	0	31321300	0	25717128	8225128	1174	0	1303	82000
1785962318	124k	1709	12875668	12872268	0	0	31321300	0	25716888	8225128	1174	0	1303	86000
1785962319	124k	1710	12875668	12872283	0	0	31321300	0	25717956	8225128	1174	0	1303	86000
1785962320	124k	1711	12875668	12872271	0	0	31321556	0	25895128	8225128	1174	0	1303	83000
1785962321	124k	1712	11713428	11710028	0	0	31349408	0	26898556	8225128	1174	0	1303	88000
1785962323	124k	1714	12901268	12897866	0	0	31670625	0	25706580	8225128	1174	0	1303	85000
1785962324	124k	1715	12901268	12897883	0	0	31670625	0	25702068	8225128	1174	0	1303	90000
1785962325	124k	1716	12901268	12897883	0	0	31670625	0	25700932	8225128	1174	0	1303	85000
1785962326	124k	1717	12901268	12897869	0	0	31670625	0	25700932	8225128	1174	0	1303	90000
1785962328	124k	1719	12901268	12897869	0	0	31670625	0	25701296	8225128	1174	0	1303	82000
1785962329	124k	1720	12901268	12897883	0	0	31670625	0	25702240	8225128	1174	0	1303	90000
1785962330	124k	1721	12901268	12897871	0	0	31670625	0	25702680	8225128	1174	0	1303	88000
1785962331	124k	1722	12901268	12897866	0	0	31670625	0	25702440	8225128	1174	0	1303	88000
1785962332	124k	1723	12901268	12897871	0	0	31670625	0	25702424	8225128	1174	0	1303	86000
1785962334	124k	1725	12901268	12897868	0	0	31670625	0	25704232	8225128	1174	0	1303	85000
1785962335	124k	1726	12901268	12897875	0	0	31670625	0	25705300	8225128	1174	0	1303	89000
1785962336	124k	1727	12901268	12897867	0	0	31670625	0	25705760	8225128	1174	0	1303	84000
1785962338	124k	1729	11730836	11727436	0	0	31698767	0	26882424	8225128	1174	0	1303	85000
1785962339	124k	1730	11747220	11743827	0	0	31722893	0	26869936	8225128	1174	0	1303	81000
1785962340	124k	1731	12926868	12923475	0	0	32025598	0	25675960	8225128	1174	0	1303	90000
1785962341	124k	1732	12926868	12923466	0	0	32025598	0	25675960	8225128	1174	0	1303	88000
1785962343	124k	1734	12926868	12923468	0	0	32025598	0	25675960	8225128	1174	0	1303	90000
1785962344	124k	1735	12926868	12923467	0	0	32025598	0	25675960	8225128	1174	0	1303	88000
1785962345	124k	1736	12926868	12923479	0	0	32025598	0	25677164	8225128	1174	0	1303	86000
1785962346	124k	1737	12926868	12923467	0	0	32025598	0	25676516	8225128	1174	0	1303	89000
1785962348	124k	1739	12926868	12923475	0	0	32025598	0	25675128	8225128	1174	0	1303	85000
1785962349	124k	1740	12926868	12923467	0	0	32025598	0	25675128	8225128	1174	0	1303	88000
1785962350	124k	1741	12926868	12923483	0	0	32025598	0	25674904	8225128	1174	0	1303	82000
1785962351	124k	1742	12926868	12923473	0	0	32025598	0	25674400	8225128	1174	0	1303	89000
1785962353	124k	1744	12926868	12923469	0	0	32025598	0	25674400	8225128	1174	0	1303	85000
1785962354	124k	1745	12926868	12923477	0	0	32025854	0	25831868	8225128	1174	0	1303	80000
1785962355	124k	1746	11748244	11744855	0	0	32053729	0	26869084	8225128	1174	0	1303	86000
1785962356	124k	1747	12952468	12949071	0	0	32379465	0	25667832	8225128	1174	0	1303	86000
1785962358	124k	1749	12952468	12949071	0	0	32379465	0	25665060	8225128	1174	0	1303	89000
1785962359	124k	1750	12952468	12949083	0	0	32379465	0	25664188	8225128	1174	0	1303	83000
1785962360	124k	1751	12952468	12949067	0	0	32379465	0	25663936	8225128	1174	0	1303	89000
1785962361	124k	1752	12952468	12949069	0	0	32379465	0	25663936	8225128	1174	0	1303	79000
1785962363	124k	1754	12952468	12949066	0	0	32379465	0	25662172	8225128	1174	0	1303	89000
1785962364	124k	1755	12952468	12949073	0	0	32379465	0	25662172	8225128	1174	0	1303	88000
1785962365	124k	1756	12952468	12949079	0	0	32379465	0	25662172	8225128	1174	0	1303	90000
1785962366	124k	1757	12952468	12949067	0	0	32379465	0	25661932	8225128	1174	0	1303	86000
1785962368	124k	1759	12952468	12949071	0	0	32379465	0	25661932	8225128	1174	0	1303	86000
1785962369	124k	1760	12952468	12949067	0	0	32379465	0	25661932	8225128	1174	0	1303	89000
1785962370	124k	1761	12952468	12949075	0	0	32379465	0	25661680	8225128	1174	0	1303	83000
1785962371	124k	1762	11765652	11762253	0	0	32407487	0	26854864	8225128	1174	0	1303	89000
1785962373	124k	1764	11779764	11778643	0	0	32431609	0	26840328	8225128	1174	0	1303	83000
1785962374	124k	1765	12978068	12974669	0	0	32735318	0	25622412	8225128	1174	0	1303	90000
1785962375	124k	1766	12978068	12974673	0	0	32735318	0	25622172	8225128	1174	0	1303	86000
1785962376	124k	1767	12978068	12974683	0	0	32735318	0	25621428	8225128	1174	0	1303	89000
1785962378	124k	1769	12978068	12974679	0	0	32735318	0	25621176	8225128	1174	0	1303	86000
1785962379	124k	1770	12978068	12974667	0	0	32735318	0	25620812	8225128	1174	0	1303	84000
1785962380	124k	1771	12978068	12974675	0	0	32735318	0	25620460	8225128	1174	0	1303	89000
1785962381	124k	1772	12978068	12974667	0	0	32735318	0	25620460	8225128	1174	0	1303	82000
1785962383	124k	1774	12978068	12974673	0	0	32735318	0	25619956	8225128	1174	0	1303	89000
1785962384	124k	1775	12978068	12974667	0	0	32735318	0	25619608	8225128	1174	0	1303	79000
1785962385	124k	1776	12978068	12974677	0	0	32735318	0	25621340	8225128	1174	0	1303	88000
1785962387	124k	1778	12978068	12974683	0	0	32735318	0	25621340	8225128	1174	0	1303	89000
1785962388	124k	1779	12978068	12974673	0	0	32735318	0	25619004	8225128	1174	0	1303	89000
1785962389	124k	1780	11783060	11779663	0	0	32763377	0	26822084	8225128	1174	0	1303	88000
1785962390	124k	1781	13003668	13000267	0	0	33091831	0	25607276	8225128	1174	0	1303	86000
1785962392	124k	1783	13003668	13000279	0	0	33091831	0	25606280	8225128	1174	0	1303	90000
1785962393	124k	1784	13003668	13000267	0	0	33091831	0	25606028	8225128	1174	0	1303	85000
1785962394	124k	1785	13003668	13000268	0	0	33091831	0	25605776	8225128	1174	0	1303	90000
1785962395	124k	1786	13003668	13000279	0	0	33091831	0	25605776	8225128	1174	0	1303	81000
1785962397	124k	1788	13003668	13000269	0	0	33091831	0	25605776	8225128	1174	0	1303	89000
1785962398	124k	1789	13003668	13000281	0	0	33091831	0	25605776	8225128	1174	0	1303	88000
1785962399	124k	1790	13003668	13000266	0	0	33091831	0	25605776	8225128	1174	0	1303	90000
1785962400	124k	1791	13003668	13000268	0	0	33091831	0	25605776	8225128	1174	0	1303	88000
1785962402	124k	1793	13003668	13000269	0	0	33091831	0	25605776	8225128	1174	0	1303	86000
1785962403	124k	1794	13003668	13000267	0	0	33091831	0	25605776	8225128	1174	0	1303	90000
1785962404	124k	1795	13003668	13000271	0	0	33091831	0	25606416	8225128	1174	0	1303	85000
1785962406	124k	1797	11800468	11797069	0	0	33119738	0	26793788	8225128	1174	0	1303	89000
1785962407	124k	1798	11816852	11813453	0	0	33143914	0	26787432	8225128	1174	0	1303	82000
1785962408	124k	1799	13029268	13025871	0	0	33456664	0	25580744	8225128	1174	0	1303	90000
1785962409	124k	1800	13029268	13025869	0	0	33456664	0	25582940	8225128	1174	0	1303	89000
1785962411	124k	1802	13029268	13025873	0	0	33456664	0	25582952	8225128	1174	0	1303	90000
1785962412	124k	1803	13029268	13025877	0	0	33456664	0	25588108	8225128	1174	0	1303	88000
1785962413	124k	1804	13029268	13025879	0	0	33456664	0	25591016	8225128	1174	0	1303	86000
1785962414	124k	1805	13029268	13025869	0	0	33456664	0	25592528	8225128	1174	0	1303	86000
1785962416	124k	1807	13029268	13025869	0	0	33456664	0	25593656	8225128	1174	0	1303	77000
1785962417	124k	1808	13029268	13025870	0	0	33456664	0	25594168	8225128	1174	0	1303	86000
1785962418	124k	1809	13029268	13025872	0	0	33456664	0	25595148	8225128	1174	0	1303	82000
1785962419	124k	1810	13029268	13025875	0	0	33456664	0	25596088	8225128	1174	0	1303	90000
1785962421	124k	1812	13029268	13025875	0	0	33456676	0	25593904	8225128	1174	0	1303	88000
1785962422	124k	1813	13029268	13025869	0	0	33456676	0	25592956	8225128	1174	0	1303	86000
1785962423	124k	1814	11817876	11814477	0	0	33484697	0	26793992	8225128	1174	0	1303	88000
1785962424	124k	1815	12366784	12587883	0	0	33818210	0	25543112	8225128	1174	0	1303	85000
1785962426	124k	1817	13054868	13051473	0	0	33818210	0	25546160	8225128	1174	0	1303	90000
1785962427	124k	1818	13054868	13051469	0	0	33818210	0	25547024	8225128	1174	0	1303	83000
1785962428	124k	1819	13054868	13051469	0	0	33818210	0	25549012	8225128	1174	0	1303	90000
1785962429	124k	1820	13054868	13051479	0	0	33818210	0	25549916	8225128	1174	0	1303	88000
1785962431	124k	1822	13054868	13051477	0	0	33818210	0	25549776	8225128	1174	0	1303	91000
1785962432	124k	1823	13054868	13051469	0	0	33818210	0	25551080	8225128	1174	0	1303	88000
1785962433	124k	1824	13054868	13051477	0	0	33818210	0	25552316	8225128	1174	0	1303	85000
1785962434	124k	1825	13054868	13051468	0	0	33818210	0	25553144	8225128	1174	0	1303	89000
1785962436	124k	1827	13054868	13051475	0	0	33818210	0	25553152	8225128	1174	0	1303	83000
1785962437	124k	1828	13054868	13051472	0	0	33818210	0	25553012	8225128	1174	0	1303	90000
1785962438	124k	1829	13054868	13051468	0	0	33818210	0	25552768	8225128	1174	0	1303	82000
1785962440	124k	1831	12049380	11815497	0	0	33818467	0	26778792	8225128	1174	0	1303	85000
1785962441	124k	1832	11835284	11831885	0	0	33846344	0	26773080	8225128	1174	0	1303	86000
1785962442	124k	1833	13080468	13077069	0	0	34182162	0	25533092	8225128	1174	0	1303	85000
1785962443	124k	1834	13080468	13077069	0	0	34182162	0	25533196	8225128	1174	0	1303	90000
1785962444	124k	1835	13080468	13077068	0	0	34182162	0	25531684	8225128	1174	0	1303	85000
1785962446	124k	1837	13080468	13077075	0	0	34182162	0	25531432	8225128	1174	0	1303	89000
1785962447	124k	1838	13080468	13077083	0	0	34182162	0	25531432	8225128	1174	0	1303	81000
1785962448	124k	1839	13080468	13077068	0	0	34182162	0	25532524	8225128	1174	0	1303	82000
1785962449	124k	1840	13080468	13077080	0	0	34182162	0	25530136	8225128	1174	0	1303	88000
1785962451	124k	1842	13080468	13077074	0	0	34182162	0	25529888	8225128	1174	0	1303	86000
1785962452	124k	1843	13080468	13077071	0	0	34182162	0	25529888	8225128	1174	0	1303	86000
1785962453	124k	1844	13080468	13077084	0	0	34182162	0	25527200	8225128	1174	0	1303	85000
1785962455	124k	1846	13080468	13077070	0	0	34182162	0	25527276	8225128	1174	0	1303	89000
1785962456	124k	1847	13080468	13077070	0	0	34182162	0	25527588	8225128	1174	0	1303	82000
1785962457	124k	1848	11852692	11849297	0	0	34210211	0	26754884	8225128	1174	0	1303	86000
1785962458	124k	1849	11852692	11849298	0	0	34210211	0	26754460	8225128	1174	0	1303	88000
1785962460	124k	1851	13106068	13102670	0	0	34556985	0	25521844	8225128	1174	0	1303	89000
1785962461	124k	1852	13106068	13102672	0	0	34556985	0	25521424	8225128	1174	0	1303	86000
1785962462	124k	1853	13106068	13102682	0	0	34556985	0	25521184	8225128	1174	0	1303	83000
1785962463	124k	1854	13106068	13102674	0	0	34556985	0	25520680	8225128	1174	0	1303	89000
1785962465	124k	1856	13106068	13102680	0	0	34556985	0	25520176	8225128	1174	0	1303	81000
1785962466	124k	1857	13106068	13102670	0	0	34556985	0	25520176	8225128	1174	0	1303	90000
1785962467	124k	1858	13106068	13102678	0	0	34556985	0	25520176	8225128	1174	0	1303	88000
1785962468	124k	1859	13106068	13102684	0	0	34556985	0	25519684	8225128	1174	0	1303	84000
1785962469	124k	1860	13106068	13102672	0	0	34556985	0	25520768	8225128	1174	0	1303	89000
1785962471	124k	1862	13106068	13102670	0	0	34556985	0	25523788	8225128	1174	0	1303	86000
1785962472	124k	1863	13106068	13102676	0	0	34556985	0	25524720	8225128	1174	0	1303	88000
1785962473	124k	1864	13106068	13102670	0	0	34556985	0	25526152	8225128	1174	0	1303	82000
1785962475	124k	1866	11870100	11866707	0	0	34584950	0	26746392	8225128	1174	0	1303	82000
1785962476	124k	1867	11870100	11866707	0	0	34584950	0	26747972	8225128	1174	0	1303	86000
1785962477	124k	1868	13131668	13128273	0	0	34930318	0	25498172	8225128	1174	0	1303	90000
1785962478	124k	1869	13131668	13128277	0	0	34930318	0	25496924	8225128	1174	0	1303	88000
1785962479	124k	1870	13131668	13128286	0	0	34930318	0	25496072	8225128	1174	0	1303	85000
1785962481	124k	1872	13131668	13128274	0	0	34930318	0	25495328	8225128	1174	0	1303	82000
1785962482	124k	1873	13131668	13128275	0	0	34930318	0	25493492	8225128	1174	0	1303	81000
1785962483	124k	1874	13131668	13128275	0	0	34930318	0	25493352	8225128	1174	0	1303	89000
1785962484	124k	1875	13131668	13128277	0	0	34930318	0	25492848	8225128	1174	0	1303	88000
1785962486	124k	1877	13131668	13128286	0	0	34930318	0	25490320	8225128	1174	0	1303	90000
1785962487	124k	1878	13131668	13128274	0	0	34930318	0	25491692	8225128	1174	0	1303	88000
1785962488	124k	1879	13131668	13128274	0	0	34930318	0	25492324	8225128	1174	0	1303	84000
1785962489	124k	1880	13131668	13128277	0	0	34930318	0	25492816	8225128	1174	0	1303	90000
1785962491	124k	1882	13131668	13128277	0	0	34930318	0	25492804	8225128	1174	0	1303	82000
1785962492	124k	1883	11887508	11884115	0	0	34958348	0	26742976	8225128	1174	0	1303	88000
1785962493	124k	1884	11887508	11884116	0	0	34958348	0	26742172	8225128	1174	0	1303	88000
1785962495	124k	1886	13157268	13153879	0	0	35303528	0	25465312	8225128	1174	0	1303	89000
1785962496	124k	1887	13157268	13153883	0	0	35303528	0	25463800	8225128	1174	0	1303	86000
1785962497	124k	1888	13157268	13153877	0	0	35303528	0	25463548	8225128	1174	0	1303	86000
1785962498	124k	1889	13157268	13153874	0	0	35303528	0	25463548	8225128	1174	0	1303	88000
1785962500	124k	1891	13157268	13153874	0	0	35303528	0	25463548	8225128	1174	0	1303	83000
1785962501	124k	1892	13157268	13153875	0	0	35303528	0	25462804	8225128	1174	0	1303	90000
1785962502	124k	1893	13157268	13153877	0	0	35303528	0	25462312	8225128	1174	0	1303	88000
1785962503	124k	1894	13157268	13153877	0	0	35303528	0	25462588	8225128	1174	0	1303	90000
1785962505	124k	1896	13157268	13153877	0	0	35303528	0	25462336	8225128	1174	0	1303	89000
1785962506	124k	1897	13157268	13153873	0	0	35303528	0	25462764	8225128	1174	0	1303	85000
1785962507	124k	1898	13157268	13153875	0	0	35303528	0	25462512	8225128	1174	0	1303	90000
1785962508	124k	1899	13157268	13153877	0	0	35303528	0	25462260	8225128	1174	0	1303	77000
1785962510	124k	1901	11904916	11901536	0	0	35331590	0	26700504	8225128	1174	0	1303	89000
1785962511	124k	1902	11904916	11901521	0	0	35355355	0	26692648	8225128	1174	0	1303	81000
1785962512	124k	1903	13182868	13179479	0	0	35687238	0	25432964	8225128	1174	0	1303	90000
1785962513	124k	1904	13182868	13179476	0	0	35687238	0	25435608	8225128	1174	0	1303	88000
1785962515	124k	1906	13182868	13179475	0	0	35687238	0	25439772	8225128	1174	0	1303	85000
1785962516	124k	1907	13182868	13179481	0	0	35687238	0	25441512	8225128	1174	0	1303	89000
1785962517	124k	1908	13182868	13179488	0	0	35687279	0	25443764	8225128	1174	0	1303	83000
1785962518	124k	1909	13182868	13179481	0	0	35687279	0	25445076	8225128	1174	0	1303	90000
1785962520	124k	1911	13182868	13179486	0	0	35687279	0	25444824	8225128	1174	0	1303	82000
1785962521	124k	1912	13182868	13179490	0	0	35687279	0	25444928	8225128	1174	0	1303	89000
1785962522	124k	1913	13182868	13179483	0	0	35687279	0	25445656	8225128	1174	0	1303	86000
1785962524	124k	1915	13182868	13179475	0	0	35687279	0	25446720	8225128	1174	0	1303	86000
1785962525	124k	1916	13182868	13179477	0	0	35687279	0	25447820	8225128	1174	0	1303	90000
1785962526	124k	1917	13182868	13179474	0	0	35687279	0	25447820	8225128	1174	0	1303	84000
1785962527	124k	1918	11922324	11918930	0	0	35715177	0	26710048	8225128	1174	0	1303	90000
1785962529	124k	1920	11922324	11918932	0	0	35736878	0	26697924	8225128	1174	0	1303	81000
1785962530	124k	1921	13208468	13205074	0	0	36066754	0	25411832	8225128	1174	0	1303	90000
1785962531	124k	1922	13208468	13205077	0	0	36066754	0	25411580	8225128	1174	0	1303	88000
1785962532	124k	1923	13208468	13205076	0	0	36066754	0	25411580	8225128	1174	0	1303	83000
1785962534	124k	1925	13208468	13205082	0	0	36066754	0	25409968	8225128	1174	0	1303	90000
1785962535	124k	1926	13208468	13205076	0	0	36066754	0	25409576	8225128	1174	0	1303	77000
1785962536	124k	1927	13208468	13205074	0	0	36066754	0	25409576	8225128	1174	0	1303	88000
1785962537	124k	1928	13208468	13205079	0	0	36066754	0	25409072	8225128	1174	0	1303	86000
1785962539	124k	1930	13208468	13205076	0	0	36066754	0	25408820	8225128	1174	0	1303	90000
1785962540	124k	1931	13208468	13205084	0	0	36066754	0	25410264	8225128	1174	0	1303	88000
1785962541	124k	1932	13208468	13205074	0	0	36066754	0	25411000	8225128	1174	0	1303	86000
1785962542	124k	1933	13208468	13205080	0	0	36066754	0	25409580	8225128	1174	0	1303	86000
1785962544	124k	1935	13208468	13205074	0	0	36066754	0	25409832	8225128	1174	0	1303	83000
1785962545	124k	1936	11939732	11936348	0	0	36094606	0	26657992	8225128	1174	0	1303	88000
1785962546	124k	1937	11939732	11936344	0	0	36094606	0	26659672	8225128	1174	0	1303	85000
1785962547	124k	1938	13234068	13230682	0	0	36444904	0	25338920	8225128	1174	0	1303	90000
1785962549	124k	1940	13234068	13230675	0	0	36444904	0	25339172	8225128	1174	0	1303	88000
1785962550	124k	1941	13234068	13230680	0	0	36444904	0	25341520	8225128	1174	0	1303	85000
1785962551	124k	1942	13234068	13230678	0	0	36444904	0	25343592	8225128	1174	0	1303	86000
1785962552	124k	1943	13234068	13230679	0	0	36444904	0	25346268	8225128	1174	0	1303	82000
1785962554	124k	1945	13234068	13230678	0	0	36444904	0	25351052	8225128	1174	0	1303	90000
1785962555	124k	1946	13234068	13230676	0	0	36444904	0	25353304	8225128	1174	0	1303	88000
1785962556	124k	1947	13234068	13230675	0	0	36444904	0	25354480	8225128	1174	0	1303	86000
1785962557	124k	1948	13234068	13230684	0	0	36444904	0	25355460	8225128	1174	0	1303	88000
1785962559	124k	1950	13234068	13230678	0	0	36444904	0	25356960	8225128	1174	0	1303	84000
1785962560	124k	1951	13234068	13230686	0	0	36444904	0	25356708	8225128	1174	0	1303	90000
1785962561	124k	1952	13234068	13230674	0	0	36444904	0	25357220	8225128	1174	0	1303	82000
1785962563	124k	1954	13080244	11937368	0	0	36445161	0	26630072	8225128	1174	0	1303	84000
1785962564	124k	1955	11957140	11953749	0	0	36472725	0	26627072	8225128	1174	0	1303	87000
1785962565	124k	1956	13259668	13256282	0	0	36823864	0	25315664	8225128	1174	0	1303	85000
1785962566	124k	1957	13259668	13256277	0	0	36823864	0	25319468	8225128	1174	0	1303	90000
1785962567	124k	1958	13259668	13256277	0	0	36823864	0	25321508	8225128	1174	0	1303	82000
1785962569	124k	1960	13259668	13256276	0	0	36823864	0	25321144	8225128	1174	0	1303	90000
1785962570	124k	1961	13259668	13256278	0	0	36823864	0	25324656	8225128	1174	0	1303	88000
1785962571	124k	1962	13259668	13256276	0	0	36823864	0	25326912	8225128	1174	0	1303	86000
1785962572	124k	1963	13259668	13256284	0	0	36823864	0	25326672	8225128	1174	0	1303	86000
1785962574	124k	1965	13259668	13256277	0	0	36823864	0	25328464	8225128	1174	0	1303	85000
1785962575	124k	1966	13259668	13256275	0	0	36823864	0	25329052	8225128	1174	0	1303	90000
1785962576	124k	1967	13259668	13256286	0	0	36823864	0	25331060	8225128	1174	0	1303	81000
1785962578	124k	1969	13259668	13256274	0	0	36823864	0	25332568	8225128	1174	0	1303	89000
1785962579	124k	1970	13259668	13256277	0	0	36823864	0	25334628	8225132	1175	0	1304	88000
1785962580	124k	1971	13259668	13256277	0	0	36823864	0	25334776	8225132	1175	0	1304	85000
1785962581	124k	1972	11974548	11971157	0	0	36851704	0	26607296	8225132	1175	0	1304	86000
1785962583	124k	1974	12755996	13029265	0	0	37206947	0	25327028	8225132	1175	0	1304	84000
1785962584	124k	1975	13285268	13281878	0	0	37206947	0	25326380	8225132	1175	0	1304	89000
1785962585	124k	1976	13285268	13281877	0	0	37206947	0	25326384	8225132	1175	0	1304	79000
1785962586	124k	1977	13285268	13281888	0	0	37206947	0	25327284	8225132	1175	0	1304	90000
1785962588	124k	1979	13285268	13281875	0	0	37206947	0	25327260	8225132	1175	0	1304	88000
1785962589	124k	1980	13285268	13281875	0	0	37206947	0	25327008	8225132	1175	0	1304	85000
1785962590	124k	1981	13285268	13281873	0	0	37206947	0	25327008	8225132	1175	0	1304	90000
1785962591	124k	1982	13285268	13281873	0	0	37206947	0	25327260	8225132	1175	0	1304	83000
1785962593	124k	1984	13285268	13281873	0	0	37206947	0	25326264	8225132	1175	0	1304	83000
1785962594	124k	1985	13285268	13281875	0	0	37206947	0	25326264	8225132	1175	0	1304	88000
1785962595	124k	1986	13285268	13281886	0	0	37206947	0	25326024	8225132	1175	0	1304	89000
1785962596	124k	1987	13285268	13281880	0	0	37206947	0	25325784	8225132	1175	0	1304	86000
1785962598	124k	1989	13285268	13281888	0	0	37206947	0	25325784	8225132	1175	0	1304	85000
1785962599	124k	1990	11991956	11988562	0	0	37234827	0	26613252	8225132	1175	0	1304	89000
1785962600	124k	1991	12008340	12004945	0	0	37309158	0	26364724	8225132	1175	0	1304	78000
1785962602	124k	1993	13310868	13307475	0	0	37589970	0	25302200	8225132	1175	0	1304	90000
1785962603	124k	1994	13310868	13307481	0	0	37589970	0	25301864	8225132	1175	0	1304	88000
1785962604	124k	1995	13310868	13307479	0	0	37589970	0	25301864	8225132	1175	0	1304	89000
1785962605	124k	1996	13310868	13307477	0	0	37589970	0	25301864	8225132	1175	0	1304	86000
1785962607	124k	1998	13310868	13307475	0	0	37589970	0	25301360	8225132	1175	0	1304	85000
1785962608	124k	1999	13310868	13307481	0	0	37589970	0	25301120	8225132	1175	0	1304	89000
1785962609	124k	2000	13310868	13307485	0	0	37589970	0	25301120	8225132	1175	0	1304	82000
1785962610	124k	2001	13310868	13307475	0	0	37589970	0	25300868	8225132	1175	0	1304	90000
1785962612	124k	2003	13310868	13307476	0	0	37589970	0	25300868	8225132	1175	0	1304	87000
1785962613	124k	2004	13310868	13307476	0	0	37589970	0	25300868	8225132	1175	0	1304	85000
1785962614	124k	2005	13310868	13307475	0	0	37589970	0	25299268	8225132	1175	0	1304	89000
1785962615	124k	2006	13310868	13307476	0	0	37589970	0	25299376	8225132	1175	0	1304	85000
1785962617	124k	2008	12009364	12005983	0	0	37617947	0	26605992	8225132	1175	0	1304	91000
1785962618	124k	2009	12009364	12022353	0	0	37641079	0	26594708	8225132	1175	0	1304	79000
1785962619	124k	2010	13336468	13333081	0	0	37984544	0	25288828	8225132	1175	0	1304	90000
1785962621	124k	2012	13336468	13333076	0	0	37984544	0	25287832	8225132	1175	0	1304	88000
1785962622	124k	2013	13336468	13333078	0	0	37984544	0	25287904	8225132	1175	0	1304	85000
1785962623	124k	2014	13336468	13333073	0	0	37984544	0	25287652	8225132	1175	0	1304	88000
1785962624	124k	2015	13336468	13333073	0	0	37984544	0	25287048	8225132	1175	0	1304	83000
1785962626	124k	2017	13336468	13333073	0	0	37984544	0	25286416	8225132	1175	0	1304	89000
1785962627	124k	2018	13336468	13333073	0	0	37984544	0	25286164	8225132	1175	0	1304	88000
1785962628	124k	2019	13336468	13333077	0	0	37984544	0	25285912	8225132	1175	0	1304	84000
1785962629	124k	2020	13336468	13333073	0	0	37984544	0	25285912	8225132	1175	0	1304	90000
1785962631	124k	2022	13336468	13333073	0	0	37984544	0	25285912	8225132	1175	0	1304	78000
1785962632	124k	2023	13336468	13333079	0	0	37984544	0	25286640	8225132	1175	0	1304	89000
1785962633	124k	2024	13336468	13333076	0	0	37984544	0	25287924	8225132	1175	0	1304	89000
1785962634	124k	2025	13336468	13333073	0	0	37984544	0	25287924	8225132	1175	0	1304	86000
1785962636	124k	2027	12026772	12023377	0	0	38012441	0	26591396	8225132	1175	0	1304	88000
1785962637	124k	2028	12923568	13196869	0	0	38370843	0	25252948	8225132	1175	0	1304	85000
1785962638	124k	2029	13362068	13358675	0	0	38370843	0	25251772	8225132	1175	0	1304	90000
1785962639	124k	2030	13362068	13358675	0	0	38370843	0	25251772	8225132	1175	0	1304	79000
1785962641	124k	2032	13362068	13358675	0	0	38370843	0	25251520	8225132	1175	0	1304	82000
1785962642	124k	2033	13362068	13358683	0	0	38370843	0	25251520	8225132	1175	0	1304	86000
1785962643	124k	2034	13362068	13358673	0	0	38370843	0	25251524	8225132	1175	0	1304	86000
1785962645	124k	2036	13362068	13358673	0	0	38370843	0	25251272	8225132	1175	0	1304	90000
1785962646	124k	2037	13362068	13358676	0	0	38370847	0	25251616	8225132	1175	0	1304	83000
1785962647	124k	2038	13362068	13358676	0	0	38370847	0	25251612	8225132	1175	0	1304	89000
1785962648	124k	2039	13362068	13358676	0	0	38370847	0	25251612	8225132	1175	0	1304	83000
1785962650	124k	2041	13362068	13358673	0	0	38370847	0	25251372	8225132	1175	0	1304	91000
1785962651	124k	2042	13362068	13358675	0	0	38370847	0	25251132	8225132	1175	0	1304	88000
1785962652	124k	2043	13362068	13358679	0	0	38370847	0	25251132	8225132	1175	0	1304	85000
1785962653	124k	2044	12044180	12040787	0	0	38398914	0	26568232	8225132	1175	0	1304	90000
1785962655	124k	2046	12060564	12057169	0	0	38422466	0	26555240	8225132	1175	0	1304	83000
1785962656	124k	2047	13387668	13384273	0	0	38770234	0	25245316	8225132	1175	0	1304	85000
1785962657	124k	2048	13387668	13384276	0	0	38770234	0	25244812	8225132	1175	0	1304	88000
1785962658	124k	2049	13387668	13384278	0	0	38770234	0	25244560	8225132	1175	0	1304	86000
1785962660	124k	2051	13387668	13384285	0	0	38770234	0	25243564	8225132	1175	0	1304	89000
1785962661	124k	2052	13387668	13384273	0	0	38770234	0	25243564	8225132	1175	0	1304	82000
1785962662	124k	2053	13387668	13384273	0	0	38770234	0	25242064	8225132	1175	0	1304	90000
1785962663	124k	2054	13387668	13384281	0	0	38770234	0	25241824	8225132	1175	0	1304	88000
1785962665	124k	2056	13387668	13384275	0	0	38770234	0	25241332	8225132	1175	0	1304	86000
1785962666	124k	2057	13387668	13384279	0	0	38770234	0	25241332	8225132	1175	0	1304	90000
1785962667	124k	2058	13387668	13384279	0	0	38770234	0	25241080	8225132	1175	0	1304	83000
1785962669	124k	2060	13387668	13384275	0	0	38770234	0	25240856	8225132	1175	0	1304	82000
1785962670	124k	2061	13387668	13384273	0	0	38770234	0	25240856	8225132	1175	0	1304	88000
1785962671	124k	2062	13387668	13384273	0	0	38770514	0	25368968	8225132	1175	0	1304	81000
1785962672	124k	2063	12061684	12058294	0	0	38798256	0	26575768	8225132	1175	0	1304	88000
1785962674	124k	2065	13413364	13409981	0	0	39159964	0	25196824	8225132	1175	0	1304	85000
1785962675	124k	2066	13413364	13409971	0	0	39159964	0	25194836	8225132	1175	0	1304	89000
1785962676	124k	2067	13413364	13409975	0	0	39159964	0	25194836	8225132	1175	0	1304	82000
1785962677	124k	2068	13413364	13409985	0	0	39159964	0	25194092	8225132	1175	0	1304	89000
1785962679	124k	2070	13413364	13409971	0	0	39159964	0	25194820	8225132	1175	0	1304	88000
1785962680	124k	2071	13413364	13409971	0	0	39159964	0	25194716	8225132	1175	0	1304	86000
1785962681	124k	2072	13413364	13409971	0	0	39159964	0	25194716	8225132	1175	0	1304	90000
1785962682	124k	2073	13413364	13409977	0	0	39159964	0	25193988	8225132	1175	0	1304	78000
1785962684	124k	2075	13413364	13409973	0	0	39159964	0	25193720	8225132	1175	0	1304	90000
1785962685	124k	2076	13413364	13409977	0	0	39159964	0	25193720	8225132	1175	0	1304	88000
1785962686	124k	2077	13413364	13409975	0	0	39159964	0	25193760	8225132	1175	0	1304	86000
1785962687	124k	2078	13413364	13409974	0	0	39159964	0	25194028	8225132	1175	0	1304	89000
1785962689	124k	2080	13413364	13409971	0	0	39159964	0	25194028	8225132	1175	0	1304	85000
1785962690	124k	2081	12079092	12075699	0	0	39187890	0	26520220	8225132	1175	0	1304	83000
1785962691	124k	2082	12095476	12092083	0	0	39211279	0	26510028	8225132	1175	0	1304	81000
1785962692	124k	2083	13438964	13435585	0	0	39559773	0	25194384	8225132	1175	0	1304	90000
1785962694	124k	2085	13438964	13435574	0	0	39559773	0	25193880	8225132	1175	0	1304	88000
1785962695	124k	2086	13438964	13435568	0	0	39559773	0	25193880	8225132	1175	0	1304	86000
1785962696	124k	2087	13438964	13435569	0	0	39559773	0	25193880	8225132	1175	0	1304	88000
1785962698	124k	2089	13438964	13435573	0	0	39559773	0	25193640	8225132	1175	0	1304	79000
1785962699	124k	2090	13438964	13435579	0	0	39559773	0	25193640	8225132	1175	0	1304	90000
1785962700	124k	2091	13438964	13435585	0	0	39559773	0	25193640	8225132	1175	0	1304	88000
1785962701	124k	2092	13438964	13435574	0	0	39559773	0	25193404	8225132	1175	0	1304	86000
1785962703	124k	2094	13438964	13435572	0	0	39559773	0	25193404	8225132	1175	0	1304	89000
1785962704	124k	2095	13438964	13435581	0	0	39559773	0	25193656	8225132	1175	0	1304	81000
1785962705	124k	2096	13438964	13435579	0	0	39559773	0	25193648	8225132	1175	0	1304	90000
1785962706	124k	2097	13438964	13435578	0	0	39559773	0	25193656	8225132	1175	0	1304	89000
1785962708	124k	2099	13438964	13435574	0	0	39559773	0	25193656	8225132	1175	0	1304	85000
1785962709	124k	2100	12096500	12093108	0	0	39587663	0	26542360	8225132	1175	0	1304	90000
1785962710	124k	2101	12112884	12109498	0	0	39674489	0	26232456	8225132	1175	0	1304	78000
1785962712	124k	2103	13464564	13461176	0	0	39959054	0	25170396	8225132	1175	0	1304	90000
1785962713	124k	2104	13464564	13461186	0	0	39959054	0	25170144	8225132	1175	0	1304	88000
1785962714	124k	2105	13464564	13461179	0	0	39959054	0	25170144	8225132	1175	0	1304	85000
1785962715	124k	2106	13464564	13461175	0	0	39959054	0	25170144	8225132	1175	0	1304	88000
1785962717	124k	2108	13464564	13461177	0	0	39959054	0	25169148	8225132	1175	0	1304	85000
1785962718	124k	2109	13464564	13461188	0	0	39959054	0	25169148	8225132	1175	0	1304	90000
1785962719	124k	2110	13464564	13461186	0	0	39959054	0	25169148	8225132	1175	0	1304	79000
1785962720	124k	2111	13464564	13461176	0	0	39959054	0	25169148	8225132	1175	0	1304	90000
1785962722	124k	2113	13464564	13461187	0	0	39959054	0	25168168	8225132	1175	0	1304	88000
1785962723	124k	2114	13464564	13461181	0	0	39959054	0	25167536	8225132	1175	0	1304	85000
1785962724	124k	2115	13464564	13461187	0	0	39959054	0	25167396	8225132	1175	0	1304	90000
1785962726	124k	2117	13464564	13461177	0	0	39959054	0	25167144	8225132	1175	0	1304	81000
1785962727	124k	2118	13464564	13461177	0	0	39959310	0	25295604	8225132	1175	0	1304	80000
1785962728	124k	2119	12113908	12110523	0	0	39986872	0	26502000	8225132	1175	0	1304	88000
1785962729	124k	2120	13490164	13486773	0	0	40358477	0	25133724	8225132	1175	0	1304	84000
1785962730	124k	2121	13490164	13486775	0	0	40358477	0	25131372	8225132	1175	0	1304	90000
1785962732	124k	2123	13490164	13486777	0	0	40358477	0	25130992	8225132	1175	0	1304	79000
1785962733	124k	2124	13490164	13486776	0	0	40358477	0	25130992	8225132	1175	0	1304	90000
1785962734	124k	2125	13490164	13486773	0	0	40358477	0	25130740	8225132	1175	0	1304	86000
1785962736	124k	2127	13490164	13486779	0	0	40358477	0	25130740	8225132	1175	0	1304	86000
1785962737	124k	2128	13490164	13486779	0	0	40358477	0	25130740	8225132	1175	0	1304	89000
1785962738	124k	2129	13490164	13486785	0	0	40358477	0	25130236	8225132	1175	0	1304	79000
1785962739	124k	2130	13490164	13486779	0	0	40358477	0	25130236	8225132	1175	0	1304	94000
1785962741	124k	2132	13490164	13486779	0	0	40358477	0	25129744	8225132	1175	0	1304	88000
1785962742	124k	2133	13490164	13486777	0	0	40358477	0	25129744	8225132	1175	0	1304	85000
1785962743	124k	2134	13490164	13486783	0	0	40358477	0	25126900	8225132	1175	0	1304	89000
1785962744	124k	2135	13490164	13486778	0	0	40358477	0	25127220	8225132	1175	0	1304	82000
1785962746	124k	2137	13490164	13486777	0	0	40358526	0	25127068	8225132	1175	0	1304	81000
1785962747	124k	2138	12131512	12128126	0	0	40386518	0	26479632	8225132	1175	0	1304	88000
1785962748	124k	2139	13515960	13512577	0	0	40765206	0	25097440	8225132	1175	0	1304	86000
1785962749	124k	2140	13515960	13512575	0	0	40765206	0	25095900	8225132	1175	0	1304	90000
1785962751	124k	2142	13515960	13512584	0	0	40765206	0	25098388	8225132	1175	0	1304	79000
1785962752	124k	2143	13515960	13512578	0	0	40765206	0	25099384	8225132	1175	0	1304	90000
1785962753	124k	2144	13515960	13512573	0	0	40765206	0	25100772	8225132	1175	0	1304	89000
1785962754	124k	2145	13515960	13512572	0	0	40765206	0	25101708	8225132	1175	0	1304	86000
1785962756	124k	2147	13515960	13512576	0	0	40765206	0	25104088	8225132	1175	0	1304	90000
1785962757	124k	2148	13515960	13512574	0	0	40765206	0	25103836	8225132	1175	0	1304	82000
1785962758	124k	2149	13515960	13512574	0	0	40765206	0	25104928	8225132	1175	0	1304	90000
1785962760	124k	2151	13515960	13512575	0	0	40765206	0	25105224	8225132	1175	0	1304	89000
1785962761	124k	2152	13515960	13512586	0	0	40765206	0	25105536	8225132	1175	0	1304	88000
1785962762	124k	2153	13515960	13512570	0	0	40765206	0	25106004	8225132	1175	0	1304	90000
1785962763	124k	2154	13515960	13512573	0	0	40765206	0	25106964	8225132	1175	0	1304	84000
1785962765	124k	2156	12148920	12145529	0	0	40793173	0	26482460	8225132	1175	0	1304	90000
1785962766	124k	2157	12148920	12145534	0	0	40816192	0	26472380	8225132	1175	0	1304	82000
1785962767	124k	2158	13541560	13538174	0	0	41177635	0	25092428	8225132	1175	0	1304	86000
1785962768	124k	2159	13541560	13538170	0	0	41177635	0	25092428	8225132	1175	0	1304	89000
1785962770	124k	2161	13541560	13538175	0	0	41177635	0	25092188	8225132	1175	0	1304	85000
1785962771	124k	2162	13541560	13538176	0	0	41177635	0	25092188	8225132	1175	0	1304	82000
1785962772	124k	2163	13541560	13538173	0	0	41177635	0	25092188	8225132	1175	0	1304	86000
1785962774	124k	2165	13541560	13538174	0	0	41177635	0	25091572	8225132	1175	0	1304	85000
1785962775	124k	2166	13541560	13538175	0	0	41177643	0	25088080	8225132	1175	0	1304	88000
1785962776	124k	2167	13541560	13538168	0	0	41177643	0	25088104	8225132	1175	0	1304	83000
1785962777	124k	2168	13541560	13538168	0	0	41177643	0	25088476	8225132	1175	0	1304	88000
1785962779	124k	2170	13541560	13538171	0	0	41177643	0	25088724	8225132	1175	0	1304	88000
1785962780	124k	2171	13541560	13538173	0	0	41177643	0	25088724	8225132	1175	0	1304	86000
1785962781	124k	2172	13541560	13538178	0	0	41177643	0	25088232	8225132	1175	0	1304	89000
1785962783	124k	2174	13541560	13538185	0	0	41177643	0	25087860	8225132	1175	0	1304	84000
1785962784	124k	2175	12166328	12162943	0	0	41205728	0	26458376	8225132	1175	0	1304	89000
1785962785	124k	2176	12166328	12162939	0	0	41205728	0	26458124	8225132	1175	0	1304	89000
1785962786	124k	2177	13567160	13563779	0	0	41579228	0	25041864	8225132	1175	0	1304	86000
1785962788	124k	2179	13567160	13563779	0	0	41579228	0	25042972	8225132	1175	0	1304	89000
1785962789	124k	2180	13567160	13563775	0	0	41579228	0	25045476	8225132	1175	0	1304	84000
1785962790	124k	2181	13567160	13563770	0	0	41579228	0	25046928	8225132	1175	0	1304	88000
1785962791	124k	2182	13567160	13563774	0	0	41579228	0	25047728	8225132	1175	0	1304	88000
1785962793	124k	2184	13567160	13563784	0	0	41579228	0	25048924	8225132	1175	0	1304	90000
1785962794	124k	2185	13567160	13563784	0	0	41579228	0	25048924	8225132	1175	0	1304	88000
1785962795	124k	2186	13567160	13563770	0	0	41579228	0	25048984	8225132	1175	0	1304	85000
1785962797	124k	2188	13567160	13563769	0	0	41579228	0	25048984	8225132	1175	0	1304	90000
1785962798	124k	2189	13567160	13563769	0	0	41579228	0	25048240	8225132	1175	0	1304	81000
1785962799	124k	2190	13567160	13563785	0	0	41579228	0	25048240	8225132	1175	0	1304	90000
1785962800	124k	2191	13567160	13563782	0	0	41579228	0	25048240	8225132	1175	0	1304	89000
1785962802	124k	2193	13567160	13563782	0	0	41579228	0	25047372	8225132	1175	0	1304	86000
1785962803	124k	2194	12183736	12180354	0	0	41607294	0	26439224	8225132	1175	0	1304	89000
1785962804	124k	2195	12200120	12196744	0	0	41630762	0	26431216	8225132	1175	0	1304	82000
1785962805	124k	2196	13592760	13589373	0	0	41983319	0	25042136	8225132	1175	0	1304	90000
1785962807	124k	2198	13592760	13589370	0	0	41983319	0	25042136	8225132	1175	0	1304	88000
1785962808	124k	2199	13592760	13589382	0	0	41983319	0	25039288	8225132	1175	0	1304	86000
1785962809	124k	2200	13592760	13589373	0	0	41983319	0	25039288	8225132	1175	0	1304	90000
1785962810	124k	2201	13592760	13589384	0	0	41983319	0	25039288	8225132	1175	0	1304	83000
1785962812	124k	2203	13592760	13589382	0	0	41983319	0	25038040	8225132	1175	0	1304	86000
1785962813	124k	2204	13592760	13589385	0	0	41983319	0	25038040	8225132	1175	0	1304	86000
1785962814	124k	2205	13592760	13589378	0	0	41983319	0	25037436	8225132	1175	0	1304	84000
1785962816	124k	2207	13592760	13589374	0	0	41983319	0	25037308	8225132	1175	0	1304	89000
1785962817	124k	2208	13592760	13589370	0	0	41983319	0	25037308	8225132	1175	0	1304	89000
1785962818	124k	2209	13592760	13589374	0	0	41983319	0	25037312	8225132	1175	0	1304	85000
1785962819	124k	2210	13592760	13589369	0	0	41983319	0	25037312	8225132	1175	0	1304	88000
1785962821	124k	2212	13592760	13589374	0	0	41983319	0	25037312	8225132	1175	0	1304	85000
1785962822	124k	2213	12201336	12197960	0	0	42011395	0	26435268	8225132	1175	0	1304	90000
1785962823	124k	2214	12201336	12197961	0	0	42032558	0	26420848	8225132	1175	0	1304	81000
1785962824	124k	2215	13618552	13615171	0	0	42394596	0	25006988	8225132	1175	0	1304	90000
1785962826	124k	2217	13618552	13615167	0	0	42394596	0	25006456	8225132	1175	0	1304	89000
1785962827	124k	2218	13618552	13615167	0	0	42394596	0	25005952	8225132	1175	0	1304	85000
1785962828	124k	2219	13618552	13615170	0	0	42394596	0	25005952	8225132	1175	0	1304	89000
1785962830	124k	2221	13618552	13615170	0	0	42394596	0	25005952	8225132	1175	0	1304	81000
1785962831	124k	2222	13618552	13615160	0	0	42394596	0	25005700	8225132	1175	0	1304	90000
1785962832	124k	2223	13618552	13615159	0	0	42394596	0	25006296	8225132	1175	0	1304	88000
1785962833	124k	2224	13618552	13615163	0	0	42394596	0	25006676	8225132	1175	0	1304	86000
1785962835	124k	2226	13618552	13615165	0	0	42394596	0	25006692	8225132	1175	0	1304	90000
1785962836	124k	2227	13618552	13615160	0	0	42394596	0	25006200	8225132	1175	0	1304	81000
1785962837	124k	2228	13618552	13615160	0	0	42394596	0	25005836	8225132	1175	0	1304	90000
1785962838	124k	2229	13618552	13615165	0	0	42394596	0	25005696	8225132	1175	0	1304	89000
1785962840	124k	2231	13618552	13615165	0	0	42394596	0	25004380	8225132	1175	0	1304	86000
1785962841	124k	2232	12218744	12215361	0	0	42422628	0	26392740	8225132	1175	0	1304	90000
1785962842	124k	2233	12235128	12231737	0	0	42446062	0	26381976	8225132	1175	0	1304	82000
1785962843	124k	2234	13644152	13640760	0	0	42807266	0	24960880	8225132	1175	0	1304	91000
1785962845	124k	2236	13644152	13640760	0	0	42807266	0	24964828	8225132	1175	0	1304	88000
1785962846	124k	2237	13644152	13640760	0	0	42807266	0	24967016	8225132	1175	0	1304	83000
1785962847	124k	2238	13644152	13640762	0	0	42807266	0	24968696	8225132	1175	0	1304	82000
1785962848	124k	2239	13644152	13640767	0	0	42807266	0	24970652	8225132	1175	0	1304	88000
1785962850	124k	2241	13644152	13640769	0	0	42807266	0	24971104	8225132	1175	0	1304	86000
1785962851	124k	2242	13644152	13640760	0	0	42807266	0	24971972	8225132	1175	0	1304	90000
1785962852	124k	2243	13644152	13640763	0	0	42807266	0	24973388	8225132	1175	0	1304	79000
1785962854	124k	2245	13644152	13640771	0	0	42807266	0	24973388	8225132	1175	0	1304	89000
1785962855	124k	2246	13644152	13640767	0	0	42807266	0	24973776	8225132	1175	0	1304	89000
1785962856	124k	2247	13644152	13640767	0	0	42807266	0	24973536	8225132	1175	0	1304	84000
1785962857	124k	2248	13644152	13640759	0	0	42807266	0	24973536	8225132	1175	0	1304	90000
1785962859	124k	2250	13644152	13640762	0	0	42807266	0	24973284	8225132	1175	0	1304	81000
1785962860	124k	2251	13644152	13640760	0	0	42807522	0	25084352	8225132	1175	0	1304	79000
1785962861	124k	2252	12236152	12232769	0	0	42835174	0	26386372	8225132	1175	0	1304	89000
1785962862	124k	2253	13439496	13587391	0	0	43216985	0	24941544	8225132	1175	0	1304	85000
1785962864	124k	2255	13669752	13666374	0	0	43216985	0	24941244	8225132	1175	0	1304	89000
1785962865	124k	2256	13669752	13666364	0	0	43216985	0	24941152	8225132	1175	0	1304	81000
1785962866	124k	2257	13669752	13666369	0	0	43216985	0	24946620	8225132	1175	0	1304	90000
1785962867	124k	2258	13669752	13666361	0	0	43216985	0	24946380	8225132	1175	0	1304	88000
1785962869	124k	2260	13669752	13666369	0	0	43216985	0	24946380	8225132	1175	0	1304	85000
1785962870	124k	2261	13669752	13666364	0	0	43216985	0	24946128	8225132	1175	0	1304	90000
1785962871	124k	2262	13669752	13666365	0	0	43216985	0	24946492	8225132	1175	0	1304	81000
1785962873	124k	2264	13669752	13666375	0	0	43216997	0	24943524	8225132	1175	0	1304	89000
1785962874	124k	2265	13669752	13666371	0	0	43216997	0	24943556	8225132	1175	0	1304	88000
1785962875	124k	2266	13669752	13666365	0	0	43216997	0	24943052	8225132	1175	0	1304	84000
1785962876	124k	2267	13669752	13666366	0	0	43216997	0	24943208	8225132	1175	0	1304	90000
1785962878	124k	2269	13669752	13666368	0	0	43216997	0	24943212	8225132	1175	0	1304	82000
1785962879	124k	2270	13669752	13666362	0	0	43217253	0	25070584	8225132	1175	0	1304	79000
1785962880	124k	2271	12253560	12250186	0	0	43245059	0	26358696	8225132	1175	0	1304	88000
1785962881	124k	2272	13365944	13560086	0	0	43629474	0	24928112	8225132	1175	0	1304	83000
1785962883	124k	2274	13695352	13691968	0	0	43629474	0	24925764	8225132	1175	0	1304	90000
1785962884	124k	2275	13695352	13691965	0	0	43629474	0	24925168	8225132	1175	0	1304	89000
1785962885	124k	2276	13695352	13691970	0	0	43629474	0	24925168	8225132	1175	0	1304	84000
1785962886	124k	2277	13695352	13691976	0	0	43629474	0	24925168	8225132	1175	0	1304	88000
1785962888	124k	2279	13695352	13691968	0	0	43629474	0	24923656	8225132	1175	0	1304	81000
1785962889	124k	2280	13695352	13691978	0	0	43629474	0	24923656	8225132	1175	0	1304	89000
1785962890	124k	2281	13695352	13691965	0	0	43629474	0	24923404	8225132	1175	0	1304	88000
1785962892	124k	2283	13695352	13691968	0	0	43629474	0	24922900	8225132	1175	0	1304	83000
1785962893	124k	2284	13695352	13691968	0	0	43629474	0	24922900	8225132	1175	0	1304	89000
1785962894	124k	2285	13695352	13691966	0	0	43629474	0	24922660	8225132	1175	0	1304	79000
1785962895	124k	2286	13695352	13691970	0	0	43629474	0	24922660	8225132	1175	0	1304	86000
1785962897	124k	2288	13695352	13691968	0	0	43629474	0	24922408	8225132	1175	0	1304	90000
1785962898	124k	2289	13695352	13691962	0	0	43629474	0	24921916	8225132	1175	0	1304	83000
1785962899	124k	2290	12271160	12267774	0	0	43657446	0	26352184	8225132	1175	0	1304	90000
1785962900	124k	2291	12271160	12267773	0	0	43657446	0	26350828	8225132	1175	0	1304	88000
1785962902	124k	2293	13721144	13717754	0	0	44049542	0	24907096	8225132	1175	0	1304	86000
1785962903	124k	2294	13721144	13717770	0	0	44049542	0	24905848	8225132	1175	0	1304	90000
1785962904	124k	2295	13721144	13717768	0	0	44049581	0	24905528	8225132	1175	0	1304	82000
1785962905	124k	2296	13721144	13717755	0	0	44049581	0	24905216	8225132	1175	0	1304	90000
1785962907	124k	2298	13721144	13717762	0	0	44049581	0	24905320	8225132	1175	0	1304	88000
1785962908	124k	2299	13721144	13717755	0	0	44049581	0	24905068	8225132	1175	0	1304	85000
1785962909	124k	2300	13721144	13717764	0	0	44049581	0	24905068	8225132	1175	0	1304	90000
1785962910	124k	2301	13721144	13717757	0	0	44049581	0	24904564	8225132	1175	0	1304	81000
1785962912	124k	2303	13721144	13717759	0	0	44049581	0	24904324	8225132	1175	0	1304	90000
1785962913	124k	2304	13721144	13717758	0	0	44049581	0	24904072	8225132	1175	0	1304	88000
1785962914	124k	2305	13721144	13717770	0	0	44049581	0	24903708	8225132	1175	0	1304	86000
1785962916	124k	2307	13721144	13717760	0	0	44049581	0	24902308	8225132	1175	0	1304	89000
1785962917	124k	2308	13721144	13717757	0	0	44049581	0	24902308	8225132	1175	0	1304	88000
1785962918	124k	2309	13721144	13717760	0	0	44049581	0	24902308	8225132	1175	0	1304	89000
1785962919	124k	2310	12288568	12285179	0	0	44077591	0	26338076	8225132	1175	0	1304	88000
1785962921	124k	2312	12384772	12487932	0	0	44474553	0	24874668	8225132	1175	0	1304	83000
1785962922	124k	2313	13746744	13743355	0	0	44474553	0	24873464	8225132	1175	0	1304	90000
1785962923	124k	2314	13746744	13743362	0	0	44474553	0	24873464	8225132	1175	0	1304	88000
1785962924	124k	2315	13746744	13743357	0	0	44474553	0	24873212	8225132	1175	0	1304	86000
1785962926	124k	2317	13746744	13743360	0	0	44474553	0	24873212	8225132	1175	0	1304	88000
1785962927	124k	2318	13746744	13743370	0	0	44474553	0	24873800	8225132	1175	0	1304	82000
1785962928	124k	2319	13746744	13743362	0	0	44474553	0	24873548	8225132	1175	0	1304	90000
1785962930	124k	2321	13746744	13743360	0	0	44474553	0	24873548	8225132	1175	0	1304	86000
1785962931	124k	2322	13746744	13743357	0	0	44474553	0	24872804	8225132	1175	0	1304	86000
1785962932	124k	2323	13746744	13743355	0	0	44474553	0	24872960	8225132	1175	0	1304	85000
1785962933	124k	2324	13746744	13743359	0	0	44474553	0	24872456	8225132	1175	0	1304	86000
1785962935	124k	2326	13746744	13743357	0	0	44474553	0	24872460	8225132	1175	0	1304	84000
1785962936	124k	2327	13746744	13743361	0	0	44474553	0	24872904	8225132	1175	0	1304	90000
1785962937	124k	2328	13746744	13743358	0	0	44474553	0	24873700	8225132	1175	0	1304	83000
1785962938	124k	2329	13746744	13743362	0	0	44474809	0	25031968	8225132	1175	0	1304	82000
1785962940	124k	2331	12305976	12302588	0	0	44502400	0	26317540	8225132	1175	0	1304	88000
1785962941	124k	2332	13541760	13674310	0	0	44891247	0	24845692	8225132	1175	0	1304	84000
1785962942	124k	2333	13772344	13768957	0	0	44891247	0	24844348	8225132	1175	0	1304	89000
1785962943	124k	2334	13772344	13768961	0	0	44891247	0	24844348	8225132	1175	0	1304	88000
1785962945	124k	2336	13772344	13768962	0	0	44891247	0	24844096	8225132	1175	0	1304	85000
1785962946	124k	2337	13772344	13768954	0	0	44891247	0	24844096	8225132	1175	0	1304	86000
1785962947	124k	2338	13772344	13768962	0	0	44891247	0	24843856	8225132	1175	0	1304	84000
1785962949	124k	2340	13772344	13768955	0	0	44891247	0	24843604	8225132	1175	0	1304	89000
1785962950	124k	2341	13772344	13768955	0	0	44891247	0	24843380	8225132	1175	0	1304	86000
1785962951	124k	2342	13772344	13768955	0	0	44891247	0	24843380	8225132	1175	0	1304	85000
1785962952	124k	2343	13772344	13768961	0	0	44891247	0	24843380	8225132	1175	0	1304	89000
1785962954	124k	2345	13772344	13768961	0	0	44891247	0	24843632	8225132	1175	0	1304	82000
1785962955	124k	2346	13772344	13768955	0	0	44891247	0	24843632	8225132	1175	0	1304	83000
1785962956	124k	2347	13772344	13768955	0	0	44891247	0	24843392	8225132	1175	0	1304	88000
1785962958	124k	2349	13772344	13768955	0	0	44891247	0	24843392	8225132	1175	0	1304	85000
1785962959	124k	2350	12323384	12320006	0	0	44919208	0	26275508	8225132	1175	0	1304	88000
1785962960	124k	2351	12339768	12336381	0	0	44942654	0	26263860	8225132	1175	0	1304	81000
1785962961	124k	2352	13797944	13794558	0	0	45307459	0	24772348	8225132	1175	0	1304	90000
1785962963	124k	2354	13797944	13794558	0	0	45307459	0	24772128	8225132	1175	0	1304	86000
1785962964	124k	2355	13797944	13794567	0	0	45307459	0	24772128	8225132	1175	0	1304	84000
1785962965	124k	2356	13797944	13794561	0	0	45307459	0	24774060	8225132	1175	0	1304	88000
1785962966	124k	2357	13797944	13794557	0	0	45307459	0	24775956	8225132	1175	0	1304	88000
1785962968	124k	2359	13797944	13794555	0	0	45307459	0	24777216	8225132	1175	0	1304	86000
1785962969	124k	2360	13797944	13794553	0	0	45307459	0	24777040	8225132	1175	0	1304	89000
1785962970	124k	2361	13797944	13794569	0	0	45307459	0	24777768	8225132	1175	0	1304	82000
1785962971	124k	2362	13797944	13794553	0	0	45307459	0	24779468	8225132	1175	0	1304	90000
1785962973	124k	2364	13797944	13794565	0	0	45307459	0	24779680	8225132	1175	0	1304	88000
1785962974	124k	2365	13797944	13794558	0	0	45307459	0	24779680	8225132	1175	0	1304	84000
1785962975	124k	2366	13797944	13794556	0	0	45307459	0	24779364	8225132	1175	0	1304	89000
1785962977	124k	2368	13797944	13794557	0	0	45307459	0	24779772	8225132	1175	0	1304	88000
1785962978	124k	2369	13797944	13794553	0	0	45307459	0	24779520	8225132	1175	0	1304	84000
1785962979	124k	2370	12340984	12337607	0	0	45335501	0	26237328	8225132	1175	0	1304	90000
1785962980	124k	2371	12357368	12353985	0	0	45356671	0	26232856	8225132	1175	0	1304	82000
1785962982	124k	2373	13823736	13820345	0	0	45730624	0	24778268	8225132	1175	0	1304	90000
1785962983	124k	2374	13823736	13820350	0	0	45730624	0	24779868	8225132	1175	0	1304	86000
1785962984	124k	2375	13823736	13820345	0	0	45730624	0	24782524	8225132	1175	0	1304	84000
1785962985	124k	2376	13823736	13820359	0	0	45730624	0	24785164	8225132	1175	0	1304	89000
1785962987	124k	2378	13823736	13820350	0	0	45730624	0	24788144	8225132	1175	0	1304	81000
1785962988	124k	2379	13823736	13820349	0	0	45730624	0	24788380	8225132	1175	0	1304	86000
1785962989	124k	2380	13823736	13820345	0	0	45730624	0	24789168	8225132	1175	0	1304	87000
1785962991	124k	2382	13823736	13820359	0	0	45730624	0	24789752	8225132	1175	0	1304	83000
1785962992	124k	2383	13823736	13820349	0	0	45730624	0	24789408	8225132	1175	0	1304	89000
1785962993	124k	2384	13823736	13820349	0	0	45730624	0	24789608	8225132	1175	0	1304	86000
1785962994	124k	2385	13823736	13820352	0	0	45730624	0	24789104	8225132	1175	0	1304	85000
1785962996	124k	2387	13823736	13820348	0	0	45730624	0	24789116	8225132	1175	0	1304	89000
1785962997	124k	2388	13823736	13820349	0	0	45730624	0	24788864	8225132	1175	0	1304	82000
1785962998	124k	2389	13823736	13821374	0	0	45730880	0	24950116	8225132	1175	0	1304	77000
1785962999	124k	2390	12358392	12355001	0	0	45758514	0	26235452	8225132	1175	0	1304	87000
1785963001	124k	2392	13396408	13665477	0	0	46157791	0	24763752	8225132	1175	0	1304	83000
1785963002	124k	2393	13849336	13845945	0	0	46157791	0	24763884	8225132	1175	0	1304	88000
1785963003	124k	2394	13849336	13845945	0	0	46157791	0	24763884	8225132	1175	0	1304	88000
1785963004	124k	2395	13849336	13845945	0	0	46157791	0	24763884	8225132	1175	0	1304	85000
1785963006	124k	2397	13849336	13845957	0	0	46157791	0	24766244	8225132	1175	0	1304	89000
1785963007	124k	2398	13849336	13845945	0	0	46157791	0	24765492	8225132	1175	0	1304	81000
1785963008	124k	2399	13849336	13845955	0	0	46157791	0	24764484	8225132	1175	0	1304	88000
1785963010	124k	2401	13849336	13845946	0	0	46157791	0	24764232	8225132	1175	0	1304	88000
1785963011	124k	2402	13849336	13845943	0	0	46157791	0	24764264	8225132	1175	0	1304	84000
1785963012	124k	2403	13849336	13845957	0	0	46157791	0	24764264	8225132	1175	0	1304	90000
1785963013	124k	2404	13849336	13845941	0	0	46157791	0	24763844	8225132	1175	0	1304	88000
1785963015	124k	2406	13849336	13845948	0	0	46157791	0	24763844	8225132	1175	0	1304	84000
1785963016	124k	2407	13849336	13845949	0	0	46157791	0	24763844	8225132	1175	0	1304	83000
1785963017	124k	2408	13849336	13845945	0	0	46157791	0	24763604	8225132	1175	0	1304	81000
1785963018	124k	2409	13849336	13845945	0	0	46157791	0	24763604	8225132	1175	0	1304	82000
1785963020	124k	2411	12375800	12372410	0	0	46185895	0	26234864	8225132	1175	0	1304	86000
1785963021	124k	2412	12983012	13206153	0	0	46589263	0	24760636	8225132	1175	0	1304	84000
1785963022	124k	2413	13874936	13871544	0	0	46589263	0	24759152	8225132	1175	0	1304	88000
1785963024	124k	2415	13874936	13871550	0	0	46589263	0	24759152	8225132	1175	0	1304	86000
1785963025	124k	2416	13874936	13871542	0	0	46589263	0	24759152	8225132	1175	0	1304	84000
1785963026	124k	2417	13874936	13871546	0	0	46589263	0	24759152	8225132	1175	0	1304	89000
1785963027	124k	2418	13874936	13871549	0	0	46589263	0	24758660	8225132	1175	0	1304	83000
1785963029	124k	2420	13874936	13871554	0	0	46589263	0	24758660	8225132	1175	0	1304	89000
1785963030	124k	2421	13874936	13871546	0	0	46589263	0	24758660	8225132	1175	0	1304	88000
1785963031	124k	2422	13874936	13871547	0	0	46589263	0	24758408	8225132	1175	0	1304	85000
1785963032	124k	2423	13874936	13871554	0	0	46589263	0	24758408	8225132	1175	0	1304	89000
1785963034	124k	2425	13874936	13871547	0	0	46589263	0	24755272	8225132	1175	0	1304	88000
1785963035	124k	2426	13874936	13871548	0	0	46589263	0	24755272	8225132	1175	0	1304	85000
1785963036	124k	2427	13874936	13871554	0	0	46589263	0	24755272	8225132	1175	0	1304	91000
1785963038	124k	2429	13874936	13871546	0	0	46589263	0	24755272	8225132	1175	0	1304	77000
1785963039	124k	2430	12468980	12373436	0	0	46589520	0	26238980	8225132	1175	0	1304	83000
1785963040	124k	2431	12393208	12389830	0	0	46617014	0	26224364	8225132	1175	0	1304	87000
1785963041	124k	2432	13049172	13290808	0	0	47021511	0	24705280	8225132	1175	0	1304	84000
1785963043	124k	2434	13900536	13897150	0	0	47021511	0	24703040	8225132	1175	0	1304	90000
1785963044	124k	2435	13900536	13897156	0	0	47021511	0	24705340	8225132	1175	0	1304	88000
1785963045	124k	2436	13900536	13897141	0	0	47021511	0	24706404	8225132	1175	0	1304	84000
1785963046	124k	2437	13900536	13897146	0	0	47021511	0	24708048	8225132	1175	0	1304	88000
1785963048	124k	2439	13900536	13897145	0	0	47021511	0	24708396	8225132	1175	0	1304	79000
1785963049	124k	2440	13900536	13897154	0	0	47021511	0	24709844	8225132	1175	0	1304	84000
1785963050	124k	2441	13900536	13897145	0	0	47021511	0	24710684	8225132	1175	0	1304	86000
1785963051	124k	2442	13900536	13897140	0	0	47021511	0	24711404	8225132	1175	0	1304	83000
1785963053	124k	2444	13900536	13897145	0	0	47021511	0	24711840	8225132	1175	0	1304	89000
1785963054	124k	2445	13900536	13897141	0	0	47021511	0	24713240	8225132	1175	0	1304	88000
1785963055	124k	2446	13900536	13897140	0	0	47021511	0	24713888	8225132	1175	0	1304	87000
1785963057	124k	2448	13900536	13897140	0	0	47021511	0	24713404	8225132	1175	0	1304	90000
1785963058	124k	2449	13900536	13897143	0	0	47021511	0	24714784	8225132	1175	0	1304	82000
1785963059	124k	2450	13900536	13897145	0	0	47021511	0	24715204	8225132	1175	0	1304	85000
1785963060	124k	2451	12410808	12407412	0	0	47049664	0	26199268	8225132	1175	0	1304	88000
1785963062	124k	2453	12427192	12423803	0	0	47442729	0	24719076	8225132	1175	0	1304	81000
1785963063	124k	2454	13926328	13922932	0	0	47454054	0	24679984	8225132	1175	0	1304	86000
1785963064	124k	2455	13926328	13922932	0	0	47454054	0	24680700	8225132	1175	0	1304	86000
1785963065	124k	2456	13926328	13922932	0	0	47454054	0	24680784	8225132	1175	0	1304	85000
1785963067	124k	2458	13926328	13922943	0	0	47454054	0	24680720	8225132	1175	0	1304	90000
1785963068	124k	2459	13926328	13922932	0	0	47454054	0	24681296	8225132	1175	0	1304	86000
1785963069	124k	2460	13926328	13922937	0	0	47454054	0	24681044	8225132	1175	0	1304	86000
1785963071	124k	2462	13926328	13922939	0	0	47454054	0	24681044	8225132	1175	0	1304	89000
1785963072	124k	2463	13926328	13922932	0	0	47454054	0	24681124	8225132	1175	0	1304	78000
1785963073	124k	2464	13926328	13922935	0	0	47454054	0	24680872	8225132	1175	0	1304	87000
1785963074	124k	2465	13926328	13922931	0	0	47454054	0	24680872	8225132	1175	0	1304	88000
1785963076	124k	2467	13926328	13922935	0	0	47454054	0	24680872	8225132	1175	0	1304	86000
1785963077	124k	2468	13926328	13922939	0	0	47454054	0	24681532	8225132	1175	0	1304	88000
1785963078	124k	2469	13926328	13922945	0	0	47454054	0	24681536	8225132	1175	0	1304	81000
1785963079	124k	2470	13926328	13922929	0	0	47454054	0	24681296	8225132	1175	0	1304	86000
1785963081	124k	2472	12428216	12424825	0	0	47482228	0	26175324	8225132	1175	0	1304	86000
1785963082	124k	2473	12444600	12441201	0	0	47585000	0	25834232	8225132	1175	0	1304	79000
1785963083	124k	2474	13951928	13948531	0	0	47891361	0	24672936	8225132	1175	0	1304	89000
1785963084	124k	2475	13951928	13948529	0	0	47891361	0	24672180	8225132	1175	0	1304	87000
1785963086	124k	2477	13951928	13948527	0	0	47891361	0	24671172	8225132	1175	0	1304	84000
1785963087	124k	2478	13951928	13948527	0	0	47891361	0	24671644	8225132	1175	0	1304	90000
1785963088	124k	2479	13951928	13948535	0	0	47891361	0	24671264	8225132	1175	0	1304	86000
1785963090	124k	2481	13951928	13948527	0	0	47891361	0	24670884	8225132	1175	0	1304	84000
1785963091	124k	2482	13951928	13948541	0	0	47891361	0	24671400	8225132	1175	0	1304	83000
1785963092	124k	2483	13951928	13948527	0	0	47891361	0	24670676	8225132	1175	0	1304	79000
1785963093	124k	2484	13951928	13948528	0	0	47891361	0	24670728	8225132	1175	0	1304	84000
1785963095	124k	2486	13951928	13948539	0	0	47891361	0	24671032	8225132	1175	0	1304	86000
1785963096	124k	2487	13951928	13948528	0	0	47891361	0	24671844	8225132	1175	0	1304	82000
1785963097	124k	2488	13951928	13948543	0	0	47891361	0	24671340	8225132	1175	0	1304	88000
1785963098	124k	2489	13951928	13948528	0	0	47891361	0	24668208	8225132	1175	0	1304	88000
1785963100	124k	2491	13951928	13948541	0	0	47891361	0	24667888	8225132	1175	0	1304	83000
1785963101	124k	2492	12445624	12442233	0	0	47919472	0	26179128	8225132	1175	0	1304	89000
1785963102	124k	2493	12445624	12442223	0	0	47940337	0	26166976	8225132	1175	0	1304	79000
1785963104	124k	2495	13977528	13974131	0	0	48326072	0	24628728	8225132	1175	0	1304	85000
1785963105	124k	2496	13977528	13974129	0	0	48326072	0	24627424	8225132	1175	0	1304	90000
1785963106	124k	2497	13977528	13974131	0	0	48326072	0	24626948	8225132	1175	0	1304	82000
1785963107	124k	2498	13977528	13974129	0	0	48326072	0	24626948	8225132	1175	0	1304	90000
1785963109	124k	2500	13977528	13974141	0	0	48326072	0	24627464	8225132	1175	0	1304	86000
1785963110	124k	2501	13977528	13974127	0	0	48326072	0	24627228	8225132	1175	0	1304	84000
1785963111	124k	2502	13977528	13974128	0	0	48326072	0	24627376	8225132	1175	0	1304	85000
1785963112	124k	2503	13977528	13974141	0	0	48326072	0	24627376	8225132	1175	0	1304	88000
1785963114	124k	2505	13977528	13974131	0	0	48326072	0	24627376	8225132	1175	0	1304	84000
1785963115	124k	2506	13977528	13974127	0	0	48326072	0	24627376	8225132	1175	0	1304	88000
1785963116	124k	2507	13977528	13974127	0	0	48326072	0	24627136	8225132	1175	0	1304	78000
1785963118	124k	2509	13977528	13974135	0	0	48326072	0	24626884	8225132	1175	0	1304	90000
1785963119	124k	2510	13977528	13974137	0	0	48326072	0	24626884	8225132	1175	0	1304	86000
1785963120	124k	2511	13977528	13974129	0	0	48326072	0	24626884	8225132	1175	0	1304	84000
1785963121	124k	2512	12463032	12459635	0	0	48354074	0	26141740	8225132	1175	0	1304	89000
1785963123	124k	2514	12463032	12459632	0	0	48354074	0	26141096	8225132	1175	0	1304	88000
1785963124	124k	2515	14003128	13999727	0	0	48762935	0	24588272	8225132	1175	0	1304	82000
1785963125	124k	2516	14003128	13999735	0	0	48762935	0	24588272	8225132	1175	0	1304	83000
1785963126	124k	2517	14003128	13999727	0	0	48762935	0	24588272	8225132	1175	0	1304	78000
1785963128	124k	2519	14003128	13999735	0	0	48762935	0	24588272	8225132	1175	0	1304	84000
1785963129	124k	2520	14003128	13999739	0	0	48762935	0	24588272	8225132	1175	0	1304	86000
1785963130	124k	2521	14003128	13999735	0	0	48762935	0	24588100	8225132	1175	0	1304	82000
1785963132	124k	2523	14003128	13999727	0	0	48762935	0	24588836	8225132	1175	0	1304	88000
1785963133	124k	2524	14003128	13999739	0	0	48762935	0	24588636	8225132	1175	0	1304	88000
1785963134	124k	2525	14003128	13999743	0	0	48762935	0	24588636	8225132	1175	0	1304	84000
1785963135	124k	2526	14003128	13999727	0	0	48762935	0	24588636	8225132	1175	0	1304	89000
1785963137	124k	2528	14003128	13999731	0	0	48762935	0	24587892	8225132	1175	0	1304	85000
1785963138	124k	2529	14003128	13999735	0	0	48762935	0	24586772	8225132	1175	0	1304	87000
1785963139	124k	2530	14003128	13999733	0	0	48762935	0	24586152	8225132	1175	0	1304	90000
1785963141	124k	2532	14003128	13999743	0	0	48762935	0	24586152	8225132	1175	0	1304	82000
1785963142	124k	2533	14003128	13999727	0	0	48762983	0	24586152	8225132	1175	0	1304	80000
1785963143	124k	2534	12480632	12477235	0	0	48790998	0	26120128	8225132	1175	0	1304	89000
1785963144	124k	2535	12497016	12493615	0	0	49201047	0	24578952	8225132	1175	0	1304	84000
1785963146	124k	2537	14028920	14025519	0	0	49201047	0	24577384	8225132	1175	0	1304	90000
1785963147	124k	2538	14028920	14025525	0	0	49201047	0	24577132	8225132	1175	0	1304	88000
1785963148	124k	2539	14028920	14025535	0	0	49201047	0	24577132	8225132	1175	0	1304	84000
1785963149	124k	2540	14028920	14025525	0	0	49201047	0	24578188	8225132	1175	0	1304	90000
1785963151	124k	2542	14028920	14025527	0	0	49201047	0	24581536	8225132	1175	0	1304	86000
1785963152	124k	2543	14028920	14025520	0	0	49201047	0	24582136	8225132	1175	0	1304	86000
1785963153	124k	2544	14028920	14025518	0	0	49201047	0	24582776	8225132	1175	0	1304	90000
1785963154	124k	2545	14028920	14025519	0	0	49201047	0	24582876	8225132	1175	0	1304	82000
1785963156	124k	2547	14028920	14025521	0	0	49201047	0	24582876	8225132	1175	0	1304	90000
1785963157	124k	2548	14028920	14025525	0	0	49201047	0	24582876	8225132	1175	0	1304	88000
1785963158	124k	2549	14028920	14025535	0	0	49201047	0	24583504	8225132	1175	0	1304	84000
1785963160	124k	2551	14028920	14025527	0	0	49201047	0	24583388	8225132	1175	0	1304	88000
1785963161	124k	2552	14028920	14025521	0	0	49201047	0	24582404	8225132	1175	0	1304	89000
1785963162	124k	2553	14028920	14025531	0	0	49201047	0	24583456	8225132	1175	0	1304	86000
1785963163	124k	2554	12498040	12494649	0	0	49229114	0	26128104	8225132	1175	0	1304	90000
1785963165	124k	2556	12514424	12511035	0	0	49251960	0	26113028	8225132	1175	0	1304	79000
1785963166	124k	2557	14054520	14051127	0	0	49644754	0	24560048	8225132	1175	0	1304	86000
1785963167	124k	2558	14054520	14051131	0	0	49644754	0	24560140	8225132	1175	0	1304	88000
1785963168	124k	2559	14054520	14051119	0	0	49644754	0	24559892	8225132	1175	0	1304	82000
1785963170	124k	2561	14054520	14051123	0	0	49644754	0	24559792	8225132	1175	0	1304	88000
1785963171	124k	2562	14054520	14051133	0	0	49644754	0	24559792	8225132	1175	0	1304	88000
1785963172	124k	2563	14054520	14051118	0	0	49644754	0	24559540	8225132	1175	0	1304	84000
1785963174	124k	2565	14054520	14051125	0	0	49644754	0	24559540	8225132	1175	0	1304	88000
1785963175	124k	2566	14054520	14051121	0	0	49644754	0	24560716	8225132	1175	0	1304	88000
1785963176	124k	2567	14054520	14051125	0	0	49644754	0	24563380	8225132	1175	0	1304	86000
1785963177	124k	2568	14054520	14051119	0	0	49644754	0	24563376	8225132	1175	0	1304	89000
1785963179	124k	2570	14054520	14051132	0	0	49644754	0	24565572	8225132	1175	0	1304	79000
1785963180	124k	2571	14054520	14051120	0	0	49644754	0	24564956	8225132	1175	0	1304	86000
1785963181	124k	2572	14054520	14051124	0	0	49644754	0	24564816	8225132	1175	0	1304	88000
1785963183	124k	2574	14054520	14051122	0	0	49644754	0	24564816	8225132	1175	0	1304	78000
1785963184	124k	2575	14054520	14051118	0	0	49645010	0	24740744	8225132	1175	0	1304	82000
1785963185	124k	2576	12515448	12512046	0	0	49672714	0	26109740	8225132	1175	0	1304	88000
1785963186	124k	2577	12726648	12862838	0	0	50093761	0	24555976	8225132	1175	0	1304	84000
1785963188	124k	2579	14080120	14076720	0	0	50093761	0	24554660	8225132	1175	0	1304	90000
1785963189	124k	2580	14080120	14076719	0	0	50093761	0	24554788	8225132	1175	0	1304	87000
1785963190	124k	2581	14080120	14076720	0	0	50093761	0	24554844	8225132	1175	0	1304	84000
1785963191	124k	2582	14080120	14076728	0	0	50093761	0	24554732	8225132	1175	0	1304	89000
1785963193	124k	2584	14080120	14076719	0	0	50093761	0	24554268	8225132	1175	0	1304	88000
1785963194	124k	2585	14080120	14076728	0	0	50093761	0	24554016	8225132	1175	0	1304	86000
1785963195	124k	2586	14080120	14076720	0	0	50093761	0	24550612	8225132	1175	0	1304	89000
1785963196	124k	2587	14080120	14076718	0	0	50093761	0	24549996	8225132	1175	0	1304	82000
1785963198	124k	2589	14080120	14076730	0	0	50093761	0	24549032	8225132	1175	0	1304	90000
1785963199	124k	2590	14080120	14076719	0	0	50093761	0	24548388	8225132	1175	0	1304	86000
1785963200	124k	2591	14080120	14076730	0	0	50093761	0	24547896	8225132	1175	0	1304	82000
1785963202	124k	2593	14080120	14076718	0	0	50093761	0	24548156	8225132	1175	0	1304	89000
1785963203	124k	2594	14080120	14076718	0	0	50093761	0	24547248	8225132	1175	0	1304	88000
1785963204	124k	2595	14080120	14076720	0	0	50093761	0	24547248	8225132	1175	0	1304	85000
1785963205	124k	2596	12532856	12529454	0	0	50121764	0	26087332	8225132	1175	0	1304	88000
1785963207	124k	2598	12532856	12529456	0	0	50144264	0	26079428	8225132	1175	0	1304	81000
1785963208	124k	2599	14105720	14102324	0	0	50545425	0	24532528	8225132	1175	0	1304	87000
1785963209	124k	2600	14105720	14102326	0	0	50545425	0	24532276	8225132	1175	0	1304	90000
1785963210	124k	2601	14105720	14102318	0	0	50545425	0	24531660	8225132	1175	0	1304	83000
1785963212	124k	2603	14105720	14102320	0	0	50545425	0	24531268	8225132	1175	0	1304	89000
1785963213	124k	2604	14105720	14102332	0	0	50545425	0	24531268	8225132	1175	0	1304	88000
1785963214	124k	2605	14105720	14102320	0	0	50545425	0	24531268	8225132	1175	0	1304	83000
1785963216	124k	2607	14105720	14102318	0	0	50545425	0	24530904	8225132	1175	0	1304	89000
1785963217	124k	2608	14105720	14102318	0	0	50545425	0	24530020	8225132	1175	0	1304	88000
1785963218	124k	2609	14105720	14102319	0	0	50545425	0	24530020	8225132	1175	0	1304	86000
1785963219	124k	2610	14105720	14102328	0	0	50545425	0	24530020	8225132	1175	0	1304	89000
1785963221	124k	2612	14105720	14102326	0	0	50545425	0	24529768	8225132	1175	0	1304	88000
1785963222	124k	2613	14105720	14102318	0	0	50545425	0	24529768	8225132	1175	0	1304	86000
1785963223	124k	2614	14105720	14102334	0	0	50545425	0	24529768	8225132	1175	0	1304	89000
1785963224	124k	2615	14105720	14102332	0	0	50545425	0	24529528	8225132	1175	0	1304	81000
1785963226	124k	2617	14105720	14102318	0	0	50545425	0	24529528	8225132	1175	0	1304	86000
1785963227	124k	2618	12550456	12547066	0	0	50573409	0	26077404	8225132	1175	0	1304	87000
1785963228	124k	2619	12566840	12563446	0	0	50793616	0	25241900	8225132	1175	0	1304	77000
1785963229	124k	2620	14131512	14128112	0	0	50995954	0	24492228	8225132	1175	0	1304	90000
1785963231	124k	2622	14131512	14128116	0	0	50995954	0	24492228	8225132	1175	0	1304	88000
1785963232	124k	2623	14131512	14128116	0	0	50995954	0	24491484	8225132	1175	0	1304	86000
1785963233	124k	2624	14131512	14128118	0	0	50995954	0	24491484	8225132	1175	0	1304	90000
1785963235	124k	2626	14131512	14128120	0	0	50995954	0	24491484	8225132	1175	0	1304	88000
1785963236	124k	2627	14131512	14128110	0	0	50995954	0	24491484	8225132	1175	0	1304	84000
1785963237	124k	2628	14131512	14128112	0	0	50995954	0	24491308	8225132	1175	0	1304	90000
1785963238	124k	2629	14131512	14128111	0	0	50995954	0	24491308	8225132	1175	0	1304	81000
1785963240	124k	2631	14131512	14128114	0	0	50995954	0	24491308	8225132	1175	0	1304	84000
1785963241	124k	2632	14131512	14128126	0	0	50995954	0	24491056	8225132	1175	0	1304	90000
1785963242	124k	2633	14131512	14128116	0	0	50995954	0	24490960	8225132	1175	0	1304	83000
1785963244	124k	2635	14131512	14128116	0	0	50995954	0	24490960	8225132	1175	0	1304	90000
1785963245	124k	2636	14131512	14128111	0	0	50995954	0	24490720	8225132	1175	0	1304	87000
1785963246	124k	2637	14131512	14128114	0	0	50995954	0	24490720	8225132	1175	0	1304	83000
1785963247	124k	2638	12551480	12548086	0	0	51024023	0	26060776	8225132	1175	0	1304	88000
1785963249	124k	2640	12567864	12564462	0	0	51024023	0	26059520	8225132	1175	0	1304	88000
1785963250	124k	2641	14157112	14153714	0	0	51448174	0	24460580	8225132	1175	0	1304	84000
1785963251	124k	2642	14157112	14153722	0	0	51448174	0	24460340	8225132	1175	0	1304	89000
1785963252	124k	2643	14157112	14153712	0	0	51448174	0	24460340	8225132	1175	0	1304	88000
1785963254	124k	2645	14157112	14153724	0	0	51448174	0	24460828	8225132	1175	0	1304	85000
1785963255	124k	2646	14157112	14153712	0	0	51448174	0	24461632	8225132	1175	0	1304	88000
1785963256	124k	2647	14157112	14153724	0	0	51448174	0	24461172	8225132	1175	0	1304	79000
1785963258	124k	2649	14157112	14153712	0	0	51448174	0	24460668	8225132	1175	0	1304	84000
1785963259	124k	2650	14157112	14153714	0	0	51448182	0	24460028	8225132	1175	0	1304	88000
1785963260	124k	2651	14157112	14153714	0	0	51448182	0	24459848	8225132	1175	0	1304	78000
1785963261	124k	2652	14157112	14153710	0	0	51448182	0	24459848	8225132	1175	0	1304	88000
1785963263	124k	2654	14157112	14153716	0	0	51448182	0	24460024	8225132	1175	0	1304	88000
1785963264	124k	2655	14157112	14153714	0	0	51448182	0	24460116	8225132	1175	0	1304	83000
1785963265	124k	2656	14157112	14153720	0	0	51448182	0	24460116	8225132	1175	0	1304	86000
1785963267	124k	2658	14157112	14153711	0	0	51448182	0	24459876	8225132	1175	0	1304	88000
1785963268	124k	2659	14157112	14153724	0	0	51448182	0	24459372	8225132	1175	0	1304	84000
1785963269	124k	2660	12585272	12581872	0	0	51476045	0	26037584	8225132	1175	0	1304	85000
1785963270	124k	2661	12585272	12581870	0	0	51496816	0	26023192	8225132	1175	0	1304	81000
1785963272	124k	2663	14182712	14179310	0	0	51909547	0	24450260	8225132	1175	0	1304	86000
1785963273	124k	2664	14182712	14179310	0	0	51909547	0	24449756	8225132	1175	0	1304	88000
1785963274	124k	2665	14182712	14179311	0	0	51909547	0	24449252	8225132	1175	0	1304	83000
1785963275	124k	2666	14182712	14179312	0	0	51909547	0	24449252	8225132	1175	0	1304	85000
1785963277	124k	2668	14182712	14179324	0	0	51909547	0	24448748	8225132	1175	0	1304	86000
1785963278	124k	2669	14182712	14179322	0	0	51909547	0	24448496	8225132	1175	0	1304	82000
1785963279	124k	2670	14182712	14179310	0	0	51909547	0	24449456	8225132	1175	0	1304	86000
1785963281	124k	2672	14182712	14179310	0	0	51909547	0	24450864	8225132	1175	0	1304	86000
1785963282	124k	2673	14182712	14179312	0	0	51909547	0	24450692	8225132	1175	0	1304	84000
1785963283	124k	2674	14182712	14179312	0	0	51909547	0	24451544	8225132	1175	0	1304	89000
1785963284	124k	2675	14182712	14179310	0	0	51909547	0	24451680	8225132	1175	0	1304	86000
1785963286	124k	2677	14182712	14179310	0	0	51909547	0	24451908	8225132	1175	0	1304	84000
1785963287	124k	2678	14182712	14179316	0	0	51909547	0	24452236	8225132	1175	0	1304	90000
1785963288	124k	2679	14182712	14179311	0	0	51909547	0	24451228	8225132	1175	0	1304	86000
1785963289	124k	2680	14182712	14179318	0	0	51909547	0	24450864	8225132	1175	0	1304	82000
1785963291	124k	2682	12602680	12599294	0	0	51937314	0	26024416	8225132	1175	0	1304	90000
1785963292	124k	2683	12619064	12615676	0	0	51960323	0	26009904	8225132	1175	0	1304	81000
1785963293	124k	2684	14208312	14204926	0	0	52364166	0	24404696	8225132	1175	0	1304	83000
1785963294	124k	2685	14208312	14204910	0	0	52364166	0	24404192	8225132	1175	0	1304	86000
1785963296	124k	2687	14208312	14204926	0	0	52364166	0	24402692	8225132	1175	0	1304	83000
1785963297	124k	2688	14208312	14204910	0	0	52364166	0	24403040	8225132	1175	0	1304	90000
1785963298	124k	2689	14208312	14204918	0	0	52364166	0	24404256	8225132	1175	0	1304	86000
1785963299	124k	2690	14208312	14204924	0	0	52364166	0	24405364	8225132	1175	0	1304	86000
1785963301	124k	2692	14208312	14204910	0	0	52364166	0	24406412	8225132	1175	0	1304	90000
1785963302	124k	2693	14208312	14204912	0	0	52364166	0	24406636	8225132	1175	0	1304	88000
1785963303	124k	2694	14208312	14204910	0	0	52364166	0	24407360	8225132	1175	0	1304	84000
1785963305	124k	2696	14208312	14204912	0	0	52364166	0	24407360	8225132	1175	0	1304	86000
1785963306	124k	2697	14208312	14204910	0	0	52364166	0	24407120	8225132	1175	0	1304	88000
1785963307	124k	2698	14208312	14204911	0	0	52364166	0	24407992	8225132	1175	0	1304	86000
1785963308	124k	2699	14208312	14204913	0	0	52364166	0	24407760	8225132	1175	0	1304	89000
1785963310	124k	2701	14208312	14204915	0	0	52364166	0	24407520	8225132	1175	0	1304	81000
1785963311	124k	2702	14208312	14204915	0	0	52364166	0	24407672	8225132	1175	0	1304	84000
1785963312	124k	2703	12620280	12616894	0	0	52392140	0	25997024	8225132	1175	0	1304	86000
1785963313	124k	2704	12636664	12633272	0	0	52413133	0	25988148	8225132	1175	0	1304	82000
1785963315	124k	2706	14234104	14230713	0	0	52817404	0	24370012	8225132	1175	0	1304	89000
1785963316	124k	2707	14234104	14230707	0	0	52817404	0	24369408	8225132	1175	0	1304	86000
1785963317	124k	2708	14234104	14230703	0	0	52817404	0	24369408	8225132	1175	0	1304	83000
1785963319	124k	2710	14234104	14230709	0	0	52817404	0	24369156	8225132	1175	0	1304	90000
1785963320	124k	2711	14234104	14230707	0	0	52817404	0	24369156	8225132	1175	0	1304	88000
1785963321	124k	2712	14234104	14230703	0	0	52817404	0	24369156	8225132	1175	0	1304	83000
1785963322	124k	2713	14234104	14230718	0	0	52817404	0	24361440	8225132	1175	0	1304	88000
1785963324	124k	2715	14234104	14230716	0	0	52817404	0	24357092	8225132	1175	0	1304	87000
1785963325	124k	2716	14234104	14230720	0	0	52817404	0	24356884	8225132	1175	0	1304	83000
1785963326	124k	2717	14234104	14230712	0	0	52817404	0	24358672	8225132	1175	0	1304	90000
1785963328	124k	2719	14234104	14230708	0	0	52817404	0	24358672	8225132	1175	0	1304	81000
1785963329	124k	2720	14234104	14230718	0	0	52817404	0	24360844	8225132	1175	0	1304	84000
1785963330	124k	2721	14234104	14230706	0	0	52817404	0	24361200	8225132	1175	0	1304	89000
1785963331	124k	2722	14234104	14230722	0	0	52817404	0	24356196	8225132	1175	0	1304	81000
1785963333	124k	2724	14234104	14230718	0	0	52817660	0	24490688	8225136	1175	0	1304	79000
1785963334	124k	2725	12637688	12634302	0	0	52845470	0	25971628	8225136	1175	0	1304	86000
1785963335	124k	2726	12654072	12650674	0	0	53278772	0	24349620	8225136	1175	0	1304	83000
1785963336	124k	2727	14259704	14256318	0	0	53278772	0	24347968	8225136	1175	0	1304	86000
1785963338	124k	2729	14259704	14256316	0	0	53278772	0	24348204	8225136	1175	0	1304	88000
1785963339	124k	2730	14259704	14256306	0	0	53278772	0	24348544	8225136	1175	0	1304	84000
1785963340	124k	2731	14259704	14256308	0	0	53278772	0	24349132	8225136	1175	0	1304	90000
1785963342	124k	2733	14259704	14256314	0	0	53278772	0	24349332	8225136	1175	0	1304	86000
1785963343	124k	2734	14259704	14256312	0	0	53278772	0	24348968	8225136	1175	0	1304	86000
1785963344	124k	2735	14259704	14256310	0	0	53278772	0	24348996	8225136	1175	0	1304	90000
1785963345	124k	2736	14259704	14256322	0	0	53278772	0	24350148	8225136	1175	0	1304	89000
1785963347	124k	2738	14259704	14256320	0	0	53278772	0	24351084	8225136	1175	0	1304	84000
1785963348	124k	2739	14259704	14256322	0	0	53278772	0	24352176	8225136	1175	0	1304	88000
1785963349	124k	2740	14259704	14256312	0	0	53278772	0	24352176	8225136	1175	0	1304	81000
1785963350	124k	2741	14259704	14256308	0	0	53278772	0	24351812	8225136	1175	0	1304	86000
1785963352	124k	2743	14259704	14256305	0	0	53278772	0	24352876	8225136	1175	0	1304	90000
1785963353	124k	2744	14259704	14256311	0	0	53278772	0	24352624	8225136	1175	0	1304	82000
1785963354	124k	2745	14259704	14256318	0	0	53278772	0	24352624	8225136	1175	0	1304	83000
1785963356	124k	2747	12655096	12651702	0	0	53306626	0	25963224	8225136	1175	0	1304	86000
1785963357	124k	2748	12671480	12668088	0	0	53742079	0	24322604	8225136	1175	0	1304	83000
1785963358	124k	2749	14285304	14281920	0	0	53742079	0	24321316	8225136	1175	0	1304	84000
1785963359	124k	2750	14285304	14281914	0	0	53742079	0	24321316	8225136	1175	0	1304	88000
1785963361	124k	2752	14285304	14281914	0	0	53742079	0	24322440	8225136	1175	0	1304	84000
1785963362	124k	2753	14285304	14281911	0	0	53742079	0	24323512	8225136	1175	0	1304	89000
1785963363	124k	2754	14285304	14281906	0	0	53742079	0	24320520	8225136	1175	0	1304	88000
1785963364	124k	2755	14285304	14281915	0	0	53742079	0	24302188	8225136	1175	0	1304	86000
1785963366	124k	2757	14285304	14281909	0	0	53742079	0	24301960	8225136	1175	0	1304	89000
1785963367	124k	2758	14285304	14281919	0	0	53742079	0	24302212	8225136	1175	0	1304	88000
1785963368	124k	2759	14285304	14281915	0	0	53742079	0	24301708	8225136	1175	0	1304	85000
1785963369	124k	2760	14285304	14281910	0	0	53742079	0	24301708	8225136	1175	0	1304	90000
1785963371	124k	2762	14285304	14281904	0	0	53742079	0	24301792	8225136	1175	0	1304	89000
1785963372	124k	2763	14285304	14281910	0	0	53742079	0	24301540	8225136	1175	0	1304	86000
1785963373	124k	2764	14285304	14281904	0	0	53742079	0	24301300	8225136	1175	0	1304	86000
1785963374	124k	2765	14285304	14281904	0	0	53742079	0	24301300	8225136	1175	0	1304	81000
1785963376	124k	2767	14285304	14281908	0	0	53742079	0	24305424	8225136	1175	0	1304	86000
1785963377	124k	2768	12672504	12669119	0	0	53770151	0	25916804	8225136	1175	0	1304	89000
1785963378	124k	2769	12688888	12685489	0	0	53792854	0	25912556	8225136	1175	0	1304	83000
1785963380	124k	2771	14310904	14307505	0	0	54204825	0	24303684	8225136	1175	0	1304	90000
1785963381	124k	2772	14310904	14307518	0	0	54204825	0	24302676	8225136	1175	0	1304	88000
1785963382	124k	2773	14310904	14307510	0	0	54204825	0	24302676	8225136	1175	0	1304	82000
1785963383	124k	2774	14310904	14307508	0	0	54204825	0	24302676	8225136	1175	0	1304	85000
1785963385	124k	2776	14310904	14307504	0	0	54204825	0	24303596	8225136	1175	0	1304	88000
1785963386	124k	2777	14310904	14307516	0	0	54204825	0	24303596	8225136	1175	0	1304	87000
1785963387	124k	2778	14310904	14307510	0	0	54204825	0	24303344	8225136	1175	0	1304	90000
1785963389	124k	2780	14310904	14307503	0	0	54204825	0	24304928	8225136	1175	0	1304	88000
1785963390	124k	2781	14310904	14307505	0	0	54204825	0	24304960	8225136	1175	0	1304	87000
1785963391	124k	2782	14310904	14307514	0	0	54204825	0	24304960	8225136	1175	0	1304	90000
1785963392	124k	2783	14310904	14307505	0	0	54204825	0	24304708	8225136	1175	0	1304	88000
1785963394	124k	2785	14310904	14307505	0	0	54204825	0	24304456	8225136	1175	0	1304	86000
1785963395	124k	2786	14310904	14307506	0	0	54204825	0	24309748	8225136	1175	0	1304	83000
1785963396	124k	2787	14310904	14307518	0	0	54204825	0	24309768	8225136	1175	0	1304	81000
1785963397	124k	2788	14310904	14307510	0	0	54204825	0	24309276	8225136	1175	0	1304	86000
1785963399	124k	2790	12690104	12686704	0	0	54232612	0	25938212	8225136	1175	0	1304	91000
1785963400	124k	2791	12706488	12703100	0	0	54253346	0	25924832	8225136	1175	0	1304	82000
1785963401	124k	2792	14336696	14333302	0	0	54660898	0	24231488	8225136	1175	0	1304	86000
1785963403	124k	2794	14336696	14333300	0	0	54660898	0	24231492	8225136	1175	0	1304	88000
1785963404	124k	2795	14336696	14333296	0	0	54660898	0	24231240	8225136	1175	0	1304	83000
1785963405	124k	2796	14336696	14333296	0	0	54660898	0	24230524	8225136	1175	0	1304	90000
1785963406	124k	2797	14336696	14333297	0	0	54660898	0	24230524	8225136	1175	0	1304	86000
1785963408	124k	2799	14336696	14333308	0	0	54660898	0	24230272	8225136	1175	0	1304	82000
1785963409	124k	2800	14336696	14333298	0	0	54660898	0	24230032	8225136	1175	0	1304	86000
1785963410	124k	2801	14336696	14333296	0	0	54660898	0	24230032	8225136	1175	0	1304	86000
1785963411	124k	2802	14336696	14333296	0	0	54660898	0	24231488	8225136	1175	0	1304	83000
1785963413	124k	2804	14336696	14333310	0	0	54660898	0	24232888	8225136	1175	0	1304	90000
1785963414	124k	2805	14336696	14333300	0	0	54660898	0	24233252	8225136	1175	0	1304	88000
1785963415	124k	2806	14336696	14333312	0	0	54660898	0	24234240	8225136	1175	0	1304	86000
1785963417	124k	2808	14336696	14333304	0	0	54660898	0	24234240	8225136	1175	0	1304	90000
1785963418	124k	2809	14336696	14333300	0	0	54660898	0	24234240	8225136	1175	0	1304	89000
1785963419	124k	2810	14336696	14333297	0	0	54660898	0	24234692	8225136	1175	0	1304	84000
1785963420	124k	2811	12707512	12704120	0	0	54689094	0	25878488	8225136	1175	0	1304	88000
1785963422	124k	2813	12707512	12704128	0	0	54711576	0	25873904	8225136	1175	0	1304	78000
1785963423	124k	2814	14362296	14358897	0	0	55132150	0	24254552	8225136	1175	0	1304	84000
1785963424	124k	2815	14362296	14358897	0	0	55132150	0	24254552	8225136	1175	0	1304	89000
1785963426	124k	2817	14362296	14358897	0	0	55132150	0	24254048	8225136	1175	0	1304	79000
1785963427	124k	2818	14362296	14358897	0	0	55132150	0	24253052	8225136	1175	0	1304	84000
1785963428	124k	2819	14362296	14358910	0	0	55132150	0	24253052	8225136	1175	0	1304	88000
1785963429	124k	2820	14362296	14358902	0	0	55132150	0	24253052	8225136	1175	0	1304	82000
1785963431	124k	2822	14362296	14358896	0	0	55132150	0	24253576	8225136	1175	0	1304	90000
1785963432	124k	2823	14362296	14358904	0	0	55132150	0	24255824	8225136	1175	0	1304	86000
1785963433	124k	2824	14362296	14358902	0	0	55132150	0	24256264	8225136	1175	0	1304	83000
1785963435	124k	2826	14362296	14358898	0	0	55132150	0	24256016	8225136	1175	0	1304	86000
1785963436	124k	2827	14362296	14358889	0	0	55132150	0	24255868	8225136	1175	0	1304	88000
1785963437	124k	2828	14362296	14358888	0	0	55132150	0	24256744	8225144	1177	0	1306	84000
1785963438	124k	2829	14362296	14358901	0	0	55132150	0	24256412	8225144	1177	0	1306	90000
1785963440	124k	2831	14362296	14358892	0	0	55132150	0	24256888	8225144	1177	0	1306	88000
1785963441	124k	2832	14362296	14358895	0	0	55132150	0	24257908	8225144	1177	0	1306	86000
1785963442	124k	2833	12724920	12721521	0	0	55160061	0	25906468	8225144	1177	0	1306	90000
1785963443	124k	2834	12724920	12721519	0	0	55160061	0	25906212	8225144	1177	0	1306	88000
1785963445	124k	2836	14387896	14384490	0	0	55597962	0	24227136	8225144	1177	0	1306	84000
1785963446	124k	2837	14387896	14384500	0	0	55597962	0	24226640	8225144	1177	0	1306	90000
1785963447	124k	2838	14387896	14384510	0	0	55597962	0	24226640	8225144	1177	0	1306	82000
1785963448	124k	2839	14387896	14384506	0	0	55597962	0	24226640	8225144	1177	0	1306	85000
1785963450	124k	2841	14387896	14384497	0	0	55597962	0	24226136	8225144	1177	0	1306	90000
1785963451	124k	2842	14387896	14384504	0	0	55597962	0	24225884	8225144	1177	0	1306	79000
1785963452	124k	2843	14387896	14384497	0	0	55597962	0	24224800	8225144	1177	0	1306	84000
1785963454	124k	2845	14387896	14384500	0	0	55597962	0	24224548	8225144	1177	0	1306	89000
1785963455	124k	2846	14387896	14384510	0	0	55597962	0	24224548	8225144	1177	0	1306	80000
1785963456	124k	2847	14387896	14384500	0	0	55597962	0	24224056	8225144	1177	0	1306	90000
1785963457	124k	2848	14387896	14384497	0	0	55597962	0	24224056	8225144	1177	0	1306	88000
1785963459	124k	2850	14387896	14384495	0	0	55597962	0	24224088	8225144	1177	0	1306	79000
1785963460	124k	2851	14387896	14384497	0	0	55597962	0	24224088	8225144	1177	0	1306	90000
1785963461	124k	2852	14387896	14384500	0	0	55597962	0	24223840	8225144	1177	0	1306	88000
1785963463	124k	2854	14387896	14384497	0	0	55597962	0	24222832	8225144	1177	0	1306	84000
1785963464	124k	2855	12727992	12724593	0	0	55625899	0	25870744	8225144	1177	0	1306	90000
1785963465	124k	2856	12742328	12738928	0	0	55625899	0	25870056	8225144	1177	0	1306	88000
1785963466	124k	2857	14413496	14410106	0	0	56071297	0	24187576	8225144	1177	0	1306	84000
1785963468	124k	2859	14413496	14410098	0	0	56071297	0	24186216	8225144	1177	0	1306	85000
1785963469	124k	2860	14413496	14410096	0	0	56071297	0	24185964	8225144	1177	0	1306	88000
1785963470	124k	2861	14413496	14410098	0	0	56071297	0	24186116	8225144	1177	0	1306	86000
1785963472	124k	2863	14413496	14410110	0	0	56071297	0	24186116	8225144	1177	0	1306	90000
1785963473	124k	2864	14413496	14410108	0	0	56071297	0	24186116	8225144	1177	0	1306	87000
1785963474	124k	2865	14413496	14410106	0	0	56071297	0	24184616	8225144	1177	0	1306	81000
1785963475	124k	2866	14413496	14410106	0	0	56071297	0	24184456	8225144	1177	0	1306	89000
1785963477	124k	2868	14413496	14410098	0	0	56071297	0	24185856	8225144	1177	0	1306	79000
1785963478	124k	2869	14413496	14410110	0	0	56071297	0	24185780	8225144	1177	0	1306	84000
1785963479	124k	2870	14413496	14410099	0	0	56071297	0	24185528	8225144	1177	0	1306	90000
1785963481	124k	2872	14413496	14410096	0	0	56071297	0	24185528	8225144	1177	0	1306	79000
1785963482	124k	2873	14413496	14410108	0	0	56071297	0	24185036	8225144	1177	0	1306	83000
1785963483	124k	2874	14413496	14410097	0	0	56071297	0	24185036	8225144	1177	0	1306	88000
1785963484	124k	2875	14413496	14410102	0	0	56071297	0	24185036	8225144	1177	0	1306	81000
1785963486	124k	2877	14413496	14410097	0	0	56071345	0	24181100	8225144	1177	0	1306	80000
1785963487	124k	2878	12759928	12756531	0	0	56099453	0	25847636	8225144	1177	0	1306	88000
1785963488	124k	2879	12776312	12772913	0	0	56439295	0	24552384	8225144	1177	0	1306	77000
1785963489	124k	2880	14439288	14435888	0	0	56548083	0	24170072	8225144	1177	0	1306	90000
1785963491	124k	2882	14439288	14435888	0	0	56548083	0	24170072	8225144	1177	0	1306	86000
1785963492	124k	2883	14439288	14435891	0	0	56548083	0	24170072	8225144	1177	0	1306	83000
1785963493	124k	2884	14439288	14435889	0	0	56548083	0	24169456	8225144	1177	0	1306	90000
1785963495	124k	2886	14439288	14435889	0	0	56548083	0	24169064	8225144	1177	0	1306	86000
1785963496	124k	2887	14439288	14435896	0	0	56548083	0	24168812	8225144	1177	0	1306	84000
1785963497	124k	2888	14439288	14435888	0	0	56548083	0	24168812	8225144	1177	0	1306	89000
1785963498	124k	2889	14439288	14435904	0	0	56548083	0	24168320	8225144	1177	0	1306	88000
1785963500	124k	2891	14439288	14435889	0	0	56548083	0	24169412	8225144	1177	0	1306	84000
1785963501	124k	2892	14439288	14435888	0	0	56548083	0	24169412	8225144	1177	0	1306	89000
1785963502	124k	2893	14439288	14435896	0	0	56548083	0	24170984	8225144	1177	0	1306	90000
1785963504	124k	2895	14439288	14435891	0	0	56548083	0	24171152	8225144	1177	0	1306	84000
1785963505	124k	2896	14439288	14435891	0	0	56548083	0	24170912	8225144	1177	0	1306	90000
1785963506	124k	2897	14439288	14435889	0	0	56548083	0	24170912	8225144	1177	0	1306	88000
1785963507	124k	2898	14439288	14435889	0	0	56548083	0	24170912	8225144	1177	0	1306	85000
1785963509	124k	2900	12777336	12773939	0	0	56576011	0	25833716	8225144	1177	0	1306	90000
1785963510	124k	2901	12777336	12790336	0	0	56598350	0	25826072	8225144	1177	0	1306	79000
1785963511	124k	2902	14464888	14461496	0	0	57026443	0	24147332	8225144	1177	0	1306	86000
1785963512	124k	2903	14464888	14461491	0	0	57026443	0	24147332	8225144	1177	0	1306	88000
1785963514	124k	2905	14464888	14461489	0	0	57026443	0	24146828	8225144	1177	0	1306	81000
1785963515	124k	2906	14464888	14461487	0	0	57026443	0	24146828	8225144	1177	0	1306	87000
1785963516	124k	2907	14464888	14461491	0	0	57026443	0	24146828	8225144	1177	0	1306	90000
1785963518	124k	2909	14464888	14461489	0	0	57026443	0	24142484	8225144	1177	0	1306	82000
1785963519	124k	2910	14464888	14461489	0	0	57026443	0	24142232	8225144	1177	0	1306	85000
1785963520	124k	2911	14464888	14461489	0	0	57026443	0	24143692	8225144	1177	0	1306	88000
1785963521	124k	2912	14464888	14461496	0	0	57026443	0	24144664	8225144	1177	0	1306	79000
1785963523	124k	2914	14464888	14461489	0	0	57026443	0	24146180	8225144	1177	0	1306	90000
1785963524	124k	2915	14464888	14461487	0	0	57026443	0	24145676	8225144	1177	0	1306	88000
1785963525	124k	2916	14464888	14461488	0	0	57026443	0	24145832	8225144	1177	0	1306	84000
1785963527	124k	2918	14464888	14461504	0	0	57026443	0	24145580	8225144	1177	0	1306	89000
1785963528	124k	2919	14464888	14461488	0	0	57026443	0	24145680	8225144	1177	0	1306	86000
1785963529	124k	2920	14464888	14461488	0	0	57026443	0	24145428	8225144	1177	0	1306	83000
1785963530	124k	2921	12780408	12781789	0	0	57054421	0	25820920	8225144	1177	0	1306	87000
1785963532	124k	2923	12794744	12791347	0	0	57054421	0	25819300	8225144	1177	0	1306	88000
1785963533	124k	2924	14490488	14487098	0	0	57503810	0	24118972	8225144	1177	0	1306	86000
1785963534	124k	2925	14490488	14487089	0	0	57503810	0	24119652	8225144	1177	0	1306	90000
1785963535	124k	2926	14490488	14487096	0	0	57503810	0	24118944	8225144	1177	0	1306	89000
1785963537	124k	2928	14490488	14487104	0	0	57503810	0	24119272	8225144	1177	0	1306	84000
1785963538	124k	2929	14490488	14487089	0	0	57503810	0	24119032	8225144	1177	0	1306	89000
1785963539	124k	2930	14490488	14487091	0	0	57503810	0	24119672	8225144	1177	0	1306	88000
1785963541	124k	2932	14490488	14487089	0	0	57503810	0	24119440	8225144	1177	0	1306	86000
1785963542	124k	2933	14490488	14487102	0	0	57503810	0	24119012	8225144	1177	0	1306	90000
1785963543	124k	2934	14490488	14487104	0	0	57503810	0	24119012	8225144	1177	0	1306	88000
1785963544	124k	2935	14490488	14487100	0	0	57503810	0	24119012	8225144	1177	0	1306	86000
1785963546	124k	2937	14490488	14487089	0	0	57503810	0	24119072	8225144	1177	0	1306	86000
1785963547	124k	2938	14490488	14487088	0	0	57503810	0	24119352	8225144	1177	0	1306	81000
1785963548	124k	2939	14490488	14487102	0	0	57503810	0	24119356	8225144	1177	0	1306	86000
1785963550	124k	2941	14490488	14487093	0	0	57503810	0	24119772	8225144	1177	0	1306	90000
1785963551	124k	2942	14490488	14487100	0	0	57503810	0	24119300	8225144	1177	0	1306	79000
1785963552	124k	2943	14490488	14487087	0	0	57503810	0	24119344	8225144	1177	0	1306	84000
1785963553	124k	2944	12812152	12808761	0	0	57531689	0	25804940	8225144	1177	0	1306	88000
1785963555	124k	2946	12828536	12825141	0	0	57553990	0	25792340	8225144	1177	0	1306	83000
1785963556	124k	2947	14516088	14512700	0	0	57985978	0	24101120	8225144	1177	0	1306	87000
1785963557	124k	2948	14516088	14512688	0	0	57985978	0	24100880	8225144	1177	0	1306	88000
1785963559	124k	2950	14516088	14512687	0	0	57985978	0	24100880	8225144	1177	0	1306	83000
1785963560	124k	2951	14516088	14512689	0	0	57985978	0	24099128	8225144	1177	0	1306	86000
1785963561	124k	2952	14516088	14512691	0	0	57985978	0	24098876	8225144	1177	0	1306	88000
1785963562	124k	2953	14516088	14512695	0	0	57985978	0	24098636	8225144	1177	0	1306	81000
1785963564	124k	2955	14516088	14512689	0	0	57985978	0	24098208	8225144	1177	0	1306	90000
1785963565	124k	2956	14516088	14512702	0	0	57985978	0	24098208	8225144	1177	0	1306	88000
1785963566	124k	2957	14516088	14512691	0	0	57985978	0	24097956	8225144	1177	0	1306	82000
1785963567	124k	2958	14516088	14512704	0	0	57985978	0	24097732	8225144	1177	0	1306	90000
1785963569	124k	2960	14516088	14512688	0	0	57985978	0	24097732	8225144	1177	0	1306	89000
1785963570	124k	2961	14516088	14512695	0	0	57985978	0	24097732	8225144	1177	0	1306	84000
1785963571	124k	2962	14516088	14512689	0	0	57985978	0	24097732	8225144	1177	0	1306	89000
1785963573	124k	2964	14516088	14512688	0	0	57985978	0	24097732	8225144	1177	0	1306	88000
1785963574	124k	2965	14516088	14512688	0	0	57985978	0	24097732	8225144	1177	0	1306	86000
1785963575	124k	2966	12829752	12826352	0	0	58013986	0	25776064	8225144	1177	0	1306	85000
1785963576	124k	2967	12829752	12826351	0	0	58013986	0	25774932	8225144	1177	0	1306	88000
1785963578	124k	2969	14541880	14538487	0	0	58463628	0	24065224	8225144	1177	0	1306	85000
1785963579	124k	2970	14541880	14538485	0	0	58463628	0	24064988	8225144	1177	0	1306	86000
1785963580	124k	2971	14541880	14538480	0	0	58463628	0	24064988	8225144	1177	0	1306	88000
1785963582	124k	2973	14541880	14538481	0	0	58463628	0	24064988	8225144	1177	0	1306	85000
1785963583	124k	2974	14541880	14538479	0	0	58463628	0	24064988	8225144	1177	0	1306	90000
1785963584	124k	2975	14541880	14538487	0	0	58463628	0	24065376	8225144	1177	0	1306	89000
1785963585	124k	2976	14541880	14538494	0	0	58463628	0	24065376	8225144	1177	0	1306	84000
1785963587	124k	2978	14541880	14538481	0	0	58463628	0	24067744	8225144	1177	0	1306	90000
1785963588	124k	2979	14541880	14538496	0	0	58463628	0	24066376	8225144	1177	0	1306	83000
1785963589	124k	2980	14541880	14538480	0	0	58463628	0	24067252	8225144	1177	0	1306	85000
1785963591	124k	2982	14541880	14538483	0	0	58463628	0	24068344	8225144	1177	0	1306	90000
1785963592	124k	2983	14541880	14538480	0	0	58463628	0	24068608	8225144	1177	0	1306	80000
1785963593	124k	2984	14541880	14538480	0	0	58463628	0	24067724	8225144	1177	0	1306	83000
1785963594	124k	2985	14541880	14538479	0	0	58463628	0	24068176	8225144	1177	0	1306	88000
1785963596	124k	2987	14541880	14538489	0	0	58463628	0	24068428	8225144	1177	0	1306	78000
1785963597	124k	2988	14541880	14538481	0	0	58463628	0	24068428	8225144	1177	0	1306	85000
1785963598	124k	2989	12847160	12843760	0	0	58491672	0	25772564	8225144	1177	0	1306	90000
1785963599	124k	2990	12863544	12860144	0	0	58514155	0	25767104	8225144	1177	0	1306	82000
1785963601	124k	2992	14567480	14564079	0	0	58948916	0	24050648	8225144	1177	0	1306	84000
1785963602	124k	2993	14567480	14564079	0	0	58948916	0	24051656	8225144	1177	0	1306	89000
1785963603	124k	2994	14567480	14564094	0	0	58948916	0	24053112	8225144	1177	0	1306	82000
1785963605	124k	2996	14567480	14564080	0	0	58948916	0	24052812	8225144	1177	0	1306	86000
1785963606	124k	2997	14567480	14564096	0	0	58948916	0	24055284	8225144	1177	0	1306	88000
1785963607	124k	2998	14567480	14564079	0	0	58948916	0	24056556	8225144	1177	0	1306	81000
1785963608	124k	2999	14567480	14564081	0	0	58948916	0	24056656	8225144	1177	0	1306	88000
1785963610	124k	3001	14567480	14564083	0	0	58948916	0	24057136	8225144	1177	0	1306	88000
1785963611	124k	3002	14567480	14564092	0	0	58948916	0	24056996	8225144	1177	0	1306	76000
1785963612	124k	3003	14567480	14564081	0	0	58948916	0	24057592	8225144	1177	0	1306	90000
1785963614	124k	3005	14567480	14564081	0	0	58948916	0	24057592	8225144	1177	0	1306	86000
1785963615	124k	3006	14567480	14564081	0	0	58948916	0	24057320	8225144	1177	0	1306	82000
1785963616	124k	3007	14567480	14564094	0	0	58948916	0	24057788	8225144	1177	0	1306	89000
1785963617	124k	3008	14567480	14564094	0	0	58948916	0	24057400	8225144	1177	0	1306	88000
1785963619	124k	3010	14567480	14564081	0	0	58948916	0	24057160	8225144	1177	0	1306	83000
1785963620	124k	3011	13220916	12844781	0	0	58949173	0	25765972	8225144	1177	0	1306	83000
1785963621	124k	3012	12864568	12861171	0	0	58976841	0	25754156	8225144	1177	0	1306	88000
1785963623	124k	3014	12880952	12877568	0	0	59434672	0	24033056	8225144	1177	0	1306	82000
1785963624	124k	3015	14593080	14589681	0	0	59434672	0	24031264	8225144	1177	0	1306	88000
1785963625	124k	3016	14593080	14589683	0	0	59434672	0	24031264	8225144	1177	0	1306	88000
1785963626	124k	3017	14593080	14589681	0	0	59434672	0	24031264	8225144	1177	0	1306	86000
1785963628	124k	3019	14593080	14589680	0	0	59434672	0	24030772	8225144	1177	0	1306	90000
1785963629	124k	3020	14593080	14589681	0	0	59434672	0	24030520	8225144	1177	0	1306	89000
1785963630	124k	3021	14593080	14589680	0	0	59434672	0	24030028	8225144	1177	0	1306	85000
1785963632	124k	3023	14593080	14589681	0	0	59434672	0	24029776	8225144	1177	0	1306	90000
1785963633	124k	3024	14593080	14589679	0	0	59434672	0	24029524	8225144	1177	0	1306	89000
1785963634	124k	3025	14593080	14589681	0	0	59434672	0	24029524	8225144	1177	0	1306	84000
1785963635	124k	3026	14593080	14589685	0	0	59434672	0	24029388	8225144	1177	0	1306	90000
1785963637	124k	3028	14593080	14589692	0	0	59434672	0	24029388	8225144	1177	0	1306	88000
1785963638	124k	3029	14593080	14589689	0	0	59434672	0	24030036	8225144	1177	0	1306	85000
1785963639	124k	3030	14593080	14589687	0	0	59434672	0	24029796	8225144	1177	0	1306	90000
1785963640	124k	3031	14593080	14589679	0	0	59434672	0	24029544	8225144	1177	0	1306	89000
1785963642	124k	3033	14593080	14589680	0	0	59434672	0	24029544	8225144	1177	0	1306	86000
1785963643	124k	3034	12881976	12878576	0	0	59461727	0	25722564	8225144	1177	0	1306	89000
1785963644	124k	3035	12881976	12878577	0	0	59461727	0	25724160	8225144	1177	0	1306	88000
1785963646	124k	3037	14618680	14615280	0	0	59918257	0	24010300	8225144	1177	0	1306	84000
1785963647	124k	3038	14618680	14615296	0	0	59918257	0	24009436	8225144	1177	0	1306	89000
1785963648	124k	3039	14618680	14615281	0	0	59918257	0	24009724	8225144	1177	0	1306	88000
1785963649	124k	3040	14618680	14615281	0	0	59918257	0	24009536	8225144	1177	0	1306	84000
1785963651	124k	3042	14618680	14615279	0	0	59918257	0	24010180	8225144	1177	0	1306	90000
1785963652	124k	3043	14618680	14615281	0	0	59918257	0	24010008	8225144	1177	0	1306	86000
1785963653	124k	3044	14618680	14615294	0	0	59918265	0	24006524	8225144	1177	0	1306	82000
1785963654	124k	3045	14618680	14615284	0	0	59918265	0	24006300	8225144	1177	0	1306	90000
1785963656	124k	3047	14618680	14615299	0	0	59918265	0	24006304	8225144	1177	0	1306	89000
1785963657	124k	3048	14618680	14615295	0	0	59918265	0	24005800	8225144	1177	0	1306	83000
1785963658	124k	3049	14618680	14615293	0	0	59918265	0	24005800	8225144	1177	0	1306	90000
1785963660	124k	3051	14618680	14615284	0	0	59918265	0	24006892	8225144	1177	0	1306	90000
1785963661	124k	3052	14618680	14615295	0	0	59918265	0	24006440	8225144	1177	0	1306	86000
1785963662	124k	3053	14618680	14615288	0	0	59918265	0	24006440	8225144	1177	0	1306	90000
1785963663	124k	3054	14618680	14615295	0	0	59918265	0	24006440	8225144	1177	0	1306	89000
1785963665	124k	3056	14618680	14615300	0	0	59918265	0	24006096	8225144	1177	0	1306	82000
1785963666	124k	3057	12899576	12896189	0	0	59946222	0	25719192	8225144	1177	0	1306	86000
1785963667	124k	3058	12899576	12896181	0	0	59946222	0	25719192	8225144	1177	0	1306	86000
1785963668	124k	3059	14644472	14641076	0	0	60406256	0	23969028	8225144	1177	0	1306	85000
1785963670	124k	3061	14644472	14641078	0	0	60406256	0	23970344	8225144	1177	0	1306	92000
1785963671	124k	3062	14644472	14641076	0	0	60406256	0	23970356	8225144	1177	0	1306	88000
1785963672	124k	3063	14644472	14641078	0	0	60406256	0	23971616	8225144	1177	0	1306	86000
1785963673	124k	3064	14644472	14641083	0	0	60406256	0	23972876	8225144	1177	0	1306	88000
1785963675	124k	3066	14644472	14641076	0	0	60406256	0	23972888	8225144	1177	0	1306	83000
1785963676	124k	3067	14644472	14641092	0	0	60406256	0	23973176	8225144	1177	0	1306	85000
1785963677	124k	3068	14644472	14641076	0	0	60406256	0	23973176	8225144	1177	0	1306	82000
1785963679	124k	3070	14644472	14641072	0	0	60406256	0	23973512	8225144	1177	0	1306	79000
1785963680	124k	3071	14644472	14641073	0	0	60406256	0	23965924	8225144	1177	0	1306	84000
1785963681	124k	3072	14644472	14641080	0	0	60406256	0	23966176	8225144	1177	0	1306	86000
1785963682	124k	3073	14644472	14641072	0	0	60406256	0	23966428	8225144	1177	0	1306	79000
1785963684	124k	3075	14644472	14641071	0	0	60406256	0	23966932	8225144	1177	0	1306	84000
1785963685	124k	3076	14644472	14641073	0	0	60406256	0	23969552	8225144	1177	0	1306	89000
1785963686	124k	3077	14644472	14641075	0	0	60406256	0	23970948	8225144	1177	0	1306	79000
1785963688	124k	3079	14644472	14641071	0	0	60406256	0	23972560	8225144	1177	0	1306	87000
1785963689	124k	3080	12916984	12913589	0	0	60434248	0	25712092	8225144	1177	0	1306	90000
1785963690	124k	3081	12918352	12929973	0	0	60456232	0	25701172	8225144	1177	0	1306	81000
1785963691	124k	3082	14670072	14666671	0	0	60896122	0	23966424	8225144	1177	0	1306	86000
1785963693	124k	3084	14670072	14666675	0	0	60896122	0	23966928	8225144	1177	0	1306	90000
1785963694	124k	3085	14670072	14666683	0	0	60896122	0	23967444	8225144	1177	0	1306	81000
1785963695	124k	3086	14670072	14666679	0	0	60896122	0	23968704	8225144	1177	0	1306	86000
1785963697	124k	3088	14670072	14666679	0	0	60896122	0	23968720	8225144	1177	0	1306	90000
1785963698	124k	3089	14670072	14666672	0	0	60896122	0	23968480	8225144	1177	0	1306	79000
1785963699	124k	3090	14670072	14666681	0	0	60896122	0	23968228	8225144	1177	0	1306	84000
1785963700	124k	3091	14670072	14666672	0	0	60896122	0	23967976	8225144	1177	0	1306	88000
1785963702	124k	3093	14670072	14666671	0	0	60896122	0	23967976	8225144	1177	0	1306	82000
1785963703	124k	3094	14670072	14666673	0	0	60896122	0	23967976	8225144	1177	0	1306	87000
1785963704	124k	3095	14670072	14666672	0	0	60896122	0	23967724	8225144	1177	0	1306	88000
1785963706	124k	3097	14670072	14666674	0	0	60896122	0	23967724	8225144	1177	0	1306	83000
1785963707	124k	3098	14670072	14666685	0	0	60896122	0	23967884	8225144	1177	0	1306	84000
1785963708	124k	3099	14670072	14666671	0	0	60896122	0	23967632	8225144	1177	0	1306	88000
1785963709	124k	3100	14670072	14666679	0	0	60896122	0	23967632	8225144	1177	0	1306	82000
1785963711	124k	3102	14670072	14666671	0	0	60896122	0	23967392	8225144	1177	0	1306	86000
1785963712	124k	3103	12934392	12930999	0	0	60924050	0	25709556	8225144	1177	0	1306	88000
1785963713	124k	3104	12950776	12947381	0	0	60944491	0	25699476	8225144	1177	0	1306	78000
1785963715	124k	3106	14695672	14692273	0	0	61386699	0	23938568	8225144	1177	0	1306	87000
1785963716	124k	3107	14695672	14692274	0	0	61386699	0	23937908	8225144	1177	0	1306	88000
1785963717	124k	3108	14695672	14692273	0	0	61386713	0	23932388	8225144	1177	0	1306	83000
1785963718	124k	3109	14695672	14692281	0	0	61386713	0	23932112	8225144	1177	0	1306	88000
1785963720	124k	3111	14695672	14692274	0	0	61386713	0	23930360	8225144	1177	0	1306	88000
1785963721	124k	3112	14695672	14692270	0	0	61386713	0	23930360	8225144	1177	0	1306	81000
1785963722	124k	3113	14695672	14692285	0	0	61386713	0	23930360	8225144	1177	0	1306	90000
1785963724	124k	3115	14695672	14692279	0	0	61386713	0	23930108	8225144	1177	0	1306	88000
1785963725	124k	3116	14695672	14692288	0	0	61386713	0	23929352	8225144	1177	0	1306	78000
1785963726	124k	3117	14695672	14692273	0	0	61386713	0	23929352	8225144	1177	0	1306	90000
1785963727	124k	3118	14695672	14692275	0	0	61386713	0	23929352	8225144	1177	0	1306	88000
1785963729	124k	3120	14695672	14692275	0	0	61386713	0	23928848	8225144	1177	0	1306	78000
1785963730	124k	3121	14695672	14692278	0	0	61386713	0	23928596	8225144	1177	0	1306	90000
1785963731	124k	3122	14695672	14692280	0	0	61386713	0	23928596	8225144	1177	0	1306	88000
1785963732	124k	3123	14695672	14692273	0	0	61386713	0	23928596	8225144	1177	0	1306	78000
1785963734	124k	3125	14695672	14692274	0	0	61386969	0	24082328	8225144	1177	0	1306	85000
1785963735	124k	3126	12951800	12948404	0	0	61414771	0	25677544	8225144	1177	0	1306	88000
1785963736	124k	3127	12968184	12964798	0	0	61692351	0	24601560	8225144	1177	0	1306	78000
1785963738	124k	3129	14721272	14717891	0	0	61881803	0	23893472	8225144	1177	0	1306	90000
1785963739	124k	3130	14721272	14717876	0	0	61881803	0	23894556	8225144	1177	0	1306	88000
1785963740	124k	3131	14721272	14717882	0	0	61881803	0	23894480	8225144	1177	0	1306	77000
1785963741	124k	3132	14721272	14717891	0	0	61881803	0	23894356	8225144	1177	0	1306	91000
1785963743	124k	3134	14721272	14717874	0	0	61881803	0	23894452	8225144	1177	0	1306	88000
1785963744	124k	3135	14721272	14717882	0	0	61881803	0	23894380	8225144	1177	0	1306	83000
1785963745	124k	3136	14721272	14717874	0	0	61881803	0	23894380	8225144	1177	0	1306	90000
1785963747	124k	3138	14721272	14717874	0	0	61881803	0	23894752	8225144	1177	0	1306	89000
1785963748	124k	3139	14721272	14717876	0	0	61881803	0	23894924	8225144	1177	0	1306	83000
1785963749	124k	3140	14721272	14717884	0	0	61881803	0	23895060	8225144	1177	0	1306	89000
1785963751	124k	3142	14721272	14717891	0	0	61881803	0	23896080	8225144	1177	0	1306	89000
1785963752	124k	3143	14721272	14717874	0	0	61881803	0	23896444	8225144	1177	0	1306	83000
1785963753	124k	3144	14721272	14717876	0	0	61881803	0	23896784	8225144	1177	0	1306	88000
1785963754	124k	3145	14721272	14717876	0	0	61881803	0	23896784	8225144	1177	0	1306	89000
1785963756	124k	3147	14721272	14717882	0	0	61881803	0	23896024	8225144	1177	0	1306	84000
1785963757	124k	3148	14721272	14717874	0	0	61882107	0	24074620	8225144	1177	0	1306	77000
1785963758	124k	3149	12969400	12966010	0	0	61909823	0	25660728	8225144	1177	0	1306	88000
1785963759	124k	3150	12985784	12982396	0	0	62029933	0	25239776	8225144	1177	0	1306	80000
1785963761	124k	3152	14747064	14743676	0	0	62377730	0	23883672	8225144	1177	0	1306	89000
1785963762	124k	3153	14747064	14743670	0	0	62377730	0	23883420	8225144	1177	0	1306	89000
1785963763	124k	3154	14747064	14743666	0	0	62377730	0	23883004	8225144	1177	0	1306	83000
1785963764	124k	3155	14747064	14743678	0	0	62377730	0	23883004	8225144	1177	0	1306	84000
1785963766	124k	3157	14747064	14743661	0	0	62377730	0	23883032	8225144	1177	0	1306	86000
1785963767	124k	3158	14747064	14743678	0	0	62377730	0	23882780	8225144	1177	0	1306	82000
1785963768	124k	3159	14747064	14743664	0	0	62377730	0	23882528	8225144	1177	0	1306	86000
1785963770	124k	3161	14747064	14743662	0	0	62377730	0	23882528	8225144	1177	0	1306	86000
1785963771	124k	3162	14747064	14743668	0	0	62377730	0	23882424	8225144	1177	0	1306	83000
1785963772	124k	3163	14747064	14743676	0	0	62377730	0	23882424	8225144	1177	0	1306	86000
1785963773	124k	3164	14747064	14743668	0	0	62377730	0	23882172	8225144	1177	0	1306	88000
1785963775	124k	3166	14747064	14743681	0	0	62377730	0	23881176	8225144	1177	0	1306	83000
1785963776	124k	3167	14747064	14743678	0	0	62377730	0	23881176	8225144	1177	0	1306	86000
1785963777	124k	3168	14747064	14743666	0	0	62377730	0	23881176	8225144	1177	0	1306	88000
1785963779	124k	3170	14747064	14743669	0	0	62377730	0	23881176	8225144	1177	0	1306	83000
1785963780	124k	3171	14747064	14743681	0	0	62377730	0	23880712	8225144	1177	0	1306	85000
1785963781	124k	3172	12986808	12983412	0	0	62405691	0	25652036	8225144	1177	0	1306	88000
1785963782	124k	3173	13003192	12999809	0	0	62428044	0	25641364	8225144	1177	0	1306	85000
1785963784	124k	3175	14772664	14769281	0	0	62875217	0	23857496	8225144	1177	0	1306	86000
1785963785	124k	3176	14772664	14769265	0	0	62875217	0	23856740	8225144	1177	0	1306	88000
1785963786	124k	3177	14772664	14769279	0	0	62875217	0	23856488	8225144	1177	0	1306	82000
1785963788	124k	3179	14772664	14769265	0	0	62875217	0	23856488	8225144	1177	0	1306	86000
1785963789	124k	3180	14772664	14769264	0	0	62875217	0	23856488	8225144	1177	0	1306	90000
1785963790	124k	3181	14772664	14769277	0	0	62875217	0	23856068	8225144	1177	0	1306	81000
1785963791	124k	3182	14772664	14769266	0	0	62875217	0	23856068	8225144	1177	0	1306	86000
1785963793	124k	3184	14772664	14769266	0	0	62875217	0	23855816	8225144	1177	0	1306	90000
1785963794	124k	3185	14772664	14769271	0	0	62875217	0	23855084	8225144	1177	0	1306	81000
1785963795	124k	3186	14772664	14769265	0	0	62875217	0	23854720	8225144	1177	0	1306	86000
1785963797	124k	3188	14772664	14769271	0	0	62875217	0	23854592	8225144	1177	0	1306	91000
1785963798	124k	3189	14772664	14769265	0	0	62875217	0	23854100	8225144	1177	0	1306	79000
1785963799	124k	3190	14772664	14769279	0	0	62875217	0	23854100	8225144	1177	0	1306	86000
1785963800	124k	3191	14772664	14769269	0	0	62875217	0	23854100	8225144	1177	0	1306	90000
1785963802	124k	3193	14772664	14769266	0	0	62875217	0	23854100	8225144	1177	0	1306	79000
1785963803	124k	3194	14772664	14769267	0	0	62875217	0	23854100	8225144	1177	0	1306	84000
1785963804	124k	3195	13004216	13000819	0	0	62903127	0	25628068	8225144	1177	0	1306	88000
1785963806	124k	3197	13020600	13017208	0	0	62923568	0	25618184	8225144	1177	0	1306	82000
1785963807	124k	3198	14798264	14794865	0	0	63372702	0	23830052	8225144	1177	0	1306	86000
1785963808	124k	3199	14798264	14794873	0	0	63372702	0	23830444	8225144	1177	0	1306	84000
1785963809	124k	3200	14798264	14794861	0	0	63372702	0	23830660	8225160	1181	0	1310	86000
1785963810	124k	3201	14798264	14794871	0	0	63372702	0	23829036	8225160	1181	0	1310	86000
1785963812	124k	3203	14798264	14794871	0	0	63372702	0	23828628	8225160	1181	0	1310	89000
1785963813	124k	3204	14798264	14794861	0	0	63372702	0	23828504	8225160	1181	0	1310	89000
1785963814	124k	3205	14798264	14794873	0	0	63372702	0	23830972	8225160	1181	0	1310	84000
1785963816	124k	3207	14798264	14794875	0	0	63372702	0	23830972	8225160	1181	0	1310	86000
1785963817	124k	3208	14798264	14794867	0	0	63372702	0	23830716	8225160	1181	0	1310	89000
1785963818	124k	3209	14798264	14794868	0	0	63372702	0	23829960	8225160	1181	0	1310	86000
1785963819	124k	3210	14798264	14794881	0	0	63372702	0	23829344	8225160	1181	0	1310	83000
1785963821	124k	3212	14798264	14794879	0	0	63372702	0	23828208	8225160	1181	0	1310	88000
1785963822	124k	3213	14798264	14794867	0	0	63372702	0	23827380	8225164	1182	0	1311	86000
1785963823	124k	3214	14798264	14794874	0	0	63372702	0	23816668	8225192	1189	0	1318	90000
1785963825	124k	3216	14798264	14794870	0	0	63372702	0	23815924	8225192	1189	0	1318	88000
1785963826	124k	3217	14798264	14794867	0	0	63372702	0	23817016	8225192	1189	0	1318	86000
1785963827	124k	3218	13021624	13018227	0	0	63400808	0	25602252	8225192	1189	0	1318	88000
1785963828	124k	3219	13021624	13018227	0	0	63400808	0	25601428	8225192	1189	0	1318	89000
1785963830	124k	3221	14823864	14820472	0	0	63877716	0	23809276	8225192	1189	0	1318	83000
1785963831	124k	3222	14823864	14820474	0	0	63877716	0	23812924	8225212	1193	0	1322	89000
1785963832	124k	3223	14823864	14820466	0	0	63877716	0	23813164	8225212	1193	0	1322	89000
1785963833	124k	3224	14823864	14820472	0	0	63877716	0	23813640	8225212	1193	0	1322	78000
1785963835	124k	3226	14823864	14820472	0	0	63877716	0	23805676	8225212	1193	0	1322	90000
1785963836	124k	3227	14823864	14820466	0	0	63877716	0	23804260	8225212	1193	0	1322	89000
1785963837	124k	3228	14823864	14820467	0	0	63877716	0	23802396	8225212	1193	0	1322	77000
1785963838	124k	3229	14823864	14820467	0	0	63877716	0	23801528	8225212	1193	0	1322	90000
1785963840	124k	3231	14823864	14820467	0	0	63877716	0	23795520	8225212	1193	0	1322	87000
1785963841	124k	3232	14823864	14820481	0	0	63877716	0	23783632	8225220	1195	0	1324	85000
1785963842	124k	3233	14823864	14820466	0	0	63877716	0	23786792	8225220	1195	0	1324	87000
1785963844	124k	3235	14823864	14820467	0	0	63877716	0	23788176	8225220	1195	0	1324	89000
1785963845	124k	3236	14823864	14820476	0	0	63877716	0	23788596	8225220	1195	0	1324	83000
1785963846	124k	3237	14823864	14820467	0	0	63877716	0	23790592	8225220	1195	0	1324	87000
1785963847	124k	3238	14823864	14820467	0	0	63877716	0	23791668	8225220	1195	0	1324	89000
1785963849	124k	3240	14823864	14820468	0	0	63877716	0	23797548	8225220	1195	0	1324	83000
1785963850	124k	3241	14823864	14820467	0	0	63877716	0	23799508	8225220	1195	0	1324	86000
1785963851	124k	3242	13039224	13035789	0	0	63905614	0	25587048	8225220	1195	0	1324	88000
1785963853	124k	3244	13055608	13052163	0	0	63926025	0	25577732	8225220	1195	0	1324	81000
1785963854	124k	3245	14849656	14846210	0	0	64386513	0	23778140	8225220	1195	0	1324	87000
1785963855	124k	3246	14849656	14846209	0	0	64386513	0	23778032	8225220	1195	0	1324	89000
1785963856	124k	3247	14849656	14846259	0	0	64386513	0	23777796	8225220	1195	0	1324	79000
1785963858	124k	3249	14849656	14846260	0	0	64386513	0	23779660	8225220	1195	0	1324	86000
1785963859	124k	3250	14849656	14846260	0	0	64386513	0	23780072	8225220	1195	0	1324	90000
1785963860	124k	3251	14849656	14846259	0	0	64386513	0	23780592	8225220	1195	0	1324	81000
1785963862	124k	3253	14849656	14846259	0	0	64386513	0	23778044	8225224	1196	0	1325	87000
1785963863	124k	3254	14849656	14846258	0	0	64386513	0	23770148	8225224	1196	0	1325	90000
1785963864	124k	3255	14849656	14846257	0	0	64386513	0	23779512	8225224	1196	0	1325	81000
1785963865	124k	3256	14849656	14846257	0	0	64386513	0	23778436	8225224	1196	0	1325	84000
1785963867	124k	3258	14849656	14846257	0	0	64386513	0	23777428	8225224	1196	0	1325	89000
1785963868	124k	3259	14849656	14846257	0	0	64386513	0	23777468	8225224	1196	0	1325	82000
1785963869	124k	3260	14849656	14846256	0	0	64386513	0	23777956	8225224	1196	0	1325	86000
1785963870	124k	3261	14849656	14846257	0	0	64386513	0	23777452	8225224	1196	0	1325	90000
1785963872	124k	3263	14849656	14846270	0	0	64386513	0	23777212	8225224	1196	0	1325	88000
1785963873	124k	3264	14849656	14846260	0	0	64386513	0	23777216	8225224	1196	0	1325	84000
1785963874	124k	3265	13056632	13053232	0	0	64414470	0	25572632	8225224	1196	0	1325	85000
1785963876	124k	3267	13056632	13053236	0	0	64414470	0	25571716	8225224	1196	0	1325	86000
1785963877	124k	3268	14875256	14871856	0	0	64892401	0	23734388	8225224	1196	0	1325	86000
1785963878	124k	3269	14875256	14871862	0	0	64892401	0	23734960	8225224	1196	0	1325	90000
1785963879	124k	3270	14875256	14871857	0	0	64892401	0	23735292	8225224	1196	0	1325	89000
1785963881	124k	3272	14875256	14871872	0	0	64892401	0	23737372	8225224	1196	0	1325	84000
1785963882	124k	3273	14875256	14871857	0	0	64892401	0	23737748	8225224	1196	0	1325	90000
1785963883	124k	3274	14875256	14871856	0	0	64892401	0	23737280	8225224	1196	0	1325	88000
1785963885	124k	3276	14875256	14871857	0	0	64892401	0	23737404	8225224	1196	0	1325	82000
1785963886	124k	3277	14875256	14871864	0	0	64892401	0	23737000	8225224	1196	0	1325	88000
1785963887	124k	3278	14875256	14871856	0	0	64892401	0	23737112	8225224	1196	0	1325	88000
1785963888	124k	3279	14875256	14871856	0	0	64892401	0	23736936	8225224	1196	0	1325	87000
1785963890	124k	3281	14875256	14871856	0	0	64892401	0	23736164	8225224	1196	0	1325	89000
1785963891	124k	3282	14875256	14871856	0	0	64892401	0	23736024	8225224	1196	0	1325	89000
1785963892	124k	3283	14875256	14871856	0	0	64892401	0	23736024	8225224	1196	0	1325	84000
1785963894	124k	3285	14875256	14871856	0	0	64892401	0	23736024	8225224	1196	0	1325	90000
1785963895	124k	3286	14875256	14871866	0	0	64892401	0	23736612	8225224	1196	0	1325	88000
1785963896	124k	3287	14875256	14871862	0	0	64892401	0	23736612	8225224	1196	0	1325	84000
1785963897	124k	3288	13753632	13054253	0	0	64892658	0	25545076	8225224	1196	0	1325	83000
1785963899	124k	3290	13074040	13070646	0	0	64920246	0	25535040	8225224	1196	0	1325	89000
1785963900	124k	3291	13090424	13087036	0	0	65340804	0	23958764	8225224	1196	0	1325	78000
1785963901	124k	3292	14900856	14897456	0	0	65403350	0	23731268	8225224	1196	0	1325	90000
1785963902	124k	3293	14900856	14897456	0	0	65403350	0	23731640	8225224	1196	0	1325	89000
1785963904	124k	3295	14900856	14897456	0	0	65403350	0	23732100	8225224	1196	0	1325	79000
1785963905	124k	3296	14900856	14897470	0	0	65403350	0	23732252	8225224	1196	0	1325	89000
1785963906	124k	3297	14900856	14897456	0	0	65403350	0	23732252	8225224	1196	0	1325	88000
1785963908	124k	3299	14900856	14897457	0	0	65403350	0	23732252	8225224	1196	0	1325	83000
1785963909	124k	3300	14900856	14897460	0	0	65403350	0	23731256	8225224	1196	0	1325	86000
1785963910	124k	3301	14900856	14897460	0	0	65403350	0	23731256	8225224	1196	0	1325	88000
1785963911	124k	3302	14900856	14897471	0	0	65403358	0	23732860	8225224	1196	0	1325	83000
1785963913	124k	3304	14900856	14897459	0	0	65403358	0	23732928	8225224	1196	0	1325	86000
1785963914	124k	3305	14900856	14897459	0	0	65403358	0	23732564	8225224	1196	0	1325	90000
1785963915	124k	3306	14900856	14897473	0	0	65403358	0	23731416	8225224	1196	0	1325	81000
1785963916	124k	3307	14900856	14897459	0	0	65403358	0	23731416	8225224	1196	0	1325	86000
1785963918	124k	3309	14900856	14897460	0	0	65403358	0	23730496	8225224	1196	0	1325	90000
1785963919	124k	3310	14900856	14897473	0	0	65403358	0	23730496	8225224	1196	0	1325	79000
1785963920	124k	3311	14900856	14897468	0	0	65403358	0	23730496	8225224	1196	0	1325	86000
1785963922	124k	3313	13091448	13088051	0	0	65431379	0	25536952	8225224	1196	0	1325	90000
1785963923	124k	3314	13091448	13088065	0	0	65453150	0	25528932	8225224	1196	0	1325	81000
1785963924	124k	3315	14926456	14923066	0	0	65915640	0	23699768	8225224	1196	0	1325	86000
1785963925	124k	3316	14926456	14923072	0	0	65915640	0	23698532	8225224	1196	0	1325	90000
1785963927	124k	3318	14926456	14923068	0	0	65915640	0	23698660	8225224	1196	0	1325	90000
1785963928	124k	3319	14926456	14923058	0	0	65915640	0	23698848	8225224	1196	0	1325	86000
1785963929	124k	3320	14926456	14923058	0	0	65915640	0	23698596	8225224	1196	0	1325	90000
1785963931	124k	3322	14926456	14923060	0	0	65915640	0	23698596	8225224	1196	0	1325	89000
1785963932	124k	3323	14926456	14923072	0	0	65915640	0	23698600	8225224	1196	0	1325	86000
1785963933	124k	3324	14926456	14923059	0	0	65915640	0	23698012	8225224	1196	0	1325	90000
1785963934	124k	3325	14926456	14923064	0	0	65915640	0	23697872	8225224	1196	0	1325	90000
1785963936	124k	3327	14926456	14923060	0	0	65915640	0	23697620	8225224	1196	0	1325	84000
1785963937	124k	3328	14926456	14923062	0	0	65915640	0	23697620	8225224	1196	0	1325	89000
1785963938	124k	3329	14926456	14923074	0	0	65915640	0	23697620	8225224	1196	0	1325	89000
1785963940	124k	3331	14926456	14923058	0	0	65915640	0	23697128	8225224	1196	0	1325	86000
1785963941	124k	3332	14926456	14923070	0	0	65915640	0	23696372	8225224	1196	0	1325	90000
1785963942	124k	3333	14926456	14923058	0	0	65915640	0	23696132	8225224	1196	0	1325	89000
1785963943	124k	3334	14926456	14923070	0	0	65915681	0	23693208	8225224	1196	0	1325	86000
1785963945	124k	3336	13109048	13105662	0	0	65943757	0	25523240	8225224	1196	0	1325	88000
1785963946	124k	3337	13109048	13105658	0	0	65943757	0	25522988	8225224	1196	0	1325	88000
1785963947	124k	3338	14952248	14948851	0	0	66426359	0	23659420	8225224	1196	0	1325	84000
1785963949	124k	3340	14952248	14948854	0	0	66426359	0	23660320	8225224	1196	0	1325	90000
1785963950	124k	3341	14952248	14948851	0	0	66426359	0	23660380	8225224	1196	0	1325	88000
1785963951	124k	3342	14952248	14948860	0	0	66426359	0	23661236	8225224	1196	0	1325	84000
1785963952	124k	3343	14952248	14948851	0	0	66426359	0	23661268	8225224	1196	0	1325	90000
1785963954	124k	3345	14952248	14948850	0	0	66426359	0	23663752	8225224	1196	0	1325	89000
1785963955	124k	3346	14952248	14948864	0	0	66426359	0	23663268	8225224	1196	0	1325	86000
1785963956	124k	3347	14952248	14948856	0	0	66426359	0	23664000	8225224	1196	0	1325	89000
1785963958	124k	3349	14952248	14948864	0	0	66426359	0	23664112	8225224	1196	0	1325	88000
1785963959	124k	3350	14952248	14948856	0	0	66426359	0	23664800	8225224	1196	0	1325	84000
1785963960	124k	3351	14952248	14948854	0	0	66426359	0	23664696	8225224	1196	0	1325	82000
1785963962	124k	3353	14952248	14948864	0	0	66426359	0	23664444	8225224	1196	0	1325	89000
1785963963	124k	3354	14952248	14948856	0	0	66426359	0	23664444	8225224	1196	0	1325	84000
1785963964	124k	3355	14952248	14948862	0	0	66426359	0	23664664	8225224	1196	0	1325	90000
1785963966	124k	3357	14952248	14948852	0	0	66426359	0	23664328	8225224	1196	0	1325	88000
1785963967	124k	3358	14952248	14948856	0	0	66426359	0	23664328	8225224	1196	0	1325	79000
1785963968	124k	3359	14952248	14948854	0	0	66426615	0	23776424	8225224	1196	0	1325	79000
1785963969	124k	3360	13126456	13123062	0	0	66454526	0	25500924	8225224	1196	0	1325	88000
1785963971	124k	3362	13142840	13139444	0	0	66476571	0	25496452	8225224	1196	0	1325	83000
1785963972	124k	3363	14977848	14974452	0	0	66941095	0	23637980	8225224	1196	0	1325	86000
1785963973	124k	3364	14977848	14974454	0	0	66941095	0	23638540	8225224	1196	0	1325	89000
1785963974	124k	3365	14977848	14974458	0	0	66941095	0	23638376	8225224	1196	0	1325	81000
1785963976	124k	3367	14977848	14974462	0	0	66941095	0	23639176	8225224	1196	0	1325	86000
1785963977	124k	3368	14977848	14974462	0	0	66941095	0	23639212	8225224	1196	0	1325	89000
1785963978	124k	3369	14977848	14974454	0	0	66941095	0	23639212	8225224	1196	0	1325	79000
1785963980	124k	3371	14977848	14974470	0	0	66941095	0	23638484	8225224	1196	0	1325	84000
1785963981	124k	3372	14977848	14974462	0	0	66941095	0	23637564	8225224	1196	0	1325	89000
1785963982	124k	3373	14977848	14974466	0	0	66941095	0	23637324	8225224	1196	0	1325	80000
1785963983	124k	3374	14977848	14974464	0	0	66941095	0	23637072	8225224	1196	0	1325	86000
1785963985	124k	3376	14977848	14974468	0	0	66941095	0	23635824	8225224	1196	0	1325	88000
1785963986	124k	3377	14977848	14974459	0	0	66941095	0	23635824	8225224	1196	0	1325	88000
1785963987	124k	3378	14977848	14974459	0	0	66941095	0	23635572	8225224	1196	0	1325	86000
1785963989	124k	3380	14977848	14974462	0	0	66941095	0	23635572	8225224	1196	0	1325	90000
1785963990	124k	3381	14977848	14974459	0	0	66941095	0	23635572	8225224	1196	0	1325	89000
1785963991	124k	3382	14977848	14974463	0	0	66941095	0	23635324	8225224	1196	0	1325	86000
1785963992	124k	3383	13143864	13140475	0	0	66969156	0	25478620	8225224	1196	0	1325	90000
1785963994	124k	3385	13143864	13140487	0	0	66969156	0	25478656	8225224	1196	0	1325	89000
1785963995	124k	3386	15003448	15000063	0	0	67458449	0	23635876	8225224	1196	0	1325	86000
1785963996	124k	3387	15003448	15000059	0	0	67458449	0	23635792	8225224	1196	0	1325	90000
1785963998	124k	3389	15003448	15000071	0	0	67458449	0	23635428	8225224	1196	0	1325	88000
1785963999	124k	3390	15003448	15000059	0	0	67458449	0	23635288	8225224	1196	0	1325	85000
1785964000	124k	3391	15003448	15000075	0	0	67458449	0	23635048	8225224	1196	0	1325	90000
1785964001	124k	3392	15003448	15000075	0	0	67458449	0	23634796	8225224	1196	0	1325	89000
1785964003	124k	3394	15003448	15000059	0	0	67458449	0	23634304	8225224	1196	0	1325	84000
1785964004	124k	3395	15003448	15000059	0	0	67458449	0	23634304	8225224	1196	0	1325	90000
1785964005	124k	3396	15003448	15000075	0	0	67458449	0	23634304	8225224	1196	0	1325	88000
1785964007	124k	3398	15003448	15000062	0	0	67458449	0	23634304	8225224	1196	0	1325	86000
1785964008	124k	3399	15003448	15000059	0	0	67458449	0	23635168	8225224	1196	0	1325	83000
1785964009	124k	3400	15003448	15000059	0	0	67458449	0	23634952	8225224	1196	0	1325	88000
1785964011	124k	3402	15003448	15000060	0	0	67458449	0	23634952	8225224	1196	0	1325	83000
1785964012	124k	3403	15003448	15000066	0	0	67458449	0	23634460	8225224	1196	0	1325	88000
1785964013	124k	3404	15003448	15000061	0	0	67458449	0	23634460	8225224	1196	0	1325	88000
1785964014	124k	3405	15003448	15000059	0	0	67458449	0	23633704	8225224	1196	0	1325	79000
1785964016	124k	3407	15003448	15000058	0	0	67458449	0	23633452	8225224	1196	0	1325	85000
1785964017	124k	3408	13161272	13157883	0	0	67486420	0	25481840	8225224	1196	0	1325	86000
1785964018	124k	3409	13177656	13174274	0	0	67508259	0	25469692	8225224	1196	0	1325	83000
1785964019	124k	3410	15029048	15025661	0	0	67983632	0	23615364	8225224	1196	0	1325	86000
1785964021	124k	3412	15029048	15025659	0	0	67983632	0	23614620	8225224	1196	0	1325	90000
1785964022	124k	3413	15029048	15025671	0	0	67983632	0	23614368	8225224	1196	0	1325	79000
1785964023	124k	3414	15029048	15025673	0	0	67983632	0	23614368	8225224	1196	0	1325	86000
1785964025	124k	3416	15029048	15025659	0	0	67983632	0	23614116	8225224	1196	0	1325	90000
1785964026	124k	3417	15029048	15025663	0	0	67983632	0	23613864	8225224	1196	0	1325	82000
1785964027	124k	3418	15029048	15025668	0	0	67983632	0	23613864	8225224	1196	0	1325	88000
1785964028	124k	3419	15029048	15025660	0	0	67983632	0	23613372	8225224	1196	0	1325	88000
1785964030	124k	3421	15029048	15025658	0	0	67983632	0	23613120	8225224	1196	0	1325	86000
1785964031	124k	3422	15029048	15025658	0	0	67983632	0	23613120	8225224	1196	0	1325	85000
1785964032	124k	3423	15029048	15025675	0	0	67983632	0	23612880	8225224	1196	0	1325	90000
1785964034	124k	3425	15029048	15025668	0	0	67983632	0	23612640	8225224	1196	0	1325	88000
1785964035	124k	3426	15029048	15025663	0	0	67983632	0	23612388	8225224	1196	0	1325	87000
1785964036	124k	3427	15029048	15025661	0	0	67983632	0	23611896	8225224	1196	0	1325	83000
1785964037	124k	3428	15029048	15025667	0	0	67983632	0	23611644	8225224	1196	0	1325	88000
1785964039	124k	3430	15029048	15025667	0	0	67983632	0	23611392	8225224	1196	0	1325	89000
1785964040	124k	3431	13178872	13175485	0	0	68011723	0	25450916	8225224	1196	0	1325	89000
1785964041	124k	3432	13178872	13175486	0	0	68011723	0	25449716	8225224	1196	0	1325	89000
1785964043	124k	3434	14872132	15013278	0	0	68496287	0	23523968	8225224	1196	0	1325	85000
1785964044	124k	3435	15054840	15051452	0	0	68496287	0	23524780	8225224	1196	0	1325	90000
1785964045	124k	3436	15054840	15051457	0	0	68496287	0	23526376	8225224	1196	0	1325	88000
1785964046	124k	3437	15054840	15051452	0	0	68496287	0	23529212	8225224	1196	0	1325	84000
1785964048	124k	3439	15054840	15051459	0	0	68496287	0	23532564	8225224	1196	0	1325	89000
1785964049	124k	3440	15054840	15051450	0	0	68496287	0	23533696	8225224	1196	0	1325	89000
1785964050	124k	3441	15054840	15051450	0	0	68496287	0	23535748	8225224	1196	0	1325	83000
1785964052	124k	3443	15054840	15051453	0	0	68496287	0	23536340	8225224	1196	0	1325	90000
1785964053	124k	3444	15054840	15051452	0	0	68496287	0	23536340	8225224	1196	0	1325	88000
1785964054	124k	3445	15054840	15051463	0	0	68496287	0	23536100	8225224	1196	0	1325	81000
1785964056	124k	3447	15054840	15051463	0	0	68496287	0	23535648	8225224	1196	0	1325	87000
1785964057	124k	3448	15054840	15051459	0	0	68496287	0	23535492	8225224	1196	0	1325	88000
1785964058	124k	3449	15054840	15051454	0	0	68496287	0	23535388	8225224	1196	0	1325	82000
1785964059	124k	3450	15054840	15051457	0	0	68496287	0	23535136	8225224	1196	0	1325	84000
1785964061	124k	3452	15054840	15051448	0	0	68496287	0	23534408	8225224	1196	0	1325	90000
1785964062	124k	3453	15054840	15051455	0	0	68496287	0	23534912	8225224	1196	0	1325	81000
1785964063	124k	3454	15054840	15051450	0	0	68496287	0	23534420	8225224	1196	0	1325	86000
1785964065	124k	3456	13196280	13192899	0	0	68524226	0	25404148	8225224	1196	0	1325	91000
1785964066	124k	3457	13196280	13192890	0	0	68545793	0	25395960	8225224	1196	0	1325	81000
1785964067	124k	3458	15080440	15077066	0	0	69016662	0	23532420	8225224	1196	0	1325	85000
1785964068	124k	3459	15080440	15077057	0	0	69016662	0	23532280	8225224	1196	0	1325	90000
1785964070	124k	3461	15080440	15077052	0	0	69016662	0	23532392	8225224	1196	0	1325	89000
1785964071	124k	3462	15080440	15077050	0	0	69016662	0	23533260	8225224	1196	0	1325	88000
1785964072	124k	3463	15080440	15077052	0	0	69016663	0	23534312	8225224	1196	0	1325	90000
1785964074	124k	3465	15080440	15077057	0	0	69016663	0	23534348	8225224	1196	0	1325	88000
1785964075	124k	3466	15080440	15077051	0	0	69016663	0	23535672	8225224	1196	0	1325	83000
1785964076	124k	3467	15080440	15077057	0	0	69016663	0	23535672	8225224	1196	0	1325	89000
1785964077	124k	3468	15080440	15077053	0	0	69016663	0	23536852	8225224	1196	0	1325	87000
1785964079	124k	3470	15080440	15077050	0	0	69016663	0	23537852	8225224	1196	0	1325	83000
1785964080	124k	3471	15080440	15077051	0	0	69016663	0	23537932	8225224	1196	0	1325	90000
1785964081	124k	3472	15080440	15077053	0	0	69016663	0	23539144	8225224	1196	0	1325	88000
1785964083	124k	3474	15080440	15077061	0	0	69016663	0	23539860	8225224	1196	0	1325	83000
1785964084	124k	3475	15080440	15077047	0	0	69016663	0	23539608	8225224	1196	0	1325	91000
1785964085	124k	3476	15080440	15077061	0	0	69016663	0	23540228	8225224	1196	0	1325	89000
1785964086	124k	3477	15080440	15077053	0	0	69016663	0	23539484	8225224	1196	0	1325	82000
1785964088	124k	3479	15080440	15077053	0	0	69016919	0	23649804	8225224	1196	0	1325	81000
1785964089	124k	3480	13213688	13210300	0	0	69044756	0	25415004	8225224	1196	0	1325	88000
1785964090	124k	3481	13230072	13226678	0	0	69064798	0	25404264	8225224	1196	0	1325	83000
1785964092	124k	3483	15106040	15102649	0	0	69538830	0	23512920	8225224	1196	0	1325	86000
1785964093	124k	3484	15106040	15102661	0	0	69538830	0	23512920	8225224	1196	0	1325	90000
1785964094	124k	3485	15106040	15102647	0	0	69538830	0	23512920	8225224	1196	0	1325	81000
1785964095	124k	3486	15106040	15102657	0	0	69538830	0	23512920	8225224	1196	0	1325	84000
1785964097	124k	3488	15106040	15102659	0	0	69538830	0	23512164	8225224	1196	0	1325	91000
1785964098	124k	3489	15106040	15102653	0	0	69538830	0	23512164	8225224	1196	0	1325	82000
1785964099	124k	3490	15106040	15102663	0	0	69538830	0	23512164	8225224	1196	0	1325	85000
1785964101	124k	3492	15106040	15102651	0	0	69538830	0	23512164	8225224	1196	0	1325	89000
1785964102	124k	3493	15106040	15102653	0	0	69538830	0	23511924	8225224	1196	0	1325	89000
1785964103	124k	3494	15106040	15102659	0	0	69538830	0	23511924	8225224	1196	0	1325	85000
1785964104	124k	3495	15106040	15102647	0	0	69538830	0	23514668	8225224	1196	0	1325	88000
1785964106	124k	3497	15106040	15102663	0	0	69538830	0	23514280	8225224	1196	0	1325	88000
1785964107	124k	3498	15106040	15102653	0	0	69538830	0	23514280	8225224	1196	0	1325	84000
1785964108	124k	3499	15106040	15102655	0	0	69538830	0	23514056	8225224	1196	0	1325	90000
1785964110	124k	3501	15106040	15102657	0	0	69538830	0	23513568	8225224	1196	0	1325	89000
1785964111	124k	3502	15106040	15102652	0	0	69538830	0	23513064	8225224	1196	0	1325	85000
1785964112	124k	3503	15106040	15102661	0	0	69539086	0	23627856	8225224	1196	0	1325	73000
1785964113	124k	3504	13231096	13227709	0	0	69566925	0	25394404	8225224	1196	0	1325	88000
1785964115	124k	3506	13247480	13244101	0	0	69588732	0	25383800	8225224	1196	0	1325	81000
1785964116	124k	3507	15131640	15128247	0	0	70064817	0	23501100	8225224	1196	0	1325	86000
1785964117	124k	3508	15131640	15128251	0	0	70064817	0	23500708	8225224	1196	0	1325	89000
1785964119	124k	3510	15131640	15128252	0	0	70064817	0	23500708	8225224	1196	0	1325	79000
1785964120	124k	3511	15131640	15128255	0	0	70064817	0	23500216	8225224	1196	0	1325	87000
1785964121	124k	3512	15131640	15128251	0	0	70064817	0	23500228	8225224	1196	0	1325	89000
1785964122	124k	3513	15131640	15128251	0	0	70064817	0	23499220	8225224	1196	0	1325	81000
1785964124	124k	3515	15131640	15128253	0	0	70064817	0	23499220	8225224	1196	0	1325	88000
1785964125	124k	3516	15131640	15128247	0	0	70064817	0	23499472	8225224	1196	0	1325	90000
1785964126	124k	3517	15131640	15128259	0	0	70064817	0	23499220	8225224	1196	0	1325	88000
1785964128	124k	3519	15131640	15128249	0	0	70064817	0	23499280	8225224	1196	0	1325	85000
1785964129	124k	3520	15131640	15128252	0	0	70064817	0	23499280	8225224	1196	0	1325	90000
1785964130	124k	3521	15131640	15128255	0	0	70064817	0	23499580	8225224	1196	0	1325	88000
1785964131	124k	3522	15131640	15128247	0	0	70064817	0	23499856	8225224	1196	0	1325	85000
1785964133	124k	3524	15131640	15128255	0	0	70064817	0	23499352	8225224	1196	0	1325	90000
1785964134	124k	3525	15131640	15128247	0	0	70064817	0	23499100	8225224	1196	0	1325	89000
1785964135	124k	3526	15131640	15128257	0	0	70064817	0	23498104	8225224	1196	0	1325	83000
1785964137	124k	3528	14323892	13228921	0	0	70065122	0	25394248	8225224	1196	0	1325	83000
1785964138	124k	3529	13248696	13245303	0	0	70092890	0	25389464	8225224	1196	0	1325	88000
1785964139	124k	3530	13265080	13261701	0	0	70184794	0	25041816	8225224	1196	0	1325	78000
1785964140	124k	3531	15157432	15154038	0	0	70590292	0	23452224	8225224	1196	0	1325	86000
1785964142	124k	3533	15157432	15154038	0	0	70590292	0	23455752	8225224	1196	0	1325	89000
1785964143	124k	3534	15157432	15154045	0	0	70590292	0	23456620	8225224	1196	0	1325	82000
1785964144	124k	3535	15157432	15154039	0	0	70590292	0	23456760	8225224	1196	0	1325	85000
1785964146	124k	3537	15157432	15154045	0	0	70590292	0	23456760	8225224	1196	0	1325	90000
1785964147	124k	3538	15157432	15154043	0	0	70590292	0	23456508	8225224	1196	0	1325	79000
1785964148	124k	3539	15157432	15154045	0	0	70590292	0	23456508	8225224	1196	0	1325	84000
1785964149	124k	3540	15157432	15154051	0	0	70590292	0	23456144	8225224	1196	0	1325	88000
1785964151	124k	3542	15157432	15154049	0	0	70590292	0	23456704	8225224	1196	0	1325	89000
1785964152	124k	3543	15157432	15154047	0	0	70590292	0	23456676	8225224	1196	0	1325	87000
1785964153	124k	3544	15157432	15154045	0	0	70590292	0	23456312	8225224	1196	0	1325	90000
1785964155	124k	3546	15157432	15154045	0	0	70590292	0	23456424	8225224	1196	0	1325	88000
1785964156	124k	3547	15157432	15154039	0	0	70590292	0	23456072	8225224	1196	0	1325	85000
1785964157	124k	3548	15157432	15154039	0	0	70590292	0	23456832	8225224	1196	0	1325	90000
1785964158	124k	3549	15157432	15154039	0	0	70590292	0	23458336	8225224	1196	0	1325	88000
1785964160	124k	3551	15157432	15154055	0	0	70590292	0	23458336	8225224	1196	0	1325	84000
1785964161	124k	3552	14926184	13246322	0	0	70590549	0	25372764	8225224	1196	0	1325	82000
1785964162	124k	3553	13266104	13262717	0	0	70618038	0	25365236	8225224	1196	0	1325	89000
1785964164	124k	3555	13282488	13279104	0	0	70725187	0	24979680	8225224	1196	0	1325	78000
1785964165	124k	3556	15183032	15179645	0	0	71123437	0	23456916	8225224	1196	0	1325	86000
1785964166	124k	3557	15183032	15179653	0	0	71123437	0	23456916	8225224	1196	0	1325	88000
1785964167	124k	3558	15183032	15179655	0	0	71123437	0	23456412	8225224	1196	0	1325	82000
1785964169	124k	3560	15183032	15179643	0	0	71123450	0	23457284	8225224	1196	0	1325	87000
1785964170	124k	3561	15183032	15179645	0	0	71123450	0	23456784	8225224	1196	0	1325	90000
1785964171	124k	3562	15183032	15179643	0	0	71123450	0	23456784	8225224	1196	0	1325	79000
1785964173	124k	3564	15183032	15179646	0	0	71123450	0	23457128	8225224	1196	0	1325	86000
1785964174	124k	3565	15183032	15179639	0	0	71123450	0	23456636	8225224	1196	0	1325	89000
1785964175	124k	3566	15183032	15179655	0	0	71123450	0	23456588	8225224	1196	0	1325	88000
1785964177	124k	3568	15183032	15179643	0	0	71123450	0	23456700	8225224	1196	0	1325	88000
1785964178	124k	3569	15183032	15179641	0	0	71123450	0	23456588	8225224	1196	0	1325	90000
1785964179	124k	3570	15183032	15179641	0	0	71123450	0	23456928	8225224	1196	0	1325	89000
1785964180	124k	3571	15183032	15179645	0	0	71123450	0	23456676	8225224	1196	0	1325	84000
1785964182	124k	3573	15183032	15179643	0	0	71123450	0	23456676	8225224	1196	0	1325	90000
1785964183	124k	3574	15183032	15179644	0	0	71123450	0	23456436	8225224	1196	0	1325	88000
1785964184	124k	3575	15183032	15179639	0	0	71123450	0	23456436	8225224	1196	0	1325	83000
1785964186	124k	3577	15184056	13263733	0	0	71123707	0	25376192	8225224	1196	0	1325	84000
1785964187	124k	3578	13283512	13280126	0	0	71151303	0	25366920	8225224	1196	0	1325	88000
1785964188	124k	3579	13299896	13296503	0	0	71267247	0	24915196	8225224	1196	0	1325	79000
1785964189	124k	3580	15208632	15205245	0	0	71653797	0	23419996	8225224	1196	0	1325	86000
1785964191	124k	3582	15208632	15205244	0	0	71653797	0	23419996	8225224	1196	0	1325	89000
1785964192	124k	3583	15208632	15205239	0	0	71653797	0	23419280	8225224	1196	0	1325	82000
1785964193	124k	3584	15208632	15205248	0	0	71653797	0	23418776	8225224	1196	0	1325	86000
1785964195	124k	3586	15208632	15205249	0	0	71653797	0	23417908	8225224	1196	0	1325	90000
1785964196	124k	3587	15208632	15205239	0	0	71653797	0	23417276	8225224	1196	0	1325	82000
1785964197	124k	3588	15208632	15205245	0	0	71653797	0	23417276	8225224	1196	0	1325	85000
1785964198	124k	3589	15208632	15205246	0	0	71653797	0	23417276	8225224	1196	0	1325	91000
1785964200	124k	3591	15208632	15205245	0	0	71653797	0	23417612	8225224	1196	0	1325	89000
1785964201	124k	3592	15208632	15205252	0	0	71653797	0	23413992	8225224	1196	0	1325	84000
1785964202	124k	3593	15208632	15205240	0	0	71653797	0	23414028	8225224	1196	0	1325	86000
1785964204	124k	3595	15208632	15205254	0	0	71653797	0	23414028	8225224	1196	0	1325	88000
1785964205	124k	3596	15208632	15205239	0	0	71653797	0	23414028	8225224	1196	0	1325	85000
1785964206	124k	3597	15208632	15205247	0	0	71653797	0	23413536	8225224	1196	0	1325	90000
1785964207	124k	3598	15208632	15205243	0	0	71653797	0	23413536	8225224	1196	0	1325	87000
1785964209	124k	3600	15208632	15205256	0	0	71653797	0	23413044	8225224	1196	0	1325	84000
1785964210	124k	3601	15208632	15205246	0	0	71654053	0	23572208	8225224	1196	0	1325	80000
1785964211	124k	3602	13300920	13297528	0	0	71681900	0	25329884	8225224	1196	0	1325	88000
1785964213	124k	3604	13317304	13313910	0	0	71703653	0	25320476	8225224	1196	0	1325	83000
1785964214	124k	3605	15234232	15230844	0	0	72184355	0	23383392	8225224	1196	0	1325	86000
1785964215	124k	3606	15234232	15230838	0	0	72184355	0	23383828	8225224	1196	0	1325	90000
1785964217	124k	3608	15234232	15230838	0	0	72184355	0	23383684	8225224	1196	0	1325	79000
1785964218	124k	3609	15234232	15230838	0	0	72184355	0	23383684	8225224	1196	0	1325	86000
1785964219	124k	3610	15234232	15230840	0	0	72184355	0	23383684	8225224	1196	0	1325	90000
1785964220	124k	3611	15234232	15230838	0	0	72184355	0	23383684	8225224	1196	0	1325	82000
1785964222	124k	3613	15234232	15230853	0	0	72184355	0	23384212	8225224	1196	0	1325	86000
1785964223	124k	3614	15234232	15230837	0	0	72184355	0	23383960	8225224	1196	0	1325	90000
1785964224	124k	3615	15234232	15230834	0	0	72184355	0	23383768	8225224	1196	0	1325	86000
1785964226	124k	3617	15234232	15230840	0	0	72184355	0	23384348	8225224	1196	0	1325	86000
1785964227	124k	3618	15234232	15230838	0	0	72184355	0	23383752	8225224	1196	0	1325	89000
1785964228	124k	3619	15234232	15230842	0	0	72184355	0	23383752	8225224	1196	0	1325	89000
1785964229	124k	3620	15234232	15230848	0	0	72184355	0	23383756	8225224	1196	0	1325	86000
1785964231	124k	3622	15234232	15230838	0	0	72184355	0	23383756	8225224	1196	0	1325	89000
1785964232	124k	3623	15234232	15230838	0	0	72184355	0	23383756	8225224	1196	0	1325	88000
1785964233	124k	3624	15234232	15230848	0	0	72184362	0	23381800	8225224	1196	0	1325	84000
1785964235	124k	3626	15234232	15230853	0	0	72184410	0	23381848	8225224	1196	0	1325	79000
1785964236	124k	3627	13318520	13315128	0	0	72212208	0	25307172	8225224	1196	0	1325	89000
1785964237	124k	3628	13334904	13331510	0	0	72232267	0	25292976	8225224	1196	0	1325	83000
1785964239	124k	3630	15260024	15256629	0	0	72725297	0	23377184	8225224	1196	0	1325	86000
1785964240	124k	3631	15260024	15256630	0	0	72725297	0	23376932	8225224	1196	0	1325	90000
1785964241	124k	3632	15260024	15256630	0	0	72725297	0	23376440	8225224	1196	0	1325	79000
1785964242	124k	3633	15260024	15256640	0	0	72725297	0	23377168	8225224	1196	0	1325	86000
1785964244	124k	3635	15260024	15256630	0	0	72725297	0	23378184	8225224	1196	0	1325	85000
1785964245	124k	3636	15260024	15256634	0	0	72725297	0	23378424	8225224	1196	0	1325	89000
1785964246	124k	3637	15260024	15256638	0	0	72725297	0	23377948	8225224	1196	0	1325	86000
1785964248	124k	3639	15260024	15256630	0	0	72725297	0	23377444	8225224	1196	0	1325	90000
1785964249	124k	3640	15260024	15256640	0	0	72725297	0	23378276	8225224	1196	0	1325	88000
1785964250	124k	3641	15260024	15256629	0	0	72725297	0	23377936	8225224	1196	0	1325	86000
1785964252	124k	3643	15260024	15256632	0	0	72725297	0	23378184	8225224	1196	0	1325	90000
1785964253	124k	3644	15260024	15256629	0	0	72725297	0	23378136	8225224	1196	0	1325	89000
1785964254	124k	3645	15260024	15256632	0	0	72725297	0	23378932	8225224	1196	0	1325	84000
1785964255	124k	3646	15260024	15256628	0	0	72725297	0	23378440	8225224	1196	0	1325	90000
1785964257	124k	3648	15260024	15256641	0	0	72725297	0	23378188	8225224	1196	0	1325	88000
1785964258	124k	3649	15260024	15256629	0	0	72725297	0	23377684	8225224	1196	0	1325	83000
1785964259	124k	3650	15260024	15256629	0	0	72725553	0	23521800	8225224	1196	0	1325	82000
1785964261	124k	3652	13335928	13332537	0	0	72753152	0	25306052	8225224	1196	0	1325	88000
1785964262	124k	3653	13352312	13348919	0	0	72774975	0	25294572	8225224	1196	0	1325	83000
1785964263	124k	3654	15285624	15282229	0	0	73258303	0	23316592	8225224	1196	0	1325	86000
1785964264	124k	3655	15285624	15282230	0	0	73258303	0	23318916	8225224	1196	0	1325	90000
1785964266	124k	3657	15285624	15282228	0	0	73258303	0	23324316	8225224	1196	0	1325	81000
1785964267	124k	3658	15285624	15282229	0	0	73258303	0	23324316	8225224	1196	0	1325	86000
1785964268	124k	3659	15285624	15282229	0	0	73258303	0	23324408	8225224	1196	0	1325	83000
1785964270	124k	3661	15285624	15282229	0	0	73258303	0	23324256	8225224	1196	0	1325	89000
1785964271	124k	3662	15285624	15282237	0	0	73258303	0	23325348	8225224	1196	0	1325	85000
1785964272	124k	3663	15285624	15282231	0	0	73258303	0	23324844	8225224	1196	0	1325	90000
1785964273	124k	3664	15285624	15282233	0	0	73258303	0	23324592	8225224	1196	0	1325	89000
1785964275	124k	3666	15285624	15282245	0	0	73258303	0	23324504	8225224	1196	0	1325	85000
1785964276	124k	3667	15285624	15282241	0	0	73258303	0	23324252	8225224	1196	0	1325	89000
1785964277	124k	3668	15285624	15282233	0	0	73258303	0	23324012	8225224	1196	0	1325	88000
1785964279	124k	3670	15285624	15282229	0	0	73258303	0	23324060	8225224	1196	0	1325	83000
1785964280	124k	3671	15285624	15282230	0	0	73258303	0	23324096	8225224	1196	0	1325	90000
1785964281	124k	3672	15285624	15282228	0	0	73258303	0	23325820	8225224	1196	0	1325	88000
1785964283	124k	3674	15285624	15282239	0	0	73258303	0	23325064	8225224	1196	0	1325	83000
1785964284	124k	3675	15285624	15282228	0	0	73258303	0	23324812	8225224	1196	0	1325	86000
1785964285	124k	3676	13353336	13349938	0	0	73286354	0	25269612	8225224	1196	0	1325	88000
1785964286	124k	3677	13369720	13366338	0	0	73306425	0	25264744	8225224	1196	0	1325	81000
1785964288	124k	3679	15311224	15307826	0	0	73797036	0	23327968	8225224	1196	0	1325	85000
1785964289	124k	3680	15311224	15307836	0	0	73797036	0	23328336	8225224	1196	0	1325	83000
1785964290	124k	3681	15311224	15307826	0	0	73797036	0	23328572	8225224	1196	0	1325	88000
1785964292	124k	3683	15311224	15307825	0	0	73797036	0	23328068	8225224	1196	0	1325	85000
1785964293	124k	3684	15311224	15307828	0	0	73797036	0	23328176	8225224	1196	0	1325	90000
1785964294	124k	3685	15311224	15307842	0	0	73797036	0	23327672	8225224	1196	0	1325	89000
1785964296	124k	3687	15311224	15307830	0	0	73797036	0	23327672	8225224	1196	0	1325	85000
1785964297	124k	3688	15311224	15307832	0	0	73797036	0	23327432	8225224	1196	0	1325	90000
1785964298	124k	3689	15311224	15307826	0	0	73797036	0	23327220	8225224	1196	0	1325	89000
1785964299	124k	3690	15311224	15307836	0	0	73797036	0	23327220	8225224	1196	0	1325	84000
1785964301	124k	3692	15311224	15307832	0	0	73797036	0	23327220	8225224	1196	0	1325	90000
1785964302	124k	3693	15311224	15307825	0	0	73797036	0	23326968	8225224	1196	0	1325	90000
1785964303	124k	3694	15311224	15307834	0	0	73797036	0	23326968	8225224	1196	0	1325	77000
1785964305	124k	3696	15311224	15307836	0	0	73797036	0	23327220	8225224	1196	0	1325	86000
1785964306	124k	3697	15311224	15307828	0	0	73797036	0	23326968	8225224	1196	0	1325	89000
1785964307	124k	3698	15311224	15307828	0	0	73797036	0	23326968	8225224	1196	0	1325	81000
1785964309	124k	3700	15311224	15307834	0	0	73797036	0	23326968	8225224	1196	0	1325	87000
1785964310	124k	3701	13370744	13367360	0	0	73824973	0	25277012	8225224	1196	0	1325	90000
1785964311	124k	3702	13370744	13367347	0	0	73846358	0	25263200	8225224	1196	0	1325	79000
1785964312	124k	3703	15336824	15333428	0	0	74339661	0	23285656	8225224	1196	0	1325	86000
1785964314	124k	3705	15336824	15333440	0	0	74339661	0	23284148	8225224	1196	0	1325	90000
1785964315	124k	3706	15336824	15333444	0	0	74339661	0	23278496	8225228	1197	0	1326	89000
1785964316	124k	3707	15336824	15333427	0	0	74339661	0	23279124	8225228	1197	0	1326	86000
1785964318	124k	3709	15336824	15333434	0	0	74339661	0	23278732	8225228	1197	0	1326	90000
1785964319	124k	3710	15336824	15333427	0	0	74339661	0	23279960	8225228	1197	0	1326	90000
1785964320	124k	3711	15336824	15333444	0	0	74339661	0	23282804	8225228	1197	0	1326	84000
1785964321	124k	3712	15336824	15333442	0	0	74339661	0	23283860	8225228	1197	0	1326	92000
1785964323	124k	3714	15336824	15333434	0	0	74339661	0	23283272	8225228	1197	0	1326	90000
1785964324	124k	3715	15336824	15333427	0	0	74339661	0	23281700	8225228	1197	0	1326	83000
1785964325	124k	3716	15336824	15333440	0	0	74339661	0	23280900	8225228	1197	0	1326	87000
1785964327	124k	3718	15336824	15333442	0	0	74339661	0	23280876	8225228	1197	0	1326	90000
1785964328	124k	3719	15336824	15333428	0	0	74339661	0	23279104	8225228	1197	0	1327	79000
1785964329	124k	3720	15336824	15333429	0	0	74339661	0	23274092	8225232	1198	0	1328	87000
1785964330	124k	3721	15336824	15333434	0	0	74339661	0	23257104	8225236	1199	0	1329	90000
1785964332	124k	3723	15336824	15333429	0	0	74339661	0	23261356	8225236	1199	0	1329	88000
1785964333	124k	3724	15336824	15333429	0	0	74339661	0	23260348	8225236	1199	0	1329	86000
1785964334	124k	3725	13371772	13368376	0	0	74367697	0	25217700	8225236	1199	0	1329	90000
1785964335	124k	3726	13388152	13384764	0	0	74367697	0	25217316	8225236	1199	0	1329	88000
1785964337	124k	3728	13404536	13401142	0	0	74873754	0	23246360	8225236	1199	0	1329	82000
1785964338	124k	3729	15362424	15359027	0	0	74881333	0	23216732	8225236	1199	0	1329	86000
1785964339	124k	3730	15362424	15359032	0	0	74881333	0	23207412	8225236	1199	0	1329	88000
1785964341	124k	3732	15362424	15359036	0	0	74881333	0	23206908	8225236	1199	0	1329	81000
1785964342	124k	3733	15362424	15359030	0	0	74881333	0	23206908	8225236	1199	0	1329	84000
1785964343	124k	3734	15362424	15359040	0	0	74881333	0	23206908	8225236	1199	0	1329	86000
1785964344	124k	3735	15362424	15359028	0	0	74881333	0	23207812	8225236	1199	0	1329	88000
1785964346	124k	3737	15362424	15359036	0	0	74881333	0	23211456	8225236	1199	0	1329	84000
1785964347	124k	3738	15362424	15359026	0	0	74881333	0	23214256	8225236	1199	0	1329	90000
1785964348	124k	3739	15362424	15359024	0	0	74881333	0	23215684	8225236	1199	0	1329	88000
1785964350	124k	3741	15362424	15359024	0	0	74881333	0	23216192	8225236	1199	0	1329	86000
1785964351	124k	3742	15362424	15359032	0	0	74881333	0	23215916	8225236	1199	0	1329	90000
1785964352	124k	3743	15362424	15359024	0	0	74881333	0	23215776	8225236	1199	0	1329	88000
1785964353	124k	3744	15362424	15359024	0	0	74881333	0	23215776	8225236	1199	0	1329	80000
1785964355	124k	3746	15362424	15359040	0	0	74881333	0	23214412	8225236	1199	0	1329	90000
1785964356	124k	3747	15362424	15359023	0	0	74881333	0	23213756	8225236	1199	0	1329	88000
1785964357	124k	3748	15362424	15359026	0	0	74881333	0	23214032	8225236	1199	0	1329	82000
1785964359	124k	3750	15362424	15359038	0	0	74881333	0	23214032	8225236	1199	0	1329	86000
1785964360	124k	3751	15362424	15359024	0	0	74881333	0	23214284	8225236	1199	0	1329	87000
1785964361	124k	3752	15362424	15359025	0	0	74881333	0	23214284	8225236	1199	0	1329	84000
1785964363	124k	3754	15362424	15359034	0	0	74881333	0	23214392	8225236	1199	0	1329	86000
1785964364	124k	3755	15362424	15359026	0	0	74881333	0	23238580	8225236	1199	0	1329	89000
1785964365	124k	3756	13406764	13403364	0	0	74909590	0	25205744	8225236	1199	0	1329	89000
1785964366	124k	3757	13406764	13403366	0	0	74909590	0	25207968	8225236	1199	0	1329	89000
1785964368	124k	3759	15401516	15398128	0	0	75440079	0	23228976	8225236	1199	0	1329	84000
1785964369	124k	3760	15401516	15398122	0	0	75440079	0	23228948	8225236	1199	0	1329	89000
1785964370	124k	3761	15401516	15398114	0	0	75440079	0	23226944	8225236	1199	0	1329	88000
1785964371	124k	3762	15401516	15398115	0	0	75440079	0	23226944	8225236	1199	0	1329	80000
1785964373	124k	3764	15401516	15398114	0	0	75440079	0	23227936	8225236	1199	0	1329	90000
1785964374	124k	3765	15401516	15398129	0	0	75440079	0	23228528	8225236	1199	0	1329	88000
1785964375	124k	3766	15401516	15398119	0	0	75440079	0	23229036	8225236	1199	0	1329	82000
1785964377	124k	3768	15401516	15398121	0	0	75440079	0	23229424	8225236	1199	0	1329	85000
1785964378	124k	3769	15401516	15398115	0	0	75440079	0	23222380	8225236	1199	0	1329	90000
1785964379	124k	3770	15401516	15398121	0	0	75440079	0	23222384	8225236	1199	0	1329	81000
1785964381	124k	3772	15401516	15398117	0	0	75440079	0	23222384	8225236	1199	0	1329	86000
1785964382	124k	3773	15401516	15398119	0	0	75440079	0	23222380	8225236	1199	0	1329	89000
1785964383	124k	3774	15401516	15398133	0	0	75440079	0	23222156	8225236	1199	0	1329	86000
1785964384	124k	3775	15401516	15398119	0	0	75440079	0	23222156	8225236	1199	0	1329	84000
1785964386	124k	3777	15401516	15398117	0	0	75440079	0	23221656	8225236	1199	0	1329	90000
1785964387	124k	3778	15401516	15398122	0	0	75440079	0	23221992	8225236	1199	0	1329	88000
1785964388	124k	3779	15401516	15398128	0	0	75440079	0	23221992	8225236	1199	0	1329	84000
1785964390	124k	3781	15401516	15398122	0	0	75443470	0	23202144	8225236	1199	0	1329	80000
1785964391	124k-after	3782	15421892	15418609	0	0	75445173	0	23197936	8225236	1199	0	1329	67000
