{
  "fingerprints": [
    "b10190-2790768bf"
  ],
  "models": [
    "qwen36-35b-a3b-q4km-mtp"
  ],
  "mean_prompt_tps": 12.915884200536874,
  "mean_gen_tps": 10.168342400141775,
  "min_gen_tps": 10.063880481355403,
  "max_gen_tps": 10.200641843510997,
  "draft": 245,
  "accepted": 230,
  "acceptance_pct": 93.87755102040816,
  "http_codes": 5
}
