0.00.269.652 I cmn  common_param: common_params_print_info: verbosity = 3 (adjust with the `-lv N` CLI arg)
0.00.269.932 I srv          init: The UI is disabled
0.00.269.934 I srv          init: Use --ui/--no-ui (or deprecated --webui/--no-webui) to enable/disable
0.00.270.081 W srv  llama_server: -----------------
0.00.270.082 W srv  llama_server: CORS is set to allow all origins ('*') and no API key is set
0.00.270.082 W srv  llama_server: this can be a security risk (cross-origin attacks)
0.00.270.082 W srv  llama_server: more info: https://github.com/ggml-org/llama.cpp/pull/25655
0.00.270.083 W srv  llama_server: -----------------
0.00.271.455 I srv    load_model: loading model '/var/home/agent/workspace/projects/models/gemma-4-e4b-qat-mtp/gemma-4-E4B_q4_0-it.gguf'
0.00.821.056 E llama_init_from_model: failed to initialize the context: Gemma4Assistant requires ctx_other to be set (this warning is normal during memory fitting)
0.00.934.049 W srv    load_model: [spec] failed to measure draft model memory: failed to create llama_context from model
[SYCL] call ggml_check_sycl
[SYCL] call ggml_backend_sycl_print_sycl_devices
[SYCL] call ggml_backend_sycl_host_buffer_type
[SYCL] call ggml_backend_sycl_host_buffer_type
[SYCL] call ggml_backend_sycl_device_supports_op op->op=RMS_NORM op->type=f32 -> true
[SYCL] call ggml_backend_sycl_device_supports_op op->op=RMS_NORM op->type=f32 -> true
[SYCL] call ggml_backend_sycl_device_supports_op op->op=RMS_NORM op->type=f32 -> true
[SYCL] call ggml_backend_sycl_device_supports_op op->op=RMS_NORM op->type=f32 -> true
[SYCL] call ggml_backend_sycl_device_supports_op op->op=RMS_NORM op->type=f32 -> true
[SYCL] call ggml_backend_sycl_device_supports_op op->op=RMS_NORM op->type=f32 -> true
[SYCL] call ggml_backend_sycl_device_supports_op op->op=RMS_NORM op->type=f32 -> true
[SYCL] call ggml_backend_sycl_device_supports_op op->op=RMS_NORM op->type=f32 -> true
[SYCL] call ggml_backend_sycl_device_supports_op op->op=RMS_NORM op->type=f32 -> true
[SYCL] call ggml_backend_sycl_device_supports_op op->op=RMS_NORM op->type=f32 -> true
[SYCL] call ggml_backend_sycl_device_supports_op op->op=RMS_NORM op->type=f32 -> true
[SYCL] call ggml_backend_sycl_device_supports_op op->op=RMS_NORM op->type=f32 -> true
[SYCL] call ggml_backend_sycl_device_supports_op op->op=RMS_NORM op->type=f32 -> true
[SYCL] call ggml_backend_sycl_device_supports_op op->op=RMS_NORM op->type=f32 -> true
[SYCL] call ggml_backend_sycl_device_supports_op op->op=RMS_NORM op->type=f32 -> true
[SYCL] call ggml_backend_sycl_device_supports_op op->op=RMS_NORM op->type=f32 -> true
[SYCL] call ggml_backend_sycl_device_supports_op op->op=RMS_NORM op->type=f32 -> true
[SYCL] call ggml_backend_sycl_device_supports_op op->op=RMS_NORM op->type=f32 -> true
[SYCL] call ggml_backend_sycl_device_supports_op op->op=RMS_NORM op->type=f32 -> true
[SYCL] call ggml_backend_sycl_device_supports_op op->op=RMS_NORM op->type=f32 -> true
[SYCL] call ggml_backend_sycl_device_supports_op op->op=RMS_NORM op->type=f32 -> true
[SYCL] call ggml_backend_sycl_device_supports_op op->op=RMS_NORM op->type=f32 -> true
[SYCL] call ggml_backend_sycl_device_supports_op op->op=RMS_NORM op->type=f32 -> true
[SYCL] call ggml_backend_sycl_device_supports_op op->op=RMS_NORM op->type=f32 -> true
[SYCL] call ggml_backend_sycl_device_supports_op op->op=RMS_NORM op->type=f32 -> true
[SYCL] call ggml_backend_sycl_device_supports_op op->op=RMS_NORM op->type=f32 -> true
[SYCL] call ggml_backend_sycl_device_supports_op op->op=RMS_NORM op->type=f32 -> true
[SYCL] call ggml_backend_sycl_device_supports_op op->op=RMS_NORM op->type=f32 -> true
[SYCL] call ggml_backend_sycl_device_supports_op op->op=RMS_NORM op->type=f32 -> true
[SYCL] call ggml_backend_sycl_device_supports_op op->op=RMS_NORM op->type=f32 -> true
[SYCL] call ggml_backend_sycl_device_supports_op op->op=RMS_NORM op->type=f32 -> true
[SYCL] call ggml_backend_sycl_device_supports_op op->op=RMS_NORM op->type=f32 -> true
[SYCL] call ggml_backend_sycl_device_supports_op op->op=RMS_NORM op->type=f32 -> true
[SYCL] call ggml_backend_sycl_device_supports_op op->op=RMS_NORM op->type=f32 -> true
[SYCL] call ggml_backend_sycl_device_supports_op op->op=RMS_NORM op->type=f32 -> true
[SYCL] call ggml_backend_sycl_device_supports_op op->op=RMS_NORM op->type=f32 -> true
[SYCL] call ggml_backend_sycl_device_supports_op op->op=RMS_NORM op->type=f32 -> true
[SYCL] call ggml_backend_sycl_device_supports_op op->op=RMS_NORM op->type=f32 -> true
[SYCL] call ggml_backend_sycl_device_supports_op op->op=RMS_NORM op->type=f32 -> true
[SYCL] call ggml_backend_sycl_device_supports_op op->op=RMS_NORM op->type=f32 -> true
[SYCL] call ggml_backend_sycl_device_supports_op op->op=RMS_NORM op->type=f32 -> true
[SYCL] call ggml_backend_sycl_device_supports_op op->op=RMS_NORM op->type=f32 -> true
[SYCL] call ggml_backend_sycl_device_supports_op op->op=RMS_NORM op->type=f32 -> true
[SYCL] call ggml_backend_sycl_device_supports_op op->op=RMS_NORM op->type=f32 -> true
[SYCL] call ggml_backend_sycl_device_supports_op op->op=RMS_NORM op->type=f32 -> true
[SYCL] call ggml_backend_sycl_device_supports_op op->op=RMS_NORM op->type=f32 -> true
[SYCL] call ggml_backend_sycl_device_supports_op op->op=RMS_NORM op->type=f32 -> true
[SYCL] call ggml_backend_sycl_device_supports_op op->op=RMS_NORM op->type=f32 -> true
[SYCL] call ggml_backend_sycl_device_supports_op op->op=RMS_NORM op->type=f32 -> true
[SYCL] call ggml_backend_sycl_device_supports_op op->op=RMS_NORM op->type=f32 -> true
[SYCL] call ggml_backend_sycl_device_supports_op op->op=RMS_NORM op->type=f32 -> true
[SYCL] call ggml_backend_sycl_device_supports_op op->op=RMS_NORM op->type=f32 -> true
[SYCL] call ggml_backend_sycl_device_supports_op op->op=RMS_NORM op->type=f32 -> true
[SYCL] call ggml_backend_sycl_device_supports_op op->op=RMS_NORM op->type=f32 -> true
[SYCL] call ggml_backend_sycl_device_supports_op op->op=RMS_NORM op->type=f32 -> true
[SYCL] call ggml_backend_sycl_device_supports_op op->op=RMS_NORM op->type=f32 -> true
[SYCL] call ggml_backend_sycl_device_supports_op op->op=RMS_NORM op->type=f32 -> true
[SYCL] call ggml_backend_sycl_device_supports_op op->op=RMS_NORM op->type=f32 -> true
[SYCL] call ggml_backend_sycl_device_supports_op op->op=RMS_NORM op->type=f32 -> true
[SYCL] call ggml_backend_sycl_device_supports_op op->op=RMS_NORM op->type=f32 -> true
[SYCL] call ggml_backend_sycl_device_supports_op op->op=RMS_NORM op->type=f32 -> true
[SYCL] call ggml_backend_sycl_device_supports_op op->op=RMS_NORM op->type=f32 -> true
[SYCL] call ggml_backend_sycl_device_supports_op op->op=RMS_NORM op->type=f32 -> true
[SYCL] call ggml_backend_sycl_device_supports_op op->op=RMS_NORM op->type=f32 -> true
[SYCL] call ggml_backend_sycl_device_supports_op op->op=RMS_NORM op->type=f32 -> true
[SYCL] call ggml_backend_sycl_device_supports_op op->op=RMS_NORM op->type=f32 -> true
[SYCL] call ggml_backend_sycl_device_supports_op op->op=RMS_NORM op->type=f32 -> true
[SYCL] call ggml_backend_sycl_device_supports_op op->op=RMS_NORM op->type=f32 -> true
[SYCL] call ggml_backend_sycl_device_supports_op op->op=RMS_NORM op->type=f32 -> true
[SYCL] call ggml_backend_sycl_device_supports_op op->op=RMS_NORM op->type=f32 -> true
[SYCL] call ggml_backend_sycl_device_supports_op op->op=RMS_NORM op->type=f32 -> true
[SYCL] call ggml_backend_sycl_device_supports_op op->op=RMS_NORM op->type=f32 -> true
[SYCL] call ggml_backend_sycl_device_supports_op op->op=RMS_NORM op->type=f32 -> true
[SYCL] call ggml_backend_sycl_device_supports_op op->op=RMS_NORM op->type=f32 -> true
[SYCL] call ggml_backend_sycl_device_supports_op op->op=RMS_NORM op->type=f32 -> true
[SYCL] call ggml_backend_sycl_device_supports_op op->op=NONE op->type=q4_0 -> true
[SYCL] call ggml_backend_sycl_device_supports_op op->op=NONE op->type=f32 -> true
[SYCL] call ggml_backend_sycl_device_supports_op op->op=NONE op->type=f32 -> true
[SYCL] call ggml_backend_sycl_device_supports_op op->op=NONE op->type=q4_0 -> true
[SYCL] call ggml_backend_sycl_device_supports_op op->op=NONE op->type=q4_0 -> true
[SYCL] call ggml_backend_sycl_device_supports_op op->op=NONE op->type=q4_0 -> true
[SYCL] call ggml_backend_sycl_device_supports_op op->op=NONE op->type=q4_0 -> true
[SYCL] call ggml_backend_sycl_device_supports_op op->op=NONE op->type=f32 -> true
[SYCL] call ggml_backend_sycl_device_supports_op op->op=NONE op->type=f32 -> true
[SYCL] call ggml_backend_sycl_device_supports_op op->op=NONE op->type=q4_0 -> true
[SYCL] call ggml_backend_sycl_device_supports_op op->op=NONE op->type=f32 -> true
[SYCL] call ggml_backend_sycl_device_supports_op op->op=NONE op->type=q4_0 -> true
[SYCL] call ggml_backend_sycl_device_supports_op op->op=NONE op->type=q4_0 -> true
[SYCL] call ggml_backend_sycl_device_supports_op op->op=NONE op->type=f32 -> true
[SYCL] call ggml_backend_sycl_device_supports_op op->op=NONE op->type=f32 -> true
[SYCL] call ggml_backend_sycl_device_supports_op op->op=NONE op->type=f32 -> true
[SYCL] call ggml_backend_sycl_device_supports_op op->op=NONE op->type=f32 -> true
[SYCL] call ggml_backend_sycl_device_supports_op op->op=NONE op->type=q4_0 -> true
[SYCL] call ggml_backend_sycl_device_supports_op op->op=NONE op->type=q4_0 -> true
[SYCL] call ggml_backend_sycl_device_supports_op op->op=NONE op->type=q4_0 -> true
[SYCL] call ggml_backend_sycl_device_supports_op op->op=NONE op->type=q4_0 -> true
[SYCL] call ggml_backend_sycl_device_supports_op op->op=NONE op->type=f32 -> true
[SYCL] call ggml_backend_sycl_device_supports_op op->op=NONE op->type=f32 -> true
[SYCL] call ggml_backend_sycl_device_supports_op op->op=NONE op->type=q4_0 -> true
[SYCL] call ggml_backend_sycl_device_supports_op op->op=NONE op->type=f32 -> true
[SYCL] call ggml_backend_sycl_device_supports_op op->op=NONE op->type=q4_0 -> true
[SYCL] call ggml_backend_sycl_device_supports_op op->op=NONE op->type=q4_0 -> true
[SYCL] call ggml_backend_sycl_device_supports_op op->op=NONE op->type=f32 -> true
[SYCL] call ggml_backend_sycl_device_supports_op op->op=NONE op->type=f32 -> true
[SYCL] call ggml_backend_sycl_device_supports_op op->op=NONE op->type=f32 -> true
[SYCL] call ggml_backend_sycl_device_supports_op op->op=NONE op->type=f32 -> true
[SYCL] call ggml_backend_sycl_device_supports_op op->op=NONE op->type=f32 -> true
[SYCL] call ggml_backend_sycl_device_supports_op op->op=NONE op->type=q4_0 -> true
[SYCL] call ggml_backend_sycl_device_supports_op op->op=NONE op->type=q4_0 -> true
[SYCL] call ggml_backend_sycl_device_supports_op op->op=NONE op->type=q4_0 -> true
[SYCL] call ggml_backend_sycl_device_supports_op op->op=NONE op->type=q4_0 -> true
[SYCL] call ggml_backend_sycl_device_supports_op op->op=NONE op->type=f32 -> true
[SYCL] call ggml_backend_sycl_device_supports_op op->op=NONE op->type=f32 -> true
[SYCL] call ggml_backend_sycl_device_supports_op op->op=NONE op->type=q4_0 -> true
[SYCL] call ggml_backend_sycl_device_supports_op op->op=NONE op->type=f32 -> true
[SYCL] call ggml_backend_sycl_device_supports_op op->op=NONE op->type=q4_0 -> true
[SYCL] call ggml_backend_sycl_device_supports_op op->op=NONE op->type=q4_0 -> true
[SYCL] call ggml_backend_sycl_device_supports_op op->op=NONE op->type=f32 -> true
[SYCL] call ggml_backend_sycl_device_supports_op op->op=NONE op->type=f32 -> true
[SYCL] call ggml_backend_sycl_device_supports_op op->op=NONE op->type=f32 -> true
[SYCL] call ggml_backend_sycl_device_supports_op op->op=NONE op->type=f32 -> true
[SYCL] call ggml_backend_sycl_device_supports_op op->op=NONE op->type=q4_0 -> true
[SYCL] call ggml_backend_sycl_device_supports_op op->op=NONE op->type=q4_0 -> true
[SYCL] call ggml_backend_sycl_device_supports_op op->op=NONE op->type=q4_0 -> true
[SYCL] call ggml_backend_sycl_device_supports_op op->op=NONE op->type=q4_0 -> true
[SYCL] call ggml_backend_sycl_device_supports_op op->op=NONE op->type=f32 -> true
[SYCL] call ggml_backend_sycl_device_supports_op op->op=NONE op->type=f32 -> true
[SYCL] call ggml_backend_sycl_device_supports_op op->op=NONE op->type=q4_0 -> true
[SYCL] call ggml_backend_sycl_device_supports_op op->op=NONE op->type=f32 -> true
[SYCL] call ggml_backend_sycl_device_supports_op op->op=NONE op->type=q4_0 -> true
[SYCL] call ggml_backend_sycl_device_supports_op op->op=NONE op->type=q4_0 -> true
[SYCL] call ggml_backend_sycl_device_supports_op op->op=NONE op->type=f32 -> true
[SYCL] call ggml_backend_sycl_device_supports_op op->op=NONE op->type=f32 -> true
[SYCL] call ggml_backend_sycl_device_supports_op op->op=NONE op->type=f32 -> true
[SYCL] call ggml_backend_sycl_device_supports_op op->op=NONE op->type=f32 -> true
[SYCL] call ggml_backend_sycl_device_supports_op op->op=NONE op->type=q4_0 -> true
[SYCL] call ggml_backend_sycl_device_supports_op op->op=NONE op->type=q4_0 -> true
[SYCL] call ggml_backend_sycl_device_supports_op op->op=NONE op->type=q4_0 -> true
[SYCL] call ggml_backend_sycl_device_supports_op op->op=NONE op->type=q4_0 -> true
[SYCL] call ggml_backend_sycl_device_supports_op op->op=NONE op->type=f32 -> true
[SYCL] call ggml_backend_sycl_device_supports_op op->op=NONE op->type=f32 -> true
[SYCL] call ggml_backend_sycl_device_supports_op op->op=NONE op->type=q4_0 -> true
[SYCL] call ggml_backend_sycl_device_supports_op op->op=NONE op->type=f32 -> true
[SYCL] call ggml_backend_sycl_device_supports_op op->op=NONE op->type=q4_0 -> true
[SYCL] call ggml_backend_sycl_device_supports_op op->op=NONE op->type=q4_0 -> true
[SYCL] call ggml_backend_sycl_device_supports_op op->op=NONE op->type=f32 -> true
[SYCL] call ggml_backend_sycl_device_supports_op op->op=NONE op->type=f32 -> true
[SYCL] call ggml_backend_sycl_device_supports_op op->op=NONE op->type=f32 -> true
[SYCL] call ggml_backend_sycl_device_supports_op op->op=NONE op->type=f32 -> true
[SYCL] call ggml_backend_sycl_device_supports_op op->op=NONE op->type=q4_0 -> true
[SYCL] call ggml_backend_sycl_device_supports_op op->op=NONE op->type=q4_0 -> true
[SYCL] call ggml_backend_sycl_device_supports_op op->op=NONE op->type=q4_0 -> true
[SYCL] call ggml_backend_sycl_device_supports_op op->op=NONE op->type=q4_0 -> true
[SYCL] call ggml_backend_sycl_device_supports_op op->op=NONE op->type=f32 -> true
[SYCL] call ggml_backend_sycl_device_supports_op op->op=NONE op->type=f32 -> true
[SYCL] call ggml_backend_sycl_device_supports_op op->op=NONE op->type=q4_0 -> true
[SYCL] call ggml_backend_sycl_device_supports_op op->op=NONE op->type=f32 -> true
[SYCL] call ggml_backend_sycl_device_supports_op op->op=NONE op->type=q4_0 -> true
[SYCL] call ggml_backend_sycl_device_supports_op op->op=NONE op->type=q4_0 -> true
[SYCL] call ggml_backend_sycl_device_supports_op op->op=NONE op->type=f32 -> true
[SYCL] call ggml_backend_sycl_device_supports_op op->op=NONE op->type=f32 -> true
[SYCL] call ggml_backend_sycl_device_supports_op op->op=NONE op->type=f32 -> true
[SYCL] call ggml_backend_sycl_device_supports_op op->op=NONE op->type=f32 -> true
[SYCL] call ggml_backend_sycl_device_supports_op op->op=NONE op->type=q4_0 -> true
[SYCL] call ggml_backend_sycl_device_supports_op op->op=NONE op->type=q4_0 -> true
[SYCL] call ggml_backend_sycl_device_supports_op op->op=NONE op->type=q4_0 -> true
[SYCL] call ggml_backend_sycl_device_supports_op op->op=NONE op->type=q4_0 -> true
[SYCL] call ggml_backend_sycl_device_supports_op op->op=NONE op->type=f32 -> true
[SYCL] call ggml_backend_sycl_device_supports_op op->op=NONE op->type=f32 -> true
[SYCL] call ggml_backend_sycl_device_supports_op op->op=NONE op->type=q4_0 -> true
[SYCL] call ggml_backend_sycl_device_supports_op op->op=NONE op->type=f32 -> true
[SYCL] call ggml_backend_sycl_device_supports_op op->op=NONE op->type=q4_0 -> true
[SYCL] call ggml_backend_sycl_device_supports_op op->op=NONE op->type=q4_0 -> true
[SYCL] call ggml_backend_sycl_device_supports_op op->op=NONE op->type=f32 -> true
[SYCL] call ggml_backend_sycl_device_supports_op op->op=NONE op->type=f32 -> true
[SYCL] call ggml_backend_sycl_device_supports_op op->op=NONE op->type=f32 -> true
[SYCL] call ggml_backend_sycl_device_supports_op op->op=NONE op->type=f32 -> true
[SYCL] call ggml_backend_sycl_device_supports_op op->op=NONE op->type=q4_0 -> true
[SYCL] call ggml_backend_sycl_device_supports_op op->op=NONE op->type=q4_0 -> true
[SYCL] call ggml_backend_sycl_device_supports_op op->op=NONE op->type=q4_0 -> true
[SYCL] call ggml_backend_sycl_device_supports_op op->op=NONE op->type=q4_0 -> true
[SYCL] call ggml_backend_sycl_device_supports_op op->op=NONE op->type=f32 -> true
[SYCL] call ggml_backend_sycl_device_supports_op op->op=NONE op->type=f32 -> true
[SYCL] call ggml_backend_sycl_device_supports_op op->op=NONE op->type=q4_0 -> true
[SYCL] call ggml_backend_sycl_device_supports_op op->op=NONE op->type=f32 -> true
[SYCL] call ggml_backend_sycl_device_supports_op op->op=NONE op->type=q4_0 -> true
[SYCL] call ggml_backend_sycl_device_supports_op op->op=NONE op->type=q4_0 -> true
[SYCL] call ggml_backend_sycl_device_supports_op op->op=NONE op->type=f32 -> true
[SYCL] call ggml_backend_sycl_device_supports_op op->op=NONE op->type=f32 -> true
[SYCL] call ggml_backend_sycl_device_supports_op op->op=NONE op->type=f32 -> true
[SYCL] call ggml_backend_sycl_device_supports_op op->op=NONE op->type=f32 -> true
[SYCL] call ggml_backend_sycl_device_supports_op op->op=NONE op->type=q4_0 -> true
[SYCL] call ggml_backend_sycl_device_supports_op op->op=NONE op->type=q4_0 -> true
[SYCL] call ggml_backend_sycl_device_supports_op op->op=NONE op->type=q4_0 -> true
[SYCL] call ggml_backend_sycl_device_supports_op op->op=NONE op->type=q4_0 -> true
[SYCL] call ggml_backend_sycl_device_supports_op op->op=NONE op->type=f32 -> true
[SYCL] call ggml_backend_sycl_device_supports_op op->op=NONE op->type=f32 -> true
[SYCL] call ggml_backend_sycl_device_supports_op op->op=NONE op->type=q4_0 -> true
[SYCL] call ggml_backend_sycl_device_supports_op op->op=NONE op->type=f32 -> true
[SYCL] call ggml_backend_sycl_device_supports_op op->op=NONE op->type=q4_0 -> true
[SYCL] call ggml_backend_sycl_device_supports_op op->op=NONE op->type=q4_0 -> true
[SYCL] call ggml_backend_sycl_device_supports_op op->op=NONE op->type=f32 -> true
[SYCL] call ggml_backend_sycl_device_supports_op op->op=NONE op->type=f32 -> true
[SYCL] call ggml_backend_sycl_device_supports_op op->op=NONE op->type=f32 -> true
[SYCL] call ggml_backend_sycl_device_supports_op op->op=NONE op->type=f32 -> true
[SYCL] call ggml_backend_sycl_device_supports_op op->op=NONE op->type=q4_0 -> true
[SYCL] call ggml_backend_sycl_device_supports_op op->op=NONE op->type=q4_0 -> true
[SYCL] call ggml_backend_sycl_device_supports_op op->op=NONE op->type=q4_0 -> true
[SYCL] call ggml_backend_sycl_device_supports_op op->op=NONE op->type=q4_0 -> true
[SYCL] call ggml_backend_sycl_device_supports_op op->op=NONE op->type=f32 -> true
[SYCL] call ggml_backend_sycl_device_supports_op op->op=NONE op->type=f32 -> true
[SYCL] call ggml_backend_sycl_device_supports_op op->op=NONE op->type=q4_0 -> true
[SYCL] call ggml_backend_sycl_device_supports_op op->op=NONE op->type=f32 -> true
[SYCL] call ggml_backend_sycl_device_supports_op op->op=NONE op->type=q4_0 -> true
[SYCL] call ggml_backend_sycl_device_supports_op op->op=NONE op->type=q4_0 -> true
[SYCL] call ggml_backend_sycl_device_supports_op op->op=NONE op->type=f32 -> true
[SYCL] call ggml_backend_sycl_device_supports_op op->op=NONE op->type=f32 -> true
[SYCL] call ggml_backend_sycl_device_supports_op op->op=NONE op->type=f32 -> true
[SYCL] call ggml_backend_sycl_device_supports_op op->op=NONE op->type=f32 -> true
[SYCL] call ggml_backend_sycl_device_supports_op op->op=NONE op->type=q4_0 -> true
[SYCL] call ggml_backend_sycl_device_supports_op op->op=NONE op->type=q4_0 -> true
[SYCL] call ggml_backend_sycl_device_supports_op op->op=NONE op->type=q4_0 -> true
[SYCL] call ggml_backend_sycl_device_supports_op op->op=NONE op->type=q4_0 -> true
[SYCL] call ggml_backend_sycl_device_supports_op op->op=NONE op->type=f32 -> true
[SYCL] call ggml_backend_sycl_device_supports_op op->op=NONE op->type=f32 -> true
[SYCL] call ggml_backend_sycl_device_supports_op op->op=NONE op->type=q4_0 -> true
[SYCL] call ggml_backend_sycl_device_supports_op op->op=NONE op->type=f32 -> true
[SYCL] call ggml_backend_sycl_device_supports_op op->op=NONE op->type=q4_0 -> true
[SYCL] call ggml_backend_sycl_device_supports_op op->op=NONE op->type=q4_0 -> true
[SYCL] call ggml_backend_sycl_device_supports_op op->op=NONE op->type=f32 -> true
[SYCL] call ggml_backend_sycl_device_supports_op op->op=NONE op->type=f32 -> true
[SYCL] call ggml_backend_sycl_device_supports_op op->op=NONE op->type=f32 -> true
[SYCL] call ggml_backend_sycl_device_supports_op op->op=NONE op->type=f32 -> true
[SYCL] call ggml_backend_sycl_device_supports_op op->op=NONE op->type=q4_0 -> true
[SYCL] call ggml_backend_sycl_device_supports_op op->op=NONE op->type=q4_0 -> true
[SYCL] call ggml_backend_sycl_device_supports_op op->op=NONE op->type=q4_0 -> true
[SYCL] call ggml_backend_sycl_device_supports_op op->op=NONE op->type=q4_0 -> true
[SYCL] call ggml_backend_sycl_device_supports_op op->op=NONE op->type=f32 -> true
[SYCL] call ggml_backend_sycl_device_supports_op op->op=NONE op->type=f32 -> true
[SYCL] call ggml_backend_sycl_device_supports_op op->op=NONE op->type=q4_0 -> true
[SYCL] call ggml_backend_sycl_device_supports_op op->op=NONE op->type=f32 -> true
[SYCL] call ggml_backend_sycl_device_supports_op op->op=NONE op->type=q4_0 -> true
[SYCL] call ggml_backend_sycl_device_supports_op op->op=NONE op->type=q4_0 -> true
[SYCL] call ggml_backend_sycl_device_supports_op op->op=NONE op->type=f32 -> true
[SYCL] call ggml_backend_sycl_device_supports_op op->op=NONE op->type=f32 -> true
[SYCL] call ggml_backend_sycl_device_supports_op op->op=NONE op->type=f32 -> true
[SYCL] call ggml_backend_sycl_device_supports_op op->op=NONE op->type=f32 -> true
[SYCL] call ggml_backend_sycl_device_supports_op op->op=NONE op->type=q4_0 -> true
[SYCL] call ggml_backend_sycl_device_supports_op op->op=NONE op->type=q4_0 -> true
[SYCL] call ggml_backend_sycl_device_supports_op op->op=NONE op->type=q4_0 -> true
[SYCL] call ggml_backend_sycl_device_supports_op op->op=NONE op->type=q4_0 -> true
[SYCL] call ggml_backend_sycl_device_supports_op op->op=NONE op->type=f32 -> true
[SYCL] call ggml_backend_sycl_device_supports_op op->op=NONE op->type=f32 -> true
[SYCL] call ggml_backend_sycl_device_supports_op op->op=NONE op->type=q4_0 -> true
[SYCL] call ggml_backend_sycl_device_supports_op op->op=NONE op->type=f32 -> true
[SYCL] call ggml_backend_sycl_device_supports_op op->op=NONE op->type=q4_0 -> true
[SYCL] call ggml_backend_sycl_device_supports_op op->op=NONE op->type=q4_0 -> true
[SYCL] call ggml_backend_sycl_device_supports_op op->op=NONE op->type=f32 -> true
[SYCL] call ggml_backend_sycl_device_supports_op op->op=NONE op->type=f32 -> true
[SYCL] call ggml_backend_sycl_device_supports_op op->op=NONE op->type=f32 -> true
[SYCL] call ggml_backend_sycl_device_supports_op op->op=NONE op->type=f32 -> true
[SYCL] call ggml_backend_sycl_device_supports_op op->op=NONE op->type=q4_0 -> true
[SYCL] call ggml_backend_sycl_device_supports_op op->op=NONE op->type=q4_0 -> true
[SYCL] call ggml_backend_sycl_device_supports_op op->op=NONE op->type=q4_0 -> true
[SYCL] call ggml_backend_sycl_device_supports_op op->op=NONE op->type=q4_0 -> true
[SYCL] call ggml_backend_sycl_device_supports_op op->op=NONE op->type=f32 -> true
[SYCL] call ggml_backend_sycl_device_supports_op op->op=NONE op->type=f32 -> true
[SYCL] call ggml_backend_sycl_device_supports_op op->op=NONE op->type=q4_0 -> true
[SYCL] call ggml_backend_sycl_device_supports_op op->op=NONE op->type=f32 -> true
[SYCL] call ggml_backend_sycl_device_supports_op op->op=NONE op->type=q4_0 -> true
[SYCL] call ggml_backend_sycl_device_supports_op op->op=NONE op->type=q4_0 -> true
[SYCL] call ggml_backend_sycl_device_supports_op op->op=NONE op->type=f32 -> true
[SYCL] call ggml_backend_sycl_device_supports_op op->op=NONE op->type=f32 -> true
[SYCL] call ggml_backend_sycl_device_supports_op op->op=NONE op->type=f32 -> true
[SYCL] call ggml_backend_sycl_device_supports_op op->op=NONE op->type=f32 -> true
[SYCL] call ggml_backend_sycl_device_supports_op op->op=NONE op->type=q6_K -> true
[SYCL] call ggml_backend_sycl_device_supports_op op->op=NONE op->type=q4_0 -> true
[SYCL] call ggml_backend_sycl_device_supports_op op->op=NONE op->type=q4_0 -> true
[SYCL] call ggml_backend_sycl_device_supports_op op->op=NONE op->type=q4_0 -> true
[SYCL] call ggml_backend_sycl_device_supports_op op->op=NONE op->type=f32 -> true
[SYCL] call ggml_backend_sycl_device_supports_op op->op=NONE op->type=f32 -> true
[SYCL] call ggml_backend_sycl_device_supports_op op->op=NONE op->type=q4_0 -> true
[SYCL] call ggml_backend_sycl_device_supports_op op->op=NONE op->type=f32 -> true
[SYCL] call ggml_backend_sycl_device_supports_op op->op=NONE op->type=q4_0 -> true
[SYCL] call ggml_backend_sycl_device_supports_op op->op=NONE op->type=q4_0 -> true
[SYCL] call ggml_backend_sycl_device_supports_op op->op=NONE op->type=f32 -> true
[SYCL] call ggml_backend_sycl_device_supports_op op->op=NONE op->type=f32 -> true
[SYCL] call ggml_backend_sycl_device_supports_op op->op=NONE op->type=f32 -> true
[SYCL] call ggml_backend_sycl_device_supports_op op->op=GET_ROWS op->type=f32 -> true
[SYCL] call ggml_backend_sycl_device_supports_op op->op=GET_ROWS op->type=f32 -> true
[SYCL] call ggml_backend_sycl_device_supports_op op->op=MUL op->type=f32 -> true
[SYCL] call ggml_backend_sycl_device_supports_op op->op=MUL_MAT op->type=f32 -> true
[SYCL] call ggml_backend_sycl_device_supports_op op->op=MUL op->type=f32 -> true
[SYCL] call ggml_backend_sycl_device_supports_op op->op=MUL_MAT op->type=f32 -> true
[SYCL] call ggml_backend_sycl_device_supports_op op->op=MUL op->type=f32 -> true
[SYCL] call ggml_backend_sycl_device_supports_op op->op=MUL_MAT op->type=f32 -> true
[SYCL] call ggml_backend_sycl_device_supports_op op->op=MUL_MAT op->type=f32 -> true
[SYCL] call ggml_backend_sycl_device_supports_op op->op=MUL op->type=f32 -> true
[SYCL] call ggml_backend_sycl_device_supports_op op->op=MUL op->type=f32 -> true
[SYCL] call ggml_backend_sycl_device_supports_op op->op=MUL_MAT op->type=f32 -> true
[SYCL] call ggml_backend_sycl_device_supports_op op->op=MUL_MAT op->type=f32 -> true
[SYCL] call ggml_backend_sycl_device_supports_op op->op=MUL_MAT op->type=f32 -> true
[SYCL] call ggml_backend_sycl_device_supports_op op->op=MUL op->type=f32 -> true
[SYCL] call ggml_backend_sycl_device_supports_op op->op=MUL_MAT op->type=f32 -> true
[SYCL] call ggml_backend_sycl_device_supports_op op->op=MUL_MAT op->type=f32 -> true
[SYCL] call ggml_backend_sycl_device_supports_op op->op=MUL op->type=f32 -> true
[SYCL] call ggml_backend_sycl_device_supports_op op->op=MUL_MAT op->type=f32 -> true
[SYCL] call ggml_backend_sycl_device_supports_op op->op=MUL op->type=f32 -> true
[SYCL] call ggml_backend_sycl_device_supports_op op->op=MUL op->type=f32 -> true
[SYCL] call ggml_backend_sycl_device_supports_op op->op=MUL op->type=f32 -> true
[SYCL] call ggml_backend_sycl_device_supports_op op->op=MUL_MAT op->type=f32 -> true
[SYCL] call ggml_backend_sycl_device_supports_op op->op=MUL op->type=f32 -> true
[SYCL] call ggml_backend_sycl_device_supports_op op->op=MUL_MAT op->type=f32 -> true
[SYCL] call ggml_backend_sycl_device_supports_op op->op=MUL op->type=f32 -> true
[SYCL] call ggml_backend_sycl_device_supports_op op->op=MUL_MAT op->type=f32 -> true
[SYCL] call ggml_backend_sycl_device_supports_op op->op=MUL_MAT op->type=f32 -> true
[SYCL] call ggml_backend_sycl_device_supports_op op->op=MUL op->type=f32 -> true
[SYCL] call ggml_backend_sycl_device_supports_op op->op=MUL op->type=f32 -> true
[SYCL] call ggml_backend_sycl_device_supports_op op->op=MUL_MAT op->type=f32 -> true
[SYCL] call ggml_backend_sycl_device_supports_op op->op=MUL_MAT op->type=f32 -> true
[SYCL] call ggml_backend_sycl_device_supports_op op->op=MUL_MAT op->type=f32 -> true
[SYCL] call ggml_backend_sycl_device_supports_op op->op=MUL op->type=f32 -> true
[SYCL] call ggml_backend_sycl_device_supports_op op->op=MUL_MAT op->type=f32 -> true
[SYCL] call ggml_backend_sycl_device_supports_op op->op=MUL_MAT op->type=f32 -> true
[SYCL] call ggml_backend_sycl_device_supports_op op->op=MUL op->type=f32 -> true
[SYCL] call ggml_backend_sycl_device_supports_op op->op=MUL op->type=f32 -> true
[SYCL] call ggml_backend_sycl_device_supports_op op->op=MUL op->type=f32 -> true
[SYCL] call ggml_backend_sycl_device_supports_op op->op=MUL_MAT op->type=f32 -> true
[SYCL] call ggml_backend_sycl_device_supports_op op->op=MUL op->type=f32 -> true
[SYCL] call ggml_backend_sycl_device_supports_op op->op=MUL_MAT op->type=f32 -> true
[SYCL] call ggml_backend_sycl_device_supports_op op->op=MUL op->type=f32 -> true
[SYCL] call ggml_backend_sycl_device_supports_op op->op=MUL_MAT op->type=f32 -> true
[SYCL] call ggml_backend_sycl_device_supports_op op->op=MUL_MAT op->type=f32 -> true
[SYCL] call ggml_backend_sycl_device_supports_op op->op=MUL op->type=f32 -> true
[SYCL] call ggml_backend_sycl_device_supports_op op->op=MUL op->type=f32 -> true
[SYCL] call ggml_backend_sycl_device_supports_op op->op=MUL_MAT op->type=f32 -> true
[SYCL] call ggml_backend_sycl_device_supports_op op->op=MUL_MAT op->type=f32 -> true
[SYCL] call ggml_backend_sycl_device_supports_op op->op=MUL_MAT op->type=f32 -> true
[SYCL] call ggml_backend_sycl_device_supports_op op->op=MUL op->type=f32 -> true
[SYCL] call ggml_backend_sycl_device_supports_op op->op=MUL_MAT op->type=f32 -> true
[SYCL] call ggml_backend_sycl_device_supports_op op->op=MUL_MAT op->type=f32 -> true
[SYCL] call ggml_backend_sycl_device_supports_op op->op=MUL op->type=f32 -> true
[SYCL] call ggml_backend_sycl_device_supports_op op->op=MUL op->type=f32 -> true
[SYCL] call ggml_backend_sycl_device_supports_op op->op=MUL op->type=f32 -> true
[SYCL] call ggml_backend_sycl_device_supports_op op->op=MUL_MAT op->type=f32 -> true
[SYCL] call ggml_backend_sycl_device_supports_op op->op=MUL op->type=f32 -> true
[SYCL] call ggml_backend_sycl_device_supports_op op->op=MUL_MAT op->type=f32 -> true
[SYCL] call ggml_backend_sycl_device_supports_op op->op=MUL op->type=f32 -> true
[SYCL] call ggml_backend_sycl_device_supports_op op->op=MUL_MAT op->type=f32 -> true
[SYCL] call ggml_backend_sycl_device_supports_op op->op=MUL_MAT op->type=f32 -> true
[SYCL] call ggml_backend_sycl_device_supports_op op->op=MUL op->type=f32 -> true
[SYCL] call ggml_backend_sycl_device_supports_op op->op=MUL op->type=f32 -> true
[SYCL] call ggml_backend_sycl_device_supports_op op->op=MUL_MAT op->type=f32 -> true
[SYCL] call ggml_backend_sycl_device_supports_op op->op=MUL_MAT op->type=f32 -> true
[SYCL] call ggml_backend_sycl_device_supports_op op->op=MUL_MAT op->type=f32 -> true
[SYCL] call ggml_backend_sycl_device_supports_op op->op=MUL op->type=f32 -> true
[SYCL] call ggml_backend_sycl_device_supports_op op->op=MUL_MAT op->type=f32 -> true
[SYCL] call ggml_backend_sycl_device_supports_op op->op=MUL_MAT op->type=f32 -> true
[SYCL] call ggml_backend_sycl_device_supports_op op->op=MUL op->type=f32 -> true
[SYCL] call ggml_backend_sycl_device_supports_op op->op=MUL op->type=f32 -> true
[SYCL] call ggml_backend_sycl_device_supports_op op->op=MUL op->type=f32 -> true
[SYCL] call ggml_backend_sycl_device_supports_op op->op=MUL_MAT op->type=f32 -> true
[SYCL] call ggml_backend_sycl_device_supports_op op->op=MUL op->type=f32 -> true
[SYCL] call ggml_backend_sycl_device_supports_op op->op=MUL_MAT op->type=f32 -> true
[SYCL] call ggml_backend_sycl_device_supports_op op->op=MUL op->type=f32 -> true
[SYCL] call ggml_backend_sycl_device_supports_op op->op=MUL_MAT op->type=f32 -> true
[SYCL] call ggml_backend_sycl_device_supports_op op->op=MUL_MAT op->type=f32 -> true
[SYCL] call ggml_backend_sycl_device_supports_op op->op=MUL op->type=f32 -> true
[SYCL] call ggml_backend_sycl_device_supports_op op->op=MUL op->type=f32 -> true
[SYCL] call ggml_backend_sycl_device_supports_op op->op=MUL_MAT op->type=f32 -> true
[SYCL] call ggml_backend_sycl_device_supports_op op->op=MUL_MAT op->type=f32 -> true
[SYCL] call ggml_backend_sycl_device_supports_op op->op=MUL_MAT op->type=f32 -> true
[SYCL] call ggml_backend_sycl_device_supports_op op->op=MUL op->type=f32 -> true
[SYCL] call ggml_backend_sycl_device_supports_op op->op=MUL_MAT op->type=f32 -> true
[SYCL] call ggml_backend_sycl_device_supports_op op->op=MUL_MAT op->type=f32 -> true
[SYCL] call ggml_backend_sycl_device_supports_op op->op=MUL op->type=f32 -> true
[SYCL] call ggml_backend_sycl_device_supports_op op->op=MUL op->type=f32 -> true
[SYCL] call ggml_backend_sycl_device_supports_op op->op=MUL op->type=f32 -> true
[SYCL] call ggml_backend_sycl_device_supports_op op->op=MUL_MAT op->type=f32 -> true
[SYCL] call ggml_backend_sycl_device_supports_op op->op=MUL op->type=f32 -> true
[SYCL] call ggml_backend_sycl_device_supports_op op->op=MUL_MAT op->type=f32 -> true
[SYCL] call ggml_backend_sycl_device_supports_op op->op=MUL op->type=f32 -> true
[SYCL] call ggml_backend_sycl_device_supports_op op->op=MUL_MAT op->type=f32 -> true
[SYCL] call ggml_backend_sycl_device_supports_op op->op=MUL_MAT op->type=f32 -> true
[SYCL] call ggml_backend_sycl_device_supports_op op->op=MUL op->type=f32 -> true
[SYCL] call ggml_backend_sycl_device_supports_op op->op=MUL op->type=f32 -> true
[SYCL] call ggml_backend_sycl_device_supports_op op->op=MUL_MAT op->type=f32 -> true
[SYCL] call ggml_backend_sycl_device_supports_op op->op=MUL_MAT op->type=f32 -> true
[SYCL] call ggml_backend_sycl_device_supports_op op->op=MUL_MAT op->type=f32 -> true
[SYCL] call ggml_backend_sycl_device_supports_op op->op=MUL op->type=f32 -> true
[SYCL] call ggml_backend_sycl_device_supports_op op->op=MUL_MAT op->type=f32 -> true
[SYCL] call ggml_backend_sycl_device_supports_op op->op=MUL_MAT op->type=f32 -> true
[SYCL] call ggml_backend_sycl_device_supports_op op->op=MUL op->type=f32 -> true
[SYCL] call ggml_backend_sycl_device_supports_op op->op=MUL op->type=f32 -> true
[SYCL] call ggml_backend_sycl_device_supports_op op->op=MUL op->type=f32 -> true
[SYCL] call ggml_backend_sycl_device_supports_op op->op=MUL_MAT op->type=f32 -> true
[SYCL] call ggml_backend_sycl_device_supports_op op->op=MUL op->type=f32 -> true
[SYCL] call ggml_backend_sycl_device_supports_op op->op=MUL_MAT op->type=f32 -> true
[SYCL] call ggml_backend_sycl_device_supports_op op->op=MUL op->type=f32 -> true
[SYCL] call ggml_backend_sycl_device_supports_op op->op=MUL_MAT op->type=f32 -> true
[SYCL] call ggml_backend_sycl_device_supports_op op->op=MUL_MAT op->type=f32 -> true
[SYCL] call ggml_backend_sycl_device_supports_op op->op=MUL op->type=f32 -> true
[SYCL] call ggml_backend_sycl_device_supports_op op->op=MUL op->type=f32 -> true
[SYCL] call ggml_backend_sycl_device_supports_op op->op=MUL_MAT op->type=f32 -> true
[SYCL] call ggml_backend_sycl_device_supports_op op->op=MUL_MAT op->type=f32 -> true
[SYCL] call ggml_backend_sycl_device_supports_op op->op=MUL_MAT op->type=f32 -> true
[SYCL] call ggml_backend_sycl_device_supports_op op->op=MUL op->type=f32 -> true
[SYCL] call ggml_backend_sycl_device_supports_op op->op=MUL_MAT op->type=f32 -> true
[SYCL] call ggml_backend_sycl_device_supports_op op->op=MUL_MAT op->type=f32 -> true
[SYCL] call ggml_backend_sycl_device_supports_op op->op=MUL op->type=f32 -> true
[SYCL] call ggml_backend_sycl_device_supports_op op->op=MUL op->type=f32 -> true
[SYCL] call ggml_backend_sycl_device_supports_op op->op=MUL op->type=f32 -> true
[SYCL] call ggml_backend_sycl_device_supports_op op->op=MUL_MAT op->type=f32 -> true
[SYCL] call ggml_backend_sycl_device_supports_op op->op=MUL op->type=f32 -> true
[SYCL] call ggml_backend_sycl_device_supports_op op->op=MUL_MAT op->type=f32 -> true
[SYCL] call ggml_backend_sycl_device_supports_op op->op=MUL op->type=f32 -> true
[SYCL] call ggml_backend_sycl_device_supports_op op->op=MUL_MAT op->type=f32 -> true
[SYCL] call ggml_backend_sycl_device_supports_op op->op=MUL_MAT op->type=f32 -> true
[SYCL] call ggml_backend_sycl_device_supports_op op->op=MUL op->type=f32 -> true
[SYCL] call ggml_backend_sycl_device_supports_op op->op=MUL op->type=f32 -> true
[SYCL] call ggml_backend_sycl_device_supports_op op->op=MUL_MAT op->type=f32 -> true
[SYCL] call ggml_backend_sycl_device_supports_op op->op=MUL_MAT op->type=f32 -> true
[SYCL] call ggml_backend_sycl_device_supports_op op->op=MUL_MAT op->type=f32 -> true
[SYCL] call ggml_backend_sycl_device_supports_op op->op=MUL op->type=f32 -> true
[SYCL] call ggml_backend_sycl_device_supports_op op->op=MUL_MAT op->type=f32 -> true
[SYCL] call ggml_backend_sycl_device_supports_op op->op=MUL_MAT op->type=f32 -> true
[SYCL] call ggml_backend_sycl_device_supports_op op->op=MUL op->type=f32 -> true
[SYCL] call ggml_backend_sycl_device_supports_op op->op=MUL op->type=f32 -> true
[SYCL] call ggml_backend_sycl_device_supports_op op->op=MUL op->type=f32 -> true
[SYCL] call ggml_backend_sycl_device_supports_op op->op=MUL_MAT op->type=f32 -> true
[SYCL] call ggml_backend_sycl_device_supports_op op->op=MUL op->type=f32 -> true
[SYCL] call ggml_backend_sycl_device_supports_op op->op=MUL_MAT op->type=f32 -> true
[SYCL] call ggml_backend_sycl_device_supports_op op->op=MUL op->type=f32 -> true
[SYCL] call ggml_backend_sycl_device_supports_op op->op=MUL_MAT op->type=f32 -> true
[SYCL] call ggml_backend_sycl_device_supports_op op->op=MUL_MAT op->type=f32 -> true
[SYCL] call ggml_backend_sycl_device_supports_op op->op=MUL op->type=f32 -> true
[SYCL] call ggml_backend_sycl_device_supports_op op->op=MUL op->type=f32 -> true
[SYCL] call ggml_backend_sycl_device_supports_op op->op=MUL_MAT op->type=f32 -> true
[SYCL] call ggml_backend_sycl_device_supports_op op->op=MUL_MAT op->type=f32 -> true
[SYCL] call ggml_backend_sycl_device_supports_op op->op=MUL_MAT op->type=f32 -> true
[SYCL] call ggml_backend_sycl_device_supports_op op->op=MUL op->type=f32 -> true
[SYCL] call ggml_backend_sycl_device_supports_op op->op=MUL_MAT op->type=f32 -> true
[SYCL] call ggml_backend_sycl_device_supports_op op->op=MUL_MAT op->type=f32 -> true
[SYCL] call ggml_backend_sycl_device_supports_op op->op=MUL op->type=f32 -> true
[SYCL] call ggml_backend_sycl_device_supports_op op->op=MUL op->type=f32 -> true
[SYCL] call ggml_backend_sycl_device_supports_op op->op=MUL op->type=f32 -> true
[SYCL] call ggml_backend_sycl_device_supports_op op->op=MUL_MAT op->type=f32 -> true
[SYCL] call ggml_backend_sycl_device_supports_op op->op=MUL op->type=f32 -> true
[SYCL] call ggml_backend_sycl_device_supports_op op->op=MUL_MAT op->type=f32 -> true
[SYCL] call ggml_backend_sycl_device_supports_op op->op=MUL op->type=f32 -> true
[SYCL] call ggml_backend_sycl_device_supports_op op->op=MUL_MAT op->type=f32 -> true
[SYCL] call ggml_backend_sycl_device_supports_op op->op=MUL_MAT op->type=f32 -> true
[SYCL] call ggml_backend_sycl_device_supports_op op->op=MUL op->type=f32 -> true
[SYCL] call ggml_backend_sycl_device_supports_op op->op=MUL op->type=f32 -> true
[SYCL] call ggml_backend_sycl_device_supports_op op->op=MUL_MAT op->type=f32 -> true
[SYCL] call ggml_backend_sycl_device_supports_op op->op=MUL_MAT op->type=f32 -> true
[SYCL] call ggml_backend_sycl_device_supports_op op->op=MUL_MAT op->type=f32 -> true
[SYCL] call ggml_backend_sycl_device_supports_op op->op=MUL op->type=f32 -> true
[SYCL] call ggml_backend_sycl_device_supports_op op->op=MUL_MAT op->type=f32 -> true
[SYCL] call ggml_backend_sycl_device_supports_op op->op=MUL_MAT op->type=f32 -> true
[SYCL] call ggml_backend_sycl_device_supports_op op->op=MUL op->type=f32 -> true
[SYCL] call ggml_backend_sycl_device_supports_op op->op=MUL op->type=f32 -> true
[SYCL] call ggml_backend_sycl_device_supports_op op->op=MUL op->type=f32 -> true
[SYCL] call ggml_backend_sycl_device_supports_op op->op=MUL_MAT op->type=f32 -> true
[SYCL] call ggml_backend_sycl_device_supports_op op->op=MUL op->type=f32 -> true
[SYCL] call ggml_backend_sycl_device_supports_op op->op=MUL_MAT op->type=f32 -> true
[SYCL] call ggml_backend_sycl_device_supports_op op->op=MUL op->type=f32 -> true
[SYCL] call ggml_backend_sycl_device_supports_op op->op=MUL_MAT op->type=f32 -> true
[SYCL] call ggml_backend_sycl_device_supports_op op->op=MUL_MAT op->type=f32 -> true
[SYCL] call ggml_backend_sycl_device_supports_op op->op=MUL op->type=f32 -> true
[SYCL] call ggml_backend_sycl_device_supports_op op->op=MUL op->type=f32 -> true
[SYCL] call ggml_backend_sycl_device_supports_op op->op=MUL_MAT op->type=f32 -> true
[SYCL] call ggml_backend_sycl_device_supports_op op->op=MUL_MAT op->type=f32 -> true
[SYCL] call ggml_backend_sycl_device_supports_op op->op=MUL_MAT op->type=f32 -> true
[SYCL] call ggml_backend_sycl_device_supports_op op->op=MUL op->type=f32 -> true
[SYCL] call ggml_backend_sycl_device_supports_op op->op=MUL_MAT op->type=f32 -> true
[SYCL] call ggml_backend_sycl_device_supports_op op->op=MUL_MAT op->type=f32 -> true
[SYCL] call ggml_backend_sycl_device_supports_op op->op=MUL op->type=f32 -> true
[SYCL] call ggml_backend_sycl_device_supports_op op->op=MUL op->type=f32 -> true
[SYCL] call ggml_backend_sycl_device_supports_op op->op=MUL op->type=f32 -> true
[SYCL] call ggml_backend_sycl_device_supports_op op->op=MUL_MAT op->type=f32 -> true
[SYCL] call ggml_backend_sycl_device_supports_op op->op=MUL op->type=f32 -> true
[SYCL] call ggml_backend_sycl_device_supports_op op->op=MUL_MAT op->type=f32 -> true
[SYCL] call ggml_backend_sycl_device_supports_op op->op=MUL op->type=f32 -> true
[SYCL] call ggml_backend_sycl_device_supports_op op->op=MUL_MAT op->type=f32 -> true
[SYCL] call ggml_backend_sycl_device_supports_op op->op=MUL_MAT op->type=f32 -> true
[SYCL] call ggml_backend_sycl_device_supports_op op->op=MUL op->type=f32 -> true
[SYCL] call ggml_backend_sycl_device_supports_op op->op=MUL op->type=f32 -> true
[SYCL] call ggml_backend_sycl_device_supports_op op->op=MUL_MAT op->type=f32 -> true
[SYCL] call ggml_backend_sycl_device_supports_op op->op=MUL_MAT op->type=f32 -> true
[SYCL] call ggml_backend_sycl_device_supports_op op->op=MUL_MAT op->type=f32 -> true
[SYCL] call ggml_backend_sycl_device_supports_op op->op=MUL op->type=f32 -> true
[SYCL] call ggml_backend_sycl_device_supports_op op->op=MUL_MAT op->type=f32 -> true
[SYCL] call ggml_backend_sycl_device_supports_op op->op=MUL_MAT op->type=f32 -> true
[SYCL] call ggml_backend_sycl_device_supports_op op->op=MUL op->type=f32 -> true
[SYCL] call ggml_backend_sycl_device_supports_op op->op=MUL op->type=f32 -> true
[SYCL] call ggml_backend_sycl_device_supports_op op->op=MUL op->type=f32 -> true
[SYCL] call ggml_backend_sycl_device_supports_op op->op=MUL_MAT op->type=f32 -> true
[SYCL] call ggml_backend_sycl_device_supports_op op->op=MUL op->type=f32 -> true
[SYCL] call ggml_backend_sycl_device_supports_op op->op=MUL_MAT op->type=f32 -> true
[SYCL] call ggml_backend_sycl_device_supports_op op->op=MUL op->type=f32 -> true
[SYCL] call ggml_backend_sycl_device_supports_op op->op=MUL_MAT op->type=f32 -> true
[SYCL] call ggml_backend_sycl_device_supports_op op->op=MUL_MAT op->type=f32 -> true
[SYCL] call ggml_backend_sycl_device_supports_op op->op=MUL op->type=f32 -> true
[SYCL] call ggml_backend_sycl_device_supports_op op->op=MUL op->type=f32 -> true
[SYCL] call ggml_backend_sycl_device_supports_op op->op=MUL_MAT op->type=f32 -> true
[SYCL] call ggml_backend_sycl_device_supports_op op->op=MUL_MAT op->type=f32 -> true
[SYCL] call ggml_backend_sycl_device_supports_op op->op=MUL_MAT op->type=f32 -> true
[SYCL] call ggml_backend_sycl_device_supports_op op->op=MUL op->type=f32 -> true
[SYCL] call ggml_backend_sycl_device_supports_op op->op=MUL_MAT op->type=f32 -> true
[SYCL] call ggml_backend_sycl_device_supports_op op->op=MUL_MAT op->type=f32 -> true
[SYCL] call ggml_backend_sycl_device_supports_op op->op=MUL op->type=f32 -> true
[SYCL] call ggml_backend_sycl_device_supports_op op->op=MUL op->type=f32 -> true
[SYCL] call ggml_backend_sycl_device_supports_op op->op=MUL op->type=f32 -> true
[SYCL] call ggml_backend_sycl_device_supports_op op->op=MUL_MAT op->type=f32 -> true
[SYCL] call ggml_backend_sycl_device_supports_op op->op=MUL op->type=f32 -> true
[SYCL] call ggml_backend_sycl_device_supports_op op->op=MUL_MAT op->type=f32 -> true
[SYCL] call ggml_backend_sycl_device_supports_op op->op=MUL op->type=f32 -> true
[SYCL] call ggml_backend_sycl_device_supports_op op->op=MUL_MAT op->type=f32 -> true
[SYCL] call ggml_backend_sycl_device_supports_op op->op=MUL_MAT op->type=f32 -> true
[SYCL] call ggml_backend_sycl_device_supports_op op->op=MUL op->type=f32 -> true
[SYCL] call ggml_backend_sycl_device_supports_op op->op=MUL op->type=f32 -> true
[SYCL] call ggml_backend_sycl_device_supports_op op->op=MUL_MAT op->type=f32 -> true
[SYCL] call ggml_backend_sycl_device_supports_op op->op=MUL_MAT op->type=f32 -> true
[SYCL] call ggml_backend_sycl_device_supports_op op->op=MUL_MAT op->type=f32 -> true
[SYCL] call ggml_backend_sycl_device_supports_op op->op=MUL op->type=f32 -> true
[SYCL] call ggml_backend_sycl_device_supports_op op->op=MUL_MAT op->type=f32 -> true
[SYCL] call ggml_backend_sycl_device_supports_op op->op=MUL_MAT op->type=f32 -> true
[SYCL] call ggml_backend_sycl_device_supports_op op->op=MUL op->type=f32 -> true
[SYCL] call ggml_backend_sycl_device_supports_op op->op=MUL op->type=f32 -> true
[SYCL] call ggml_backend_sycl_device_supports_op op->op=MUL op->type=f32 -> true
[SYCL] call ggml_backend_sycl_device_supports_op op->op=MUL_MAT op->type=f32 -> true
[SYCL] call ggml_backend_sycl_device_supports_op op->op=MUL op->type=f32 -> true
[SYCL] call ggml_backend_sycl_device_supports_op op->op=MUL_MAT op->type=f32 -> true
[SYCL] call ggml_backend_sycl_device_supports_op op->op=MUL op->type=f32 -> true
[SYCL] call ggml_backend_sycl_device_supports_op op->op=MUL_MAT op->type=f32 -> true
[SYCL] call ggml_backend_sycl_device_supports_op op->op=MUL_MAT op->type=f32 -> true
[SYCL] call ggml_backend_sycl_device_supports_op op->op=MUL op->type=f32 -> true
[SYCL] call ggml_backend_sycl_device_supports_op op->op=MUL op->type=f32 -> true
[SYCL] call ggml_backend_sycl_device_supports_op op->op=MUL_MAT op->type=f32 -> true
[SYCL] call ggml_backend_sycl_device_supports_op op->op=MUL_MAT op->type=f32 -> true
[SYCL] call ggml_backend_sycl_device_supports_op op->op=MUL_MAT op->type=f32 -> true
[SYCL] call ggml_backend_sycl_device_supports_op op->op=MUL op->type=f32 -> true
[SYCL] call ggml_backend_sycl_device_supports_op op->op=MUL_MAT op->type=f32 -> true
[SYCL] call ggml_backend_sycl_device_supports_op op->op=MUL_MAT op->type=f32 -> true
[SYCL] call ggml_backend_sycl_device_supports_op op->op=MUL op->type=f32 -> true
[SYCL] call ggml_backend_sycl_device_supports_op op->op=MUL op->type=f32 -> true
[SYCL] call ggml_backend_sycl_device_supports_op op->op=MUL op->type=f32 -> true
[SYCL] call ggml_backend_sycl_device_supports_op op->op=MUL_MAT op->type=f32 -> true
[SYCL] call ggml_backend_sycl_device_supports_op op->op=MUL op->type=f32 -> true
[SYCL] call ggml_backend_sycl_device_supports_op op->op=MUL_MAT op->type=f32 -> true
[SYCL] call ggml_backend_sycl_device_supports_op op->op=MUL op->type=f32 -> true
[SYCL] call ggml_backend_sycl_device_supports_op op->op=MUL_MAT op->type=f32 -> true
[SYCL] call ggml_backend_sycl_device_supports_op op->op=MUL_MAT op->type=f32 -> true
[SYCL] call ggml_backend_sycl_device_supports_op op->op=MUL op->type=f32 -> true
[SYCL] call ggml_backend_sycl_device_supports_op op->op=MUL op->type=f32 -> true
[SYCL] call ggml_backend_sycl_device_supports_op op->op=MUL_MAT op->type=f32 -> true
[SYCL] call ggml_backend_sycl_device_supports_op op->op=MUL_MAT op->type=f32 -> true
[SYCL] call ggml_backend_sycl_device_supports_op op->op=MUL_MAT op->type=f32 -> true
[SYCL] call ggml_backend_sycl_device_supports_op op->op=MUL op->type=f32 -> true
[SYCL] call ggml_backend_sycl_device_supports_op op->op=MUL_MAT op->type=f32 -> true
[SYCL] call ggml_backend_sycl_device_supports_op op->op=MUL_MAT op->type=f32 -> true
[SYCL] call ggml_backend_sycl_device_supports_op op->op=MUL op->type=f32 -> true
[SYCL] call ggml_backend_sycl_device_supports_op op->op=MUL op->type=f32 -> true
[SYCL] call ggml_backend_sycl_device_supports_op op->op=MUL op->type=f32 -> true
[SYCL] call ggml_backend_sycl_device_supports_op op->op=MUL_MAT op->type=f32 -> true
[SYCL] call ggml_backend_sycl_device_supports_op op->op=MUL op->type=f32 -> true
[SYCL] call ggml_backend_sycl_device_supports_op op->op=MUL_MAT op->type=f32 -> true
[SYCL] call ggml_backend_sycl_device_supports_op op->op=MUL op->type=f32 -> true
[SYCL] call ggml_backend_sycl_device_supports_op op->op=MUL_MAT op->type=f32 -> true
[SYCL] call ggml_backend_sycl_device_supports_op op->op=MUL_MAT op->type=f32 -> true
[SYCL] call ggml_backend_sycl_device_supports_op op->op=MUL op->type=f32 -> true
[SYCL] call ggml_backend_sycl_device_supports_op op->op=MUL op->type=f32 -> true
[SYCL] call ggml_backend_sycl_device_supports_op op->op=MUL_MAT op->type=f32 -> true
[SYCL] call ggml_backend_sycl_device_supports_op op->op=MUL_MAT op->type=f32 -> true
[SYCL] call ggml_backend_sycl_device_supports_op op->op=MUL_MAT op->type=f32 -> true
[SYCL] call ggml_backend_sycl_device_supports_op op->op=MUL op->type=f32 -> true
[SYCL] call ggml_backend_sycl_device_supports_op op->op=MUL_MAT op->type=f32 -> true
[SYCL] call ggml_backend_sycl_device_supports_op op->op=MUL_MAT op->type=f32 -> true
[SYCL] call ggml_backend_sycl_device_supports_op op->op=MUL op->type=f32 -> true
[SYCL] call ggml_backend_sycl_device_supports_op op->op=MUL op->type=f32 -> true
[SYCL] call ggml_backend_sycl_device_supports_op op->op=MUL op->type=f32 -> true
[SYCL] call ggml_backend_sycl_device_supports_op op->op=MUL_MAT op->type=f32 -> true
[SYCL] call ggml_backend_sycl_device_supports_op op->op=MUL op->type=f32 -> true
[SYCL] call ggml_backend_sycl_device_supports_op op->op=MUL_MAT op->type=f32 -> true
[SYCL] call ggml_backend_sycl_device_supports_op op->op=MUL op->type=f32 -> true
[SYCL] call ggml_backend_sycl_device_supports_op op->op=MUL_MAT op->type=f32 -> true
[SYCL] call ggml_backend_sycl_device_supports_op op->op=MUL_MAT op->type=f32 -> true
[SYCL] call ggml_backend_sycl_device_supports_op op->op=MUL op->type=f32 -> true
[SYCL] call ggml_backend_sycl_device_supports_op op->op=MUL op->type=f32 -> true
[SYCL] call ggml_backend_sycl_device_supports_op op->op=MUL_MAT op->type=f32 -> true
[SYCL] call ggml_backend_sycl_device_supports_op op->op=MUL_MAT op->type=f32 -> true
[SYCL] call ggml_backend_sycl_device_supports_op op->op=MUL_MAT op->type=f32 -> true
[SYCL] call ggml_backend_sycl_device_supports_op op->op=MUL op->type=f32 -> true
[SYCL] call ggml_backend_sycl_device_supports_op op->op=MUL_MAT op->type=f32 -> true
[SYCL] call ggml_backend_sycl_device_supports_op op->op=MUL_MAT op->type=f32 -> true
[SYCL] call ggml_backend_sycl_device_supports_op op->op=MUL op->type=f32 -> true
[SYCL] call ggml_backend_sycl_device_supports_op op->op=MUL op->type=f32 -> true
[SYCL] call ggml_backend_sycl_device_supports_op op->op=MUL op->type=f32 -> true
[SYCL] call ggml_backend_sycl_device_supports_op op->op=MUL_MAT op->type=f32 -> true
[SYCL] call ggml_backend_sycl_device_supports_op op->op=MUL op->type=f32 -> true
[SYCL] call ggml_backend_sycl_device_supports_op op->op=MUL_MAT op->type=f32 -> true
[SYCL] call ggml_backend_sycl_device_supports_op op->op=MUL op->type=f32 -> true
[SYCL] call ggml_backend_sycl_device_supports_op op->op=MUL_MAT op->type=f32 -> true
[SYCL] call ggml_backend_sycl_device_supports_op op->op=MUL_MAT op->type=f32 -> true
[SYCL] call ggml_backend_sycl_device_supports_op op->op=MUL op->type=f32 -> true
[SYCL] call ggml_backend_sycl_device_supports_op op->op=MUL op->type=f32 -> true
[SYCL] call ggml_backend_sycl_device_supports_op op->op=MUL_MAT op->type=f32 -> true
[SYCL] call ggml_backend_sycl_device_supports_op op->op=MUL_MAT op->type=f32 -> true
[SYCL] call ggml_backend_sycl_device_supports_op op->op=MUL_MAT op->type=f32 -> true
[SYCL] call ggml_backend_sycl_device_supports_op op->op=MUL op->type=f32 -> true
[SYCL] call ggml_backend_sycl_device_supports_op op->op=MUL_MAT op->type=f32 -> true
[SYCL] call ggml_backend_sycl_device_supports_op op->op=MUL_MAT op->type=f32 -> true
[SYCL] call ggml_backend_sycl_device_supports_op op->op=MUL op->type=f32 -> true
[SYCL] call ggml_backend_sycl_device_supports_op op->op=MUL op->type=f32 -> true
[SYCL] call ggml_backend_sycl_device_supports_op op->op=MUL op->type=f32 -> true
[SYCL] call ggml_backend_sycl_device_supports_op op->op=MUL_MAT op->type=f32 -> true
[SYCL] call ggml_backend_sycl_device_supports_op op->op=MUL op->type=f32 -> true
[SYCL] call ggml_backend_sycl_device_supports_op op->op=MUL_MAT op->type=f32 -> true
[SYCL] call ggml_backend_sycl_device_supports_op op->op=MUL op->type=f32 -> true
[SYCL] call ggml_backend_sycl_device_supports_op op->op=MUL_MAT op->type=f32 -> true
[SYCL] call ggml_backend_sycl_device_supports_op op->op=MUL_MAT op->type=f32 -> true
[SYCL] call ggml_backend_sycl_device_supports_op op->op=MUL op->type=f32 -> true
[SYCL] call ggml_backend_sycl_device_supports_op op->op=MUL op->type=f32 -> true
[SYCL] call ggml_backend_sycl_device_supports_op op->op=MUL_MAT op->type=f32 -> true
[SYCL] call ggml_backend_sycl_device_supports_op op->op=MUL_MAT op->type=f32 -> true
[SYCL] call ggml_backend_sycl_device_supports_op op->op=MUL_MAT op->type=f32 -> true
[SYCL] call ggml_backend_sycl_device_supports_op op->op=MUL op->type=f32 -> true
[SYCL] call ggml_backend_sycl_device_supports_op op->op=MUL_MAT op->type=f32 -> true
[SYCL] call ggml_backend_sycl_device_supports_op op->op=MUL_MAT op->type=f32 -> true
[SYCL] call ggml_backend_sycl_device_supports_op op->op=MUL op->type=f32 -> true
[SYCL] call ggml_backend_sycl_device_supports_op op->op=MUL op->type=f32 -> true
[SYCL] call ggml_backend_sycl_device_supports_op op->op=MUL op->type=f32 -> true
[SYCL] call ggml_backend_sycl_device_supports_op op->op=MUL_MAT op->type=f32 -> true
[SYCL] call ggml_backend_sycl_device_supports_op op->op=MUL op->type=f32 -> true
[SYCL] call ggml_backend_sycl_device_supports_op op->op=MUL_MAT op->type=f32 -> true
[SYCL] call ggml_backend_sycl_device_supports_op op->op=MUL op->type=f32 -> true
[SYCL] call ggml_backend_sycl_device_supports_op op->op=MUL_MAT op->type=f32 -> true
[SYCL] call ggml_backend_sycl_device_supports_op op->op=MUL_MAT op->type=f32 -> true
[SYCL] call ggml_backend_sycl_device_supports_op op->op=MUL op->type=f32 -> true
[SYCL] call ggml_backend_sycl_device_supports_op op->op=MUL op->type=f32 -> true
[SYCL] call ggml_backend_sycl_device_supports_op op->op=MUL_MAT op->type=f32 -> true
[SYCL] call ggml_backend_sycl_device_supports_op op->op=MUL_MAT op->type=f32 -> true
[SYCL] call ggml_backend_sycl_device_supports_op op->op=MUL_MAT op->type=f32 -> true
[SYCL] call ggml_backend_sycl_device_supports_op op->op=MUL op->type=f32 -> true
[SYCL] call ggml_backend_sycl_device_supports_op op->op=MUL_MAT op->type=f32 -> true
[SYCL] call ggml_backend_sycl_device_supports_op op->op=MUL_MAT op->type=f32 -> true
[SYCL] call ggml_backend_sycl_device_supports_op op->op=MUL op->type=f32 -> true
[SYCL] call ggml_backend_sycl_device_supports_op op->op=MUL op->type=f32 -> true
[SYCL] call ggml_backend_sycl_device_supports_op op->op=MUL op->type=f32 -> true
[SYCL] call ggml_backend_sycl_device_supports_op op->op=MUL_MAT op->type=f32 -> true
[SYCL] call ggml_backend_sycl_device_supports_op op->op=MUL op->type=f32 -> true
[SYCL] call ggml_backend_sycl_device_supports_op op->op=MUL_MAT op->type=f32 -> true
[SYCL] call ggml_backend_sycl_device_supports_op op->op=MUL op->type=f32 -> true
[SYCL] call ggml_backend_sycl_device_supports_op op->op=MUL_MAT op->type=f32 -> true
[SYCL] call ggml_backend_sycl_device_supports_op op->op=MUL_MAT op->type=f32 -> true
[SYCL] call ggml_backend_sycl_device_supports_op op->op=MUL op->type=f32 -> true
[SYCL] call ggml_backend_sycl_device_supports_op op->op=MUL op->type=f32 -> true
[SYCL] call ggml_backend_sycl_device_supports_op op->op=MUL_MAT op->type=f32 -> true
[SYCL] call ggml_backend_sycl_device_supports_op op->op=MUL_MAT op->type=f32 -> true
[SYCL] call ggml_backend_sycl_device_supports_op op->op=MUL_MAT op->type=f32 -> true
[SYCL] call ggml_backend_sycl_device_supports_op op->op=MUL op->type=f32 -> true
[SYCL] call ggml_backend_sycl_device_supports_op op->op=MUL_MAT op->type=f32 -> true
[SYCL] call ggml_backend_sycl_device_supports_op op->op=MUL_MAT op->type=f32 -> true
[SYCL] call ggml_backend_sycl_device_supports_op op->op=MUL op->type=f32 -> true
[SYCL] call ggml_backend_sycl_device_supports_op op->op=MUL op->type=f32 -> true
[SYCL] call ggml_backend_sycl_device_supports_op op->op=MUL op->type=f32 -> true
[SYCL] call ggml_backend_sycl_device_supports_op op->op=MUL_MAT op->type=f32 -> true
[SYCL] call ggml_backend_sycl_device_supports_op op->op=MUL op->type=f32 -> true
[SYCL] call ggml_backend_sycl_device_supports_op op->op=MUL_MAT op->type=f32 -> true
[SYCL] call ggml_backend_sycl_device_supports_op op->op=MUL op->type=f32 -> true
[SYCL] call ggml_backend_sycl_device_supports_op op->op=MUL_MAT op->type=f32 -> true
[SYCL] call ggml_backend_sycl_device_supports_op op->op=MUL_MAT op->type=f32 -> true
[SYCL] call ggml_backend_sycl_device_supports_op op->op=MUL op->type=f32 -> true
[SYCL] call ggml_backend_sycl_device_supports_op op->op=MUL op->type=f32 -> true
[SYCL] call ggml_backend_sycl_device_supports_op op->op=MUL_MAT op->type=f32 -> true
[SYCL] call ggml_backend_sycl_device_supports_op op->op=MUL_MAT op->type=f32 -> true
[SYCL] call ggml_backend_sycl_device_supports_op op->op=MUL_MAT op->type=f32 -> true
[SYCL] call ggml_backend_sycl_device_supports_op op->op=MUL op->type=f32 -> true
[SYCL] call ggml_backend_sycl_device_supports_op op->op=MUL_MAT op->type=f32 -> true
[SYCL] call ggml_backend_sycl_device_supports_op op->op=MUL_MAT op->type=f32 -> true
[SYCL] call ggml_backend_sycl_device_supports_op op->op=MUL op->type=f32 -> true
[SYCL] call ggml_backend_sycl_device_supports_op op->op=MUL op->type=f32 -> true
[SYCL] call ggml_backend_sycl_device_supports_op op->op=MUL op->type=f32 -> true
[SYCL] call ggml_backend_sycl_device_supports_op op->op=MUL_MAT op->type=f32 -> true
[SYCL] call ggml_backend_sycl_device_supports_op op->op=MUL op->type=f32 -> true
[SYCL] call ggml_backend_sycl_device_supports_op op->op=MUL_MAT op->type=f32 -> true
[SYCL] call ggml_backend_sycl_device_supports_op op->op=MUL op->type=f32 -> true
[SYCL] call ggml_backend_sycl_device_supports_op op->op=MUL_MAT op->type=f32 -> true
[SYCL] call ggml_backend_sycl_device_supports_op op->op=MUL_MAT op->type=f32 -> true
[SYCL] call ggml_backend_sycl_device_supports_op op->op=MUL op->type=f32 -> true
[SYCL] call ggml_backend_sycl_device_supports_op op->op=MUL op->type=f32 -> true
[SYCL] call ggml_backend_sycl_device_supports_op op->op=MUL_MAT op->type=f32 -> true
[SYCL] call ggml_backend_sycl_device_supports_op op->op=MUL_MAT op->type=f32 -> true
[SYCL] call ggml_backend_sycl_device_supports_op op->op=MUL_MAT op->type=f32 -> true
[SYCL] call ggml_backend_sycl_device_supports_op op->op=MUL op->type=f32 -> true
[SYCL] call ggml_backend_sycl_device_supports_op op->op=MUL_MAT op->type=f32 -> true
[SYCL] call ggml_backend_sycl_device_supports_op op->op=MUL_MAT op->type=f32 -> true
[SYCL] call ggml_backend_sycl_device_supports_op op->op=MUL op->type=f32 -> true
[SYCL] call ggml_backend_sycl_device_supports_op op->op=MUL op->type=f32 -> true
[SYCL] call ggml_backend_sycl_device_supports_op op->op=MUL op->type=f32 -> true
[SYCL] call ggml_backend_sycl_device_supports_op op->op=MUL_MAT op->type=f32 -> true
[SYCL] call ggml_backend_sycl_device_supports_op op->op=MUL op->type=f32 -> true
[SYCL] call ggml_backend_sycl_device_supports_op op->op=MUL_MAT op->type=f32 -> true
[SYCL] call ggml_backend_sycl_device_supports_op op->op=MUL op->type=f32 -> true
[SYCL] call ggml_backend_sycl_device_supports_op op->op=MUL op->type=f32 -> true
[SYCL] call ggml_backend_sycl_device_supports_op op->op=MUL_MAT op->type=f32 -> true
[SYCL] call ggml_backend_sycl_device_supports_op op->op=MUL_MAT op->type=f32 -> true
[SYCL] call ggml_backend_sycl_device_supports_op op->op=MUL_MAT op->type=f32 -> true
[SYCL] call ggml_backend_sycl_device_supports_op op->op=MUL op->type=f32 -> true
[SYCL] call ggml_backend_sycl_device_supports_op op->op=MUL_MAT op->type=f32 -> true
[SYCL] call ggml_backend_sycl_device_supports_op op->op=MUL_MAT op->type=f32 -> true
[SYCL] call ggml_backend_sycl_device_supports_op op->op=MUL op->type=f32 -> true
[SYCL] call ggml_backend_sycl_device_supports_op op->op=MUL op->type=f32 -> true
[SYCL] call ggml_backend_sycl_device_supports_op op->op=MUL op->type=f32 -> true
[SYCL] call ggml_backend_sycl_device_supports_op op->op=MUL_MAT op->type=f32 -> true
[SYCL] call ggml_backend_sycl_device_supports_op op->op=MUL op->type=f32 -> true
[SYCL] call ggml_backend_sycl_device_supports_op op->op=MUL_MAT op->type=f32 -> true
[SYCL] call ggml_backend_sycl_device_supports_op op->op=MUL op->type=f32 -> true
[SYCL] call ggml_backend_sycl_device_supports_op op->op=MUL op->type=f32 -> true
[SYCL] call ggml_backend_sycl_device_supports_op op->op=MUL_MAT op->type=f32 -> true
[SYCL] call ggml_backend_sycl_device_supports_op op->op=MUL_MAT op->type=f32 -> true
[SYCL] call ggml_backend_sycl_device_supports_op op->op=MUL_MAT op->type=f32 -> true
[SYCL] call ggml_backend_sycl_device_supports_op op->op=MUL op->type=f32 -> true
[SYCL] call ggml_backend_sycl_device_supports_op op->op=MUL_MAT op->type=f32 -> true
[SYCL] call ggml_backend_sycl_device_supports_op op->op=MUL_MAT op->type=f32 -> true
[SYCL] call ggml_backend_sycl_device_supports_op op->op=MUL op->type=f32 -> true
[SYCL] call ggml_backend_sycl_device_supports_op op->op=MUL op->type=f32 -> true
[SYCL] call ggml_backend_sycl_device_supports_op op->op=MUL op->type=f32 -> true
[SYCL] call ggml_backend_sycl_device_supports_op op->op=MUL_MAT op->type=f32 -> true
[SYCL] call ggml_backend_sycl_device_supports_op op->op=MUL op->type=f32 -> true
[SYCL] call ggml_backend_sycl_device_supports_op op->op=MUL_MAT op->type=f32 -> true
[SYCL] call ggml_backend_sycl_device_supports_op op->op=MUL op->type=f32 -> true
[SYCL] call ggml_backend_sycl_device_supports_op op->op=MUL op->type=f32 -> true
[SYCL] call ggml_backend_sycl_device_supports_op op->op=MUL_MAT op->type=f32 -> true
[SYCL] call ggml_backend_sycl_device_supports_op op->op=MUL_MAT op->type=f32 -> true
[SYCL] call ggml_backend_sycl_device_supports_op op->op=MUL_MAT op->type=f32 -> true
[SYCL] call ggml_backend_sycl_device_supports_op op->op=MUL op->type=f32 -> true
[SYCL] call ggml_backend_sycl_device_supports_op op->op=MUL_MAT op->type=f32 -> true
[SYCL] call ggml_backend_sycl_device_supports_op op->op=MUL_MAT op->type=f32 -> true
[SYCL] call ggml_backend_sycl_device_supports_op op->op=MUL op->type=f32 -> true
[SYCL] call ggml_backend_sycl_device_supports_op op->op=MUL op->type=f32 -> true
[SYCL] call ggml_backend_sycl_device_supports_op op->op=MUL op->type=f32 -> true
[SYCL] call ggml_backend_sycl_device_supports_op op->op=MUL_MAT op->type=f32 -> true
[SYCL] call ggml_backend_sycl_device_supports_op op->op=MUL op->type=f32 -> true
[SYCL] call ggml_backend_sycl_device_supports_op op->op=MUL_MAT op->type=f32 -> true
[SYCL] call ggml_backend_sycl_device_supports_op op->op=MUL op->type=f32 -> true
[SYCL] call ggml_backend_sycl_device_supports_op op->op=MUL op->type=f32 -> true
[SYCL] call ggml_backend_sycl_device_supports_op op->op=MUL_MAT op->type=f32 -> true
[SYCL] call ggml_backend_sycl_device_supports_op op->op=MUL_MAT op->type=f32 -> true
[SYCL] call ggml_backend_sycl_device_supports_op op->op=MUL_MAT op->type=f32 -> true
[SYCL] call ggml_backend_sycl_device_supports_op op->op=MUL op->type=f32 -> true
[SYCL] call ggml_backend_sycl_device_supports_op op->op=MUL_MAT op->type=f32 -> true
[SYCL] call ggml_backend_sycl_device_supports_op op->op=MUL_MAT op->type=f32 -> true
[SYCL] call ggml_backend_sycl_device_supports_op op->op=MUL op->type=f32 -> true
[SYCL] call ggml_backend_sycl_device_supports_op op->op=MUL op->type=f32 -> true
[SYCL] call ggml_backend_sycl_device_supports_op op->op=MUL op->type=f32 -> true
[SYCL] call ggml_backend_sycl_device_supports_op op->op=MUL_MAT op->type=f32 -> true
[SYCL] call ggml_backend_sycl_device_supports_op op->op=MUL op->type=f32 -> true
[SYCL] call ggml_backend_sycl_device_supports_op op->op=MUL_MAT op->type=f32 -> true
[SYCL] call ggml_backend_sycl_device_supports_op op->op=MUL op->type=f32 -> true
[SYCL] call ggml_backend_sycl_device_supports_op op->op=MUL op->type=f32 -> true
[SYCL] call ggml_backend_sycl_device_supports_op op->op=MUL_MAT op->type=f32 -> true
[SYCL] call ggml_backend_sycl_device_supports_op op->op=MUL_MAT op->type=f32 -> true
[SYCL] call ggml_backend_sycl_device_supports_op op->op=MUL_MAT op->type=f32 -> true
[SYCL] call ggml_backend_sycl_device_supports_op op->op=MUL op->type=f32 -> true
[SYCL] call ggml_backend_sycl_device_supports_op op->op=MUL_MAT op->type=f32 -> true
[SYCL] call ggml_backend_sycl_device_supports_op op->op=MUL_MAT op->type=f32 -> true
[SYCL] call ggml_backend_sycl_device_supports_op op->op=MUL op->type=f32 -> true
[SYCL] call ggml_backend_sycl_device_supports_op op->op=MUL op->type=f32 -> true
[SYCL] call ggml_backend_sycl_device_supports_op op->op=MUL op->type=f32 -> true
[SYCL] call ggml_backend_sycl_device_supports_op op->op=MUL_MAT op->type=f32 -> true
[SYCL] call ggml_backend_sycl_device_supports_op op->op=MUL op->type=f32 -> true
[SYCL] call ggml_backend_sycl_device_supports_op op->op=MUL_MAT op->type=f32 -> true
[SYCL] call ggml_backend_sycl_device_supports_op op->op=MUL op->type=f32 -> true
[SYCL] call ggml_backend_sycl_device_supports_op op->op=MUL op->type=f32 -> true
[SYCL] call ggml_backend_sycl_device_supports_op op->op=MUL_MAT op->type=f32 -> true
[SYCL] call ggml_backend_sycl_device_supports_op op->op=MUL_MAT op->type=f32 -> true
[SYCL] call ggml_backend_sycl_device_supports_op op->op=MUL_MAT op->type=f32 -> true
[SYCL] call ggml_backend_sycl_device_supports_op op->op=MUL op->type=f32 -> true
[SYCL] call ggml_backend_sycl_device_supports_op op->op=MUL_MAT op->type=f32 -> true
[SYCL] call ggml_backend_sycl_device_supports_op op->op=MUL_MAT op->type=f32 -> true
[SYCL] call ggml_backend_sycl_device_supports_op op->op=MUL op->type=f32 -> true
[SYCL] call ggml_backend_sycl_device_supports_op op->op=MUL op->type=f32 -> true
[SYCL] call ggml_backend_sycl_device_supports_op op->op=MUL op->type=f32 -> true
[SYCL] call ggml_backend_sycl_device_supports_op op->op=MUL_MAT op->type=f32 -> true
[SYCL] call ggml_backend_sycl_device_supports_op op->op=MUL op->type=f32 -> true
[SYCL] call ggml_backend_sycl_device_supports_op op->op=MUL_MAT op->type=f32 -> true
[SYCL] call ggml_backend_sycl_device_supports_op op->op=MUL op->type=f32 -> true
[SYCL] call ggml_backend_sycl_device_supports_op op->op=MUL op->type=f32 -> true
[SYCL] call ggml_backend_sycl_device_supports_op op->op=MUL_MAT op->type=f32 -> true
[SYCL] call ggml_backend_sycl_device_supports_op op->op=MUL_MAT op->type=f32 -> true
[SYCL] call ggml_backend_sycl_device_supports_op op->op=MUL_MAT op->type=f32 -> true
[SYCL] call ggml_backend_sycl_device_supports_op op->op=MUL op->type=f32 -> true
[SYCL] call ggml_backend_sycl_device_supports_op op->op=MUL_MAT op->type=f32 -> true
[SYCL] call ggml_backend_sycl_device_supports_op op->op=MUL_MAT op->type=f32 -> true
[SYCL] call ggml_backend_sycl_device_supports_op op->op=MUL op->type=f32 -> true
[SYCL] call ggml_backend_sycl_device_supports_op op->op=MUL op->type=f32 -> true
[SYCL] call ggml_backend_sycl_device_supports_op op->op=MUL op->type=f32 -> true
[SYCL] call ggml_backend_sycl_device_supports_op op->op=MUL_MAT op->type=f32 -> true
[SYCL] call ggml_backend_sycl_device_supports_op op->op=MUL op->type=f32 -> true
[SYCL] call ggml_backend_sycl_device_supports_op op->op=MUL_MAT op->type=f32 -> true
[SYCL] call ggml_backend_sycl_device_supports_op op->op=MUL op->type=f32 -> true
[SYCL] call ggml_backend_sycl_device_supports_op op->op=MUL op->type=f32 -> true
[SYCL] call ggml_backend_sycl_device_supports_op op->op=MUL_MAT op->type=f32 -> true
[SYCL] call ggml_backend_sycl_device_supports_op op->op=MUL_MAT op->type=f32 -> true
[SYCL] call ggml_backend_sycl_device_supports_op op->op=MUL_MAT op->type=f32 -> true
[SYCL] call ggml_backend_sycl_device_supports_op op->op=MUL op->type=f32 -> true
[SYCL] call ggml_backend_sycl_device_supports_op op->op=MUL_MAT op->type=f32 -> true
[SYCL] call ggml_backend_sycl_device_supports_op op->op=MUL_MAT op->type=f32 -> true
[SYCL] call ggml_backend_sycl_device_supports_op op->op=MUL op->type=f32 -> true
[SYCL] call ggml_backend_sycl_device_supports_op op->op=MUL op->type=f32 -> true
[SYCL] call ggml_backend_sycl_device_supports_op op->op=MUL op->type=f32 -> true
[SYCL] call ggml_backend_sycl_device_supports_op op->op=MUL_MAT op->type=f32 -> true
[SYCL] call ggml_backend_sycl_device_supports_op op->op=MUL op->type=f32 -> true
[SYCL] call ggml_backend_sycl_device_supports_op op->op=MUL_MAT op->type=f32 -> true
[SYCL] call ggml_backend_sycl_device_supports_op op->op=MUL op->type=f32 -> true
[SYCL] call ggml_backend_sycl_device_supports_op op->op=MUL op->type=f32 -> true
[SYCL] call ggml_backend_sycl_device_supports_op op->op=MUL_MAT op->type=f32 -> true
[SYCL] call ggml_backend_sycl_device_supports_op op->op=MUL_MAT op->type=f32 -> true
[SYCL] call ggml_backend_sycl_device_supports_op op->op=MUL_MAT op->type=f32 -> true
[SYCL] call ggml_backend_sycl_device_supports_op op->op=MUL op->type=f32 -> true
[SYCL] call ggml_backend_sycl_device_supports_op op->op=MUL_MAT op->type=f32 -> true
[SYCL] call ggml_backend_sycl_device_supports_op op->op=MUL_MAT op->type=f32 -> true
[SYCL] call ggml_backend_sycl_device_supports_op op->op=MUL op->type=f32 -> true
[SYCL] call ggml_backend_sycl_device_supports_op op->op=MUL op->type=f32 -> true
[SYCL] call ggml_backend_sycl_device_supports_op op->op=MUL op->type=f32 -> true
[SYCL] call ggml_backend_sycl_device_supports_op op->op=MUL_MAT op->type=f32 -> true
[SYCL] call ggml_backend_sycl_device_supports_op op->op=MUL op->type=f32 -> true
[SYCL] call ggml_backend_sycl_device_supports_op op->op=MUL_MAT op->type=f32 -> true
[SYCL] call ggml_backend_sycl_device_supports_op op->op=MUL op->type=f32 -> true
[SYCL] call ggml_backend_sycl_device_supports_op op->op=MUL op->type=f32 -> true
[SYCL] call ggml_backend_sycl_device_supports_op op->op=MUL_MAT op->type=f32 -> true
[SYCL] call ggml_backend_sycl_device_supports_op op->op=MUL_MAT op->type=f32 -> true
[SYCL] call ggml_backend_sycl_device_supports_op op->op=MUL_MAT op->type=f32 -> true
[SYCL] call ggml_backend_sycl_device_supports_op op->op=MUL op->type=f32 -> true
[SYCL] call ggml_backend_sycl_device_supports_op op->op=MUL_MAT op->type=f32 -> true
[SYCL] call ggml_backend_sycl_device_supports_op op->op=MUL_MAT op->type=f32 -> true
[SYCL] call ggml_backend_sycl_device_supports_op op->op=MUL op->type=f32 -> true
[SYCL] call ggml_backend_sycl_device_supports_op op->op=MUL op->type=f32 -> true
[SYCL] call ggml_backend_sycl_device_supports_op op->op=MUL op->type=f32 -> true
[SYCL] call ggml_backend_sycl_device_supports_op op->op=MUL_MAT op->type=f32 -> true
[SYCL] call ggml_backend_sycl_device_supports_op op->op=MUL op->type=f32 -> true
[SYCL] call ggml_backend_sycl_device_supports_op op->op=MUL_MAT op->type=f32 -> true
[SYCL] call ggml_backend_sycl_device_supports_op op->op=MUL op->type=f32 -> true
[SYCL] call ggml_backend_sycl_device_supports_op op->op=MUL op->type=f32 -> true
[SYCL] call ggml_backend_sycl_device_supports_op op->op=MUL_MAT op->type=f32 -> true
[SYCL] call ggml_backend_sycl_device_supports_op op->op=MUL_MAT op->type=f32 -> true
[SYCL] call ggml_backend_sycl_device_supports_op op->op=MUL_MAT op->type=f32 -> true
[SYCL] call ggml_backend_sycl_device_supports_op op->op=MUL op->type=f32 -> true
[SYCL] call ggml_backend_sycl_device_supports_op op->op=MUL_MAT op->type=f32 -> true
[SYCL] call ggml_backend_sycl_device_supports_op op->op=MUL_MAT op->type=f32 -> true
[SYCL] call ggml_backend_sycl_device_supports_op op->op=MUL op->type=f32 -> true
[SYCL] call ggml_backend_sycl_device_supports_op op->op=MUL op->type=f32 -> true
[SYCL] call ggml_backend_sycl_device_supports_op op->op=MUL op->type=f32 -> true
[SYCL] call ggml_backend_sycl_device_supports_op op->op=MUL_MAT op->type=f32 -> true
[SYCL] call ggml_backend_sycl_device_supports_op op->op=MUL op->type=f32 -> true
[SYCL] call ggml_backend_sycl_device_supports_op op->op=MUL_MAT op->type=f32 -> true
[SYCL] call ggml_backend_sycl_device_supports_op op->op=MUL op->type=f32 -> true
[SYCL] call ggml_backend_sycl_device_supports_op op->op=MUL op->type=f32 -> true
[SYCL] call ggml_backend_sycl_device_supports_op op->op=MUL_MAT op->type=f32 -> true
[SYCL] call ggml_backend_sycl_device_supports_op op->op=MUL_MAT op->type=f32 -> true
[SYCL] call ggml_backend_sycl_device_supports_op op->op=MUL_MAT op->type=f32 -> true
[SYCL] call ggml_backend_sycl_device_supports_op op->op=MUL op->type=f32 -> true
[SYCL] call ggml_backend_sycl_device_supports_op op->op=MUL_MAT op->type=f32 -> true
[SYCL] call ggml_backend_sycl_device_supports_op op->op=MUL_MAT op->type=f32 -> true
[SYCL] call ggml_backend_sycl_device_supports_op op->op=MUL op->type=f32 -> true
[SYCL] call ggml_backend_sycl_device_supports_op op->op=MUL op->type=f32 -> true
[SYCL] call ggml_backend_sycl_device_supports_op op->op=MUL op->type=f32 -> true
[SYCL] call ggml_backend_sycl_device_supports_op op->op=MUL_MAT op->type=f32 -> true
[SYCL] call ggml_backend_sycl_device_supports_op op->op=MUL op->type=f32 -> true
[SYCL] call ggml_backend_sycl_device_supports_op op->op=MUL_MAT op->type=f32 -> true
[SYCL] call ggml_backend_sycl_device_supports_op op->op=MUL op->type=f32 -> true
[SYCL] call ggml_backend_sycl_device_supports_op op->op=MUL op->type=f32 -> true
[SYCL] call ggml_backend_sycl_device_supports_op op->op=MUL_MAT op->type=f32 -> true
[SYCL] call ggml_backend_sycl_device_supports_op op->op=MUL_MAT op->type=f32 -> true
[SYCL] call ggml_backend_sycl_device_supports_op op->op=MUL_MAT op->type=f32 -> true
[SYCL] call ggml_backend_sycl_device_supports_op op->op=MUL op->type=f32 -> true
[SYCL] call ggml_backend_sycl_device_supports_op op->op=MUL_MAT op->type=f32 -> true
[SYCL] call ggml_backend_sycl_device_supports_op op->op=MUL_MAT op->type=f32 -> true
[SYCL] call ggml_backend_sycl_device_supports_op op->op=MUL op->type=f32 -> true
[SYCL] call ggml_backend_sycl_device_supports_op op->op=MUL op->type=f32 -> true
[SYCL] call ggml_backend_sycl_device_supports_op op->op=MUL op->type=f32 -> true
[SYCL] call ggml_backend_sycl_device_supports_op op->op=MUL_MAT op->type=f32 -> true
[SYCL] call ggml_backend_sycl_device_supports_op op->op=MUL op->type=f32 -> true
[SYCL] call ggml_backend_sycl_device_supports_op op->op=MUL_MAT op->type=f32 -> true
[SYCL] call ggml_backend_sycl_device_supports_op op->op=MUL op->type=f32 -> true
[SYCL] call ggml_backend_sycl_device_supports_op op->op=MUL op->type=f32 -> true
[SYCL] call ggml_backend_sycl_device_supports_op op->op=MUL_MAT op->type=f32 -> true
[SYCL] call ggml_backend_sycl_device_supports_op op->op=MUL_MAT op->type=f32 -> true
[SYCL] call ggml_backend_sycl_device_supports_op op->op=MUL_MAT op->type=f32 -> true
[SYCL] call ggml_backend_sycl_device_supports_op op->op=MUL op->type=f32 -> true
[SYCL] call ggml_backend_sycl_device_supports_op op->op=MUL_MAT op->type=f32 -> true
[SYCL] call ggml_backend_sycl_device_supports_op op->op=MUL_MAT op->type=f32 -> true
[SYCL] call ggml_backend_sycl_device_supports_op op->op=MUL op->type=f32 -> true
[SYCL] call ggml_backend_sycl_device_supports_op op->op=MUL op->type=f32 -> true
[SYCL] call ggml_backend_sycl_device_supports_op op->op=MUL op->type=f32 -> true
[SYCL] call ggml_backend_sycl_device_supports_op op->op=MUL_MAT op->type=f32 -> true
[SYCL] call ggml_backend_sycl_device_supports_op op->op=MUL op->type=f32 -> true
[SYCL] call ggml_backend_sycl_device_supports_op op->op=MUL_MAT op->type=f32 -> true
[SYCL] call ggml_backend_sycl_device_supports_op op->op=MUL op->type=f32 -> true
[SYCL] call ggml_backend_sycl_device_supports_op op->op=MUL op->type=f32 -> true
[SYCL] call ggml_backend_sycl_device_supports_op op->op=MUL_MAT op->type=f32 -> true
[SYCL] call ggml_backend_sycl_device_supports_op op->op=MUL_MAT op->type=f32 -> true
[SYCL] call ggml_backend_sycl_device_supports_op op->op=MUL_MAT op->type=f32 -> true
[SYCL] call ggml_backend_sycl_device_supports_op op->op=MUL op->type=f32 -> true
[SYCL] call ggml_backend_sycl_device_supports_op op->op=MUL_MAT op->type=f32 -> true
[SYCL] call ggml_backend_sycl_device_supports_op op->op=MUL_MAT op->type=f32 -> true
[SYCL] call ggml_backend_sycl_device_supports_op op->op=MUL op->type=f32 -> true
[SYCL] call ggml_backend_sycl_device_supports_op op->op=MUL op->type=f32 -> true
[SYCL] call ggml_backend_sycl_device_supports_op op->op=MUL op->type=f32 -> true
[SYCL] call ggml_backend_sycl_device_supports_op op->op=MUL_MAT op->type=f32 -> true
[SYCL] call ggml_backend_sycl_device_supports_op op->op=MUL op->type=f32 -> true
[SYCL] call ggml_backend_sycl_device_supports_op op->op=MUL_MAT op->type=f32 -> true
[SYCL] call ggml_backend_sycl_device_supports_op op->op=MUL op->type=f32 -> true
[SYCL] call ggml_backend_sycl_device_supports_op op->op=MUL op->type=f32 -> true
[SYCL] call ggml_backend_sycl_device_supports_op op->op=MUL_MAT op->type=f32 -> true
[SYCL] call ggml_backend_sycl_device_supports_op op->op=MUL_MAT op->type=f32 -> true
[SYCL] call ggml_backend_sycl_device_supports_op op->op=MUL_MAT op->type=f32 -> true
[SYCL] call ggml_backend_sycl_device_supports_op op->op=MUL op->type=f32 -> true
[SYCL] call ggml_backend_sycl_device_supports_op op->op=MUL_MAT op->type=f32 -> true
[SYCL] call ggml_backend_sycl_device_supports_op op->op=MUL_MAT op->type=f32 -> true
[SYCL] call ggml_backend_sycl_device_supports_op op->op=MUL op->type=f32 -> true
[SYCL] call ggml_backend_sycl_device_supports_op op->op=MUL op->type=f32 -> true
[SYCL] call ggml_backend_sycl_device_supports_op op->op=MUL op->type=f32 -> true
[SYCL] call ggml_backend_sycl_device_supports_op op->op=MUL_MAT op->type=f32 -> true
[SYCL] call ggml_backend_sycl_device_supports_op op->op=MUL op->type=f32 -> true
[SYCL] call ggml_backend_sycl_device_supports_op op->op=MUL_MAT op->type=f32 -> true
[SYCL] call ggml_backend_sycl_device_supports_op op->op=MUL op->type=f32 -> true
[SYCL] call ggml_backend_sycl_device_supports_op op->op=MUL op->type=f32 -> true
[SYCL] call ggml_backend_sycl_device_supports_op op->op=MUL_MAT op->type=f32 -> true
[SYCL] call ggml_backend_sycl_device_supports_op op->op=MUL_MAT op->type=f32 -> true
[SYCL] call ggml_backend_sycl_device_supports_op op->op=MUL_MAT op->type=f32 -> true
[SYCL] call ggml_backend_sycl_device_supports_op op->op=MUL op->type=f32 -> true
[SYCL] call ggml_backend_sycl_device_supports_op op->op=MUL_MAT op->type=f32 -> true
[SYCL] call ggml_backend_sycl_device_supports_op op->op=MUL_MAT op->type=f32 -> true
[SYCL] call ggml_backend_sycl_device_supports_op op->op=MUL op->type=f32 -> true
[SYCL] call ggml_backend_sycl_device_supports_op op->op=MUL op->type=f32 -> true
[SYCL] call ggml_backend_sycl_device_supports_op op->op=MUL op->type=f32 -> true
[SYCL] call ggml_backend_sycl_device_supports_op op->op=MUL_MAT op->type=f32 -> true
[SYCL] call ggml_backend_sycl_device_supports_op op->op=MUL op->type=f32 -> true
[SYCL] call ggml_backend_sycl_device_supports_op op->op=MUL_MAT op->type=f32 -> true
[SYCL] call ggml_backend_sycl_device_supports_op op->op=MUL op->type=f32 -> true
[SYCL] call ggml_backend_sycl_device_supports_op op->op=MUL op->type=f32 -> true
[SYCL] call ggml_backend_sycl_device_supports_op op->op=MUL_MAT op->type=f32 -> true
[SYCL] call ggml_backend_sycl_device_supports_op op->op=MUL_MAT op->type=f32 -> true
[SYCL] call ggml_backend_sycl_device_supports_op op->op=MUL_MAT op->type=f32 -> true
[SYCL] call ggml_backend_sycl_device_supports_op op->op=MUL op->type=f32 -> true
[SYCL] call ggml_backend_sycl_device_supports_op op->op=MUL_MAT op->type=f32 -> true
[SYCL] call ggml_backend_sycl_device_supports_op op->op=MUL_MAT op->type=f32 -> true
[SYCL] call ggml_backend_sycl_device_supports_op op->op=MUL op->type=f32 -> true
[SYCL] call ggml_backend_sycl_device_supports_op op->op=MUL op->type=f32 -> true
[SYCL] call ggml_backend_sycl_device_supports_op op->op=MUL op->type=f32 -> true
[SYCL] call ggml_backend_sycl_device_supports_op op->op=MUL_MAT op->type=f32 -> true
[SYCL] call ggml_backend_sycl_device_supports_op op->op=ADD op->type=f32 -> true
[SYCL] call ggml_backend_sycl_device_supports_op op->op=SCALE op->type=f32 -> true
[SYCL] call ggml_backend_sycl_device_supports_op op->op=CONT op->type=f32 -> true
[SYCL] call ggml_backend_sycl_device_supports_op op->op=MUL op->type=f32 -> true
[SYCL] call ggml_backend_sycl_device_supports_op op->op=ROPE op->type=f32 -> true
[SYCL] call ggml_backend_sycl_device_supports_op op->op=MUL_MAT op->type=f32 -> true
[SYCL] call ggml_backend_sycl_device_supports_op op->op=FLASH_ATTN_EXT op->type=f32 -> true
[SYCL] call ggml_backend_sycl_device_supports_op op->op=MUL_MAT op->type=f32 -> true
[SYCL] call ggml_backend_sycl_device_supports_op op->op=ADD op->type=f32 -> true
[SYCL] call ggml_backend_sycl_device_supports_op op->op=GLU op->type=f32 -> true
[SYCL] call ggml_backend_sycl_device_supports_op op->op=RMS_NORM op->type=f32 -> true
[SYCL] call ggml_backend_sycl_device_supports_op op->op=ADD op->type=f32 -> true
[SYCL] call ggml_backend_sycl_device_supports_op op->op=UNARY op->type=f32 -> true
[SYCL] call ggml_backend_sycl_device_supports_op op->op=MUL op->type=f32 -> true
[SYCL] call ggml_backend_sycl_device_supports_op op->op=ADD op->type=f32 -> true
[SYCL] call ggml_backend_sycl_device_supports_op op->op=ROPE op->type=f32 -> true
[SYCL] call ggml_backend_sycl_device_supports_op op->op=MUL_MAT op->type=f32 -> true
[SYCL] call ggml_backend_sycl_device_supports_op op->op=FLASH_ATTN_EXT op->type=f32 -> true
[SYCL] call ggml_backend_sycl_device_supports_op op->op=MUL_MAT op->type=f32 -> true
[SYCL] call ggml_backend_sycl_device_supports_op op->op=ADD op->type=f32 -> true
[SYCL] call ggml_backend_sycl_device_supports_op op->op=GLU op->type=f32 -> true
[SYCL] call ggml_backend_sycl_device_supports_op op->op=RMS_NORM op->type=f32 -> true
[SYCL] call ggml_backend_sycl_device_supports_op op->op=ADD op->type=f32 -> true
[SYCL] call ggml_backend_sycl_device_supports_op op->op=UNARY op->type=f32 -> true
[SYCL] call ggml_backend_sycl_device_supports_op op->op=MUL op->type=f32 -> true
[SYCL] call ggml_backend_sycl_device_supports_op op->op=ADD op->type=f32 -> true
[SYCL] call ggml_backend_sycl_device_supports_op op->op=ROPE op->type=f32 -> true
[SYCL] call ggml_backend_sycl_device_supports_op op->op=MUL_MAT op->type=f32 -> true
[SYCL] call ggml_backend_sycl_device_supports_op op->op=FLASH_ATTN_EXT op->type=f32 -> true
[SYCL] call ggml_backend_sycl_device_supports_op op->op=MUL_MAT op->type=f32 -> true
[SYCL] call ggml_backend_sycl_device_supports_op op->op=ADD op->type=f32 -> true
[SYCL] call ggml_backend_sycl_device_supports_op op->op=GLU op->type=f32 -> true
[SYCL] call ggml_backend_sycl_device_supports_op op->op=RMS_NORM op->type=f32 -> true
[SYCL] call ggml_backend_sycl_device_supports_op op->op=ADD op->type=f32 -> true
[SYCL] call ggml_backend_sycl_device_supports_op op->op=UNARY op->type=f32 -> true
[SYCL] call ggml_backend_sycl_device_supports_op op->op=MUL op->type=f32 -> true
[SYCL] call ggml_backend_sycl_device_supports_op op->op=ADD op->type=f32 -> true
[SYCL] call ggml_backend_sycl_device_supports_op op->op=ROPE op->type=f32 -> true
[SYCL] call ggml_backend_sycl_device_supports_op op->op=MUL_MAT op->type=f32 -> true
[SYCL] call ggml_backend_sycl_device_supports_op op->op=FLASH_ATTN_EXT op->type=f32 -> true
[SYCL] call ggml_backend_sycl_device_supports_op op->op=MUL_MAT op->type=f32 -> true
[SYCL] call ggml_backend_sycl_device_supports_op op->op=ADD op->type=f32 -> true
[SYCL] call ggml_backend_sycl_device_supports_op op->op=GLU op->type=f32 -> true
[SYCL] call ggml_backend_sycl_device_supports_op op->op=RMS_NORM op->type=f32 -> true
[SYCL] call ggml_backend_sycl_device_supports_op op->op=ADD op->type=f32 -> true
[SYCL] call ggml_backend_sycl_device_supports_op op->op=UNARY op->type=f32 -> true
[SYCL] call ggml_backend_sycl_device_supports_op op->op=MUL op->type=f32 -> true
[SYCL] call ggml_backend_sycl_device_supports_op op->op=ADD op->type=f32 -> true
[SYCL] call ggml_backend_sycl_device_supports_op op->op=ROPE op->type=f32 -> true
[SYCL] call ggml_backend_sycl_device_supports_op op->op=MUL_MAT op->type=f32 -> true
[SYCL] call ggml_backend_sycl_device_supports_op op->op=FLASH_ATTN_EXT op->type=f32 -> true
[SYCL] call ggml_backend_sycl_device_supports_op op->op=MUL_MAT op->type=f32 -> true
[SYCL] call ggml_backend_sycl_device_supports_op op->op=ADD op->type=f32 -> true
[SYCL] call ggml_backend_sycl_device_supports_op op->op=GLU op->type=f32 -> true
[SYCL] call ggml_backend_sycl_device_supports_op op->op=RMS_NORM op->type=f32 -> true
[SYCL] call ggml_backend_sycl_device_supports_op op->op=ADD op->type=f32 -> true
[SYCL] call ggml_backend_sycl_device_supports_op op->op=UNARY op->type=f32 -> true
[SYCL] call ggml_backend_sycl_device_supports_op op->op=MUL op->type=f32 -> true
[SYCL] call ggml_backend_sycl_device_supports_op op->op=ADD op->type=f32 -> true
[SYCL] call ggml_backend_sycl_device_supports_op op->op=ROPE op->type=f32 -> true
[SYCL] call ggml_backend_sycl_device_supports_op op->op=MUL_MAT op->type=f32 -> true
[SYCL] call ggml_backend_sycl_device_supports_op op->op=FLASH_ATTN_EXT op->type=f32 -> true
[SYCL] call ggml_backend_sycl_device_supports_op op->op=MUL_MAT op->type=f32 -> true
[SYCL] call ggml_backend_sycl_device_supports_op op->op=ADD op->type=f32 -> true
[SYCL] call ggml_backend_sycl_device_supports_op op->op=GLU op->type=f32 -> true
[SYCL] call ggml_backend_sycl_device_supports_op op->op=RMS_NORM op->type=f32 -> true
[SYCL] call ggml_backend_sycl_device_supports_op op->op=ADD op->type=f32 -> true
[SYCL] call ggml_backend_sycl_device_supports_op op->op=UNARY op->type=f32 -> true
[SYCL] call ggml_backend_sycl_device_supports_op op->op=MUL op->type=f32 -> true
[SYCL] call ggml_backend_sycl_device_supports_op op->op=ADD op->type=f32 -> true
[SYCL] call ggml_backend_sycl_device_supports_op op->op=ROPE op->type=f32 -> true
[SYCL] call ggml_backend_sycl_device_supports_op op->op=MUL_MAT op->type=f32 -> true
[SYCL] call ggml_backend_sycl_device_supports_op op->op=FLASH_ATTN_EXT op->type=f32 -> true
[SYCL] call ggml_backend_sycl_device_supports_op op->op=MUL_MAT op->type=f32 -> true
[SYCL] call ggml_backend_sycl_device_supports_op op->op=ADD op->type=f32 -> true
[SYCL] call ggml_backend_sycl_device_supports_op op->op=GLU op->type=f32 -> true
[SYCL] call ggml_backend_sycl_device_supports_op op->op=RMS_NORM op->type=f32 -> true
[SYCL] call ggml_backend_sycl_device_supports_op op->op=ADD op->type=f32 -> true
[SYCL] call ggml_backend_sycl_device_supports_op op->op=UNARY op->type=f32 -> true
[SYCL] call ggml_backend_sycl_device_supports_op op->op=MUL op->type=f32 -> true
[SYCL] call ggml_backend_sycl_device_supports_op op->op=ADD op->type=f32 -> true
[SYCL] call ggml_backend_sycl_device_supports_op op->op=ROPE op->type=f32 -> true
[SYCL] call ggml_backend_sycl_device_supports_op op->op=MUL_MAT op->type=f32 -> true
[SYCL] call ggml_backend_sycl_device_supports_op op->op=FLASH_ATTN_EXT op->type=f32 -> true
[SYCL] call ggml_backend_sycl_device_supports_op op->op=MUL_MAT op->type=f32 -> true
[SYCL] call ggml_backend_sycl_device_supports_op op->op=ADD op->type=f32 -> true
[SYCL] call ggml_backend_sycl_device_supports_op op->op=GLU op->type=f32 -> true
[SYCL] call ggml_backend_sycl_device_supports_op op->op=RMS_NORM op->type=f32 -> true
[SYCL] call ggml_backend_sycl_device_supports_op op->op=ADD op->type=f32 -> true
[SYCL] call ggml_backend_sycl_device_supports_op op->op=UNARY op->type=f32 -> true
[SYCL] call ggml_backend_sycl_device_supports_op op->op=MUL op->type=f32 -> true
[SYCL] call ggml_backend_sycl_device_supports_op op->op=ADD op->type=f32 -> true
[SYCL] call ggml_backend_sycl_device_supports_op op->op=ROPE op->type=f32 -> true
[SYCL] call ggml_backend_sycl_device_supports_op op->op=MUL_MAT op->type=f32 -> true
[SYCL] call ggml_backend_sycl_device_supports_op op->op=FLASH_ATTN_EXT op->type=f32 -> true
[SYCL] call ggml_backend_sycl_device_supports_op op->op=MUL_MAT op->type=f32 -> true
[SYCL] call ggml_backend_sycl_device_supports_op op->op=ADD op->type=f32 -> true
[SYCL] call ggml_backend_sycl_device_supports_op op->op=GLU op->type=f32 -> true
[SYCL] call ggml_backend_sycl_device_supports_op op->op=RMS_NORM op->type=f32 -> true
[SYCL] call ggml_backend_sycl_device_supports_op op->op=ADD op->type=f32 -> true
[SYCL] call ggml_backend_sycl_device_supports_op op->op=UNARY op->type=f32 -> true
[SYCL] call ggml_backend_sycl_device_supports_op op->op=MUL op->type=f32 -> true
[SYCL] call ggml_backend_sycl_device_supports_op op->op=ADD op->type=f32 -> true
[SYCL] call ggml_backend_sycl_device_supports_op op->op=ROPE op->type=f32 -> true
[SYCL] call ggml_backend_sycl_device_supports_op op->op=MUL_MAT op->type=f32 -> true
[SYCL] call ggml_backend_sycl_device_supports_op op->op=FLASH_ATTN_EXT op->type=f32 -> true
[SYCL] call ggml_backend_sycl_device_supports_op op->op=MUL_MAT op->type=f32 -> true
[SYCL] call ggml_backend_sycl_device_supports_op op->op=ADD op->type=f32 -> true
[SYCL] call ggml_backend_sycl_device_supports_op op->op=GLU op->type=f32 -> true
[SYCL] call ggml_backend_sycl_device_supports_op op->op=RMS_NORM op->type=f32 -> true
[SYCL] call ggml_backend_sycl_device_supports_op op->op=ADD op->type=f32 -> true
[SYCL] call ggml_backend_sycl_device_supports_op op->op=UNARY op->type=f32 -> true
[SYCL] call ggml_backend_sycl_device_supports_op op->op=MUL op->type=f32 -> true
[SYCL] call ggml_backend_sycl_device_supports_op op->op=ADD op->type=f32 -> true
[SYCL] call ggml_backend_sycl_device_supports_op op->op=ROPE op->type=f32 -> true
[SYCL] call ggml_backend_sycl_device_supports_op op->op=MUL_MAT op->type=f32 -> true
[SYCL] call ggml_backend_sycl_device_supports_op op->op=FLASH_ATTN_EXT op->type=f32 -> true
[SYCL] call ggml_backend_sycl_device_supports_op op->op=MUL_MAT op->type=f32 -> true
[SYCL] call ggml_backend_sycl_device_supports_op op->op=ADD op->type=f32 -> true
[SYCL] call ggml_backend_sycl_device_supports_op op->op=GLU op->type=f32 -> true
[SYCL] call ggml_backend_sycl_device_supports_op op->op=RMS_NORM op->type=f32 -> true
[SYCL] call ggml_backend_sycl_device_supports_op op->op=ADD op->type=f32 -> true
[SYCL] call ggml_backend_sycl_device_supports_op op->op=UNARY op->type=f32 -> true
[SYCL] call ggml_backend_sycl_device_supports_op op->op=MUL op->type=f32 -> true
[SYCL] call ggml_backend_sycl_device_supports_op op->op=ADD op->type=f32 -> true
[SYCL] call ggml_backend_sycl_device_supports_op op->op=ROPE op->type=f32 -> true
[SYCL] call ggml_backend_sycl_device_supports_op op->op=MUL_MAT op->type=f32 -> true
[SYCL] call ggml_backend_sycl_device_supports_op op->op=FLASH_ATTN_EXT op->type=f32 -> true
[SYCL] call ggml_backend_sycl_device_supports_op op->op=MUL_MAT op->type=f32 -> true
[SYCL] call ggml_backend_sycl_device_supports_op op->op=ADD op->type=f32 -> true
[SYCL] call ggml_backend_sycl_device_supports_op op->op=GLU op->type=f32 -> true
[SYCL] call ggml_backend_sycl_device_supports_op op->op=RMS_NORM op->type=f32 -> true
[SYCL] call ggml_backend_sycl_device_supports_op op->op=ADD op->type=f32 -> true
[SYCL] call ggml_backend_sycl_device_supports_op op->op=UNARY op->type=f32 -> true
[SYCL] call ggml_backend_sycl_device_supports_op op->op=MUL op->type=f32 -> true
[SYCL] call ggml_backend_sycl_device_supports_op op->op=ADD op->type=f32 -> true
[SYCL] call ggml_backend_sycl_device_supports_op op->op=ROPE op->type=f32 -> true
[SYCL] call ggml_backend_sycl_device_supports_op op->op=MUL_MAT op->type=f32 -> true
[SYCL] call ggml_backend_sycl_device_supports_op op->op=FLASH_ATTN_EXT op->type=f32 -> true
[SYCL] call ggml_backend_sycl_device_supports_op op->op=MUL_MAT op->type=f32 -> true
[SYCL] call ggml_backend_sycl_device_supports_op op->op=ADD op->type=f32 -> true
[SYCL] call ggml_backend_sycl_device_supports_op op->op=GLU op->type=f32 -> true
[SYCL] call ggml_backend_sycl_device_supports_op op->op=RMS_NORM op->type=f32 -> true
[SYCL] call ggml_backend_sycl_device_supports_op op->op=ADD op->type=f32 -> true
[SYCL] call ggml_backend_sycl_device_supports_op op->op=UNARY op->type=f32 -> true
[SYCL] call ggml_backend_sycl_device_supports_op op->op=MUL op->type=f32 -> true
[SYCL] call ggml_backend_sycl_device_supports_op op->op=ADD op->type=f32 -> true
[SYCL] call ggml_backend_sycl_device_supports_op op->op=ROPE op->type=f32 -> true
[SYCL] call ggml_backend_sycl_device_supports_op op->op=MUL_MAT op->type=f32 -> true
[SYCL] call ggml_backend_sycl_device_supports_op op->op=FLASH_ATTN_EXT op->type=f32 -> true
[SYCL] call ggml_backend_sycl_device_supports_op op->op=MUL_MAT op->type=f32 -> true
[SYCL] call ggml_backend_sycl_device_supports_op op->op=ADD op->type=f32 -> true
[SYCL] call ggml_backend_sycl_device_supports_op op->op=GLU op->type=f32 -> true
[SYCL] call ggml_backend_sycl_device_supports_op op->op=RMS_NORM op->type=f32 -> true
[SYCL] call ggml_backend_sycl_device_supports_op op->op=ADD op->type=f32 -> true
[SYCL] call ggml_backend_sycl_device_supports_op op->op=UNARY op->type=f32 -> true
[SYCL] call ggml_backend_sycl_device_supports_op op->op=MUL op->type=f32 -> true
[SYCL] call ggml_backend_sycl_device_supports_op op->op=ADD op->type=f32 -> true
[SYCL] call ggml_backend_sycl_device_supports_op op->op=ROPE op->type=f32 -> true
[SYCL] call ggml_backend_sycl_device_supports_op op->op=MUL_MAT op->type=f32 -> true
[SYCL] call ggml_backend_sycl_device_supports_op op->op=FLASH_ATTN_EXT op->type=f32 -> true
[SYCL] call ggml_backend_sycl_device_supports_op op->op=MUL_MAT op->type=f32 -> true
[SYCL] call ggml_backend_sycl_device_supports_op op->op=ADD op->type=f32 -> true
[SYCL] call ggml_backend_sycl_device_supports_op op->op=GLU op->type=f32 -> true
[SYCL] call ggml_backend_sycl_device_supports_op op->op=RMS_NORM op->type=f32 -> true
[SYCL] call ggml_backend_sycl_device_supports_op op->op=ADD op->type=f32 -> true
[SYCL] call ggml_backend_sycl_device_supports_op op->op=UNARY op->type=f32 -> true
[SYCL] call ggml_backend_sycl_device_supports_op op->op=MUL op->type=f32 -> true
[SYCL] call ggml_backend_sycl_device_supports_op op->op=ADD op->type=f32 -> true
[SYCL] call ggml_backend_sycl_device_supports_op op->op=RMS_NORM op->type=f32 -> true
[SYCL] call ggml_backend_sycl_device_supports_op op->op=GET_ROWS op->type=f32 -> true
[SYCL] call ggml_backend_sycl_device_supports_op op->op=SCALE op->type=f32 -> true
[SYCL] call ggml_backend_sycl_device_supports_op op->op=UNARY op->type=f32 -> true
[SYCL] call ggml_backend_sycl_device_supports_op op->op=SCALE op->type=f32 -> true
[SYCL] call ggml_backend_sycl_device_supports_op op->op=RMS_NORM op->type=f32 -> true
[SYCL] call ggml_backend_sycl_device_supports_op op->op=SCALE op->type=f32 -> true
[SYCL] call ggml_backend_sycl_device_supports_op op->op=RMS_NORM op->type=f32 -> true
[SYCL] call ggml_backend_sycl_device_supports_op op->op=RMS_NORM op->type=f32 -> true
[SYCL] call ggml_backend_sycl_device_supports_op op->op=RMS_NORM op->type=f32 -> true
[SYCL] call ggml_backend_sycl_device_supports_op op->op=RMS_NORM op->type=f32 -> true
[SYCL] call ggml_backend_sycl_device_supports_op op->op=RMS_NORM op->type=f32 -> true
[SYCL] call ggml_backend_sycl_device_supports_op op->op=RMS_NORM op->type=f32 -> true
[SYCL] call ggml_backend_sycl_device_supports_op op->op=RMS_NORM op->type=f32 -> true
[SYCL] call ggml_backend_sycl_device_supports_op op->op=RMS_NORM op->type=f32 -> true
[SYCL] call ggml_backend_sycl_device_supports_op op->op=RMS_NORM op->type=f32 -> true
[SYCL] call ggml_backend_sycl_device_supports_op op->op=RMS_NORM op->type=f32 -> true
[SYCL] call ggml_backend_sycl_device_supports_op op->op=RMS_NORM op->type=f32 -> true
[SYCL] call ggml_backend_sycl_device_supports_op op->op=RMS_NORM op->type=f32 -> true
[SYCL] call ggml_backend_sycl_device_supports_op op->op=RMS_NORM op->type=f32 -> true
[SYCL] call ggml_backend_sycl_device_supports_op op->op=RMS_NORM op->type=f32 -> true
[SYCL] call ggml_backend_sycl_device_supports_op op->op=RMS_NORM op->type=f32 -> true
[SYCL] call ggml_backend_sycl_device_supports_op op->op=RMS_NORM op->type=f32 -> true
[SYCL] call ggml_backend_sycl_device_supports_op op->op=RMS_NORM op->type=f32 -> true
[SYCL] call ggml_backend_sycl_device_supports_op op->op=RMS_NORM op->type=f32 -> true
[SYCL] call ggml_backend_sycl_device_supports_op op->op=RMS_NORM op->type=f32 -> true
[SYCL] call ggml_backend_sycl_device_supports_op op->op=RMS_NORM op->type=f32 -> true
[SYCL] call ggml_backend_sycl_device_supports_op op->op=RMS_NORM op->type=f32 -> true
[SYCL] call ggml_backend_sycl_device_supports_op op->op=RMS_NORM op->type=f32 -> true
[SYCL] call ggml_backend_sycl_device_supports_op op->op=RMS_NORM op->type=f32 -> true
[SYCL] call ggml_backend_sycl_device_supports_op op->op=RMS_NORM op->type=f32 -> true
[SYCL] call ggml_backend_sycl_device_supports_op op->op=RMS_NORM op->type=f32 -> true
[SYCL] call ggml_backend_sycl_device_supports_op op->op=RMS_NORM op->type=f32 -> true
[SYCL] call ggml_backend_sycl_device_supports_op op->op=RMS_NORM op->type=f32 -> true
[SYCL] call ggml_backend_sycl_device_supports_op op->op=RMS_NORM op->type=f32 -> true
[SYCL] call ggml_backend_sycl_device_supports_op op->op=RMS_NORM op->type=f32 -> true
[SYCL] call ggml_backend_sycl_device_supports_op op->op=RMS_NORM op->type=f32 -> true
[SYCL] call ggml_backend_sycl_device_supports_op op->op=RMS_NORM op->type=f32 -> true
[SYCL] call ggml_backend_sycl_device_supports_op op->op=RMS_NORM op->type=f32 -> true
[SYCL] call ggml_backend_sycl_device_supports_op op->op=RMS_NORM op->type=f32 -> true
[SYCL] call ggml_backend_sycl_device_supports_op op->op=RMS_NORM op->type=f32 -> true
[SYCL] call ggml_backend_sycl_device_supports_op op->op=RMS_NORM op->type=f32 -> true
[SYCL] call ggml_backend_sycl_device_supports_op op->op=RMS_NORM op->type=f32 -> true
[SYCL] call ggml_backend_sycl_device_supports_op op->op=RMS_NORM op->type=f32 -> true
[SYCL] call ggml_backend_sycl_device_supports_op op->op=RMS_NORM op->type=f32 -> true
[SYCL] call ggml_backend_sycl_device_supports_op op->op=RMS_NORM op->type=f32 -> true
[SYCL] call ggml_backend_sycl_device_supports_op op->op=RMS_NORM op->type=f32 -> true
[SYCL] call ggml_backend_sycl_device_supports_op op->op=RMS_NORM op->type=f32 -> true
[SYCL] call ggml_backend_sycl_device_supports_op op->op=RMS_NORM op->type=f32 -> true
[SYCL] call ggml_backend_sycl_device_supports_op op->op=RMS_NORM op->type=f32 -> true
[SYCL] call ggml_backend_sycl_device_supports_op op->op=RMS_NORM op->type=f32 -> true
[SYCL] call ggml_backend_sycl_device_supports_op op->op=RMS_NORM op->type=f32 -> true
[SYCL] call ggml_backend_sycl_device_supports_op op->op=RMS_NORM op->type=f32 -> true
[SYCL] call ggml_backend_sycl_device_supports_op op->op=RMS_NORM op->type=f32 -> true
[SYCL] call ggml_backend_sycl_device_supports_op op->op=RMS_NORM op->type=f32 -> true
[SYCL] call ggml_backend_sycl_device_supports_op op->op=RMS_NORM op->type=f32 -> true
[SYCL] call ggml_backend_sycl_device_supports_op op->op=RMS_NORM op->type=f32 -> true
[SYCL] call ggml_backend_sycl_device_supports_op op->op=RMS_NORM op->type=f32 -> true
[SYCL] call ggml_backend_sycl_device_supports_op op->op=RMS_NORM op->type=f32 -> true
[SYCL] call ggml_backend_sycl_device_supports_op op->op=RMS_NORM op->type=f32 -> true
[SYCL] call ggml_backend_sycl_device_supports_op op->op=RMS_NORM op->type=f32 -> true
[SYCL] call ggml_backend_sycl_device_supports_op op->op=RMS_NORM op->type=f32 -> true
[SYCL] call ggml_backend_sycl_device_supports_op op->op=RMS_NORM op->type=f32 -> true
[SYCL] call ggml_backend_sycl_device_supports_op op->op=RMS_NORM op->type=f32 -> true
[SYCL] call ggml_backend_sycl_device_supports_op op->op=RMS_NORM op->type=f32 -> true
[SYCL] call ggml_backend_sycl_device_supports_op op->op=RMS_NORM op->type=f32 -> true
[SYCL] call ggml_backend_sycl_device_supports_op op->op=RMS_NORM op->type=f32 -> true
[SYCL] call ggml_backend_sycl_device_supports_op op->op=RMS_NORM op->type=f32 -> true
[SYCL] call ggml_backend_sycl_device_supports_op op->op=RMS_NORM op->type=f32 -> true
[SYCL] call ggml_backend_sycl_device_supports_op op->op=RMS_NORM op->type=f32 -> true
[SYCL] call ggml_backend_sycl_device_supports_op op->op=RMS_NORM op->type=f32 -> true
[SYCL] call ggml_backend_sycl_device_supports_op op->op=RMS_NORM op->type=f32 -> true
[SYCL] call ggml_backend_sycl_device_supports_op op->op=RMS_NORM op->type=f32 -> true
[SYCL] call ggml_backend_sycl_device_supports_op op->op=RMS_NORM op->type=f32 -> true
[SYCL] call ggml_backend_sycl_device_supports_op op->op=RMS_NORM op->type=f32 -> true
[SYCL] call ggml_backend_sycl_device_supports_op op->op=RMS_NORM op->type=f32 -> true
[SYCL] call ggml_backend_sycl_device_supports_op op->op=RMS_NORM op->type=f32 -> true
[SYCL] call ggml_backend_sycl_device_supports_op op->op=RMS_NORM op->type=f32 -> true
[SYCL] call ggml_backend_sycl_device_supports_op op->op=RMS_NORM op->type=f32 -> true
[SYCL] call ggml_backend_sycl_device_supports_op op->op=RMS_NORM op->type=f32 -> true
[SYCL] call ggml_backend_sycl_device_supports_op op->op=RMS_NORM op->type=f32 -> true
[SYCL] call ggml_backend_sycl_device_supports_op op->op=RMS_NORM op->type=f32 -> true
[SYCL] call ggml_backend_sycl_device_supports_op op->op=NONE op->type=q4_0 -> true
[SYCL] call ggml_backend_sycl_device_supports_op op->op=NONE op->type=f32 -> true
[SYCL] call ggml_backend_sycl_device_supports_op op->op=NONE op->type=f32 -> true
[SYCL] call ggml_backend_sycl_device_supports_op op->op=NONE op->type=q4_0 -> true
[SYCL] call ggml_backend_sycl_device_supports_op op->op=NONE op->type=q4_0 -> true
[SYCL] call ggml_backend_sycl_device_supports_op op->op=NONE op->type=q4_0 -> true
[SYCL] call ggml_backend_sycl_device_supports_op op->op=NONE op->type=q4_0 -> true
[SYCL] call ggml_backend_sycl_device_supports_op op->op=NONE op->type=f32 -> true
[SYCL] call ggml_backend_sycl_device_supports_op op->op=NONE op->type=f32 -> true
[SYCL] call ggml_backend_sycl_device_supports_op op->op=NONE op->type=q4_0 -> true
[SYCL] call ggml_backend_sycl_device_supports_op op->op=NONE op->type=f32 -> true
[SYCL] call ggml_backend_sycl_device_supports_op op->op=NONE op->type=q4_0 -> true
[SYCL] call ggml_backend_sycl_device_supports_op op->op=NONE op->type=q4_0 -> true
[SYCL] call ggml_backend_sycl_device_supports_op op->op=NONE op->type=f32 -> true
[SYCL] call ggml_backend_sycl_device_supports_op op->op=NONE op->type=f32 -> true
[SYCL] call ggml_backend_sycl_device_supports_op op->op=NONE op->type=f32 -> true
[SYCL] call ggml_backend_sycl_device_supports_op op->op=NONE op->type=f32 -> true
[SYCL] call ggml_backend_sycl_device_supports_op op->op=NONE op->type=q4_0 -> true
[SYCL] call ggml_backend_sycl_device_supports_op op->op=NONE op->type=q4_0 -> true
[SYCL] call ggml_backend_sycl_device_supports_op op->op=NONE op->type=q4_0 -> true
[SYCL] call ggml_backend_sycl_device_supports_op op->op=NONE op->type=q4_0 -> true
[SYCL] call ggml_backend_sycl_device_supports_op op->op=NONE op->type=f32 -> true
[SYCL] call ggml_backend_sycl_device_supports_op op->op=NONE op->type=f32 -> true
[SYCL] call ggml_backend_sycl_device_supports_op op->op=NONE op->type=q4_0 -> true
[SYCL] call ggml_backend_sycl_device_supports_op op->op=NONE op->type=f32 -> true
[SYCL] call ggml_backend_sycl_device_supports_op op->op=NONE op->type=q4_0 -> true
[SYCL] call ggml_backend_sycl_device_supports_op op->op=NONE op->type=q4_0 -> true
[SYCL] call ggml_backend_sycl_device_supports_op op->op=NONE op->type=f32 -> true
[SYCL] call ggml_backend_sycl_device_supports_op op->op=NONE op->type=f32 -> true
[SYCL] call ggml_backend_sycl_device_supports_op op->op=NONE op->type=f32 -> true
[SYCL] call ggml_backend_sycl_device_supports_op op->op=NONE op->type=f32 -> true
[SYCL] call ggml_backend_sycl_device_supports_op op->op=NONE op->type=f32 -> true
[SYCL] call ggml_backend_sycl_device_supports_op op->op=NONE op->type=q4_0 -> true
[SYCL] call ggml_backend_sycl_device_supports_op op->op=NONE op->type=q4_0 -> true
[SYCL] call ggml_backend_sycl_device_supports_op op->op=NONE op->type=q4_0 -> true
[SYCL] call ggml_backend_sycl_device_supports_op op->op=NONE op->type=q4_0 -> true
[SYCL] call ggml_backend_sycl_device_supports_op op->op=NONE op->type=f32 -> true
[SYCL] call ggml_backend_sycl_device_supports_op op->op=NONE op->type=f32 -> true
[SYCL] call ggml_backend_sycl_device_supports_op op->op=NONE op->type=q4_0 -> true
[SYCL] call ggml_backend_sycl_device_supports_op op->op=NONE op->type=f32 -> true
[SYCL] call ggml_backend_sycl_device_supports_op op->op=NONE op->type=q4_0 -> true
[SYCL] call ggml_backend_sycl_device_supports_op op->op=NONE op->type=q4_0 -> true
[SYCL] call ggml_backend_sycl_device_supports_op op->op=NONE op->type=f32 -> true
[SYCL] call ggml_backend_sycl_device_supports_op op->op=NONE op->type=f32 -> true
[SYCL] call ggml_backend_sycl_device_supports_op op->op=NONE op->type=f32 -> true
[SYCL] call ggml_backend_sycl_device_supports_op op->op=NONE op->type=f32 -> true
[SYCL] call ggml_backend_sycl_device_supports_op op->op=NONE op->type=q4_0 -> true
[SYCL] call ggml_backend_sycl_device_supports_op op->op=NONE op->type=q4_0 -> true
[SYCL] call ggml_backend_sycl_device_supports_op op->op=NONE op->type=q4_0 -> true
[SYCL] call ggml_backend_sycl_device_supports_op op->op=NONE op->type=q4_0 -> true
[SYCL] call ggml_backend_sycl_device_supports_op op->op=NONE op->type=f32 -> true
[SYCL] call ggml_backend_sycl_device_supports_op op->op=NONE op->type=f32 -> true
[SYCL] call ggml_backend_sycl_device_supports_op op->op=NONE op->type=q4_0 -> true
[SYCL] call ggml_backend_sycl_device_supports_op op->op=NONE op->type=f32 -> true
[SYCL] call ggml_backend_sycl_device_supports_op op->op=NONE op->type=q4_0 -> true
[SYCL] call ggml_backend_sycl_device_supports_op op->op=NONE op->type=q4_0 -> true
[SYCL] call ggml_backend_sycl_device_supports_op op->op=NONE op->type=f32 -> true
[SYCL] call ggml_backend_sycl_device_supports_op op->op=NONE op->type=f32 -> true
[SYCL] call ggml_backend_sycl_device_supports_op op->op=NONE op->type=f32 -> true
[SYCL] call ggml_backend_sycl_device_supports_op op->op=NONE op->type=f32 -> true
[SYCL] call ggml_backend_sycl_device_supports_op op->op=NONE op->type=q4_0 -> true
[SYCL] call ggml_backend_sycl_device_supports_op op->op=NONE op->type=q4_0 -> true
[SYCL] call ggml_backend_sycl_device_supports_op op->op=NONE op->type=q4_0 -> true
[SYCL] call ggml_backend_sycl_device_supports_op op->op=NONE op->type=q4_0 -> true
[SYCL] call ggml_backend_sycl_device_supports_op op->op=NONE op->type=f32 -> true
[SYCL] call ggml_backend_sycl_device_supports_op op->op=NONE op->type=f32 -> true
[SYCL] call ggml_backend_sycl_device_supports_op op->op=NONE op->type=q4_0 -> true
[SYCL] call ggml_backend_sycl_device_supports_op op->op=NONE op->type=f32 -> true
[SYCL] call ggml_backend_sycl_device_supports_op op->op=NONE op->type=q4_0 -> true
[SYCL] call ggml_backend_sycl_device_supports_op op->op=NONE op->type=q4_0 -> true
[SYCL] call ggml_backend_sycl_device_supports_op op->op=NONE op->type=f32 -> true
[SYCL] call ggml_backend_sycl_device_supports_op op->op=NONE op->type=f32 -> true
[SYCL] call ggml_backend_sycl_device_supports_op op->op=NONE op->type=f32 -> true
[SYCL] call ggml_backend_sycl_device_supports_op op->op=NONE op->type=f32 -> true
[SYCL] call ggml_backend_sycl_device_supports_op op->op=NONE op->type=q4_0 -> true
[SYCL] call ggml_backend_sycl_device_supports_op op->op=NONE op->type=q4_0 -> true
[SYCL] call ggml_backend_sycl_device_supports_op op->op=NONE op->type=q4_0 -> true
[SYCL] call ggml_backend_sycl_device_supports_op op->op=NONE op->type=q4_0 -> true
[SYCL] call ggml_backend_sycl_device_supports_op op->op=NONE op->type=f32 -> true
[SYCL] call ggml_backend_sycl_device_supports_op op->op=NONE op->type=f32 -> true
[SYCL] call ggml_backend_sycl_device_supports_op op->op=NONE op->type=q4_0 -> true
[SYCL] call ggml_backend_sycl_device_supports_op op->op=NONE op->type=f32 -> true
[SYCL] call ggml_backend_sycl_device_supports_op op->op=NONE op->type=q4_0 -> true
[SYCL] call ggml_backend_sycl_device_supports_op op->op=NONE op->type=q4_0 -> true
[SYCL] call ggml_backend_sycl_device_supports_op op->op=NONE op->type=f32 -> true
[SYCL] call ggml_backend_sycl_device_supports_op op->op=NONE op->type=f32 -> true
[SYCL] call ggml_backend_sycl_device_supports_op op->op=NONE op->type=f32 -> true
[SYCL] call ggml_backend_sycl_device_supports_op op->op=NONE op->type=f32 -> true
[SYCL] call ggml_backend_sycl_device_supports_op op->op=NONE op->type=q4_0 -> true
[SYCL] call ggml_backend_sycl_device_supports_op op->op=NONE op->type=q4_0 -> true
[SYCL] call ggml_backend_sycl_device_supports_op op->op=NONE op->type=q4_0 -> true
[SYCL] call ggml_backend_sycl_device_supports_op op->op=NONE op->type=q4_0 -> true
[SYCL] call ggml_backend_sycl_device_supports_op op->op=NONE op->type=f32 -> true
[SYCL] call ggml_backend_sycl_device_supports_op op->op=NONE op->type=f32 -> true
[SYCL] call ggml_backend_sycl_device_supports_op op->op=NONE op->type=q4_0 -> true
[SYCL] call ggml_backend_sycl_device_supports_op op->op=NONE op->type=f32 -> true
[SYCL] call ggml_backend_sycl_device_supports_op op->op=NONE op->type=q4_0 -> true
[SYCL] call ggml_backend_sycl_device_supports_op op->op=NONE op->type=q4_0 -> true
[SYCL] call ggml_backend_sycl_device_supports_op op->op=NONE op->type=f32 -> true
[SYCL] call ggml_backend_sycl_device_supports_op op->op=NONE op->type=f32 -> true
[SYCL] call ggml_backend_sycl_device_supports_op op->op=NONE op->type=f32 -> true
[SYCL] call ggml_backend_sycl_device_supports_op op->op=NONE op->type=f32 -> true
[SYCL] call ggml_backend_sycl_device_supports_op op->op=NONE op->type=q4_0 -> true
[SYCL] call ggml_backend_sycl_device_supports_op op->op=NONE op->type=q4_0 -> true
[SYCL] call ggml_backend_sycl_device_supports_op op->op=NONE op->type=q4_0 -> true
[SYCL] call ggml_backend_sycl_device_supports_op op->op=NONE op->type=q4_0 -> true
[SYCL] call ggml_backend_sycl_device_supports_op op->op=NONE op->type=f32 -> true
[SYCL] call ggml_backend_sycl_device_supports_op op->op=NONE op->type=f32 -> true
[SYCL] call ggml_backend_sycl_device_supports_op op->op=NONE op->type=q4_0 -> true
[SYCL] call ggml_backend_sycl_device_supports_op op->op=NONE op->type=f32 -> true
[SYCL] call ggml_backend_sycl_device_supports_op op->op=NONE op->type=q4_0 -> true
[SYCL] call ggml_backend_sycl_device_supports_op op->op=NONE op->type=q4_0 -> true
[SYCL] call ggml_backend_sycl_device_supports_op op->op=NONE op->type=f32 -> true
[SYCL] call ggml_backend_sycl_device_supports_op op->op=NONE op->type=f32 -> true
[SYCL] call ggml_backend_sycl_device_supports_op op->op=NONE op->type=f32 -> true
[SYCL] call ggml_backend_sycl_device_supports_op op->op=NONE op->type=f32 -> true
[SYCL] call ggml_backend_sycl_device_supports_op op->op=NONE op->type=q4_0 -> true
[SYCL] call ggml_backend_sycl_device_supports_op op->op=NONE op->type=q4_0 -> true
[SYCL] call ggml_backend_sycl_device_supports_op op->op=NONE op->type=q4_0 -> true
[SYCL] call ggml_backend_sycl_device_supports_op op->op=NONE op->type=q4_0 -> true
[SYCL] call ggml_backend_sycl_device_supports_op op->op=NONE op->type=f32 -> true
[SYCL] call ggml_backend_sycl_device_supports_op op->op=NONE op->type=f32 -> true
[SYCL] call ggml_backend_sycl_device_supports_op op->op=NONE op->type=q4_0 -> true
[SYCL] call ggml_backend_sycl_device_supports_op op->op=NONE op->type=f32 -> true
[SYCL] call ggml_backend_sycl_device_supports_op op->op=NONE op->type=q4_0 -> true
[SYCL] call ggml_backend_sycl_device_supports_op op->op=NONE op->type=q4_0 -> true
[SYCL] call ggml_backend_sycl_device_supports_op op->op=NONE op->type=f32 -> true
[SYCL] call ggml_backend_sycl_device_supports_op op->op=NONE op->type=f32 -> true
[SYCL] call ggml_backend_sycl_device_supports_op op->op=NONE op->type=f32 -> true
[SYCL] call ggml_backend_sycl_device_supports_op op->op=NONE op->type=f32 -> true
[SYCL] call ggml_backend_sycl_device_supports_op op->op=NONE op->type=q4_0 -> true
[SYCL] call ggml_backend_sycl_device_supports_op op->op=NONE op->type=q4_0 -> true
[SYCL] call ggml_backend_sycl_device_supports_op op->op=NONE op->type=q4_0 -> true
[SYCL] call ggml_backend_sycl_device_supports_op op->op=NONE op->type=q4_0 -> true
[SYCL] call ggml_backend_sycl_device_supports_op op->op=NONE op->type=f32 -> true
[SYCL] call ggml_backend_sycl_device_supports_op op->op=NONE op->type=f32 -> true
[SYCL] call ggml_backend_sycl_device_supports_op op->op=NONE op->type=q4_0 -> true
[SYCL] call ggml_backend_sycl_device_supports_op op->op=NONE op->type=f32 -> true
[SYCL] call ggml_backend_sycl_device_supports_op op->op=NONE op->type=q4_0 -> true
[SYCL] call ggml_backend_sycl_device_supports_op op->op=NONE op->type=q4_0 -> true
[SYCL] call ggml_backend_sycl_device_supports_op op->op=NONE op->type=f32 -> true
[SYCL] call ggml_backend_sycl_device_supports_op op->op=NONE op->type=f32 -> true
[SYCL] call ggml_backend_sycl_device_supports_op op->op=NONE op->type=f32 -> true
[SYCL] call ggml_backend_sycl_device_supports_op op->op=NONE op->type=f32 -> true
[SYCL] call ggml_backend_sycl_device_supports_op op->op=NONE op->type=q4_0 -> true
[SYCL] call ggml_backend_sycl_device_supports_op op->op=NONE op->type=q4_0 -> true
[SYCL] call ggml_backend_sycl_device_supports_op op->op=NONE op->type=q4_0 -> true
[SYCL] call ggml_backend_sycl_device_supports_op op->op=NONE op->type=q4_0 -> true
[SYCL] call ggml_backend_sycl_device_supports_op op->op=NONE op->type=f32 -> true
[SYCL] call ggml_backend_sycl_device_supports_op op->op=NONE op->type=f32 -> true
[SYCL] call ggml_backend_sycl_device_supports_op op->op=NONE op->type=q4_0 -> true
[SYCL] call ggml_backend_sycl_device_supports_op op->op=NONE op->type=f32 -> true
[SYCL] call ggml_backend_sycl_device_supports_op op->op=NONE op->type=q4_0 -> true
[SYCL] call ggml_backend_sycl_device_supports_op op->op=NONE op->type=q4_0 -> true
[SYCL] call ggml_backend_sycl_device_supports_op op->op=NONE op->type=f32 -> true
[SYCL] call ggml_backend_sycl_device_supports_op op->op=NONE op->type=f32 -> true
[SYCL] call ggml_backend_sycl_device_supports_op op->op=NONE op->type=f32 -> true
[SYCL] call ggml_backend_sycl_device_supports_op op->op=NONE op->type=f32 -> true
[SYCL] call ggml_backend_sycl_device_supports_op op->op=NONE op->type=q4_0 -> true
[SYCL] call ggml_backend_sycl_device_supports_op op->op=NONE op->type=q4_0 -> true
[SYCL] call ggml_backend_sycl_device_supports_op op->op=NONE op->type=q4_0 -> true
[SYCL] call ggml_backend_sycl_device_supports_op op->op=NONE op->type=q4_0 -> true
[SYCL] call ggml_backend_sycl_device_supports_op op->op=NONE op->type=f32 -> true
[SYCL] call ggml_backend_sycl_device_supports_op op->op=NONE op->type=f32 -> true
[SYCL] call ggml_backend_sycl_device_supports_op op->op=NONE op->type=q4_0 -> true
[SYCL] call ggml_backend_sycl_device_supports_op op->op=NONE op->type=f32 -> true
[SYCL] call ggml_backend_sycl_device_supports_op op->op=NONE op->type=q4_0 -> true
[SYCL] call ggml_backend_sycl_device_supports_op op->op=NONE op->type=q4_0 -> true
[SYCL] call ggml_backend_sycl_device_supports_op op->op=NONE op->type=f32 -> true
[SYCL] call ggml_backend_sycl_device_supports_op op->op=NONE op->type=f32 -> true
[SYCL] call ggml_backend_sycl_device_supports_op op->op=NONE op->type=f32 -> true
[SYCL] call ggml_backend_sycl_device_supports_op op->op=NONE op->type=f32 -> true
[SYCL] call ggml_backend_sycl_device_supports_op op->op=NONE op->type=q4_0 -> true
[SYCL] call ggml_backend_sycl_device_supports_op op->op=NONE op->type=q4_0 -> true
[SYCL] call ggml_backend_sycl_device_supports_op op->op=NONE op->type=q4_0 -> true
[SYCL] call ggml_backend_sycl_device_supports_op op->op=NONE op->type=q4_0 -> true
[SYCL] call ggml_backend_sycl_device_supports_op op->op=NONE op->type=f32 -> true
[SYCL] call ggml_backend_sycl_device_supports_op op->op=NONE op->type=f32 -> true
[SYCL] call ggml_backend_sycl_device_supports_op op->op=NONE op->type=q4_0 -> true
[SYCL] call ggml_backend_sycl_device_supports_op op->op=NONE op->type=f32 -> true
[SYCL] call ggml_backend_sycl_device_supports_op op->op=NONE op->type=q4_0 -> true
[SYCL] call ggml_backend_sycl_device_supports_op op->op=NONE op->type=q4_0 -> true
[SYCL] call ggml_backend_sycl_device_supports_op op->op=NONE op->type=f32 -> true
[SYCL] call ggml_backend_sycl_device_supports_op op->op=NONE op->type=f32 -> true
[SYCL] call ggml_backend_sycl_device_supports_op op->op=NONE op->type=f32 -> true
[SYCL] call ggml_backend_sycl_device_supports_op op->op=NONE op->type=f32 -> true
[SYCL] call ggml_backend_sycl_device_supports_op op->op=NONE op->type=q4_0 -> true
[SYCL] call ggml_backend_sycl_device_supports_op op->op=NONE op->type=q4_0 -> true
[SYCL] call ggml_backend_sycl_device_supports_op op->op=NONE op->type=q4_0 -> true
[SYCL] call ggml_backend_sycl_device_supports_op op->op=NONE op->type=q4_0 -> true
[SYCL] call ggml_backend_sycl_device_supports_op op->op=NONE op->type=f32 -> true
[SYCL] call ggml_backend_sycl_device_supports_op op->op=NONE op->type=f32 -> true
[SYCL] call ggml_backend_sycl_device_supports_op op->op=NONE op->type=q4_0 -> true
[SYCL] call ggml_backend_sycl_device_supports_op op->op=NONE op->type=f32 -> true
[SYCL] call ggml_backend_sycl_device_supports_op op->op=NONE op->type=q4_0 -> true
[SYCL] call ggml_backend_sycl_device_supports_op op->op=NONE op->type=q4_0 -> true
[SYCL] call ggml_backend_sycl_device_supports_op op->op=NONE op->type=f32 -> true
[SYCL] call ggml_backend_sycl_device_supports_op op->op=NONE op->type=f32 -> true
[SYCL] call ggml_backend_sycl_device_supports_op op->op=NONE op->type=f32 -> true
[SYCL] call ggml_backend_sycl_device_supports_op op->op=NONE op->type=f32 -> true
[SYCL] call ggml_backend_sycl_device_supports_op op->op=NONE op->type=q6_K -> true
[SYCL] call ggml_backend_sycl_device_supports_op op->op=NONE op->type=q4_0 -> true
[SYCL] call ggml_backend_sycl_device_supports_op op->op=NONE op->type=q4_0 -> true
[SYCL] call ggml_backend_sycl_device_supports_op op->op=NONE op->type=q4_0 -> true
[SYCL] call ggml_backend_sycl_device_supports_op op->op=NONE op->type=f32 -> true
[SYCL] call ggml_backend_sycl_device_supports_op op->op=NONE op->type=f32 -> true
[SYCL] call ggml_backend_sycl_device_supports_op op->op=NONE op->type=q4_0 -> true
[SYCL] call ggml_backend_sycl_device_supports_op op->op=NONE op->type=f32 -> true
[SYCL] call ggml_backend_sycl_device_supports_op op->op=NONE op->type=q4_0 -> true
[SYCL] call ggml_backend_sycl_device_supports_op op->op=NONE op->type=q4_0 -> true
[SYCL] call ggml_backend_sycl_device_supports_op op->op=NONE op->type=f32 -> true
[SYCL] call ggml_backend_sycl_device_supports_op op->op=NONE op->type=f32 -> true
[SYCL] call ggml_backend_sycl_device_supports_op op->op=NONE op->type=f32 -> true
[SYCL] call ggml_backend_sycl_device_supports_op op->op=GET_ROWS op->type=f32 -> true
[SYCL] call ggml_backend_sycl_device_supports_op op->op=GET_ROWS op->type=f32 -> true
[SYCL] call ggml_backend_sycl_device_supports_op op->op=MUL op->type=f32 -> true
[SYCL] call ggml_backend_sycl_device_supports_op op->op=MUL_MAT op->type=f32 -> true
[SYCL] call ggml_backend_sycl_device_supports_op op->op=MUL op->type=f32 -> true
[SYCL] call ggml_backend_sycl_device_supports_op op->op=MUL_MAT op->type=f32 -> true
[SYCL] call ggml_backend_sycl_device_supports_op op->op=MUL op->type=f32 -> true
[SYCL] call ggml_backend_sycl_device_supports_op op->op=MUL_MAT op->type=f32 -> true
[SYCL] call ggml_backend_sycl_device_supports_op op->op=MUL_MAT op->type=f32 -> true
[SYCL] call ggml_backend_sycl_device_supports_op op->op=MUL op->type=f32 -> true
[SYCL] call ggml_backend_sycl_device_supports_op op->op=MUL op->type=f32 -> true
[SYCL] call ggml_backend_sycl_device_supports_op op->op=MUL_MAT op->type=f32 -> true
[SYCL] call ggml_backend_sycl_device_supports_op op->op=MUL_MAT op->type=f32 -> true
[SYCL] call ggml_backend_sycl_device_supports_op op->op=MUL_MAT op->type=f32 -> true
[SYCL] call ggml_backend_sycl_device_supports_op op->op=MUL op->type=f32 -> true
[SYCL] call ggml_backend_sycl_device_supports_op op->op=MUL_MAT op->type=f32 -> true
[SYCL] call ggml_backend_sycl_device_supports_op op->op=MUL_MAT op->type=f32 -> true
[SYCL] call ggml_backend_sycl_device_supports_op op->op=MUL op->type=f32 -> true
[SYCL] call ggml_backend_sycl_device_supports_op op->op=MUL_MAT op->type=f32 -> true
[SYCL] call ggml_backend_sycl_device_supports_op op->op=MUL op->type=f32 -> true
[SYCL] call ggml_backend_sycl_device_supports_op op->op=MUL op->type=f32 -> true
[SYCL] call ggml_backend_sycl_device_supports_op op->op=MUL op->type=f32 -> true
[SYCL] call ggml_backend_sycl_device_supports_op op->op=MUL_MAT op->type=f32 -> true
[SYCL] call ggml_backend_sycl_device_supports_op op->op=MUL op->type=f32 -> true
[SYCL] call ggml_backend_sycl_device_supports_op op->op=MUL_MAT op->type=f32 -> true
[SYCL] call ggml_backend_sycl_device_supports_op op->op=MUL op->type=f32 -> true
[SYCL] call ggml_backend_sycl_device_supports_op op->op=MUL_MAT op->type=f32 -> true
[SYCL] call ggml_backend_sycl_device_supports_op op->op=MUL_MAT op->type=f32 -> true
[SYCL] call ggml_backend_sycl_device_supports_op op->op=MUL op->type=f32 -> true
[SYCL] call ggml_backend_sycl_device_supports_op op->op=MUL op->type=f32 -> true
[SYCL] call ggml_backend_sycl_device_supports_op op->op=MUL_MAT op->type=f32 -> true
[SYCL] call ggml_backend_sycl_device_supports_op op->op=MUL_MAT op->type=f32 -> true
[SYCL] call ggml_backend_sycl_device_supports_op op->op=MUL_MAT op->type=f32 -> true
[SYCL] call ggml_backend_sycl_device_supports_op op->op=MUL op->type=f32 -> true
[SYCL] call ggml_backend_sycl_device_supports_op op->op=MUL_MAT op->type=f32 -> true
[SYCL] call ggml_backend_sycl_device_supports_op op->op=MUL_MAT op->type=f32 -> true
[SYCL] call ggml_backend_sycl_device_supports_op op->op=MUL op->type=f32 -> true
[SYCL] call ggml_backend_sycl_device_supports_op op->op=MUL op->type=f32 -> true
[SYCL] call ggml_backend_sycl_device_supports_op op->op=MUL op->type=f32 -> true
[SYCL] call ggml_backend_sycl_device_supports_op op->op=MUL_MAT op->type=f32 -> true
[SYCL] call ggml_backend_sycl_device_supports_op op->op=MUL op->type=f32 -> true
[SYCL] call ggml_backend_sycl_device_supports_op op->op=MUL_MAT op->type=f32 -> true
[SYCL] call ggml_backend_sycl_device_supports_op op->op=MUL op->type=f32 -> true
[SYCL] call ggml_backend_sycl_device_supports_op op->op=MUL_MAT op->type=f32 -> true
[SYCL] call ggml_backend_sycl_device_supports_op op->op=MUL_MAT op->type=f32 -> true
[SYCL] call ggml_backend_sycl_device_supports_op op->op=MUL op->type=f32 -> true
[SYCL] call ggml_backend_sycl_device_supports_op op->op=MUL op->type=f32 -> true
[SYCL] call ggml_backend_sycl_device_supports_op op->op=MUL_MAT op->type=f32 -> true
[SYCL] call ggml_backend_sycl_device_supports_op op->op=MUL_MAT op->type=f32 -> true
[SYCL] call ggml_backend_sycl_device_supports_op op->op=MUL_MAT op->type=f32 -> true
[SYCL] call ggml_backend_sycl_device_supports_op op->op=MUL op->type=f32 -> true
[SYCL] call ggml_backend_sycl_device_supports_op op->op=MUL_MAT op->type=f32 -> true
[SYCL] call ggml_backend_sycl_device_supports_op op->op=MUL_MAT op->type=f32 -> true
[SYCL] call ggml_backend_sycl_device_supports_op op->op=MUL op->type=f32 -> true
[SYCL] call ggml_backend_sycl_device_supports_op op->op=MUL op->type=f32 -> true
[SYCL] call ggml_backend_sycl_device_supports_op op->op=MUL op->type=f32 -> true
[SYCL] call ggml_backend_sycl_device_supports_op op->op=MUL_MAT op->type=f32 -> true
[SYCL] call ggml_backend_sycl_device_supports_op op->op=MUL op->type=f32 -> true
[SYCL] call ggml_backend_sycl_device_supports_op op->op=MUL_MAT op->type=f32 -> true
[SYCL] call ggml_backend_sycl_device_supports_op op->op=MUL op->type=f32 -> true
[SYCL] call ggml_backend_sycl_device_supports_op op->op=MUL_MAT op->type=f32 -> true
[SYCL] call ggml_backend_sycl_device_supports_op op->op=MUL_MAT op->type=f32 -> true
[SYCL] call ggml_backend_sycl_device_supports_op op->op=MUL op->type=f32 -> true
[SYCL] call ggml_backend_sycl_device_supports_op op->op=MUL op->type=f32 -> true
[SYCL] call ggml_backend_sycl_device_supports_op op->op=MUL_MAT op->type=f32 -> true
[SYCL] call ggml_backend_sycl_device_supports_op op->op=MUL_MAT op->type=f32 -> true
[SYCL] call ggml_backend_sycl_device_supports_op op->op=MUL_MAT op->type=f32 -> true
[SYCL] call ggml_backend_sycl_device_supports_op op->op=MUL op->type=f32 -> true
[SYCL] call ggml_backend_sycl_device_supports_op op->op=MUL_MAT op->type=f32 -> true
[SYCL] call ggml_backend_sycl_device_supports_op op->op=MUL_MAT op->type=f32 -> true
[SYCL] call ggml_backend_sycl_device_supports_op op->op=MUL op->type=f32 -> true
[SYCL] call ggml_backend_sycl_device_supports_op op->op=MUL op->type=f32 -> true
[SYCL] call ggml_backend_sycl_device_supports_op op->op=MUL op->type=f32 -> true
[SYCL] call ggml_backend_sycl_device_supports_op op->op=MUL_MAT op->type=f32 -> true
[SYCL] call ggml_backend_sycl_device_supports_op op->op=MUL op->type=f32 -> true
[SYCL] call ggml_backend_sycl_device_supports_op op->op=MUL_MAT op->type=f32 -> true
[SYCL] call ggml_backend_sycl_device_supports_op op->op=MUL op->type=f32 -> true
[SYCL] call ggml_backend_sycl_device_supports_op op->op=MUL_MAT op->type=f32 -> true
[SYCL] call ggml_backend_sycl_device_supports_op op->op=MUL_MAT op->type=f32 -> true
[SYCL] call ggml_backend_sycl_device_supports_op op->op=MUL op->type=f32 -> true
[SYCL] call ggml_backend_sycl_device_supports_op op->op=MUL op->type=f32 -> true
[SYCL] call ggml_backend_sycl_device_supports_op op->op=MUL_MAT op->type=f32 -> true
[SYCL] call ggml_backend_sycl_device_supports_op op->op=MUL_MAT op->type=f32 -> true
[SYCL] call ggml_backend_sycl_device_supports_op op->op=MUL_MAT op->type=f32 -> true
[SYCL] call ggml_backend_sycl_device_supports_op op->op=MUL op->type=f32 -> true
[SYCL] call ggml_backend_sycl_device_supports_op op->op=MUL_MAT op->type=f32 -> true
[SYCL] call ggml_backend_sycl_device_supports_op op->op=MUL_MAT op->type=f32 -> true
[SYCL] call ggml_backend_sycl_device_supports_op op->op=MUL op->type=f32 -> true
[SYCL] call ggml_backend_sycl_device_supports_op op->op=MUL op->type=f32 -> true
[SYCL] call ggml_backend_sycl_device_supports_op op->op=MUL op->type=f32 -> true
[SYCL] call ggml_backend_sycl_device_supports_op op->op=MUL_MAT op->type=f32 -> true
[SYCL] call ggml_backend_sycl_device_supports_op op->op=MUL op->type=f32 -> true
[SYCL] call ggml_backend_sycl_device_supports_op op->op=MUL_MAT op->type=f32 -> true
[SYCL] call ggml_backend_sycl_device_supports_op op->op=MUL op->type=f32 -> true
[SYCL] call ggml_backend_sycl_device_supports_op op->op=MUL_MAT op->type=f32 -> true
[SYCL] call ggml_backend_sycl_device_supports_op op->op=MUL_MAT op->type=f32 -> true
[SYCL] call ggml_backend_sycl_device_supports_op op->op=MUL op->type=f32 -> true
[SYCL] call ggml_backend_sycl_device_supports_op op->op=MUL op->type=f32 -> true
[SYCL] call ggml_backend_sycl_device_supports_op op->op=MUL_MAT op->type=f32 -> true
[SYCL] call ggml_backend_sycl_device_supports_op op->op=MUL_MAT op->type=f32 -> true
[SYCL] call ggml_backend_sycl_device_supports_op op->op=MUL_MAT op->type=f32 -> true
[SYCL] call ggml_backend_sycl_device_supports_op op->op=MUL op->type=f32 -> true
[SYCL] call ggml_backend_sycl_device_supports_op op->op=MUL_MAT op->type=f32 -> true
[SYCL] call ggml_backend_sycl_device_supports_op op->op=MUL_MAT op->type=f32 -> true
[SYCL] call ggml_backend_sycl_device_supports_op op->op=MUL op->type=f32 -> true
[SYCL] call ggml_backend_sycl_device_supports_op op->op=MUL op->type=f32 -> true
[SYCL] call ggml_backend_sycl_device_supports_op op->op=MUL op->type=f32 -> true
[SYCL] call ggml_backend_sycl_device_supports_op op->op=MUL_MAT op->type=f32 -> true
[SYCL] call ggml_backend_sycl_device_supports_op op->op=MUL op->type=f32 -> true
[SYCL] call ggml_backend_sycl_device_supports_op op->op=MUL_MAT op->type=f32 -> true
[SYCL] call ggml_backend_sycl_device_supports_op op->op=MUL op->type=f32 -> true
[SYCL] call ggml_backend_sycl_device_supports_op op->op=MUL_MAT op->type=f32 -> true
[SYCL] call ggml_backend_sycl_device_supports_op op->op=MUL_MAT op->type=f32 -> true
[SYCL] call ggml_backend_sycl_device_supports_op op->op=MUL op->type=f32 -> true
[SYCL] call ggml_backend_sycl_device_supports_op op->op=MUL op->type=f32 -> true
[SYCL] call ggml_backend_sycl_device_supports_op op->op=MUL_MAT op->type=f32 -> true
[SYCL] call ggml_backend_sycl_device_supports_op op->op=MUL_MAT op->type=f32 -> true
[SYCL] call ggml_backend_sycl_device_supports_op op->op=MUL_MAT op->type=f32 -> true
[SYCL] call ggml_backend_sycl_device_supports_op op->op=MUL op->type=f32 -> true
[SYCL] call ggml_backend_sycl_device_supports_op op->op=MUL_MAT op->type=f32 -> true
[SYCL] call ggml_backend_sycl_device_supports_op op->op=MUL_MAT op->type=f32 -> true
[SYCL] call ggml_backend_sycl_device_supports_op op->op=MUL op->type=f32 -> true
[SYCL] call ggml_backend_sycl_device_supports_op op->op=MUL op->type=f32 -> true
[SYCL] call ggml_backend_sycl_device_supports_op op->op=MUL op->type=f32 -> true
[SYCL] call ggml_backend_sycl_device_supports_op op->op=MUL_MAT op->type=f32 -> true
[SYCL] call ggml_backend_sycl_device_supports_op op->op=MUL op->type=f32 -> true
[SYCL] call ggml_backend_sycl_device_supports_op op->op=MUL_MAT op->type=f32 -> true
[SYCL] call ggml_backend_sycl_device_supports_op op->op=MUL op->type=f32 -> true
[SYCL] call ggml_backend_sycl_device_supports_op op->op=MUL_MAT op->type=f32 -> true
[SYCL] call ggml_backend_sycl_device_supports_op op->op=MUL_MAT op->type=f32 -> true
[SYCL] call ggml_backend_sycl_device_supports_op op->op=MUL op->type=f32 -> true
[SYCL] call ggml_backend_sycl_device_supports_op op->op=MUL op->type=f32 -> true
[SYCL] call ggml_backend_sycl_device_supports_op op->op=MUL_MAT op->type=f32 -> true
[SYCL] call ggml_backend_sycl_device_supports_op op->op=MUL_MAT op->type=f32 -> true
[SYCL] call ggml_backend_sycl_device_supports_op op->op=MUL_MAT op->type=f32 -> true
[SYCL] call ggml_backend_sycl_device_supports_op op->op=MUL op->type=f32 -> true
[SYCL] call ggml_backend_sycl_device_supports_op op->op=MUL_MAT op->type=f32 -> true
[SYCL] call ggml_backend_sycl_device_supports_op op->op=MUL_MAT op->type=f32 -> true
[SYCL] call ggml_backend_sycl_device_supports_op op->op=MUL op->type=f32 -> true
[SYCL] call ggml_backend_sycl_device_supports_op op->op=MUL op->type=f32 -> true
[SYCL] call ggml_backend_sycl_device_supports_op op->op=MUL op->type=f32 -> true
[SYCL] call ggml_backend_sycl_device_supports_op op->op=MUL_MAT op->type=f32 -> true
[SYCL] call ggml_backend_sycl_device_supports_op op->op=MUL op->type=f32 -> true
[SYCL] call ggml_backend_sycl_device_supports_op op->op=MUL_MAT op->type=f32 -> true
[SYCL] call ggml_backend_sycl_device_supports_op op->op=MUL op->type=f32 -> true
[SYCL] call ggml_backend_sycl_device_supports_op op->op=MUL_MAT op->type=f32 -> true
[SYCL] call ggml_backend_sycl_device_supports_op op->op=MUL_MAT op->type=f32 -> true
[SYCL] call ggml_backend_sycl_device_supports_op op->op=MUL op->type=f32 -> true
[SYCL] call ggml_backend_sycl_device_supports_op op->op=MUL op->type=f32 -> true
[SYCL] call ggml_backend_sycl_device_supports_op op->op=MUL_MAT op->type=f32 -> true
[SYCL] call ggml_backend_sycl_device_supports_op op->op=MUL_MAT op->type=f32 -> true
[SYCL] call ggml_backend_sycl_device_supports_op op->op=MUL_MAT op->type=f32 -> true
[SYCL] call ggml_backend_sycl_device_supports_op op->op=MUL op->type=f32 -> true
[SYCL] call ggml_backend_sycl_device_supports_op op->op=MUL_MAT op->type=f32 -> true
[SYCL] call ggml_backend_sycl_device_supports_op op->op=MUL_MAT op->type=f32 -> true
[SYCL] call ggml_backend_sycl_device_supports_op op->op=MUL op->type=f32 -> true
[SYCL] call ggml_backend_sycl_device_supports_op op->op=MUL op->type=f32 -> true
[SYCL] call ggml_backend_sycl_device_supports_op op->op=MUL op->type=f32 -> true
[SYCL] call ggml_backend_sycl_device_supports_op op->op=MUL_MAT op->type=f32 -> true
[SYCL] call ggml_backend_sycl_device_supports_op op->op=MUL op->type=f32 -> true
[SYCL] call ggml_backend_sycl_device_supports_op op->op=MUL_MAT op->type=f32 -> true
[SYCL] call ggml_backend_sycl_device_supports_op op->op=MUL op->type=f32 -> true
[SYCL] call ggml_backend_sycl_device_supports_op op->op=MUL_MAT op->type=f32 -> true
[SYCL] call ggml_backend_sycl_device_supports_op op->op=MUL_MAT op->type=f32 -> true
[SYCL] call ggml_backend_sycl_device_supports_op op->op=MUL op->type=f32 -> true
[SYCL] call ggml_backend_sycl_device_supports_op op->op=MUL op->type=f32 -> true
[SYCL] call ggml_backend_sycl_device_supports_op op->op=MUL_MAT op->type=f32 -> true
[SYCL] call ggml_backend_sycl_device_supports_op op->op=MUL_MAT op->type=f32 -> true
[SYCL] call ggml_backend_sycl_device_supports_op op->op=MUL_MAT op->type=f32 -> true
[SYCL] call ggml_backend_sycl_device_supports_op op->op=MUL op->type=f32 -> true
[SYCL] call ggml_backend_sycl_device_supports_op op->op=MUL_MAT op->type=f32 -> true
[SYCL] call ggml_backend_sycl_device_supports_op op->op=MUL_MAT op->type=f32 -> true
[SYCL] call ggml_backend_sycl_device_supports_op op->op=MUL op->type=f32 -> true
[SYCL] call ggml_backend_sycl_device_supports_op op->op=MUL op->type=f32 -> true
[SYCL] call ggml_backend_sycl_device_supports_op op->op=MUL op->type=f32 -> true
[SYCL] call ggml_backend_sycl_device_supports_op op->op=MUL_MAT op->type=f32 -> true
[SYCL] call ggml_backend_sycl_device_supports_op op->op=MUL op->type=f32 -> true
[SYCL] call ggml_backend_sycl_device_supports_op op->op=MUL_MAT op->type=f32 -> true
[SYCL] call ggml_backend_sycl_device_supports_op op->op=MUL op->type=f32 -> true
[SYCL] call ggml_backend_sycl_device_supports_op op->op=MUL_MAT op->type=f32 -> true
[SYCL] call ggml_backend_sycl_device_supports_op op->op=MUL_MAT op->type=f32 -> true
[SYCL] call ggml_backend_sycl_device_supports_op op->op=MUL op->type=f32 -> true
[SYCL] call ggml_backend_sycl_device_supports_op op->op=MUL op->type=f32 -> true
[SYCL] call ggml_backend_sycl_device_supports_op op->op=MUL_MAT op->type=f32 -> true
[SYCL] call ggml_backend_sycl_device_supports_op op->op=MUL_MAT op->type=f32 -> true
[SYCL] call ggml_backend_sycl_device_supports_op op->op=MUL_MAT op->type=f32 -> true
[SYCL] call ggml_backend_sycl_device_supports_op op->op=MUL op->type=f32 -> true
[SYCL] call ggml_backend_sycl_device_supports_op op->op=MUL_MAT op->type=f32 -> true
[SYCL] call ggml_backend_sycl_device_supports_op op->op=MUL_MAT op->type=f32 -> true
[SYCL] call ggml_backend_sycl_device_supports_op op->op=MUL op->type=f32 -> true
[SYCL] call ggml_backend_sycl_device_supports_op op->op=MUL op->type=f32 -> true
[SYCL] call ggml_backend_sycl_device_supports_op op->op=MUL op->type=f32 -> true
[SYCL] call ggml_backend_sycl_device_supports_op op->op=MUL_MAT op->type=f32 -> true
[SYCL] call ggml_backend_sycl_device_supports_op op->op=MUL op->type=f32 -> true
[SYCL] call ggml_backend_sycl_device_supports_op op->op=MUL_MAT op->type=f32 -> true
[SYCL] call ggml_backend_sycl_device_supports_op op->op=MUL op->type=f32 -> true
[SYCL] call ggml_backend_sycl_device_supports_op op->op=MUL_MAT op->type=f32 -> true
[SYCL] call ggml_backend_sycl_device_supports_op op->op=MUL_MAT op->type=f32 -> true
[SYCL] call ggml_backend_sycl_device_supports_op op->op=MUL op->type=f32 -> true
[SYCL] call ggml_backend_sycl_device_supports_op op->op=MUL op->type=f32 -> true
[SYCL] call ggml_backend_sycl_device_supports_op op->op=MUL_MAT op->type=f32 -> true
[SYCL] call ggml_backend_sycl_device_supports_op op->op=MUL_MAT op->type=f32 -> true
[SYCL] call ggml_backend_sycl_device_supports_op op->op=MUL_MAT op->type=f32 -> true
[SYCL] call ggml_backend_sycl_device_supports_op op->op=MUL op->type=f32 -> true
[SYCL] call ggml_backend_sycl_device_supports_op op->op=MUL_MAT op->type=f32 -> true
[SYCL] call ggml_backend_sycl_device_supports_op op->op=MUL_MAT op->type=f32 -> true
[SYCL] call ggml_backend_sycl_device_supports_op op->op=MUL op->type=f32 -> true
[SYCL] call ggml_backend_sycl_device_supports_op op->op=MUL op->type=f32 -> true
[SYCL] call ggml_backend_sycl_device_supports_op op->op=MUL op->type=f32 -> true
[SYCL] call ggml_backend_sycl_device_supports_op op->op=MUL_MAT op->type=f32 -> true
[SYCL] call ggml_backend_sycl_device_supports_op op->op=MUL op->type=f32 -> true
[SYCL] call ggml_backend_sycl_device_supports_op op->op=MUL_MAT op->type=f32 -> true
[SYCL] call ggml_backend_sycl_device_supports_op op->op=MUL op->type=f32 -> true
[SYCL] call ggml_backend_sycl_device_supports_op op->op=MUL_MAT op->type=f32 -> true
[SYCL] call ggml_backend_sycl_device_supports_op op->op=MUL_MAT op->type=f32 -> true
[SYCL] call ggml_backend_sycl_device_supports_op op->op=MUL op->type=f32 -> true
[SYCL] call ggml_backend_sycl_device_supports_op op->op=MUL op->type=f32 -> true
[SYCL] call ggml_backend_sycl_device_supports_op op->op=MUL_MAT op->type=f32 -> true
[SYCL] call ggml_backend_sycl_device_supports_op op->op=MUL_MAT op->type=f32 -> true
[SYCL] call ggml_backend_sycl_device_supports_op op->op=MUL_MAT op->type=f32 -> true
[SYCL] call ggml_backend_sycl_device_supports_op op->op=MUL op->type=f32 -> true
[SYCL] call ggml_backend_sycl_device_supports_op op->op=MUL_MAT op->type=f32 -> true
[SYCL] call ggml_backend_sycl_device_supports_op op->op=MUL_MAT op->type=f32 -> true
[SYCL] call ggml_backend_sycl_device_supports_op op->op=MUL op->type=f32 -> true
[SYCL] call ggml_backend_sycl_device_supports_op op->op=MUL op->type=f32 -> true
[SYCL] call ggml_backend_sycl_device_supports_op op->op=MUL op->type=f32 -> true
[SYCL] call ggml_backend_sycl_device_supports_op op->op=MUL_MAT op->type=f32 -> true
[SYCL] call ggml_backend_sycl_device_supports_op op->op=MUL op->type=f32 -> true
[SYCL] call ggml_backend_sycl_device_supports_op op->op=MUL_MAT op->type=f32 -> true
[SYCL] call ggml_backend_sycl_device_supports_op op->op=MUL op->type=f32 -> true
[SYCL] call ggml_backend_sycl_device_supports_op op->op=MUL_MAT op->type=f32 -> true
[SYCL] call ggml_backend_sycl_device_supports_op op->op=MUL_MAT op->type=f32 -> true
[SYCL] call ggml_backend_sycl_device_supports_op op->op=MUL op->type=f32 -> true
[SYCL] call ggml_backend_sycl_device_supports_op op->op=MUL op->type=f32 -> true
[SYCL] call ggml_backend_sycl_device_supports_op op->op=MUL_MAT op->type=f32 -> true
[SYCL] call ggml_backend_sycl_device_supports_op op->op=MUL_MAT op->type=f32 -> true
[SYCL] call ggml_backend_sycl_device_supports_op op->op=MUL_MAT op->type=f32 -> true
[SYCL] call ggml_backend_sycl_device_supports_op op->op=MUL op->type=f32 -> true
[SYCL] call ggml_backend_sycl_device_supports_op op->op=MUL_MAT op->type=f32 -> true
[SYCL] call ggml_backend_sycl_device_supports_op op->op=MUL_MAT op->type=f32 -> true
[SYCL] call ggml_backend_sycl_device_supports_op op->op=MUL op->type=f32 -> true
[SYCL] call ggml_backend_sycl_device_supports_op op->op=MUL op->type=f32 -> true
[SYCL] call ggml_backend_sycl_device_supports_op op->op=MUL op->type=f32 -> true
[SYCL] call ggml_backend_sycl_device_supports_op op->op=MUL_MAT op->type=f32 -> true
[SYCL] call ggml_backend_sycl_device_supports_op op->op=MUL op->type=f32 -> true
[SYCL] call ggml_backend_sycl_device_supports_op op->op=MUL_MAT op->type=f32 -> true
[SYCL] call ggml_backend_sycl_device_supports_op op->op=MUL op->type=f32 -> true
[SYCL] call ggml_backend_sycl_device_supports_op op->op=MUL_MAT op->type=f32 -> true
[SYCL] call ggml_backend_sycl_device_supports_op op->op=MUL_MAT op->type=f32 -> true
[SYCL] call ggml_backend_sycl_device_supports_op op->op=MUL op->type=f32 -> true
[SYCL] call ggml_backend_sycl_device_supports_op op->op=MUL op->type=f32 -> true
[SYCL] call ggml_backend_sycl_device_supports_op op->op=MUL_MAT op->type=f32 -> true
[SYCL] call ggml_backend_sycl_device_supports_op op->op=MUL_MAT op->type=f32 -> true
[SYCL] call ggml_backend_sycl_device_supports_op op->op=MUL_MAT op->type=f32 -> true
[SYCL] call ggml_backend_sycl_device_supports_op op->op=MUL op->type=f32 -> true
[SYCL] call ggml_backend_sycl_device_supports_op op->op=MUL_MAT op->type=f32 -> true
[SYCL] call ggml_backend_sycl_device_supports_op op->op=MUL_MAT op->type=f32 -> true
[SYCL] call ggml_backend_sycl_device_supports_op op->op=MUL op->type=f32 -> true
[SYCL] call ggml_backend_sycl_device_supports_op op->op=MUL op->type=f32 -> true
[SYCL] call ggml_backend_sycl_device_supports_op op->op=MUL op->type=f32 -> true
[SYCL] call ggml_backend_sycl_device_supports_op op->op=MUL_MAT op->type=f32 -> true
[SYCL] call ggml_backend_sycl_device_supports_op op->op=MUL op->type=f32 -> true
[SYCL] call ggml_backend_sycl_device_supports_op op->op=MUL_MAT op->type=f32 -> true
[SYCL] call ggml_backend_sycl_device_supports_op op->op=MUL op->type=f32 -> true
[SYCL] call ggml_backend_sycl_device_supports_op op->op=MUL_MAT op->type=f32 -> true
[SYCL] call ggml_backend_sycl_device_supports_op op->op=MUL_MAT op->type=f32 -> true
[SYCL] call ggml_backend_sycl_device_supports_op op->op=MUL op->type=f32 -> true
[SYCL] call ggml_backend_sycl_device_supports_op op->op=MUL op->type=f32 -> true
[SYCL] call ggml_backend_sycl_device_supports_op op->op=MUL_MAT op->type=f32 -> true
[SYCL] call ggml_backend_sycl_device_supports_op op->op=MUL_MAT op->type=f32 -> true
[SYCL] call ggml_backend_sycl_device_supports_op op->op=MUL_MAT op->type=f32 -> true
[SYCL] call ggml_backend_sycl_device_supports_op op->op=MUL op->type=f32 -> true
[SYCL] call ggml_backend_sycl_device_supports_op op->op=MUL_MAT op->type=f32 -> true
[SYCL] call ggml_backend_sycl_device_supports_op op->op=MUL_MAT op->type=f32 -> true
[SYCL] call ggml_backend_sycl_device_supports_op op->op=MUL op->type=f32 -> true
[SYCL] call ggml_backend_sycl_device_supports_op op->op=MUL op->type=f32 -> true
[SYCL] call ggml_backend_sycl_device_supports_op op->op=MUL op->type=f32 -> true
[SYCL] call ggml_backend_sycl_device_supports_op op->op=MUL_MAT op->type=f32 -> true
[SYCL] call ggml_backend_sycl_device_supports_op op->op=MUL op->type=f32 -> true
[SYCL] call ggml_backend_sycl_device_supports_op op->op=MUL_MAT op->type=f32 -> true
[SYCL] call ggml_backend_sycl_device_supports_op op->op=MUL op->type=f32 -> true
[SYCL] call ggml_backend_sycl_device_supports_op op->op=MUL_MAT op->type=f32 -> true
[SYCL] call ggml_backend_sycl_device_supports_op op->op=MUL_MAT op->type=f32 -> true
[SYCL] call ggml_backend_sycl_device_supports_op op->op=MUL op->type=f32 -> true
[SYCL] call ggml_backend_sycl_device_supports_op op->op=MUL op->type=f32 -> true
[SYCL] call ggml_backend_sycl_device_supports_op op->op=MUL_MAT op->type=f32 -> true
[SYCL] call ggml_backend_sycl_device_supports_op op->op=MUL_MAT op->type=f32 -> true
[SYCL] call ggml_backend_sycl_device_supports_op op->op=MUL_MAT op->type=f32 -> true
[SYCL] call ggml_backend_sycl_device_supports_op op->op=MUL op->type=f32 -> true
[SYCL] call ggml_backend_sycl_device_supports_op op->op=MUL_MAT op->type=f32 -> true
[SYCL] call ggml_backend_sycl_device_supports_op op->op=MUL_MAT op->type=f32 -> true
[SYCL] call ggml_backend_sycl_device_supports_op op->op=MUL op->type=f32 -> true
[SYCL] call ggml_backend_sycl_device_supports_op op->op=MUL op->type=f32 -> true
[SYCL] call ggml_backend_sycl_device_supports_op op->op=MUL op->type=f32 -> true
[SYCL] call ggml_backend_sycl_device_supports_op op->op=MUL_MAT op->type=f32 -> true
[SYCL] call ggml_backend_sycl_device_supports_op op->op=MUL op->type=f32 -> true
[SYCL] call ggml_backend_sycl_device_supports_op op->op=MUL_MAT op->type=f32 -> true
[SYCL] call ggml_backend_sycl_device_supports_op op->op=MUL op->type=f32 -> true
[SYCL] call ggml_backend_sycl_device_supports_op op->op=MUL_MAT op->type=f32 -> true
[SYCL] call ggml_backend_sycl_device_supports_op op->op=MUL_MAT op->type=f32 -> true
[SYCL] call ggml_backend_sycl_device_supports_op op->op=MUL op->type=f32 -> true
[SYCL] call ggml_backend_sycl_device_supports_op op->op=MUL op->type=f32 -> true
[SYCL] call ggml_backend_sycl_device_supports_op op->op=MUL_MAT op->type=f32 -> true
[SYCL] call ggml_backend_sycl_device_supports_op op->op=MUL_MAT op->type=f32 -> true
[SYCL] call ggml_backend_sycl_device_supports_op op->op=MUL_MAT op->type=f32 -> true
[SYCL] call ggml_backend_sycl_device_supports_op op->op=MUL op->type=f32 -> true
[SYCL] call ggml_backend_sycl_device_supports_op op->op=MUL_MAT op->type=f32 -> true
[SYCL] call ggml_backend_sycl_device_supports_op op->op=MUL_MAT op->type=f32 -> true
[SYCL] call ggml_backend_sycl_device_supports_op op->op=MUL op->type=f32 -> true
[SYCL] call ggml_backend_sycl_device_supports_op op->op=MUL op->type=f32 -> true
[SYCL] call ggml_backend_sycl_device_supports_op op->op=MUL op->type=f32 -> true
[SYCL] call ggml_backend_sycl_device_supports_op op->op=MUL_MAT op->type=f32 -> true
[SYCL] call ggml_backend_sycl_device_supports_op op->op=MUL op->type=f32 -> true
[SYCL] call ggml_backend_sycl_device_supports_op op->op=MUL_MAT op->type=f32 -> true
[SYCL] call ggml_backend_sycl_device_supports_op op->op=MUL op->type=f32 -> true
[SYCL] call ggml_backend_sycl_device_supports_op op->op=MUL_MAT op->type=f32 -> true
[SYCL] call ggml_backend_sycl_device_supports_op op->op=MUL_MAT op->type=f32 -> true
[SYCL] call ggml_backend_sycl_device_supports_op op->op=MUL op->type=f32 -> true
[SYCL] call ggml_backend_sycl_device_supports_op op->op=MUL op->type=f32 -> true
[SYCL] call ggml_backend_sycl_device_supports_op op->op=MUL_MAT op->type=f32 -> true
[SYCL] call ggml_backend_sycl_device_supports_op op->op=MUL_MAT op->type=f32 -> true
[SYCL] call ggml_backend_sycl_device_supports_op op->op=MUL_MAT op->type=f32 -> true
[SYCL] call ggml_backend_sycl_device_supports_op op->op=MUL op->type=f32 -> true
[SYCL] call ggml_backend_sycl_device_supports_op op->op=MUL_MAT op->type=f32 -> true
[SYCL] call ggml_backend_sycl_device_supports_op op->op=MUL_MAT op->type=f32 -> true
[SYCL] call ggml_backend_sycl_device_supports_op op->op=MUL op->type=f32 -> true
[SYCL] call ggml_backend_sycl_device_supports_op op->op=MUL op->type=f32 -> true
[SYCL] call ggml_backend_sycl_device_supports_op op->op=MUL op->type=f32 -> true
[SYCL] call ggml_backend_sycl_device_supports_op op->op=MUL_MAT op->type=f32 -> true
[SYCL] call ggml_backend_sycl_device_supports_op op->op=MUL op->type=f32 -> true
[SYCL] call ggml_backend_sycl_device_supports_op op->op=MUL_MAT op->type=f32 -> true
[SYCL] call ggml_backend_sycl_device_supports_op op->op=MUL op->type=f32 -> true
[SYCL] call ggml_backend_sycl_device_supports_op op->op=MUL_MAT op->type=f32 -> true
[SYCL] call ggml_backend_sycl_device_supports_op op->op=MUL_MAT op->type=f32 -> true
[SYCL] call ggml_backend_sycl_device_supports_op op->op=MUL op->type=f32 -> true
[SYCL] call ggml_backend_sycl_device_supports_op op->op=MUL op->type=f32 -> true
[SYCL] call ggml_backend_sycl_device_supports_op op->op=MUL_MAT op->type=f32 -> true
[SYCL] call ggml_backend_sycl_device_supports_op op->op=MUL_MAT op->type=f32 -> true
[SYCL] call ggml_backend_sycl_device_supports_op op->op=MUL_MAT op->type=f32 -> true
[SYCL] call ggml_backend_sycl_device_supports_op op->op=MUL op->type=f32 -> true
[SYCL] call ggml_backend_sycl_device_supports_op op->op=MUL_MAT op->type=f32 -> true
[SYCL] call ggml_backend_sycl_device_supports_op op->op=MUL_MAT op->type=f32 -> true
[SYCL] call ggml_backend_sycl_device_supports_op op->op=MUL op->type=f32 -> true
[SYCL] call ggml_backend_sycl_device_supports_op op->op=MUL op->type=f32 -> true
[SYCL] call ggml_backend_sycl_device_supports_op op->op=MUL op->type=f32 -> true
[SYCL] call ggml_backend_sycl_device_supports_op op->op=MUL_MAT op->type=f32 -> true
[SYCL] call ggml_backend_sycl_device_supports_op op->op=MUL op->type=f32 -> true
[SYCL] call ggml_backend_sycl_device_supports_op op->op=MUL_MAT op->type=f32 -> true
[SYCL] call ggml_backend_sycl_device_supports_op op->op=MUL op->type=f32 -> true
[SYCL] call ggml_backend_sycl_device_supports_op op->op=MUL_MAT op->type=f32 -> true
[SYCL] call ggml_backend_sycl_device_supports_op op->op=MUL_MAT op->type=f32 -> true
[SYCL] call ggml_backend_sycl_device_supports_op op->op=MUL op->type=f32 -> true
[SYCL] call ggml_backend_sycl_device_supports_op op->op=MUL op->type=f32 -> true
[SYCL] call ggml_backend_sycl_device_supports_op op->op=MUL_MAT op->type=f32 -> true
[SYCL] call ggml_backend_sycl_device_supports_op op->op=MUL_MAT op->type=f32 -> true
[SYCL] call ggml_backend_sycl_device_supports_op op->op=MUL_MAT op->type=f32 -> true
[SYCL] call ggml_backend_sycl_device_supports_op op->op=MUL op->type=f32 -> true
[SYCL] call ggml_backend_sycl_device_supports_op op->op=MUL_MAT op->type=f32 -> true
[SYCL] call ggml_backend_sycl_device_supports_op op->op=MUL_MAT op->type=f32 -> true
[SYCL] call ggml_backend_sycl_device_supports_op op->op=MUL op->type=f32 -> true
[SYCL] call ggml_backend_sycl_device_supports_op op->op=MUL op->type=f32 -> true
[SYCL] call ggml_backend_sycl_device_supports_op op->op=MUL op->type=f32 -> true
[SYCL] call ggml_backend_sycl_device_supports_op op->op=MUL_MAT op->type=f32 -> true
[SYCL] call ggml_backend_sycl_device_supports_op op->op=MUL op->type=f32 -> true
[SYCL] call ggml_backend_sycl_device_supports_op op->op=MUL_MAT op->type=f32 -> true
[SYCL] call ggml_backend_sycl_device_supports_op op->op=MUL op->type=f32 -> true
[SYCL] call ggml_backend_sycl_device_supports_op op->op=MUL_MAT op->type=f32 -> true
[SYCL] call ggml_backend_sycl_device_supports_op op->op=MUL_MAT op->type=f32 -> true
[SYCL] call ggml_backend_sycl_device_supports_op op->op=MUL op->type=f32 -> true
[SYCL] call ggml_backend_sycl_device_supports_op op->op=MUL op->type=f32 -> true
[SYCL] call ggml_backend_sycl_device_supports_op op->op=MUL_MAT op->type=f32 -> true
[SYCL] call ggml_backend_sycl_device_supports_op op->op=MUL_MAT op->type=f32 -> true
[SYCL] call ggml_backend_sycl_device_supports_op op->op=MUL_MAT op->type=f32 -> true
[SYCL] call ggml_backend_sycl_device_supports_op op->op=MUL op->type=f32 -> true
[SYCL] call ggml_backend_sycl_device_supports_op op->op=MUL_MAT op->type=f32 -> true
[SYCL] call ggml_backend_sycl_device_supports_op op->op=MUL_MAT op->type=f32 -> true
[SYCL] call ggml_backend_sycl_device_supports_op op->op=MUL op->type=f32 -> true
[SYCL] call ggml_backend_sycl_device_supports_op op->op=MUL op->type=f32 -> true
[SYCL] call ggml_backend_sycl_device_supports_op op->op=MUL op->type=f32 -> true
[SYCL] call ggml_backend_sycl_device_supports_op op->op=MUL_MAT op->type=f32 -> true
[SYCL] call ggml_backend_sycl_device_supports_op op->op=MUL op->type=f32 -> true
[SYCL] call ggml_backend_sycl_device_supports_op op->op=MUL_MAT op->type=f32 -> true
[SYCL] call ggml_backend_sycl_device_supports_op op->op=MUL op->type=f32 -> true
[SYCL] call ggml_backend_sycl_device_supports_op op->op=MUL_MAT op->type=f32 -> true
[SYCL] call ggml_backend_sycl_device_supports_op op->op=MUL_MAT op->type=f32 -> true
[SYCL] call ggml_backend_sycl_device_supports_op op->op=MUL op->type=f32 -> true
[SYCL] call ggml_backend_sycl_device_supports_op op->op=MUL op->type=f32 -> true
[SYCL] call ggml_backend_sycl_device_supports_op op->op=MUL_MAT op->type=f32 -> true
[SYCL] call ggml_backend_sycl_device_supports_op op->op=MUL_MAT op->type=f32 -> true
[SYCL] call ggml_backend_sycl_device_supports_op op->op=MUL_MAT op->type=f32 -> true
[SYCL] call ggml_backend_sycl_device_supports_op op->op=MUL op->type=f32 -> true
[SYCL] call ggml_backend_sycl_device_supports_op op->op=MUL_MAT op->type=f32 -> true
[SYCL] call ggml_backend_sycl_device_supports_op op->op=MUL_MAT op->type=f32 -> true
[SYCL] call ggml_backend_sycl_device_supports_op op->op=MUL op->type=f32 -> true
[SYCL] call ggml_backend_sycl_device_supports_op op->op=MUL op->type=f32 -> true
[SYCL] call ggml_backend_sycl_device_supports_op op->op=MUL op->type=f32 -> true
[SYCL] call ggml_backend_sycl_device_supports_op op->op=MUL_MAT op->type=f32 -> true
[SYCL] call ggml_backend_sycl_device_supports_op op->op=MUL op->type=f32 -> true
[SYCL] call ggml_backend_sycl_device_supports_op op->op=MUL_MAT op->type=f32 -> true
[SYCL] call ggml_backend_sycl_device_supports_op op->op=MUL op->type=f32 -> true
[SYCL] call ggml_backend_sycl_device_supports_op op->op=MUL_MAT op->type=f32 -> true
[SYCL] call ggml_backend_sycl_device_supports_op op->op=MUL_MAT op->type=f32 -> true
[SYCL] call ggml_backend_sycl_device_supports_op op->op=MUL op->type=f32 -> true
[SYCL] call ggml_backend_sycl_device_supports_op op->op=MUL op->type=f32 -> true
[SYCL] call ggml_backend_sycl_device_supports_op op->op=MUL_MAT op->type=f32 -> true
[SYCL] call ggml_backend_sycl_device_supports_op op->op=MUL_MAT op->type=f32 -> true
[SYCL] call ggml_backend_sycl_device_supports_op op->op=MUL_MAT op->type=f32 -> true
[SYCL] call ggml_backend_sycl_device_supports_op op->op=MUL op->type=f32 -> true
[SYCL] call ggml_backend_sycl_device_supports_op op->op=MUL_MAT op->type=f32 -> true
[SYCL] call ggml_backend_sycl_device_supports_op op->op=MUL_MAT op->type=f32 -> true
[SYCL] call ggml_backend_sycl_device_supports_op op->op=MUL op->type=f32 -> true
[SYCL] call ggml_backend_sycl_device_supports_op op->op=MUL op->type=f32 -> true
[SYCL] call ggml_backend_sycl_device_supports_op op->op=MUL op->type=f32 -> true
[SYCL] call ggml_backend_sycl_device_supports_op op->op=MUL_MAT op->type=f32 -> true
[SYCL] call ggml_backend_sycl_device_supports_op op->op=MUL op->type=f32 -> true
[SYCL] call ggml_backend_sycl_device_supports_op op->op=MUL_MAT op->type=f32 -> true
[SYCL] call ggml_backend_sycl_device_supports_op op->op=MUL op->type=f32 -> true
[SYCL] call ggml_backend_sycl_device_supports_op op->op=MUL op->type=f32 -> true
[SYCL] call ggml_backend_sycl_device_supports_op op->op=MUL_MAT op->type=f32 -> true
[SYCL] call ggml_backend_sycl_device_supports_op op->op=MUL_MAT op->type=f32 -> true
[SYCL] call ggml_backend_sycl_device_supports_op op->op=MUL_MAT op->type=f32 -> true
[SYCL] call ggml_backend_sycl_device_supports_op op->op=MUL op->type=f32 -> true
[SYCL] call ggml_backend_sycl_device_supports_op op->op=MUL_MAT op->type=f32 -> true
[SYCL] call ggml_backend_sycl_device_supports_op op->op=MUL_MAT op->type=f32 -> true
[SYCL] call ggml_backend_sycl_device_supports_op op->op=MUL op->type=f32 -> true
[SYCL] call ggml_backend_sycl_device_supports_op op->op=MUL op->type=f32 -> true
[SYCL] call ggml_backend_sycl_device_supports_op op->op=MUL op->type=f32 -> true
[SYCL] call ggml_backend_sycl_device_supports_op op->op=MUL_MAT op->type=f32 -> true
[SYCL] call ggml_backend_sycl_device_supports_op op->op=MUL op->type=f32 -> true
[SYCL] call ggml_backend_sycl_device_supports_op op->op=MUL_MAT op->type=f32 -> true
[SYCL] call ggml_backend_sycl_device_supports_op op->op=MUL op->type=f32 -> true
[SYCL] call ggml_backend_sycl_device_supports_op op->op=MUL op->type=f32 -> true
[SYCL] call ggml_backend_sycl_device_supports_op op->op=MUL_MAT op->type=f32 -> true
[SYCL] call ggml_backend_sycl_device_supports_op op->op=MUL_MAT op->type=f32 -> true
[SYCL] call ggml_backend_sycl_device_supports_op op->op=MUL_MAT op->type=f32 -> true
[SYCL] call ggml_backend_sycl_device_supports_op op->op=MUL op->type=f32 -> true
[SYCL] call ggml_backend_sycl_device_supports_op op->op=MUL_MAT op->type=f32 -> true
[SYCL] call ggml_backend_sycl_device_supports_op op->op=MUL_MAT op->type=f32 -> true
[SYCL] call ggml_backend_sycl_device_supports_op op->op=MUL op->type=f32 -> true
[SYCL] call ggml_backend_sycl_device_supports_op op->op=MUL op->type=f32 -> true
[SYCL] call ggml_backend_sycl_device_supports_op op->op=MUL op->type=f32 -> true
[SYCL] call ggml_backend_sycl_device_supports_op op->op=MUL_MAT op->type=f32 -> true
[SYCL] call ggml_backend_sycl_device_supports_op op->op=MUL op->type=f32 -> true
[SYCL] call ggml_backend_sycl_device_supports_op op->op=MUL_MAT op->type=f32 -> true
[SYCL] call ggml_backend_sycl_device_supports_op op->op=MUL op->type=f32 -> true
[SYCL] call ggml_backend_sycl_device_supports_op op->op=MUL op->type=f32 -> true
[SYCL] call ggml_backend_sycl_device_supports_op op->op=MUL_MAT op->type=f32 -> true
[SYCL] call ggml_backend_sycl_device_supports_op op->op=MUL_MAT op->type=f32 -> true
[SYCL] call ggml_backend_sycl_device_supports_op op->op=MUL_MAT op->type=f32 -> true
[SYCL] call ggml_backend_sycl_device_supports_op op->op=MUL op->type=f32 -> true
[SYCL] call ggml_backend_sycl_device_supports_op op->op=MUL_MAT op->type=f32 -> true
[SYCL] call ggml_backend_sycl_device_supports_op op->op=MUL_MAT op->type=f32 -> true
[SYCL] call ggml_backend_sycl_device_supports_op op->op=MUL op->type=f32 -> true
[SYCL] call ggml_backend_sycl_device_supports_op op->op=MUL op->type=f32 -> true
[SYCL] call ggml_backend_sycl_device_supports_op op->op=MUL op->type=f32 -> true
[SYCL] call ggml_backend_sycl_device_supports_op op->op=MUL_MAT op->type=f32 -> true
[SYCL] call ggml_backend_sycl_device_supports_op op->op=MUL op->type=f32 -> true
[SYCL] call ggml_backend_sycl_device_supports_op op->op=MUL_MAT op->type=f32 -> true
[SYCL] call ggml_backend_sycl_device_supports_op op->op=MUL op->type=f32 -> true
[SYCL] call ggml_backend_sycl_device_supports_op op->op=MUL op->type=f32 -> true
[SYCL] call ggml_backend_sycl_device_supports_op op->op=MUL_MAT op->type=f32 -> true
[SYCL] call ggml_backend_sycl_device_supports_op op->op=MUL_MAT op->type=f32 -> true
[SYCL] call ggml_backend_sycl_device_supports_op op->op=MUL_MAT op->type=f32 -> true
[SYCL] call ggml_backend_sycl_device_supports_op op->op=MUL op->type=f32 -> true
[SYCL] call ggml_backend_sycl_device_supports_op op->op=MUL_MAT op->type=f32 -> true
[SYCL] call ggml_backend_sycl_device_supports_op op->op=MUL_MAT op->type=f32 -> true
[SYCL] call ggml_backend_sycl_device_supports_op op->op=MUL op->type=f32 -> true
[SYCL] call ggml_backend_sycl_device_supports_op op->op=MUL op->type=f32 -> true
[SYCL] call ggml_backend_sycl_device_supports_op op->op=MUL op->type=f32 -> true
[SYCL] call ggml_backend_sycl_device_supports_op op->op=MUL_MAT op->type=f32 -> true
[SYCL] call ggml_backend_sycl_device_supports_op op->op=MUL op->type=f32 -> true
[SYCL] call ggml_backend_sycl_device_supports_op op->op=MUL_MAT op->type=f32 -> true
[SYCL] call ggml_backend_sycl_device_supports_op op->op=MUL op->type=f32 -> true
[SYCL] call ggml_backend_sycl_device_supports_op op->op=MUL op->type=f32 -> true
[SYCL] call ggml_backend_sycl_device_supports_op op->op=MUL_MAT op->type=f32 -> true
[SYCL] call ggml_backend_sycl_device_supports_op op->op=MUL_MAT op->type=f32 -> true
[SYCL] call ggml_backend_sycl_device_supports_op op->op=MUL_MAT op->type=f32 -> true
[SYCL] call ggml_backend_sycl_device_supports_op op->op=MUL op->type=f32 -> true
[SYCL] call ggml_backend_sycl_device_supports_op op->op=MUL_MAT op->type=f32 -> true
[SYCL] call ggml_backend_sycl_device_supports_op op->op=MUL_MAT op->type=f32 -> true
[SYCL] call ggml_backend_sycl_device_supports_op op->op=MUL op->type=f32 -> true
[SYCL] call ggml_backend_sycl_device_supports_op op->op=MUL op->type=f32 -> true
[SYCL] call ggml_backend_sycl_device_supports_op op->op=MUL op->type=f32 -> true
[SYCL] call ggml_backend_sycl_device_supports_op op->op=MUL_MAT op->type=f32 -> true
[SYCL] call ggml_backend_sycl_device_supports_op op->op=MUL op->type=f32 -> true
[SYCL] call ggml_backend_sycl_device_supports_op op->op=MUL_MAT op->type=f32 -> true
[SYCL] call ggml_backend_sycl_device_supports_op op->op=MUL op->type=f32 -> true
[SYCL] call ggml_backend_sycl_device_supports_op op->op=MUL op->type=f32 -> true
[SYCL] call ggml_backend_sycl_device_supports_op op->op=MUL_MAT op->type=f32 -> true
[SYCL] call ggml_backend_sycl_device_supports_op op->op=MUL_MAT op->type=f32 -> true
[SYCL] call ggml_backend_sycl_device_supports_op op->op=MUL_MAT op->type=f32 -> true
[SYCL] call ggml_backend_sycl_device_supports_op op->op=MUL op->type=f32 -> true
[SYCL] call ggml_backend_sycl_device_supports_op op->op=MUL_MAT op->type=f32 -> true
[SYCL] call ggml_backend_sycl_device_supports_op op->op=MUL_MAT op->type=f32 -> true
[SYCL] call ggml_backend_sycl_device_supports_op op->op=MUL op->type=f32 -> true
[SYCL] call ggml_backend_sycl_device_supports_op op->op=MUL op->type=f32 -> true
[SYCL] call ggml_backend_sycl_device_supports_op op->op=MUL op->type=f32 -> true
[SYCL] call ggml_backend_sycl_device_supports_op op->op=MUL_MAT op->type=f32 -> true
[SYCL] call ggml_backend_sycl_device_supports_op op->op=MUL op->type=f32 -> true
[SYCL] call ggml_backend_sycl_device_supports_op op->op=MUL_MAT op->type=f32 -> true
[SYCL] call ggml_backend_sycl_device_supports_op op->op=MUL op->type=f32 -> true
[SYCL] call ggml_backend_sycl_device_supports_op op->op=MUL op->type=f32 -> true
[SYCL] call ggml_backend_sycl_device_supports_op op->op=MUL_MAT op->type=f32 -> true
[SYCL] call ggml_backend_sycl_device_supports_op op->op=MUL_MAT op->type=f32 -> true
[SYCL] call ggml_backend_sycl_device_supports_op op->op=MUL_MAT op->type=f32 -> true
[SYCL] call ggml_backend_sycl_device_supports_op op->op=MUL op->type=f32 -> true
[SYCL] call ggml_backend_sycl_device_supports_op op->op=MUL_MAT op->type=f32 -> true
[SYCL] call ggml_backend_sycl_device_supports_op op->op=MUL_MAT op->type=f32 -> true
[SYCL] call ggml_backend_sycl_device_supports_op op->op=MUL op->type=f32 -> true
[SYCL] call ggml_backend_sycl_device_supports_op op->op=MUL op->type=f32 -> true
[SYCL] call ggml_backend_sycl_device_supports_op op->op=MUL op->type=f32 -> true
[SYCL] call ggml_backend_sycl_device_supports_op op->op=MUL_MAT op->type=f32 -> true
[SYCL] call ggml_backend_sycl_device_supports_op op->op=MUL op->type=f32 -> true
[SYCL] call ggml_backend_sycl_device_supports_op op->op=MUL_MAT op->type=f32 -> true
[SYCL] call ggml_backend_sycl_device_supports_op op->op=MUL op->type=f32 -> true
[SYCL] call ggml_backend_sycl_device_supports_op op->op=MUL op->type=f32 -> true
[SYCL] call ggml_backend_sycl_device_supports_op op->op=MUL_MAT op->type=f32 -> true
[SYCL] call ggml_backend_sycl_device_supports_op op->op=MUL_MAT op->type=f32 -> true
[SYCL] call ggml_backend_sycl_device_supports_op op->op=MUL_MAT op->type=f32 -> true
[SYCL] call ggml_backend_sycl_device_supports_op op->op=MUL op->type=f32 -> true
[SYCL] call ggml_backend_sycl_device_supports_op op->op=MUL_MAT op->type=f32 -> true
[SYCL] call ggml_backend_sycl_device_supports_op op->op=MUL_MAT op->type=f32 -> true
[SYCL] call ggml_backend_sycl_device_supports_op op->op=MUL op->type=f32 -> true
[SYCL] call ggml_backend_sycl_device_supports_op op->op=MUL op->type=f32 -> true
[SYCL] call ggml_backend_sycl_device_supports_op op->op=MUL op->type=f32 -> true
[SYCL] call ggml_backend_sycl_device_supports_op op->op=MUL_MAT op->type=f32 -> true
[SYCL] call ggml_backend_sycl_device_supports_op op->op=MUL op->type=f32 -> true
[SYCL] call ggml_backend_sycl_device_supports_op op->op=MUL_MAT op->type=f32 -> true
[SYCL] call ggml_backend_sycl_device_supports_op op->op=MUL op->type=f32 -> true
[SYCL] call ggml_backend_sycl_device_supports_op op->op=MUL op->type=f32 -> true
[SYCL] call ggml_backend_sycl_device_supports_op op->op=MUL_MAT op->type=f32 -> true
[SYCL] call ggml_backend_sycl_device_supports_op op->op=MUL_MAT op->type=f32 -> true
[SYCL] call ggml_backend_sycl_device_supports_op op->op=MUL_MAT op->type=f32 -> true
[SYCL] call ggml_backend_sycl_device_supports_op op->op=MUL op->type=f32 -> true
[SYCL] call ggml_backend_sycl_device_supports_op op->op=MUL_MAT op->type=f32 -> true
[SYCL] call ggml_backend_sycl_device_supports_op op->op=MUL_MAT op->type=f32 -> true
[SYCL] call ggml_backend_sycl_device_supports_op op->op=MUL op->type=f32 -> true
[SYCL] call ggml_backend_sycl_device_supports_op op->op=MUL op->type=f32 -> true
[SYCL] call ggml_backend_sycl_device_supports_op op->op=MUL op->type=f32 -> true
[SYCL] call ggml_backend_sycl_device_supports_op op->op=MUL_MAT op->type=f32 -> true
[SYCL] call ggml_backend_sycl_device_supports_op op->op=MUL op->type=f32 -> true
[SYCL] call ggml_backend_sycl_device_supports_op op->op=MUL_MAT op->type=f32 -> true
[SYCL] call ggml_backend_sycl_device_supports_op op->op=MUL op->type=f32 -> true
[SYCL] call ggml_backend_sycl_device_supports_op op->op=MUL op->type=f32 -> true
[SYCL] call ggml_backend_sycl_device_supports_op op->op=MUL_MAT op->type=f32 -> true
[SYCL] call ggml_backend_sycl_device_supports_op op->op=MUL_MAT op->type=f32 -> true
[SYCL] call ggml_backend_sycl_device_supports_op op->op=MUL_MAT op->type=f32 -> true
[SYCL] call ggml_backend_sycl_device_supports_op op->op=MUL op->type=f32 -> true
[SYCL] call ggml_backend_sycl_device_supports_op op->op=MUL_MAT op->type=f32 -> true
[SYCL] call ggml_backend_sycl_device_supports_op op->op=MUL_MAT op->type=f32 -> true
[SYCL] call ggml_backend_sycl_device_supports_op op->op=MUL op->type=f32 -> true
[SYCL] call ggml_backend_sycl_device_supports_op op->op=MUL op->type=f32 -> true
[SYCL] call ggml_backend_sycl_device_supports_op op->op=MUL op->type=f32 -> true
[SYCL] call ggml_backend_sycl_device_supports_op op->op=MUL_MAT op->type=f32 -> true
[SYCL] call ggml_backend_sycl_device_supports_op op->op=MUL op->type=f32 -> true
[SYCL] call ggml_backend_sycl_device_supports_op op->op=MUL_MAT op->type=f32 -> true
[SYCL] call ggml_backend_sycl_device_supports_op op->op=MUL op->type=f32 -> true
[SYCL] call ggml_backend_sycl_device_supports_op op->op=MUL op->type=f32 -> true
[SYCL] call ggml_backend_sycl_device_supports_op op->op=MUL_MAT op->type=f32 -> true
[SYCL] call ggml_backend_sycl_device_supports_op op->op=MUL_MAT op->type=f32 -> true
[SYCL] call ggml_backend_sycl_device_supports_op op->op=MUL_MAT op->type=f32 -> true
[SYCL] call ggml_backend_sycl_device_supports_op op->op=MUL op->type=f32 -> true
[SYCL] call ggml_backend_sycl_device_supports_op op->op=MUL_MAT op->type=f32 -> true
[SYCL] call ggml_backend_sycl_device_supports_op op->op=MUL_MAT op->type=f32 -> true
[SYCL] call ggml_backend_sycl_device_supports_op op->op=MUL op->type=f32 -> true
[SYCL] call ggml_backend_sycl_device_supports_op op->op=MUL op->type=f32 -> true
[SYCL] call ggml_backend_sycl_device_supports_op op->op=MUL op->type=f32 -> true
[SYCL] call ggml_backend_sycl_device_supports_op op->op=MUL_MAT op->type=f32 -> true
[SYCL] call ggml_backend_sycl_device_supports_op op->op=MUL op->type=f32 -> true
[SYCL] call ggml_backend_sycl_device_supports_op op->op=MUL_MAT op->type=f32 -> true
[SYCL] call ggml_backend_sycl_device_supports_op op->op=MUL op->type=f32 -> true
[SYCL] call ggml_backend_sycl_device_supports_op op->op=MUL op->type=f32 -> true
[SYCL] call ggml_backend_sycl_device_supports_op op->op=MUL_MAT op->type=f32 -> true
[SYCL] call ggml_backend_sycl_device_supports_op op->op=MUL_MAT op->type=f32 -> true
[SYCL] call ggml_backend_sycl_device_supports_op op->op=MUL_MAT op->type=f32 -> true
[SYCL] call ggml_backend_sycl_device_supports_op op->op=MUL op->type=f32 -> true
[SYCL] call ggml_backend_sycl_device_supports_op op->op=MUL_MAT op->type=f32 -> true
[SYCL] call ggml_backend_sycl_device_supports_op op->op=MUL_MAT op->type=f32 -> true
[SYCL] call ggml_backend_sycl_device_supports_op op->op=MUL op->type=f32 -> true
[SYCL] call ggml_backend_sycl_device_supports_op op->op=MUL op->type=f32 -> true
[SYCL] call ggml_backend_sycl_device_supports_op op->op=MUL op->type=f32 -> true
[SYCL] call ggml_backend_sycl_device_supports_op op->op=MUL_MAT op->type=f32 -> true
[SYCL] call ggml_backend_sycl_device_supports_op op->op=MUL op->type=f32 -> true
[SYCL] call ggml_backend_sycl_device_supports_op op->op=MUL_MAT op->type=f32 -> true
[SYCL] call ggml_backend_sycl_device_supports_op op->op=MUL op->type=f32 -> true
[SYCL] call ggml_backend_sycl_device_supports_op op->op=MUL op->type=f32 -> true
[SYCL] call ggml_backend_sycl_device_supports_op op->op=MUL_MAT op->type=f32 -> true
[SYCL] call ggml_backend_sycl_device_supports_op op->op=MUL_MAT op->type=f32 -> true
[SYCL] call ggml_backend_sycl_device_supports_op op->op=MUL_MAT op->type=f32 -> true
[SYCL] call ggml_backend_sycl_device_supports_op op->op=MUL op->type=f32 -> true
[SYCL] call ggml_backend_sycl_device_supports_op op->op=MUL_MAT op->type=f32 -> true
[SYCL] call ggml_backend_sycl_device_supports_op op->op=MUL_MAT op->type=f32 -> true
[SYCL] call ggml_backend_sycl_device_supports_op op->op=MUL op->type=f32 -> true
[SYCL] call ggml_backend_sycl_device_supports_op op->op=MUL op->type=f32 -> true
[SYCL] call ggml_backend_sycl_device_supports_op op->op=MUL op->type=f32 -> true
[SYCL] call ggml_backend_sycl_device_supports_op op->op=MUL_MAT op->type=f32 -> true
[SYCL] call ggml_backend_sycl_device_supports_op op->op=MUL op->type=f32 -> true
[SYCL] call ggml_backend_sycl_device_supports_op op->op=MUL_MAT op->type=f32 -> true
[SYCL] call ggml_backend_sycl_device_supports_op op->op=MUL op->type=f32 -> true
[SYCL] call ggml_backend_sycl_device_supports_op op->op=MUL op->type=f32 -> true
[SYCL] call ggml_backend_sycl_device_supports_op op->op=MUL_MAT op->type=f32 -> true
[SYCL] call ggml_backend_sycl_device_supports_op op->op=MUL_MAT op->type=f32 -> true
[SYCL] call ggml_backend_sycl_device_supports_op op->op=MUL_MAT op->type=f32 -> true
[SYCL] call ggml_backend_sycl_device_supports_op op->op=MUL op->type=f32 -> true
[SYCL] call ggml_backend_sycl_device_supports_op op->op=MUL_MAT op->type=f32 -> true
[SYCL] call ggml_backend_sycl_device_supports_op op->op=MUL_MAT op->type=f32 -> true
[SYCL] call ggml_backend_sycl_device_supports_op op->op=MUL op->type=f32 -> true
[SYCL] call ggml_backend_sycl_device_supports_op op->op=MUL op->type=f32 -> true
[SYCL] call ggml_backend_sycl_device_supports_op op->op=MUL op->type=f32 -> true
[SYCL] call ggml_backend_sycl_device_supports_op op->op=MUL_MAT op->type=f32 -> true
[SYCL] call ggml_backend_sycl_device_supports_op op->op=MUL op->type=f32 -> true
[SYCL] call ggml_backend_sycl_device_supports_op op->op=MUL_MAT op->type=f32 -> true
[SYCL] call ggml_backend_sycl_device_supports_op op->op=MUL op->type=f32 -> true
[SYCL] call ggml_backend_sycl_device_supports_op op->op=MUL op->type=f32 -> true
[SYCL] call ggml_backend_sycl_device_supports_op op->op=MUL_MAT op->type=f32 -> true
[SYCL] call ggml_backend_sycl_device_supports_op op->op=MUL_MAT op->type=f32 -> true
[SYCL] call ggml_backend_sycl_device_supports_op op->op=MUL_MAT op->type=f32 -> true
[SYCL] call ggml_backend_sycl_device_supports_op op->op=MUL op->type=f32 -> true
[SYCL] call ggml_backend_sycl_device_supports_op op->op=MUL_MAT op->type=f32 -> true
[SYCL] call ggml_backend_sycl_device_supports_op op->op=MUL_MAT op->type=f32 -> true
[SYCL] call ggml_backend_sycl_device_supports_op op->op=MUL op->type=f32 -> true
[SYCL] call ggml_backend_sycl_device_supports_op op->op=MUL op->type=f32 -> true
[SYCL] call ggml_backend_sycl_device_supports_op op->op=MUL op->type=f32 -> true
[SYCL] call ggml_backend_sycl_device_supports_op op->op=MUL_MAT op->type=f32 -> true
[SYCL] call ggml_backend_sycl_device_supports_op op->op=MUL op->type=f32 -> true
[SYCL] call ggml_backend_sycl_device_supports_op op->op=MUL_MAT op->type=f32 -> true
[SYCL] call ggml_backend_sycl_device_supports_op op->op=MUL op->type=f32 -> true
[SYCL] call ggml_backend_sycl_device_supports_op op->op=MUL op->type=f32 -> true
[SYCL] call ggml_backend_sycl_device_supports_op op->op=MUL_MAT op->type=f32 -> true
[SYCL] call ggml_backend_sycl_device_supports_op op->op=MUL_MAT op->type=f32 -> true
[SYCL] call ggml_backend_sycl_device_supports_op op->op=MUL_MAT op->type=f32 -> true
[SYCL] call ggml_backend_sycl_device_supports_op op->op=MUL op->type=f32 -> true
[SYCL] call ggml_backend_sycl_device_supports_op op->op=MUL_MAT op->type=f32 -> true
[SYCL] call ggml_backend_sycl_device_supports_op op->op=MUL_MAT op->type=f32 -> true
[SYCL] call ggml_backend_sycl_device_supports_op op->op=MUL op->type=f32 -> true
[SYCL] call ggml_backend_sycl_device_supports_op op->op=MUL op->type=f32 -> true
[SYCL] call ggml_backend_sycl_device_supports_op op->op=MUL op->type=f32 -> true
[SYCL] call ggml_backend_sycl_device_supports_op op->op=MUL_MAT op->type=f32 -> true
[SYCL] call ggml_backend_sycl_device_supports_op op->op=MUL op->type=f32 -> true
[SYCL] call ggml_backend_sycl_device_supports_op op->op=MUL_MAT op->type=f32 -> true
[SYCL] call ggml_backend_sycl_device_supports_op op->op=MUL op->type=f32 -> true
[SYCL] call ggml_backend_sycl_device_supports_op op->op=MUL op->type=f32 -> true
[SYCL] call ggml_backend_sycl_device_supports_op op->op=MUL_MAT op->type=f32 -> true
[SYCL] call ggml_backend_sycl_device_supports_op op->op=MUL_MAT op->type=f32 -> true
[SYCL] call ggml_backend_sycl_device_supports_op op->op=MUL_MAT op->type=f32 -> true
[SYCL] call ggml_backend_sycl_device_supports_op op->op=MUL op->type=f32 -> true
[SYCL] call ggml_backend_sycl_device_supports_op op->op=MUL_MAT op->type=f32 -> true
[SYCL] call ggml_backend_sycl_device_supports_op op->op=MUL_MAT op->type=f32 -> true
[SYCL] call ggml_backend_sycl_device_supports_op op->op=MUL op->type=f32 -> true
[SYCL] call ggml_backend_sycl_device_supports_op op->op=MUL op->type=f32 -> true
[SYCL] call ggml_backend_sycl_device_supports_op op->op=MUL op->type=f32 -> true
[SYCL] call ggml_backend_sycl_device_supports_op op->op=MUL_MAT op->type=f32 -> true
[SYCL] call ggml_backend_sycl_device_supports_op op->op=MUL op->type=f32 -> true
[SYCL] call ggml_backend_sycl_device_supports_op op->op=MUL_MAT op->type=f32 -> true
[SYCL] call ggml_backend_sycl_device_supports_op op->op=MUL op->type=f32 -> true
[SYCL] call ggml_backend_sycl_device_supports_op op->op=MUL op->type=f32 -> true
[SYCL] call ggml_backend_sycl_device_supports_op op->op=MUL_MAT op->type=f32 -> true
[SYCL] call ggml_backend_sycl_device_supports_op op->op=MUL_MAT op->type=f32 -> true
[SYCL] call ggml_backend_sycl_device_supports_op op->op=MUL_MAT op->type=f32 -> true
[SYCL] call ggml_backend_sycl_device_supports_op op->op=MUL op->type=f32 -> true
[SYCL] call ggml_backend_sycl_device_supports_op op->op=MUL_MAT op->type=f32 -> true
[SYCL] call ggml_backend_sycl_device_supports_op op->op=MUL_MAT op->type=f32 -> true
[SYCL] call ggml_backend_sycl_device_supports_op op->op=MUL op->type=f32 -> true
[SYCL] call ggml_backend_sycl_device_supports_op op->op=MUL op->type=f32 -> true
[SYCL] call ggml_backend_sycl_device_supports_op op->op=MUL op->type=f32 -> true
[SYCL] call ggml_backend_sycl_device_supports_op op->op=MUL_MAT op->type=f32 -> true
[SYCL] call ggml_backend_sycl_device_supports_op op->op=ROPE op->type=f32 -> true
[SYCL] call ggml_backend_sycl_device_supports_op op->op=MUL_MAT op->type=f32 -> true
[SYCL] call ggml_backend_sycl_device_supports_op op->op=ROPE op->type=f32 -> true
[SYCL] call ggml_backend_sycl_device_supports_op op->op=MUL_MAT op->type=f32 -> true
[SYCL] call ggml_backend_sycl_device_supports_op op->op=ADD op->type=f32 -> true
[SYCL] call ggml_backend_sycl_device_supports_op op->op=SCALE op->type=f32 -> true
[SYCL] call ggml_backend_sycl_device_supports_op op->op=CONT op->type=f32 -> true
[SYCL] call ggml_backend_sycl_device_supports_op op->op=MUL op->type=f32 -> true
[SYCL] call ggml_backend_sycl_device_supports_op op->op=ROPE op->type=f32 -> true
[SYCL] call ggml_backend_sycl_device_supports_op op->op=MUL_MAT op->type=f32 -> true
[SYCL] call ggml_backend_sycl_device_supports_op op->op=ROPE op->type=f32 -> true
[SYCL] call ggml_backend_sycl_device_supports_op op->op=MUL_MAT op->type=f32 -> true
[SYCL] call ggml_backend_sycl_device_supports_op op->op=ROPE op->type=f32 -> true
[SYCL] call ggml_backend_sycl_device_supports_op op->op=MUL_MAT op->type=f32 -> true
[SYCL] call ggml_backend_sycl_device_supports_op op->op=ROPE op->type=f32 -> true
[SYCL] call ggml_backend_sycl_device_supports_op op->op=MUL_MAT op->type=f32 -> true
[SYCL] call ggml_backend_sycl_device_supports_op op->op=ROPE op->type=f32 -> true
[SYCL] call ggml_backend_sycl_device_supports_op op->op=MUL_MAT op->type=f32 -> true
[SYCL] call ggml_backend_sycl_device_supports_op op->op=ROPE op->type=f32 -> true
[SYCL] call ggml_backend_sycl_device_supports_op op->op=MUL_MAT op->type=f32 -> true
[SYCL] call ggml_backend_sycl_device_supports_op op->op=ROPE op->type=f32 -> true
[SYCL] call ggml_backend_sycl_device_supports_op op->op=MUL_MAT op->type=f32 -> true
[SYCL] call ggml_backend_sycl_device_supports_op op->op=ROPE op->type=f32 -> true
[SYCL] call ggml_backend_sycl_device_supports_op op->op=MUL_MAT op->type=f32 -> true
[SYCL] call ggml_backend_sycl_device_supports_op op->op=ROPE op->type=f32 -> true
[SYCL] call ggml_backend_sycl_device_supports_op op->op=MUL_MAT op->type=f32 -> true
[SYCL] call ggml_backend_sycl_device_supports_op op->op=ROPE op->type=f32 -> true
[SYCL] call ggml_backend_sycl_device_supports_op op->op=MUL_MAT op->type=f32 -> true
[SYCL] call ggml_backend_sycl_device_supports_op op->op=ROPE op->type=f32 -> true
[SYCL] call ggml_backend_sycl_device_supports_op op->op=MUL_MAT op->type=f32 -> true
[SYCL] call ggml_backend_sycl_device_supports_op op->op=ROPE op->type=f32 -> true
[SYCL] call ggml_backend_sycl_device_supports_op op->op=MUL_MAT op->type=f32 -> true
[SYCL] call ggml_backend_sycl_device_supports_op op->op=ROPE op->type=f32 -> true
[SYCL] call ggml_backend_sycl_device_supports_op op->op=MUL_MAT op->type=f32 -> true
[SYCL] call ggml_backend_sycl_device_supports_op op->op=ROPE op->type=f32 -> true
[SYCL] call ggml_backend_sycl_device_supports_op op->op=MUL_MAT op->type=f32 -> true
[SYCL] call ggml_backend_sycl_device_supports_op op->op=ROPE op->type=f32 -> true
[SYCL] call ggml_backend_sycl_device_supports_op op->op=MUL_MAT op->type=f32 -> true
[SYCL] call ggml_backend_sycl_device_supports_op op->op=ROPE op->type=f32 -> true
[SYCL] call ggml_backend_sycl_device_supports_op op->op=MUL_MAT op->type=f32 -> true
[SYCL] call ggml_backend_sycl_device_supports_op op->op=ROPE op->type=f32 -> true
[SYCL] call ggml_backend_sycl_device_supports_op op->op=MUL_MAT op->type=f32 -> true
[SYCL] call ggml_backend_sycl_device_supports_op op->op=ROPE op->type=f32 -> true
[SYCL] call ggml_backend_sycl_device_supports_op op->op=MUL_MAT op->type=f32 -> true
[SYCL] call ggml_backend_sycl_device_supports_op op->op=ROPE op->type=f32 -> true
[SYCL] call ggml_backend_sycl_device_supports_op op->op=MUL_MAT op->type=f32 -> true
[SYCL] call ggml_backend_sycl_device_supports_op op->op=ROPE op->type=f32 -> true
[SYCL] call ggml_backend_sycl_device_supports_op op->op=MUL_MAT op->type=f32 -> true
[SYCL] call ggml_backend_sycl_device_supports_op op->op=ROPE op->type=f32 -> true
[SYCL] call ggml_backend_sycl_device_supports_op op->op=MUL_MAT op->type=f32 -> true
[SYCL] call ggml_backend_sycl_device_supports_op op->op=ROPE op->type=f32 -> true
[SYCL] call ggml_backend_sycl_device_supports_op op->op=MUL_MAT op->type=f32 -> true
[SYCL] call ggml_backend_sycl_device_supports_op op->op=ROPE op->type=f32 -> true
[SYCL] call ggml_backend_sycl_device_supports_op op->op=MUL_MAT op->type=f32 -> true
[SYCL] call ggml_backend_sycl_device_supports_op op->op=ROPE op->type=f32 -> true
[SYCL] call ggml_backend_sycl_device_supports_op op->op=MUL_MAT op->type=f32 -> true
[SYCL] call ggml_backend_sycl_device_supports_op op->op=ROPE op->type=f32 -> true
[SYCL] call ggml_backend_sycl_device_supports_op op->op=MUL_MAT op->type=f32 -> true
[SYCL] call ggml_backend_sycl_device_supports_op op->op=ROPE op->type=f32 -> true
[SYCL] call ggml_backend_sycl_device_supports_op op->op=MUL_MAT op->type=f32 -> true
[SYCL] call ggml_backend_sycl_device_supports_op op->op=ROPE op->type=f32 -> true
[SYCL] call ggml_backend_sycl_device_supports_op op->op=MUL_MAT op->type=f32 -> true
[SYCL] call ggml_backend_sycl_device_supports_op op->op=ROPE op->type=f32 -> true
[SYCL] call ggml_backend_sycl_device_supports_op op->op=MUL_MAT op->type=f32 -> true
[SYCL] call ggml_backend_sycl_device_supports_op op->op=ROPE op->type=f32 -> true
[SYCL] call ggml_backend_sycl_device_supports_op op->op=MUL_MAT op->type=f32 -> true
[SYCL] call ggml_backend_sycl_device_supports_op op->op=ROPE op->type=f32 -> true
[SYCL] call ggml_backend_sycl_device_supports_op op->op=MUL_MAT op->type=f32 -> true
[SYCL] call ggml_backend_sycl_device_supports_op op->op=ROPE op->type=f32 -> true
[SYCL] call ggml_backend_sycl_device_supports_op op->op=MUL_MAT op->type=f32 -> true
[SYCL] call ggml_backend_sycl_device_supports_op op->op=ROPE op->type=f32 -> true
[SYCL] call ggml_backend_sycl_device_supports_op op->op=MUL_MAT op->type=f32 -> true
[SYCL] call ggml_backend_sycl_device_supports_op op->op=ROPE op->type=f32 -> true
[SYCL] call ggml_backend_sycl_device_supports_op op->op=MUL_MAT op->type=f32 -> true
[SYCL] call ggml_backend_sycl_device_supports_op op->op=ROPE op->type=f32 -> true
[SYCL] call ggml_backend_sycl_device_supports_op op->op=MUL_MAT op->type=f32 -> true
[SYCL] call ggml_backend_sycl_device_supports_op op->op=ROPE op->type=f32 -> true
[SYCL] call ggml_backend_sycl_device_supports_op op->op=MUL_MAT op->type=f32 -> true
[SYCL] call ggml_backend_sycl_device_supports_op op->op=ROPE op->type=f32 -> true
[SYCL] call ggml_backend_sycl_device_supports_op op->op=MUL_MAT op->type=f32 -> true
[SYCL] call ggml_backend_sycl_device_supports_op op->op=ROPE op->type=f32 -> true
[SYCL] call ggml_backend_sycl_device_supports_op op->op=MUL_MAT op->type=f32 -> true
[SYCL] call ggml_backend_sycl_device_supports_op op->op=ROPE op->type=f32 -> true
[SYCL] call ggml_backend_sycl_device_supports_op op->op=MUL_MAT op->type=f32 -> true
[SYCL] call ggml_backend_sycl_device_supports_op op->op=ROPE op->type=f32 -> true
[SYCL] call ggml_backend_sycl_device_supports_op op->op=MUL_MAT op->type=f32 -> true
[SYCL] call ggml_backend_sycl_device_supports_op op->op=ROPE op->type=f32 -> true
[SYCL] call ggml_backend_sycl_device_supports_op op->op=MUL_MAT op->type=f32 -> true
[SYCL] call ggml_backend_sycl_device_supports_op op->op=ROPE op->type=f32 -> true
[SYCL] call ggml_backend_sycl_device_supports_op op->op=MUL_MAT op->type=f32 -> true
[SYCL] call ggml_backend_sycl_device_supports_op op->op=ROPE op->type=f32 -> true
[SYCL] call ggml_backend_sycl_device_supports_op op->op=MUL_MAT op->type=f32 -> true
[SYCL] call ggml_backend_sycl_device_supports_op op->op=ROPE op->type=f32 -> true
[SYCL] call ggml_backend_sycl_device_supports_op op->op=MUL_MAT op->type=f32 -> true
[SYCL] call ggml_backend_sycl_device_supports_op op->op=ROPE op->type=f32 -> true
[SYCL] call ggml_backend_sycl_device_supports_op op->op=MUL_MAT op->type=f32 -> true
[SYCL] call ggml_backend_sycl_device_supports_op op->op=ROPE op->type=f32 -> true
[SYCL] call ggml_backend_sycl_device_supports_op op->op=MUL_MAT op->type=f32 -> true
[SYCL] call ggml_backend_sycl_device_supports_op op->op=ROPE op->type=f32 -> true
[SYCL] call ggml_backend_sycl_device_supports_op op->op=MUL_MAT op->type=f32 -> true
[SYCL] call ggml_backend_sycl_device_supports_op op->op=ROPE op->type=f32 -> true
[SYCL] call ggml_backend_sycl_device_supports_op op->op=MUL_MAT op->type=f32 -> true
[SYCL] call ggml_backend_sycl_device_supports_op op->op=FLASH_ATTN_EXT op->type=f32 -> true
[SYCL] call ggml_backend_sycl_device_supports_op op->op=MUL_MAT op->type=f32 -> true
[SYCL] call ggml_backend_sycl_device_supports_op op->op=ROPE op->type=f32 -> true
[SYCL] call ggml_backend_sycl_device_supports_op op->op=MUL_MAT op->type=f32 -> true
[SYCL] call ggml_backend_sycl_device_supports_op op->op=FLASH_ATTN_EXT op->type=f32 -> true
[SYCL] call ggml_backend_sycl_device_supports_op op->op=MUL_MAT op->type=f32 -> true
[SYCL] call ggml_backend_sycl_device_supports_op op->op=ROPE op->type=f32 -> true
[SYCL] call ggml_backend_sycl_device_supports_op op->op=MUL_MAT op->type=f32 -> true
[SYCL] call ggml_backend_sycl_device_supports_op op->op=FLASH_ATTN_EXT op->type=f32 -> true
[SYCL] call ggml_backend_sycl_device_supports_op op->op=MUL_MAT op->type=f32 -> true
[SYCL] call ggml_backend_sycl_device_supports_op op->op=ROPE op->type=f32 -> true
[SYCL] call ggml_backend_sycl_device_supports_op op->op=MUL_MAT op->type=f32 -> true
[SYCL] call ggml_backend_sycl_device_supports_op op->op=FLASH_ATTN_EXT op->type=f32 -> true
[SYCL] call ggml_backend_sycl_device_supports_op op->op=MUL_MAT op->type=f32 -> true
[SYCL] call ggml_backend_sycl_device_supports_op op->op=ADD op->type=f32 -> true
[SYCL] call ggml_backend_sycl_device_supports_op op->op=GLU op->type=f32 -> true
[SYCL] call ggml_backend_sycl_device_supports_op op->op=RMS_NORM op->type=f32 -> true
[SYCL] call ggml_backend_sycl_device_supports_op op->op=ADD op->type=f32 -> true
[SYCL] call ggml_backend_sycl_device_supports_op op->op=UNARY op->type=f32 -> true
[SYCL] call ggml_backend_sycl_device_supports_op op->op=MUL op->type=f32 -> true
[SYCL] call ggml_backend_sycl_device_supports_op op->op=ADD op->type=f32 -> true
[SYCL] call ggml_backend_sycl_device_supports_op op->op=ROPE op->type=f32 -> true
[SYCL] call ggml_backend_sycl_device_supports_op op->op=MUL_MAT op->type=f32 -> true
[SYCL] call ggml_backend_sycl_device_supports_op op->op=FLASH_ATTN_EXT op->type=f32 -> true
[SYCL] call ggml_backend_sycl_device_supports_op op->op=MUL_MAT op->type=f32 -> true
[SYCL] call ggml_backend_sycl_device_supports_op op->op=ADD op->type=f32 -> true
[SYCL] call ggml_backend_sycl_device_supports_op op->op=GLU op->type=f32 -> true
[SYCL] call ggml_backend_sycl_device_supports_op op->op=RMS_NORM op->type=f32 -> true
[SYCL] call ggml_backend_sycl_device_supports_op op->op=ADD op->type=f32 -> true
[SYCL] call ggml_backend_sycl_device_supports_op op->op=UNARY op->type=f32 -> true
[SYCL] call ggml_backend_sycl_device_supports_op op->op=MUL op->type=f32 -> true
[SYCL] call ggml_backend_sycl_device_supports_op op->op=ADD op->type=f32 -> true
[SYCL] call ggml_backend_sycl_device_supports_op op->op=ROPE op->type=f32 -> true
[SYCL] call ggml_backend_sycl_device_supports_op op->op=MUL_MAT op->type=f32 -> true
[SYCL] call ggml_backend_sycl_device_supports_op op->op=FLASH_ATTN_EXT op->type=f32 -> true
[SYCL] call ggml_backend_sycl_device_supports_op op->op=MUL_MAT op->type=f32 -> true
[SYCL] call ggml_backend_sycl_device_supports_op op->op=ADD op->type=f32 -> true
[SYCL] call ggml_backend_sycl_device_supports_op op->op=GLU op->type=f32 -> true
[SYCL] call ggml_backend_sycl_device_supports_op op->op=RMS_NORM op->type=f32 -> true
[SYCL] call ggml_backend_sycl_device_supports_op op->op=ADD op->type=f32 -> true
[SYCL] call ggml_backend_sycl_device_supports_op op->op=UNARY op->type=f32 -> true
[SYCL] call ggml_backend_sycl_device_supports_op op->op=MUL op->type=f32 -> true
[SYCL] call ggml_backend_sycl_device_supports_op op->op=ADD op->type=f32 -> true
[SYCL] call ggml_backend_sycl_device_supports_op op->op=ROPE op->type=f32 -> true
[SYCL] call ggml_backend_sycl_device_supports_op op->op=MUL_MAT op->type=f32 -> true
[SYCL] call ggml_backend_sycl_device_supports_op op->op=FLASH_ATTN_EXT op->type=f32 -> true
[SYCL] call ggml_backend_sycl_device_supports_op op->op=MUL_MAT op->type=f32 -> true
[SYCL] call ggml_backend_sycl_device_supports_op op->op=ADD op->type=f32 -> true
[SYCL] call ggml_backend_sycl_device_supports_op op->op=GLU op->type=f32 -> true
[SYCL] call ggml_backend_sycl_device_supports_op op->op=RMS_NORM op->type=f32 -> true
[SYCL] call ggml_backend_sycl_device_supports_op op->op=ADD op->type=f32 -> true
[SYCL] call ggml_backend_sycl_device_supports_op op->op=UNARY op->type=f32 -> true
[SYCL] call ggml_backend_sycl_device_supports_op op->op=MUL op->type=f32 -> true
[SYCL] call ggml_backend_sycl_device_supports_op op->op=ADD op->type=f32 -> true
[SYCL] call ggml_backend_sycl_device_supports_op op->op=ROPE op->type=f32 -> true
[SYCL] call ggml_backend_sycl_device_supports_op op->op=MUL_MAT op->type=f32 -> true
[SYCL] call ggml_backend_sycl_device_supports_op op->op=FLASH_ATTN_EXT op->type=f32 -> true
[SYCL] call ggml_backend_sycl_device_supports_op op->op=MUL_MAT op->type=f32 -> true
[SYCL] call ggml_backend_sycl_device_supports_op op->op=ADD op->type=f32 -> true
[SYCL] call ggml_backend_sycl_device_supports_op op->op=GLU op->type=f32 -> true
[SYCL] call ggml_backend_sycl_device_supports_op op->op=RMS_NORM op->type=f32 -> true
[SYCL] call ggml_backend_sycl_device_supports_op op->op=ADD op->type=f32 -> true
[SYCL] call ggml_backend_sycl_device_supports_op op->op=UNARY op->type=f32 -> true
[SYCL] call ggml_backend_sycl_device_supports_op op->op=MUL op->type=f32 -> true
[SYCL] call ggml_backend_sycl_device_supports_op op->op=ADD op->type=f32 -> true
[SYCL] call ggml_backend_sycl_device_supports_op op->op=ROPE op->type=f32 -> true
[SYCL] call ggml_backend_sycl_device_supports_op op->op=MUL_MAT op->type=f32 -> true
[SYCL] call ggml_backend_sycl_device_supports_op op->op=FLASH_ATTN_EXT op->type=f32 -> true
[SYCL] call ggml_backend_sycl_device_supports_op op->op=MUL_MAT op->type=f32 -> true
[SYCL] call ggml_backend_sycl_device_supports_op op->op=ADD op->type=f32 -> true
[SYCL] call ggml_backend_sycl_device_supports_op op->op=GLU op->type=f32 -> true
[SYCL] call ggml_backend_sycl_device_supports_op op->op=RMS_NORM op->type=f32 -> true
[SYCL] call ggml_backend_sycl_device_supports_op op->op=ADD op->type=f32 -> true
[SYCL] call ggml_backend_sycl_device_supports_op op->op=UNARY op->type=f32 -> true
[SYCL] call ggml_backend_sycl_device_supports_op op->op=MUL op->type=f32 -> true
[SYCL] call ggml_backend_sycl_device_supports_op op->op=ADD op->type=f32 -> true
[SYCL] call ggml_backend_sycl_device_supports_op op->op=ROPE op->type=f32 -> true
[SYCL] call ggml_backend_sycl_device_supports_op op->op=MUL_MAT op->type=f32 -> true
[SYCL] call ggml_backend_sycl_device_supports_op op->op=FLASH_ATTN_EXT op->type=f32 -> true
[SYCL] call ggml_backend_sycl_device_supports_op op->op=MUL_MAT op->type=f32 -> true
[SYCL] call ggml_backend_sycl_device_supports_op op->op=ADD op->type=f32 -> true
[SYCL] call ggml_backend_sycl_device_supports_op op->op=GLU op->type=f32 -> true
[SYCL] call ggml_backend_sycl_device_supports_op op->op=RMS_NORM op->type=f32 -> true
[SYCL] call ggml_backend_sycl_device_supports_op op->op=ADD op->type=f32 -> true
[SYCL] call ggml_backend_sycl_device_supports_op op->op=UNARY op->type=f32 -> true
[SYCL] call ggml_backend_sycl_device_supports_op op->op=MUL op->type=f32 -> true
[SYCL] call ggml_backend_sycl_device_supports_op op->op=ADD op->type=f32 -> true
[SYCL] call ggml_backend_sycl_device_supports_op op->op=ROPE op->type=f32 -> true
[SYCL] call ggml_backend_sycl_device_supports_op op->op=MUL_MAT op->type=f32 -> true
[SYCL] call ggml_backend_sycl_device_supports_op op->op=FLASH_ATTN_EXT op->type=f32 -> true
[SYCL] call ggml_backend_sycl_device_supports_op op->op=MUL_MAT op->type=f32 -> true
[SYCL] call ggml_backend_sycl_device_supports_op op->op=ADD op->type=f32 -> true
[SYCL] call ggml_backend_sycl_device_supports_op op->op=GLU op->type=f32 -> true
[SYCL] call ggml_backend_sycl_device_supports_op op->op=RMS_NORM op->type=f32 -> true
[SYCL] call ggml_backend_sycl_device_supports_op op->op=ADD op->type=f32 -> true
[SYCL] call ggml_backend_sycl_device_supports_op op->op=UNARY op->type=f32 -> true
[SYCL] call ggml_backend_sycl_device_supports_op op->op=MUL op->type=f32 -> true
[SYCL] call ggml_backend_sycl_device_supports_op op->op=ADD op->type=f32 -> true
[SYCL] call ggml_backend_sycl_device_supports_op op->op=ROPE op->type=f32 -> true
[SYCL] call ggml_backend_sycl_device_supports_op op->op=MUL_MAT op->type=f32 -> true
[SYCL] call ggml_backend_sycl_device_supports_op op->op=FLASH_ATTN_EXT op->type=f32 -> true
[SYCL] call ggml_backend_sycl_device_supports_op op->op=MUL_MAT op->type=f32 -> true
[SYCL] call ggml_backend_sycl_device_supports_op op->op=ADD op->type=f32 -> true
[SYCL] call ggml_backend_sycl_device_supports_op op->op=GLU op->type=f32 -> true
[SYCL] call ggml_backend_sycl_device_supports_op op->op=RMS_NORM op->type=f32 -> true
[SYCL] call ggml_backend_sycl_device_supports_op op->op=ADD op->type=f32 -> true
[SYCL] call ggml_backend_sycl_device_supports_op op->op=UNARY op->type=f32 -> true
[SYCL] call ggml_backend_sycl_device_supports_op op->op=MUL op->type=f32 -> true
[SYCL] call ggml_backend_sycl_device_supports_op op->op=ADD op->type=f32 -> true
[SYCL] call ggml_backend_sycl_device_supports_op op->op=ROPE op->type=f32 -> true
[SYCL] call ggml_backend_sycl_device_supports_op op->op=MUL_MAT op->type=f32 -> true
[SYCL] call ggml_backend_sycl_device_supports_op op->op=FLASH_ATTN_EXT op->type=f32 -> true
[SYCL] call ggml_backend_sycl_device_supports_op op->op=MUL_MAT op->type=f32 -> true
[SYCL] call ggml_backend_sycl_device_supports_op op->op=ADD op->type=f32 -> true
[SYCL] call ggml_backend_sycl_device_supports_op op->op=GLU op->type=f32 -> true
[SYCL] call ggml_backend_sycl_device_supports_op op->op=RMS_NORM op->type=f32 -> true
[SYCL] call ggml_backend_sycl_device_supports_op op->op=ADD op->type=f32 -> true
[SYCL] call ggml_backend_sycl_device_supports_op op->op=UNARY op->type=f32 -> true
[SYCL] call ggml_backend_sycl_device_supports_op op->op=MUL op->type=f32 -> true
[SYCL] call ggml_backend_sycl_device_supports_op op->op=ADD op->type=f32 -> true
[SYCL] call ggml_backend_sycl_device_supports_op op->op=ROPE op->type=f32 -> true
[SYCL] call ggml_backend_sycl_device_supports_op op->op=MUL_MAT op->type=f32 -> true
[SYCL] call ggml_backend_sycl_device_supports_op op->op=FLASH_ATTN_EXT op->type=f32 -> true
[SYCL] call ggml_backend_sycl_device_supports_op op->op=MUL_MAT op->type=f32 -> true
[SYCL] call ggml_backend_sycl_device_supports_op op->op=ADD op->type=f32 -> true
[SYCL] call ggml_backend_sycl_device_supports_op op->op=GLU op->type=f32 -> true
[SYCL] call ggml_backend_sycl_device_supports_op op->op=RMS_NORM op->type=f32 -> true
[SYCL] call ggml_backend_sycl_device_supports_op op->op=ADD op->type=f32 -> true
[SYCL] call ggml_backend_sycl_device_supports_op op->op=UNARY op->type=f32 -> true
[SYCL] call ggml_backend_sycl_device_supports_op op->op=MUL op->type=f32 -> true
[SYCL] call ggml_backend_sycl_device_supports_op op->op=ADD op->type=f32 -> true
[SYCL] call ggml_backend_sycl_device_supports_op op->op=ROPE op->type=f32 -> true
[SYCL] call ggml_backend_sycl_device_supports_op op->op=MUL_MAT op->type=f32 -> true
[SYCL] call ggml_backend_sycl_device_supports_op op->op=FLASH_ATTN_EXT op->type=f32 -> true
[SYCL] call ggml_backend_sycl_device_supports_op op->op=MUL_MAT op->type=f32 -> true
[SYCL] call ggml_backend_sycl_device_supports_op op->op=ADD op->type=f32 -> true
[SYCL] call ggml_backend_sycl_device_supports_op op->op=GLU op->type=f32 -> true
[SYCL] call ggml_backend_sycl_device_supports_op op->op=RMS_NORM op->type=f32 -> true
[SYCL] call ggml_backend_sycl_device_supports_op op->op=ADD op->type=f32 -> true
[SYCL] call ggml_backend_sycl_device_supports_op op->op=UNARY op->type=f32 -> true
[SYCL] call ggml_backend_sycl_device_supports_op op->op=MUL op->type=f32 -> true
[SYCL] call ggml_backend_sycl_device_supports_op op->op=ADD op->type=f32 -> true
[SYCL] call ggml_backend_sycl_device_supports_op op->op=ROPE op->type=f32 -> true
[SYCL] call ggml_backend_sycl_device_supports_op op->op=MUL_MAT op->type=f32 -> true
[SYCL] call ggml_backend_sycl_device_supports_op op->op=FLASH_ATTN_EXT op->type=f32 -> true
[SYCL] call ggml_backend_sycl_device_supports_op op->op=MUL_MAT op->type=f32 -> true
[SYCL] call ggml_backend_sycl_device_supports_op op->op=ADD op->type=f32 -> true
[SYCL] call ggml_backend_sycl_device_supports_op op->op=GLU op->type=f32 -> true
[SYCL] call ggml_backend_sycl_device_supports_op op->op=RMS_NORM op->type=f32 -> true
[SYCL] call ggml_backend_sycl_device_supports_op op->op=ADD op->type=f32 -> true
[SYCL] call ggml_backend_sycl_device_supports_op op->op=UNARY op->type=f32 -> true
[SYCL] call ggml_backend_sycl_device_supports_op op->op=MUL op->type=f32 -> true
[SYCL] call ggml_backend_sycl_device_supports_op op->op=ADD op->type=f32 -> true
[SYCL] call ggml_backend_sycl_device_supports_op op->op=ROPE op->type=f32 -> true
[SYCL] call ggml_backend_sycl_device_supports_op op->op=MUL_MAT op->type=f32 -> true
[SYCL] call ggml_backend_sycl_device_supports_op op->op=FLASH_ATTN_EXT op->type=f32 -> true
[SYCL] call ggml_backend_sycl_device_supports_op op->op=MUL_MAT op->type=f32 -> true
[SYCL] call ggml_backend_sycl_device_supports_op op->op=ADD op->type=f32 -> true
[SYCL] call ggml_backend_sycl_device_supports_op op->op=GLU op->type=f32 -> true
[SYCL] call ggml_backend_sycl_device_supports_op op->op=RMS_NORM op->type=f32 -> true
[SYCL] call ggml_backend_sycl_device_supports_op op->op=ADD op->type=f32 -> true
[SYCL] call ggml_backend_sycl_device_supports_op op->op=UNARY op->type=f32 -> true
[SYCL] call ggml_backend_sycl_device_supports_op op->op=MUL op->type=f32 -> true
[SYCL] call ggml_backend_sycl_device_supports_op op->op=ADD op->type=f32 -> true
[SYCL] call ggml_backend_sycl_device_supports_op op->op=ROPE op->type=f32 -> true
[SYCL] call ggml_backend_sycl_device_supports_op op->op=MUL_MAT op->type=f32 -> true
[SYCL] call ggml_backend_sycl_device_supports_op op->op=FLASH_ATTN_EXT op->type=f32 -> true
[SYCL] call ggml_backend_sycl_device_supports_op op->op=MUL_MAT op->type=f32 -> true
[SYCL] call ggml_backend_sycl_device_supports_op op->op=ADD op->type=f32 -> true
[SYCL] call ggml_backend_sycl_device_supports_op op->op=GLU op->type=f32 -> true
[SYCL] call ggml_backend_sycl_device_supports_op op->op=RMS_NORM op->type=f32 -> true
[SYCL] call ggml_backend_sycl_device_supports_op op->op=ADD op->type=f32 -> true
[SYCL] call ggml_backend_sycl_device_supports_op op->op=UNARY op->type=f32 -> true
[SYCL] call ggml_backend_sycl_device_supports_op op->op=MUL op->type=f32 -> true
[SYCL] call ggml_backend_sycl_device_supports_op op->op=ADD op->type=f32 -> true
[SYCL] call ggml_backend_sycl_device_supports_op op->op=RMS_NORM op->type=f32 -> true
[SYCL] call ggml_backend_sycl_device_supports_op op->op=GET_ROWS op->type=f32 -> true
[SYCL] call ggml_backend_sycl_device_supports_op op->op=SCALE op->type=f32 -> true
[SYCL] call ggml_backend_sycl_device_supports_op op->op=UNARY op->type=f32 -> true
[SYCL] call ggml_backend_sycl_device_supports_op op->op=SCALE op->type=f32 -> true
[SYCL] call ggml_backend_sycl_device_supports_op op->op=RMS_NORM op->type=f32 -> true
[SYCL] call ggml_backend_sycl_device_supports_op op->op=SCALE op->type=f32 -> true
/var/home/agent/workspace/projects/llama-cpp/ggml/src/ggml-backend.cpp:1393: GGML_ASSERT(n_inputs < GGML_SCHED_MAX_SPLIT_INPUTS) failed
/var/home/agent/workspace/projects/llama-cpp/build-intel-sycl/bin/libggml-base.so.0(+0x17d68)[0x7ffaedb0ad68]
/var/home/agent/workspace/projects/llama-cpp/build-intel-sycl/bin/libggml-base.so.0(ggml_print_backtrace+0x285)[0x7ffaedb0ad45]
/var/home/agent/workspace/projects/llama-cpp/build-intel-sycl/bin/libggml-base.so.0(ggml_abort+0x109)[0x7ffaedb09db9]
/var/home/agent/workspace/projects/llama-cpp/build-intel-sycl/bin/libggml-base.so.0(ggml_backend_sched_split_graph+0x3971)[0x7ffaedb2f821]
/var/home/agent/workspace/projects/llama-cpp/build-intel-sycl/bin/libllama.so.0(_ZN13llama_context13graph_reserveEjjjPK22llama_memory_context_ibPm+0x314)[0x7ffaed2beff4]
/var/home/agent/workspace/projects/llama-cpp/build-intel-sycl/bin/libllama.so.0(+0xbe995)[0x7ffaed2be995]
/var/home/agent/workspace/projects/llama-cpp/build-intel-sycl/bin/libllama.so.0(_ZN13llama_context17resolve_fused_opsEPK22llama_memory_context_ij+0xc1)[0x7ffaed2be871]
/var/home/agent/workspace/projects/llama-cpp/build-intel-sycl/bin/libllama.so.0(_ZN13llama_context13sched_reserveEv+0x229)[0x7ffaed2bdb89]
/var/home/agent/workspace/projects/llama-cpp/build-intel-sycl/bin/libllama.so.0(_ZN13llama_contextC1ERK11llama_model20llama_context_params+0x2181)[0x7ffaed2bc441]
/var/home/agent/workspace/projects/llama-cpp/build-intel-sycl/bin/libllama.so.0(llama_init_from_model+0x231)[0x7ffaed2c7ab1]
/var/home/agent/workspace/projects/llama-cpp/build-intel-sycl/bin/libllama-common.so.0(+0x20ed43)[0x7ffaed80ed43]
/var/home/agent/workspace/projects/llama-cpp/build-intel-sycl/bin/libllama-common.so.0(+0x20f68c)[0x7ffaed80f68c]
/var/home/agent/workspace/projects/llama-cpp/build-intel-sycl/bin/libllama-common.so.0(_Z17common_fit_paramsPKcP18llama_model_paramsP20llama_context_paramsPfP32llama_model_tensor_buft_overridePmj14ggml_log_level+0x47)[0x7ffaed80f427]
/var/home/agent/workspace/projects/llama-cpp/build-intel-sycl/bin/libllama-common.so.0(_ZN18common_init_resultC2ER13common_paramsb+0x137)[0x7ffaed7e6537]
/var/home/agent/workspace/projects/llama-cpp/build-intel-sycl/bin/libllama-common.so.0(_Z23common_init_from_paramsR13common_paramsb+0x35)[0x7ffaed7e8a35]
/var/home/agent/workspace/projects/llama-cpp/build-intel-sycl/bin/libllama-server-impl.so(_ZN19server_context_impl10load_modelER13common_params+0xf39)[0x7ffaedd62539]
/var/home/agent/workspace/projects/llama-cpp/build-intel-sycl/bin/libllama-server-impl.so(_Z12llama_serverR13common_paramsiPPc+0x9119)[0x7ffaedca59c9]
/var/home/agent/workspace/projects/llama-cpp/build-intel-sycl/bin/libllama-server-impl.so(_Z12llama_serveriPPc+0x7f)[0x7ffaedc9c5af]
/lib/x86_64-linux-gnu/libc.so.6(+0x2a1ca)[0x7ffaec42a1ca]
/lib/x86_64-linux-gnu/libc.so.6(__libc_start_main+0x8b)[0x7ffaec42a28b]
build-intel-sycl/bin/llama-server[0x406415]
