UpdateCTestConfiguration  from :/var/home/agent/workspace/reports/xe-master-agentic-20260914/build-cpu/DartConfiguration.tcl
Parse Config file:/var/home/agent/workspace/reports/xe-master-agentic-20260914/build-cpu/DartConfiguration.tcl
Test project /var/home/agent/workspace/reports/xe-master-agentic-20260914/build-cpu
Constructing a list of tests
Done constructing a list of tests
Updating test list for fixtures
Added 0 tests to meet fixture requirements
Checking test dependency graph...
Checking test dependency graph end
test 47
    Start 47: test-q6-pair

47: Test command: /usr/sbin/cmake "-DTEST_EXE=/var/home/agent/workspace/reports/xe-master-agentic-20260914/build-cpu/bin/test-q6-pair" "-DOUTPUT_DIR=/var/home/agent/workspace/reports/xe-master-agentic-20260914/build-cpu/tests" "-P" "/var/home/agent/workspace/projects/llama-cpp/tests/test-q6-pair.cmake"
47: Working Directory: /var/home/agent/workspace/reports/xe-master-agentic-20260914/build-cpu/tests
47: Test timeout computed to be: 1500
47: PASS finite m=1 n=1 mode=0
47: PASS finite m=3 n=1 mode=0
47: PASS finite m=65 n=1 mode=0
47: PASS finite m=1 n=2 mode=0
47: PASS finite m=3 n=2 mode=0
47: PASS finite m=65 n=2 mode=0
47: PASS finite m=1 n=3 mode=0
47: PASS finite m=3 n=3 mode=0
47: PASS finite m=65 n=3 mode=0
47: PASS finite m=1 n=4 mode=0
47: PASS finite m=3 n=4 mode=0
47: PASS finite m=65 n=4 mode=0
47: PASS finite m=1 n=5 mode=0
47: PASS finite m=3 n=5 mode=0
47: PASS finite m=65 n=5 mode=0
47: PASS finite m=65 n=4 mode=1
47: PASS finite m=65 n=4 mode=2
47: PASS finite m=65 n=4 mode=3
47: PASS finite m=65 n=4 mode=4
47: PASS finite m=65 n=4 mode=5
47: PASS finite m=65 n=4 mode=6
47: PASS finite m=1 n=1 mode=0
47: PASS finite m=3 n=1 mode=0
47: PASS finite m=65 n=1 mode=0
47: PASS finite m=1 n=2 mode=0
47: PASS finite m=3 n=2 mode=0
47: PASS finite m=65 n=2 mode=0
47: PASS finite m=1 n=3 mode=0
47: PASS finite m=3 n=3 mode=0
47: PASS finite m=65 n=3 mode=0
47: PASS finite m=1 n=4 mode=0
47: PASS finite m=3 n=4 mode=0
47: PASS finite m=65 n=4 mode=0
47: PASS finite m=1 n=5 mode=0
47: PASS finite m=3 n=5 mode=0
47: PASS finite m=65 n=5 mode=0
47: PASS finite m=65 n=4 mode=1
47: PASS finite m=65 n=4 mode=2
47: PASS finite m=65 n=4 mode=3
47: PASS finite m=65 n=4 mode=4
47: PASS finite m=65 n=4 mode=5
47: PASS finite m=65 n=4 mode=6
47: PASS 42 Q6 graph cases values=5710 mode=off
47: PASS finite m=1 n=1 mode=0
47: PASS finite m=3 n=1 mode=0
47: PASS finite m=65 n=1 mode=0
47: PASS finite m=1 n=2 mode=0
47: PASS finite m=3 n=2 mode=0
47: PASS finite m=65 n=2 mode=0
47: PASS finite m=1 n=3 mode=0
47: PASS finite m=3 n=3 mode=0
47: PASS finite m=65 n=3 mode=0
47: PASS finite m=1 n=4 mode=0
47: PASS finite m=3 n=4 mode=0
47: PASS finite m=65 n=4 mode=0
47: PASS finite m=1 n=5 mode=0
47: PASS finite m=3 n=5 mode=0
47: PASS finite m=65 n=5 mode=0
47: PASS finite m=65 n=4 mode=1
47: PASS finite m=65 n=4 mode=2
47: PASS finite m=65 n=4 mode=3
47: PASS finite m=65 n=4 mode=4
47: PASS finite m=65 n=4 mode=5
47: PASS finite m=65 n=4 mode=6
47: PASS finite m=1 n=1 mode=0
47: PASS finite m=3 n=1 mode=0
47: PASS finite m=65 n=1 mode=0
47: PASS finite m=1 n=2 mode=0
47: PASS finite m=3 n=2 mode=0
47: PASS finite m=65 n=2 mode=0
47: PASS finite m=1 n=3 mode=0
47: PASS finite m=3 n=3 mode=0
47: PASS finite m=65 n=3 mode=0
47: PASS finite m=1 n=4 mode=0
47: PASS finite m=3 n=4 mode=0
47: PASS finite m=65 n=4 mode=0
47: PASS finite m=1 n=5 mode=0
47: PASS finite m=3 n=5 mode=0
47: PASS finite m=65 n=5 mode=0
47: PASS finite m=65 n=4 mode=1
47: PASS finite m=65 n=4 mode=2
47: PASS finite m=65 n=4 mode=3
47: PASS finite m=65 n=4 mode=4
47: PASS finite m=65 n=4 mode=5
47: PASS finite m=65 n=4 mode=6
47: PASS 42 Q6 graph cases values=5710 mode=on
47: -- Q6 pair output SHA256: off=c67cf18881a9276643408605b27bb9fa7d53c24b992f0b58eceee3692d97325b on=c67cf18881a9276643408605b27bb9fa7d53c24b992f0b58eceee3692d97325b
47: -- Q6 pair: all graph outputs bit-identical with opt-in off/on
1/4 Test #47: test-q6-pair .....................   Passed    0.35 sec
test 48
    Start 48: test-kv-handoff

48: Test command: /var/home/agent/workspace/reports/xe-master-agentic-20260914/build-cpu/bin/test-kv-handoff
48: Working Directory: .
48: Test timeout computed to be: 1500
48: llama_kv_cache: layer   0: dev = CPU
48: llama_kv_cache: layer   1: dev = CPU
48: llama_kv_cache:        CPU KV buffer size =     0.12 MiB
48: llama_kv_cache: size =    0.12 MiB (   256 cells,   2 layers,  2/2 seqs), K (f16):    0.06 MiB, V (f16):    0.06 MiB
48: llama_kv_cache: attn_rot_k = 0, n_embd_head_k_all = 32
48: llama_kv_cache: attn_rot_v = 0, n_embd_head_k_all = 32
48: llama_kv_cache: layer   0: dev = CPU
48: llama_kv_cache: layer   1: dev = CPU
48: llama_kv_cache:        CPU KV buffer size =     0.12 MiB
48: llama_kv_cache: size =    0.12 MiB (   256 cells,   2 layers,  2/2 seqs), K (f16):    0.06 MiB, V (f16):    0.06 MiB
48: llama_kv_cache: attn_rot_k = 0, n_embd_head_k_all = 32
48: llama_kv_cache: attn_rot_v = 0, n_embd_head_k_all = 32
48: llama_kv_cache: layer   0: dev = CPU
48: llama_kv_cache: layer   1: dev = CPU
48: llama_kv_cache:        CPU KV buffer size =     0.12 MiB
48: llama_kv_cache: size =    0.12 MiB (   256 cells,   2 layers,  2/2 seqs), K (f16):    0.06 MiB, V (f16):    0.06 MiB
48: llama_kv_cache: attn_rot_k = 0, n_embd_head_k_all = 32
48: llama_kv_cache: attn_rot_v = 0, n_embd_head_k_all = 32
48: llama_kv_cache: layer   0: dev = CPU
48: llama_kv_cache: layer   1: dev = CPU
48: llama_kv_cache:        CPU KV buffer size =     0.12 MiB
48: llama_kv_cache: size =    0.12 MiB (   256 cells,   2 layers,  2/2 seqs), K (f16):    0.06 MiB, V (f16):    0.06 MiB
48: llama_kv_cache: attn_rot_k = 0, n_embd_head_k_all = 32
48: llama_kv_cache: attn_rot_v = 0, n_embd_head_k_all = 32
48: llama_kv_cache: layer   0: dev = CPU
48: llama_kv_cache: layer   1: dev = CPU
48: llama_kv_cache:        CPU KV buffer size =     0.25 MiB
48: llama_kv_cache: size =    0.25 MiB (   512 cells,   2 layers,  2/2 seqs), K (f16):    0.12 MiB, V (f16):    0.12 MiB
48: llama_kv_cache: attn_rot_k = 0, n_embd_head_k_all = 32
48: llama_kv_cache: attn_rot_v = 0, n_embd_head_k_all = 32
48: llama_kv_cache: layer   0: dev = CPU
48: llama_kv_cache: layer   1: dev = CPU
48: llama_kv_cache:        CPU KV buffer size =     0.12 MiB
48: llama_kv_cache: size =    0.12 MiB (   256 cells,   2 layers,  2/2 seqs), K (f16):    0.06 MiB, V (f16):    0.06 MiB
48: llama_kv_cache: attn_rot_k = 0, n_embd_head_k_all = 32
48: llama_kv_cache: attn_rot_v = 0, n_embd_head_k_all = 32
48: llama_kv_cache: layer   0: dev = CPU
48: llama_kv_cache: layer   1: dev = CPU
48: llama_kv_cache:        CPU KV buffer size =     0.12 MiB
48: llama_kv_cache: size =    0.12 MiB (   256 cells,   2 layers,  2/2 seqs), K (f16):    0.06 MiB, V (f16):    0.06 MiB
48: llama_kv_cache: attn_rot_k = 0, n_embd_head_k_all = 32
48: llama_kv_cache: attn_rot_v = 0, n_embd_head_k_all = 32
48: llama_kv_cache: layer   0: dev = CPU
48: llama_kv_cache: layer   1: dev = CPU
48: llama_kv_cache:        CPU KV buffer size =     0.12 MiB
48: llama_kv_cache: size =    0.12 MiB (   256 cells,   2 layers,  2/2 seqs), K (f16):    0.06 MiB, V (f16):    0.06 MiB
48: llama_kv_cache: attn_rot_k = 0, n_embd_head_k_all = 32
48: llama_kv_cache: attn_rot_v = 0, n_embd_head_k_all = 32
48: llama_kv_cache: layer   0: dev = CPU
48: llama_kv_cache: layer   1: dev = CPU
48: llama_kv_cache:        CPU KV buffer size =     0.12 MiB
48: llama_kv_cache: size =    0.12 MiB (   256 cells,   2 layers,  2/2 seqs), K (f16):    0.06 MiB, V (f16):    0.06 MiB
48: llama_kv_cache: attn_rot_k = 0, n_embd_head_k_all = 32
48: llama_kv_cache: attn_rot_v = 0, n_embd_head_k_all = 32
48: llama_kv_cache: layer   0: dev = CPU
48: llama_kv_cache: layer   1: dev = CPU
48: llama_kv_cache:        CPU KV buffer size =     0.12 MiB
48: llama_kv_cache: size =    0.12 MiB (   256 cells,   2 layers,  2/2 seqs), K (f16):    0.06 MiB, V (f16):    0.06 MiB
48: llama_kv_cache: attn_rot_k = 0, n_embd_head_k_all = 32
48: llama_kv_cache: attn_rot_v = 0, n_embd_head_k_all = 32
48: llama_kv_cache: layer   0: sharing with layer 0. k = 0x4cd480, v = 0x4d5480
48: llama_kv_cache: layer   1: sharing with layer 1. k = 0x4dd480, v = 0x4e5480
48: llama_kv_cache: size =    0.12 MiB (   256 cells,   2 layers,  2/2 seqs), K (f16):    0.06 MiB, V (f16):    0.06 MiB
48: llama_kv_cache: attn_rot_k = 0, n_embd_head_k_all = 32
48: llama_kv_cache: attn_rot_v = 0, n_embd_head_k_all = 32
48: llama_kv_cache_iswa: creating non-SWA KV cache, size = 512 cells
48: llama_kv_cache: layer   0: filtered
48: llama_kv_cache: layer   1: dev = CPU
48: llama_kv_cache:        CPU KV buffer size =     0.12 MiB
48: llama_kv_cache: size =    0.12 MiB (   512 cells,   1 layers,  2/2 seqs), K (f16):    0.06 MiB, V (f16):    0.06 MiB
48: llama_kv_cache: attn_rot_k = 0, n_embd_head_k_all = 32
48: llama_kv_cache: attn_rot_v = 0, n_embd_head_k_all = 32
48: llama_kv_cache_iswa: creating     SWA KV cache, size = 256 cells
48: llama_kv_cache: layer   0: dev = CPU
48: llama_kv_cache: layer   1: filtered
48: llama_kv_cache:        CPU KV buffer size =     0.06 MiB
48: llama_kv_cache: size =    0.06 MiB (   256 cells,   1 layers,  2/2 seqs), K (f16):    0.03 MiB, V (f16):    0.03 MiB
48: llama_kv_cache: attn_rot_k = 0, n_embd_head_k_all = 32
48: llama_kv_cache: attn_rot_v = 0, n_embd_head_k_all = 32
48: llama_kv_cache_iswa: creating non-SWA KV cache, size = 512 cells
48: llama_kv_cache: layer   0: filtered
48: llama_kv_cache: layer   1: dev = CPU
48: llama_kv_cache:        CPU KV buffer size =     0.12 MiB
48: llama_kv_cache: size =    0.12 MiB (   512 cells,   1 layers,  2/2 seqs), K (f16):    0.06 MiB, V (f16):    0.06 MiB
48: llama_kv_cache: attn_rot_k = 0, n_embd_head_k_all = 32
48: llama_kv_cache: attn_rot_v = 0, n_embd_head_k_all = 32
48: llama_kv_cache_iswa: creating     SWA KV cache, size = 256 cells
48: llama_kv_cache: layer   0: dev = CPU
48: llama_kv_cache: layer   1: filtered
48: llama_kv_cache:        CPU KV buffer size =     0.06 MiB
48: llama_kv_cache: size =    0.06 MiB (   256 cells,   1 layers,  2/2 seqs), K (f16):    0.03 MiB, V (f16):    0.03 MiB
48: llama_kv_cache: attn_rot_k = 0, n_embd_head_k_all = 32
48: llama_kv_cache: attn_rot_v = 0, n_embd_head_k_all = 32
48: llama_kv_cache_iswa: creating non-SWA KV cache, size = 512 cells
48: llama_kv_cache: layer   0: filtered
48: llama_kv_cache: layer   1: dev = CPU
48: llama_kv_cache:        CPU KV buffer size =     0.12 MiB
48: llama_kv_cache: size =    0.12 MiB (   512 cells,   1 layers,  2/2 seqs), K (f16):    0.06 MiB, V (f16):    0.06 MiB
48: llama_kv_cache: attn_rot_k = 0, n_embd_head_k_all = 32
48: llama_kv_cache: attn_rot_v = 0, n_embd_head_k_all = 32
48: llama_kv_cache_iswa: creating     SWA KV cache, size = 512 cells
48: llama_kv_cache: layer   0: dev = CPU
48: llama_kv_cache: layer   1: filtered
48: llama_kv_cache:        CPU KV buffer size =     0.12 MiB
48: llama_kv_cache: size =    0.12 MiB (   512 cells,   1 layers,  2/2 seqs), K (f16):    0.06 MiB, V (f16):    0.06 MiB
48: llama_kv_cache: attn_rot_k = 0, n_embd_head_k_all = 32
48: llama_kv_cache: attn_rot_v = 0, n_embd_head_k_all = 32
48: PASS: plain/ISWA handoff metadata and payload, source-free lifetime, alias/copy accounting, independent sequences, rejection and prepare failure atomicity
2/4 Test #48: test-kv-handoff ..................   Passed    0.01 sec
test 49
    Start 49: test-context-handoff

49: Test command: /var/home/agent/workspace/reports/xe-master-agentic-20260914/build-cpu/bin/test-context-handoff
49: Working Directory: .
49: Test timeout computed to be: 1500
49: load_backend: failed to load /var/home/agent/workspace/reports/xe-master-agentic-20260914/no-plugins: /var/home/agent/workspace/reports/xe-master-agentic-20260914/no-plugins: cannot open shared object file: No such file or directory
49: llama_model_loader: loaded meta data with 11 key-value pairs and 0 tensors from (file*) (version GGUF V3 (latest))
49: llama_model_loader: Dumping metadata keys/values. Note: KV overrides do not apply in this output.
49: llama_model_loader: - kv   0:                       general.architecture str              = llama
49: llama_model_loader: - kv   1:                           llama.vocab_size u32              = 128
49: llama_model_loader: - kv   2:                       llama.context_length u32              = 256
49: llama_model_loader: - kv   3:                     llama.embedding_length u32              = 32
49: llama_model_loader: - kv   4:                          llama.block_count u32              = 2
49: llama_model_loader: - kv   5:                  llama.feed_forward_length u32              = 64
49: llama_model_loader: - kv   6:                 llama.attention.head_count u32              = 1
49: llama_model_loader: - kv   7:              llama.attention.head_count_kv u32              = 1
49: llama_model_loader: - kv   8:                 llama.rope.dimension_count u32              = 32
49: llama_model_loader: - kv   9:     llama.attention.layer_norm_rms_epsilon f32              = 0.000010
49: llama_model_loader: - kv  10:                       tokenizer.ggml.model str              = no_vocab
49: print_info: file format = GGUF V3 (latest)
49: print_info: file type   = (guessed) all F32
49: print_info: file size   = 0.00 MiB (-nan BPW) 
49: load: adding 128 dummy tokens
49: print_info: arch                  = llama
49: print_info: vocab_only            = 0
49: print_info: no_alloc              = 0
49: print_info: n_ctx_train           = 256
49: print_info: n_embd_inp            = 32
49: print_info: n_embd                = 32
49: print_info: n_embd_out            = 32
49: print_info: n_layer               = 2
49: print_info: n_layer_all           = 2
49: print_info: n_head                = 1
49: print_info: n_head_kv             = 1
49: print_info: n_rot                 = 32
49: print_info: n_swa                 = 0
49: print_info: is_swa_any            = 0
49: print_info: non_causal_type       = 0
49: print_info: n_embd_head_k         = 32
49: print_info: n_embd_head_v         = 32
49: print_info: n_gqa                 = 1
49: print_info: n_embd_k_gqa          = 32
49: print_info: n_embd_v_gqa          = 32
49: print_info: f_norm_eps            = 0.0e+00
49: print_info: f_norm_rms_eps        = 1.0e-05
49: print_info: f_clamp_kqv           = 0.0e+00
49: print_info: f_max_alibi_bias      = 0.0e+00
49: print_info: f_logit_scale         = 0.0e+00
49: print_info: f_attn_scale          = 0.0e+00
49: print_info: f_attn_value_scale    = 0.0000
49: print_info: n_ff                  = 64
49: print_info: n_expert              = 0
49: print_info: n_expert_used         = 0
49: print_info: n_expert_groups       = 0
49: print_info: n_group_used          = 0
49: print_info: causal attn           = 1
49: print_info: pooling type          = -1
49: print_info: rope type             = 0
49: print_info: rope scaling          = linear
49: print_info: freq_base_train       = 10000.0
49: print_info: freq_scale_train      = 1
49: print_info: n_ctx_orig_yarn       = 256
49: print_info: rope_yarn_log_mul     = 0.0000
49: print_info: rope_finetuned        = unknown
49: print_info: model type            = ?B
49: print_info: model params          = 0.00 K
49: print_info: general.name          = n/a
49: print_info: vocab type            = no vocab
49: print_info: n_vocab               = 128
49: print_info: n_merges              = 0
49: print_info: max token length      = 0
49: load_tensors: loading model tensors, this can take a while... (load_mode = none)
49: load_tensors: layer   0 assigned to device CPU, is_swa = 0
49: load_tensors: layer   1 assigned to device CPU, is_swa = 0
49: load_tensors: layer   2 assigned to device CPU, is_swa = 0
49: load_tensors:          CPU model buffer size =     0.11 MiB
49: llama_context: constructing llama_context
49: llama_context: n_seq_max             = 1
49: llama_context: n_ctx                 = 256
49: llama_context: n_ctx_seq             = 256
49: llama_context: n_batch               = 32
49: llama_context: n_ubatch              = 32
49: llama_context: causal_attn           = 1
49: llama_context: flash_attn            = disabled
49: llama_context: kv_unified            = false
49: llama_context: freq_base             = 10000.0
49: llama_context: freq_scale            = 1
49: llama_context: n_rs_seq              = 0
49: llama_context: n_outputs_max         = 32
49: llama_context: n_outputs_max_per_seq = 1
49: set_abort_callback: call
49: llama_context:        CPU  output buffer size =     0.00 MiB
49: llama_kv_cache: layer   0: dev = CPU
49: llama_kv_cache: layer   1: dev = CPU
49: llama_kv_cache:        CPU KV buffer size =     0.06 MiB
49: llama_kv_cache: size =    0.06 MiB (   256 cells,   2 layers,  1/1 seqs), K (f16):    0.03 MiB, V (f16):    0.03 MiB
49: llama_kv_cache: attn_rot_k = 0, n_embd_head_k_all = 32
49: llama_kv_cache: attn_rot_v = 0, n_embd_head_k_all = 32
49: llama_context: enumerating backends
49: llama_context: backend_ptrs.size() = 1
49: sched_reserve: reserving ...
49: sched_reserve: max_nodes = 1024
49: sched_reserve: reserving full memory module
49: sched_reserve: worst-case: n_tokens = 32, n_seqs = 1, n_outputs = 1
49: resolve_fused_ops: resolving fused DeepSeek V4 HC support:
49: graph_reserve: reserving a graph for ubatch with n_tokens =    1, n_seqs =  1, n_outputs =    1
49: resolve_fused_ops: fused DeepSeek V4 HC pre enabled
49: graph_reserve: reserving a graph for ubatch with n_tokens =    1, n_seqs =  1, n_outputs =    1
49: resolve_fused_ops: fused DeepSeek V4 HC comb enabled
49: graph_reserve: reserving a graph for ubatch with n_tokens =    1, n_seqs =  1, n_outputs =    1
49: resolve_fused_ops: fused DeepSeek V4 HC post enabled
49: graph_reserve: reserving a graph for ubatch with n_tokens =   32, n_seqs =  1, n_outputs =   32
49: graph_reserve: reserving a graph for ubatch with n_tokens =    1, n_seqs =  1, n_outputs =    1
49: graph_reserve: reserving a graph for ubatch with n_tokens =   32, n_seqs =  1, n_outputs =   32
49: sched_reserve:        CPU compute buffer size =     0.09 MiB
49: sched_reserve: graph nodes  = 106
49: sched_reserve: graph splits = 1
49: sched_reserve: reserve took 1.28 ms, sched copies = 1
49: llama_context: constructing llama_context
49: llama_context: n_seq_max             = 1
49: llama_context: n_ctx                 = 256
49: llama_context: n_ctx_seq             = 256
49: llama_context: n_batch               = 32
49: llama_context: n_ubatch              = 32
49: llama_context: causal_attn           = 1
49: llama_context: flash_attn            = disabled
49: llama_context: kv_unified            = false
49: llama_context: freq_base             = 10000.0
49: llama_context: freq_scale            = 1
49: llama_context: n_rs_seq              = 0
49: llama_context: n_outputs_max         = 32
49: llama_context: n_outputs_max_per_seq = 1
49: set_abort_callback: call
49: llama_context:        CPU  output buffer size =     0.00 MiB
49: llama_kv_cache: layer   0: dev = CPU
49: llama_kv_cache: layer   1: dev = CPU
49: llama_kv_cache:        CPU KV buffer size =     0.06 MiB
49: llama_kv_cache: size =    0.06 MiB (   256 cells,   2 layers,  1/1 seqs), K (f16):    0.03 MiB, V (f16):    0.03 MiB
49: llama_kv_cache: attn_rot_k = 0, n_embd_head_k_all = 32
49: llama_kv_cache: attn_rot_v = 0, n_embd_head_k_all = 32
49: llama_context: enumerating backends
49: llama_context: backend_ptrs.size() = 1
49: sched_reserve: reserving ...
49: sched_reserve: max_nodes = 1024
49: sched_reserve: reserving full memory module
49: sched_reserve: worst-case: n_tokens = 32, n_seqs = 1, n_outputs = 1
49: resolve_fused_ops: resolving fused DeepSeek V4 HC support:
49: graph_reserve: reserving a graph for ubatch with n_tokens =    1, n_seqs =  1, n_outputs =    1
49: resolve_fused_ops: fused DeepSeek V4 HC pre enabled
49: graph_reserve: reserving a graph for ubatch with n_tokens =    1, n_seqs =  1, n_outputs =    1
49: resolve_fused_ops: fused DeepSeek V4 HC comb enabled
49: graph_reserve: reserving a graph for ubatch with n_tokens =    1, n_seqs =  1, n_outputs =    1
49: resolve_fused_ops: fused DeepSeek V4 HC post enabled
49: graph_reserve: reserving a graph for ubatch with n_tokens =   32, n_seqs =  1, n_outputs =   32
49: graph_reserve: reserving a graph for ubatch with n_tokens =    1, n_seqs =  1, n_outputs =    1
49: graph_reserve: reserving a graph for ubatch with n_tokens =   32, n_seqs =  1, n_outputs =   32
49: sched_reserve:        CPU compute buffer size =     0.09 MiB
49: sched_reserve: graph nodes  = 106
49: sched_reserve: graph splits = 1
49: sched_reserve: reserve took 1.24 ms, sched copies = 1
49: llama_context: constructing llama_context
49: llama_context: n_seq_max             = 1
49: llama_context: n_ctx                 = 256
49: llama_context: n_ctx_seq             = 256
49: llama_context: n_batch               = 32
49: llama_context: n_ubatch              = 32
49: llama_context: causal_attn           = 1
49: llama_context: flash_attn            = disabled
49: llama_context: kv_unified            = false
49: llama_context: freq_base             = 10000.0
49: llama_context: freq_scale            = 1
49: llama_context: n_rs_seq              = 0
49: llama_context: n_outputs_max         = 32
49: llama_context: n_outputs_max_per_seq = 1
49: set_abort_callback: call
49: llama_context:        CPU  output buffer size =     0.00 MiB
49: llama_kv_cache: layer   0: dev = CPU
49: llama_kv_cache: layer   1: dev = CPU
49: llama_kv_cache:        CPU KV buffer size =     0.06 MiB
49: llama_kv_cache: size =    0.06 MiB (   256 cells,   2 layers,  1/1 seqs), K (f16):    0.03 MiB, V (f16):    0.03 MiB
49: llama_kv_cache: attn_rot_k = 0, n_embd_head_k_all = 32
49: llama_kv_cache: attn_rot_v = 0, n_embd_head_k_all = 32
49: llama_context: enumerating backends
49: llama_context: backend_ptrs.size() = 1
49: sched_reserve: reserving ...
49: sched_reserve: max_nodes = 1024
49: sched_reserve: reserving full memory module
49: sched_reserve: worst-case: n_tokens = 32, n_seqs = 1, n_outputs = 1
49: resolve_fused_ops: resolving fused DeepSeek V4 HC support:
49: graph_reserve: reserving a graph for ubatch with n_tokens =    1, n_seqs =  1, n_outputs =    1
49: resolve_fused_ops: fused DeepSeek V4 HC pre enabled
49: graph_reserve: reserving a graph for ubatch with n_tokens =    1, n_seqs =  1, n_outputs =    1
49: resolve_fused_ops: fused DeepSeek V4 HC comb enabled
49: graph_reserve: reserving a graph for ubatch with n_tokens =    1, n_seqs =  1, n_outputs =    1
49: resolve_fused_ops: fused DeepSeek V4 HC post enabled
49: graph_reserve: reserving a graph for ubatch with n_tokens =   32, n_seqs =  1, n_outputs =   32
49: graph_reserve: reserving a graph for ubatch with n_tokens =    1, n_seqs =  1, n_outputs =    1
49: graph_reserve: reserving a graph for ubatch with n_tokens =   32, n_seqs =  1, n_outputs =   32
49: sched_reserve:        CPU compute buffer size =     0.09 MiB
49: sched_reserve: graph nodes  = 106
49: sched_reserve: graph splits = 1
49: sched_reserve: reserve took 1.33 ms, sched copies = 1
49: state_write_data: writing state
49: state_write_data: - writing model info
49: state_write_data: - writing memory module
49: state_write_data: writing state
49: state_write_data: - writing model info
49: state_write_data: - writing memory module
49: state_write_data: writing state
49: state_write_data: - writing model info
49: state_write_data: - writing memory module
49: state_write_data: writing state
49: state_write_data: - writing model info
49: state_write_data: - writing memory module
49: state_write_data: writing state
49: state_write_data: - writing model info
49: state_write_data: - writing memory module
49: state_write_data: writing state
49: state_write_data: - writing model info
49: state_write_data: - writing memory module
49: state_write_data: writing state
49: state_write_data: - writing model info
49: state_write_data: - writing memory module
49: state_write_data: writing state
49: state_write_data: - writing model info
49: state_write_data: - writing memory module
49: llama_context: constructing llama_context
49: llama_context: n_seq_max             = 1
49: llama_context: n_ctx                 = 256
49: llama_context: n_ctx_seq             = 256
49: llama_context: n_batch               = 32
49: llama_context: n_ubatch              = 32
49: llama_context: causal_attn           = 1
49: llama_context: flash_attn            = disabled
49: llama_context: kv_unified            = false
49: llama_context: freq_base             = 10000.0
49: llama_context: freq_scale            = 1
49: llama_context: n_rs_seq              = 0
49: llama_context: n_outputs_max         = 32
49: llama_context: n_outputs_max_per_seq = 1
49: set_abort_callback: call
49: llama_context:        CPU  output buffer size =     0.00 MiB
49: llama_kv_cache: layer   0: dev = CPU
49: llama_kv_cache: layer   1: dev = CPU
49: llama_kv_cache:        CPU KV buffer size =     0.06 MiB
49: llama_kv_cache: size =    0.06 MiB (   256 cells,   2 layers,  1/1 seqs), K (f16):    0.03 MiB, V (f16):    0.03 MiB
49: llama_kv_cache: attn_rot_k = 0, n_embd_head_k_all = 32
49: llama_kv_cache: attn_rot_v = 0, n_embd_head_k_all = 32
49: llama_context: enumerating backends
49: llama_context: backend_ptrs.size() = 1
49: sched_reserve: reserving ...
49: sched_reserve: max_nodes = 1024
49: sched_reserve: reserving full memory module
49: sched_reserve: worst-case: n_tokens = 32, n_seqs = 1, n_outputs = 1
49: resolve_fused_ops: resolving fused DeepSeek V4 HC support:
49: graph_reserve: reserving a graph for ubatch with n_tokens =    1, n_seqs =  1, n_outputs =    1
49: resolve_fused_ops: fused DeepSeek V4 HC pre enabled
49: graph_reserve: reserving a graph for ubatch with n_tokens =    1, n_seqs =  1, n_outputs =    1
49: resolve_fused_ops: fused DeepSeek V4 HC comb enabled
49: graph_reserve: reserving a graph for ubatch with n_tokens =    1, n_seqs =  1, n_outputs =    1
49: resolve_fused_ops: fused DeepSeek V4 HC post enabled
49: graph_reserve: reserving a graph for ubatch with n_tokens =   32, n_seqs =  1, n_outputs =   32
49: graph_reserve: reserving a graph for ubatch with n_tokens =    1, n_seqs =  1, n_outputs =    1
49: graph_reserve: reserving a graph for ubatch with n_tokens =   32, n_seqs =  1, n_outputs =   32
49: sched_reserve:        CPU compute buffer size =     0.09 MiB
49: sched_reserve: graph nodes  = 106
49: sched_reserve: graph splits = 1
49: sched_reserve: reserve took 1.87 ms, sched copies = 1
49: state_write_data: writing state
49: state_write_data: - writing model info
49: state_write_data: - writing memory module
49: state_write_data: writing state
49: state_write_data: - writing model info
49: state_write_data: - writing memory module
49: ~llama_context:        CPU compute buffer size is   0.0905 MiB, matches expectation of   0.0905 MiB
49: set_abort_callback: call
49: state_write_data: writing state
49: state_write_data: - writing model info
49: state_write_data: - writing memory module
49: state_write_data: writing state
49: state_write_data: - writing model info
49: state_write_data: - writing memory module
49: set_abort_callback: call
49: TRANSFER
49: HANDOFF shared=0 copied=65536
49: llama_context: constructing llama_context
49: llama_init_from_model: failed to initialize the context: cannot borrow a consumed KV context
49: llama_decode: failed to decode, ret = -1
49: ~llama_context:        CPU compute buffer size is   0.0905 MiB, matches expectation of   0.0905 MiB
49: state_write_data: writing state
49: state_write_data: - writing model info
49: state_write_data: - writing memory module
49: state_write_data: writing state
49: state_write_data: - writing model info
49: state_write_data: - writing memory module
49: sched_reserve: reserving ...
49: sched_reserve: max_nodes = 1024
49: sched_reserve: reserving full memory module
49: sched_reserve: worst-case: n_tokens = 32, n_seqs = 1, n_outputs = 1
49: graph_reserve: reserving a graph for ubatch with n_tokens =   32, n_seqs =  1, n_outputs =   32
49: graph_reserve: reserving a graph for ubatch with n_tokens =    1, n_seqs =  1, n_outputs =    1
49: graph_reserve: reserving a graph for ubatch with n_tokens =   32, n_seqs =  1, n_outputs =   32
49: sched_reserve:        CPU compute buffer size =     0.09 MiB
49: sched_reserve: graph nodes  = 106
49: sched_reserve: graph splits = 1
49: sched_reserve: reserve took 0.74 ms, sched copies = 1
49: state_write_data: writing state
49: state_write_data: - writing model info
49: state_write_data: - writing memory module
49: state_write_data: writing state
49: state_write_data: - writing model info
49: state_write_data: - writing memory module
49: state_write_data: writing state
49: state_write_data: - writing model info
49: state_write_data: - writing memory module
49: state_write_data: writing state
49: state_write_data: - writing model info
49: state_write_data: - writing memory module
49: llama_model_loader: loaded meta data with 156 key-value pairs and 64 tensors from (file*) (version GGUF V3 (latest))
49: llama_model_loader: Dumping metadata keys/values. Note: KV overrides do not apply in this output.
49: llama_model_loader: - kv   0:                       general.architecture str              = llama
49: llama_model_loader: - kv   1:                               general.name str              = n/a
49: llama_model_loader: - kv   2:                           llama.vocab_size u32              = 128
49: llama_model_loader: - kv   3:                       llama.context_length u32              = 256
49: llama_model_loader: - kv   4:                     llama.embedding_length u32              = 32
49: llama_model_loader: - kv   5:                          llama.block_count u32              = 2
49: llama_model_loader: - kv   6:            llama.leading_dense_block_count u32              = 0
49: llama_model_loader: - kv   7:                  llama.feed_forward_length u32              = 64
49: llama_model_loader: - kv   8:           llama.expert_feed_forward_length u32              = 0
49: llama_model_loader: - kv   9:                 llama.expert_latent_length u32              = 0
49: llama_model_loader: - kv  10:    llama.expert_shared_feed_forward_length u32              = 0
49: llama_model_loader: - kv  11:     llama.expert_chunk_feed_forward_length u32              = 0
49: llama_model_loader: - kv  12:                     llama.swiglu_clamp_exp arr[f32,2]       = [0.000000, 0.000000]
49: llama_model_loader: - kv  13:                   llama.swiglu_clamp_shexp arr[f32,2]       = [0.000000, 0.000000]
49: llama_model_loader: - kv  14:                llama.use_parallel_residual bool             = false
49: llama_model_loader: - kv  15:                         llama.expert_count u32              = 0
49: llama_model_loader: - kv  16:                    llama.expert_used_count u32              = 0
49: llama_model_loader: - kv  17:                  llama.expert_shared_count u32              = 0
49: llama_model_loader: - kv  18:                   llama.expert_group_count u32              = 0
49: llama_model_loader: - kv  19:              llama.expert_group_used_count u32              = 0
49: llama_model_loader: - kv  20:                 llama.expert_weights_scale f32              = 0.000000
49: llama_model_loader: - kv  21:                  llama.expert_weights_norm bool             = false
49: llama_model_loader: - kv  22:                   llama.expert_gating_func u32              = 0
49: llama_model_loader: - kv  23:                   llama.expert_group_scale f32              = 0.050000
49: llama_model_loader: - kv  24:                    llama.experts_per_group u32              = 0
49: llama_model_loader: - kv  25:                   llama.moe_every_n_layers u32              = 0
49: llama_model_loader: - kv  26:                 llama.nextn_predict_layers u32              = 0
49: llama_model_loader: - kv  27:                   llama.n_deepstack_layers u32              = 0
49: llama_model_loader: - kv  28:                    llama.deepstack_mapping arr[i32,512]     = [-1, -1, -1, -1, -1, -1, -1, -1, -1, ...
49: llama_model_loader: - kv  29:                         llama.pooling_type u32              = 4294967295
49: llama_model_loader: - kv  30:                          llama.logit_scale f32              = 0.000000
49: llama_model_loader: - kv  31:               llama.decoder_start_token_id i32              = -1
49: llama_model_loader: - kv  32:                  llama.decoder_block_count u32              = 0
49: llama_model_loader: - kv  33:               llama.attn_logit_softcapping f32              = 50.000000
49: llama_model_loader: - kv  34:             llama.router_logit_softcapping f32              = 30.000000
49: llama_model_loader: - kv  35:              llama.final_logit_softcapping f32              = 30.000000
49: llama_model_loader: - kv  36:                            llama.swin_norm bool             = false
49: llama_model_loader: - kv  37:               llama.rescale_every_n_layers u32              = 0
49: llama_model_loader: - kv  38:                   llama.time_mix_extra_dim u32              = 0
49: llama_model_loader: - kv  39:                 llama.time_decay_extra_dim u32              = 0
49: llama_model_loader: - kv  40:                       llama.residual_scale f32              = 0.000000
49: llama_model_loader: - kv  41:                      llama.embedding_scale f32              = 0.000000
49: llama_model_loader: - kv  42:                    llama.token_shift_count u32              = 2
49: llama_model_loader: - kv  43:            llama.interleave_moe_layer_step u32              = 0
49: llama_model_loader: - kv  44:                 llama.attention.head_count u32              = 1
49: llama_model_loader: - kv  45:              llama.attention.head_count_kv u32              = 1
49: llama_model_loader: - kv  46:             llama.attention.max_alibi_bias f32              = 0.000000
49: llama_model_loader: - kv  47:                  llama.attention.clamp_kqv f32              = 0.000000
49: llama_model_loader: - kv  48:                 llama.attention.key_length u32              = 32
49: llama_model_loader: - kv  49:               llama.attention.value_length u32              = 32
49: llama_model_loader: - kv  50:         llama.attention.layer_norm_epsilon f32              = 0.000000
49: llama_model_loader: - kv  51:     llama.attention.layer_norm_rms_epsilon f32              = 0.000010
49: llama_model_loader: - kv  52:         llama.attention.group_norm_epsilon f32              = 0.000000
49: llama_model_loader: - kv  53:          llama.attention.group_norm_groups u32              = 0
49: llama_model_loader: - kv  54:                     llama.attention.causal bool             = true
49: llama_model_loader: - kv  55:                llama.attention.q_lora_rank u32              = 0
49: llama_model_loader: - kv  56:               llama.attention.kv_lora_rank u32              = 0
49: llama_model_loader: - kv  57:            llama.attention.decay_lora_rank u32              = 0
49: llama_model_loader: - kv  58:             llama.attention.iclr_lora_rank u32              = 0
49: llama_model_loader: - kv  59: llama.attention.value_residual_mix_lora_rank u32              = 0
49: llama_model_loader: - kv  60:             llama.attention.gate_lora_rank u32              = 0
49: llama_model_loader: - kv  61:     llama.attention.relative_buckets_count u32              = 0
49: llama_model_loader: - kv  62:               llama.attention.rope_pattern u32              = 1
49: llama_model_loader: - kv  63:             llama.attention.sliding_window u32              = 0
49: llama_model_loader: - kv  64:                      llama.attention.scale f32              = 0.000000
49: llama_model_loader: - kv  65:               llama.attention.output_scale f32              = 0.000000
49: llama_model_loader: - kv  66:                llama.attention.value_scale f32              = 0.000000
49: llama_model_loader: - kv  67:         llama.attention.temperature_length u32              = 0
49: llama_model_loader: - kv  68:          llama.attention.temperature_scale f32              = 0.000000
49: llama_model_loader: - kv  69:             llama.attention.key_length_mla u32              = 0
49: llama_model_loader: - kv  70:           llama.attention.value_length_mla u32              = 0
49: llama_model_loader: - kv  71:             llama.attention.key_length_swa u32              = 32
49: llama_model_loader: - kv  72:           llama.attention.value_length_swa u32              = 32
49: llama_model_loader: - kv  73:         llama.attention.indexer.head_count u32              = 0
49: llama_model_loader: - kv  74:         llama.attention.indexer.key_length u32              = 0
49: llama_model_loader: - kv  75:              llama.attention.indexer.top_k u32              = 0
49: llama_model_loader: - kv  76:         llama.attention.indexer.block_size u32              = 0
49: llama_model_loader: - kv  77:       llama.attention.indexer.local_blocks u32              = 0
49: llama_model_loader: - kv  78:              llama.attention.indexer.types u32              = 0
49: llama_model_loader: - kv  79:           llama.attention.recurrent_layers u32              = 0
49: llama_model_loader: - kv  80:         llama.attention.output_group_count u32              = 0
49: llama_model_loader: - kv  81:           llama.attention.output_lora_rank u32              = 0
49: llama_model_loader: - kv  82:    llama.attention.compress_rope_freq_base f32              = 0.000000
49: llama_model_loader: - kv  83:            llama.attention.compress_ratios u32              = 0
49: llama_model_loader: - kv  84:               llama.hyper_connection.count u32              = 0
49: llama_model_loader: - kv  85: llama.hyper_connection.sinkhorn_iterations u32              = 0
49: llama_model_loader: - kv  86:             llama.hyper_connection.epsilon f32              = 0.000000
49: llama_model_loader: - kv  87:           llama.hyper_connection.magnitude f32              = 0.000000
49: llama_model_loader: - kv  88:                     llama.hash_layer_count u32              = 0
49: llama_model_loader: - kv  89:            llama.hyper_connection.low_rank u32              = 0
49: llama_model_loader: - kv  90:                 llama.rope.dimension_count u32              = 32
49: llama_model_loader: - kv  91:             llama.rope.dimension_count_swa u32              = 32
49: llama_model_loader: - kv  92:              llama.rope.dimension_sections arr[i32,4]       = [0, 0, 0, 0]
49: llama_model_loader: - kv  93:                       llama.rope.freq_base f32              = 10000.000000
49: llama_model_loader: - kv  94:                   llama.rope.freq_base_swa f32              = 10000.000000
49: llama_model_loader: - kv  95:                    llama.rope.scaling.type str              = linear
49: llama_model_loader: - kv  96:                  llama.rope.scaling.factor f32              = 0.000000
49: llama_model_loader: - kv  97:             llama.rope.scaling.attn_factor f32              = 1.000000
49: llama_model_loader: - kv  98: llama.rope.scaling.original_context_length u32              = 256
49: llama_model_loader: - kv  99:               llama.rope.scaling.finetuned bool             = false
49: llama_model_loader: - kv 100:     llama.rope.scaling.yarn_log_multiplier f32              = 0.000000
49: llama_model_loader: - kv 101:         llama.rope.scaling.yarn_ext_factor f32              = -1.000000
49: llama_model_loader: - kv 102:        llama.rope.scaling.yarn_attn_factor f32              = 1.000000
49: llama_model_loader: - kv 103:          llama.rope.scaling.yarn_beta_fast f32              = 32.000000
49: llama_model_loader: - kv 104:          llama.rope.scaling.yarn_beta_slow f32              = 1.000000
49: llama_model_loader: - kv 105:                       llama.ssm.inner_size u32              = 0
49: llama_model_loader: - kv 106:                      llama.ssm.conv_kernel u32              = 0
49: llama_model_loader: - kv 107:                       llama.ssm.state_size u32              = 0
49: llama_model_loader: - kv 108:                   llama.ssm.time_step_rank u32              = 0
49: llama_model_loader: - kv 109:                      llama.ssm.group_count u32              = 0
49: llama_model_loader: - kv 110:                       llama.ssm.dt_b_c_rms bool             = false
49: llama_model_loader: - kv 111:                         llama.kda.head_dim u32              = 0
49: llama_model_loader: - kv 112:                        llama.kda.safe_gate bool             = false
49: llama_model_loader: - kv 113:                 llama.kda.gate_lower_bound f32              = -inf
49: llama_model_loader: - kv 114:                        llama.wkv.head_size u32              = 0
49: llama_model_loader: - kv 115:                       tokenizer.ggml.model str              = no_vocab
49: llama_model_loader: - kv 116:                      tokenizer.ggml.tokens arr[str,128]     = ["", "", "", "", "", "", "", "", "", ...
49: llama_model_loader: - kv 117:                  tokenizer.ggml.token_type arr[i32,128]     = [0, 0, 0, 0, 0, 0, 0, 0, 0, 0, 0, 0, ...
49: llama_model_loader: - kv 118:            tokenizer.ggml.token_type_count u32              = 0
49: llama_model_loader: - kv 119:                      tokenizer.ggml.scores arr[f32,128]     = [0.000000, 0.000000, 0.000000, 0.0000...
49: llama_model_loader: - kv 120:                      tokenizer.ggml.merges arr[str,0]       = []
49: llama_model_loader: - kv 121:                tokenizer.ggml.bos_token_id u32              = 4294967295
49: llama_model_loader: - kv 122:                tokenizer.ggml.eos_token_id u32              = 4294967295
49: llama_model_loader: - kv 123:                tokenizer.ggml.eot_token_id u32              = 4294967295
49: llama_model_loader: - kv 124:                tokenizer.ggml.eom_token_id u32              = 4294967295
49: llama_model_loader: - kv 125:            tokenizer.ggml.unknown_token_id u32              = 4294967295
49: llama_model_loader: - kv 126:          tokenizer.ggml.seperator_token_id u32              = 4294967295
49: llama_model_loader: - kv 127:            tokenizer.ggml.padding_token_id u32              = 4294967295
49: llama_model_loader: - kv 128:               tokenizer.ggml.add_bos_token bool             = false
49: llama_model_loader: - kv 129:               tokenizer.ggml.add_eos_token bool             = false
49: llama_model_loader: - kv 130:               tokenizer.ggml.add_sep_token bool             = false
49: llama_model_loader: - kv 131:            tokenizer.ggml.add_space_prefix bool             = false
49: llama_model_loader: - kv 132:    tokenizer.ggml.remove_extra_whitespaces bool             = false
49: llama_model_loader: - kv 133:            tokenizer.ggml.fim_pre_token_id u32              = 4294967295
49: llama_model_loader: - kv 134:            tokenizer.ggml.fim_suf_token_id u32              = 4294967295
49: llama_model_loader: - kv 135:            tokenizer.ggml.fim_mid_token_id u32              = 4294967295
49: llama_model_loader: - kv 136:            tokenizer.ggml.fim_pad_token_id u32              = 4294967295
49: llama_model_loader: - kv 137:            tokenizer.ggml.fim_rep_token_id u32              = 4294967295
49: llama_model_loader: - kv 138:            tokenizer.ggml.fim_sep_token_id u32              = 4294967295
49: llama_model_loader: - kv 139:              llama.posnet.embedding_length u32              = 0
49: llama_model_loader: - kv 140:                   llama.posnet.block_count u32              = 0
49: llama_model_loader: - kv 141:            llama.convnext.embedding_length u32              = 0
49: llama_model_loader: - kv 142:                 llama.convnext.block_count u32              = 0
49: llama_model_loader: - kv 143:             llama.classifier.output_labels arr[str,0]       = []
49: llama_model_loader: - kv 144:                    llama.shortconv.l_cache u32              = 0
49: llama_model_loader: - kv 145:                              xielu.alpha_n arr[f32,512]     = [0.000000, 0.000000, 0.000000, 0.0000...
49: llama_model_loader: - kv 146:                              xielu.alpha_p arr[f32,512]     = [0.000000, 0.000000, 0.000000, 0.0000...
49: llama_model_loader: - kv 147:                                 xielu.beta arr[f32,512]     = [0.000000, 0.000000, 0.000000, 0.0000...
49: llama_model_loader: - kv 148:                                  xielu.eps arr[f32,512]     = [0.000000, 0.000000, 0.000000, 0.0000...
49: llama_model_loader: - kv 149:                  llama.attn_res.block_size u32              = 0
49: llama_model_loader: - kv 150:                 llama.activation.situ_beta f32              = 1.000000
49: llama_model_loader: - kv 151:          llama.activation.situ_linear_beta f32              = 0.000000
49: llama_model_loader: - kv 152:                      llama.dense_2_feat_in u32              = 0
49: llama_model_loader: - kv 153:                     llama.dense_2_feat_out u32              = 0
49: llama_model_loader: - kv 154:                      llama.dense_3_feat_in u32              = 0
49: llama_model_loader: - kv 155:                     llama.dense_3_feat_out u32              = 0
49: llama_model_loader: - type  f32:   64 tensors
49: print_info: file format = GGUF V3 (latest)
49: print_info: file type   = (guessed) all F32
49: print_info: file size   = 0.11 MiB (32.00 BPW) 
49: load: adding 128 dummy tokens
49: print_info: arch                  = llama
49: print_info: vocab_only            = 0
49: print_info: no_alloc              = 0
49: print_info: n_ctx_train           = 256
49: print_info: n_embd_inp            = 32
49: print_info: n_embd                = 32
49: print_info: n_embd_out            = 32
49: print_info: n_layer               = 2
49: print_info: n_layer_all           = 2
49: print_info: n_head                = 1
49: print_info: n_head_kv             = 1
49: print_info: n_rot                 = 32
49: print_info: n_swa                 = 0
49: print_info: is_swa_any            = 0
49: print_info: non_causal_type       = 0
49: print_info: n_embd_head_k         = 32
49: print_info: n_embd_head_v         = 32
49: print_info: n_gqa                 = 1
49: print_info: n_embd_k_gqa          = 32
49: print_info: n_embd_v_gqa          = 32
49: print_info: f_norm_eps            = 0.0e+00
49: print_info: f_norm_rms_eps        = 1.0e-05
49: print_info: f_clamp_kqv           = 0.0e+00
49: print_info: f_max_alibi_bias      = 0.0e+00
49: print_info: f_logit_scale         = 0.0e+00
49: print_info: f_attn_scale          = 0.0e+00
49: print_info: f_attn_value_scale    = 0.0000
49: print_info: n_ff                  = 64
49: print_info: n_expert              = 0
49: print_info: n_expert_used         = 0
49: print_info: n_expert_groups       = 0
49: print_info: n_group_used          = 0
49: print_info: causal attn           = 1
49: print_info: pooling type          = -1
49: print_info: rope type             = 0
49: print_info: rope scaling          = linear
49: print_info: freq_base_train       = 10000.0
49: print_info: freq_scale_train      = 1
49: print_info: n_ctx_orig_yarn       = 256
49: print_info: rope_yarn_log_mul     = 0.0000
49: print_info: rope_finetuned        = unknown
49: print_info: model type            = ?B
49: print_info: model params          = 29.45 K
49: print_info: general.name          = n/a
49: print_info: vocab type            = no vocab
49: print_info: n_vocab               = 128
49: print_info: n_merges              = 0
49: print_info: max token length      = 0
49: load_tensors: loading model tensors, this can take a while... (load_mode = mmap)
49: load_tensors: layer   0 assigned to device CPU, is_swa = 0
49: load_tensors: layer   1 assigned to device CPU, is_swa = 0
49: load_tensors: layer   2 assigned to device CPU, is_swa = 0
49: create_tensor: loading tensor token_embd.weight
49: create_tensor: loading tensor output_norm.weight
49: create_tensor: loading tensor output.weight
49: create_tensor: loading tensor blk.0.attn_norm.weight
49: create_tensor: loading tensor blk.0.attn_qkv.weight
49: create_tensor: loading tensor blk.0.attn_q.weight
49: create_tensor: loading tensor blk.0.attn_k.weight
49: create_tensor: loading tensor blk.0.attn_v.weight
49: create_tensor: loading tensor blk.0.attn_q.bias
49: create_tensor: loading tensor blk.0.attn_k.bias
49: create_tensor: loading tensor blk.0.attn_v.bias
49: create_tensor: loading tensor blk.0.attn_output.weight
49: create_tensor: loading tensor blk.0.attn_output.bias
49: create_tensor: loading tensor blk.0.ffn_norm.weight
49: create_tensor: loading tensor rope_freqs.weight
49: create_tensor: loading tensor blk.0.ffn_gate.weight
49: create_tensor: loading tensor blk.0.ffn_down.weight
49: create_tensor: loading tensor blk.0.ffn_up.weight
49: create_tensor: loading tensor blk.0.ffn_gate.bias
49: create_tensor: loading tensor blk.0.ffn_down.bias
49: create_tensor: loading tensor blk.0.ffn_up.bias
49: create_tensor: loading tensor blk.1.attn_norm.weight
49: create_tensor: loading tensor blk.1.attn_qkv.weight
49: create_tensor: loading tensor blk.1.attn_q.weight
49: create_tensor: loading tensor blk.1.attn_k.weight
49: create_tensor: loading tensor blk.1.attn_v.weight
49: create_tensor: loading tensor blk.1.attn_q.bias
49: create_tensor: loading tensor blk.1.attn_k.bias
49: create_tensor: loading tensor blk.1.attn_v.bias
49: create_tensor: loading tensor blk.1.attn_output.weight
49: create_tensor: loading tensor blk.1.attn_output.bias
49: create_tensor: loading tensor blk.1.ffn_norm.weight
49: create_tensor: loading tensor rope_freqs.weight
49: create_tensor: loading tensor blk.1.ffn_gate.weight
49: create_tensor: loading tensor blk.1.ffn_down.weight
49: create_tensor: loading tensor blk.1.ffn_up.weight
49: create_tensor: loading tensor blk.1.ffn_gate.bias
49: create_tensor: loading tensor blk.1.ffn_down.bias
49: create_tensor: loading tensor blk.1.ffn_up.bias
49: create_tensor: loading tensor blk.0.attn_q.scale
49: create_tensor: loading tensor blk.0.attn_k.scale
49: create_tensor: loading tensor blk.0.attn_v.scale
49: create_tensor: loading tensor blk.0.attn_output.scale
49: create_tensor: loading tensor blk.0.ffn_gate.scale
49: create_tensor: loading tensor blk.0.ffn_down.scale
49: create_tensor: loading tensor blk.0.ffn_up.scale
49: create_tensor: loading tensor blk.0.attn_q.input_scale
49: create_tensor: loading tensor blk.0.attn_k.input_scale
49: create_tensor: loading tensor blk.0.attn_v.input_scale
49: create_tensor: loading tensor blk.0.attn_output.input_scale
49: create_tensor: loading tensor blk.0.ffn_gate.input_scale
49: create_tensor: loading tensor blk.0.ffn_down.input_scale
49: create_tensor: loading tensor blk.0.ffn_up.input_scale
49: create_tensor: loading tensor blk.1.attn_q.scale
49: create_tensor: loading tensor blk.1.attn_k.scale
49: create_tensor: loading tensor blk.1.attn_v.scale
49: create_tensor: loading tensor blk.1.attn_output.scale
49: create_tensor: loading tensor blk.1.ffn_gate.scale
49: create_tensor: loading tensor blk.1.ffn_down.scale
49: create_tensor: loading tensor blk.1.ffn_up.scale
49: create_tensor: loading tensor blk.1.attn_q.input_scale
49: create_tensor: loading tensor blk.1.attn_k.input_scale
49: create_tensor: loading tensor blk.1.attn_v.input_scale
49: create_tensor: loading tensor blk.1.attn_output.input_scale
49: create_tensor: loading tensor blk.1.ffn_gate.input_scale
49: create_tensor: loading tensor blk.1.ffn_down.input_scale
49: create_tensor: loading tensor blk.1.ffn_up.input_scale
49: done_getting_tensors: tensor 'token_embd.weight' (f32) (and 64 others) cannot be used with preferred buffer type CPU_REPACK, using CPU instead
49: load_tensors:   CPU_Mapped model buffer size =     0.11 MiB
49: ....................
49: llama_model_loader: loaded meta data with 156 key-value pairs and 64 tensors from (file*) (version GGUF V3 (latest))
49: llama_model_loader: Dumping metadata keys/values. Note: KV overrides do not apply in this output.
49: llama_model_loader: - kv   0:                       general.architecture str              = llama
49: llama_model_loader: - kv   1:                               general.name str              = n/a
49: llama_model_loader: - kv   2:                           llama.vocab_size u32              = 128
49: llama_model_loader: - kv   3:                       llama.context_length u32              = 256
49: llama_model_loader: - kv   4:                     llama.embedding_length u32              = 32
49: llama_model_loader: - kv   5:                          llama.block_count u32              = 2
49: llama_model_loader: - kv   6:            llama.leading_dense_block_count u32              = 0
49: llama_model_loader: - kv   7:                  llama.feed_forward_length u32              = 64
49: llama_model_loader: - kv   8:           llama.expert_feed_forward_length u32              = 0
49: llama_model_loader: - kv   9:                 llama.expert_latent_length u32              = 0
49: llama_model_loader: - kv  10:    llama.expert_shared_feed_forward_length u32              = 0
49: llama_model_loader: - kv  11:     llama.expert_chunk_feed_forward_length u32              = 0
49: llama_model_loader: - kv  12:                     llama.swiglu_clamp_exp arr[f32,2]       = [0.000000, 0.000000]
49: llama_model_loader: - kv  13:                   llama.swiglu_clamp_shexp arr[f32,2]       = [0.000000, 0.000000]
49: llama_model_loader: - kv  14:                llama.use_parallel_residual bool             = false
49: llama_model_loader: - kv  15:                         llama.expert_count u32              = 0
49: llama_model_loader: - kv  16:                    llama.expert_used_count u32              = 0
49: llama_model_loader: - kv  17:                  llama.expert_shared_count u32              = 0
49: llama_model_loader: - kv  18:                   llama.expert_group_count u32              = 0
49: llama_model_loader: - kv  19:              llama.expert_group_used_count u32              = 0
49: llama_model_loader: - kv  20:                 llama.expert_weights_scale f32              = 0.000000
49: llama_model_loader: - kv  21:                  llama.expert_weights_norm bool             = false
49: llama_model_loader: - kv  22:                   llama.expert_gating_func u32              = 0
49: llama_model_loader: - kv  23:                   llama.expert_group_scale f32              = 0.050000
49: llama_model_loader: - kv  24:                    llama.experts_per_group u32              = 0
49: llama_model_loader: - kv  25:                   llama.moe_every_n_layers u32              = 0
49: llama_model_loader: - kv  26:                 llama.nextn_predict_layers u32              = 0
49: llama_model_loader: - kv  27:                   llama.n_deepstack_layers u32              = 0
49: llama_model_loader: - kv  28:                    llama.deepstack_mapping arr[i32,512]     = [-1, -1, -1, -1, -1, -1, -1, -1, -1, ...
49: llama_model_loader: - kv  29:                         llama.pooling_type u32              = 4294967295
49: llama_model_loader: - kv  30:                          llama.logit_scale f32              = 0.000000
49: llama_model_loader: - kv  31:               llama.decoder_start_token_id i32              = -1
49: llama_model_loader: - kv  32:                  llama.decoder_block_count u32              = 0
49: llama_model_loader: - kv  33:               llama.attn_logit_softcapping f32              = 50.000000
49: llama_model_loader: - kv  34:             llama.router_logit_softcapping f32              = 30.000000
49: llama_model_loader: - kv  35:              llama.final_logit_softcapping f32              = 30.000000
49: llama_model_loader: - kv  36:                            llama.swin_norm bool             = false
49: llama_model_loader: - kv  37:               llama.rescale_every_n_layers u32              = 0
49: llama_model_loader: - kv  38:                   llama.time_mix_extra_dim u32              = 0
49: llama_model_loader: - kv  39:                 llama.time_decay_extra_dim u32              = 0
49: llama_model_loader: - kv  40:                       llama.residual_scale f32              = 0.000000
49: llama_model_loader: - kv  41:                      llama.embedding_scale f32              = 0.000000
49: llama_model_loader: - kv  42:                    llama.token_shift_count u32              = 2
49: llama_model_loader: - kv  43:            llama.interleave_moe_layer_step u32              = 0
49: llama_model_loader: - kv  44:                 llama.attention.head_count u32              = 1
49: llama_model_loader: - kv  45:              llama.attention.head_count_kv u32              = 1
49: llama_model_loader: - kv  46:             llama.attention.max_alibi_bias f32              = 0.000000
49: llama_model_loader: - kv  47:                  llama.attention.clamp_kqv f32              = 0.000000
49: llama_model_loader: - kv  48:                 llama.attention.key_length u32              = 32
49: llama_model_loader: - kv  49:               llama.attention.value_length u32              = 32
49: llama_model_loader: - kv  50:         llama.attention.layer_norm_epsilon f32              = 0.000000
49: llama_model_loader: - kv  51:     llama.attention.layer_norm_rms_epsilon f32              = 0.000010
49: llama_model_loader: - kv  52:         llama.attention.group_norm_epsilon f32              = 0.000000
49: llama_model_loader: - kv  53:          llama.attention.group_norm_groups u32              = 0
49: llama_model_loader: - kv  54:                     llama.attention.causal bool             = true
49: llama_model_loader: - kv  55:                llama.attention.q_lora_rank u32              = 0
49: llama_model_loader: - kv  56:               llama.attention.kv_lora_rank u32              = 0
49: llama_model_loader: - kv  57:            llama.attention.decay_lora_rank u32              = 0
49: llama_model_loader: - kv  58:             llama.attention.iclr_lora_rank u32              = 0
49: llama_model_loader: - kv  59: llama.attention.value_residual_mix_lora_rank u32              = 0
49: llama_model_loader: - kv  60:             llama.attention.gate_lora_rank u32              = 0
49: llama_model_loader: - kv  61:     llama.attention.relative_buckets_count u32              = 0
49: llama_model_loader: - kv  62:               llama.attention.rope_pattern u32              = 1
49: llama_model_loader: - kv  63:             llama.attention.sliding_window u32              = 0
49: llama_model_loader: - kv  64:                      llama.attention.scale f32              = 0.000000
49: llama_model_loader: - kv  65:               llama.attention.output_scale f32              = 0.000000
49: llama_model_loader: - kv  66:                llama.attention.value_scale f32              = 0.000000
49: llama_model_loader: - kv  67:         llama.attention.temperature_length u32              = 0
49: llama_model_loader: - kv  68:          llama.attention.temperature_scale f32              = 0.000000
49: llama_model_loader: - kv  69:             llama.attention.key_length_mla u32              = 0
49: llama_model_loader: - kv  70:           llama.attention.value_length_mla u32              = 0
49: llama_model_loader: - kv  71:             llama.attention.key_length_swa u32              = 32
49: llama_model_loader: - kv  72:           llama.attention.value_length_swa u32              = 32
49: llama_model_loader: - kv  73:         llama.attention.indexer.head_count u32              = 0
49: llama_model_loader: - kv  74:         llama.attention.indexer.key_length u32              = 0
49: llama_model_loader: - kv  75:              llama.attention.indexer.top_k u32              = 0
49: llama_model_loader: - kv  76:         llama.attention.indexer.block_size u32              = 0
49: llama_model_loader: - kv  77:       llama.attention.indexer.local_blocks u32              = 0
49: llama_model_loader: - kv  78:              llama.attention.indexer.types u32              = 0
49: llama_model_loader: - kv  79:           llama.attention.recurrent_layers u32              = 0
49: llama_model_loader: - kv  80:         llama.attention.output_group_count u32              = 0
49: llama_model_loader: - kv  81:           llama.attention.output_lora_rank u32              = 0
49: llama_model_loader: - kv  82:    llama.attention.compress_rope_freq_base f32              = 0.000000
49: llama_model_loader: - kv  83:            llama.attention.compress_ratios u32              = 0
49: llama_model_loader: - kv  84:               llama.hyper_connection.count u32              = 0
49: llama_model_loader: - kv  85: llama.hyper_connection.sinkhorn_iterations u32              = 0
49: llama_model_loader: - kv  86:             llama.hyper_connection.epsilon f32              = 0.000000
49: llama_model_loader: - kv  87:           llama.hyper_connection.magnitude f32              = 0.000000
49: llama_model_loader: - kv  88:                     llama.hash_layer_count u32              = 0
49: llama_model_loader: - kv  89:            llama.hyper_connection.low_rank u32              = 0
49: llama_model_loader: - kv  90:                 llama.rope.dimension_count u32              = 32
49: llama_model_loader: - kv  91:             llama.rope.dimension_count_swa u32              = 32
49: llama_model_loader: - kv  92:              llama.rope.dimension_sections arr[i32,4]       = [0, 0, 0, 0]
49: llama_model_loader: - kv  93:                       llama.rope.freq_base f32              = 10000.000000
49: llama_model_loader: - kv  94:                   llama.rope.freq_base_swa f32              = 10000.000000
49: llama_model_loader: - kv  95:                    llama.rope.scaling.type str              = linear
49: llama_model_loader: - kv  96:                  llama.rope.scaling.factor f32              = 0.000000
49: llama_model_loader: - kv  97:             llama.rope.scaling.attn_factor f32              = 1.000000
49: llama_model_loader: - kv  98: llama.rope.scaling.original_context_length u32              = 256
49: llama_model_loader: - kv  99:               llama.rope.scaling.finetuned bool             = false
49: llama_model_loader: - kv 100:     llama.rope.scaling.yarn_log_multiplier f32              = 0.000000
49: llama_model_loader: - kv 101:         llama.rope.scaling.yarn_ext_factor f32              = -1.000000
49: llama_model_loader: - kv 102:        llama.rope.scaling.yarn_attn_factor f32              = 1.000000
49: llama_model_loader: - kv 103:          llama.rope.scaling.yarn_beta_fast f32              = 32.000000
49: llama_model_loader: - kv 104:          llama.rope.scaling.yarn_beta_slow f32              = 1.000000
49: llama_model_loader: - kv 105:                       llama.ssm.inner_size u32              = 0
49: llama_model_loader: - kv 106:                      llama.ssm.conv_kernel u32              = 0
49: llama_model_loader: - kv 107:                       llama.ssm.state_size u32              = 0
49: llama_model_loader: - kv 108:                   llama.ssm.time_step_rank u32              = 0
49: llama_model_loader: - kv 109:                      llama.ssm.group_count u32              = 0
49: llama_model_loader: - kv 110:                       llama.ssm.dt_b_c_rms bool             = false
49: llama_model_loader: - kv 111:                         llama.kda.head_dim u32              = 0
49: llama_model_loader: - kv 112:                        llama.kda.safe_gate bool             = false
49: llama_model_loader: - kv 113:                 llama.kda.gate_lower_bound f32              = -inf
49: llama_model_loader: - kv 114:                        llama.wkv.head_size u32              = 0
49: llama_model_loader: - kv 115:                       tokenizer.ggml.model str              = no_vocab
49: llama_model_loader: - kv 116:                      tokenizer.ggml.tokens arr[str,128]     = ["", "", "", "", "", "", "", "", "", ...
49: llama_model_loader: - kv 117:                  tokenizer.ggml.token_type arr[i32,128]     = [0, 0, 0, 0, 0, 0, 0, 0, 0, 0, 0, 0, ...
49: llama_model_loader: - kv 118:            tokenizer.ggml.token_type_count u32              = 0
49: llama_model_loader: - kv 119:                      tokenizer.ggml.scores arr[f32,128]     = [0.000000, 0.000000, 0.000000, 0.0000...
49: llama_model_loader: - kv 120:                      tokenizer.ggml.merges arr[str,0]       = []
49: llama_model_loader: - kv 121:                tokenizer.ggml.bos_token_id u32              = 4294967295
49: llama_model_loader: - kv 122:                tokenizer.ggml.eos_token_id u32              = 4294967295
49: llama_model_loader: - kv 123:                tokenizer.ggml.eot_token_id u32              = 4294967295
49: llama_model_loader: - kv 124:                tokenizer.ggml.eom_token_id u32              = 4294967295
49: llama_model_loader: - kv 125:            tokenizer.ggml.unknown_token_id u32              = 4294967295
49: llama_model_loader: - kv 126:          tokenizer.ggml.seperator_token_id u32              = 4294967295
49: llama_model_loader: - kv 127:            tokenizer.ggml.padding_token_id u32              = 4294967295
49: llama_model_loader: - kv 128:               tokenizer.ggml.add_bos_token bool             = false
49: llama_model_loader: - kv 129:               tokenizer.ggml.add_eos_token bool             = false
49: llama_model_loader: - kv 130:               tokenizer.ggml.add_sep_token bool             = false
49: llama_model_loader: - kv 131:            tokenizer.ggml.add_space_prefix bool             = false
49: llama_model_loader: - kv 132:    tokenizer.ggml.remove_extra_whitespaces bool             = false
49: llama_model_loader: - kv 133:            tokenizer.ggml.fim_pre_token_id u32              = 4294967295
49: llama_model_loader: - kv 134:            tokenizer.ggml.fim_suf_token_id u32              = 4294967295
49: llama_model_loader: - kv 135:            tokenizer.ggml.fim_mid_token_id u32              = 4294967295
49: llama_model_loader: - kv 136:            tokenizer.ggml.fim_pad_token_id u32              = 4294967295
49: llama_model_loader: - kv 137:            tokenizer.ggml.fim_rep_token_id u32              = 4294967295
49: llama_model_loader: - kv 138:            tokenizer.ggml.fim_sep_token_id u32              = 4294967295
49: llama_model_loader: - kv 139:              llama.posnet.embedding_length u32              = 0
49: llama_model_loader: - kv 140:                   llama.posnet.block_count u32              = 0
49: llama_model_loader: - kv 141:            llama.convnext.embedding_length u32              = 0
49: llama_model_loader: - kv 142:                 llama.convnext.block_count u32              = 0
49: llama_model_loader: - kv 143:             llama.classifier.output_labels arr[str,0]       = []
49: llama_model_loader: - kv 144:                    llama.shortconv.l_cache u32              = 0
49: llama_model_loader: - kv 145:                              xielu.alpha_n arr[f32,512]     = [0.000000, 0.000000, 0.000000, 0.0000...
49: llama_model_loader: - kv 146:                              xielu.alpha_p arr[f32,512]     = [0.000000, 0.000000, 0.000000, 0.0000...
49: llama_model_loader: - kv 147:                                 xielu.beta arr[f32,512]     = [0.000000, 0.000000, 0.000000, 0.0000...
49: llama_model_loader: - kv 148:                                  xielu.eps arr[f32,512]     = [0.000000, 0.000000, 0.000000, 0.0000...
49: llama_model_loader: - kv 149:                  llama.attn_res.block_size u32              = 0
49: llama_model_loader: - kv 150:                 llama.activation.situ_beta f32              = 1.000000
49: llama_model_loader: - kv 151:          llama.activation.situ_linear_beta f32              = 0.000000
49: llama_model_loader: - kv 152:                      llama.dense_2_feat_in u32              = 0
49: llama_model_loader: - kv 153:                     llama.dense_2_feat_out u32              = 0
49: llama_model_loader: - kv 154:                      llama.dense_3_feat_in u32              = 0
49: llama_model_loader: - kv 155:                     llama.dense_3_feat_out u32              = 0
49: llama_model_loader: - type  f32:   64 tensors
49: print_info: file format = GGUF V3 (latest)
49: print_info: file type   = (guessed) all F32
49: print_info: file size   = 0.11 MiB (32.00 BPW) 
49: load: adding 128 dummy tokens
49: print_info: arch                  = llama
49: print_info: vocab_only            = 0
49: print_info: no_alloc              = 0
49: print_info: n_ctx_train           = 256
49: print_info: n_embd_inp            = 32
49: print_info: n_embd                = 32
49: print_info: n_embd_out            = 32
49: print_info: n_layer               = 2
49: print_info: n_layer_all           = 2
49: print_info: n_head                = 1
49: print_info: n_head_kv             = 1
49: print_info: n_rot                 = 32
49: print_info: n_swa                 = 0
49: print_info: is_swa_any            = 0
49: print_info: non_causal_type       = 0
49: print_info: n_embd_head_k         = 32
49: print_info: n_embd_head_v         = 32
49: print_info: n_gqa                 = 1
49: print_info: n_embd_k_gqa          = 32
49: print_info: n_embd_v_gqa          = 32
49: print_info: f_norm_eps            = 0.0e+00
49: print_info: f_norm_rms_eps        = 1.0e-05
49: print_info: f_clamp_kqv           = 0.0e+00
49: print_info: f_max_alibi_bias      = 0.0e+00
49: print_info: f_logit_scale         = 0.0e+00
49: print_info: f_attn_scale          = 0.0e+00
49: print_info: f_attn_value_scale    = 0.0000
49: print_info: n_ff                  = 64
49: print_info: n_expert              = 0
49: print_info: n_expert_used         = 0
49: print_info: n_expert_groups       = 0
49: print_info: n_group_used          = 0
49: print_info: causal attn           = 1
49: print_info: pooling type          = -1
49: print_info: rope type             = 0
49: print_info: rope scaling          = linear
49: print_info: freq_base_train       = 10000.0
49: print_info: freq_scale_train      = 1
49: print_info: n_ctx_orig_yarn       = 256
49: print_info: rope_yarn_log_mul     = 0.0000
49: print_info: rope_finetuned        = unknown
49: print_info: model type            = ?B
49: print_info: model params          = 29.45 K
49: print_info: general.name          = n/a
49: print_info: vocab type            = no vocab
49: print_info: n_vocab               = 128
49: print_info: n_merges              = 0
49: print_info: max token length      = 0
49: load_tensors: loading model tensors, this can take a while... (load_mode = mmap)
49: load_tensors: layer   0 assigned to device CPU, is_swa = 0
49: load_tensors: layer   1 assigned to device CPU, is_swa = 0
49: load_tensors: layer   2 assigned to device CPU, is_swa = 0
49: create_tensor: loading tensor token_embd.weight
49: create_tensor: loading tensor output_norm.weight
49: create_tensor: loading tensor output.weight
49: create_tensor: loading tensor blk.0.attn_norm.weight
49: create_tensor: loading tensor blk.0.attn_qkv.weight
49: create_tensor: loading tensor blk.0.attn_q.weight
49: create_tensor: loading tensor blk.0.attn_k.weight
49: create_tensor: loading tensor blk.0.attn_v.weight
49: create_tensor: loading tensor blk.0.attn_q.bias
49: create_tensor: loading tensor blk.0.attn_k.bias
49: create_tensor: loading tensor blk.0.attn_v.bias
49: create_tensor: loading tensor blk.0.attn_output.weight
49: create_tensor: loading tensor blk.0.attn_output.bias
49: create_tensor: loading tensor blk.0.ffn_norm.weight
49: create_tensor: loading tensor rope_freqs.weight
49: create_tensor: loading tensor blk.0.ffn_gate.weight
49: create_tensor: loading tensor blk.0.ffn_down.weight
49: create_tensor: loading tensor blk.0.ffn_up.weight
49: create_tensor: loading tensor blk.0.ffn_gate.bias
49: create_tensor: loading tensor blk.0.ffn_down.bias
49: create_tensor: loading tensor blk.0.ffn_up.bias
49: create_tensor: loading tensor blk.1.attn_norm.weight
49: create_tensor: loading tensor blk.1.attn_qkv.weight
49: create_tensor: loading tensor blk.1.attn_q.weight
49: create_tensor: loading tensor blk.1.attn_k.weight
49: create_tensor: loading tensor blk.1.attn_v.weight
49: create_tensor: loading tensor blk.1.attn_q.bias
49: create_tensor: loading tensor blk.1.attn_k.bias
49: create_tensor: loading tensor blk.1.attn_v.bias
49: create_tensor: loading tensor blk.1.attn_output.weight
49: create_tensor: loading tensor blk.1.attn_output.bias
49: create_tensor: loading tensor blk.1.ffn_norm.weight
49: create_tensor: loading tensor rope_freqs.weight
49: create_tensor: loading tensor blk.1.ffn_gate.weight
49: create_tensor: loading tensor blk.1.ffn_down.weight
49: create_tensor: loading tensor blk.1.ffn_up.weight
49: create_tensor: loading tensor blk.1.ffn_gate.bias
49: create_tensor: loading tensor blk.1.ffn_down.bias
49: create_tensor: loading tensor blk.1.ffn_up.bias
49: create_tensor: loading tensor blk.0.attn_q.scale
49: create_tensor: loading tensor blk.0.attn_k.scale
49: create_tensor: loading tensor blk.0.attn_v.scale
49: create_tensor: loading tensor blk.0.attn_output.scale
49: create_tensor: loading tensor blk.0.ffn_gate.scale
49: create_tensor: loading tensor blk.0.ffn_down.scale
49: create_tensor: loading tensor blk.0.ffn_up.scale
49: create_tensor: loading tensor blk.0.attn_q.input_scale
49: create_tensor: loading tensor blk.0.attn_k.input_scale
49: create_tensor: loading tensor blk.0.attn_v.input_scale
49: create_tensor: loading tensor blk.0.attn_output.input_scale
49: create_tensor: loading tensor blk.0.ffn_gate.input_scale
49: create_tensor: loading tensor blk.0.ffn_down.input_scale
49: create_tensor: loading tensor blk.0.ffn_up.input_scale
49: create_tensor: loading tensor blk.1.attn_q.scale
49: create_tensor: loading tensor blk.1.attn_k.scale
49: create_tensor: loading tensor blk.1.attn_v.scale
49: create_tensor: loading tensor blk.1.attn_output.scale
49: create_tensor: loading tensor blk.1.ffn_gate.scale
49: create_tensor: loading tensor blk.1.ffn_down.scale
49: create_tensor: loading tensor blk.1.ffn_up.scale
49: create_tensor: loading tensor blk.1.attn_q.input_scale
49: create_tensor: loading tensor blk.1.attn_k.input_scale
49: create_tensor: loading tensor blk.1.attn_v.input_scale
49: create_tensor: loading tensor blk.1.attn_output.input_scale
49: create_tensor: loading tensor blk.1.ffn_gate.input_scale
49: create_tensor: loading tensor blk.1.ffn_down.input_scale
49: create_tensor: loading tensor blk.1.ffn_up.input_scale
49: done_getting_tensors: tensor 'token_embd.weight' (f32) (and 64 others) cannot be used with preferred buffer type CPU_REPACK, using CPU instead
49: load_tensors:   CPU_Mapped model buffer size =     0.11 MiB
49: ....................
49: llama_model_loader: loaded meta data with 156 key-value pairs and 64 tensors from (file*) (version GGUF V3 (latest))
49: llama_model_loader: Dumping metadata keys/values. Note: KV overrides do not apply in this output.
49: llama_model_loader: - kv   0:                       general.architecture str              = llama
49: llama_model_loader: - kv   1:                               general.name str              = n/a
49: llama_model_loader: - kv   2:                           llama.vocab_size u32              = 128
49: llama_model_loader: - kv   3:                       llama.context_length u32              = 256
49: llama_model_loader: - kv   4:                     llama.embedding_length u32              = 32
49: llama_model_loader: - kv   5:                          llama.block_count u32              = 2
49: llama_model_loader: - kv   6:            llama.leading_dense_block_count u32              = 0
49: llama_model_loader: - kv   7:                  llama.feed_forward_length u32              = 64
49: llama_model_loader: - kv   8:           llama.expert_feed_forward_length u32              = 0
49: llama_model_loader: - kv   9:                 llama.expert_latent_length u32              = 0
49: llama_model_loader: - kv  10:    llama.expert_shared_feed_forward_length u32              = 0
49: llama_model_loader: - kv  11:     llama.expert_chunk_feed_forward_length u32              = 0
49: llama_model_loader: - kv  12:                     llama.swiglu_clamp_exp arr[f32,2]       = [0.000000, 0.000000]
49: llama_model_loader: - kv  13:                   llama.swiglu_clamp_shexp arr[f32,2]       = [0.000000, 0.000000]
49: llama_model_loader: - kv  14:                llama.use_parallel_residual bool             = false
49: llama_model_loader: - kv  15:                         llama.expert_count u32              = 0
49: llama_model_loader: - kv  16:                    llama.expert_used_count u32              = 0
49: llama_model_loader: - kv  17:                  llama.expert_shared_count u32              = 0
49: llama_model_loader: - kv  18:                   llama.expert_group_count u32              = 0
49: llama_model_loader: - kv  19:              llama.expert_group_used_count u32              = 0
49: llama_model_loader: - kv  20:                 llama.expert_weights_scale f32              = 0.000000
49: llama_model_loader: - kv  21:                  llama.expert_weights_norm bool             = false
49: llama_model_loader: - kv  22:                   llama.expert_gating_func u32              = 0
49: llama_model_loader: - kv  23:                   llama.expert_group_scale f32              = 0.050000
49: llama_model_loader: - kv  24:                    llama.experts_per_group u32              = 0
49: llama_model_loader: - kv  25:                   llama.moe_every_n_layers u32              = 0
49: llama_model_loader: - kv  26:                 llama.nextn_predict_layers u32              = 0
49: llama_model_loader: - kv  27:                   llama.n_deepstack_layers u32              = 0
49: llama_model_loader: - kv  28:                    llama.deepstack_mapping arr[i32,512]     = [-1, -1, -1, -1, -1, -1, -1, -1, -1, ...
49: llama_model_loader: - kv  29:                         llama.pooling_type u32              = 4294967295
49: llama_model_loader: - kv  30:                          llama.logit_scale f32              = 0.000000
49: llama_model_loader: - kv  31:               llama.decoder_start_token_id i32              = -1
49: llama_model_loader: - kv  32:                  llama.decoder_block_count u32              = 0
49: llama_model_loader: - kv  33:               llama.attn_logit_softcapping f32              = 50.000000
49: llama_model_loader: - kv  34:             llama.router_logit_softcapping f32              = 30.000000
49: llama_model_loader: - kv  35:              llama.final_logit_softcapping f32              = 30.000000
49: llama_model_loader: - kv  36:                            llama.swin_norm bool             = false
49: llama_model_loader: - kv  37:               llama.rescale_every_n_layers u32              = 0
49: llama_model_loader: - kv  38:                   llama.time_mix_extra_dim u32              = 0
49: llama_model_loader: - kv  39:                 llama.time_decay_extra_dim u32              = 0
49: llama_model_loader: - kv  40:                       llama.residual_scale f32              = 0.000000
49: llama_model_loader: - kv  41:                      llama.embedding_scale f32              = 0.000000
49: llama_model_loader: - kv  42:                    llama.token_shift_count u32              = 2
49: llama_model_loader: - kv  43:            llama.interleave_moe_layer_step u32              = 0
49: llama_model_loader: - kv  44:                 llama.attention.head_count u32              = 1
49: llama_model_loader: - kv  45:              llama.attention.head_count_kv u32              = 1
49: llama_model_loader: - kv  46:             llama.attention.max_alibi_bias f32              = 0.000000
49: llama_model_loader: - kv  47:                  llama.attention.clamp_kqv f32              = 0.000000
49: llama_model_loader: - kv  48:                 llama.attention.key_length u32              = 32
49: llama_model_loader: - kv  49:               llama.attention.value_length u32              = 32
49: llama_model_loader: - kv  50:         llama.attention.layer_norm_epsilon f32              = 0.000000
49: llama_model_loader: - kv  51:     llama.attention.layer_norm_rms_epsilon f32              = 0.000010
49: llama_model_loader: - kv  52:         llama.attention.group_norm_epsilon f32              = 0.000000
49: llama_model_loader: - kv  53:          llama.attention.group_norm_groups u32              = 0
49: llama_model_loader: - kv  54:                     llama.attention.causal bool             = true
49: llama_model_loader: - kv  55:                llama.attention.q_lora_rank u32              = 0
49: llama_model_loader: - kv  56:               llama.attention.kv_lora_rank u32              = 0
49: llama_model_loader: - kv  57:            llama.attention.decay_lora_rank u32              = 0
49: llama_model_loader: - kv  58:             llama.attention.iclr_lora_rank u32              = 0
49: llama_model_loader: - kv  59: llama.attention.value_residual_mix_lora_rank u32              = 0
49: llama_model_loader: - kv  60:             llama.attention.gate_lora_rank u32              = 0
49: llama_model_loader: - kv  61:     llama.attention.relative_buckets_count u32              = 0
49: llama_model_loader: - kv  62:               llama.attention.rope_pattern u32              = 1
49: llama_model_loader: - kv  63:             llama.attention.sliding_window u32              = 0
49: llama_model_loader: - kv  64:                      llama.attention.scale f32              = 0.000000
49: llama_model_loader: - kv  65:               llama.attention.output_scale f32              = 0.000000
49: llama_model_loader: - kv  66:                llama.attention.value_scale f32              = 0.000000
49: llama_model_loader: - kv  67:         llama.attention.temperature_length u32              = 0
49: llama_model_loader: - kv  68:          llama.attention.temperature_scale f32              = 0.000000
49: llama_model_loader: - kv  69:             llama.attention.key_length_mla u32              = 0
49: llama_model_loader: - kv  70:           llama.attention.value_length_mla u32              = 0
49: llama_model_loader: - kv  71:             llama.attention.key_length_swa u32              = 32
49: llama_model_loader: - kv  72:           llama.attention.value_length_swa u32              = 32
49: llama_model_loader: - kv  73:         llama.attention.indexer.head_count u32              = 0
49: llama_model_loader: - kv  74:         llama.attention.indexer.key_length u32              = 0
49: llama_model_loader: - kv  75:              llama.attention.indexer.top_k u32              = 0
49: llama_model_loader: - kv  76:         llama.attention.indexer.block_size u32              = 0
49: llama_model_loader: - kv  77:       llama.attention.indexer.local_blocks u32              = 0
49: llama_model_loader: - kv  78:              llama.attention.indexer.types u32              = 0
49: llama_model_loader: - kv  79:           llama.attention.recurrent_layers u32              = 0
49: llama_model_loader: - kv  80:         llama.attention.output_group_count u32              = 0
49: llama_model_loader: - kv  81:           llama.attention.output_lora_rank u32              = 0
49: llama_model_loader: - kv  82:    llama.attention.compress_rope_freq_base f32              = 0.000000
49: llama_model_loader: - kv  83:            llama.attention.compress_ratios u32              = 0
49: llama_model_loader: - kv  84:               llama.hyper_connection.count u32              = 0
49: llama_model_loader: - kv  85: llama.hyper_connection.sinkhorn_iterations u32              = 0
49: llama_model_loader: - kv  86:             llama.hyper_connection.epsilon f32              = 0.000000
49: llama_model_loader: - kv  87:           llama.hyper_connection.magnitude f32              = 0.000000
49: llama_model_loader: - kv  88:                     llama.hash_layer_count u32              = 0
49: llama_model_loader: - kv  89:            llama.hyper_connection.low_rank u32              = 0
49: llama_model_loader: - kv  90:                 llama.rope.dimension_count u32              = 32
49: llama_model_loader: - kv  91:             llama.rope.dimension_count_swa u32              = 32
49: llama_model_loader: - kv  92:              llama.rope.dimension_sections arr[i32,4]       = [0, 0, 0, 0]
49: llama_model_loader: - kv  93:                       llama.rope.freq_base f32              = 10000.000000
49: llama_model_loader: - kv  94:                   llama.rope.freq_base_swa f32              = 10000.000000
49: llama_model_loader: - kv  95:                    llama.rope.scaling.type str              = linear
49: llama_model_loader: - kv  96:                  llama.rope.scaling.factor f32              = 0.000000
49: llama_model_loader: - kv  97:             llama.rope.scaling.attn_factor f32              = 1.000000
49: llama_model_loader: - kv  98: llama.rope.scaling.original_context_length u32              = 256
49: llama_model_loader: - kv  99:               llama.rope.scaling.finetuned bool             = false
49: llama_model_loader: - kv 100:     llama.rope.scaling.yarn_log_multiplier f32              = 0.000000
49: llama_model_loader: - kv 101:         llama.rope.scaling.yarn_ext_factor f32              = -1.000000
49: llama_model_loader: - kv 102:        llama.rope.scaling.yarn_attn_factor f32              = 1.000000
49: llama_model_loader: - kv 103:          llama.rope.scaling.yarn_beta_fast f32              = 32.000000
49: llama_model_loader: - kv 104:          llama.rope.scaling.yarn_beta_slow f32              = 1.000000
49: llama_model_loader: - kv 105:                       llama.ssm.inner_size u32              = 0
49: llama_model_loader: - kv 106:                      llama.ssm.conv_kernel u32              = 0
49: llama_model_loader: - kv 107:                       llama.ssm.state_size u32              = 0
49: llama_model_loader: - kv 108:                   llama.ssm.time_step_rank u32              = 0
49: llama_model_loader: - kv 109:                      llama.ssm.group_count u32              = 0
49: llama_model_loader: - kv 110:                       llama.ssm.dt_b_c_rms bool             = false
49: llama_model_loader: - kv 111:                         llama.kda.head_dim u32              = 0
49: llama_model_loader: - kv 112:                        llama.kda.safe_gate bool             = false
49: llama_model_loader: - kv 113:                 llama.kda.gate_lower_bound f32              = -inf
49: llama_model_loader: - kv 114:                        llama.wkv.head_size u32              = 0
49: llama_model_loader: - kv 115:                       tokenizer.ggml.model str              = no_vocab
49: llama_model_loader: - kv 116:                      tokenizer.ggml.tokens arr[str,128]     = ["", "", "", "", "", "", "", "", "", ...
49: llama_model_loader: - kv 117:                  tokenizer.ggml.token_type arr[i32,128]     = [0, 0, 0, 0, 0, 0, 0, 0, 0, 0, 0, 0, ...
49: llama_model_loader: - kv 118:            tokenizer.ggml.token_type_count u32              = 0
49: llama_model_loader: - kv 119:                      tokenizer.ggml.scores arr[f32,128]     = [0.000000, 0.000000, 0.000000, 0.0000...
49: llama_model_loader: - kv 120:                      tokenizer.ggml.merges arr[str,0]       = []
49: llama_model_loader: - kv 121:                tokenizer.ggml.bos_token_id u32              = 4294967295
49: llama_model_loader: - kv 122:                tokenizer.ggml.eos_token_id u32              = 4294967295
49: llama_model_loader: - kv 123:                tokenizer.ggml.eot_token_id u32              = 4294967295
49: llama_model_loader: - kv 124:                tokenizer.ggml.eom_token_id u32              = 4294967295
49: llama_model_loader: - kv 125:            tokenizer.ggml.unknown_token_id u32              = 4294967295
49: llama_model_loader: - kv 126:          tokenizer.ggml.seperator_token_id u32              = 4294967295
49: llama_model_loader: - kv 127:            tokenizer.ggml.padding_token_id u32              = 4294967295
49: llama_model_loader: - kv 128:               tokenizer.ggml.add_bos_token bool             = false
49: llama_model_loader: - kv 129:               tokenizer.ggml.add_eos_token bool             = false
49: llama_model_loader: - kv 130:               tokenizer.ggml.add_sep_token bool             = false
49: llama_model_loader: - kv 131:            tokenizer.ggml.add_space_prefix bool             = false
49: llama_model_loader: - kv 132:    tokenizer.ggml.remove_extra_whitespaces bool             = false
49: llama_model_loader: - kv 133:            tokenizer.ggml.fim_pre_token_id u32              = 4294967295
49: llama_model_loader: - kv 134:            tokenizer.ggml.fim_suf_token_id u32              = 4294967295
49: llama_model_loader: - kv 135:            tokenizer.ggml.fim_mid_token_id u32              = 4294967295
49: llama_model_loader: - kv 136:            tokenizer.ggml.fim_pad_token_id u32              = 4294967295
49: llama_model_loader: - kv 137:            tokenizer.ggml.fim_rep_token_id u32              = 4294967295
49: llama_model_loader: - kv 138:            tokenizer.ggml.fim_sep_token_id u32              = 4294967295
49: llama_model_loader: - kv 139:              llama.posnet.embedding_length u32              = 0
49: llama_model_loader: - kv 140:                   llama.posnet.block_count u32              = 0
49: llama_model_loader: - kv 141:            llama.convnext.embedding_length u32              = 0
49: llama_model_loader: - kv 142:                 llama.convnext.block_count u32              = 0
49: llama_model_loader: - kv 143:             llama.classifier.output_labels arr[str,0]       = []
49: llama_model_loader: - kv 144:                    llama.shortconv.l_cache u32              = 0
49: llama_model_loader: - kv 145:                              xielu.alpha_n arr[f32,512]     = [0.000000, 0.000000, 0.000000, 0.0000...
49: llama_model_loader: - kv 146:                              xielu.alpha_p arr[f32,512]     = [0.000000, 0.000000, 0.000000, 0.0000...
49: llama_model_loader: - kv 147:                                 xielu.beta arr[f32,512]     = [0.000000, 0.000000, 0.000000, 0.0000...
49: llama_model_loader: - kv 148:                                  xielu.eps arr[f32,512]     = [0.000000, 0.000000, 0.000000, 0.0000...
49: llama_model_loader: - kv 149:                  llama.attn_res.block_size u32              = 0
49: llama_model_loader: - kv 150:                 llama.activation.situ_beta f32              = 1.000000
49: llama_model_loader: - kv 151:          llama.activation.situ_linear_beta f32              = 0.000000
49: llama_model_loader: - kv 152:                      llama.dense_2_feat_in u32              = 0
49: llama_model_loader: - kv 153:                     llama.dense_2_feat_out u32              = 0
49: llama_model_loader: - kv 154:                      llama.dense_3_feat_in u32              = 0
49: llama_model_loader: - kv 155:                     llama.dense_3_feat_out u32              = 0
49: llama_model_loader: - type  f32:   64 tensors
49: print_info: file format = GGUF V3 (latest)
49: print_info: file type   = (guessed) all F32
49: print_info: file size   = 0.11 MiB (32.00 BPW) 
49: validate_override: Using metadata override (  str) 'general.name' = override-test
49: load: adding 128 dummy tokens
49: print_info: arch                  = llama
49: print_info: vocab_only            = 0
49: print_info: no_alloc              = 0
49: print_info: n_ctx_train           = 256
49: print_info: n_embd_inp            = 32
49: print_info: n_embd                = 32
49: print_info: n_embd_out            = 32
49: print_info: n_layer               = 2
49: print_info: n_layer_all           = 2
49: print_info: n_head                = 1
49: print_info: n_head_kv             = 1
49: print_info: n_rot                 = 32
49: print_info: n_swa                 = 0
49: print_info: is_swa_any            = 0
49: print_info: non_causal_type       = 0
49: print_info: n_embd_head_k         = 32
49: print_info: n_embd_head_v         = 32
49: print_info: n_gqa                 = 1
49: print_info: n_embd_k_gqa          = 32
49: print_info: n_embd_v_gqa          = 32
49: print_info: f_norm_eps            = 0.0e+00
49: print_info: f_norm_rms_eps        = 1.0e-05
49: print_info: f_clamp_kqv           = 0.0e+00
49: print_info: f_max_alibi_bias      = 0.0e+00
49: print_info: f_logit_scale         = 0.0e+00
49: print_info: f_attn_scale          = 0.0e+00
49: print_info: f_attn_value_scale    = 0.0000
49: print_info: n_ff                  = 64
49: print_info: n_expert              = 0
49: print_info: n_expert_used         = 0
49: print_info: n_expert_groups       = 0
49: print_info: n_group_used          = 0
49: print_info: causal attn           = 1
49: print_info: pooling type          = -1
49: print_info: rope type             = 0
49: print_info: rope scaling          = linear
49: print_info: freq_base_train       = 10000.0
49: print_info: freq_scale_train      = 1
49: print_info: n_ctx_orig_yarn       = 256
49: print_info: rope_yarn_log_mul     = 0.0000
49: print_info: rope_finetuned        = unknown
49: print_info: model type            = ?B
49: print_info: model params          = 29.45 K
49: print_info: general.name          = override-test
49: print_info: vocab type            = no vocab
49: print_info: n_vocab               = 128
49: print_info: n_merges              = 0
49: print_info: max token length      = 0
49: load_tensors: loading model tensors, this can take a while... (load_mode = mmap)
49: load_tensors: layer   0 assigned to device CPU, is_swa = 0
49: load_tensors: layer   1 assigned to device CPU, is_swa = 0
49: load_tensors: layer   2 assigned to device CPU, is_swa = 0
49: create_tensor: loading tensor token_embd.weight
49: create_tensor: loading tensor output_norm.weight
49: create_tensor: loading tensor output.weight
49: create_tensor: loading tensor blk.0.attn_norm.weight
49: create_tensor: loading tensor blk.0.attn_qkv.weight
49: create_tensor: loading tensor blk.0.attn_q.weight
49: create_tensor: loading tensor blk.0.attn_k.weight
49: create_tensor: loading tensor blk.0.attn_v.weight
49: create_tensor: loading tensor blk.0.attn_q.bias
49: create_tensor: loading tensor blk.0.attn_k.bias
49: create_tensor: loading tensor blk.0.attn_v.bias
49: create_tensor: loading tensor blk.0.attn_output.weight
49: create_tensor: loading tensor blk.0.attn_output.bias
49: create_tensor: loading tensor blk.0.ffn_norm.weight
49: create_tensor: loading tensor rope_freqs.weight
49: create_tensor: loading tensor blk.0.ffn_gate.weight
49: create_tensor: loading tensor blk.0.ffn_down.weight
49: create_tensor: loading tensor blk.0.ffn_up.weight
49: create_tensor: loading tensor blk.0.ffn_gate.bias
49: create_tensor: loading tensor blk.0.ffn_down.bias
49: create_tensor: loading tensor blk.0.ffn_up.bias
49: create_tensor: loading tensor blk.1.attn_norm.weight
49: create_tensor: loading tensor blk.1.attn_qkv.weight
49: create_tensor: loading tensor blk.1.attn_q.weight
49: create_tensor: loading tensor blk.1.attn_k.weight
49: create_tensor: loading tensor blk.1.attn_v.weight
49: create_tensor: loading tensor blk.1.attn_q.bias
49: create_tensor: loading tensor blk.1.attn_k.bias
49: create_tensor: loading tensor blk.1.attn_v.bias
49: create_tensor: loading tensor blk.1.attn_output.weight
49: create_tensor: loading tensor blk.1.attn_output.bias
49: create_tensor: loading tensor blk.1.ffn_norm.weight
49: create_tensor: loading tensor rope_freqs.weight
49: create_tensor: loading tensor blk.1.ffn_gate.weight
49: create_tensor: loading tensor blk.1.ffn_down.weight
49: create_tensor: loading tensor blk.1.ffn_up.weight
49: create_tensor: loading tensor blk.1.ffn_gate.bias
49: create_tensor: loading tensor blk.1.ffn_down.bias
49: create_tensor: loading tensor blk.1.ffn_up.bias
49: create_tensor: loading tensor blk.0.attn_q.scale
49: create_tensor: loading tensor blk.0.attn_k.scale
49: create_tensor: loading tensor blk.0.attn_v.scale
49: create_tensor: loading tensor blk.0.attn_output.scale
49: create_tensor: loading tensor blk.0.ffn_gate.scale
49: create_tensor: loading tensor blk.0.ffn_down.scale
49: create_tensor: loading tensor blk.0.ffn_up.scale
49: create_tensor: loading tensor blk.0.attn_q.input_scale
49: create_tensor: loading tensor blk.0.attn_k.input_scale
49: create_tensor: loading tensor blk.0.attn_v.input_scale
49: create_tensor: loading tensor blk.0.attn_output.input_scale
49: create_tensor: loading tensor blk.0.ffn_gate.input_scale
49: create_tensor: loading tensor blk.0.ffn_down.input_scale
49: create_tensor: loading tensor blk.0.ffn_up.input_scale
49: create_tensor: loading tensor blk.1.attn_q.scale
49: create_tensor: loading tensor blk.1.attn_k.scale
49: create_tensor: loading tensor blk.1.attn_v.scale
49: create_tensor: loading tensor blk.1.attn_output.scale
49: create_tensor: loading tensor blk.1.ffn_gate.scale
49: create_tensor: loading tensor blk.1.ffn_down.scale
49: create_tensor: loading tensor blk.1.ffn_up.scale
49: create_tensor: loading tensor blk.1.attn_q.input_scale
49: create_tensor: loading tensor blk.1.attn_k.input_scale
49: create_tensor: loading tensor blk.1.attn_v.input_scale
49: create_tensor: loading tensor blk.1.attn_output.input_scale
49: create_tensor: loading tensor blk.1.ffn_gate.input_scale
49: create_tensor: loading tensor blk.1.ffn_down.input_scale
49: create_tensor: loading tensor blk.1.ffn_up.input_scale
49: done_getting_tensors: tensor 'token_embd.weight' (f32) (and 64 others) cannot be used with preferred buffer type CPU_REPACK, using CPU instead
49: load_tensors:   CPU_Mapped model buffer size =     0.11 MiB
49: ....................
49: llama_context: constructing llama_context
49: llama_context: n_seq_max             = 1
49: llama_context: n_ctx                 = 256
49: llama_context: n_ctx_seq             = 256
49: llama_context: n_batch               = 32
49: llama_context: n_ubatch              = 32
49: llama_context: causal_attn           = 1
49: llama_context: flash_attn            = disabled
49: llama_context: kv_unified            = false
49: llama_context: freq_base             = 10000.0
49: llama_context: freq_scale            = 1
49: llama_context: n_rs_seq              = 0
49: llama_context: n_outputs_max         = 32
49: llama_context: n_outputs_max_per_seq = 1
49: set_abort_callback: call
49: llama_context:        CPU  output buffer size =     0.00 MiB
49: llama_kv_cache: layer   0: dev = CPU
49: llama_kv_cache: layer   1: dev = CPU
49: llama_kv_cache:        CPU KV buffer size =     0.06 MiB
49: llama_kv_cache: size =    0.06 MiB (   256 cells,   2 layers,  1/1 seqs), K (f16):    0.03 MiB, V (f16):    0.03 MiB
49: llama_kv_cache: attn_rot_k = 0, n_embd_head_k_all = 32
49: llama_kv_cache: attn_rot_v = 0, n_embd_head_k_all = 32
49: llama_context: enumerating backends
49: llama_context: backend_ptrs.size() = 1
49: sched_reserve: reserving ...
49: sched_reserve: max_nodes = 1024
49: sched_reserve: reserving full memory module
49: sched_reserve: worst-case: n_tokens = 32, n_seqs = 1, n_outputs = 1
49: resolve_fused_ops: resolving fused DeepSeek V4 HC support:
49: graph_reserve: reserving a graph for ubatch with n_tokens =    1, n_seqs =  1, n_outputs =    1
49: resolve_fused_ops: fused DeepSeek V4 HC pre enabled
49: graph_reserve: reserving a graph for ubatch with n_tokens =    1, n_seqs =  1, n_outputs =    1
49: resolve_fused_ops: fused DeepSeek V4 HC comb enabled
49: graph_reserve: reserving a graph for ubatch with n_tokens =    1, n_seqs =  1, n_outputs =    1
49: resolve_fused_ops: fused DeepSeek V4 HC post enabled
49: graph_reserve: reserving a graph for ubatch with n_tokens =   32, n_seqs =  1, n_outputs =   32
49: graph_reserve: reserving a graph for ubatch with n_tokens =    1, n_seqs =  1, n_outputs =    1
49: graph_reserve: reserving a graph for ubatch with n_tokens =   32, n_seqs =  1, n_outputs =   32
49: sched_reserve:        CPU compute buffer size =     0.09 MiB
49: sched_reserve: graph nodes  = 106
49: sched_reserve: graph splits = 1
49: sched_reserve: reserve took 0.76 ms, sched copies = 1
49: llama_context: constructing llama_context
49: llama_context: n_seq_max             = 1
49: llama_context: n_ctx                 = 256
49: llama_context: n_ctx_seq             = 256
49: llama_context: n_batch               = 32
49: llama_context: n_ubatch              = 32
49: llama_context: causal_attn           = 1
49: llama_context: flash_attn            = disabled
49: llama_context: kv_unified            = false
49: llama_context: freq_base             = 10000.0
49: llama_context: freq_scale            = 1
49: llama_context: n_rs_seq              = 0
49: llama_context: n_outputs_max         = 32
49: llama_context: n_outputs_max_per_seq = 1
49: set_abort_callback: call
49: llama_context:        CPU  output buffer size =     0.00 MiB
49: llama_kv_cache: layer   0: dev = CPU
49: llama_kv_cache: layer   1: dev = CPU
49: llama_kv_cache:        CPU KV buffer size =     0.06 MiB
49: llama_kv_cache: size =    0.06 MiB (   256 cells,   2 layers,  1/1 seqs), K (f16):    0.03 MiB, V (f16):    0.03 MiB
49: llama_kv_cache: attn_rot_k = 0, n_embd_head_k_all = 32
49: llama_kv_cache: attn_rot_v = 0, n_embd_head_k_all = 32
49: llama_context: enumerating backends
49: llama_context: backend_ptrs.size() = 1
49: sched_reserve: reserving ...
49: sched_reserve: max_nodes = 1024
49: sched_reserve: reserving full memory module
49: sched_reserve: worst-case: n_tokens = 32, n_seqs = 1, n_outputs = 1
49: resolve_fused_ops: resolving fused DeepSeek V4 HC support:
49: graph_reserve: reserving a graph for ubatch with n_tokens =    1, n_seqs =  1, n_outputs =    1
49: resolve_fused_ops: fused DeepSeek V4 HC pre enabled
49: graph_reserve: reserving a graph for ubatch with n_tokens =    1, n_seqs =  1, n_outputs =    1
49: resolve_fused_ops: fused DeepSeek V4 HC comb enabled
49: graph_reserve: reserving a graph for ubatch with n_tokens =    1, n_seqs =  1, n_outputs =    1
49: resolve_fused_ops: fused DeepSeek V4 HC post enabled
49: graph_reserve: reserving a graph for ubatch with n_tokens =   32, n_seqs =  1, n_outputs =   32
49: graph_reserve: reserving a graph for ubatch with n_tokens =    1, n_seqs =  1, n_outputs =    1
49: graph_reserve: reserving a graph for ubatch with n_tokens =   32, n_seqs =  1, n_outputs =   32
49: sched_reserve:        CPU compute buffer size =     0.09 MiB
49: sched_reserve: graph nodes  = 106
49: sched_reserve: graph splits = 1
49: sched_reserve: reserve took 0.77 ms, sched copies = 1
49: llama_context: constructing llama_context
49: llama_context: n_seq_max             = 1
49: llama_context: n_ctx                 = 256
49: llama_context: n_ctx_seq             = 256
49: llama_context: n_batch               = 32
49: llama_context: n_ubatch              = 32
49: llama_context: causal_attn           = 1
49: llama_context: flash_attn            = disabled
49: llama_context: kv_unified            = false
49: llama_context: freq_base             = 10000.0
49: llama_context: freq_scale            = 1
49: llama_context: n_rs_seq              = 0
49: llama_context: n_outputs_max         = 32
49: llama_context: n_outputs_max_per_seq = 1
49: set_abort_callback: call
49: llama_context:        CPU  output buffer size =     0.00 MiB
49: llama_kv_cache: layer   0: dev = CPU
49: llama_kv_cache: layer   1: dev = CPU
49: llama_kv_cache:        CPU KV buffer size =     0.06 MiB
49: llama_kv_cache: size =    0.06 MiB (   256 cells,   2 layers,  1/1 seqs), K (f16):    0.03 MiB, V (f16):    0.03 MiB
49: llama_kv_cache: attn_rot_k = 0, n_embd_head_k_all = 32
49: llama_kv_cache: attn_rot_v = 0, n_embd_head_k_all = 32
49: llama_context: enumerating backends
49: llama_context: backend_ptrs.size() = 1
49: sched_reserve: reserving ...
49: sched_reserve: max_nodes = 1024
49: sched_reserve: reserving full memory module
49: sched_reserve: worst-case: n_tokens = 32, n_seqs = 1, n_outputs = 1
49: resolve_fused_ops: resolving fused DeepSeek V4 HC support:
49: graph_reserve: reserving a graph for ubatch with n_tokens =    1, n_seqs =  1, n_outputs =    1
49: resolve_fused_ops: fused DeepSeek V4 HC pre enabled
49: graph_reserve: reserving a graph for ubatch with n_tokens =    1, n_seqs =  1, n_outputs =    1
49: resolve_fused_ops: fused DeepSeek V4 HC comb enabled
49: graph_reserve: reserving a graph for ubatch with n_tokens =    1, n_seqs =  1, n_outputs =    1
49: resolve_fused_ops: fused DeepSeek V4 HC post enabled
49: graph_reserve: reserving a graph for ubatch with n_tokens =   32, n_seqs =  1, n_outputs =   32
49: graph_reserve: reserving a graph for ubatch with n_tokens =    1, n_seqs =  1, n_outputs =    1
49: graph_reserve: reserving a graph for ubatch with n_tokens =   32, n_seqs =  1, n_outputs =   32
49: sched_reserve:        CPU compute buffer size =     0.09 MiB
49: sched_reserve: graph nodes  = 106
49: sched_reserve: graph splits = 1
49: sched_reserve: reserve took 16.70 ms, sched copies = 1
49: state_write_data: writing state
49: state_write_data: - writing model info
49: state_write_data: - writing memory module
49: state_write_data: writing state
49: state_write_data: - writing model info
49: state_write_data: - writing memory module
49: state_write_data: writing state
49: state_write_data: - writing model info
49: state_write_data: - writing memory module
49: state_write_data: writing state
49: state_write_data: - writing model info
49: state_write_data: - writing memory module
49: state_write_data: writing state
49: state_write_data: - writing model info
49: state_write_data: - writing memory module
49: state_write_data: writing state
49: state_write_data: - writing model info
49: state_write_data: - writing memory module
49: state_write_data: writing state
49: state_write_data: - writing model info
49: state_write_data: - writing memory module
49: state_write_data: writing state
49: state_write_data: - writing model info
49: state_write_data: - writing memory module
49: ~llama_context:        CPU compute buffer size is   0.0905 MiB, matches expectation of   0.0905 MiB
49: state_write_data: writing state
49: state_write_data: - writing model info
49: state_write_data: - writing memory module
49: state_write_data: writing state
49: state_write_data: - writing model info
49: state_write_data: - writing memory module
49: ~llama_context:        CPU compute buffer size is   0.0905 MiB, matches expectation of   0.0905 MiB
49: ~llama_context:        CPU compute buffer size is   0.0905 MiB, matches expectation of   0.0905 MiB
49: ~llama_context:        CPU compute buffer size is   0.0905 MiB, matches expectation of   0.0905 MiB
49: ~llama_context:        CPU compute buffer size is   0.0905 MiB, matches expectation of   0.0905 MiB
49: PASS: public API guards, consumed-source rejection, source/model destruction and exact CPU continuation against same-state copied reference
3/4 Test #49: test-context-handoff .............   Passed    0.05 sec
test 50
    Start 50: test-context-handoff-gemma

50: Test command: /var/home/agent/workspace/reports/xe-master-agentic-20260914/build-cpu/bin/test-context-handoff "--gemma"
50: Working Directory: .
50: Test timeout computed to be: 1500
50: load_backend: failed to load /var/home/agent/workspace/reports/xe-master-agentic-20260914/no-plugins: /var/home/agent/workspace/reports/xe-master-agentic-20260914/no-plugins: cannot open shared object file: No such file or directory
50: llama_model_loader: loaded meta data with 20 key-value pairs and 0 tensors from (file*) (version GGUF V3 (latest))
50: llama_model_loader: Dumping metadata keys/values. Note: KV overrides do not apply in this output.
50: llama_model_loader: - kv   0:                       general.architecture str              = gemma4
50: llama_model_loader: - kv   1:                          gemma4.vocab_size u32              = 128
50: llama_model_loader: - kv   2:                      gemma4.context_length u32              = 256
50: llama_model_loader: - kv   3:                    gemma4.embedding_length u32              = 32
50: llama_model_loader: - kv   4:                         gemma4.block_count u32              = 5
50: llama_model_loader: - kv   5:                 gemma4.feed_forward_length u32              = 64
50: llama_model_loader: - kv   6:                gemma4.attention.head_count u32              = 1
50: llama_model_loader: - kv   7:             gemma4.attention.head_count_kv u32              = 1
50: llama_model_loader: - kv   8:                gemma4.rope.dimension_count u32              = 32
50: llama_model_loader: - kv   9:    gemma4.attention.layer_norm_rms_epsilon f32              = 0.000010
50: llama_model_loader: - kv  10:                       tokenizer.ggml.model str              = no_vocab
50: llama_model_loader: - kv  11:    gemma4.embedding_length_per_layer_input u32              = 16
50: llama_model_loader: - kv  12:          gemma4.attention.shared_kv_layers u32              = 0
50: llama_model_loader: - kv  13:                gemma4.attention.key_length u32              = 32
50: llama_model_loader: - kv  14:              gemma4.attention.value_length u32              = 32
50: llama_model_loader: - kv  15:            gemma4.attention.key_length_swa u32              = 32
50: llama_model_loader: - kv  16:          gemma4.attention.value_length_swa u32              = 32
50: llama_model_loader: - kv  17:                  gemma4.rope.freq_base_swa f32              = 10000.000000
50: llama_model_loader: - kv  18:            gemma4.attention.sliding_window u32              = 64
50: llama_model_loader: - kv  19:    gemma4.attention.sliding_window_pattern arr[u32,5]       = [1, 1, 1, 1, 0]
50: print_info: file format = GGUF V3 (latest)
50: print_info: file type   = (guessed) all F32
50: print_info: file size   = 0.00 MiB (-nan BPW) 
50: load: adding 128 dummy tokens
50: print_info: arch                  = gemma4
50: print_info: vocab_only            = 0
50: print_info: no_alloc              = 0
50: print_info: n_ctx_train           = 256
50: print_info: n_embd_inp            = 32
50: print_info: n_embd                = 32
50: print_info: n_embd_out            = 32
50: print_info: n_layer               = 5
50: print_info: n_layer_all           = 5
50: print_info: n_head                = 1
50: print_info: n_head_kv             = 1
50: print_info: n_rot                 = 32
50: print_info: n_swa                 = 64
50: print_info: is_swa_any            = 1
50: print_info: non_causal_type       = 1
50: print_info: n_embd_head_k         = 32
50: print_info: n_embd_head_v         = 32
50: print_info: n_gqa                 = 1
50: print_info: n_embd_k_gqa          = 32
50: print_info: n_embd_v_gqa          = 32
50: print_info: f_norm_eps            = 0.0e+00
50: print_info: f_norm_rms_eps        = 1.0e-05
50: print_info: f_clamp_kqv           = 0.0e+00
50: print_info: f_max_alibi_bias      = 0.0e+00
50: print_info: f_logit_scale         = 0.0e+00
50: print_info: f_attn_scale          = 1.0e+00
50: print_info: f_attn_value_scale    = 0.0000
50: print_info: n_ff                  = 64
50: print_info: n_expert              = 0
50: print_info: n_expert_used         = 0
50: print_info: n_expert_groups       = 0
50: print_info: n_group_used          = 0
50: print_info: causal attn           = 1
50: print_info: pooling type          = -1
50: print_info: rope type             = 2
50: print_info: rope scaling          = linear
50: print_info: freq_base_train       = 10000.0
50: print_info: freq_scale_train      = 1
50: print_info: freq_base_swa         = 10000.0
50: print_info: freq_scale_swa        = 1
50: print_info: n_embd_head_k_swa     = 32
50: print_info: n_embd_head_v_swa     = 32
50: print_info: n_rot_swa             = 32
50: print_info: n_ctx_orig_yarn       = 256
50: print_info: rope_yarn_log_mul     = 0.0000
50: print_info: rope_finetuned        = unknown
50: print_info: model type            = ?B
50: print_info: model params          = 0.00 K
50: print_info: general.name          = n/a
50: print_info: vocab type            = no vocab
50: print_info: n_vocab               = 128
50: print_info: n_merges              = 0
50: print_info: max token length      = 0
50: load_tensors: loading model tensors, this can take a while... (load_mode = none)
50: load_tensors: layer   0 assigned to device CPU, is_swa = 1
50: load_tensors: layer   1 assigned to device CPU, is_swa = 1
50: load_tensors: layer   2 assigned to device CPU, is_swa = 1
50: load_tensors: layer   3 assigned to device CPU, is_swa = 1
50: load_tensors: layer   4 assigned to device CPU, is_swa = 0
50: load_tensors: layer   5 assigned to device CPU, is_swa = 0
50: load_tensors:          CPU model buffer size =     0.30 MiB
50: llama_context: constructing llama_context
50: llama_context: n_seq_max             = 1
50: llama_context: n_ctx                 = 512
50: llama_context: n_ctx_seq             = 512
50: llama_context: n_batch               = 32
50: llama_context: n_ubatch              = 32
50: llama_context: causal_attn           = 1
50: llama_context: flash_attn            = disabled
50: llama_context: kv_unified            = false
50: llama_context: freq_base             = 10000.0
50: llama_context: freq_scale            = 1
50: llama_context: n_rs_seq              = 0
50: llama_context: n_outputs_max         = 32
50: llama_context: n_outputs_max_per_seq = 1
50: llama_context: n_ctx_seq (512) > n_ctx_train (256) -- possible training context overflow
50: set_abort_callback: call
50: llama_context:        CPU  output buffer size =     0.00 MiB
50: llama_kv_cache_iswa: creating non-SWA KV cache, size = 512 cells
50: llama_kv_cache: layer   0: filtered
50: llama_kv_cache: layer   1: filtered
50: llama_kv_cache: layer   2: filtered
50: llama_kv_cache: layer   3: filtered
50: llama_kv_cache: layer   4: dev = CPU
50: llama_kv_cache: reusing layers:
50: llama_kv_cache: - layer   0: no reuse
50: llama_kv_cache: - layer   1: no reuse
50: llama_kv_cache: - layer   2: no reuse
50: llama_kv_cache: - layer   3: no reuse
50: llama_kv_cache: - layer   4: no reuse
50: llama_kv_cache:        CPU KV buffer size =     0.06 MiB
50: llama_kv_cache: size =    0.06 MiB (   512 cells,   1 layers,  1/1 seqs), K (f16):    0.03 MiB, V (f16):    0.03 MiB
50: llama_kv_cache: attn_rot_k = 0, n_embd_head_k_all = 32
50: llama_kv_cache: attn_rot_v = 0, n_embd_head_k_all = 32
50: llama_kv_cache_iswa: creating     SWA KV cache, size = 256 cells
50: llama_kv_cache: layer   0: dev = CPU
50: llama_kv_cache: layer   1: dev = CPU
50: llama_kv_cache: layer   2: dev = CPU
50: llama_kv_cache: layer   3: dev = CPU
50: llama_kv_cache: layer   4: filtered
50: llama_kv_cache: reusing layers:
50: llama_kv_cache: - layer   0: no reuse
50: llama_kv_cache: - layer   1: no reuse
50: llama_kv_cache: - layer   2: no reuse
50: llama_kv_cache: - layer   3: no reuse
50: llama_kv_cache: - layer   4: no reuse
50: llama_kv_cache:        CPU KV buffer size =     0.12 MiB
50: llama_kv_cache: size =    0.12 MiB (   256 cells,   4 layers,  1/1 seqs), K (f16):    0.06 MiB, V (f16):    0.06 MiB
50: llama_kv_cache: attn_rot_k = 0, n_embd_head_k_all = 32
50: llama_kv_cache: attn_rot_v = 0, n_embd_head_k_all = 32
50: llama_context: enumerating backends
50: llama_context: backend_ptrs.size() = 1
50: sched_reserve: reserving ...
50: sched_reserve: max_nodes = 1296
50: sched_reserve: reserving full memory module
50: sched_reserve: worst-case: n_tokens = 32, n_seqs = 1, n_outputs = 1
50: resolve_fused_ops: resolving fused DeepSeek V4 HC support:
50: graph_reserve: reserving a graph for ubatch with n_tokens =    1, n_seqs =  1, n_outputs =    1
50: resolve_fused_ops: fused DeepSeek V4 HC pre enabled
50: graph_reserve: reserving a graph for ubatch with n_tokens =    1, n_seqs =  1, n_outputs =    1
50: resolve_fused_ops: fused DeepSeek V4 HC comb enabled
50: graph_reserve: reserving a graph for ubatch with n_tokens =    1, n_seqs =  1, n_outputs =    1
50: resolve_fused_ops: fused DeepSeek V4 HC post enabled
50: graph_reserve: reserving a graph for ubatch with n_tokens =   32, n_seqs =  1, n_outputs =   32
50: graph_reserve: reserving a graph for ubatch with n_tokens =    1, n_seqs =  1, n_outputs =    1
50: graph_reserve: reserving a graph for ubatch with n_tokens =   32, n_seqs =  1, n_outputs =   32
50: sched_reserve:        CPU compute buffer size =     0.20 MiB
50: sched_reserve: graph nodes  = 326
50: sched_reserve: graph splits = 1
50: sched_reserve: reserve took 1.17 ms, sched copies = 1
50: llama_context: constructing llama_context
50: llama_context: n_seq_max             = 1
50: llama_context: n_ctx                 = 512
50: llama_context: n_ctx_seq             = 512
50: llama_context: n_batch               = 32
50: llama_context: n_ubatch              = 32
50: llama_context: causal_attn           = 1
50: llama_context: flash_attn            = disabled
50: llama_context: kv_unified            = false
50: llama_context: freq_base             = 10000.0
50: llama_context: freq_scale            = 1
50: llama_context: n_rs_seq              = 0
50: llama_context: n_outputs_max         = 32
50: llama_context: n_outputs_max_per_seq = 1
50: llama_context: n_ctx_seq (512) > n_ctx_train (256) -- possible training context overflow
50: set_abort_callback: call
50: llama_context:        CPU  output buffer size =     0.00 MiB
50: llama_kv_cache_iswa: creating non-SWA KV cache, size = 512 cells
50: llama_kv_cache: layer   0: filtered
50: llama_kv_cache: layer   1: filtered
50: llama_kv_cache: layer   2: filtered
50: llama_kv_cache: layer   3: filtered
50: llama_kv_cache: layer   4: dev = CPU
50: llama_kv_cache: reusing layers:
50: llama_kv_cache: - layer   0: no reuse
50: llama_kv_cache: - layer   1: no reuse
50: llama_kv_cache: - layer   2: no reuse
50: llama_kv_cache: - layer   3: no reuse
50: llama_kv_cache: - layer   4: no reuse
50: llama_kv_cache:        CPU KV buffer size =     0.06 MiB
50: llama_kv_cache: size =    0.06 MiB (   512 cells,   1 layers,  1/1 seqs), K (f16):    0.03 MiB, V (f16):    0.03 MiB
50: llama_kv_cache: attn_rot_k = 0, n_embd_head_k_all = 32
50: llama_kv_cache: attn_rot_v = 0, n_embd_head_k_all = 32
50: llama_kv_cache_iswa: creating     SWA KV cache, size = 256 cells
50: llama_kv_cache: layer   0: dev = CPU
50: llama_kv_cache: layer   1: dev = CPU
50: llama_kv_cache: layer   2: dev = CPU
50: llama_kv_cache: layer   3: dev = CPU
50: llama_kv_cache: layer   4: filtered
50: llama_kv_cache: reusing layers:
50: llama_kv_cache: - layer   0: no reuse
50: llama_kv_cache: - layer   1: no reuse
50: llama_kv_cache: - layer   2: no reuse
50: llama_kv_cache: - layer   3: no reuse
50: llama_kv_cache: - layer   4: no reuse
50: llama_kv_cache:        CPU KV buffer size =     0.12 MiB
50: llama_kv_cache: size =    0.12 MiB (   256 cells,   4 layers,  1/1 seqs), K (f16):    0.06 MiB, V (f16):    0.06 MiB
50: llama_kv_cache: attn_rot_k = 0, n_embd_head_k_all = 32
50: llama_kv_cache: attn_rot_v = 0, n_embd_head_k_all = 32
50: llama_context: enumerating backends
50: llama_context: backend_ptrs.size() = 1
50: sched_reserve: reserving ...
50: sched_reserve: max_nodes = 1296
50: sched_reserve: reserving full memory module
50: sched_reserve: worst-case: n_tokens = 32, n_seqs = 1, n_outputs = 1
50: resolve_fused_ops: resolving fused DeepSeek V4 HC support:
50: graph_reserve: reserving a graph for ubatch with n_tokens =    1, n_seqs =  1, n_outputs =    1
50: resolve_fused_ops: fused DeepSeek V4 HC pre enabled
50: graph_reserve: reserving a graph for ubatch with n_tokens =    1, n_seqs =  1, n_outputs =    1
50: resolve_fused_ops: fused DeepSeek V4 HC comb enabled
50: graph_reserve: reserving a graph for ubatch with n_tokens =    1, n_seqs =  1, n_outputs =    1
50: resolve_fused_ops: fused DeepSeek V4 HC post enabled
50: graph_reserve: reserving a graph for ubatch with n_tokens =   32, n_seqs =  1, n_outputs =   32
50: graph_reserve: reserving a graph for ubatch with n_tokens =    1, n_seqs =  1, n_outputs =    1
50: graph_reserve: reserving a graph for ubatch with n_tokens =   32, n_seqs =  1, n_outputs =   32
50: sched_reserve:        CPU compute buffer size =     0.20 MiB
50: sched_reserve: graph nodes  = 326
50: sched_reserve: graph splits = 1
50: sched_reserve: reserve took 1.02 ms, sched copies = 1
50: llama_context: constructing llama_context
50: llama_context: n_seq_max             = 1
50: llama_context: n_ctx                 = 512
50: llama_context: n_ctx_seq             = 512
50: llama_context: n_batch               = 32
50: llama_context: n_ubatch              = 32
50: llama_context: causal_attn           = 1
50: llama_context: flash_attn            = disabled
50: llama_context: kv_unified            = false
50: llama_context: freq_base             = 10000.0
50: llama_context: freq_scale            = 1
50: llama_context: n_rs_seq              = 0
50: llama_context: n_outputs_max         = 32
50: llama_context: n_outputs_max_per_seq = 1
50: llama_context: n_ctx_seq (512) > n_ctx_train (256) -- possible training context overflow
50: set_abort_callback: call
50: llama_context:        CPU  output buffer size =     0.00 MiB
50: llama_kv_cache_iswa: creating non-SWA KV cache, size = 512 cells
50: llama_kv_cache: layer   0: filtered
50: llama_kv_cache: layer   1: filtered
50: llama_kv_cache: layer   2: filtered
50: llama_kv_cache: layer   3: filtered
50: llama_kv_cache: layer   4: dev = CPU
50: llama_kv_cache: reusing layers:
50: llama_kv_cache: - layer   0: no reuse
50: llama_kv_cache: - layer   1: no reuse
50: llama_kv_cache: - layer   2: no reuse
50: llama_kv_cache: - layer   3: no reuse
50: llama_kv_cache: - layer   4: no reuse
50: llama_kv_cache:        CPU KV buffer size =     0.06 MiB
50: llama_kv_cache: size =    0.06 MiB (   512 cells,   1 layers,  1/1 seqs), K (f16):    0.03 MiB, V (f16):    0.03 MiB
50: llama_kv_cache: attn_rot_k = 0, n_embd_head_k_all = 32
50: llama_kv_cache: attn_rot_v = 0, n_embd_head_k_all = 32
50: llama_kv_cache_iswa: creating     SWA KV cache, size = 256 cells
50: llama_kv_cache: layer   0: dev = CPU
50: llama_kv_cache: layer   1: dev = CPU
50: llama_kv_cache: layer   2: dev = CPU
50: llama_kv_cache: layer   3: dev = CPU
50: llama_kv_cache: layer   4: filtered
50: llama_kv_cache: reusing layers:
50: llama_kv_cache: - layer   0: no reuse
50: llama_kv_cache: - layer   1: no reuse
50: llama_kv_cache: - layer   2: no reuse
50: llama_kv_cache: - layer   3: no reuse
50: llama_kv_cache: - layer   4: no reuse
50: llama_kv_cache:        CPU KV buffer size =     0.12 MiB
50: llama_kv_cache: size =    0.12 MiB (   256 cells,   4 layers,  1/1 seqs), K (f16):    0.06 MiB, V (f16):    0.06 MiB
50: llama_kv_cache: attn_rot_k = 0, n_embd_head_k_all = 32
50: llama_kv_cache: attn_rot_v = 0, n_embd_head_k_all = 32
50: llama_context: enumerating backends
50: llama_context: backend_ptrs.size() = 1
50: sched_reserve: reserving ...
50: sched_reserve: max_nodes = 1296
50: sched_reserve: reserving full memory module
50: sched_reserve: worst-case: n_tokens = 32, n_seqs = 1, n_outputs = 1
50: resolve_fused_ops: resolving fused DeepSeek V4 HC support:
50: graph_reserve: reserving a graph for ubatch with n_tokens =    1, n_seqs =  1, n_outputs =    1
50: resolve_fused_ops: fused DeepSeek V4 HC pre enabled
50: graph_reserve: reserving a graph for ubatch with n_tokens =    1, n_seqs =  1, n_outputs =    1
50: resolve_fused_ops: fused DeepSeek V4 HC comb enabled
50: graph_reserve: reserving a graph for ubatch with n_tokens =    1, n_seqs =  1, n_outputs =    1
50: resolve_fused_ops: fused DeepSeek V4 HC post enabled
50: graph_reserve: reserving a graph for ubatch with n_tokens =   32, n_seqs =  1, n_outputs =   32
50: graph_reserve: reserving a graph for ubatch with n_tokens =    1, n_seqs =  1, n_outputs =    1
50: graph_reserve: reserving a graph for ubatch with n_tokens =   32, n_seqs =  1, n_outputs =   32
50: sched_reserve:        CPU compute buffer size =     0.20 MiB
50: sched_reserve: graph nodes  = 326
50: sched_reserve: graph splits = 1
50: sched_reserve: reserve took 0.99 ms, sched copies = 1
50: state_write_data: writing state
50: state_write_data: - writing model info
50: state_write_data: - writing memory module
50: state_write_data: writing state
50: state_write_data: - writing model info
50: state_write_data: - writing memory module
50: state_write_data: writing state
50: state_write_data: - writing model info
50: state_write_data: - writing memory module
50: state_write_data: writing state
50: state_write_data: - writing model info
50: state_write_data: - writing memory module
50: state_write_data: writing state
50: state_write_data: - writing model info
50: state_write_data: - writing memory module
50: state_write_data: writing state
50: state_write_data: - writing model info
50: state_write_data: - writing memory module
50: state_write_data: writing state
50: state_write_data: - writing model info
50: state_write_data: - writing memory module
50: state_write_data: writing state
50: state_write_data: - writing model info
50: state_write_data: - writing memory module
50: llama_context: constructing llama_context
50: llama_context: n_seq_max             = 1
50: llama_context: n_ctx                 = 512
50: llama_context: n_ctx_seq             = 512
50: llama_context: n_batch               = 32
50: llama_context: n_ubatch              = 32
50: llama_context: causal_attn           = 1
50: llama_context: flash_attn            = disabled
50: llama_context: kv_unified            = false
50: llama_context: freq_base             = 10000.0
50: llama_context: freq_scale            = 1
50: llama_context: n_rs_seq              = 0
50: llama_context: n_outputs_max         = 32
50: llama_context: n_outputs_max_per_seq = 1
50: llama_context: n_ctx_seq (512) > n_ctx_train (256) -- possible training context overflow
50: set_abort_callback: call
50: llama_context:        CPU  output buffer size =     0.00 MiB
50: llama_kv_cache_iswa: creating non-SWA KV cache, size = 512 cells
50: llama_kv_cache: layer   0: filtered
50: llama_kv_cache: layer   1: filtered
50: llama_kv_cache: layer   2: filtered
50: llama_kv_cache: layer   3: filtered
50: llama_kv_cache: layer   4: dev = CPU
50: llama_kv_cache: reusing layers:
50: llama_kv_cache: - layer   0: no reuse
50: llama_kv_cache: - layer   1: no reuse
50: llama_kv_cache: - layer   2: no reuse
50: llama_kv_cache: - layer   3: no reuse
50: llama_kv_cache: - layer   4: no reuse
50: llama_kv_cache:        CPU KV buffer size =     0.06 MiB
50: llama_kv_cache: size =    0.06 MiB (   512 cells,   1 layers,  1/1 seqs), K (f16):    0.03 MiB, V (f16):    0.03 MiB
50: llama_kv_cache: attn_rot_k = 0, n_embd_head_k_all = 32
50: llama_kv_cache: attn_rot_v = 0, n_embd_head_k_all = 32
50: llama_kv_cache_iswa: creating     SWA KV cache, size = 256 cells
50: llama_kv_cache: layer   0: dev = CPU
50: llama_kv_cache: layer   1: dev = CPU
50: llama_kv_cache: layer   2: dev = CPU
50: llama_kv_cache: layer   3: dev = CPU
50: llama_kv_cache: layer   4: filtered
50: llama_kv_cache: reusing layers:
50: llama_kv_cache: - layer   0: no reuse
50: llama_kv_cache: - layer   1: no reuse
50: llama_kv_cache: - layer   2: no reuse
50: llama_kv_cache: - layer   3: no reuse
50: llama_kv_cache: - layer   4: no reuse
50: llama_kv_cache:        CPU KV buffer size =     0.12 MiB
50: llama_kv_cache: size =    0.12 MiB (   256 cells,   4 layers,  1/1 seqs), K (f16):    0.06 MiB, V (f16):    0.06 MiB
50: llama_kv_cache: attn_rot_k = 0, n_embd_head_k_all = 32
50: llama_kv_cache: attn_rot_v = 0, n_embd_head_k_all = 32
50: llama_context: enumerating backends
50: llama_context: backend_ptrs.size() = 1
50: sched_reserve: reserving ...
50: sched_reserve: max_nodes = 1296
50: sched_reserve: reserving full memory module
50: sched_reserve: worst-case: n_tokens = 32, n_seqs = 1, n_outputs = 1
50: resolve_fused_ops: resolving fused DeepSeek V4 HC support:
50: graph_reserve: reserving a graph for ubatch with n_tokens =    1, n_seqs =  1, n_outputs =    1
50: resolve_fused_ops: fused DeepSeek V4 HC pre enabled
50: graph_reserve: reserving a graph for ubatch with n_tokens =    1, n_seqs =  1, n_outputs =    1
50: resolve_fused_ops: fused DeepSeek V4 HC comb enabled
50: graph_reserve: reserving a graph for ubatch with n_tokens =    1, n_seqs =  1, n_outputs =    1
50: resolve_fused_ops: fused DeepSeek V4 HC post enabled
50: graph_reserve: reserving a graph for ubatch with n_tokens =   32, n_seqs =  1, n_outputs =   32
50: graph_reserve: reserving a graph for ubatch with n_tokens =    1, n_seqs =  1, n_outputs =    1
50: graph_reserve: reserving a graph for ubatch with n_tokens =   32, n_seqs =  1, n_outputs =   32
50: sched_reserve:        CPU compute buffer size =     0.20 MiB
50: sched_reserve: graph nodes  = 326
50: sched_reserve: graph splits = 1
50: sched_reserve: reserve took 2.02 ms, sched copies = 1
50: state_write_data: writing state
50: state_write_data: - writing model info
50: state_write_data: - writing memory module
50: state_write_data: writing state
50: state_write_data: - writing model info
50: state_write_data: - writing memory module
50: ~llama_context:        CPU compute buffer size is   0.1963 MiB, matches expectation of   0.1963 MiB
50: set_abort_callback: call
50: state_write_data: writing state
50: state_write_data: - writing model info
50: state_write_data: - writing memory module
50: state_write_data: writing state
50: state_write_data: - writing model info
50: state_write_data: - writing memory module
50: set_abort_callback: call
50: TRANSFER
50: HANDOFF shared=0 copied=196608
50: llama_context: constructing llama_context
50: llama_init_from_model: failed to initialize the context: cannot borrow a consumed KV context
50: llama_decode: failed to decode, ret = -1
50: ~llama_context:        CPU compute buffer size is   0.1963 MiB, matches expectation of   0.1963 MiB
50: state_write_data: writing state
50: state_write_data: - writing model info
50: state_write_data: - writing memory module
50: state_write_data: writing state
50: state_write_data: - writing model info
50: state_write_data: - writing memory module
50: sched_reserve: reserving ...
50: sched_reserve: max_nodes = 1296
50: sched_reserve: reserving full memory module
50: sched_reserve: worst-case: n_tokens = 32, n_seqs = 1, n_outputs = 1
50: graph_reserve: reserving a graph for ubatch with n_tokens =   32, n_seqs =  1, n_outputs =   32
50: graph_reserve: reserving a graph for ubatch with n_tokens =    1, n_seqs =  1, n_outputs =    1
50: graph_reserve: reserving a graph for ubatch with n_tokens =   32, n_seqs =  1, n_outputs =   32
50: sched_reserve:        CPU compute buffer size =     0.20 MiB
50: sched_reserve: graph nodes  = 326
50: sched_reserve: graph splits = 1
50: sched_reserve: reserve took 1.12 ms, sched copies = 1
50: state_write_data: writing state
50: state_write_data: - writing model info
50: state_write_data: - writing memory module
50: state_write_data: writing state
50: state_write_data: - writing model info
50: state_write_data: - writing memory module
50: state_write_data: writing state
50: state_write_data: - writing model info
50: state_write_data: - writing memory module
50: state_write_data: writing state
50: state_write_data: - writing model info
50: state_write_data: - writing memory module
50: ~llama_context:        CPU compute buffer size is   0.1963 MiB, matches expectation of   0.1963 MiB
50: ~llama_context:        CPU compute buffer size is   0.1963 MiB, matches expectation of   0.1963 MiB
50: PASS: public API guards, consumed-source rejection, source/model destruction and exact CPU continuation against same-state copied reference
4/4 Test #50: test-context-handoff-gemma .......   Passed    0.03 sec

The following tests passed:
	test-q6-pair
	test-kv-handoff
	test-context-handoff
	test-context-handoff-gemma

100% tests passed, 0 tests failed out of 4

Label Time Summary:
main    =   0.10 sec*proc (3 tests)

Total Test time (real) =   0.45 sec
memory.peak
130502656
memory.swap.peak
0
memory.events
low 0
high 0
max 0
oom 0
oom_kill 0
oom_group_kill 0
sock_throttled 0
cpu.stat
usage_usec 2973709
user_usec 2757140
system_usec 216568
nice_usec 0
core_sched.force_idle_usec 0
nr_periods 26
nr_throttled 4
throttled_usec 1272835
nr_bursts 0
burst_usec 0
