/var/home/agent/workspace/reports/xe-master-agentic-20260914/vulkan-parent/CMakeLists.txt: OK
/var/home/agent/workspace/reports/xe-master-agentic-20260914/build-vulkan-r2.sh: OK
/var/home/agent/workspace/reports/xe-master-agentic-20260914/launch-vulkan-r2-build.sh: OK
/var/home/agent/workspace/reports/xe-master-agentic-20260914/evidence/vulkan-source.json: OK
/var/home/agent/workspace/reports/xe-master-agentic-20260914/embedded-mul-mm/mul-mm-00.cpp: OK
/var/home/agent/workspace/reports/xe-master-agentic-20260914/embedded-mul-mm/mul-mm-01.cpp: OK
/var/home/agent/workspace/reports/xe-master-agentic-20260914/embedded-mul-mm/mul-mm-02.cpp: OK
/var/home/agent/workspace/reports/xe-master-agentic-20260914/embedded-mul-mm/mul-mm-03.cpp: OK
/var/home/agent/workspace/reports/xe-master-agentic-20260914/embedded-mul-mm/mul-mm-04.cpp: OK
/var/home/agent/workspace/reports/xe-master-agentic-20260914/embedded-mul-mm/mul-mm-05.cpp: OK
/var/home/agent/workspace/reports/xe-master-agentic-20260914/embedded-mul-mm/mul-mm-06.cpp: OK
/var/home/agent/workspace/reports/xe-master-agentic-20260914/embedded-mul-mm/mul-mm-07.cpp: OK
/var/home/agent/workspace/reports/xe-master-agentic-20260914/embedded-mul-mm/mul-mm-08.cpp: OK
/var/home/agent/workspace/reports/xe-master-agentic-20260914/embedded-mul-mm/mul-mm-09.cpp: OK
/var/home/agent/workspace/reports/xe-master-agentic-20260914/embedded-mul-mm/mul-mm-10.cpp: OK
/var/home/agent/workspace/reports/xe-master-agentic-20260914/embedded-mul-mm/mul-mm-11.cpp: OK
/var/home/agent/workspace/reports/xe-master-agentic-20260914/embedded-mul-mm/mul-mm-12.cpp: OK
/var/home/agent/workspace/reports/xe-master-agentic-20260914/embedded-mul-mm/mul-mm-13.cpp: OK
/var/home/agent/workspace/reports/xe-master-agentic-20260914/embedded-mul-mm/mul-mm-14.cpp: OK
/var/home/agent/workspace/reports/xe-master-agentic-20260914/embedded-mul-mm/mul-mm-15.cpp: OK
/var/home/agent/workspace/reports/xe-master-agentic-20260914/embedded-mul-mm/mul-mm-16.cpp: OK
/var/home/agent/workspace/reports/xe-master-agentic-20260914/embedded-mul-mm/mul-mm-17.cpp: OK
/var/home/agent/workspace/reports/xe-master-agentic-20260914/embedded-mul-mm/mul-mm-18.cpp: OK
/var/home/agent/workspace/reports/xe-master-agentic-20260914/embedded-mul-mm/mul-mm-19.cpp: OK
/var/home/agent/workspace/reports/xe-master-agentic-20260914/embedded-mul-mm/mul-mm-20.cpp: OK
/var/home/agent/workspace/reports/xe-master-agentic-20260914/embedded-mul-mm/mul-mm-21.cpp: OK
/var/home/agent/workspace/reports/xe-master-agentic-20260914/embedded-mul-mm/sources.cmake: OK
/var/home/agent/workspace/reports/xe-master-agentic-20260914/vulkan-source/ggml/cmake/common.cmake: OK
/var/home/agent/workspace/reports/xe-master-agentic-20260914/vulkan-source/ggml/cmake/FindNCCL.cmake: OK
/var/home/agent/workspace/reports/xe-master-agentic-20260914/vulkan-source/ggml/cmake/ggml-config.cmake.in: OK
/var/home/agent/workspace/reports/xe-master-agentic-20260914/vulkan-source/ggml/cmake/GitVars.cmake: OK
/var/home/agent/workspace/reports/xe-master-agentic-20260914/vulkan-source/ggml/CMakeLists.txt: OK
/var/home/agent/workspace/reports/xe-master-agentic-20260914/vulkan-source/ggml/.gitignore: OK
/var/home/agent/workspace/reports/xe-master-agentic-20260914/vulkan-source/ggml/include/ggml-alloc.h: OK
/var/home/agent/workspace/reports/xe-master-agentic-20260914/vulkan-source/ggml/include/ggml-backend.h: OK
/var/home/agent/workspace/reports/xe-master-agentic-20260914/vulkan-source/ggml/include/ggml-blas.h: OK
/var/home/agent/workspace/reports/xe-master-agentic-20260914/vulkan-source/ggml/include/ggml-cann.h: OK
/var/home/agent/workspace/reports/xe-master-agentic-20260914/vulkan-source/ggml/include/ggml-cpp.h: OK
/var/home/agent/workspace/reports/xe-master-agentic-20260914/vulkan-source/ggml/include/ggml-cpu.h: OK
/var/home/agent/workspace/reports/xe-master-agentic-20260914/vulkan-source/ggml/include/ggml-cuda.h: OK
/var/home/agent/workspace/reports/xe-master-agentic-20260914/vulkan-source/ggml/include/ggml-et.h: OK
/var/home/agent/workspace/reports/xe-master-agentic-20260914/vulkan-source/ggml/include/ggml.h: OK
/var/home/agent/workspace/reports/xe-master-agentic-20260914/vulkan-source/ggml/include/ggml-hexagon.h: OK
/var/home/agent/workspace/reports/xe-master-agentic-20260914/vulkan-source/ggml/include/ggml-metal.h: OK
/var/home/agent/workspace/reports/xe-master-agentic-20260914/vulkan-source/ggml/include/ggml-opencl.h: OK
/var/home/agent/workspace/reports/xe-master-agentic-20260914/vulkan-source/ggml/include/ggml-openvino.h: OK
/var/home/agent/workspace/reports/xe-master-agentic-20260914/vulkan-source/ggml/include/ggml-opt.h: OK
/var/home/agent/workspace/reports/xe-master-agentic-20260914/vulkan-source/ggml/include/ggml-rpc.h: OK
/var/home/agent/workspace/reports/xe-master-agentic-20260914/vulkan-source/ggml/include/ggml-sycl.h: OK
/var/home/agent/workspace/reports/xe-master-agentic-20260914/vulkan-source/ggml/include/ggml-virtgpu.h: OK
/var/home/agent/workspace/reports/xe-master-agentic-20260914/vulkan-source/ggml/include/ggml-vulkan.h: OK
/var/home/agent/workspace/reports/xe-master-agentic-20260914/vulkan-source/ggml/include/ggml-webgpu.h: OK
/var/home/agent/workspace/reports/xe-master-agentic-20260914/vulkan-source/ggml/include/ggml-zdnn.h: OK
/var/home/agent/workspace/reports/xe-master-agentic-20260914/vulkan-source/ggml/include/ggml-zendnn.h: OK
/var/home/agent/workspace/reports/xe-master-agentic-20260914/vulkan-source/ggml/include/gguf.h: OK
/var/home/agent/workspace/reports/xe-master-agentic-20260914/vulkan-source/ggml/src/CMakeLists.txt: OK
/var/home/agent/workspace/reports/xe-master-agentic-20260914/vulkan-source/ggml/src/ggml-alloc.c: OK
/var/home/agent/workspace/reports/xe-master-agentic-20260914/vulkan-source/ggml/src/ggml-backend.cpp: OK
/var/home/agent/workspace/reports/xe-master-agentic-20260914/vulkan-source/ggml/src/ggml-backend-dl.cpp: OK
/var/home/agent/workspace/reports/xe-master-agentic-20260914/vulkan-source/ggml/src/ggml-backend-dl.h: OK
/var/home/agent/workspace/reports/xe-master-agentic-20260914/vulkan-source/ggml/src/ggml-backend-impl.h: OK
/var/home/agent/workspace/reports/xe-master-agentic-20260914/vulkan-source/ggml/src/ggml-backend-meta.cpp: OK
/var/home/agent/workspace/reports/xe-master-agentic-20260914/vulkan-source/ggml/src/ggml-backend-reg.cpp: OK
/var/home/agent/workspace/reports/xe-master-agentic-20260914/vulkan-source/ggml/src/ggml-blas/CMakeLists.txt: OK
/var/home/agent/workspace/reports/xe-master-agentic-20260914/vulkan-source/ggml/src/ggml-blas/ggml-blas.cpp: OK
/var/home/agent/workspace/reports/xe-master-agentic-20260914/vulkan-source/ggml/src/ggml.c: OK
/var/home/agent/workspace/reports/xe-master-agentic-20260914/vulkan-source/ggml/src/ggml-cann/aclnn_ops.cpp: OK
/var/home/agent/workspace/reports/xe-master-agentic-20260914/vulkan-source/ggml/src/ggml-cann/aclnn_ops.h: OK
/var/home/agent/workspace/reports/xe-master-agentic-20260914/vulkan-source/ggml/src/ggml-cann/acl_tensor.cpp: OK
/var/home/agent/workspace/reports/xe-master-agentic-20260914/vulkan-source/ggml/src/ggml-cann/acl_tensor.h: OK
/var/home/agent/workspace/reports/xe-master-agentic-20260914/vulkan-source/ggml/src/ggml-cann/CMakeLists.txt: OK
/var/home/agent/workspace/reports/xe-master-agentic-20260914/vulkan-source/ggml/src/ggml-cann/common.h: OK
/var/home/agent/workspace/reports/xe-master-agentic-20260914/vulkan-source/ggml/src/ggml-cann/ggml-cann.cpp: OK
/var/home/agent/workspace/reports/xe-master-agentic-20260914/vulkan-source/ggml/src/ggml-common.h: OK
/var/home/agent/workspace/reports/xe-master-agentic-20260914/vulkan-source/ggml/src/ggml.cpp: OK
/var/home/agent/workspace/reports/xe-master-agentic-20260914/vulkan-source/ggml/src/ggml-cpu/amx/amx.cpp: OK
/var/home/agent/workspace/reports/xe-master-agentic-20260914/vulkan-source/ggml/src/ggml-cpu/amx/amx.h: OK
/var/home/agent/workspace/reports/xe-master-agentic-20260914/vulkan-source/ggml/src/ggml-cpu/amx/common.h: OK
/var/home/agent/workspace/reports/xe-master-agentic-20260914/vulkan-source/ggml/src/ggml-cpu/amx/mmq.cpp: OK
/var/home/agent/workspace/reports/xe-master-agentic-20260914/vulkan-source/ggml/src/ggml-cpu/amx/mmq.h: OK
/var/home/agent/workspace/reports/xe-master-agentic-20260914/vulkan-source/ggml/src/ggml-cpu/arch/arm/cpu-feats.cpp: OK
/var/home/agent/workspace/reports/xe-master-agentic-20260914/vulkan-source/ggml/src/ggml-cpu/arch/arm/quants.c: OK
/var/home/agent/workspace/reports/xe-master-agentic-20260914/vulkan-source/ggml/src/ggml-cpu/arch/arm/repack.cpp: OK
/var/home/agent/workspace/reports/xe-master-agentic-20260914/vulkan-source/ggml/src/ggml-cpu/arch-fallback.h: OK
/var/home/agent/workspace/reports/xe-master-agentic-20260914/vulkan-source/ggml/src/ggml-cpu/arch/loongarch/quants.c: OK
/var/home/agent/workspace/reports/xe-master-agentic-20260914/vulkan-source/ggml/src/ggml-cpu/arch/powerpc/cpu-feats.cpp: OK
/var/home/agent/workspace/reports/xe-master-agentic-20260914/vulkan-source/ggml/src/ggml-cpu/arch/powerpc/quants.c: OK
/var/home/agent/workspace/reports/xe-master-agentic-20260914/vulkan-source/ggml/src/ggml-cpu/arch/riscv/cpu-feats.cpp: OK
/var/home/agent/workspace/reports/xe-master-agentic-20260914/vulkan-source/ggml/src/ggml-cpu/arch/riscv/quants.c: OK
/var/home/agent/workspace/reports/xe-master-agentic-20260914/vulkan-source/ggml/src/ggml-cpu/arch/riscv/repack.cpp: OK
/var/home/agent/workspace/reports/xe-master-agentic-20260914/vulkan-source/ggml/src/ggml-cpu/arch/s390/cpu-feats.cpp: OK
/var/home/agent/workspace/reports/xe-master-agentic-20260914/vulkan-source/ggml/src/ggml-cpu/arch/s390/quants.c: OK
/var/home/agent/workspace/reports/xe-master-agentic-20260914/vulkan-source/ggml/src/ggml-cpu/arch/s390/repack.cpp: OK
/var/home/agent/workspace/reports/xe-master-agentic-20260914/vulkan-source/ggml/src/ggml-cpu/arch/wasm/quants.c: OK
/var/home/agent/workspace/reports/xe-master-agentic-20260914/vulkan-source/ggml/src/ggml-cpu/arch/x86/cpu-feats.cpp: OK
/var/home/agent/workspace/reports/xe-master-agentic-20260914/vulkan-source/ggml/src/ggml-cpu/arch/x86/quants.c: OK
/var/home/agent/workspace/reports/xe-master-agentic-20260914/vulkan-source/ggml/src/ggml-cpu/arch/x86/repack.cpp: OK
/var/home/agent/workspace/reports/xe-master-agentic-20260914/vulkan-source/ggml/src/ggml-cpu/binary-ops.cpp: OK
/var/home/agent/workspace/reports/xe-master-agentic-20260914/vulkan-source/ggml/src/ggml-cpu/binary-ops.h: OK
/var/home/agent/workspace/reports/xe-master-agentic-20260914/vulkan-source/ggml/src/ggml-cpu/cmake/FindSIMD.cmake: OK
/var/home/agent/workspace/reports/xe-master-agentic-20260914/vulkan-source/ggml/src/ggml-cpu/cmake/FindSMTIME.cmake: OK
/var/home/agent/workspace/reports/xe-master-agentic-20260914/vulkan-source/ggml/src/ggml-cpu/CMakeLists.txt: OK
/var/home/agent/workspace/reports/xe-master-agentic-20260914/vulkan-source/ggml/src/ggml-cpu/common.h: OK
/var/home/agent/workspace/reports/xe-master-agentic-20260914/vulkan-source/ggml/src/ggml-cpu/expert-io-advice.cpp: OK
/var/home/agent/workspace/reports/xe-master-agentic-20260914/vulkan-source/ggml/src/ggml-cpu/expert-io-advice.h: OK
/var/home/agent/workspace/reports/xe-master-agentic-20260914/vulkan-source/ggml/src/ggml-cpu/expert-io-plan.cpp: OK
/var/home/agent/workspace/reports/xe-master-agentic-20260914/vulkan-source/ggml/src/ggml-cpu/expert-io-plan.h: OK
/var/home/agent/workspace/reports/xe-master-agentic-20260914/vulkan-source/ggml/src/ggml-cpu/ggml-cpu.c: OK
/var/home/agent/workspace/reports/xe-master-agentic-20260914/vulkan-source/ggml/src/ggml-cpu/ggml-cpu.cpp: OK
/var/home/agent/workspace/reports/xe-master-agentic-20260914/vulkan-source/ggml/src/ggml-cpu/ggml-cpu-impl.h: OK
/var/home/agent/workspace/reports/xe-master-agentic-20260914/vulkan-source/ggml/src/ggml-cpu/hbm.cpp: OK
/var/home/agent/workspace/reports/xe-master-agentic-20260914/vulkan-source/ggml/src/ggml-cpu/hbm.h: OK
/var/home/agent/workspace/reports/xe-master-agentic-20260914/vulkan-source/ggml/src/ggml-cpu/iqp.cpp: OK
/var/home/agent/workspace/reports/xe-master-agentic-20260914/vulkan-source/ggml/src/ggml-cpu/iqp.h: OK
/var/home/agent/workspace/reports/xe-master-agentic-20260914/vulkan-source/ggml/src/ggml-cpu/kleidiai/CMakeLists.txt: OK
/var/home/agent/workspace/reports/xe-master-agentic-20260914/vulkan-source/ggml/src/ggml-cpu/kleidiai/kernels.cpp: OK
/var/home/agent/workspace/reports/xe-master-agentic-20260914/vulkan-source/ggml/src/ggml-cpu/kleidiai/kernels.h: OK
/var/home/agent/workspace/reports/xe-master-agentic-20260914/vulkan-source/ggml/src/ggml-cpu/kleidiai/kleidiai.cpp: OK
/var/home/agent/workspace/reports/xe-master-agentic-20260914/vulkan-source/ggml/src/ggml-cpu/kleidiai/kleidiai.h: OK
/var/home/agent/workspace/reports/xe-master-agentic-20260914/vulkan-source/ggml/src/ggml-cpu/llamafile/sgemm.cpp: OK
/var/home/agent/workspace/reports/xe-master-agentic-20260914/vulkan-source/ggml/src/ggml-cpu/llamafile/sgemm.h: OK
/var/home/agent/workspace/reports/xe-master-agentic-20260914/vulkan-source/ggml/src/ggml-cpu/ops.cpp: OK
/var/home/agent/workspace/reports/xe-master-agentic-20260914/vulkan-source/ggml/src/ggml-cpu/ops.h: OK
/var/home/agent/workspace/reports/xe-master-agentic-20260914/vulkan-source/ggml/src/ggml-cpu/q6-pair.cpp: OK
/var/home/agent/workspace/reports/xe-master-agentic-20260914/vulkan-source/ggml/src/ggml-cpu/q6-pair.h: OK
/var/home/agent/workspace/reports/xe-master-agentic-20260914/vulkan-source/ggml/src/ggml-cpu/quants.c: OK
/var/home/agent/workspace/reports/xe-master-agentic-20260914/vulkan-source/ggml/src/ggml-cpu/quants.h: OK
/var/home/agent/workspace/reports/xe-master-agentic-20260914/vulkan-source/ggml/src/ggml-cpu/recurrent-profile.cpp: OK
/var/home/agent/workspace/reports/xe-master-agentic-20260914/vulkan-source/ggml/src/ggml-cpu/recurrent-profile.h: OK
/var/home/agent/workspace/reports/xe-master-agentic-20260914/vulkan-source/ggml/src/ggml-cpu/repack.cpp: OK
/var/home/agent/workspace/reports/xe-master-agentic-20260914/vulkan-source/ggml/src/ggml-cpu/repack.h: OK
/var/home/agent/workspace/reports/xe-master-agentic-20260914/vulkan-source/ggml/src/ggml-cpu/simd-gemm.h: OK
/var/home/agent/workspace/reports/xe-master-agentic-20260914/vulkan-source/ggml/src/ggml-cpu/simd-mappings.h: OK
/var/home/agent/workspace/reports/xe-master-agentic-20260914/vulkan-source/ggml/src/ggml-cpu/spacemit/ime1_kernels.cpp: OK
/var/home/agent/workspace/reports/xe-master-agentic-20260914/vulkan-source/ggml/src/ggml-cpu/spacemit/ime2_kernels.cpp: OK
/var/home/agent/workspace/reports/xe-master-agentic-20260914/vulkan-source/ggml/src/ggml-cpu/spacemit/ime.cpp: OK
/var/home/agent/workspace/reports/xe-master-agentic-20260914/vulkan-source/ggml/src/ggml-cpu/spacemit/ime_env.cpp: OK
/var/home/agent/workspace/reports/xe-master-agentic-20260914/vulkan-source/ggml/src/ggml-cpu/spacemit/ime_env.h: OK
/var/home/agent/workspace/reports/xe-master-agentic-20260914/vulkan-source/ggml/src/ggml-cpu/spacemit/ime.h: OK
/var/home/agent/workspace/reports/xe-master-agentic-20260914/vulkan-source/ggml/src/ggml-cpu/spacemit/ime_kernels.h: OK
/var/home/agent/workspace/reports/xe-master-agentic-20260914/vulkan-source/ggml/src/ggml-cpu/spacemit/repack.cpp: OK
/var/home/agent/workspace/reports/xe-master-agentic-20260914/vulkan-source/ggml/src/ggml-cpu/spacemit/repack.h: OK
/var/home/agent/workspace/reports/xe-master-agentic-20260914/vulkan-source/ggml/src/ggml-cpu/spacemit/rvv_kernels.cpp: OK
/var/home/agent/workspace/reports/xe-master-agentic-20260914/vulkan-source/ggml/src/ggml-cpu/spacemit/rvv_kernels.h: OK
/var/home/agent/workspace/reports/xe-master-agentic-20260914/vulkan-source/ggml/src/ggml-cpu/spacemit/spine_barrier.h: OK
/var/home/agent/workspace/reports/xe-master-agentic-20260914/vulkan-source/ggml/src/ggml-cpu/spacemit/spine_mem_pool.cpp: OK
/var/home/agent/workspace/reports/xe-master-agentic-20260914/vulkan-source/ggml/src/ggml-cpu/spacemit/spine_mem_pool.h: OK
/var/home/agent/workspace/reports/xe-master-agentic-20260914/vulkan-source/ggml/src/ggml-cpu/spacemit/spine_tcm.h: OK
/var/home/agent/workspace/reports/xe-master-agentic-20260914/vulkan-source/ggml/src/ggml-cpu/traits.cpp: OK
/var/home/agent/workspace/reports/xe-master-agentic-20260914/vulkan-source/ggml/src/ggml-cpu/traits.h: OK
/var/home/agent/workspace/reports/xe-master-agentic-20260914/vulkan-source/ggml/src/ggml-cpu/unary-ops.cpp: OK
/var/home/agent/workspace/reports/xe-master-agentic-20260914/vulkan-source/ggml/src/ggml-cpu/unary-ops.h: OK
/var/home/agent/workspace/reports/xe-master-agentic-20260914/vulkan-source/ggml/src/ggml-cpu/vec.cpp: OK
/var/home/agent/workspace/reports/xe-master-agentic-20260914/vulkan-source/ggml/src/ggml-cpu/vec.h: OK
/var/home/agent/workspace/reports/xe-master-agentic-20260914/vulkan-source/ggml/src/ggml-cpu/whole-token-profile.cpp: OK
/var/home/agent/workspace/reports/xe-master-agentic-20260914/vulkan-source/ggml/src/ggml-cpu/whole-token-profile.h: OK
/var/home/agent/workspace/reports/xe-master-agentic-20260914/vulkan-source/ggml/src/ggml-cuda/acc.cu: OK
/var/home/agent/workspace/reports/xe-master-agentic-20260914/vulkan-source/ggml/src/ggml-cuda/acc.cuh: OK
/var/home/agent/workspace/reports/xe-master-agentic-20260914/vulkan-source/ggml/src/ggml-cuda/add-id.cu: OK
/var/home/agent/workspace/reports/xe-master-agentic-20260914/vulkan-source/ggml/src/ggml-cuda/add-id.cuh: OK
/var/home/agent/workspace/reports/xe-master-agentic-20260914/vulkan-source/ggml/src/ggml-cuda/allreduce.cu: OK
/var/home/agent/workspace/reports/xe-master-agentic-20260914/vulkan-source/ggml/src/ggml-cuda/allreduce.cuh: OK
/var/home/agent/workspace/reports/xe-master-agentic-20260914/vulkan-source/ggml/src/ggml-cuda/arange.cu: OK
/var/home/agent/workspace/reports/xe-master-agentic-20260914/vulkan-source/ggml/src/ggml-cuda/arange.cuh: OK
/var/home/agent/workspace/reports/xe-master-agentic-20260914/vulkan-source/ggml/src/ggml-cuda/argmax.cu: OK
/var/home/agent/workspace/reports/xe-master-agentic-20260914/vulkan-source/ggml/src/ggml-cuda/argmax.cuh: OK
/var/home/agent/workspace/reports/xe-master-agentic-20260914/vulkan-source/ggml/src/ggml-cuda/argsort.cu: OK
/var/home/agent/workspace/reports/xe-master-agentic-20260914/vulkan-source/ggml/src/ggml-cuda/argsort.cuh: OK
/var/home/agent/workspace/reports/xe-master-agentic-20260914/vulkan-source/ggml/src/ggml-cuda/binbcast.cu: OK
/var/home/agent/workspace/reports/xe-master-agentic-20260914/vulkan-source/ggml/src/ggml-cuda/binbcast.cuh: OK
/var/home/agent/workspace/reports/xe-master-agentic-20260914/vulkan-source/ggml/src/ggml-cuda/clamp.cu: OK
/var/home/agent/workspace/reports/xe-master-agentic-20260914/vulkan-source/ggml/src/ggml-cuda/clamp.cuh: OK
/var/home/agent/workspace/reports/xe-master-agentic-20260914/vulkan-source/ggml/src/ggml-cuda/CMakeLists.txt: OK
/var/home/agent/workspace/reports/xe-master-agentic-20260914/vulkan-source/ggml/src/ggml-cuda/col2im-1d.cu: OK
/var/home/agent/workspace/reports/xe-master-agentic-20260914/vulkan-source/ggml/src/ggml-cuda/col2im-1d.cuh: OK
/var/home/agent/workspace/reports/xe-master-agentic-20260914/vulkan-source/ggml/src/ggml-cuda/common.cuh: OK
/var/home/agent/workspace/reports/xe-master-agentic-20260914/vulkan-source/ggml/src/ggml-cuda/concat.cu: OK
/var/home/agent/workspace/reports/xe-master-agentic-20260914/vulkan-source/ggml/src/ggml-cuda/concat.cuh: OK
/var/home/agent/workspace/reports/xe-master-agentic-20260914/vulkan-source/ggml/src/ggml-cuda/conv2d.cu: OK
/var/home/agent/workspace/reports/xe-master-agentic-20260914/vulkan-source/ggml/src/ggml-cuda/conv2d.cuh: OK
/var/home/agent/workspace/reports/xe-master-agentic-20260914/vulkan-source/ggml/src/ggml-cuda/conv2d-dw.cu: OK
/var/home/agent/workspace/reports/xe-master-agentic-20260914/vulkan-source/ggml/src/ggml-cuda/conv2d-dw.cuh: OK
/var/home/agent/workspace/reports/xe-master-agentic-20260914/vulkan-source/ggml/src/ggml-cuda/conv2d-transpose.cu: OK
/var/home/agent/workspace/reports/xe-master-agentic-20260914/vulkan-source/ggml/src/ggml-cuda/conv2d-transpose.cuh: OK
/var/home/agent/workspace/reports/xe-master-agentic-20260914/vulkan-source/ggml/src/ggml-cuda/convert.cu: OK
/var/home/agent/workspace/reports/xe-master-agentic-20260914/vulkan-source/ggml/src/ggml-cuda/convert.cuh: OK
/var/home/agent/workspace/reports/xe-master-agentic-20260914/vulkan-source/ggml/src/ggml-cuda/conv-transpose-1d.cu: OK
/var/home/agent/workspace/reports/xe-master-agentic-20260914/vulkan-source/ggml/src/ggml-cuda/conv-transpose-1d.cuh: OK
/var/home/agent/workspace/reports/xe-master-agentic-20260914/vulkan-source/ggml/src/ggml-cuda/count-equal.cu: OK
/var/home/agent/workspace/reports/xe-master-agentic-20260914/vulkan-source/ggml/src/ggml-cuda/count-equal.cuh: OK
/var/home/agent/workspace/reports/xe-master-agentic-20260914/vulkan-source/ggml/src/ggml-cuda/cp-async.cuh: OK
/var/home/agent/workspace/reports/xe-master-agentic-20260914/vulkan-source/ggml/src/ggml-cuda/cpy.cu: OK
/var/home/agent/workspace/reports/xe-master-agentic-20260914/vulkan-source/ggml/src/ggml-cuda/cpy.cuh: OK
/var/home/agent/workspace/reports/xe-master-agentic-20260914/vulkan-source/ggml/src/ggml-cuda/cpy-utils.cuh: OK
/var/home/agent/workspace/reports/xe-master-agentic-20260914/vulkan-source/ggml/src/ggml-cuda/cross-entropy-loss.cu: OK
/var/home/agent/workspace/reports/xe-master-agentic-20260914/vulkan-source/ggml/src/ggml-cuda/cross-entropy-loss.cuh: OK
/var/home/agent/workspace/reports/xe-master-agentic-20260914/vulkan-source/ggml/src/ggml-cuda/cumsum.cu: OK
/var/home/agent/workspace/reports/xe-master-agentic-20260914/vulkan-source/ggml/src/ggml-cuda/cumsum.cuh: OK
/var/home/agent/workspace/reports/xe-master-agentic-20260914/vulkan-source/ggml/src/ggml-cuda/dequantize.cuh: OK
/var/home/agent/workspace/reports/xe-master-agentic-20260914/vulkan-source/ggml/src/ggml-cuda/diag.cu: OK
/var/home/agent/workspace/reports/xe-master-agentic-20260914/vulkan-source/ggml/src/ggml-cuda/diag.cuh: OK
/var/home/agent/workspace/reports/xe-master-agentic-20260914/vulkan-source/ggml/src/ggml-cuda/diagmask.cu: OK
/var/home/agent/workspace/reports/xe-master-agentic-20260914/vulkan-source/ggml/src/ggml-cuda/diagmask.cuh: OK
/var/home/agent/workspace/reports/xe-master-agentic-20260914/vulkan-source/ggml/src/ggml-cuda/dsv4-hc.cu: OK
/var/home/agent/workspace/reports/xe-master-agentic-20260914/vulkan-source/ggml/src/ggml-cuda/dsv4-hc.cuh: OK
/var/home/agent/workspace/reports/xe-master-agentic-20260914/vulkan-source/ggml/src/ggml-cuda/fattn-common.cuh: OK
/var/home/agent/workspace/reports/xe-master-agentic-20260914/vulkan-source/ggml/src/ggml-cuda/fattn.cu: OK
/var/home/agent/workspace/reports/xe-master-agentic-20260914/vulkan-source/ggml/src/ggml-cuda/fattn.cuh: OK
/var/home/agent/workspace/reports/xe-master-agentic-20260914/vulkan-source/ggml/src/ggml-cuda/fattn-mma-f16.cuh: OK
/var/home/agent/workspace/reports/xe-master-agentic-20260914/vulkan-source/ggml/src/ggml-cuda/fattn-swizzle.cuh: OK
/var/home/agent/workspace/reports/xe-master-agentic-20260914/vulkan-source/ggml/src/ggml-cuda/fattn-tile.cu: OK
/var/home/agent/workspace/reports/xe-master-agentic-20260914/vulkan-source/ggml/src/ggml-cuda/fattn-tile.cuh: OK
/var/home/agent/workspace/reports/xe-master-agentic-20260914/vulkan-source/ggml/src/ggml-cuda/fattn-vec.cuh: OK
/var/home/agent/workspace/reports/xe-master-agentic-20260914/vulkan-source/ggml/src/ggml-cuda/fill.cu: OK
/var/home/agent/workspace/reports/xe-master-agentic-20260914/vulkan-source/ggml/src/ggml-cuda/fill.cuh: OK
/var/home/agent/workspace/reports/xe-master-agentic-20260914/vulkan-source/ggml/src/ggml-cuda/fwht.cu: OK
/var/home/agent/workspace/reports/xe-master-agentic-20260914/vulkan-source/ggml/src/ggml-cuda/fwht.cuh: OK
/var/home/agent/workspace/reports/xe-master-agentic-20260914/vulkan-source/ggml/src/ggml-cuda/gated_delta_net.cu: OK
/var/home/agent/workspace/reports/xe-master-agentic-20260914/vulkan-source/ggml/src/ggml-cuda/gated_delta_net.cuh: OK
/var/home/agent/workspace/reports/xe-master-agentic-20260914/vulkan-source/ggml/src/ggml-cuda/getrows.cu: OK
/var/home/agent/workspace/reports/xe-master-agentic-20260914/vulkan-source/ggml/src/ggml-cuda/getrows.cuh: OK
/var/home/agent/workspace/reports/xe-master-agentic-20260914/vulkan-source/ggml/src/ggml-cuda/ggml-cuda.cu: OK
/var/home/agent/workspace/reports/xe-master-agentic-20260914/vulkan-source/ggml/src/ggml-cuda/gla.cu: OK
/var/home/agent/workspace/reports/xe-master-agentic-20260914/vulkan-source/ggml/src/ggml-cuda/gla.cuh: OK
/var/home/agent/workspace/reports/xe-master-agentic-20260914/vulkan-source/ggml/src/ggml-cuda/im2col.cu: OK
/var/home/agent/workspace/reports/xe-master-agentic-20260914/vulkan-source/ggml/src/ggml-cuda/im2col.cuh: OK
/var/home/agent/workspace/reports/xe-master-agentic-20260914/vulkan-source/ggml/src/ggml-cuda/lightning-indexer.cu: OK
/var/home/agent/workspace/reports/xe-master-agentic-20260914/vulkan-source/ggml/src/ggml-cuda/lightning-indexer.cuh: OK
/var/home/agent/workspace/reports/xe-master-agentic-20260914/vulkan-source/ggml/src/ggml-cuda/mean.cu: OK
/var/home/agent/workspace/reports/xe-master-agentic-20260914/vulkan-source/ggml/src/ggml-cuda/mean.cuh: OK
/var/home/agent/workspace/reports/xe-master-agentic-20260914/vulkan-source/ggml/src/ggml-cuda/mma.cuh: OK
/var/home/agent/workspace/reports/xe-master-agentic-20260914/vulkan-source/ggml/src/ggml-cuda/mmf.cu: OK
/var/home/agent/workspace/reports/xe-master-agentic-20260914/vulkan-source/ggml/src/ggml-cuda/mmf.cuh: OK
/var/home/agent/workspace/reports/xe-master-agentic-20260914/vulkan-source/ggml/src/ggml-cuda/mmid.cu: OK
/var/home/agent/workspace/reports/xe-master-agentic-20260914/vulkan-source/ggml/src/ggml-cuda/mmid.cuh: OK
/var/home/agent/workspace/reports/xe-master-agentic-20260914/vulkan-source/ggml/src/ggml-cuda/mmq-config-ampere.cuh: OK
/var/home/agent/workspace/reports/xe-master-agentic-20260914/vulkan-source/ggml/src/ggml-cuda/mmq-config-blackwell.cuh: OK
/var/home/agent/workspace/reports/xe-master-agentic-20260914/vulkan-source/ggml/src/ggml-cuda/mmq-config-cdna.cuh: OK
/var/home/agent/workspace/reports/xe-master-agentic-20260914/vulkan-source/ggml/src/ggml-cuda/mmq-config-gcn.cuh: OK
/var/home/agent/workspace/reports/xe-master-agentic-20260914/vulkan-source/ggml/src/ggml-cuda/mmq-config-pascal-dp4a.cuh: OK
/var/home/agent/workspace/reports/xe-master-agentic-20260914/vulkan-source/ggml/src/ggml-cuda/mmq-config-pascal-older.cuh: OK
/var/home/agent/workspace/reports/xe-master-agentic-20260914/vulkan-source/ggml/src/ggml-cuda/mmq-config-rdna2.cuh: OK
/var/home/agent/workspace/reports/xe-master-agentic-20260914/vulkan-source/ggml/src/ggml-cuda/mmq-config-rdna3-5.cuh: OK
/var/home/agent/workspace/reports/xe-master-agentic-20260914/vulkan-source/ggml/src/ggml-cuda/mmq-config-rdna3.cuh: OK
/var/home/agent/workspace/reports/xe-master-agentic-20260914/vulkan-source/ggml/src/ggml-cuda/mmq-config-rdna4.cuh: OK
/var/home/agent/workspace/reports/xe-master-agentic-20260914/vulkan-source/ggml/src/ggml-cuda/mmq.cu: OK
/var/home/agent/workspace/reports/xe-master-agentic-20260914/vulkan-source/ggml/src/ggml-cuda/mmq.cuh: OK
/var/home/agent/workspace/reports/xe-master-agentic-20260914/vulkan-source/ggml/src/ggml-cuda/mmq-load-tiles.cuh: OK
/var/home/agent/workspace/reports/xe-master-agentic-20260914/vulkan-source/ggml/src/ggml-cuda/mmq-vec-dot.cuh: OK
/var/home/agent/workspace/reports/xe-master-agentic-20260914/vulkan-source/ggml/src/ggml-cuda/mmvf.cu: OK
/var/home/agent/workspace/reports/xe-master-agentic-20260914/vulkan-source/ggml/src/ggml-cuda/mmvf.cuh: OK
/var/home/agent/workspace/reports/xe-master-agentic-20260914/vulkan-source/ggml/src/ggml-cuda/mmvq.cu: OK
/var/home/agent/workspace/reports/xe-master-agentic-20260914/vulkan-source/ggml/src/ggml-cuda/mmvq.cuh: OK
/var/home/agent/workspace/reports/xe-master-agentic-20260914/vulkan-source/ggml/src/ggml-cuda/mmvq-tq.cu: OK
/var/home/agent/workspace/reports/xe-master-agentic-20260914/vulkan-source/ggml/src/ggml-cuda/mmvq-tq.cuh: OK
/var/home/agent/workspace/reports/xe-master-agentic-20260914/vulkan-source/ggml/src/ggml-cuda/moe-weighted-reduction.cu: OK
/var/home/agent/workspace/reports/xe-master-agentic-20260914/vulkan-source/ggml/src/ggml-cuda/moe-weighted-reduction.cuh: OK
/var/home/agent/workspace/reports/xe-master-agentic-20260914/vulkan-source/ggml/src/ggml-cuda/norm.cu: OK
/var/home/agent/workspace/reports/xe-master-agentic-20260914/vulkan-source/ggml/src/ggml-cuda/norm.cuh: OK
/var/home/agent/workspace/reports/xe-master-agentic-20260914/vulkan-source/ggml/src/ggml-cuda/opt-step-adamw.cu: OK
/var/home/agent/workspace/reports/xe-master-agentic-20260914/vulkan-source/ggml/src/ggml-cuda/opt-step-adamw.cuh: OK
/var/home/agent/workspace/reports/xe-master-agentic-20260914/vulkan-source/ggml/src/ggml-cuda/opt-step-sgd.cu: OK
/var/home/agent/workspace/reports/xe-master-agentic-20260914/vulkan-source/ggml/src/ggml-cuda/opt-step-sgd.cuh: OK
/var/home/agent/workspace/reports/xe-master-agentic-20260914/vulkan-source/ggml/src/ggml-cuda/out-prod.cu: OK
/var/home/agent/workspace/reports/xe-master-agentic-20260914/vulkan-source/ggml/src/ggml-cuda/out-prod.cuh: OK
/var/home/agent/workspace/reports/xe-master-agentic-20260914/vulkan-source/ggml/src/ggml-cuda/pad.cu: OK
/var/home/agent/workspace/reports/xe-master-agentic-20260914/vulkan-source/ggml/src/ggml-cuda/pad.cuh: OK
/var/home/agent/workspace/reports/xe-master-agentic-20260914/vulkan-source/ggml/src/ggml-cuda/pad_reflect_1d.cu: OK
/var/home/agent/workspace/reports/xe-master-agentic-20260914/vulkan-source/ggml/src/ggml-cuda/pad_reflect_1d.cuh: OK
/var/home/agent/workspace/reports/xe-master-agentic-20260914/vulkan-source/ggml/src/ggml-cuda/pool1d.cu: OK
/var/home/agent/workspace/reports/xe-master-agentic-20260914/vulkan-source/ggml/src/ggml-cuda/pool1d.cuh: OK
/var/home/agent/workspace/reports/xe-master-agentic-20260914/vulkan-source/ggml/src/ggml-cuda/pool2d.cu: OK
/var/home/agent/workspace/reports/xe-master-agentic-20260914/vulkan-source/ggml/src/ggml-cuda/pool2d.cuh: OK
/var/home/agent/workspace/reports/xe-master-agentic-20260914/vulkan-source/ggml/src/ggml-cuda/quantize.cu: OK
/var/home/agent/workspace/reports/xe-master-agentic-20260914/vulkan-source/ggml/src/ggml-cuda/quantize.cuh: OK
/var/home/agent/workspace/reports/xe-master-agentic-20260914/vulkan-source/ggml/src/ggml-cuda/reduce_rows.cuh: OK
/var/home/agent/workspace/reports/xe-master-agentic-20260914/vulkan-source/ggml/src/ggml-cuda/roll.cu: OK
/var/home/agent/workspace/reports/xe-master-agentic-20260914/vulkan-source/ggml/src/ggml-cuda/roll.cuh: OK
/var/home/agent/workspace/reports/xe-master-agentic-20260914/vulkan-source/ggml/src/ggml-cuda/rope.cu: OK
/var/home/agent/workspace/reports/xe-master-agentic-20260914/vulkan-source/ggml/src/ggml-cuda/rope.cuh: OK
/var/home/agent/workspace/reports/xe-master-agentic-20260914/vulkan-source/ggml/src/ggml-cuda/scale.cu: OK
/var/home/agent/workspace/reports/xe-master-agentic-20260914/vulkan-source/ggml/src/ggml-cuda/scale.cuh: OK
/var/home/agent/workspace/reports/xe-master-agentic-20260914/vulkan-source/ggml/src/ggml-cuda/set.cu: OK
/var/home/agent/workspace/reports/xe-master-agentic-20260914/vulkan-source/ggml/src/ggml-cuda/set.cuh: OK
/var/home/agent/workspace/reports/xe-master-agentic-20260914/vulkan-source/ggml/src/ggml-cuda/set-rows.cu: OK
/var/home/agent/workspace/reports/xe-master-agentic-20260914/vulkan-source/ggml/src/ggml-cuda/set-rows.cuh: OK
/var/home/agent/workspace/reports/xe-master-agentic-20260914/vulkan-source/ggml/src/ggml-cuda/snake.cu: OK
/var/home/agent/workspace/reports/xe-master-agentic-20260914/vulkan-source/ggml/src/ggml-cuda/snake.cuh: OK
/var/home/agent/workspace/reports/xe-master-agentic-20260914/vulkan-source/ggml/src/ggml-cuda/softcap.cu: OK
/var/home/agent/workspace/reports/xe-master-agentic-20260914/vulkan-source/ggml/src/ggml-cuda/softcap.cuh: OK
/var/home/agent/workspace/reports/xe-master-agentic-20260914/vulkan-source/ggml/src/ggml-cuda/softmax.cu: OK
/var/home/agent/workspace/reports/xe-master-agentic-20260914/vulkan-source/ggml/src/ggml-cuda/softmax.cuh: OK
/var/home/agent/workspace/reports/xe-master-agentic-20260914/vulkan-source/ggml/src/ggml-cuda/solve_tri.cu: OK
/var/home/agent/workspace/reports/xe-master-agentic-20260914/vulkan-source/ggml/src/ggml-cuda/solve_tri.cuh: OK
/var/home/agent/workspace/reports/xe-master-agentic-20260914/vulkan-source/ggml/src/ggml-cuda/ssm-conv.cu: OK
/var/home/agent/workspace/reports/xe-master-agentic-20260914/vulkan-source/ggml/src/ggml-cuda/ssm-conv.cuh: OK
/var/home/agent/workspace/reports/xe-master-agentic-20260914/vulkan-source/ggml/src/ggml-cuda/ssm-scan.cu: OK
/var/home/agent/workspace/reports/xe-master-agentic-20260914/vulkan-source/ggml/src/ggml-cuda/ssm-scan.cuh: OK
/var/home/agent/workspace/reports/xe-master-agentic-20260914/vulkan-source/ggml/src/ggml-cuda/sum.cu: OK
/var/home/agent/workspace/reports/xe-master-agentic-20260914/vulkan-source/ggml/src/ggml-cuda/sum.cuh: OK
/var/home/agent/workspace/reports/xe-master-agentic-20260914/vulkan-source/ggml/src/ggml-cuda/sumrows.cu: OK
/var/home/agent/workspace/reports/xe-master-agentic-20260914/vulkan-source/ggml/src/ggml-cuda/sumrows.cuh: OK
/var/home/agent/workspace/reports/xe-master-agentic-20260914/vulkan-source/ggml/src/ggml-cuda/template-instances/fattn-mma-f16-instance-ncols1_16-ncols2_1.cu: OK
/var/home/agent/workspace/reports/xe-master-agentic-20260914/vulkan-source/ggml/src/ggml-cuda/template-instances/fattn-mma-f16-instance-ncols1_16-ncols2_2.cu: OK
/var/home/agent/workspace/reports/xe-master-agentic-20260914/vulkan-source/ggml/src/ggml-cuda/template-instances/fattn-mma-f16-instance-ncols1_16-ncols2_4.cu: OK
/var/home/agent/workspace/reports/xe-master-agentic-20260914/vulkan-source/ggml/src/ggml-cuda/template-instances/fattn-mma-f16-instance-ncols1_1-ncols2_16.cu: OK
/var/home/agent/workspace/reports/xe-master-agentic-20260914/vulkan-source/ggml/src/ggml-cuda/template-instances/fattn-mma-f16-instance-ncols1_1-ncols2_32.cu: OK
/var/home/agent/workspace/reports/xe-master-agentic-20260914/vulkan-source/ggml/src/ggml-cuda/template-instances/fattn-mma-f16-instance-ncols1_1-ncols2_8.cu: OK
/var/home/agent/workspace/reports/xe-master-agentic-20260914/vulkan-source/ggml/src/ggml-cuda/template-instances/fattn-mma-f16-instance-ncols1_2-ncols2_16.cu: OK
/var/home/agent/workspace/reports/xe-master-agentic-20260914/vulkan-source/ggml/src/ggml-cuda/template-instances/fattn-mma-f16-instance-ncols1_2-ncols2_32.cu: OK
/var/home/agent/workspace/reports/xe-master-agentic-20260914/vulkan-source/ggml/src/ggml-cuda/template-instances/fattn-mma-f16-instance-ncols1_2-ncols2_4.cu: OK
/var/home/agent/workspace/reports/xe-master-agentic-20260914/vulkan-source/ggml/src/ggml-cuda/template-instances/fattn-mma-f16-instance-ncols1_2-ncols2_8.cu: OK
/var/home/agent/workspace/reports/xe-master-agentic-20260914/vulkan-source/ggml/src/ggml-cuda/template-instances/fattn-mma-f16-instance-ncols1_32-ncols2_1.cu: OK
/var/home/agent/workspace/reports/xe-master-agentic-20260914/vulkan-source/ggml/src/ggml-cuda/template-instances/fattn-mma-f16-instance-ncols1_32-ncols2_2.cu: OK
/var/home/agent/workspace/reports/xe-master-agentic-20260914/vulkan-source/ggml/src/ggml-cuda/template-instances/fattn-mma-f16-instance-ncols1_4-ncols2_16.cu: OK
/var/home/agent/workspace/reports/xe-master-agentic-20260914/vulkan-source/ggml/src/ggml-cuda/template-instances/fattn-mma-f16-instance-ncols1_4-ncols2_2.cu: OK
/var/home/agent/workspace/reports/xe-master-agentic-20260914/vulkan-source/ggml/src/ggml-cuda/template-instances/fattn-mma-f16-instance-ncols1_4-ncols2_4.cu: OK
/var/home/agent/workspace/reports/xe-master-agentic-20260914/vulkan-source/ggml/src/ggml-cuda/template-instances/fattn-mma-f16-instance-ncols1_4-ncols2_8.cu: OK
/var/home/agent/workspace/reports/xe-master-agentic-20260914/vulkan-source/ggml/src/ggml-cuda/template-instances/fattn-mma-f16-instance-ncols1_64-ncols2_1.cu: OK
/var/home/agent/workspace/reports/xe-master-agentic-20260914/vulkan-source/ggml/src/ggml-cuda/template-instances/fattn-mma-f16-instance-ncols1_8-ncols2_1.cu: OK
/var/home/agent/workspace/reports/xe-master-agentic-20260914/vulkan-source/ggml/src/ggml-cuda/template-instances/fattn-mma-f16-instance-ncols1_8-ncols2_2.cu: OK
/var/home/agent/workspace/reports/xe-master-agentic-20260914/vulkan-source/ggml/src/ggml-cuda/template-instances/fattn-mma-f16-instance-ncols1_8-ncols2_4.cu: OK
/var/home/agent/workspace/reports/xe-master-agentic-20260914/vulkan-source/ggml/src/ggml-cuda/template-instances/fattn-mma-f16-instance-ncols1_8-ncols2_8.cu: OK
/var/home/agent/workspace/reports/xe-master-agentic-20260914/vulkan-source/ggml/src/ggml-cuda/template-instances/fattn-tile-instance-dkq112-dv112.cu: OK
/var/home/agent/workspace/reports/xe-master-agentic-20260914/vulkan-source/ggml/src/ggml-cuda/template-instances/fattn-tile-instance-dkq128-dv128.cu: OK
/var/home/agent/workspace/reports/xe-master-agentic-20260914/vulkan-source/ggml/src/ggml-cuda/template-instances/fattn-tile-instance-dkq192-dv128.cu: OK
/var/home/agent/workspace/reports/xe-master-agentic-20260914/vulkan-source/ggml/src/ggml-cuda/template-instances/fattn-tile-instance-dkq256-dv256.cu: OK
/var/home/agent/workspace/reports/xe-master-agentic-20260914/vulkan-source/ggml/src/ggml-cuda/template-instances/fattn-tile-instance-dkq320-dv256.cu: OK
/var/home/agent/workspace/reports/xe-master-agentic-20260914/vulkan-source/ggml/src/ggml-cuda/template-instances/fattn-tile-instance-dkq40-dv40.cu: OK
/var/home/agent/workspace/reports/xe-master-agentic-20260914/vulkan-source/ggml/src/ggml-cuda/template-instances/fattn-tile-instance-dkq512-dv512.cu: OK
/var/home/agent/workspace/reports/xe-master-agentic-20260914/vulkan-source/ggml/src/ggml-cuda/template-instances/fattn-tile-instance-dkq576-dv512.cu: OK
/var/home/agent/workspace/reports/xe-master-agentic-20260914/vulkan-source/ggml/src/ggml-cuda/template-instances/fattn-tile-instance-dkq640-dv512.cu: OK
/var/home/agent/workspace/reports/xe-master-agentic-20260914/vulkan-source/ggml/src/ggml-cuda/template-instances/fattn-tile-instance-dkq64-dv64.cu: OK
/var/home/agent/workspace/reports/xe-master-agentic-20260914/vulkan-source/ggml/src/ggml-cuda/template-instances/fattn-tile-instance-dkq72-dv72.cu: OK
/var/home/agent/workspace/reports/xe-master-agentic-20260914/vulkan-source/ggml/src/ggml-cuda/template-instances/fattn-tile-instance-dkq80-dv80.cu: OK
/var/home/agent/workspace/reports/xe-master-agentic-20260914/vulkan-source/ggml/src/ggml-cuda/template-instances/fattn-tile-instance-dkq96-dv96.cu: OK
/var/home/agent/workspace/reports/xe-master-agentic-20260914/vulkan-source/ggml/src/ggml-cuda/template-instances/fattn-vec-instance-bf16-bf16.cu: OK
/var/home/agent/workspace/reports/xe-master-agentic-20260914/vulkan-source/ggml/src/ggml-cuda/template-instances/fattn-vec-instance-bf16-f16.cu: OK
/var/home/agent/workspace/reports/xe-master-agentic-20260914/vulkan-source/ggml/src/ggml-cuda/template-instances/fattn-vec-instance-bf16-q4_0.cu: OK
/var/home/agent/workspace/reports/xe-master-agentic-20260914/vulkan-source/ggml/src/ggml-cuda/template-instances/fattn-vec-instance-bf16-q4_1.cu: OK
/var/home/agent/workspace/reports/xe-master-agentic-20260914/vulkan-source/ggml/src/ggml-cuda/template-instances/fattn-vec-instance-bf16-q5_0.cu: OK
/var/home/agent/workspace/reports/xe-master-agentic-20260914/vulkan-source/ggml/src/ggml-cuda/template-instances/fattn-vec-instance-bf16-q5_1.cu: OK
/var/home/agent/workspace/reports/xe-master-agentic-20260914/vulkan-source/ggml/src/ggml-cuda/template-instances/fattn-vec-instance-bf16-q8_0.cu: OK
/var/home/agent/workspace/reports/xe-master-agentic-20260914/vulkan-source/ggml/src/ggml-cuda/template-instances/fattn-vec-instance-f16-bf16.cu: OK
/var/home/agent/workspace/reports/xe-master-agentic-20260914/vulkan-source/ggml/src/ggml-cuda/template-instances/fattn-vec-instance-f16-f16.cu: OK
/var/home/agent/workspace/reports/xe-master-agentic-20260914/vulkan-source/ggml/src/ggml-cuda/template-instances/fattn-vec-instance-f16-q4_0.cu: OK
/var/home/agent/workspace/reports/xe-master-agentic-20260914/vulkan-source/ggml/src/ggml-cuda/template-instances/fattn-vec-instance-f16-q4_1.cu: OK
/var/home/agent/workspace/reports/xe-master-agentic-20260914/vulkan-source/ggml/src/ggml-cuda/template-instances/fattn-vec-instance-f16-q5_0.cu: OK
/var/home/agent/workspace/reports/xe-master-agentic-20260914/vulkan-source/ggml/src/ggml-cuda/template-instances/fattn-vec-instance-f16-q5_1.cu: OK
/var/home/agent/workspace/reports/xe-master-agentic-20260914/vulkan-source/ggml/src/ggml-cuda/template-instances/fattn-vec-instance-f16-q8_0.cu: OK
/var/home/agent/workspace/reports/xe-master-agentic-20260914/vulkan-source/ggml/src/ggml-cuda/template-instances/fattn-vec-instance-f16-turbo2_0.cu: OK
/var/home/agent/workspace/reports/xe-master-agentic-20260914/vulkan-source/ggml/src/ggml-cuda/template-instances/fattn-vec-instance-f16-turbo3_0.cu: OK
/var/home/agent/workspace/reports/xe-master-agentic-20260914/vulkan-source/ggml/src/ggml-cuda/template-instances/fattn-vec-instance-f16-turbo4_0.cu: OK
/var/home/agent/workspace/reports/xe-master-agentic-20260914/vulkan-source/ggml/src/ggml-cuda/template-instances/fattn-vec-instance-q4_0-bf16.cu: OK
/var/home/agent/workspace/reports/xe-master-agentic-20260914/vulkan-source/ggml/src/ggml-cuda/template-instances/fattn-vec-instance-q4_0-f16.cu: OK
/var/home/agent/workspace/reports/xe-master-agentic-20260914/vulkan-source/ggml/src/ggml-cuda/template-instances/fattn-vec-instance-q4_0-q4_0.cu: OK
/var/home/agent/workspace/reports/xe-master-agentic-20260914/vulkan-source/ggml/src/ggml-cuda/template-instances/fattn-vec-instance-q4_0-q4_1.cu: OK
/var/home/agent/workspace/reports/xe-master-agentic-20260914/vulkan-source/ggml/src/ggml-cuda/template-instances/fattn-vec-instance-q4_0-q5_0.cu: OK
/var/home/agent/workspace/reports/xe-master-agentic-20260914/vulkan-source/ggml/src/ggml-cuda/template-instances/fattn-vec-instance-q4_0-q5_1.cu: OK
/var/home/agent/workspace/reports/xe-master-agentic-20260914/vulkan-source/ggml/src/ggml-cuda/template-instances/fattn-vec-instance-q4_0-q8_0.cu: OK
/var/home/agent/workspace/reports/xe-master-agentic-20260914/vulkan-source/ggml/src/ggml-cuda/template-instances/fattn-vec-instance-q4_1-bf16.cu: OK
/var/home/agent/workspace/reports/xe-master-agentic-20260914/vulkan-source/ggml/src/ggml-cuda/template-instances/fattn-vec-instance-q4_1-f16.cu: OK
/var/home/agent/workspace/reports/xe-master-agentic-20260914/vulkan-source/ggml/src/ggml-cuda/template-instances/fattn-vec-instance-q4_1-q4_0.cu: OK
/var/home/agent/workspace/reports/xe-master-agentic-20260914/vulkan-source/ggml/src/ggml-cuda/template-instances/fattn-vec-instance-q4_1-q4_1.cu: OK
/var/home/agent/workspace/reports/xe-master-agentic-20260914/vulkan-source/ggml/src/ggml-cuda/template-instances/fattn-vec-instance-q4_1-q5_0.cu: OK
/var/home/agent/workspace/reports/xe-master-agentic-20260914/vulkan-source/ggml/src/ggml-cuda/template-instances/fattn-vec-instance-q4_1-q5_1.cu: OK
/var/home/agent/workspace/reports/xe-master-agentic-20260914/vulkan-source/ggml/src/ggml-cuda/template-instances/fattn-vec-instance-q4_1-q8_0.cu: OK
/var/home/agent/workspace/reports/xe-master-agentic-20260914/vulkan-source/ggml/src/ggml-cuda/template-instances/fattn-vec-instance-q5_0-bf16.cu: OK
/var/home/agent/workspace/reports/xe-master-agentic-20260914/vulkan-source/ggml/src/ggml-cuda/template-instances/fattn-vec-instance-q5_0-f16.cu: OK
/var/home/agent/workspace/reports/xe-master-agentic-20260914/vulkan-source/ggml/src/ggml-cuda/template-instances/fattn-vec-instance-q5_0-q4_0.cu: OK
/var/home/agent/workspace/reports/xe-master-agentic-20260914/vulkan-source/ggml/src/ggml-cuda/template-instances/fattn-vec-instance-q5_0-q4_1.cu: OK
/var/home/agent/workspace/reports/xe-master-agentic-20260914/vulkan-source/ggml/src/ggml-cuda/template-instances/fattn-vec-instance-q5_0-q5_0.cu: OK
/var/home/agent/workspace/reports/xe-master-agentic-20260914/vulkan-source/ggml/src/ggml-cuda/template-instances/fattn-vec-instance-q5_0-q5_1.cu: OK
/var/home/agent/workspace/reports/xe-master-agentic-20260914/vulkan-source/ggml/src/ggml-cuda/template-instances/fattn-vec-instance-q5_0-q8_0.cu: OK
/var/home/agent/workspace/reports/xe-master-agentic-20260914/vulkan-source/ggml/src/ggml-cuda/template-instances/fattn-vec-instance-q5_1-bf16.cu: OK
/var/home/agent/workspace/reports/xe-master-agentic-20260914/vulkan-source/ggml/src/ggml-cuda/template-instances/fattn-vec-instance-q5_1-f16.cu: OK
/var/home/agent/workspace/reports/xe-master-agentic-20260914/vulkan-source/ggml/src/ggml-cuda/template-instances/fattn-vec-instance-q5_1-q4_0.cu: OK
/var/home/agent/workspace/reports/xe-master-agentic-20260914/vulkan-source/ggml/src/ggml-cuda/template-instances/fattn-vec-instance-q5_1-q4_1.cu: OK
/var/home/agent/workspace/reports/xe-master-agentic-20260914/vulkan-source/ggml/src/ggml-cuda/template-instances/fattn-vec-instance-q5_1-q5_0.cu: OK
/var/home/agent/workspace/reports/xe-master-agentic-20260914/vulkan-source/ggml/src/ggml-cuda/template-instances/fattn-vec-instance-q5_1-q5_1.cu: OK
/var/home/agent/workspace/reports/xe-master-agentic-20260914/vulkan-source/ggml/src/ggml-cuda/template-instances/fattn-vec-instance-q5_1-q8_0.cu: OK
/var/home/agent/workspace/reports/xe-master-agentic-20260914/vulkan-source/ggml/src/ggml-cuda/template-instances/fattn-vec-instance-q8_0-bf16.cu: OK
/var/home/agent/workspace/reports/xe-master-agentic-20260914/vulkan-source/ggml/src/ggml-cuda/template-instances/fattn-vec-instance-q8_0-f16.cu: OK
/var/home/agent/workspace/reports/xe-master-agentic-20260914/vulkan-source/ggml/src/ggml-cuda/template-instances/fattn-vec-instance-q8_0-q4_0.cu: OK
/var/home/agent/workspace/reports/xe-master-agentic-20260914/vulkan-source/ggml/src/ggml-cuda/template-instances/fattn-vec-instance-q8_0-q4_1.cu: OK
/var/home/agent/workspace/reports/xe-master-agentic-20260914/vulkan-source/ggml/src/ggml-cuda/template-instances/fattn-vec-instance-q8_0-q5_0.cu: OK
/var/home/agent/workspace/reports/xe-master-agentic-20260914/vulkan-source/ggml/src/ggml-cuda/template-instances/fattn-vec-instance-q8_0-q5_1.cu: OK
/var/home/agent/workspace/reports/xe-master-agentic-20260914/vulkan-source/ggml/src/ggml-cuda/template-instances/fattn-vec-instance-q8_0-q8_0.cu: OK
/var/home/agent/workspace/reports/xe-master-agentic-20260914/vulkan-source/ggml/src/ggml-cuda/template-instances/fattn-vec-instance-q8_0-turbo2_0.cu: OK
/var/home/agent/workspace/reports/xe-master-agentic-20260914/vulkan-source/ggml/src/ggml-cuda/template-instances/fattn-vec-instance-q8_0-turbo3_0.cu: OK
/var/home/agent/workspace/reports/xe-master-agentic-20260914/vulkan-source/ggml/src/ggml-cuda/template-instances/fattn-vec-instance-q8_0-turbo4_0.cu: OK
/var/home/agent/workspace/reports/xe-master-agentic-20260914/vulkan-source/ggml/src/ggml-cuda/template-instances/fattn-vec-instance-turbo2_0-f16.cu: OK
/var/home/agent/workspace/reports/xe-master-agentic-20260914/vulkan-source/ggml/src/ggml-cuda/template-instances/fattn-vec-instance-turbo2_0-q8_0.cu: OK
/var/home/agent/workspace/reports/xe-master-agentic-20260914/vulkan-source/ggml/src/ggml-cuda/template-instances/fattn-vec-instance-turbo2_0-turbo2_0.cu: OK
/var/home/agent/workspace/reports/xe-master-agentic-20260914/vulkan-source/ggml/src/ggml-cuda/template-instances/fattn-vec-instance-turbo2_0-turbo3_0.cu: OK
/var/home/agent/workspace/reports/xe-master-agentic-20260914/vulkan-source/ggml/src/ggml-cuda/template-instances/fattn-vec-instance-turbo2_0-turbo4_0.cu: OK
/var/home/agent/workspace/reports/xe-master-agentic-20260914/vulkan-source/ggml/src/ggml-cuda/template-instances/fattn-vec-instance-turbo3_0-f16.cu: OK
/var/home/agent/workspace/reports/xe-master-agentic-20260914/vulkan-source/ggml/src/ggml-cuda/template-instances/fattn-vec-instance-turbo3_0-q8_0.cu: OK
/var/home/agent/workspace/reports/xe-master-agentic-20260914/vulkan-source/ggml/src/ggml-cuda/template-instances/fattn-vec-instance-turbo3_0-turbo2_0.cu: OK
/var/home/agent/workspace/reports/xe-master-agentic-20260914/vulkan-source/ggml/src/ggml-cuda/template-instances/fattn-vec-instance-turbo3_0-turbo3_0.cu: OK
/var/home/agent/workspace/reports/xe-master-agentic-20260914/vulkan-source/ggml/src/ggml-cuda/template-instances/fattn-vec-instance-turbo3_0-turbo4_0.cu: OK
/var/home/agent/workspace/reports/xe-master-agentic-20260914/vulkan-source/ggml/src/ggml-cuda/template-instances/fattn-vec-instance-turbo4_0-f16.cu: OK
/var/home/agent/workspace/reports/xe-master-agentic-20260914/vulkan-source/ggml/src/ggml-cuda/template-instances/fattn-vec-instance-turbo4_0-q8_0.cu: OK
/var/home/agent/workspace/reports/xe-master-agentic-20260914/vulkan-source/ggml/src/ggml-cuda/template-instances/fattn-vec-instance-turbo4_0-turbo2_0.cu: OK
/var/home/agent/workspace/reports/xe-master-agentic-20260914/vulkan-source/ggml/src/ggml-cuda/template-instances/fattn-vec-instance-turbo4_0-turbo3_0.cu: OK
/var/home/agent/workspace/reports/xe-master-agentic-20260914/vulkan-source/ggml/src/ggml-cuda/template-instances/fattn-vec-instance-turbo4_0-turbo4_0.cu: OK
/var/home/agent/workspace/reports/xe-master-agentic-20260914/vulkan-source/ggml/src/ggml-cuda/template-instances/generate_cu_files.py: OK
/var/home/agent/workspace/reports/xe-master-agentic-20260914/vulkan-source/ggml/src/ggml-cuda/template-instances/mmf-instance-ncols_10.cu: OK
/var/home/agent/workspace/reports/xe-master-agentic-20260914/vulkan-source/ggml/src/ggml-cuda/template-instances/mmf-instance-ncols_11.cu: OK
/var/home/agent/workspace/reports/xe-master-agentic-20260914/vulkan-source/ggml/src/ggml-cuda/template-instances/mmf-instance-ncols_12.cu: OK
/var/home/agent/workspace/reports/xe-master-agentic-20260914/vulkan-source/ggml/src/ggml-cuda/template-instances/mmf-instance-ncols_13.cu: OK
/var/home/agent/workspace/reports/xe-master-agentic-20260914/vulkan-source/ggml/src/ggml-cuda/template-instances/mmf-instance-ncols_14.cu: OK
/var/home/agent/workspace/reports/xe-master-agentic-20260914/vulkan-source/ggml/src/ggml-cuda/template-instances/mmf-instance-ncols_15.cu: OK
/var/home/agent/workspace/reports/xe-master-agentic-20260914/vulkan-source/ggml/src/ggml-cuda/template-instances/mmf-instance-ncols_16.cu: OK
/var/home/agent/workspace/reports/xe-master-agentic-20260914/vulkan-source/ggml/src/ggml-cuda/template-instances/mmf-instance-ncols_1.cu: OK
/var/home/agent/workspace/reports/xe-master-agentic-20260914/vulkan-source/ggml/src/ggml-cuda/template-instances/mmf-instance-ncols_2.cu: OK
/var/home/agent/workspace/reports/xe-master-agentic-20260914/vulkan-source/ggml/src/ggml-cuda/template-instances/mmf-instance-ncols_3.cu: OK
/var/home/agent/workspace/reports/xe-master-agentic-20260914/vulkan-source/ggml/src/ggml-cuda/template-instances/mmf-instance-ncols_4.cu: OK
/var/home/agent/workspace/reports/xe-master-agentic-20260914/vulkan-source/ggml/src/ggml-cuda/template-instances/mmf-instance-ncols_5.cu: OK
/var/home/agent/workspace/reports/xe-master-agentic-20260914/vulkan-source/ggml/src/ggml-cuda/template-instances/mmf-instance-ncols_6.cu: OK
/var/home/agent/workspace/reports/xe-master-agentic-20260914/vulkan-source/ggml/src/ggml-cuda/template-instances/mmf-instance-ncols_7.cu: OK
/var/home/agent/workspace/reports/xe-master-agentic-20260914/vulkan-source/ggml/src/ggml-cuda/template-instances/mmf-instance-ncols_8.cu: OK
/var/home/agent/workspace/reports/xe-master-agentic-20260914/vulkan-source/ggml/src/ggml-cuda/template-instances/mmf-instance-ncols_9.cu: OK
/var/home/agent/workspace/reports/xe-master-agentic-20260914/vulkan-source/ggml/src/ggml-cuda/template-instances/mmq-instance-iq1_m.cu: OK
/var/home/agent/workspace/reports/xe-master-agentic-20260914/vulkan-source/ggml/src/ggml-cuda/template-instances/mmq-instance-iq1_s.cu: OK
/var/home/agent/workspace/reports/xe-master-agentic-20260914/vulkan-source/ggml/src/ggml-cuda/template-instances/mmq-instance-iq2_s.cu: OK
/var/home/agent/workspace/reports/xe-master-agentic-20260914/vulkan-source/ggml/src/ggml-cuda/template-instances/mmq-instance-iq2_xs.cu: OK
/var/home/agent/workspace/reports/xe-master-agentic-20260914/vulkan-source/ggml/src/ggml-cuda/template-instances/mmq-instance-iq2_xxs.cu: OK
/var/home/agent/workspace/reports/xe-master-agentic-20260914/vulkan-source/ggml/src/ggml-cuda/template-instances/mmq-instance-iq3_s.cu: OK
/var/home/agent/workspace/reports/xe-master-agentic-20260914/vulkan-source/ggml/src/ggml-cuda/template-instances/mmq-instance-iq3_xxs.cu: OK
/var/home/agent/workspace/reports/xe-master-agentic-20260914/vulkan-source/ggml/src/ggml-cuda/template-instances/mmq-instance-iq4_nl.cu: OK
/var/home/agent/workspace/reports/xe-master-agentic-20260914/vulkan-source/ggml/src/ggml-cuda/template-instances/mmq-instance-iq4_xs.cu: OK
/var/home/agent/workspace/reports/xe-master-agentic-20260914/vulkan-source/ggml/src/ggml-cuda/template-instances/mmq-instance-mxfp4.cu: OK
/var/home/agent/workspace/reports/xe-master-agentic-20260914/vulkan-source/ggml/src/ggml-cuda/template-instances/mmq-instance-nvfp4.cu: OK
/var/home/agent/workspace/reports/xe-master-agentic-20260914/vulkan-source/ggml/src/ggml-cuda/template-instances/mmq-instance-q1_0.cu: OK
/var/home/agent/workspace/reports/xe-master-agentic-20260914/vulkan-source/ggml/src/ggml-cuda/template-instances/mmq-instance-q2_0.cu: OK
/var/home/agent/workspace/reports/xe-master-agentic-20260914/vulkan-source/ggml/src/ggml-cuda/template-instances/mmq-instance-q2_k.cu: OK
/var/home/agent/workspace/reports/xe-master-agentic-20260914/vulkan-source/ggml/src/ggml-cuda/template-instances/mmq-instance-q3_k.cu: OK
/var/home/agent/workspace/reports/xe-master-agentic-20260914/vulkan-source/ggml/src/ggml-cuda/template-instances/mmq-instance-q4_0.cu: OK
/var/home/agent/workspace/reports/xe-master-agentic-20260914/vulkan-source/ggml/src/ggml-cuda/template-instances/mmq-instance-q4_1.cu: OK
/var/home/agent/workspace/reports/xe-master-agentic-20260914/vulkan-source/ggml/src/ggml-cuda/template-instances/mmq-instance-q4_k.cu: OK
/var/home/agent/workspace/reports/xe-master-agentic-20260914/vulkan-source/ggml/src/ggml-cuda/template-instances/mmq-instance-q5_0.cu: OK
/var/home/agent/workspace/reports/xe-master-agentic-20260914/vulkan-source/ggml/src/ggml-cuda/template-instances/mmq-instance-q5_1.cu: OK
/var/home/agent/workspace/reports/xe-master-agentic-20260914/vulkan-source/ggml/src/ggml-cuda/template-instances/mmq-instance-q5_k.cu: OK
/var/home/agent/workspace/reports/xe-master-agentic-20260914/vulkan-source/ggml/src/ggml-cuda/template-instances/mmq-instance-q6_k.cu: OK
/var/home/agent/workspace/reports/xe-master-agentic-20260914/vulkan-source/ggml/src/ggml-cuda/template-instances/mmq-instance-q8_0.cu: OK
/var/home/agent/workspace/reports/xe-master-agentic-20260914/vulkan-source/ggml/src/ggml-cuda/top-k.cu: OK
/var/home/agent/workspace/reports/xe-master-agentic-20260914/vulkan-source/ggml/src/ggml-cuda/top-k.cuh: OK
/var/home/agent/workspace/reports/xe-master-agentic-20260914/vulkan-source/ggml/src/ggml-cuda/topk-moe.cu: OK
/var/home/agent/workspace/reports/xe-master-agentic-20260914/vulkan-source/ggml/src/ggml-cuda/topk-moe.cuh: OK
/var/home/agent/workspace/reports/xe-master-agentic-20260914/vulkan-source/ggml/src/ggml-cuda/tri.cu: OK
/var/home/agent/workspace/reports/xe-master-agentic-20260914/vulkan-source/ggml/src/ggml-cuda/tri.cuh: OK
/var/home/agent/workspace/reports/xe-master-agentic-20260914/vulkan-source/ggml/src/ggml-cuda/tsembd.cu: OK
/var/home/agent/workspace/reports/xe-master-agentic-20260914/vulkan-source/ggml/src/ggml-cuda/tsembd.cuh: OK
/var/home/agent/workspace/reports/xe-master-agentic-20260914/vulkan-source/ggml/src/ggml-cuda/turbo-innerq.cu: OK
/var/home/agent/workspace/reports/xe-master-agentic-20260914/vulkan-source/ggml/src/ggml-cuda/turbo-innerq.cuh: OK
/var/home/agent/workspace/reports/xe-master-agentic-20260914/vulkan-source/ggml/src/ggml-cuda/turbo-quant.cuh: OK
/var/home/agent/workspace/reports/xe-master-agentic-20260914/vulkan-source/ggml/src/ggml-cuda/turbo-wht.cu: OK
/var/home/agent/workspace/reports/xe-master-agentic-20260914/vulkan-source/ggml/src/ggml-cuda/turbo-wht.cuh: OK
/var/home/agent/workspace/reports/xe-master-agentic-20260914/vulkan-source/ggml/src/ggml-cuda/unary.cu: OK
/var/home/agent/workspace/reports/xe-master-agentic-20260914/vulkan-source/ggml/src/ggml-cuda/unary.cuh: OK
/var/home/agent/workspace/reports/xe-master-agentic-20260914/vulkan-source/ggml/src/ggml-cuda/upscale.cu: OK
/var/home/agent/workspace/reports/xe-master-agentic-20260914/vulkan-source/ggml/src/ggml-cuda/upscale.cuh: OK
/var/home/agent/workspace/reports/xe-master-agentic-20260914/vulkan-source/ggml/src/ggml-cuda/vecdotq.cuh: OK
/var/home/agent/workspace/reports/xe-master-agentic-20260914/vulkan-source/ggml/src/ggml-cuda/vendors/cuda.h: OK
/var/home/agent/workspace/reports/xe-master-agentic-20260914/vulkan-source/ggml/src/ggml-cuda/vendors/hip.h: OK
/var/home/agent/workspace/reports/xe-master-agentic-20260914/vulkan-source/ggml/src/ggml-cuda/vendors/musa.h: OK
/var/home/agent/workspace/reports/xe-master-agentic-20260914/vulkan-source/ggml/src/ggml-cuda/wkv.cu: OK
/var/home/agent/workspace/reports/xe-master-agentic-20260914/vulkan-source/ggml/src/ggml-cuda/wkv.cuh: OK
/var/home/agent/workspace/reports/xe-master-agentic-20260914/vulkan-source/ggml/src/ggml-et/cmake/embed_one_kernel.cmake: OK
/var/home/agent/workspace/reports/xe-master-agentic-20260914/vulkan-source/ggml/src/ggml-et/cmake/ggml-et-kernels-embed.cpp.in: OK
/var/home/agent/workspace/reports/xe-master-agentic-20260914/vulkan-source/ggml/src/ggml-et/cmake/ggml-et-kernels-embed.hpp.in: OK
/var/home/agent/workspace/reports/xe-master-agentic-20260914/vulkan-source/ggml/src/ggml-et/cmake/ggml-et-uberkernel-kernel-map.cpp.in: OK
/var/home/agent/workspace/reports/xe-master-agentic-20260914/vulkan-source/ggml/src/ggml-et/cmake/ggml-et-uberkernel-kernel-map.h.in: OK
/var/home/agent/workspace/reports/xe-master-agentic-20260914/vulkan-source/ggml/src/ggml-et/CMakeLists.txt: OK
/var/home/agent/workspace/reports/xe-master-agentic-20260914/vulkan-source/ggml/src/ggml-et/et-kernels/CMakeLists.txt: OK
/var/home/agent/workspace/reports/xe-master-agentic-20260914/vulkan-source/ggml/src/ggml-et/et-kernels/scripts/check_unimplemented_instructions.sh: OK
/var/home/agent/workspace/reports/xe-master-agentic-20260914/vulkan-source/ggml/src/ggml-et/et-kernels/src/block_ops.h: OK
/var/home/agent/workspace/reports/xe-master-agentic-20260914/vulkan-source/ggml/src/ggml-et/et-kernels/src/clamp_f32.c: OK
/var/home/agent/workspace/reports/xe-master-agentic-20260914/vulkan-source/ggml/src/ggml-et/et-kernels/src/concat_f32.c: OK
/var/home/agent/workspace/reports/xe-master-agentic-20260914/vulkan-source/ggml/src/ggml-et/et-kernels/src/cont_f16.c: OK
/var/home/agent/workspace/reports/xe-master-agentic-20260914/vulkan-source/ggml/src/ggml-et/et-kernels/src/cont_f32.c: OK
/var/home/agent/workspace/reports/xe-master-agentic-20260914/vulkan-source/ggml/src/ggml-et/et-kernels/src/conv_2d_f32_me.c: OK
/var/home/agent/workspace/reports/xe-master-agentic-20260914/vulkan-source/ggml/src/ggml-et/et-kernels/src/cpy_f32_f16.c: OK
/var/home/agent/workspace/reports/xe-master-agentic-20260914/vulkan-source/ggml/src/ggml-et/et-kernels/src/crt.S: OK
/var/home/agent/workspace/reports/xe-master-agentic-20260914/vulkan-source/ggml/src/ggml-et/et-kernels/src/cumsum_f32.c: OK
/var/home/agent/workspace/reports/xe-master-agentic-20260914/vulkan-source/ggml/src/ggml-et/et-kernels/src/diag_f32.c: OK
/var/home/agent/workspace/reports/xe-master-agentic-20260914/vulkan-source/ggml/src/ggml-et/et-kernels/src/el_map_f32.c: OK
/var/home/agent/workspace/reports/xe-master-agentic-20260914/vulkan-source/ggml/src/ggml-et/et-kernels/src/fill_f32.c: OK
/var/home/agent/workspace/reports/xe-master-agentic-20260914/vulkan-source/ggml/src/ggml-et/et-kernels/src/flash_attn_ext_f16_me.c: OK
/var/home/agent/workspace/reports/xe-master-agentic-20260914/vulkan-source/ggml/src/ggml-et/et-kernels/src/flash_attn_ext_f32.c: OK
/var/home/agent/workspace/reports/xe-master-agentic-20260914/vulkan-source/ggml/src/ggml-et/et-kernels/src/gated_delta_net_f32.c: OK
/var/home/agent/workspace/reports/xe-master-agentic-20260914/vulkan-source/ggml/src/ggml-et/et-kernels/src/get_rows_f32.c: OK
/var/home/agent/workspace/reports/xe-master-agentic-20260914/vulkan-source/ggml/src/ggml-et/et-kernels/src/ggml_tensor.h: OK
/var/home/agent/workspace/reports/xe-master-agentic-20260914/vulkan-source/ggml/src/ggml-et/et-kernels/src/glu_f32.c: OK
/var/home/agent/workspace/reports/xe-master-agentic-20260914/vulkan-source/ggml/src/ggml-et/et-kernels/src/group_norm_f32.c: OK
/var/home/agent/workspace/reports/xe-master-agentic-20260914/vulkan-source/ggml/src/ggml-et/et-kernels/src/im2col.c: OK
/var/home/agent/workspace/reports/xe-master-agentic-20260914/vulkan-source/ggml/src/ggml-et/et-kernels/src/l2_norm_f32.c: OK
/var/home/agent/workspace/reports/xe-master-agentic-20260914/vulkan-source/ggml/src/ggml-et/et-kernels/src/linker.ld: OK
/var/home/agent/workspace/reports/xe-master-agentic-20260914/vulkan-source/ggml/src/ggml-et/et-kernels/src/math_fp.h: OK
/var/home/agent/workspace/reports/xe-master-agentic-20260914/vulkan-source/ggml/src/ggml-et/et-kernels/src/mean_f32.c: OK
/var/home/agent/workspace/reports/xe-master-agentic-20260914/vulkan-source/ggml/src/ggml-et/et-kernels/src/memops.c: OK
/var/home/agent/workspace/reports/xe-master-agentic-20260914/vulkan-source/ggml/src/ggml-et/et-kernels/src/mul_mat_f16.c: OK
/var/home/agent/workspace/reports/xe-master-agentic-20260914/vulkan-source/ggml/src/ggml-et/et-kernels/src/mul_mat_f16_matrix_engine.c: OK
/var/home/agent/workspace/reports/xe-master-agentic-20260914/vulkan-source/ggml/src/ggml-et/et-kernels/src/mul_mat_f32.c: OK
/var/home/agent/workspace/reports/xe-master-agentic-20260914/vulkan-source/ggml/src/ggml-et/et-kernels/src/mul_mat_f32_matrix_engine.c: OK
/var/home/agent/workspace/reports/xe-master-agentic-20260914/vulkan-source/ggml/src/ggml-et/et-kernels/src/mul_mat_id_f32.c: OK
/var/home/agent/workspace/reports/xe-master-agentic-20260914/vulkan-source/ggml/src/ggml-et/et-kernels/src/mul_mat_id_Q4_0.c: OK
/var/home/agent/workspace/reports/xe-master-agentic-20260914/vulkan-source/ggml/src/ggml-et/et-kernels/src/mul_mat_id_Q8_0.c: OK
/var/home/agent/workspace/reports/xe-master-agentic-20260914/vulkan-source/ggml/src/ggml-et/et-kernels/src/mul_mat_Q4_0.c: OK
/var/home/agent/workspace/reports/xe-master-agentic-20260914/vulkan-source/ggml/src/ggml-et/et-kernels/src/mul_mat_Q4_0_matrix_engine.c: OK
/var/home/agent/workspace/reports/xe-master-agentic-20260914/vulkan-source/ggml/src/ggml-et/et-kernels/src/mul_mat_Q8_0.c: OK
/var/home/agent/workspace/reports/xe-master-agentic-20260914/vulkan-source/ggml/src/ggml-et/et-kernels/src/norm_f32.c: OK
/var/home/agent/workspace/reports/xe-master-agentic-20260914/vulkan-source/ggml/src/ggml-et/et-kernels/src/pad_f32.c: OK
/var/home/agent/workspace/reports/xe-master-agentic-20260914/vulkan-source/ggml/src/ggml-et/et-kernels/src/platform.h: OK
/var/home/agent/workspace/reports/xe-master-agentic-20260914/vulkan-source/ggml/src/ggml-et/et-kernels/src/quants.h: OK
/var/home/agent/workspace/reports/xe-master-agentic-20260914/vulkan-source/ggml/src/ggml-et/et-kernels/src/repeat_f32.c: OK
/var/home/agent/workspace/reports/xe-master-agentic-20260914/vulkan-source/ggml/src/ggml-et/et-kernels/src/rms_norm_f32.c: OK
/var/home/agent/workspace/reports/xe-master-agentic-20260914/vulkan-source/ggml/src/ggml-et/et-kernels/src/rms_norm_mul_f32.c: OK
/var/home/agent/workspace/reports/xe-master-agentic-20260914/vulkan-source/ggml/src/ggml-et/et-kernels/src/rope_f32.c: OK
/var/home/agent/workspace/reports/xe-master-agentic-20260914/vulkan-source/ggml/src/ggml-et/et-kernels/src/RunBackend.sh: OK
/var/home/agent/workspace/reports/xe-master-agentic-20260914/vulkan-source/ggml/src/ggml-et/et-kernels/src/rwkv_wkv6_f32.c: OK
/var/home/agent/workspace/reports/xe-master-agentic-20260914/vulkan-source/ggml/src/ggml-et/et-kernels/src/rwkv_wkv7_f32.c: OK
/var/home/agent/workspace/reports/xe-master-agentic-20260914/vulkan-source/ggml/src/ggml-et/et-kernels/src/scale_f32.c: OK
/var/home/agent/workspace/reports/xe-master-agentic-20260914/vulkan-source/ggml/src/ggml-et/et-kernels/src/set_f32.c: OK
/var/home/agent/workspace/reports/xe-master-agentic-20260914/vulkan-source/ggml/src/ggml-et/et-kernels/src/set_rows_f32.c: OK
/var/home/agent/workspace/reports/xe-master-agentic-20260914/vulkan-source/ggml/src/ggml-et/et-kernels/src/softmax_f32.c: OK
/var/home/agent/workspace/reports/xe-master-agentic-20260914/vulkan-source/ggml/src/ggml-et/et-kernels/src/solve_tri_f32.c: OK
/var/home/agent/workspace/reports/xe-master-agentic-20260914/vulkan-source/ggml/src/ggml-et/et-kernels/src/sqr_f32.c: OK
/var/home/agent/workspace/reports/xe-master-agentic-20260914/vulkan-source/ggml/src/ggml-et/et-kernels/src/ssm_conv_f32.c: OK
/var/home/agent/workspace/reports/xe-master-agentic-20260914/vulkan-source/ggml/src/ggml-et/et-kernels/src/ssm_scan_f32.c: OK
/var/home/agent/workspace/reports/xe-master-agentic-20260914/vulkan-source/ggml/src/ggml-et/et-kernels/src/sum_rows_f32.c: OK
/var/home/agent/workspace/reports/xe-master-agentic-20260914/vulkan-source/ggml/src/ggml-et/et-kernels/src/tensor.h: OK
/var/home/agent/workspace/reports/xe-master-agentic-20260914/vulkan-source/ggml/src/ggml-et/et-kernels/src/tri_f32.c: OK
/var/home/agent/workspace/reports/xe-master-agentic-20260914/vulkan-source/ggml/src/ggml-et/et-kernels/src/uberkernel.c: OK
/var/home/agent/workspace/reports/xe-master-agentic-20260914/vulkan-source/ggml/src/ggml-et/et-kernels/src/unary_f32.c: OK
/var/home/agent/workspace/reports/xe-master-agentic-20260914/vulkan-source/ggml/src/ggml-et/ggml-et-common.h: OK
/var/home/agent/workspace/reports/xe-master-agentic-20260914/vulkan-source/ggml/src/ggml-et/ggml-et.cpp: OK
/var/home/agent/workspace/reports/xe-master-agentic-20260914/vulkan-source/ggml/src/ggml-et/ggml-et-cpu-compare.cpp: OK
/var/home/agent/workspace/reports/xe-master-agentic-20260914/vulkan-source/ggml/src/ggml-et/ggml-et-cpu-compare.h: OK
/var/home/agent/workspace/reports/xe-master-agentic-20260914/vulkan-source/ggml/src/ggml-et/ggml-et-kernels.cpp: OK
/var/home/agent/workspace/reports/xe-master-agentic-20260914/vulkan-source/ggml/src/ggml-et/ggml-et-kernels.h: OK
/var/home/agent/workspace/reports/xe-master-agentic-20260914/vulkan-source/ggml/src/ggml-et/ggml-et-memops.cpp: OK
/var/home/agent/workspace/reports/xe-master-agentic-20260914/vulkan-source/ggml/src/ggml-et/ggml-et-memops.h: OK
/var/home/agent/workspace/reports/xe-master-agentic-20260914/vulkan-source/ggml/src/ggml-et/ggml-et-ops.cpp: OK
/var/home/agent/workspace/reports/xe-master-agentic-20260914/vulkan-source/ggml/src/ggml-et/ggml-et-ops.h: OK
/var/home/agent/workspace/reports/xe-master-agentic-20260914/vulkan-source/ggml/src/ggml-et/ggml-et-uberkernel-common.h: OK
/var/home/agent/workspace/reports/xe-master-agentic-20260914/vulkan-source/ggml/src/ggml-feats.h: OK
/var/home/agent/workspace/reports/xe-master-agentic-20260914/vulkan-source/ggml/src/ggml-hexagon/CMakeLists.txt: OK
/var/home/agent/workspace/reports/xe-master-agentic-20260914/vulkan-source/ggml/src/ggml-hexagon/ggml-hexagon.cpp: OK
/var/home/agent/workspace/reports/xe-master-agentic-20260914/vulkan-source/ggml/src/ggml-hexagon/htp/act-ops.c: OK
/var/home/agent/workspace/reports/xe-master-agentic-20260914/vulkan-source/ggml/src/ggml-hexagon/htp/allreduce-ops.c: OK
/var/home/agent/workspace/reports/xe-master-agentic-20260914/vulkan-source/ggml/src/ggml-hexagon/htp/allreduce-ops.h: OK
/var/home/agent/workspace/reports/xe-master-agentic-20260914/vulkan-source/ggml/src/ggml-hexagon/htp/argsort-ops.c: OK
/var/home/agent/workspace/reports/xe-master-agentic-20260914/vulkan-source/ggml/src/ggml-hexagon/htp/binary-ops.c: OK
/var/home/agent/workspace/reports/xe-master-agentic-20260914/vulkan-source/ggml/src/ggml-hexagon/htp/CMakeLists.txt: OK
/var/home/agent/workspace/reports/xe-master-agentic-20260914/vulkan-source/ggml/src/ggml-hexagon/htp/cmake-toolchain.cmake: OK
/var/home/agent/workspace/reports/xe-master-agentic-20260914/vulkan-source/ggml/src/ggml-hexagon/htp/concat-ops.c: OK
/var/home/agent/workspace/reports/xe-master-agentic-20260914/vulkan-source/ggml/src/ggml-hexagon/htp/cpy-ops.c: OK
/var/home/agent/workspace/reports/xe-master-agentic-20260914/vulkan-source/ggml/src/ggml-hexagon/htp/cumsum-ops.c: OK
/var/home/agent/workspace/reports/xe-master-agentic-20260914/vulkan-source/ggml/src/ggml-hexagon/htp/diag-ops.c: OK
/var/home/agent/workspace/reports/xe-master-agentic-20260914/vulkan-source/ggml/src/ggml-hexagon/htp/dma-queue.c: OK
/var/home/agent/workspace/reports/xe-master-agentic-20260914/vulkan-source/ggml/src/ggml-hexagon/htp/dma-queue.h: OK
/var/home/agent/workspace/reports/xe-master-agentic-20260914/vulkan-source/ggml/src/ggml-hexagon/htp-drv.cpp: OK
/var/home/agent/workspace/reports/xe-master-agentic-20260914/vulkan-source/ggml/src/ggml-hexagon/htp-drv.h: OK
/var/home/agent/workspace/reports/xe-master-agentic-20260914/vulkan-source/ggml/src/ggml-hexagon/htp/fill-ops.c: OK
/var/home/agent/workspace/reports/xe-master-agentic-20260914/vulkan-source/ggml/src/ggml-hexagon/htp/flash-attn-ops.c: OK
/var/home/agent/workspace/reports/xe-master-agentic-20260914/vulkan-source/ggml/src/ggml-hexagon/htp/flash-attn-ops.h: OK
/var/home/agent/workspace/reports/xe-master-agentic-20260914/vulkan-source/ggml/src/ggml-hexagon/htp/gated-delta-net-ops.c: OK
/var/home/agent/workspace/reports/xe-master-agentic-20260914/vulkan-source/ggml/src/ggml-hexagon/htp/get-rows-ops.c: OK
/var/home/agent/workspace/reports/xe-master-agentic-20260914/vulkan-source/ggml/src/ggml-hexagon/htp/get-rows-ops.h: OK
/var/home/agent/workspace/reports/xe-master-agentic-20260914/vulkan-source/ggml/src/ggml-hexagon/htp/hex-bitmap.h: OK
/var/home/agent/workspace/reports/xe-master-agentic-20260914/vulkan-source/ggml/src/ggml-hexagon/htp/hex-common.h: OK
/var/home/agent/workspace/reports/xe-master-agentic-20260914/vulkan-source/ggml/src/ggml-hexagon/htp/hex-dma.h: OK
/var/home/agent/workspace/reports/xe-master-agentic-20260914/vulkan-source/ggml/src/ggml-hexagon/htp/hex-dump.h: OK
/var/home/agent/workspace/reports/xe-master-agentic-20260914/vulkan-source/ggml/src/ggml-hexagon/htp/hex-fastdiv.h: OK
/var/home/agent/workspace/reports/xe-master-agentic-20260914/vulkan-source/ggml/src/ggml-hexagon/htp/hex-profile.h: OK
/var/home/agent/workspace/reports/xe-master-agentic-20260914/vulkan-source/ggml/src/ggml-hexagon/htp/hex-utils.h: OK
/var/home/agent/workspace/reports/xe-master-agentic-20260914/vulkan-source/ggml/src/ggml-hexagon/htp/hmx-fa-kernels.h: OK
/var/home/agent/workspace/reports/xe-master-agentic-20260914/vulkan-source/ggml/src/ggml-hexagon/htp/hmx-matmul-ops.c: OK
/var/home/agent/workspace/reports/xe-master-agentic-20260914/vulkan-source/ggml/src/ggml-hexagon/htp/hmx-mm-kernels-tiled.h: OK
/var/home/agent/workspace/reports/xe-master-agentic-20260914/vulkan-source/ggml/src/ggml-hexagon/htp/hmx-ops.h: OK
/var/home/agent/workspace/reports/xe-master-agentic-20260914/vulkan-source/ggml/src/ggml-hexagon/htp/hmx-profile.h: OK
/var/home/agent/workspace/reports/xe-master-agentic-20260914/vulkan-source/ggml/src/ggml-hexagon/htp/hmx-queue.c: OK
/var/home/agent/workspace/reports/xe-master-agentic-20260914/vulkan-source/ggml/src/ggml-hexagon/htp/hmx-queue.h: OK
/var/home/agent/workspace/reports/xe-master-agentic-20260914/vulkan-source/ggml/src/ggml-hexagon/htp/hmx-utils.h: OK
/var/home/agent/workspace/reports/xe-master-agentic-20260914/vulkan-source/ggml/src/ggml-hexagon/htp/htp-ctx.h: OK
/var/home/agent/workspace/reports/xe-master-agentic-20260914/vulkan-source/ggml/src/ggml-hexagon/htp/htp-fence.h: OK
/var/home/agent/workspace/reports/xe-master-agentic-20260914/vulkan-source/ggml/src/ggml-hexagon/htp/htp_iface.idl: OK
/var/home/agent/workspace/reports/xe-master-agentic-20260914/vulkan-source/ggml/src/ggml-hexagon/htp/htp-ops.h: OK
/var/home/agent/workspace/reports/xe-master-agentic-20260914/vulkan-source/ggml/src/ggml-hexagon/htp/htp-tensor.c: OK
/var/home/agent/workspace/reports/xe-master-agentic-20260914/vulkan-source/ggml/src/ggml-hexagon/htp/htp-tensor.h: OK
/var/home/agent/workspace/reports/xe-master-agentic-20260914/vulkan-source/ggml/src/ggml-hexagon/htp/htp-vtcm.h: OK
/var/home/agent/workspace/reports/xe-master-agentic-20260914/vulkan-source/ggml/src/ggml-hexagon/htp/hvx-arith.h: OK
/var/home/agent/workspace/reports/xe-master-agentic-20260914/vulkan-source/ggml/src/ggml-hexagon/htp/hvx-base.h: OK
/var/home/agent/workspace/reports/xe-master-agentic-20260914/vulkan-source/ggml/src/ggml-hexagon/htp/hvx-copy.h: OK
/var/home/agent/workspace/reports/xe-master-agentic-20260914/vulkan-source/ggml/src/ggml-hexagon/htp/hvx-div.h: OK
/var/home/agent/workspace/reports/xe-master-agentic-20260914/vulkan-source/ggml/src/ggml-hexagon/htp/hvx-dump.h: OK
/var/home/agent/workspace/reports/xe-master-agentic-20260914/vulkan-source/ggml/src/ggml-hexagon/htp/hvx-exp.h: OK
/var/home/agent/workspace/reports/xe-master-agentic-20260914/vulkan-source/ggml/src/ggml-hexagon/htp/hvx-fa-kernels.h: OK
/var/home/agent/workspace/reports/xe-master-agentic-20260914/vulkan-source/ggml/src/ggml-hexagon/htp/hvx-flash-attn.h: OK
/var/home/agent/workspace/reports/xe-master-agentic-20260914/vulkan-source/ggml/src/ggml-hexagon/htp/hvx-floor.h: OK
/var/home/agent/workspace/reports/xe-master-agentic-20260914/vulkan-source/ggml/src/ggml-hexagon/htp/hvx-inverse.h: OK
/var/home/agent/workspace/reports/xe-master-agentic-20260914/vulkan-source/ggml/src/ggml-hexagon/htp/hvx-log.h: OK
/var/home/agent/workspace/reports/xe-master-agentic-20260914/vulkan-source/ggml/src/ggml-hexagon/htp/hvx-mm-kernels-flat.h: OK
/var/home/agent/workspace/reports/xe-master-agentic-20260914/vulkan-source/ggml/src/ggml-hexagon/htp/hvx-mm-kernels-tiled.h: OK
/var/home/agent/workspace/reports/xe-master-agentic-20260914/vulkan-source/ggml/src/ggml-hexagon/htp/hvx-norm.h: OK
/var/home/agent/workspace/reports/xe-master-agentic-20260914/vulkan-source/ggml/src/ggml-hexagon/htp/hvx-pow.h: OK
/var/home/agent/workspace/reports/xe-master-agentic-20260914/vulkan-source/ggml/src/ggml-hexagon/htp/hvx-quant.h: OK
/var/home/agent/workspace/reports/xe-master-agentic-20260914/vulkan-source/ggml/src/ggml-hexagon/htp/hvx-reduce.h: OK
/var/home/agent/workspace/reports/xe-master-agentic-20260914/vulkan-source/ggml/src/ggml-hexagon/htp/hvx-repl.h: OK
/var/home/agent/workspace/reports/xe-master-agentic-20260914/vulkan-source/ggml/src/ggml-hexagon/htp/hvx-scale.h: OK
/var/home/agent/workspace/reports/xe-master-agentic-20260914/vulkan-source/ggml/src/ggml-hexagon/htp/hvx-sigmoid.h: OK
/var/home/agent/workspace/reports/xe-master-agentic-20260914/vulkan-source/ggml/src/ggml-hexagon/htp/hvx-sin-cos.h: OK
/var/home/agent/workspace/reports/xe-master-agentic-20260914/vulkan-source/ggml/src/ggml-hexagon/htp/hvx-sqrt.h: OK
/var/home/agent/workspace/reports/xe-master-agentic-20260914/vulkan-source/ggml/src/ggml-hexagon/htp/hvx-types.h: OK
/var/home/agent/workspace/reports/xe-master-agentic-20260914/vulkan-source/ggml/src/ggml-hexagon/htp/hvx-utils.h: OK
/var/home/agent/workspace/reports/xe-master-agentic-20260914/vulkan-source/ggml/src/ggml-hexagon/htp/im2col-ops.c: OK
/var/home/agent/workspace/reports/xe-master-agentic-20260914/vulkan-source/ggml/src/ggml-hexagon/htp/main.c: OK
/var/home/agent/workspace/reports/xe-master-agentic-20260914/vulkan-source/ggml/src/ggml-hexagon/htp/matmul-ops.c: OK
/var/home/agent/workspace/reports/xe-master-agentic-20260914/vulkan-source/ggml/src/ggml-hexagon/htp/matmul-ops.h: OK
/var/home/agent/workspace/reports/xe-master-agentic-20260914/vulkan-source/ggml/src/ggml-hexagon/htp-opnode.h: OK
/var/home/agent/workspace/reports/xe-master-agentic-20260914/vulkan-source/ggml/src/ggml-hexagon/htp/pad-ops.c: OK
/var/home/agent/workspace/reports/xe-master-agentic-20260914/vulkan-source/ggml/src/ggml-hexagon/htp/repeat-ops.c: OK
/var/home/agent/workspace/reports/xe-master-agentic-20260914/vulkan-source/ggml/src/ggml-hexagon/htp/rope-ops.c: OK
/var/home/agent/workspace/reports/xe-master-agentic-20260914/vulkan-source/ggml/src/ggml-hexagon/htp/rope-ops.h: OK
/var/home/agent/workspace/reports/xe-master-agentic-20260914/vulkan-source/ggml/src/ggml-hexagon/htp/set-rows-ops.c: OK
/var/home/agent/workspace/reports/xe-master-agentic-20260914/vulkan-source/ggml/src/ggml-hexagon/htp/set-rows-ops.h: OK
/var/home/agent/workspace/reports/xe-master-agentic-20260914/vulkan-source/ggml/src/ggml-hexagon/htp/softmax-ops.c: OK
/var/home/agent/workspace/reports/xe-master-agentic-20260914/vulkan-source/ggml/src/ggml-hexagon/htp/solve-tri-ops.c: OK
/var/home/agent/workspace/reports/xe-master-agentic-20260914/vulkan-source/ggml/src/ggml-hexagon/htp/ssm-conv.c: OK
/var/home/agent/workspace/reports/xe-master-agentic-20260914/vulkan-source/ggml/src/ggml-hexagon/htp/sum-rows-ops.c: OK
/var/home/agent/workspace/reports/xe-master-agentic-20260914/vulkan-source/ggml/src/ggml-hexagon/htp/unary-ops.c: OK
/var/home/agent/workspace/reports/xe-master-agentic-20260914/vulkan-source/ggml/src/ggml-hexagon/htp/unary-ops.h: OK
/var/home/agent/workspace/reports/xe-master-agentic-20260914/vulkan-source/ggml/src/ggml-hexagon/htp/work-queue.c: OK
/var/home/agent/workspace/reports/xe-master-agentic-20260914/vulkan-source/ggml/src/ggml-hexagon/htp/work-queue.h: OK
/var/home/agent/workspace/reports/xe-master-agentic-20260914/vulkan-source/ggml/src/ggml-hexagon/libdl.h: OK
/var/home/agent/workspace/reports/xe-master-agentic-20260914/vulkan-source/ggml/src/ggml-hexagon/libggml-htp.inf: OK
/var/home/agent/workspace/reports/xe-master-agentic-20260914/vulkan-source/ggml/src/ggml-hexagon/op-desc.h: OK
/var/home/agent/workspace/reports/xe-master-agentic-20260914/vulkan-source/ggml/src/ggml-hip/CMakeLists.txt: OK
/var/home/agent/workspace/reports/xe-master-agentic-20260914/vulkan-source/ggml/src/ggml-impl.h: OK
/var/home/agent/workspace/reports/xe-master-agentic-20260914/vulkan-source/ggml/src/ggml-metal/CMakeLists.txt: OK
/var/home/agent/workspace/reports/xe-master-agentic-20260914/vulkan-source/ggml/src/ggml-metal/ggml-metal-common.cpp: OK
/var/home/agent/workspace/reports/xe-master-agentic-20260914/vulkan-source/ggml/src/ggml-metal/ggml-metal-common.h: OK
/var/home/agent/workspace/reports/xe-master-agentic-20260914/vulkan-source/ggml/src/ggml-metal/ggml-metal-context.h: OK
/var/home/agent/workspace/reports/xe-master-agentic-20260914/vulkan-source/ggml/src/ggml-metal/ggml-metal-context.m: OK
/var/home/agent/workspace/reports/xe-master-agentic-20260914/vulkan-source/ggml/src/ggml-metal/ggml-metal.cpp: OK
/var/home/agent/workspace/reports/xe-master-agentic-20260914/vulkan-source/ggml/src/ggml-metal/ggml-metal-device.cpp: OK
/var/home/agent/workspace/reports/xe-master-agentic-20260914/vulkan-source/ggml/src/ggml-metal/ggml-metal-device.h: OK
/var/home/agent/workspace/reports/xe-master-agentic-20260914/vulkan-source/ggml/src/ggml-metal/ggml-metal-device.m: OK
/var/home/agent/workspace/reports/xe-master-agentic-20260914/vulkan-source/ggml/src/ggml-metal/ggml-metal-fusion.cpp: OK
/var/home/agent/workspace/reports/xe-master-agentic-20260914/vulkan-source/ggml/src/ggml-metal/ggml-metal-fusion.h: OK
/var/home/agent/workspace/reports/xe-master-agentic-20260914/vulkan-source/ggml/src/ggml-metal/ggml-metal-impl.h: OK
/var/home/agent/workspace/reports/xe-master-agentic-20260914/vulkan-source/ggml/src/ggml-metal/ggml-metal-ops.cpp: OK
/var/home/agent/workspace/reports/xe-master-agentic-20260914/vulkan-source/ggml/src/ggml-metal/ggml-metal-ops.h: OK
/var/home/agent/workspace/reports/xe-master-agentic-20260914/vulkan-source/ggml/src/ggml-metal/ggml-metal-tuning.cpp: OK
/var/home/agent/workspace/reports/xe-master-agentic-20260914/vulkan-source/ggml/src/ggml-metal/ggml-metal-tuning.h: OK
/var/home/agent/workspace/reports/xe-master-agentic-20260914/vulkan-source/ggml/src/ggml-metal/kernels/argsort.metal: OK
/var/home/agent/workspace/reports/xe-master-agentic-20260914/vulkan-source/ggml/src/ggml-metal/kernels/binbcast.metal: OK
/var/home/agent/workspace/reports/xe-master-agentic-20260914/vulkan-source/ggml/src/ggml-metal/kernels/common.h: OK
/var/home/agent/workspace/reports/xe-master-agentic-20260914/vulkan-source/ggml/src/ggml-metal/kernels/conv.metal: OK
/var/home/agent/workspace/reports/xe-master-agentic-20260914/vulkan-source/ggml/src/ggml-metal/kernels/dequantize.h: OK
/var/home/agent/workspace/reports/xe-master-agentic-20260914/vulkan-source/ggml/src/ggml-metal/kernels/fa.metal: OK
/var/home/agent/workspace/reports/xe-master-agentic-20260914/vulkan-source/ggml/src/ggml-metal/kernels/gated_delta_net.metal: OK
/var/home/agent/workspace/reports/xe-master-agentic-20260914/vulkan-source/ggml/src/ggml-metal/kernels/misc.metal: OK
/var/home/agent/workspace/reports/xe-master-agentic-20260914/vulkan-source/ggml/src/ggml-metal/kernels/mul_mm.metal: OK
/var/home/agent/workspace/reports/xe-master-agentic-20260914/vulkan-source/ggml/src/ggml-metal/kernels/mul_mv.metal: OK
/var/home/agent/workspace/reports/xe-master-agentic-20260914/vulkan-source/ggml/src/ggml-metal/kernels/norm.metal: OK
/var/home/agent/workspace/reports/xe-master-agentic-20260914/vulkan-source/ggml/src/ggml-metal/kernels/pool.metal: OK
/var/home/agent/workspace/reports/xe-master-agentic-20260914/vulkan-source/ggml/src/ggml-metal/kernels/quantize.h: OK
/var/home/agent/workspace/reports/xe-master-agentic-20260914/vulkan-source/ggml/src/ggml-metal/kernels/quantize.metal: OK
/var/home/agent/workspace/reports/xe-master-agentic-20260914/vulkan-source/ggml/src/ggml-metal/kernels/reduce.metal: OK
/var/home/agent/workspace/reports/xe-master-agentic-20260914/vulkan-source/ggml/src/ggml-metal/kernels/rope.metal: OK
/var/home/agent/workspace/reports/xe-master-agentic-20260914/vulkan-source/ggml/src/ggml-metal/kernels/softmax.metal: OK
/var/home/agent/workspace/reports/xe-master-agentic-20260914/vulkan-source/ggml/src/ggml-metal/kernels/solve_tri.metal: OK
/var/home/agent/workspace/reports/xe-master-agentic-20260914/vulkan-source/ggml/src/ggml-metal/kernels/ssm.metal: OK
/var/home/agent/workspace/reports/xe-master-agentic-20260914/vulkan-source/ggml/src/ggml-metal/kernels/tri.metal: OK
/var/home/agent/workspace/reports/xe-master-agentic-20260914/vulkan-source/ggml/src/ggml-metal/kernels/unary.metal: OK
/var/home/agent/workspace/reports/xe-master-agentic-20260914/vulkan-source/ggml/src/ggml-metal/kernels/upscale.metal: OK
/var/home/agent/workspace/reports/xe-master-agentic-20260914/vulkan-source/ggml/src/ggml-metal/kernels/wkv.metal: OK
/var/home/agent/workspace/reports/xe-master-agentic-20260914/vulkan-source/ggml/src/ggml-metal/turbo-matrices.h: OK
/var/home/agent/workspace/reports/xe-master-agentic-20260914/vulkan-source/ggml/src/ggml-metal/turbo-wht.h: OK
/var/home/agent/workspace/reports/xe-master-agentic-20260914/vulkan-source/ggml/src/ggml-musa/CMakeLists.txt: OK
/var/home/agent/workspace/reports/xe-master-agentic-20260914/vulkan-source/ggml/src/ggml-musa/mudnn.cu: OK
/var/home/agent/workspace/reports/xe-master-agentic-20260914/vulkan-source/ggml/src/ggml-musa/mudnn.cuh: OK
/var/home/agent/workspace/reports/xe-master-agentic-20260914/vulkan-source/ggml/src/ggml-opencl/cl-program-cache.cpp: OK
/var/home/agent/workspace/reports/xe-master-agentic-20260914/vulkan-source/ggml/src/ggml-opencl/cl-program-cache.h: OK
/var/home/agent/workspace/reports/xe-master-agentic-20260914/vulkan-source/ggml/src/ggml-opencl/CMakeLists.txt: OK
/var/home/agent/workspace/reports/xe-master-agentic-20260914/vulkan-source/ggml/src/ggml-opencl/fa_tune.h: OK
/var/home/agent/workspace/reports/xe-master-agentic-20260914/vulkan-source/ggml/src/ggml-opencl/ggml-opencl.cpp: OK
/var/home/agent/workspace/reports/xe-master-agentic-20260914/vulkan-source/ggml/src/ggml-opencl/kernels/abs.cl: OK
/var/home/agent/workspace/reports/xe-master-agentic-20260914/vulkan-source/ggml/src/ggml-opencl/kernels/add.cl: OK
/var/home/agent/workspace/reports/xe-master-agentic-20260914/vulkan-source/ggml/src/ggml-opencl/kernels/add_id.cl: OK
/var/home/agent/workspace/reports/xe-master-agentic-20260914/vulkan-source/ggml/src/ggml-opencl/kernels/argsort.cl: OK
/var/home/agent/workspace/reports/xe-master-agentic-20260914/vulkan-source/ggml/src/ggml-opencl/kernels/clamp.cl: OK
/var/home/agent/workspace/reports/xe-master-agentic-20260914/vulkan-source/ggml/src/ggml-opencl/kernels/concat.cl: OK
/var/home/agent/workspace/reports/xe-master-agentic-20260914/vulkan-source/ggml/src/ggml-opencl/kernels/conv2d.cl: OK
/var/home/agent/workspace/reports/xe-master-agentic-20260914/vulkan-source/ggml/src/ggml-opencl/kernels/conv2d_f16_f32.cl: OK
/var/home/agent/workspace/reports/xe-master-agentic-20260914/vulkan-source/ggml/src/ggml-opencl/kernels/cpy.cl: OK
/var/home/agent/workspace/reports/xe-master-agentic-20260914/vulkan-source/ggml/src/ggml-opencl/kernels/cumsum.cl: OK
/var/home/agent/workspace/reports/xe-master-agentic-20260914/vulkan-source/ggml/src/ggml-opencl/kernels/cvt.cl: OK
/var/home/agent/workspace/reports/xe-master-agentic-20260914/vulkan-source/ggml/src/ggml-opencl/kernels/diag.cl: OK
/var/home/agent/workspace/reports/xe-master-agentic-20260914/vulkan-source/ggml/src/ggml-opencl/kernels/diag_mask_inf.cl: OK
/var/home/agent/workspace/reports/xe-master-agentic-20260914/vulkan-source/ggml/src/ggml-opencl/kernels/div.cl: OK
/var/home/agent/workspace/reports/xe-master-agentic-20260914/vulkan-source/ggml/src/ggml-opencl/kernels/embed_kernel.py: OK
/var/home/agent/workspace/reports/xe-master-agentic-20260914/vulkan-source/ggml/src/ggml-opencl/kernels/exp.cl: OK
/var/home/agent/workspace/reports/xe-master-agentic-20260914/vulkan-source/ggml/src/ggml-opencl/kernels/expm1.cl: OK
/var/home/agent/workspace/reports/xe-master-agentic-20260914/vulkan-source/ggml/src/ggml-opencl/kernels/fill.cl: OK
/var/home/agent/workspace/reports/xe-master-agentic-20260914/vulkan-source/ggml/src/ggml-opencl/kernels/flash_attn_f16.cl: OK
/var/home/agent/workspace/reports/xe-master-agentic-20260914/vulkan-source/ggml/src/ggml-opencl/kernels/flash_attn_f32.cl: OK
/var/home/agent/workspace/reports/xe-master-agentic-20260914/vulkan-source/ggml/src/ggml-opencl/kernels/flash_attn_f32_f16.cl: OK
/var/home/agent/workspace/reports/xe-master-agentic-20260914/vulkan-source/ggml/src/ggml-opencl/kernels/flash_attn_f32_q4_0.cl: OK
/var/home/agent/workspace/reports/xe-master-agentic-20260914/vulkan-source/ggml/src/ggml-opencl/kernels/flash_attn_f32_q8_0.cl: OK
/var/home/agent/workspace/reports/xe-master-agentic-20260914/vulkan-source/ggml/src/ggml-opencl/kernels/flash_attn_pre_f16.cl: OK
/var/home/agent/workspace/reports/xe-master-agentic-20260914/vulkan-source/ggml/src/ggml-opencl/kernels/gated_delta_net.cl: OK
/var/home/agent/workspace/reports/xe-master-agentic-20260914/vulkan-source/ggml/src/ggml-opencl/kernels/gelu.cl: OK
/var/home/agent/workspace/reports/xe-master-agentic-20260914/vulkan-source/ggml/src/ggml-opencl/kernels/gemm_moe_mxfp4_f32.cl: OK
/var/home/agent/workspace/reports/xe-master-agentic-20260914/vulkan-source/ggml/src/ggml-opencl/kernels/gemm_moe_mxfp4_f32_ns.cl: OK
/var/home/agent/workspace/reports/xe-master-agentic-20260914/vulkan-source/ggml/src/ggml-opencl/kernels/gemm_moe_mxfp4_q8_1_dp4a.cl: OK
/var/home/agent/workspace/reports/xe-master-agentic-20260914/vulkan-source/ggml/src/ggml-opencl/kernels/gemm_moe_q4_0_f32_ns.cl: OK
/var/home/agent/workspace/reports/xe-master-agentic-20260914/vulkan-source/ggml/src/ggml-opencl/kernels/gemm_moe_q4_0_q8_1_dp4a.cl: OK
/var/home/agent/workspace/reports/xe-master-agentic-20260914/vulkan-source/ggml/src/ggml-opencl/kernels/gemm_moe_q4_1_f32_ns.cl: OK
/var/home/agent/workspace/reports/xe-master-agentic-20260914/vulkan-source/ggml/src/ggml-opencl/kernels/gemm_moe_q4_k_f32_ns.cl: OK
/var/home/agent/workspace/reports/xe-master-agentic-20260914/vulkan-source/ggml/src/ggml-opencl/kernels/gemm_moe_q4_k_q8_1_dp4a.cl: OK
/var/home/agent/workspace/reports/xe-master-agentic-20260914/vulkan-source/ggml/src/ggml-opencl/kernels/gemm_moe_q5_0_f32_ns.cl: OK
/var/home/agent/workspace/reports/xe-master-agentic-20260914/vulkan-source/ggml/src/ggml-opencl/kernels/gemm_moe_q5_1_f32_ns.cl: OK
/var/home/agent/workspace/reports/xe-master-agentic-20260914/vulkan-source/ggml/src/ggml-opencl/kernels/gemm_moe_q5_k_f32_ns.cl: OK
/var/home/agent/workspace/reports/xe-master-agentic-20260914/vulkan-source/ggml/src/ggml-opencl/kernels/gemm_moe_q6_k_f32_ns.cl: OK
/var/home/agent/workspace/reports/xe-master-agentic-20260914/vulkan-source/ggml/src/ggml-opencl/kernels/gemm_moe_q6_k_q8_1_dp4a.cl: OK
/var/home/agent/workspace/reports/xe-master-agentic-20260914/vulkan-source/ggml/src/ggml-opencl/kernels/gemm_moe_q8_0_f32_ns.cl: OK
/var/home/agent/workspace/reports/xe-master-agentic-20260914/vulkan-source/ggml/src/ggml-opencl/kernels/gemm_moe_q8_1_dp4a.cl: OK
/var/home/agent/workspace/reports/xe-master-agentic-20260914/vulkan-source/ggml/src/ggml-opencl/kernels/gemm_noshuffle_iq4_nl_f32.cl: OK
/var/home/agent/workspace/reports/xe-master-agentic-20260914/vulkan-source/ggml/src/ggml-opencl/kernels/gemm_noshuffle_iq4_nl_q8_1_dp4a.cl: OK
/var/home/agent/workspace/reports/xe-master-agentic-20260914/vulkan-source/ggml/src/ggml-opencl/kernels/gemm_noshuffle_q1_0_f32.cl: OK
/var/home/agent/workspace/reports/xe-master-agentic-20260914/vulkan-source/ggml/src/ggml-opencl/kernels/gemm_noshuffle_q4_0_f32.cl: OK
/var/home/agent/workspace/reports/xe-master-agentic-20260914/vulkan-source/ggml/src/ggml-opencl/kernels/gemm_noshuffle_q4_0_q8_1_dp4a.cl: OK
/var/home/agent/workspace/reports/xe-master-agentic-20260914/vulkan-source/ggml/src/ggml-opencl/kernels/gemm_noshuffle_q4_1_f32.cl: OK
/var/home/agent/workspace/reports/xe-master-agentic-20260914/vulkan-source/ggml/src/ggml-opencl/kernels/gemm_noshuffle_q4_k_f32.cl: OK
/var/home/agent/workspace/reports/xe-master-agentic-20260914/vulkan-source/ggml/src/ggml-opencl/kernels/gemm_noshuffle_q4_k_q8_1_dp4a.cl: OK
/var/home/agent/workspace/reports/xe-master-agentic-20260914/vulkan-source/ggml/src/ggml-opencl/kernels/gemm_noshuffle_q5_0_f32.cl: OK
/var/home/agent/workspace/reports/xe-master-agentic-20260914/vulkan-source/ggml/src/ggml-opencl/kernels/gemm_noshuffle_q5_0_q8_1_dp4a.cl: OK
/var/home/agent/workspace/reports/xe-master-agentic-20260914/vulkan-source/ggml/src/ggml-opencl/kernels/gemm_noshuffle_q5_1_f32.cl: OK
/var/home/agent/workspace/reports/xe-master-agentic-20260914/vulkan-source/ggml/src/ggml-opencl/kernels/gemm_noshuffle_q5_k_f32.cl: OK
/var/home/agent/workspace/reports/xe-master-agentic-20260914/vulkan-source/ggml/src/ggml-opencl/kernels/gemm_noshuffle_q5_k_q8_1_dp4a.cl: OK
/var/home/agent/workspace/reports/xe-master-agentic-20260914/vulkan-source/ggml/src/ggml-opencl/kernels/gemm_noshuffle_q6_k_f32.cl: OK
/var/home/agent/workspace/reports/xe-master-agentic-20260914/vulkan-source/ggml/src/ggml-opencl/kernels/gemm_noshuffle_q6_k_f32_tiled.cl: OK
/var/home/agent/workspace/reports/xe-master-agentic-20260914/vulkan-source/ggml/src/ggml-opencl/kernels/gemm_noshuffle_q6_k_q8_1_dp4a.cl: OK
/var/home/agent/workspace/reports/xe-master-agentic-20260914/vulkan-source/ggml/src/ggml-opencl/kernels/gemm_noshuffle_q8_0_f32.cl: OK
/var/home/agent/workspace/reports/xe-master-agentic-20260914/vulkan-source/ggml/src/ggml-opencl/kernels/gemm_noshuffle_q8_0_q8_1_dp4a.cl: OK
/var/home/agent/workspace/reports/xe-master-agentic-20260914/vulkan-source/ggml/src/ggml-opencl/kernels/gemm_xmem_f16_f32_os8.cl: OK
/var/home/agent/workspace/reports/xe-master-agentic-20260914/vulkan-source/ggml/src/ggml-opencl/kernels/gemv_moe_mxfp4_f32.cl: OK
/var/home/agent/workspace/reports/xe-master-agentic-20260914/vulkan-source/ggml/src/ggml-opencl/kernels/gemv_moe_mxfp4_f32_ns.cl: OK
/var/home/agent/workspace/reports/xe-master-agentic-20260914/vulkan-source/ggml/src/ggml-opencl/kernels/gemv_moe_q4_0_f32_ns.cl: OK
/var/home/agent/workspace/reports/xe-master-agentic-20260914/vulkan-source/ggml/src/ggml-opencl/kernels/gemv_moe_q4_1_f32_ns.cl: OK
/var/home/agent/workspace/reports/xe-master-agentic-20260914/vulkan-source/ggml/src/ggml-opencl/kernels/gemv_moe_q4_k_f32_ns.cl: OK
/var/home/agent/workspace/reports/xe-master-agentic-20260914/vulkan-source/ggml/src/ggml-opencl/kernels/gemv_moe_q5_0_f32_ns.cl: OK
/var/home/agent/workspace/reports/xe-master-agentic-20260914/vulkan-source/ggml/src/ggml-opencl/kernels/gemv_moe_q5_1_f32_ns.cl: OK
/var/home/agent/workspace/reports/xe-master-agentic-20260914/vulkan-source/ggml/src/ggml-opencl/kernels/gemv_moe_q5_k_f32_ns.cl: OK
/var/home/agent/workspace/reports/xe-master-agentic-20260914/vulkan-source/ggml/src/ggml-opencl/kernels/gemv_moe_q6_k_f32_ns.cl: OK
/var/home/agent/workspace/reports/xe-master-agentic-20260914/vulkan-source/ggml/src/ggml-opencl/kernels/gemv_noshuffle_iq4_nl_f32.cl: OK
/var/home/agent/workspace/reports/xe-master-agentic-20260914/vulkan-source/ggml/src/ggml-opencl/kernels/gemv_noshuffle_q1_0_f32.cl: OK
/var/home/agent/workspace/reports/xe-master-agentic-20260914/vulkan-source/ggml/src/ggml-opencl/kernels/gemv_noshuffle_q4_0_f32_32b_trans.cl: OK
/var/home/agent/workspace/reports/xe-master-agentic-20260914/vulkan-source/ggml/src/ggml-opencl/kernels/gemv_noshuffle_q4_0_f32.cl: OK
/var/home/agent/workspace/reports/xe-master-agentic-20260914/vulkan-source/ggml/src/ggml-opencl/kernels/gemv_noshuffle_q4_0_f32_spec.cl: OK
/var/home/agent/workspace/reports/xe-master-agentic-20260914/vulkan-source/ggml/src/ggml-opencl/kernels/gemv_noshuffle_q4_1_f32.cl: OK
/var/home/agent/workspace/reports/xe-master-agentic-20260914/vulkan-source/ggml/src/ggml-opencl/kernels/gemv_noshuffle_q4_k_f32_32b_trans.cl: OK
/var/home/agent/workspace/reports/xe-master-agentic-20260914/vulkan-source/ggml/src/ggml-opencl/kernels/gemv_noshuffle_q4_k_f32.cl: OK
/var/home/agent/workspace/reports/xe-master-agentic-20260914/vulkan-source/ggml/src/ggml-opencl/kernels/gemv_noshuffle_q4_k_f32_o4.cl: OK
/var/home/agent/workspace/reports/xe-master-agentic-20260914/vulkan-source/ggml/src/ggml-opencl/kernels/gemv_noshuffle_q4_k_f32_tiled.cl: OK
/var/home/agent/workspace/reports/xe-master-agentic-20260914/vulkan-source/ggml/src/ggml-opencl/kernels/gemv_noshuffle_q5_0_f32.cl: OK
/var/home/agent/workspace/reports/xe-master-agentic-20260914/vulkan-source/ggml/src/ggml-opencl/kernels/gemv_noshuffle_q5_1_f32.cl: OK
/var/home/agent/workspace/reports/xe-master-agentic-20260914/vulkan-source/ggml/src/ggml-opencl/kernels/gemv_noshuffle_q5_k_f32.cl: OK
/var/home/agent/workspace/reports/xe-master-agentic-20260914/vulkan-source/ggml/src/ggml-opencl/kernels/gemv_noshuffle_q6_k_f32.cl: OK
/var/home/agent/workspace/reports/xe-master-agentic-20260914/vulkan-source/ggml/src/ggml-opencl/kernels/gemv_noshuffle_q6_k_f32_o4.cl: OK
/var/home/agent/workspace/reports/xe-master-agentic-20260914/vulkan-source/ggml/src/ggml-opencl/kernels/gemv_noshuffle_q6_k_f32_tiled.cl: OK
/var/home/agent/workspace/reports/xe-master-agentic-20260914/vulkan-source/ggml/src/ggml-opencl/kernels/gemv_noshuffle_q8_0_f32.cl: OK
/var/home/agent/workspace/reports/xe-master-agentic-20260914/vulkan-source/ggml/src/ggml-opencl/kernels/get_rows.cl: OK
/var/home/agent/workspace/reports/xe-master-agentic-20260914/vulkan-source/ggml/src/ggml-opencl/kernels/glu.cl: OK
/var/home/agent/workspace/reports/xe-master-agentic-20260914/vulkan-source/ggml/src/ggml-opencl/kernels/group_norm.cl: OK
/var/home/agent/workspace/reports/xe-master-agentic-20260914/vulkan-source/ggml/src/ggml-opencl/kernels/im2col_f16.cl: OK
/var/home/agent/workspace/reports/xe-master-agentic-20260914/vulkan-source/ggml/src/ggml-opencl/kernels/im2col_f32.cl: OK
/var/home/agent/workspace/reports/xe-master-agentic-20260914/vulkan-source/ggml/src/ggml-opencl/kernels/l2_norm.cl: OK
/var/home/agent/workspace/reports/xe-master-agentic-20260914/vulkan-source/ggml/src/ggml-opencl/kernels/mean.cl: OK
/var/home/agent/workspace/reports/xe-master-agentic-20260914/vulkan-source/ggml/src/ggml-opencl/kernels/moe_add_id_glu.cl: OK
/var/home/agent/workspace/reports/xe-master-agentic-20260914/vulkan-source/ggml/src/ggml-opencl/kernels/moe_combine.cl: OK
/var/home/agent/workspace/reports/xe-master-agentic-20260914/vulkan-source/ggml/src/ggml-opencl/kernels/moe_reorder_b.cl: OK
/var/home/agent/workspace/reports/xe-master-agentic-20260914/vulkan-source/ggml/src/ggml-opencl/kernels/moe_reorder_quant_a_q8_1.cl: OK
/var/home/agent/workspace/reports/xe-master-agentic-20260914/vulkan-source/ggml/src/ggml-opencl/kernels/moe_sort_by_expert.cl: OK
/var/home/agent/workspace/reports/xe-master-agentic-20260914/vulkan-source/ggml/src/ggml-opencl/kernels/mul.cl: OK
/var/home/agent/workspace/reports/xe-master-agentic-20260914/vulkan-source/ggml/src/ggml-opencl/kernels/mul_mat_f16_f32.cl: OK
/var/home/agent/workspace/reports/xe-master-agentic-20260914/vulkan-source/ggml/src/ggml-opencl/kernels/mul_mm_f16_f32_kq_kqv.cl: OK
/var/home/agent/workspace/reports/xe-master-agentic-20260914/vulkan-source/ggml/src/ggml-opencl/kernels/mul_mm_f16_f32_l4_lm.cl: OK
/var/home/agent/workspace/reports/xe-master-agentic-20260914/vulkan-source/ggml/src/ggml-opencl/kernels/mul_mm_f32_f32_l4_lm.cl: OK
/var/home/agent/workspace/reports/xe-master-agentic-20260914/vulkan-source/ggml/src/ggml-opencl/kernels/mul_mm_iq4_nl_f32_l4_lm.cl: OK
/var/home/agent/workspace/reports/xe-master-agentic-20260914/vulkan-source/ggml/src/ggml-opencl/kernels/mul_mm_q1_0_f32_l4_lm.cl: OK
/var/home/agent/workspace/reports/xe-master-agentic-20260914/vulkan-source/ggml/src/ggml-opencl/kernels/mul_mm_q4_0_f32_l4_lm.cl: OK
/var/home/agent/workspace/reports/xe-master-agentic-20260914/vulkan-source/ggml/src/ggml-opencl/kernels/mul_mm_q4_1_f32_l4_lm.cl: OK
/var/home/agent/workspace/reports/xe-master-agentic-20260914/vulkan-source/ggml/src/ggml-opencl/kernels/mul_mm_q4_k_f32_l4_lm.cl: OK
/var/home/agent/workspace/reports/xe-master-agentic-20260914/vulkan-source/ggml/src/ggml-opencl/kernels/mul_mm_q5_0_f32_l4_lm.cl: OK
/var/home/agent/workspace/reports/xe-master-agentic-20260914/vulkan-source/ggml/src/ggml-opencl/kernels/mul_mm_q5_1_f32_l4_lm.cl: OK
/var/home/agent/workspace/reports/xe-master-agentic-20260914/vulkan-source/ggml/src/ggml-opencl/kernels/mul_mm_q5_k_f32_l4_lm.cl: OK
/var/home/agent/workspace/reports/xe-master-agentic-20260914/vulkan-source/ggml/src/ggml-opencl/kernels/mul_mm_q6_k_f32_l4_lm.cl: OK
/var/home/agent/workspace/reports/xe-master-agentic-20260914/vulkan-source/ggml/src/ggml-opencl/kernels/mul_mm_q8_0_f32_l4_lm.cl: OK
/var/home/agent/workspace/reports/xe-master-agentic-20260914/vulkan-source/ggml/src/ggml-opencl/kernels/mul_mv_f16_f16.cl: OK
/var/home/agent/workspace/reports/xe-master-agentic-20260914/vulkan-source/ggml/src/ggml-opencl/kernels/mul_mv_f16_f32_1row.cl: OK
/var/home/agent/workspace/reports/xe-master-agentic-20260914/vulkan-source/ggml/src/ggml-opencl/kernels/mul_mv_f16_f32.cl: OK
/var/home/agent/workspace/reports/xe-master-agentic-20260914/vulkan-source/ggml/src/ggml-opencl/kernels/mul_mv_f16_f32_l4.cl: OK
/var/home/agent/workspace/reports/xe-master-agentic-20260914/vulkan-source/ggml/src/ggml-opencl/kernels/mul_mv_f16_f32_mrow.cl: OK
/var/home/agent/workspace/reports/xe-master-agentic-20260914/vulkan-source/ggml/src/ggml-opencl/kernels/mul_mv_f32_f32.cl: OK
/var/home/agent/workspace/reports/xe-master-agentic-20260914/vulkan-source/ggml/src/ggml-opencl/kernels/mul_mv_id_mxfp4_f32.cl: OK
/var/home/agent/workspace/reports/xe-master-agentic-20260914/vulkan-source/ggml/src/ggml-opencl/kernels/mul_mv_id_mxfp4_f32_flat.cl: OK
/var/home/agent/workspace/reports/xe-master-agentic-20260914/vulkan-source/ggml/src/ggml-opencl/kernels/mul_mv_id_q4_0_f32_8x_flat.cl: OK
/var/home/agent/workspace/reports/xe-master-agentic-20260914/vulkan-source/ggml/src/ggml-opencl/kernels/mul_mv_id_q8_0_f32.cl: OK
/var/home/agent/workspace/reports/xe-master-agentic-20260914/vulkan-source/ggml/src/ggml-opencl/kernels/mul_mv_id_q8_0_f32_flat.cl: OK
/var/home/agent/workspace/reports/xe-master-agentic-20260914/vulkan-source/ggml/src/ggml-opencl/kernels/mul_mv_iq4_nl_f32.cl: OK
/var/home/agent/workspace/reports/xe-master-agentic-20260914/vulkan-source/ggml/src/ggml-opencl/kernels/mul_mv_iq4_nl_f32_flat.cl: OK
/var/home/agent/workspace/reports/xe-master-agentic-20260914/vulkan-source/ggml/src/ggml-opencl/kernels/mul_mv_mxfp4_f32.cl: OK
/var/home/agent/workspace/reports/xe-master-agentic-20260914/vulkan-source/ggml/src/ggml-opencl/kernels/mul_mv_mxfp4_f32_flat.cl: OK
/var/home/agent/workspace/reports/xe-master-agentic-20260914/vulkan-source/ggml/src/ggml-opencl/kernels/mul_mv_q1_0_f32.cl: OK
/var/home/agent/workspace/reports/xe-master-agentic-20260914/vulkan-source/ggml/src/ggml-opencl/kernels/mul_mv_q1_0_f32_flat.cl: OK
/var/home/agent/workspace/reports/xe-master-agentic-20260914/vulkan-source/ggml/src/ggml-opencl/kernels/mul_mv_q4_0_f32_1d_16x_flat.cl: OK
/var/home/agent/workspace/reports/xe-master-agentic-20260914/vulkan-source/ggml/src/ggml-opencl/kernels/mul_mv_q4_0_f32_1d_8x_flat.cl: OK
/var/home/agent/workspace/reports/xe-master-agentic-20260914/vulkan-source/ggml/src/ggml-opencl/kernels/mul_mv_q4_0_f32_8x_flat.cl: OK
/var/home/agent/workspace/reports/xe-master-agentic-20260914/vulkan-source/ggml/src/ggml-opencl/kernels/mul_mv_q4_0_f32.cl: OK
/var/home/agent/workspace/reports/xe-master-agentic-20260914/vulkan-source/ggml/src/ggml-opencl/kernels/mul_mv_q4_0_f32_v.cl: OK
/var/home/agent/workspace/reports/xe-master-agentic-20260914/vulkan-source/ggml/src/ggml-opencl/kernels/mul_mv_q4_1_f32.cl: OK
/var/home/agent/workspace/reports/xe-master-agentic-20260914/vulkan-source/ggml/src/ggml-opencl/kernels/mul_mv_q4_1_f32_flat.cl: OK
/var/home/agent/workspace/reports/xe-master-agentic-20260914/vulkan-source/ggml/src/ggml-opencl/kernels/mul_mv_q4_k_f32.cl: OK
/var/home/agent/workspace/reports/xe-master-agentic-20260914/vulkan-source/ggml/src/ggml-opencl/kernels/mul_mv_q4_k_f32_flat.cl: OK
/var/home/agent/workspace/reports/xe-master-agentic-20260914/vulkan-source/ggml/src/ggml-opencl/kernels/mul_mv_q5_0_f32.cl: OK
/var/home/agent/workspace/reports/xe-master-agentic-20260914/vulkan-source/ggml/src/ggml-opencl/kernels/mul_mv_q5_0_f32_flat.cl: OK
/var/home/agent/workspace/reports/xe-master-agentic-20260914/vulkan-source/ggml/src/ggml-opencl/kernels/mul_mv_q5_1_f32.cl: OK
/var/home/agent/workspace/reports/xe-master-agentic-20260914/vulkan-source/ggml/src/ggml-opencl/kernels/mul_mv_q5_1_f32_flat.cl: OK
/var/home/agent/workspace/reports/xe-master-agentic-20260914/vulkan-source/ggml/src/ggml-opencl/kernels/mul_mv_q5_k_f32.cl: OK
/var/home/agent/workspace/reports/xe-master-agentic-20260914/vulkan-source/ggml/src/ggml-opencl/kernels/mul_mv_q5_k_f32_flat.cl: OK
/var/home/agent/workspace/reports/xe-master-agentic-20260914/vulkan-source/ggml/src/ggml-opencl/kernels/mul_mv_q6_k_f32.cl: OK
/var/home/agent/workspace/reports/xe-master-agentic-20260914/vulkan-source/ggml/src/ggml-opencl/kernels/mul_mv_q6_k_f32_flat.cl: OK
/var/home/agent/workspace/reports/xe-master-agentic-20260914/vulkan-source/ggml/src/ggml-opencl/kernels/mul_mv_q8_0_f32.cl: OK
/var/home/agent/workspace/reports/xe-master-agentic-20260914/vulkan-source/ggml/src/ggml-opencl/kernels/mul_mv_q8_0_f32_flat.cl: OK
/var/home/agent/workspace/reports/xe-master-agentic-20260914/vulkan-source/ggml/src/ggml-opencl/kernels/neg.cl: OK
/var/home/agent/workspace/reports/xe-master-agentic-20260914/vulkan-source/ggml/src/ggml-opencl/kernels/norm.cl: OK
/var/home/agent/workspace/reports/xe-master-agentic-20260914/vulkan-source/ggml/src/ggml-opencl/kernels/pad.cl: OK
/var/home/agent/workspace/reports/xe-master-agentic-20260914/vulkan-source/ggml/src/ggml-opencl/kernels/quant_a_q8_1.cl: OK
/var/home/agent/workspace/reports/xe-master-agentic-20260914/vulkan-source/ggml/src/ggml-opencl/kernels/relu.cl: OK
/var/home/agent/workspace/reports/xe-master-agentic-20260914/vulkan-source/ggml/src/ggml-opencl/kernels/repeat.cl: OK
/var/home/agent/workspace/reports/xe-master-agentic-20260914/vulkan-source/ggml/src/ggml-opencl/kernels/rms_norm.cl: OK
/var/home/agent/workspace/reports/xe-master-agentic-20260914/vulkan-source/ggml/src/ggml-opencl/kernels/rope.cl: OK
/var/home/agent/workspace/reports/xe-master-agentic-20260914/vulkan-source/ggml/src/ggml-opencl/kernels/scale.cl: OK
/var/home/agent/workspace/reports/xe-master-agentic-20260914/vulkan-source/ggml/src/ggml-opencl/kernels/sdpa_xmem_f32_f16_os8.cl: OK
/var/home/agent/workspace/reports/xe-master-agentic-20260914/vulkan-source/ggml/src/ggml-opencl/kernels/set_rows.cl: OK
/var/home/agent/workspace/reports/xe-master-agentic-20260914/vulkan-source/ggml/src/ggml-opencl/kernels/sigmoid.cl: OK
/var/home/agent/workspace/reports/xe-master-agentic-20260914/vulkan-source/ggml/src/ggml-opencl/kernels/silu.cl: OK
/var/home/agent/workspace/reports/xe-master-agentic-20260914/vulkan-source/ggml/src/ggml-opencl/kernels/softmax_4_f16.cl: OK
/var/home/agent/workspace/reports/xe-master-agentic-20260914/vulkan-source/ggml/src/ggml-opencl/kernels/softmax_4_f32.cl: OK
/var/home/agent/workspace/reports/xe-master-agentic-20260914/vulkan-source/ggml/src/ggml-opencl/kernels/softmax_f16.cl: OK
/var/home/agent/workspace/reports/xe-master-agentic-20260914/vulkan-source/ggml/src/ggml-opencl/kernels/softmax_f32.cl: OK
/var/home/agent/workspace/reports/xe-master-agentic-20260914/vulkan-source/ggml/src/ggml-opencl/kernels/softplus.cl: OK
/var/home/agent/workspace/reports/xe-master-agentic-20260914/vulkan-source/ggml/src/ggml-opencl/kernels/solve_tri.cl: OK
/var/home/agent/workspace/reports/xe-master-agentic-20260914/vulkan-source/ggml/src/ggml-opencl/kernels/sqr.cl: OK
/var/home/agent/workspace/reports/xe-master-agentic-20260914/vulkan-source/ggml/src/ggml-opencl/kernels/sqrt.cl: OK
/var/home/agent/workspace/reports/xe-master-agentic-20260914/vulkan-source/ggml/src/ggml-opencl/kernels/ssm_conv.cl: OK
/var/home/agent/workspace/reports/xe-master-agentic-20260914/vulkan-source/ggml/src/ggml-opencl/kernels/ssm_scan.cl: OK
/var/home/agent/workspace/reports/xe-master-agentic-20260914/vulkan-source/ggml/src/ggml-opencl/kernels/sub.cl: OK
/var/home/agent/workspace/reports/xe-master-agentic-20260914/vulkan-source/ggml/src/ggml-opencl/kernels/sum_rows.cl: OK
/var/home/agent/workspace/reports/xe-master-agentic-20260914/vulkan-source/ggml/src/ggml-opencl/kernels/tanh.cl: OK
/var/home/agent/workspace/reports/xe-master-agentic-20260914/vulkan-source/ggml/src/ggml-opencl/kernels/transpose.cl: OK
/var/home/agent/workspace/reports/xe-master-agentic-20260914/vulkan-source/ggml/src/ggml-opencl/kernels/tri.cl: OK
/var/home/agent/workspace/reports/xe-master-agentic-20260914/vulkan-source/ggml/src/ggml-opencl/kernels/tsembd.cl: OK
/var/home/agent/workspace/reports/xe-master-agentic-20260914/vulkan-source/ggml/src/ggml-opencl/kernels/unary_ext.cl: OK
/var/home/agent/workspace/reports/xe-master-agentic-20260914/vulkan-source/ggml/src/ggml-opencl/kernels/upscale.cl: OK
/var/home/agent/workspace/reports/xe-master-agentic-20260914/vulkan-source/ggml/src/ggml-opencl/libdl.h: OK
/var/home/agent/workspace/reports/xe-master-agentic-20260914/vulkan-source/ggml/src/ggml-openvino/.clang-format: OK
/var/home/agent/workspace/reports/xe-master-agentic-20260914/vulkan-source/ggml/src/ggml-openvino/CMakeLists.txt: OK
/var/home/agent/workspace/reports/xe-master-agentic-20260914/vulkan-source/ggml/src/ggml-openvino/ggml-decoder.cpp: OK
/var/home/agent/workspace/reports/xe-master-agentic-20260914/vulkan-source/ggml/src/ggml-openvino/ggml-decoder.h: OK
/var/home/agent/workspace/reports/xe-master-agentic-20260914/vulkan-source/ggml/src/ggml-openvino/ggml-openvino.cpp: OK
/var/home/agent/workspace/reports/xe-master-agentic-20260914/vulkan-source/ggml/src/ggml-openvino/ggml-openvino-extra.cpp: OK
/var/home/agent/workspace/reports/xe-master-agentic-20260914/vulkan-source/ggml/src/ggml-openvino/ggml-openvino-extra.h: OK
/var/home/agent/workspace/reports/xe-master-agentic-20260914/vulkan-source/ggml/src/ggml-openvino/ggml-quants.cpp: OK
/var/home/agent/workspace/reports/xe-master-agentic-20260914/vulkan-source/ggml/src/ggml-openvino/ggml-quants.h: OK
/var/home/agent/workspace/reports/xe-master-agentic-20260914/vulkan-source/ggml/src/ggml-openvino/model-cache.cpp: OK
/var/home/agent/workspace/reports/xe-master-agentic-20260914/vulkan-source/ggml/src/ggml-openvino/model-cache.h: OK
/var/home/agent/workspace/reports/xe-master-agentic-20260914/vulkan-source/ggml/src/ggml-openvino/openvino/decoder.h: OK
/var/home/agent/workspace/reports/xe-master-agentic-20260914/vulkan-source/ggml/src/ggml-openvino/openvino/frontend.cpp: OK
/var/home/agent/workspace/reports/xe-master-agentic-20260914/vulkan-source/ggml/src/ggml-openvino/openvino/frontend.h: OK
/var/home/agent/workspace/reports/xe-master-agentic-20260914/vulkan-source/ggml/src/ggml-openvino/openvino/input_model.cpp: OK
/var/home/agent/workspace/reports/xe-master-agentic-20260914/vulkan-source/ggml/src/ggml-openvino/openvino/input_model.h: OK
/var/home/agent/workspace/reports/xe-master-agentic-20260914/vulkan-source/ggml/src/ggml-openvino/openvino/node_context.h: OK
/var/home/agent/workspace/reports/xe-master-agentic-20260914/vulkan-source/ggml/src/ggml-openvino/openvino/op/add.cpp: OK
/var/home/agent/workspace/reports/xe-master-agentic-20260914/vulkan-source/ggml/src/ggml-openvino/openvino/op/add_id.cpp: OK
/var/home/agent/workspace/reports/xe-master-agentic-20260914/vulkan-source/ggml/src/ggml-openvino/openvino/op/argsort.cpp: OK
/var/home/agent/workspace/reports/xe-master-agentic-20260914/vulkan-source/ggml/src/ggml-openvino/openvino/op/clamp.cpp: OK
/var/home/agent/workspace/reports/xe-master-agentic-20260914/vulkan-source/ggml/src/ggml-openvino/openvino/op/concat.cpp: OK
/var/home/agent/workspace/reports/xe-master-agentic-20260914/vulkan-source/ggml/src/ggml-openvino/openvino/op/cont.cpp: OK
/var/home/agent/workspace/reports/xe-master-agentic-20260914/vulkan-source/ggml/src/ggml-openvino/openvino/op/cpy.cpp: OK
/var/home/agent/workspace/reports/xe-master-agentic-20260914/vulkan-source/ggml/src/ggml-openvino/openvino/op/cumsum.cpp: OK
/var/home/agent/workspace/reports/xe-master-agentic-20260914/vulkan-source/ggml/src/ggml-openvino/openvino/op/diag.cpp: OK
/var/home/agent/workspace/reports/xe-master-agentic-20260914/vulkan-source/ggml/src/ggml-openvino/openvino/op/div.cpp: OK
/var/home/agent/workspace/reports/xe-master-agentic-20260914/vulkan-source/ggml/src/ggml-openvino/openvino/op/fill.cpp: OK
/var/home/agent/workspace/reports/xe-master-agentic-20260914/vulkan-source/ggml/src/ggml-openvino/openvino/op/flash_attn_ext.cpp: OK
/var/home/agent/workspace/reports/xe-master-agentic-20260914/vulkan-source/ggml/src/ggml-openvino/openvino/op/gated_delta_net.cpp: OK
/var/home/agent/workspace/reports/xe-master-agentic-20260914/vulkan-source/ggml/src/ggml-openvino/openvino/op/gated_delta_net.hpp: OK
/var/home/agent/workspace/reports/xe-master-agentic-20260914/vulkan-source/ggml/src/ggml-openvino/openvino/op/gather_matmul.hpp: OK
/var/home/agent/workspace/reports/xe-master-agentic-20260914/vulkan-source/ggml/src/ggml-openvino/openvino/op/get_rows.cpp: OK
/var/home/agent/workspace/reports/xe-master-agentic-20260914/vulkan-source/ggml/src/ggml-openvino/openvino/op/glu_geglu.cpp: OK
/var/home/agent/workspace/reports/xe-master-agentic-20260914/vulkan-source/ggml/src/ggml-openvino/openvino/op/glu_geglu_quick.cpp: OK
/var/home/agent/workspace/reports/xe-master-agentic-20260914/vulkan-source/ggml/src/ggml-openvino/openvino/op/glu_swiglu.cpp: OK
/var/home/agent/workspace/reports/xe-master-agentic-20260914/vulkan-source/ggml/src/ggml-openvino/openvino/op/im2col.cpp: OK
/var/home/agent/workspace/reports/xe-master-agentic-20260914/vulkan-source/ggml/src/ggml-openvino/openvino/op/l2_norm.cpp: OK
/var/home/agent/workspace/reports/xe-master-agentic-20260914/vulkan-source/ggml/src/ggml-openvino/openvino/op/mulmat.cpp: OK
/var/home/agent/workspace/reports/xe-master-agentic-20260914/vulkan-source/ggml/src/ggml-openvino/openvino/op/mul_mat_id.cpp: OK
/var/home/agent/workspace/reports/xe-master-agentic-20260914/vulkan-source/ggml/src/ggml-openvino/openvino/op/norm.cpp: OK
/var/home/agent/workspace/reports/xe-master-agentic-20260914/vulkan-source/ggml/src/ggml-openvino/openvino/op/pad.cpp: OK
/var/home/agent/workspace/reports/xe-master-agentic-20260914/vulkan-source/ggml/src/ggml-openvino/openvino/op/permute.cpp: OK
/var/home/agent/workspace/reports/xe-master-agentic-20260914/vulkan-source/ggml/src/ggml-openvino/openvino/op/pool_2d.cpp: OK
/var/home/agent/workspace/reports/xe-master-agentic-20260914/vulkan-source/ggml/src/ggml-openvino/openvino/op/repeat.cpp: OK
/var/home/agent/workspace/reports/xe-master-agentic-20260914/vulkan-source/ggml/src/ggml-openvino/openvino/op/reshape.cpp: OK
/var/home/agent/workspace/reports/xe-master-agentic-20260914/vulkan-source/ggml/src/ggml-openvino/openvino/op/rms_norm.cpp: OK
/var/home/agent/workspace/reports/xe-master-agentic-20260914/vulkan-source/ggml/src/ggml-openvino/openvino/op/roll.cpp: OK
/var/home/agent/workspace/reports/xe-master-agentic-20260914/vulkan-source/ggml/src/ggml-openvino/openvino/op/rope.cpp: OK
/var/home/agent/workspace/reports/xe-master-agentic-20260914/vulkan-source/ggml/src/ggml-openvino/openvino/op/scale.cpp: OK
/var/home/agent/workspace/reports/xe-master-agentic-20260914/vulkan-source/ggml/src/ggml-openvino/openvino/op/set.cpp: OK
/var/home/agent/workspace/reports/xe-master-agentic-20260914/vulkan-source/ggml/src/ggml-openvino/openvino/op/set_rows.cpp: OK
/var/home/agent/workspace/reports/xe-master-agentic-20260914/vulkan-source/ggml/src/ggml-openvino/openvino/op/softmax.cpp: OK
/var/home/agent/workspace/reports/xe-master-agentic-20260914/vulkan-source/ggml/src/ggml-openvino/openvino/op/solve_tri.cpp: OK
/var/home/agent/workspace/reports/xe-master-agentic-20260914/vulkan-source/ggml/src/ggml-openvino/openvino/op/sqr.cpp: OK
/var/home/agent/workspace/reports/xe-master-agentic-20260914/vulkan-source/ggml/src/ggml-openvino/openvino/op/ssm_conv.cpp: OK
/var/home/agent/workspace/reports/xe-master-agentic-20260914/vulkan-source/ggml/src/ggml-openvino/openvino/op/sum_rows.cpp: OK
/var/home/agent/workspace/reports/xe-master-agentic-20260914/vulkan-source/ggml/src/ggml-openvino/openvino/op_table.cpp: OK
/var/home/agent/workspace/reports/xe-master-agentic-20260914/vulkan-source/ggml/src/ggml-openvino/openvino/op_table.h: OK
/var/home/agent/workspace/reports/xe-master-agentic-20260914/vulkan-source/ggml/src/ggml-openvino/openvino/op/transpose.cpp: OK
/var/home/agent/workspace/reports/xe-master-agentic-20260914/vulkan-source/ggml/src/ggml-openvino/openvino/op/tri.cpp: OK
/var/home/agent/workspace/reports/xe-master-agentic-20260914/vulkan-source/ggml/src/ggml-openvino/openvino/op/unary_gelu.cpp: OK
/var/home/agent/workspace/reports/xe-master-agentic-20260914/vulkan-source/ggml/src/ggml-openvino/openvino/op/unary_silu.cpp: OK
/var/home/agent/workspace/reports/xe-master-agentic-20260914/vulkan-source/ggml/src/ggml-openvino/openvino/op/unary_softplus.cpp: OK
/var/home/agent/workspace/reports/xe-master-agentic-20260914/vulkan-source/ggml/src/ggml-openvino/openvino/op/view.cpp: OK
/var/home/agent/workspace/reports/xe-master-agentic-20260914/vulkan-source/ggml/src/ggml-openvino/openvino/pass/fuse_to_conv.cpp: OK
/var/home/agent/workspace/reports/xe-master-agentic-20260914/vulkan-source/ggml/src/ggml-openvino/openvino/pass/fuse_to_conv.h: OK
/var/home/agent/workspace/reports/xe-master-agentic-20260914/vulkan-source/ggml/src/ggml-openvino/openvino/pass/fuse_to_sdpa.cpp: OK
/var/home/agent/workspace/reports/xe-master-agentic-20260914/vulkan-source/ggml/src/ggml-openvino/openvino/pass/fuse_to_sdpa.h: OK
/var/home/agent/workspace/reports/xe-master-agentic-20260914/vulkan-source/ggml/src/ggml-openvino/openvino/pass/mark_decompression_convert_constant_folding.h: OK
/var/home/agent/workspace/reports/xe-master-agentic-20260914/vulkan-source/ggml/src/ggml-openvino/openvino/pass/mark_dequantization_subgraph.h: OK
/var/home/agent/workspace/reports/xe-master-agentic-20260914/vulkan-source/ggml/src/ggml-openvino/openvino/pass/squeeze_matmul.cpp: OK
/var/home/agent/workspace/reports/xe-master-agentic-20260914/vulkan-source/ggml/src/ggml-openvino/openvino/pass/squeeze_matmul.h: OK
/var/home/agent/workspace/reports/xe-master-agentic-20260914/vulkan-source/ggml/src/ggml-openvino/openvino/rt_info/weightless_caching_attributes.hpp: OK
/var/home/agent/workspace/reports/xe-master-agentic-20260914/vulkan-source/ggml/src/ggml-openvino/openvino/translate_session.cpp: OK
/var/home/agent/workspace/reports/xe-master-agentic-20260914/vulkan-source/ggml/src/ggml-openvino/openvino/translate_session.h: OK
/var/home/agent/workspace/reports/xe-master-agentic-20260914/vulkan-source/ggml/src/ggml-openvino/openvino/utils.cpp: OK
/var/home/agent/workspace/reports/xe-master-agentic-20260914/vulkan-source/ggml/src/ggml-openvino/openvino/utils.h: OK
/var/home/agent/workspace/reports/xe-master-agentic-20260914/vulkan-source/ggml/src/ggml-openvino/utils.cpp: OK
/var/home/agent/workspace/reports/xe-master-agentic-20260914/vulkan-source/ggml/src/ggml-openvino/utils.h: OK
/var/home/agent/workspace/reports/xe-master-agentic-20260914/vulkan-source/ggml/src/ggml-opt.cpp: OK
/var/home/agent/workspace/reports/xe-master-agentic-20260914/vulkan-source/ggml/src/ggml-prefetch-budget.h: OK
/var/home/agent/workspace/reports/xe-master-agentic-20260914/vulkan-source/ggml/src/ggml-quants.c: OK
/var/home/agent/workspace/reports/xe-master-agentic-20260914/vulkan-source/ggml/src/ggml-quants.h: OK
/var/home/agent/workspace/reports/xe-master-agentic-20260914/vulkan-source/ggml/src/ggml-rpc/CMakeLists.txt: OK
/var/home/agent/workspace/reports/xe-master-agentic-20260914/vulkan-source/ggml/src/ggml-rpc/ggml-rpc.cpp: OK
/var/home/agent/workspace/reports/xe-master-agentic-20260914/vulkan-source/ggml/src/ggml-rpc/transport-apple.cpp: OK
/var/home/agent/workspace/reports/xe-master-agentic-20260914/vulkan-source/ggml/src/ggml-rpc/transport-apple.h: OK
/var/home/agent/workspace/reports/xe-master-agentic-20260914/vulkan-source/ggml/src/ggml-rpc/transport.cpp: OK
/var/home/agent/workspace/reports/xe-master-agentic-20260914/vulkan-source/ggml/src/ggml-rpc/transport.h: OK
/var/home/agent/workspace/reports/xe-master-agentic-20260914/vulkan-source/ggml/src/ggml-sycl/add-id.cpp: OK
/var/home/agent/workspace/reports/xe-master-agentic-20260914/vulkan-source/ggml/src/ggml-sycl/add-id.hpp: OK
/var/home/agent/workspace/reports/xe-master-agentic-20260914/vulkan-source/ggml/src/ggml-sycl/backend.hpp: OK
/var/home/agent/workspace/reports/xe-master-agentic-20260914/vulkan-source/ggml/src/ggml-sycl/base.hpp: OK
/var/home/agent/workspace/reports/xe-master-agentic-20260914/vulkan-source/ggml/src/ggml-sycl/binbcast.cpp: OK
/var/home/agent/workspace/reports/xe-master-agentic-20260914/vulkan-source/ggml/src/ggml-sycl/binbcast.hpp: OK
/var/home/agent/workspace/reports/xe-master-agentic-20260914/vulkan-source/ggml/src/ggml-sycl/CMakeLists.txt: OK
/var/home/agent/workspace/reports/xe-master-agentic-20260914/vulkan-source/ggml/src/ggml-sycl/col2im-1d.cpp: OK
/var/home/agent/workspace/reports/xe-master-agentic-20260914/vulkan-source/ggml/src/ggml-sycl/col2im-1d.hpp: OK
/var/home/agent/workspace/reports/xe-master-agentic-20260914/vulkan-source/ggml/src/ggml-sycl/common.cpp: OK
/var/home/agent/workspace/reports/xe-master-agentic-20260914/vulkan-source/ggml/src/ggml-sycl/common.hpp: OK
/var/home/agent/workspace/reports/xe-master-agentic-20260914/vulkan-source/ggml/src/ggml-sycl/concat.cpp: OK
/var/home/agent/workspace/reports/xe-master-agentic-20260914/vulkan-source/ggml/src/ggml-sycl/concat.hpp: OK
/var/home/agent/workspace/reports/xe-master-agentic-20260914/vulkan-source/ggml/src/ggml-sycl/conv2d.cpp: OK
/var/home/agent/workspace/reports/xe-master-agentic-20260914/vulkan-source/ggml/src/ggml-sycl/conv2d-dw.cpp: OK
/var/home/agent/workspace/reports/xe-master-agentic-20260914/vulkan-source/ggml/src/ggml-sycl/conv2d-dw.hpp: OK
/var/home/agent/workspace/reports/xe-master-agentic-20260914/vulkan-source/ggml/src/ggml-sycl/conv2d.hpp: OK
/var/home/agent/workspace/reports/xe-master-agentic-20260914/vulkan-source/ggml/src/ggml-sycl/conv2d-transpose.cpp: OK
/var/home/agent/workspace/reports/xe-master-agentic-20260914/vulkan-source/ggml/src/ggml-sycl/conv2d-transpose.hpp: OK
/var/home/agent/workspace/reports/xe-master-agentic-20260914/vulkan-source/ggml/src/ggml-sycl/conv3d.cpp: OK
/var/home/agent/workspace/reports/xe-master-agentic-20260914/vulkan-source/ggml/src/ggml-sycl/conv3d.hpp: OK
/var/home/agent/workspace/reports/xe-master-agentic-20260914/vulkan-source/ggml/src/ggml-sycl/conv.cpp: OK
/var/home/agent/workspace/reports/xe-master-agentic-20260914/vulkan-source/ggml/src/ggml-sycl/convert.cpp: OK
/var/home/agent/workspace/reports/xe-master-agentic-20260914/vulkan-source/ggml/src/ggml-sycl/convert.hpp: OK
/var/home/agent/workspace/reports/xe-master-agentic-20260914/vulkan-source/ggml/src/ggml-sycl/conv.hpp: OK
/var/home/agent/workspace/reports/xe-master-agentic-20260914/vulkan-source/ggml/src/ggml-sycl/count-equal.cpp: OK
/var/home/agent/workspace/reports/xe-master-agentic-20260914/vulkan-source/ggml/src/ggml-sycl/count-equal.hpp: OK
/var/home/agent/workspace/reports/xe-master-agentic-20260914/vulkan-source/ggml/src/ggml-sycl/cpy.cpp: OK
/var/home/agent/workspace/reports/xe-master-agentic-20260914/vulkan-source/ggml/src/ggml-sycl/cpy.hpp: OK
/var/home/agent/workspace/reports/xe-master-agentic-20260914/vulkan-source/ggml/src/ggml-sycl/cross_entropy_loss.cpp: OK
/var/home/agent/workspace/reports/xe-master-agentic-20260914/vulkan-source/ggml/src/ggml-sycl/cross_entropy_loss.hpp: OK
/var/home/agent/workspace/reports/xe-master-agentic-20260914/vulkan-source/ggml/src/ggml-sycl/cumsum.cpp: OK
/var/home/agent/workspace/reports/xe-master-agentic-20260914/vulkan-source/ggml/src/ggml-sycl/cumsum.hpp: OK
/var/home/agent/workspace/reports/xe-master-agentic-20260914/vulkan-source/ggml/src/ggml-sycl/dequantize.hpp: OK
/var/home/agent/workspace/reports/xe-master-agentic-20260914/vulkan-source/ggml/src/ggml-sycl/diag.cpp: OK
/var/home/agent/workspace/reports/xe-master-agentic-20260914/vulkan-source/ggml/src/ggml-sycl/diag.hpp: OK
/var/home/agent/workspace/reports/xe-master-agentic-20260914/vulkan-source/ggml/src/ggml-sycl/dmmv.cpp: OK
/var/home/agent/workspace/reports/xe-master-agentic-20260914/vulkan-source/ggml/src/ggml-sycl/dmmv.hpp: OK
/var/home/agent/workspace/reports/xe-master-agentic-20260914/vulkan-source/ggml/src/ggml-sycl/dpct/helper.hpp: OK
/var/home/agent/workspace/reports/xe-master-agentic-20260914/vulkan-source/ggml/src/ggml-sycl/dsv4-hc.cpp: OK
/var/home/agent/workspace/reports/xe-master-agentic-20260914/vulkan-source/ggml/src/ggml-sycl/dsv4-hc.hpp: OK
/var/home/agent/workspace/reports/xe-master-agentic-20260914/vulkan-source/ggml/src/ggml-sycl/element_wise.cpp: OK
/var/home/agent/workspace/reports/xe-master-agentic-20260914/vulkan-source/ggml/src/ggml-sycl/element_wise.hpp: OK
/var/home/agent/workspace/reports/xe-master-agentic-20260914/vulkan-source/ggml/src/ggml-sycl/esimd.hpp: OK
/var/home/agent/workspace/reports/xe-master-agentic-20260914/vulkan-source/ggml/src/ggml-sycl/fattn-buffers.cpp: OK
/var/home/agent/workspace/reports/xe-master-agentic-20260914/vulkan-source/ggml/src/ggml-sycl/fattn-buffers.hpp: OK
/var/home/agent/workspace/reports/xe-master-agentic-20260914/vulkan-source/ggml/src/ggml-sycl/fattn-common.hpp: OK
/var/home/agent/workspace/reports/xe-master-agentic-20260914/vulkan-source/ggml/src/ggml-sycl/fattn.cpp: OK
/var/home/agent/workspace/reports/xe-master-agentic-20260914/vulkan-source/ggml/src/ggml-sycl/fattn.hpp: OK
/var/home/agent/workspace/reports/xe-master-agentic-20260914/vulkan-source/ggml/src/ggml-sycl/fattn-mkl.cpp: OK
/var/home/agent/workspace/reports/xe-master-agentic-20260914/vulkan-source/ggml/src/ggml-sycl/fattn-onednn.cpp: OK
/var/home/agent/workspace/reports/xe-master-agentic-20260914/vulkan-source/ggml/src/ggml-sycl/fattn-onednn.hpp: OK
/var/home/agent/workspace/reports/xe-master-agentic-20260914/vulkan-source/ggml/src/ggml-sycl/fattn-tile.cpp: OK
/var/home/agent/workspace/reports/xe-master-agentic-20260914/vulkan-source/ggml/src/ggml-sycl/fattn-tile.hpp: OK
/var/home/agent/workspace/reports/xe-master-agentic-20260914/vulkan-source/ggml/src/ggml-sycl/fattn-vec.hpp: OK
/var/home/agent/workspace/reports/xe-master-agentic-20260914/vulkan-source/ggml/src/ggml-sycl/fill.cpp: OK
/var/home/agent/workspace/reports/xe-master-agentic-20260914/vulkan-source/ggml/src/ggml-sycl/fill.hpp: OK
/var/home/agent/workspace/reports/xe-master-agentic-20260914/vulkan-source/ggml/src/ggml-sycl/fusion.cpp: OK
/var/home/agent/workspace/reports/xe-master-agentic-20260914/vulkan-source/ggml/src/ggml-sycl/fusion.hpp: OK
/var/home/agent/workspace/reports/xe-master-agentic-20260914/vulkan-source/ggml/src/ggml-sycl/fwht.cpp: OK
/var/home/agent/workspace/reports/xe-master-agentic-20260914/vulkan-source/ggml/src/ggml-sycl/fwht.hpp: OK
/var/home/agent/workspace/reports/xe-master-agentic-20260914/vulkan-source/ggml/src/ggml-sycl/gated_delta_net.cpp: OK
/var/home/agent/workspace/reports/xe-master-agentic-20260914/vulkan-source/ggml/src/ggml-sycl/gated_delta_net.hpp: OK
/var/home/agent/workspace/reports/xe-master-agentic-20260914/vulkan-source/ggml/src/ggml-sycl/gemm.hpp: OK
/var/home/agent/workspace/reports/xe-master-agentic-20260914/vulkan-source/ggml/src/ggml-sycl/getrows.cpp: OK
/var/home/agent/workspace/reports/xe-master-agentic-20260914/vulkan-source/ggml/src/ggml-sycl/getrows.hpp: OK
/var/home/agent/workspace/reports/xe-master-agentic-20260914/vulkan-source/ggml/src/ggml-sycl/ggml-sycl.cpp: OK
/var/home/agent/workspace/reports/xe-master-agentic-20260914/vulkan-source/ggml/src/ggml-sycl/gla.cpp: OK
/var/home/agent/workspace/reports/xe-master-agentic-20260914/vulkan-source/ggml/src/ggml-sycl/gla.hpp: OK
/var/home/agent/workspace/reports/xe-master-agentic-20260914/vulkan-source/ggml/src/ggml-sycl/im2col.cpp: OK
/var/home/agent/workspace/reports/xe-master-agentic-20260914/vulkan-source/ggml/src/ggml-sycl/im2col.hpp: OK
/var/home/agent/workspace/reports/xe-master-agentic-20260914/vulkan-source/ggml/src/ggml-sycl/lightning-indexer.cpp: OK
/var/home/agent/workspace/reports/xe-master-agentic-20260914/vulkan-source/ggml/src/ggml-sycl/lightning-indexer.hpp: OK
/var/home/agent/workspace/reports/xe-master-agentic-20260914/vulkan-source/ggml/src/ggml-sycl/mem.cpp: OK
/var/home/agent/workspace/reports/xe-master-agentic-20260914/vulkan-source/ggml/src/ggml-sycl/mem.hpp: OK
/var/home/agent/workspace/reports/xe-master-agentic-20260914/vulkan-source/ggml/src/ggml-sycl/memtrace.cpp: OK
/var/home/agent/workspace/reports/xe-master-agentic-20260914/vulkan-source/ggml/src/ggml-sycl/memtrace.hpp: OK
/var/home/agent/workspace/reports/xe-master-agentic-20260914/vulkan-source/ggml/src/ggml-sycl/mmq.cpp: OK
/var/home/agent/workspace/reports/xe-master-agentic-20260914/vulkan-source/ggml/src/ggml-sycl/mmq.hpp: OK
/var/home/agent/workspace/reports/xe-master-agentic-20260914/vulkan-source/ggml/src/ggml-sycl/mmvq.cpp: OK
/var/home/agent/workspace/reports/xe-master-agentic-20260914/vulkan-source/ggml/src/ggml-sycl/mmvq.hpp: OK
/var/home/agent/workspace/reports/xe-master-agentic-20260914/vulkan-source/ggml/src/ggml-sycl/norm.cpp: OK
/var/home/agent/workspace/reports/xe-master-agentic-20260914/vulkan-source/ggml/src/ggml-sycl/norm.hpp: OK
/var/home/agent/workspace/reports/xe-master-agentic-20260914/vulkan-source/ggml/src/ggml-sycl/opt-step.cpp: OK
/var/home/agent/workspace/reports/xe-master-agentic-20260914/vulkan-source/ggml/src/ggml-sycl/opt-step.hpp: OK
/var/home/agent/workspace/reports/xe-master-agentic-20260914/vulkan-source/ggml/src/ggml-sycl/outprod.cpp: OK
/var/home/agent/workspace/reports/xe-master-agentic-20260914/vulkan-source/ggml/src/ggml-sycl/outprod.hpp: OK
/var/home/agent/workspace/reports/xe-master-agentic-20260914/vulkan-source/ggml/src/ggml-sycl/pad.cpp: OK
/var/home/agent/workspace/reports/xe-master-agentic-20260914/vulkan-source/ggml/src/ggml-sycl/pad.hpp: OK
/var/home/agent/workspace/reports/xe-master-agentic-20260914/vulkan-source/ggml/src/ggml-sycl/pad_reflect_1d.cpp: OK
/var/home/agent/workspace/reports/xe-master-agentic-20260914/vulkan-source/ggml/src/ggml-sycl/pad_reflect_1d.hpp: OK
/var/home/agent/workspace/reports/xe-master-agentic-20260914/vulkan-source/ggml/src/ggml-sycl/pool.cpp: OK
/var/home/agent/workspace/reports/xe-master-agentic-20260914/vulkan-source/ggml/src/ggml-sycl/pool.hpp: OK
/var/home/agent/workspace/reports/xe-master-agentic-20260914/vulkan-source/ggml/src/ggml-sycl/presets.hpp: OK
/var/home/agent/workspace/reports/xe-master-agentic-20260914/vulkan-source/ggml/src/ggml-sycl/quantize.hpp: OK
/var/home/agent/workspace/reports/xe-master-agentic-20260914/vulkan-source/ggml/src/ggml-sycl/quants.hpp: OK
/var/home/agent/workspace/reports/xe-master-agentic-20260914/vulkan-source/ggml/src/ggml-sycl/repeat_back.cpp: OK
/var/home/agent/workspace/reports/xe-master-agentic-20260914/vulkan-source/ggml/src/ggml-sycl/repeat_back.hpp: OK
/var/home/agent/workspace/reports/xe-master-agentic-20260914/vulkan-source/ggml/src/ggml-sycl/roll.cpp: OK
/var/home/agent/workspace/reports/xe-master-agentic-20260914/vulkan-source/ggml/src/ggml-sycl/roll.hpp: OK
/var/home/agent/workspace/reports/xe-master-agentic-20260914/vulkan-source/ggml/src/ggml-sycl/rope.cpp: OK
/var/home/agent/workspace/reports/xe-master-agentic-20260914/vulkan-source/ggml/src/ggml-sycl/rope.hpp: OK
/var/home/agent/workspace/reports/xe-master-agentic-20260914/vulkan-source/ggml/src/ggml-sycl/set.cpp: OK
/var/home/agent/workspace/reports/xe-master-agentic-20260914/vulkan-source/ggml/src/ggml-sycl/set.hpp: OK
/var/home/agent/workspace/reports/xe-master-agentic-20260914/vulkan-source/ggml/src/ggml-sycl/set_rows.cpp: OK
/var/home/agent/workspace/reports/xe-master-agentic-20260914/vulkan-source/ggml/src/ggml-sycl/set_rows.hpp: OK
/var/home/agent/workspace/reports/xe-master-agentic-20260914/vulkan-source/ggml/src/ggml-sycl/softmax.cpp: OK
/var/home/agent/workspace/reports/xe-master-agentic-20260914/vulkan-source/ggml/src/ggml-sycl/softmax.hpp: OK
/var/home/agent/workspace/reports/xe-master-agentic-20260914/vulkan-source/ggml/src/ggml-sycl/solve_tri.cpp: OK
/var/home/agent/workspace/reports/xe-master-agentic-20260914/vulkan-source/ggml/src/ggml-sycl/solve_tri.hpp: OK
/var/home/agent/workspace/reports/xe-master-agentic-20260914/vulkan-source/ggml/src/ggml-sycl/ssm_conv.cpp: OK
/var/home/agent/workspace/reports/xe-master-agentic-20260914/vulkan-source/ggml/src/ggml-sycl/ssm_conv.hpp: OK
/var/home/agent/workspace/reports/xe-master-agentic-20260914/vulkan-source/ggml/src/ggml-sycl/ssm_scan.cpp: OK
/var/home/agent/workspace/reports/xe-master-agentic-20260914/vulkan-source/ggml/src/ggml-sycl/ssm_scan.hpp: OK
/var/home/agent/workspace/reports/xe-master-agentic-20260914/vulkan-source/ggml/src/ggml-sycl/sycl_hw.cpp: OK
/var/home/agent/workspace/reports/xe-master-agentic-20260914/vulkan-source/ggml/src/ggml-sycl/sycl_hw.hpp: OK
/var/home/agent/workspace/reports/xe-master-agentic-20260914/vulkan-source/ggml/src/ggml-sycl/template-instances/fattn-tile-instance-dkq112-dv112.cpp: OK
/var/home/agent/workspace/reports/xe-master-agentic-20260914/vulkan-source/ggml/src/ggml-sycl/template-instances/fattn-tile-instance-dkq128-dv128.cpp: OK
/var/home/agent/workspace/reports/xe-master-agentic-20260914/vulkan-source/ggml/src/ggml-sycl/template-instances/fattn-tile-instance-dkq256-dv256.cpp: OK
/var/home/agent/workspace/reports/xe-master-agentic-20260914/vulkan-source/ggml/src/ggml-sycl/template-instances/fattn-tile-instance-dkq40-dv40.cpp: OK
/var/home/agent/workspace/reports/xe-master-agentic-20260914/vulkan-source/ggml/src/ggml-sycl/template-instances/fattn-tile-instance-dkq512-dv512.cpp: OK
/var/home/agent/workspace/reports/xe-master-agentic-20260914/vulkan-source/ggml/src/ggml-sycl/template-instances/fattn-tile-instance-dkq576-dv512.cpp: OK
/var/home/agent/workspace/reports/xe-master-agentic-20260914/vulkan-source/ggml/src/ggml-sycl/template-instances/fattn-tile-instance-dkq64-dv64.cpp: OK
/var/home/agent/workspace/reports/xe-master-agentic-20260914/vulkan-source/ggml/src/ggml-sycl/template-instances/fattn-tile-instance-dkq72-dv72.cpp: OK
/var/home/agent/workspace/reports/xe-master-agentic-20260914/vulkan-source/ggml/src/ggml-sycl/template-instances/fattn-tile-instance-dkq80-dv80.cpp: OK
/var/home/agent/workspace/reports/xe-master-agentic-20260914/vulkan-source/ggml/src/ggml-sycl/template-instances/fattn-tile-instance-dkq96-dv96.cpp: OK
/var/home/agent/workspace/reports/xe-master-agentic-20260914/vulkan-source/ggml/src/ggml-sycl/template-instances/fattn-vec-instance-f16-f16.cpp: OK
/var/home/agent/workspace/reports/xe-master-agentic-20260914/vulkan-source/ggml/src/ggml-sycl/template-instances/fattn-vec-instance-f16-q4_0.cpp: OK
/var/home/agent/workspace/reports/xe-master-agentic-20260914/vulkan-source/ggml/src/ggml-sycl/template-instances/fattn-vec-instance-f16-q4_1.cpp: OK
/var/home/agent/workspace/reports/xe-master-agentic-20260914/vulkan-source/ggml/src/ggml-sycl/template-instances/fattn-vec-instance-f16-q5_0.cpp: OK
/var/home/agent/workspace/reports/xe-master-agentic-20260914/vulkan-source/ggml/src/ggml-sycl/template-instances/fattn-vec-instance-f16-q5_1.cpp: OK
/var/home/agent/workspace/reports/xe-master-agentic-20260914/vulkan-source/ggml/src/ggml-sycl/template-instances/fattn-vec-instance-f16-q8_0.cpp: OK
/var/home/agent/workspace/reports/xe-master-agentic-20260914/vulkan-source/ggml/src/ggml-sycl/template-instances/fattn-vec-instance-q4_0-f16.cpp: OK
/var/home/agent/workspace/reports/xe-master-agentic-20260914/vulkan-source/ggml/src/ggml-sycl/template-instances/fattn-vec-instance-q4_0-q4_0.cpp: OK
/var/home/agent/workspace/reports/xe-master-agentic-20260914/vulkan-source/ggml/src/ggml-sycl/template-instances/fattn-vec-instance-q4_0-q4_1.cpp: OK
/var/home/agent/workspace/reports/xe-master-agentic-20260914/vulkan-source/ggml/src/ggml-sycl/template-instances/fattn-vec-instance-q4_0-q5_0.cpp: OK
/var/home/agent/workspace/reports/xe-master-agentic-20260914/vulkan-source/ggml/src/ggml-sycl/template-instances/fattn-vec-instance-q4_0-q5_1.cpp: OK
/var/home/agent/workspace/reports/xe-master-agentic-20260914/vulkan-source/ggml/src/ggml-sycl/template-instances/fattn-vec-instance-q4_0-q8_0.cpp: OK
/var/home/agent/workspace/reports/xe-master-agentic-20260914/vulkan-source/ggml/src/ggml-sycl/template-instances/fattn-vec-instance-q4_1-f16.cpp: OK
/var/home/agent/workspace/reports/xe-master-agentic-20260914/vulkan-source/ggml/src/ggml-sycl/template-instances/fattn-vec-instance-q4_1-q4_0.cpp: OK
/var/home/agent/workspace/reports/xe-master-agentic-20260914/vulkan-source/ggml/src/ggml-sycl/template-instances/fattn-vec-instance-q4_1-q4_1.cpp: OK
/var/home/agent/workspace/reports/xe-master-agentic-20260914/vulkan-source/ggml/src/ggml-sycl/template-instances/fattn-vec-instance-q4_1-q5_0.cpp: OK
/var/home/agent/workspace/reports/xe-master-agentic-20260914/vulkan-source/ggml/src/ggml-sycl/template-instances/fattn-vec-instance-q4_1-q5_1.cpp: OK
/var/home/agent/workspace/reports/xe-master-agentic-20260914/vulkan-source/ggml/src/ggml-sycl/template-instances/fattn-vec-instance-q4_1-q8_0.cpp: OK
/var/home/agent/workspace/reports/xe-master-agentic-20260914/vulkan-source/ggml/src/ggml-sycl/template-instances/fattn-vec-instance-q5_0-f16.cpp: OK
/var/home/agent/workspace/reports/xe-master-agentic-20260914/vulkan-source/ggml/src/ggml-sycl/template-instances/fattn-vec-instance-q5_0-q4_0.cpp: OK
/var/home/agent/workspace/reports/xe-master-agentic-20260914/vulkan-source/ggml/src/ggml-sycl/template-instances/fattn-vec-instance-q5_0-q4_1.cpp: OK
/var/home/agent/workspace/reports/xe-master-agentic-20260914/vulkan-source/ggml/src/ggml-sycl/template-instances/fattn-vec-instance-q5_0-q5_0.cpp: OK
/var/home/agent/workspace/reports/xe-master-agentic-20260914/vulkan-source/ggml/src/ggml-sycl/template-instances/fattn-vec-instance-q5_0-q5_1.cpp: OK
/var/home/agent/workspace/reports/xe-master-agentic-20260914/vulkan-source/ggml/src/ggml-sycl/template-instances/fattn-vec-instance-q5_0-q8_0.cpp: OK
/var/home/agent/workspace/reports/xe-master-agentic-20260914/vulkan-source/ggml/src/ggml-sycl/template-instances/fattn-vec-instance-q5_1-f16.cpp: OK
/var/home/agent/workspace/reports/xe-master-agentic-20260914/vulkan-source/ggml/src/ggml-sycl/template-instances/fattn-vec-instance-q5_1-q4_0.cpp: OK
/var/home/agent/workspace/reports/xe-master-agentic-20260914/vulkan-source/ggml/src/ggml-sycl/template-instances/fattn-vec-instance-q5_1-q4_1.cpp: OK
/var/home/agent/workspace/reports/xe-master-agentic-20260914/vulkan-source/ggml/src/ggml-sycl/template-instances/fattn-vec-instance-q5_1-q5_0.cpp: OK
/var/home/agent/workspace/reports/xe-master-agentic-20260914/vulkan-source/ggml/src/ggml-sycl/template-instances/fattn-vec-instance-q5_1-q5_1.cpp: OK
/var/home/agent/workspace/reports/xe-master-agentic-20260914/vulkan-source/ggml/src/ggml-sycl/template-instances/fattn-vec-instance-q5_1-q8_0.cpp: OK
/var/home/agent/workspace/reports/xe-master-agentic-20260914/vulkan-source/ggml/src/ggml-sycl/template-instances/fattn-vec-instance-q8_0-f16.cpp: OK
/var/home/agent/workspace/reports/xe-master-agentic-20260914/vulkan-source/ggml/src/ggml-sycl/template-instances/fattn-vec-instance-q8_0-q4_0.cpp: OK
/var/home/agent/workspace/reports/xe-master-agentic-20260914/vulkan-source/ggml/src/ggml-sycl/template-instances/fattn-vec-instance-q8_0-q4_1.cpp: OK
/var/home/agent/workspace/reports/xe-master-agentic-20260914/vulkan-source/ggml/src/ggml-sycl/template-instances/fattn-vec-instance-q8_0-q5_0.cpp: OK
/var/home/agent/workspace/reports/xe-master-agentic-20260914/vulkan-source/ggml/src/ggml-sycl/template-instances/fattn-vec-instance-q8_0-q5_1.cpp: OK
/var/home/agent/workspace/reports/xe-master-agentic-20260914/vulkan-source/ggml/src/ggml-sycl/template-instances/fattn-vec-instance-q8_0-q8_0.cpp: OK
/var/home/agent/workspace/reports/xe-master-agentic-20260914/vulkan-source/ggml/src/ggml-sycl/topk-moe.cpp: OK
/var/home/agent/workspace/reports/xe-master-agentic-20260914/vulkan-source/ggml/src/ggml-sycl/topk-moe.hpp: OK
/var/home/agent/workspace/reports/xe-master-agentic-20260914/vulkan-source/ggml/src/ggml-sycl/tsembd.cpp: OK
/var/home/agent/workspace/reports/xe-master-agentic-20260914/vulkan-source/ggml/src/ggml-sycl/tsembd.hpp: OK
/var/home/agent/workspace/reports/xe-master-agentic-20260914/vulkan-source/ggml/src/ggml-sycl/type.hpp: OK
/var/home/agent/workspace/reports/xe-master-agentic-20260914/vulkan-source/ggml/src/ggml-sycl/upscale.cpp: OK
/var/home/agent/workspace/reports/xe-master-agentic-20260914/vulkan-source/ggml/src/ggml-sycl/upscale.hpp: OK
/var/home/agent/workspace/reports/xe-master-agentic-20260914/vulkan-source/ggml/src/ggml-sycl/vecdotq.hpp: OK
/var/home/agent/workspace/reports/xe-master-agentic-20260914/vulkan-source/ggml/src/ggml-sycl/wkv.cpp: OK
/var/home/agent/workspace/reports/xe-master-agentic-20260914/vulkan-source/ggml/src/ggml-sycl/wkv.hpp: OK
/var/home/agent/workspace/reports/xe-master-agentic-20260914/vulkan-source/ggml/src/ggml-threading.cpp: OK
/var/home/agent/workspace/reports/xe-master-agentic-20260914/vulkan-source/ggml/src/ggml-threading.h: OK
/var/home/agent/workspace/reports/xe-master-agentic-20260914/vulkan-source/ggml/src/ggml-turbo-quant.c: OK
/var/home/agent/workspace/reports/xe-master-agentic-20260914/vulkan-source/ggml/src/ggml-version.h.in: OK
/var/home/agent/workspace/reports/xe-master-agentic-20260914/vulkan-source/ggml/src/ggml-virtgpu/apir_cs_ggml-rpc-front.cpp: OK
/var/home/agent/workspace/reports/xe-master-agentic-20260914/vulkan-source/ggml/src/ggml-virtgpu/backend/apir_cs_ggml-rpc-back.cpp: OK
/var/home/agent/workspace/reports/xe-master-agentic-20260914/vulkan-source/ggml/src/ggml-virtgpu/backend/backend-convert.h: OK
/var/home/agent/workspace/reports/xe-master-agentic-20260914/vulkan-source/ggml/src/ggml-virtgpu/backend/backend.cpp: OK
/var/home/agent/workspace/reports/xe-master-agentic-20260914/vulkan-source/ggml/src/ggml-virtgpu/backend/backend-dispatched-backend.cpp: OK
/var/home/agent/workspace/reports/xe-master-agentic-20260914/vulkan-source/ggml/src/ggml-virtgpu/backend/backend-dispatched-buffer.cpp: OK
/var/home/agent/workspace/reports/xe-master-agentic-20260914/vulkan-source/ggml/src/ggml-virtgpu/backend/backend-dispatched-buffer-type.cpp: OK
/var/home/agent/workspace/reports/xe-master-agentic-20260914/vulkan-source/ggml/src/ggml-virtgpu/backend/backend-dispatched.cpp: OK
/var/home/agent/workspace/reports/xe-master-agentic-20260914/vulkan-source/ggml/src/ggml-virtgpu/backend/backend-dispatched-device.cpp: OK
/var/home/agent/workspace/reports/xe-master-agentic-20260914/vulkan-source/ggml/src/ggml-virtgpu/backend/backend-dispatched.gen.h: OK
/var/home/agent/workspace/reports/xe-master-agentic-20260914/vulkan-source/ggml/src/ggml-virtgpu/backend/backend-dispatched.h: OK
/var/home/agent/workspace/reports/xe-master-agentic-20260914/vulkan-source/ggml/src/ggml-virtgpu/backend/backend-virgl-apir.h: OK
/var/home/agent/workspace/reports/xe-master-agentic-20260914/vulkan-source/ggml/src/ggml-virtgpu/backend/CMakeLists.txt: OK
/var/home/agent/workspace/reports/xe-master-agentic-20260914/vulkan-source/ggml/src/ggml-virtgpu/backend/shared/apir_backend.gen.h: OK
/var/home/agent/workspace/reports/xe-master-agentic-20260914/vulkan-source/ggml/src/ggml-virtgpu/backend/shared/apir_backend.h: OK
/var/home/agent/workspace/reports/xe-master-agentic-20260914/vulkan-source/ggml/src/ggml-virtgpu/backend/shared/apir_cs_ggml.h: OK
/var/home/agent/workspace/reports/xe-master-agentic-20260914/vulkan-source/ggml/src/ggml-virtgpu/backend/shared/apir_cs.h: OK
/var/home/agent/workspace/reports/xe-master-agentic-20260914/vulkan-source/ggml/src/ggml-virtgpu/backend/shared/apir_cs_rpc.h: OK
/var/home/agent/workspace/reports/xe-master-agentic-20260914/vulkan-source/ggml/src/ggml-virtgpu/backend/shared/api_remoting.h: OK
/var/home/agent/workspace/reports/xe-master-agentic-20260914/vulkan-source/ggml/src/ggml-virtgpu/CMakeLists.txt: OK
/var/home/agent/workspace/reports/xe-master-agentic-20260914/vulkan-source/ggml/src/ggml-virtgpu/ggml-backend-buffer.cpp: OK
/var/home/agent/workspace/reports/xe-master-agentic-20260914/vulkan-source/ggml/src/ggml-virtgpu/ggml-backend-buffer-type.cpp: OK
/var/home/agent/workspace/reports/xe-master-agentic-20260914/vulkan-source/ggml/src/ggml-virtgpu/ggml-backend.cpp: OK
/var/home/agent/workspace/reports/xe-master-agentic-20260914/vulkan-source/ggml/src/ggml-virtgpu/ggml-backend-device.cpp: OK
/var/home/agent/workspace/reports/xe-master-agentic-20260914/vulkan-source/ggml/src/ggml-virtgpu/ggml-backend-reg.cpp: OK
/var/home/agent/workspace/reports/xe-master-agentic-20260914/vulkan-source/ggml/src/ggml-virtgpu/ggmlremoting_functions.yaml: OK
/var/home/agent/workspace/reports/xe-master-agentic-20260914/vulkan-source/ggml/src/ggml-virtgpu/ggml-remoting.h: OK
/var/home/agent/workspace/reports/xe-master-agentic-20260914/vulkan-source/ggml/src/ggml-virtgpu/include/apir_hw.h: OK
/var/home/agent/workspace/reports/xe-master-agentic-20260914/vulkan-source/ggml/src/ggml-virtgpu/regenerate_remoting.py: OK
/var/home/agent/workspace/reports/xe-master-agentic-20260914/vulkan-source/ggml/src/ggml-virtgpu/virtgpu-apir.h: OK
/var/home/agent/workspace/reports/xe-master-agentic-20260914/vulkan-source/ggml/src/ggml-virtgpu/virtgpu.cpp: OK
/var/home/agent/workspace/reports/xe-master-agentic-20260914/vulkan-source/ggml/src/ggml-virtgpu/virtgpu-forward-backend.cpp: OK
/var/home/agent/workspace/reports/xe-master-agentic-20260914/vulkan-source/ggml/src/ggml-virtgpu/virtgpu-forward-buffer.cpp: OK
/var/home/agent/workspace/reports/xe-master-agentic-20260914/vulkan-source/ggml/src/ggml-virtgpu/virtgpu-forward-buffer-type.cpp: OK
/var/home/agent/workspace/reports/xe-master-agentic-20260914/vulkan-source/ggml/src/ggml-virtgpu/virtgpu-forward-device.cpp: OK
/var/home/agent/workspace/reports/xe-master-agentic-20260914/vulkan-source/ggml/src/ggml-virtgpu/virtgpu-forward.gen.h: OK
/var/home/agent/workspace/reports/xe-master-agentic-20260914/vulkan-source/ggml/src/ggml-virtgpu/virtgpu-forward-impl.h: OK
/var/home/agent/workspace/reports/xe-master-agentic-20260914/vulkan-source/ggml/src/ggml-virtgpu/virtgpu.h: OK
/var/home/agent/workspace/reports/xe-master-agentic-20260914/vulkan-source/ggml/src/ggml-virtgpu/virtgpu-shm.cpp: OK
/var/home/agent/workspace/reports/xe-master-agentic-20260914/vulkan-source/ggml/src/ggml-virtgpu/virtgpu-shm.h: OK
/var/home/agent/workspace/reports/xe-master-agentic-20260914/vulkan-source/ggml/src/ggml-virtgpu/virtgpu-utils.cpp: OK
/var/home/agent/workspace/reports/xe-master-agentic-20260914/vulkan-source/ggml/src/ggml-virtgpu/virtgpu-utils.h: OK
/var/home/agent/workspace/reports/xe-master-agentic-20260914/vulkan-source/ggml/src/ggml-vulkan/cmake/host-toolchain.cmake.in: OK
/var/home/agent/workspace/reports/xe-master-agentic-20260914/vulkan-source/ggml/src/ggml-vulkan/CMakeLists.txt: OK
/var/home/agent/workspace/reports/xe-master-agentic-20260914/vulkan-source/ggml/src/ggml-vulkan/ggml-vulkan.cpp: OK
/var/home/agent/workspace/reports/xe-master-agentic-20260914/vulkan-source/ggml/src/ggml-vulkan/vulkan-shaders/abs.comp: OK
/var/home/agent/workspace/reports/xe-master-agentic-20260914/vulkan-source/ggml/src/ggml-vulkan/vulkan-shaders/acc.comp: OK
/var/home/agent/workspace/reports/xe-master-agentic-20260914/vulkan-source/ggml/src/ggml-vulkan/vulkan-shaders/add1.comp: OK
/var/home/agent/workspace/reports/xe-master-agentic-20260914/vulkan-source/ggml/src/ggml-vulkan/vulkan-shaders/add.comp: OK
/var/home/agent/workspace/reports/xe-master-agentic-20260914/vulkan-source/ggml/src/ggml-vulkan/vulkan-shaders/add_id.comp: OK
/var/home/agent/workspace/reports/xe-master-agentic-20260914/vulkan-source/ggml/src/ggml-vulkan/vulkan-shaders/arange.comp: OK
/var/home/agent/workspace/reports/xe-master-agentic-20260914/vulkan-source/ggml/src/ggml-vulkan/vulkan-shaders/argmax.comp: OK
/var/home/agent/workspace/reports/xe-master-agentic-20260914/vulkan-source/ggml/src/ggml-vulkan/vulkan-shaders/argsort.comp: OK
/var/home/agent/workspace/reports/xe-master-agentic-20260914/vulkan-source/ggml/src/ggml-vulkan/vulkan-shaders/argsort_large.comp: OK
/var/home/agent/workspace/reports/xe-master-agentic-20260914/vulkan-source/ggml/src/ggml-vulkan/vulkan-shaders/ceil.comp: OK
/var/home/agent/workspace/reports/xe-master-agentic-20260914/vulkan-source/ggml/src/ggml-vulkan/vulkan-shaders/clamp.comp: OK
/var/home/agent/workspace/reports/xe-master-agentic-20260914/vulkan-source/ggml/src/ggml-vulkan/vulkan-shaders/CMakeLists.txt: OK
/var/home/agent/workspace/reports/xe-master-agentic-20260914/vulkan-source/ggml/src/ggml-vulkan/vulkan-shaders/col2im_1d.comp: OK
/var/home/agent/workspace/reports/xe-master-agentic-20260914/vulkan-source/ggml/src/ggml-vulkan/vulkan-shaders/concat.comp: OK
/var/home/agent/workspace/reports/xe-master-agentic-20260914/vulkan-source/ggml/src/ggml-vulkan/vulkan-shaders/contig_copy.comp: OK
/var/home/agent/workspace/reports/xe-master-agentic-20260914/vulkan-source/ggml/src/ggml-vulkan/vulkan-shaders/conv2d_dw.comp: OK
/var/home/agent/workspace/reports/xe-master-agentic-20260914/vulkan-source/ggml/src/ggml-vulkan/vulkan-shaders/conv2d_mm.comp: OK
/var/home/agent/workspace/reports/xe-master-agentic-20260914/vulkan-source/ggml/src/ggml-vulkan/vulkan-shaders/conv3d_mm.comp: OK
/var/home/agent/workspace/reports/xe-master-agentic-20260914/vulkan-source/ggml/src/ggml-vulkan/vulkan-shaders/conv_transpose_1d.comp: OK
/var/home/agent/workspace/reports/xe-master-agentic-20260914/vulkan-source/ggml/src/ggml-vulkan/vulkan-shaders/copy.comp: OK
/var/home/agent/workspace/reports/xe-master-agentic-20260914/vulkan-source/ggml/src/ggml-vulkan/vulkan-shaders/copy_from_quant.comp: OK
/var/home/agent/workspace/reports/xe-master-agentic-20260914/vulkan-source/ggml/src/ggml-vulkan/vulkan-shaders/copy_to_quant.comp: OK
/var/home/agent/workspace/reports/xe-master-agentic-20260914/vulkan-source/ggml/src/ggml-vulkan/vulkan-shaders/copy_transpose_02.comp: OK
/var/home/agent/workspace/reports/xe-master-agentic-20260914/vulkan-source/ggml/src/ggml-vulkan/vulkan-shaders/copy_transpose.comp: OK
/var/home/agent/workspace/reports/xe-master-agentic-20260914/vulkan-source/ggml/src/ggml-vulkan/vulkan-shaders/cos.comp: OK
/var/home/agent/workspace/reports/xe-master-agentic-20260914/vulkan-source/ggml/src/ggml-vulkan/vulkan-shaders/count_equal.comp: OK
/var/home/agent/workspace/reports/xe-master-agentic-20260914/vulkan-source/ggml/src/ggml-vulkan/vulkan-shaders/count_experts.comp: OK
/var/home/agent/workspace/reports/xe-master-agentic-20260914/vulkan-source/ggml/src/ggml-vulkan/vulkan-shaders/cross_entropy_loss_back.comp: OK
/var/home/agent/workspace/reports/xe-master-agentic-20260914/vulkan-source/ggml/src/ggml-vulkan/vulkan-shaders/cross_entropy_loss.comp: OK
/var/home/agent/workspace/reports/xe-master-agentic-20260914/vulkan-source/ggml/src/ggml-vulkan/vulkan-shaders/cumsum.comp: OK
/var/home/agent/workspace/reports/xe-master-agentic-20260914/vulkan-source/ggml/src/ggml-vulkan/vulkan-shaders/cumsum_multipass1.comp: OK
/var/home/agent/workspace/reports/xe-master-agentic-20260914/vulkan-source/ggml/src/ggml-vulkan/vulkan-shaders/cumsum_multipass2.comp: OK
/var/home/agent/workspace/reports/xe-master-agentic-20260914/vulkan-source/ggml/src/ggml-vulkan/vulkan-shaders/dequant_f32.comp: OK
/var/home/agent/workspace/reports/xe-master-agentic-20260914/vulkan-source/ggml/src/ggml-vulkan/vulkan-shaders/dequant_funcs_cm2.glsl: OK
/var/home/agent/workspace/reports/xe-master-agentic-20260914/vulkan-source/ggml/src/ggml-vulkan/vulkan-shaders/dequant_funcs.glsl: OK
/var/home/agent/workspace/reports/xe-master-agentic-20260914/vulkan-source/ggml/src/ggml-vulkan/vulkan-shaders/dequant_head.glsl: OK
/var/home/agent/workspace/reports/xe-master-agentic-20260914/vulkan-source/ggml/src/ggml-vulkan/vulkan-shaders/dequant_iq1_m.comp: OK
/var/home/agent/workspace/reports/xe-master-agentic-20260914/vulkan-source/ggml/src/ggml-vulkan/vulkan-shaders/dequant_iq1_s.comp: OK
/var/home/agent/workspace/reports/xe-master-agentic-20260914/vulkan-source/ggml/src/ggml-vulkan/vulkan-shaders/dequant_iq2_s.comp: OK
/var/home/agent/workspace/reports/xe-master-agentic-20260914/vulkan-source/ggml/src/ggml-vulkan/vulkan-shaders/dequant_iq2_xs.comp: OK
/var/home/agent/workspace/reports/xe-master-agentic-20260914/vulkan-source/ggml/src/ggml-vulkan/vulkan-shaders/dequant_iq2_xxs.comp: OK
/var/home/agent/workspace/reports/xe-master-agentic-20260914/vulkan-source/ggml/src/ggml-vulkan/vulkan-shaders/dequant_iq3_s.comp: OK
/var/home/agent/workspace/reports/xe-master-agentic-20260914/vulkan-source/ggml/src/ggml-vulkan/vulkan-shaders/dequant_iq3_xxs.comp: OK
/var/home/agent/workspace/reports/xe-master-agentic-20260914/vulkan-source/ggml/src/ggml-vulkan/vulkan-shaders/dequant_iq4_nl.comp: OK
/var/home/agent/workspace/reports/xe-master-agentic-20260914/vulkan-source/ggml/src/ggml-vulkan/vulkan-shaders/dequant_iq4_xs.comp: OK
/var/home/agent/workspace/reports/xe-master-agentic-20260914/vulkan-source/ggml/src/ggml-vulkan/vulkan-shaders/dequant_mxfp4.comp: OK
/var/home/agent/workspace/reports/xe-master-agentic-20260914/vulkan-source/ggml/src/ggml-vulkan/vulkan-shaders/dequant_nvfp4.comp: OK
/var/home/agent/workspace/reports/xe-master-agentic-20260914/vulkan-source/ggml/src/ggml-vulkan/vulkan-shaders/dequant_q1_0.comp: OK
/var/home/agent/workspace/reports/xe-master-agentic-20260914/vulkan-source/ggml/src/ggml-vulkan/vulkan-shaders/dequant_q2_0.comp: OK
/var/home/agent/workspace/reports/xe-master-agentic-20260914/vulkan-source/ggml/src/ggml-vulkan/vulkan-shaders/dequant_q2_k.comp: OK
/var/home/agent/workspace/reports/xe-master-agentic-20260914/vulkan-source/ggml/src/ggml-vulkan/vulkan-shaders/dequant_q3_k.comp: OK
/var/home/agent/workspace/reports/xe-master-agentic-20260914/vulkan-source/ggml/src/ggml-vulkan/vulkan-shaders/dequant_q4_0.comp: OK
/var/home/agent/workspace/reports/xe-master-agentic-20260914/vulkan-source/ggml/src/ggml-vulkan/vulkan-shaders/dequant_q4_1.comp: OK
/var/home/agent/workspace/reports/xe-master-agentic-20260914/vulkan-source/ggml/src/ggml-vulkan/vulkan-shaders/dequant_q4_k.comp: OK
/var/home/agent/workspace/reports/xe-master-agentic-20260914/vulkan-source/ggml/src/ggml-vulkan/vulkan-shaders/dequant_q5_0.comp: OK
/var/home/agent/workspace/reports/xe-master-agentic-20260914/vulkan-source/ggml/src/ggml-vulkan/vulkan-shaders/dequant_q5_1.comp: OK
/var/home/agent/workspace/reports/xe-master-agentic-20260914/vulkan-source/ggml/src/ggml-vulkan/vulkan-shaders/dequant_q5_k.comp: OK
/var/home/agent/workspace/reports/xe-master-agentic-20260914/vulkan-source/ggml/src/ggml-vulkan/vulkan-shaders/dequant_q6_k.comp: OK
/var/home/agent/workspace/reports/xe-master-agentic-20260914/vulkan-source/ggml/src/ggml-vulkan/vulkan-shaders/dequant_q8_0.comp: OK
/var/home/agent/workspace/reports/xe-master-agentic-20260914/vulkan-source/ggml/src/ggml-vulkan/vulkan-shaders/dequant_tq1_0.comp: OK
/var/home/agent/workspace/reports/xe-master-agentic-20260914/vulkan-source/ggml/src/ggml-vulkan/vulkan-shaders/dequant_tq2_0.comp: OK
/var/home/agent/workspace/reports/xe-master-agentic-20260914/vulkan-source/ggml/src/ggml-vulkan/vulkan-shaders/dequant_tq4_1s.comp: OK
/var/home/agent/workspace/reports/xe-master-agentic-20260914/vulkan-source/ggml/src/ggml-vulkan/vulkan-shaders/dequant_turbo3_0.comp: OK
/var/home/agent/workspace/reports/xe-master-agentic-20260914/vulkan-source/ggml/src/ggml-vulkan/vulkan-shaders/diag.comp: OK
/var/home/agent/workspace/reports/xe-master-agentic-20260914/vulkan-source/ggml/src/ggml-vulkan/vulkan-shaders/diag_mask_inf.comp: OK
/var/home/agent/workspace/reports/xe-master-agentic-20260914/vulkan-source/ggml/src/ggml-vulkan/vulkan-shaders/div.comp: OK
/var/home/agent/workspace/reports/xe-master-agentic-20260914/vulkan-source/ggml/src/ggml-vulkan/vulkan-shaders/dot_product_funcs.glsl: OK
/var/home/agent/workspace/reports/xe-master-agentic-20260914/vulkan-source/ggml/src/ggml-vulkan/vulkan-shaders/dsv4_hc_comb.comp: OK
/var/home/agent/workspace/reports/xe-master-agentic-20260914/vulkan-source/ggml/src/ggml-vulkan/vulkan-shaders/dsv4_hc_post.comp: OK
/var/home/agent/workspace/reports/xe-master-agentic-20260914/vulkan-source/ggml/src/ggml-vulkan/vulkan-shaders/dsv4_hc_pre.comp: OK
/var/home/agent/workspace/reports/xe-master-agentic-20260914/vulkan-source/ggml/src/ggml-vulkan/vulkan-shaders/elu.comp: OK
/var/home/agent/workspace/reports/xe-master-agentic-20260914/vulkan-source/ggml/src/ggml-vulkan/vulkan-shaders/exp.comp: OK
/var/home/agent/workspace/reports/xe-master-agentic-20260914/vulkan-source/ggml/src/ggml-vulkan/vulkan-shaders/fa_types.glsl: OK
/var/home/agent/workspace/reports/xe-master-agentic-20260914/vulkan-source/ggml/src/ggml-vulkan/vulkan-shaders/feature-tests/bfloat16.comp: OK
/var/home/agent/workspace/reports/xe-master-agentic-20260914/vulkan-source/ggml/src/ggml-vulkan/vulkan-shaders/feature-tests/coopmat2.comp: OK
/var/home/agent/workspace/reports/xe-master-agentic-20260914/vulkan-source/ggml/src/ggml-vulkan/vulkan-shaders/feature-tests/coopmat2_decode_vector.comp: OK
/var/home/agent/workspace/reports/xe-master-agentic-20260914/vulkan-source/ggml/src/ggml-vulkan/vulkan-shaders/feature-tests/coopmat.comp: OK
/var/home/agent/workspace/reports/xe-master-agentic-20260914/vulkan-source/ggml/src/ggml-vulkan/vulkan-shaders/feature-tests/float_e2m1.comp: OK
/var/home/agent/workspace/reports/xe-master-agentic-20260914/vulkan-source/ggml/src/ggml-vulkan/vulkan-shaders/feature-tests/float_e4m3.comp: OK
/var/home/agent/workspace/reports/xe-master-agentic-20260914/vulkan-source/ggml/src/ggml-vulkan/vulkan-shaders/feature-tests/integer_dot.comp: OK
/var/home/agent/workspace/reports/xe-master-agentic-20260914/vulkan-source/ggml/src/ggml-vulkan/vulkan-shaders/fill.comp: OK
/var/home/agent/workspace/reports/xe-master-agentic-20260914/vulkan-source/ggml/src/ggml-vulkan/vulkan-shaders/flash_attn_base.glsl: OK
/var/home/agent/workspace/reports/xe-master-agentic-20260914/vulkan-source/ggml/src/ggml-vulkan/vulkan-shaders/flash_attn_cm1.comp: OK
/var/home/agent/workspace/reports/xe-master-agentic-20260914/vulkan-source/ggml/src/ggml-vulkan/vulkan-shaders/flash_attn_cm2.comp: OK
/var/home/agent/workspace/reports/xe-master-agentic-20260914/vulkan-source/ggml/src/ggml-vulkan/vulkan-shaders/flash_attn.comp: OK
/var/home/agent/workspace/reports/xe-master-agentic-20260914/vulkan-source/ggml/src/ggml-vulkan/vulkan-shaders/flash_attn_dequant.glsl: OK
/var/home/agent/workspace/reports/xe-master-agentic-20260914/vulkan-source/ggml/src/ggml-vulkan/vulkan-shaders/flash_attn_mask_opt.comp: OK
/var/home/agent/workspace/reports/xe-master-agentic-20260914/vulkan-source/ggml/src/ggml-vulkan/vulkan-shaders/flash_attn_mmq_funcs.glsl: OK
/var/home/agent/workspace/reports/xe-master-agentic-20260914/vulkan-source/ggml/src/ggml-vulkan/vulkan-shaders/flash_attn_split_k_reduce.comp: OK
/var/home/agent/workspace/reports/xe-master-agentic-20260914/vulkan-source/ggml/src/ggml-vulkan/vulkan-shaders/floor.comp: OK
/var/home/agent/workspace/reports/xe-master-agentic-20260914/vulkan-source/ggml/src/ggml-vulkan/vulkan-shaders/fwht.comp: OK
/var/home/agent/workspace/reports/xe-master-agentic-20260914/vulkan-source/ggml/src/ggml-vulkan/vulkan-shaders/gated_delta_net.comp: OK
/var/home/agent/workspace/reports/xe-master-agentic-20260914/vulkan-source/ggml/src/ggml-vulkan/vulkan-shaders/geglu.comp: OK
/var/home/agent/workspace/reports/xe-master-agentic-20260914/vulkan-source/ggml/src/ggml-vulkan/vulkan-shaders/geglu_erf.comp: OK
/var/home/agent/workspace/reports/xe-master-agentic-20260914/vulkan-source/ggml/src/ggml-vulkan/vulkan-shaders/geglu_quick.comp: OK
/var/home/agent/workspace/reports/xe-master-agentic-20260914/vulkan-source/ggml/src/ggml-vulkan/vulkan-shaders/gelu.comp: OK
/var/home/agent/workspace/reports/xe-master-agentic-20260914/vulkan-source/ggml/src/ggml-vulkan/vulkan-shaders/gelu_erf.comp: OK
/var/home/agent/workspace/reports/xe-master-agentic-20260914/vulkan-source/ggml/src/ggml-vulkan/vulkan-shaders/gelu_quick.comp: OK
/var/home/agent/workspace/reports/xe-master-agentic-20260914/vulkan-source/ggml/src/ggml-vulkan/vulkan-shaders/generic_binary_head.glsl: OK
/var/home/agent/workspace/reports/xe-master-agentic-20260914/vulkan-source/ggml/src/ggml-vulkan/vulkan-shaders/generic_head.glsl: OK
/var/home/agent/workspace/reports/xe-master-agentic-20260914/vulkan-source/ggml/src/ggml-vulkan/vulkan-shaders/generic_unary_head.glsl: OK
/var/home/agent/workspace/reports/xe-master-agentic-20260914/vulkan-source/ggml/src/ggml-vulkan/vulkan-shaders/get_rows_back.comp: OK
/var/home/agent/workspace/reports/xe-master-agentic-20260914/vulkan-source/ggml/src/ggml-vulkan/vulkan-shaders/get_rows.comp: OK
/var/home/agent/workspace/reports/xe-master-agentic-20260914/vulkan-source/ggml/src/ggml-vulkan/vulkan-shaders/get_rows_quant.comp: OK
/var/home/agent/workspace/reports/xe-master-agentic-20260914/vulkan-source/ggml/src/ggml-vulkan/vulkan-shaders/ggml_type_ids.glsl: OK
/var/home/agent/workspace/reports/xe-master-agentic-20260914/vulkan-source/ggml/src/ggml-vulkan/vulkan-shaders/gla.comp: OK
/var/home/agent/workspace/reports/xe-master-agentic-20260914/vulkan-source/ggml/src/ggml-vulkan/vulkan-shaders/glu_head.glsl: OK
/var/home/agent/workspace/reports/xe-master-agentic-20260914/vulkan-source/ggml/src/ggml-vulkan/vulkan-shaders/glu_main.glsl: OK
/var/home/agent/workspace/reports/xe-master-agentic-20260914/vulkan-source/ggml/src/ggml-vulkan/vulkan-shaders/group_norm.comp: OK
/var/home/agent/workspace/reports/xe-master-agentic-20260914/vulkan-source/ggml/src/ggml-vulkan/vulkan-shaders/hardsigmoid.comp: OK
/var/home/agent/workspace/reports/xe-master-agentic-20260914/vulkan-source/ggml/src/ggml-vulkan/vulkan-shaders/hardswish.comp: OK
/var/home/agent/workspace/reports/xe-master-agentic-20260914/vulkan-source/ggml/src/ggml-vulkan/vulkan-shaders/im2col_3d.comp: OK
/var/home/agent/workspace/reports/xe-master-agentic-20260914/vulkan-source/ggml/src/ggml-vulkan/vulkan-shaders/im2col.comp: OK
/var/home/agent/workspace/reports/xe-master-agentic-20260914/vulkan-source/ggml/src/ggml-vulkan/vulkan-shaders/iq_shmem_init.glsl: OK
/var/home/agent/workspace/reports/xe-master-agentic-20260914/vulkan-source/ggml/src/ggml-vulkan/vulkan-shaders/l2_norm.comp: OK
/var/home/agent/workspace/reports/xe-master-agentic-20260914/vulkan-source/ggml/src/ggml-vulkan/vulkan-shaders/leaky_relu.comp: OK
/var/home/agent/workspace/reports/xe-master-agentic-20260914/vulkan-source/ggml/src/ggml-vulkan/vulkan-shaders/lightning_indexer.comp: OK
/var/home/agent/workspace/reports/xe-master-agentic-20260914/vulkan-source/ggml/src/ggml-vulkan/vulkan-shaders/log.comp: OK
/var/home/agent/workspace/reports/xe-master-agentic-20260914/vulkan-source/ggml/src/ggml-vulkan/vulkan-shaders/mul.comp: OK
/var/home/agent/workspace/reports/xe-master-agentic-20260914/vulkan-source/ggml/src/ggml-vulkan/vulkan-shaders/mul_mat_split_k_reduce.comp: OK
/var/home/agent/workspace/reports/xe-master-agentic-20260914/vulkan-source/ggml/src/ggml-vulkan/vulkan-shaders/mul_mat_vec_base.glsl: OK
/var/home/agent/workspace/reports/xe-master-agentic-20260914/vulkan-source/ggml/src/ggml-vulkan/vulkan-shaders/mul_mat_vec.comp: OK
/var/home/agent/workspace/reports/xe-master-agentic-20260914/vulkan-source/ggml/src/ggml-vulkan/vulkan-shaders/mul_mat_vec_iface.glsl: OK
/var/home/agent/workspace/reports/xe-master-agentic-20260914/vulkan-source/ggml/src/ggml-vulkan/vulkan-shaders/mul_mat_vec_iq1_m.comp: OK
/var/home/agent/workspace/reports/xe-master-agentic-20260914/vulkan-source/ggml/src/ggml-vulkan/vulkan-shaders/mul_mat_vec_iq1_s.comp: OK
/var/home/agent/workspace/reports/xe-master-agentic-20260914/vulkan-source/ggml/src/ggml-vulkan/vulkan-shaders/mul_mat_vec_iq2_s.comp: OK
/var/home/agent/workspace/reports/xe-master-agentic-20260914/vulkan-source/ggml/src/ggml-vulkan/vulkan-shaders/mul_mat_vec_iq2_xs.comp: OK
/var/home/agent/workspace/reports/xe-master-agentic-20260914/vulkan-source/ggml/src/ggml-vulkan/vulkan-shaders/mul_mat_vec_iq2_xxs.comp: OK
/var/home/agent/workspace/reports/xe-master-agentic-20260914/vulkan-source/ggml/src/ggml-vulkan/vulkan-shaders/mul_mat_vec_iq3_s.comp: OK
/var/home/agent/workspace/reports/xe-master-agentic-20260914/vulkan-source/ggml/src/ggml-vulkan/vulkan-shaders/mul_mat_vec_iq3_xxs.comp: OK
/var/home/agent/workspace/reports/xe-master-agentic-20260914/vulkan-source/ggml/src/ggml-vulkan/vulkan-shaders/mul_mat_vec_iq4_xs.comp: OK
/var/home/agent/workspace/reports/xe-master-agentic-20260914/vulkan-source/ggml/src/ggml-vulkan/vulkan-shaders/mul_mat_vec_nc.comp: OK
/var/home/agent/workspace/reports/xe-master-agentic-20260914/vulkan-source/ggml/src/ggml-vulkan/vulkan-shaders/mul_mat_vec_p021.comp: OK
/var/home/agent/workspace/reports/xe-master-agentic-20260914/vulkan-source/ggml/src/ggml-vulkan/vulkan-shaders/mul_mat_vec_q2_k.comp: OK
/var/home/agent/workspace/reports/xe-master-agentic-20260914/vulkan-source/ggml/src/ggml-vulkan/vulkan-shaders/mul_mat_vec_q3_k.comp: OK
/var/home/agent/workspace/reports/xe-master-agentic-20260914/vulkan-source/ggml/src/ggml-vulkan/vulkan-shaders/mul_mat_vec_q4_k.comp: OK
/var/home/agent/workspace/reports/xe-master-agentic-20260914/vulkan-source/ggml/src/ggml-vulkan/vulkan-shaders/mul_mat_vec_q5_k.comp: OK
/var/home/agent/workspace/reports/xe-master-agentic-20260914/vulkan-source/ggml/src/ggml-vulkan/vulkan-shaders/mul_mat_vec_q6_k.comp: OK
/var/home/agent/workspace/reports/xe-master-agentic-20260914/vulkan-source/ggml/src/ggml-vulkan/vulkan-shaders/mul_mat_vecq.comp: OK
/var/home/agent/workspace/reports/xe-master-agentic-20260914/vulkan-source/ggml/src/ggml-vulkan/vulkan-shaders/mul_mat_vecq_funcs.glsl: OK
/var/home/agent/workspace/reports/xe-master-agentic-20260914/vulkan-source/ggml/src/ggml-vulkan/vulkan-shaders/mul_mat_vec_tq1_0.comp: OK
/var/home/agent/workspace/reports/xe-master-agentic-20260914/vulkan-source/ggml/src/ggml-vulkan/vulkan-shaders/mul_mat_vec_tq2_0.comp: OK
/var/home/agent/workspace/reports/xe-master-agentic-20260914/vulkan-source/ggml/src/ggml-vulkan/vulkan-shaders/mul_mat_vec_tq4_1s.comp: OK
/var/home/agent/workspace/reports/xe-master-agentic-20260914/vulkan-source/ggml/src/ggml-vulkan/vulkan-shaders/mul_mm_cm2.comp: OK
/var/home/agent/workspace/reports/xe-master-agentic-20260914/vulkan-source/ggml/src/ggml-vulkan/vulkan-shaders/mul_mm.comp: OK
/var/home/agent/workspace/reports/xe-master-agentic-20260914/vulkan-source/ggml/src/ggml-vulkan/vulkan-shaders/mul_mm_funcs.glsl: OK
/var/home/agent/workspace/reports/xe-master-agentic-20260914/vulkan-source/ggml/src/ggml-vulkan/vulkan-shaders/mul_mm_id_funcs.glsl: OK
/var/home/agent/workspace/reports/xe-master-agentic-20260914/vulkan-source/ggml/src/ggml-vulkan/vulkan-shaders/mul_mmq.comp: OK
/var/home/agent/workspace/reports/xe-master-agentic-20260914/vulkan-source/ggml/src/ggml-vulkan/vulkan-shaders/mul_mmq_funcs.glsl: OK
/var/home/agent/workspace/reports/xe-master-agentic-20260914/vulkan-source/ggml/src/ggml-vulkan/vulkan-shaders/mul_mmq_shmem_types.glsl: OK
/var/home/agent/workspace/reports/xe-master-agentic-20260914/vulkan-source/ggml/src/ggml-vulkan/vulkan-shaders/multi_add.comp: OK
/var/home/agent/workspace/reports/xe-master-agentic-20260914/vulkan-source/ggml/src/ggml-vulkan/vulkan-shaders/neg.comp: OK
/var/home/agent/workspace/reports/xe-master-agentic-20260914/vulkan-source/ggml/src/ggml-vulkan/vulkan-shaders/norm.comp: OK
/var/home/agent/workspace/reports/xe-master-agentic-20260914/vulkan-source/ggml/src/ggml-vulkan/vulkan-shaders/opt_step_adamw.comp: OK
/var/home/agent/workspace/reports/xe-master-agentic-20260914/vulkan-source/ggml/src/ggml-vulkan/vulkan-shaders/opt_step_sgd.comp: OK
/var/home/agent/workspace/reports/xe-master-agentic-20260914/vulkan-source/ggml/src/ggml-vulkan/vulkan-shaders/out_prod.comp: OK
/var/home/agent/workspace/reports/xe-master-agentic-20260914/vulkan-source/ggml/src/ggml-vulkan/vulkan-shaders/pad.comp: OK
/var/home/agent/workspace/reports/xe-master-agentic-20260914/vulkan-source/ggml/src/ggml-vulkan/vulkan-shaders/pad_reflect_1d.comp: OK
/var/home/agent/workspace/reports/xe-master-agentic-20260914/vulkan-source/ggml/src/ggml-vulkan/vulkan-shaders/pool1d.comp: OK
/var/home/agent/workspace/reports/xe-master-agentic-20260914/vulkan-source/ggml/src/ggml-vulkan/vulkan-shaders/pool2d.comp: OK
/var/home/agent/workspace/reports/xe-master-agentic-20260914/vulkan-source/ggml/src/ggml-vulkan/vulkan-shaders/quantize_q8_1.comp: OK
/var/home/agent/workspace/reports/xe-master-agentic-20260914/vulkan-source/ggml/src/ggml-vulkan/vulkan-shaders/reglu.comp: OK
/var/home/agent/workspace/reports/xe-master-agentic-20260914/vulkan-source/ggml/src/ggml-vulkan/vulkan-shaders/relu.comp: OK
/var/home/agent/workspace/reports/xe-master-agentic-20260914/vulkan-source/ggml/src/ggml-vulkan/vulkan-shaders/repeat_back.comp: OK
/var/home/agent/workspace/reports/xe-master-agentic-20260914/vulkan-source/ggml/src/ggml-vulkan/vulkan-shaders/repeat.comp: OK
/var/home/agent/workspace/reports/xe-master-agentic-20260914/vulkan-source/ggml/src/ggml-vulkan/vulkan-shaders/rms_norm_back.comp: OK
/var/home/agent/workspace/reports/xe-master-agentic-20260914/vulkan-source/ggml/src/ggml-vulkan/vulkan-shaders/rms_norm.comp: OK
/var/home/agent/workspace/reports/xe-master-agentic-20260914/vulkan-source/ggml/src/ggml-vulkan/vulkan-shaders/rms_norm_partials.comp: OK
/var/home/agent/workspace/reports/xe-master-agentic-20260914/vulkan-source/ggml/src/ggml-vulkan/vulkan-shaders/roll.comp: OK
/var/home/agent/workspace/reports/xe-master-agentic-20260914/vulkan-source/ggml/src/ggml-vulkan/vulkan-shaders/rope_funcs.glsl: OK
/var/home/agent/workspace/reports/xe-master-agentic-20260914/vulkan-source/ggml/src/ggml-vulkan/vulkan-shaders/rope_head.glsl: OK
/var/home/agent/workspace/reports/xe-master-agentic-20260914/vulkan-source/ggml/src/ggml-vulkan/vulkan-shaders/rope_multi.comp: OK
/var/home/agent/workspace/reports/xe-master-agentic-20260914/vulkan-source/ggml/src/ggml-vulkan/vulkan-shaders/rope_neox.comp: OK
/var/home/agent/workspace/reports/xe-master-agentic-20260914/vulkan-source/ggml/src/ggml-vulkan/vulkan-shaders/rope_norm.comp: OK
/var/home/agent/workspace/reports/xe-master-agentic-20260914/vulkan-source/ggml/src/ggml-vulkan/vulkan-shaders/rope_params.glsl: OK
/var/home/agent/workspace/reports/xe-master-agentic-20260914/vulkan-source/ggml/src/ggml-vulkan/vulkan-shaders/rope_vision.comp: OK
/var/home/agent/workspace/reports/xe-master-agentic-20260914/vulkan-source/ggml/src/ggml-vulkan/vulkan-shaders/round.comp: OK
/var/home/agent/workspace/reports/xe-master-agentic-20260914/vulkan-source/ggml/src/ggml-vulkan/vulkan-shaders/scale.comp: OK
/var/home/agent/workspace/reports/xe-master-agentic-20260914/vulkan-source/ggml/src/ggml-vulkan/vulkan-shaders/sgn.comp: OK
/var/home/agent/workspace/reports/xe-master-agentic-20260914/vulkan-source/ggml/src/ggml-vulkan/vulkan-shaders/sigmoid.comp: OK
/var/home/agent/workspace/reports/xe-master-agentic-20260914/vulkan-source/ggml/src/ggml-vulkan/vulkan-shaders/silu_back.comp: OK
/var/home/agent/workspace/reports/xe-master-agentic-20260914/vulkan-source/ggml/src/ggml-vulkan/vulkan-shaders/silu.comp: OK
/var/home/agent/workspace/reports/xe-master-agentic-20260914/vulkan-source/ggml/src/ggml-vulkan/vulkan-shaders/sin.comp: OK
/var/home/agent/workspace/reports/xe-master-agentic-20260914/vulkan-source/ggml/src/ggml-vulkan/vulkan-shaders/snake.comp: OK
/var/home/agent/workspace/reports/xe-master-agentic-20260914/vulkan-source/ggml/src/ggml-vulkan/vulkan-shaders/soft_max_back.comp: OK
/var/home/agent/workspace/reports/xe-master-agentic-20260914/vulkan-source/ggml/src/ggml-vulkan/vulkan-shaders/soft_max.comp: OK
/var/home/agent/workspace/reports/xe-master-agentic-20260914/vulkan-source/ggml/src/ggml-vulkan/vulkan-shaders/soft_max_large1.comp: OK
/var/home/agent/workspace/reports/xe-master-agentic-20260914/vulkan-source/ggml/src/ggml-vulkan/vulkan-shaders/soft_max_large2.comp: OK
/var/home/agent/workspace/reports/xe-master-agentic-20260914/vulkan-source/ggml/src/ggml-vulkan/vulkan-shaders/soft_max_large3.comp: OK
/var/home/agent/workspace/reports/xe-master-agentic-20260914/vulkan-source/ggml/src/ggml-vulkan/vulkan-shaders/soft_max_large_common.glsl: OK
/var/home/agent/workspace/reports/xe-master-agentic-20260914/vulkan-source/ggml/src/ggml-vulkan/vulkan-shaders/softplus.comp: OK
/var/home/agent/workspace/reports/xe-master-agentic-20260914/vulkan-source/ggml/src/ggml-vulkan/vulkan-shaders/solve_tri.comp: OK
/var/home/agent/workspace/reports/xe-master-agentic-20260914/vulkan-source/ggml/src/ggml-vulkan/vulkan-shaders/sqrt.comp: OK
/var/home/agent/workspace/reports/xe-master-agentic-20260914/vulkan-source/ggml/src/ggml-vulkan/vulkan-shaders/square.comp: OK
/var/home/agent/workspace/reports/xe-master-agentic-20260914/vulkan-source/ggml/src/ggml-vulkan/vulkan-shaders/ssm_conv.comp: OK
/var/home/agent/workspace/reports/xe-master-agentic-20260914/vulkan-source/ggml/src/ggml-vulkan/vulkan-shaders/ssm_scan.comp: OK
/var/home/agent/workspace/reports/xe-master-agentic-20260914/vulkan-source/ggml/src/ggml-vulkan/vulkan-shaders/step.comp: OK
/var/home/agent/workspace/reports/xe-master-agentic-20260914/vulkan-source/ggml/src/ggml-vulkan/vulkan-shaders/sub.comp: OK
/var/home/agent/workspace/reports/xe-master-agentic-20260914/vulkan-source/ggml/src/ggml-vulkan/vulkan-shaders/sum_rows.comp: OK
/var/home/agent/workspace/reports/xe-master-agentic-20260914/vulkan-source/ggml/src/ggml-vulkan/vulkan-shaders/sum_rows.glsl: OK
/var/home/agent/workspace/reports/xe-master-agentic-20260914/vulkan-source/ggml/src/ggml-vulkan/vulkan-shaders/swiglu_clamp.comp: OK
/var/home/agent/workspace/reports/xe-master-agentic-20260914/vulkan-source/ggml/src/ggml-vulkan/vulkan-shaders/swiglu.comp: OK
/var/home/agent/workspace/reports/xe-master-agentic-20260914/vulkan-source/ggml/src/ggml-vulkan/vulkan-shaders/swiglu_oai.comp: OK
/var/home/agent/workspace/reports/xe-master-agentic-20260914/vulkan-source/ggml/src/ggml-vulkan/vulkan-shaders/tanh.comp: OK
/var/home/agent/workspace/reports/xe-master-agentic-20260914/vulkan-source/ggml/src/ggml-vulkan/vulkan-shaders/timestep_embedding.comp: OK
/var/home/agent/workspace/reports/xe-master-agentic-20260914/vulkan-source/ggml/src/ggml-vulkan/vulkan-shaders/topk_argsort.comp: OK
/var/home/agent/workspace/reports/xe-master-agentic-20260914/vulkan-source/ggml/src/ggml-vulkan/vulkan-shaders/topk_moe.comp: OK
/var/home/agent/workspace/reports/xe-master-agentic-20260914/vulkan-source/ggml/src/ggml-vulkan/vulkan-shaders/topk_nary_search.comp: OK
/var/home/agent/workspace/reports/xe-master-agentic-20260914/vulkan-source/ggml/src/ggml-vulkan/vulkan-shaders/topk_radix_select.comp: OK
/var/home/agent/workspace/reports/xe-master-agentic-20260914/vulkan-source/ggml/src/ggml-vulkan/vulkan-shaders/tri.comp: OK
/var/home/agent/workspace/reports/xe-master-agentic-20260914/vulkan-source/ggml/src/ggml-vulkan/vulkan-shaders/trunc.comp: OK
/var/home/agent/workspace/reports/xe-master-agentic-20260914/vulkan-source/ggml/src/ggml-vulkan/vulkan-shaders/turbo_wht.comp: OK
/var/home/agent/workspace/reports/xe-master-agentic-20260914/vulkan-source/ggml/src/ggml-vulkan/vulkan-shaders/types.glsl: OK
/var/home/agent/workspace/reports/xe-master-agentic-20260914/vulkan-source/ggml/src/ggml-vulkan/vulkan-shaders/unary.comp: OK
/var/home/agent/workspace/reports/xe-master-agentic-20260914/vulkan-source/ggml/src/ggml-vulkan/vulkan-shaders/upscale.comp: OK
/var/home/agent/workspace/reports/xe-master-agentic-20260914/vulkan-source/ggml/src/ggml-vulkan/vulkan-shaders/utils.glsl: OK
/var/home/agent/workspace/reports/xe-master-agentic-20260914/vulkan-source/ggml/src/ggml-vulkan/vulkan-shaders/vulkan-shaders-gen.cpp: OK
/var/home/agent/workspace/reports/xe-master-agentic-20260914/vulkan-source/ggml/src/ggml-vulkan/vulkan-shaders/wkv6.comp: OK
/var/home/agent/workspace/reports/xe-master-agentic-20260914/vulkan-source/ggml/src/ggml-vulkan/vulkan-shaders/wkv7.comp: OK
/var/home/agent/workspace/reports/xe-master-agentic-20260914/vulkan-source/ggml/src/ggml-vulkan/vulkan-shaders/xielu.comp: OK
/var/home/agent/workspace/reports/xe-master-agentic-20260914/vulkan-source/ggml/src/ggml-webgpu/CMakeLists.txt: OK
/var/home/agent/workspace/reports/xe-master-agentic-20260914/vulkan-source/ggml/src/ggml-webgpu/ggml-webgpu.cpp: OK
/var/home/agent/workspace/reports/xe-master-agentic-20260914/vulkan-source/ggml/src/ggml-webgpu/ggml-webgpu-shader-lib.hpp: OK
/var/home/agent/workspace/reports/xe-master-agentic-20260914/vulkan-source/ggml/src/ggml-webgpu/pre_wgsl.hpp: OK
/var/home/agent/workspace/reports/xe-master-agentic-20260914/vulkan-source/ggml/src/ggml-webgpu/wgsl-shaders/add_id.wgsl: OK
/var/home/agent/workspace/reports/xe-master-agentic-20260914/vulkan-source/ggml/src/ggml-webgpu/wgsl-shaders/argmax.wgsl: OK
/var/home/agent/workspace/reports/xe-master-agentic-20260914/vulkan-source/ggml/src/ggml-webgpu/wgsl-shaders/argsort_merge.wgsl: OK
/var/home/agent/workspace/reports/xe-master-agentic-20260914/vulkan-source/ggml/src/ggml-webgpu/wgsl-shaders/argsort.wgsl: OK
/var/home/agent/workspace/reports/xe-master-agentic-20260914/vulkan-source/ggml/src/ggml-webgpu/wgsl-shaders/binary.wgsl: OK
/var/home/agent/workspace/reports/xe-master-agentic-20260914/vulkan-source/ggml/src/ggml-webgpu/wgsl-shaders/common_decls.tmpl: OK
/var/home/agent/workspace/reports/xe-master-agentic-20260914/vulkan-source/ggml/src/ggml-webgpu/wgsl-shaders/concat.wgsl: OK
/var/home/agent/workspace/reports/xe-master-agentic-20260914/vulkan-source/ggml/src/ggml-webgpu/wgsl-shaders/conv2d_dw.wgsl: OK
/var/home/agent/workspace/reports/xe-master-agentic-20260914/vulkan-source/ggml/src/ggml-webgpu/wgsl-shaders/conv2d.wgsl: OK
/var/home/agent/workspace/reports/xe-master-agentic-20260914/vulkan-source/ggml/src/ggml-webgpu/wgsl-shaders/cpy.wgsl: OK
/var/home/agent/workspace/reports/xe-master-agentic-20260914/vulkan-source/ggml/src/ggml-webgpu/wgsl-shaders/cumsum.wgsl: OK
/var/home/agent/workspace/reports/xe-master-agentic-20260914/vulkan-source/ggml/src/ggml-webgpu/wgsl-shaders/embed_wgsl.py: OK
/var/home/agent/workspace/reports/xe-master-agentic-20260914/vulkan-source/ggml/src/ggml-webgpu/wgsl-shaders/flash_attn_decls.tmpl: OK
/var/home/agent/workspace/reports/xe-master-agentic-20260914/vulkan-source/ggml/src/ggml-webgpu/wgsl-shaders/flash_attn_staging.tmpl: OK
/var/home/agent/workspace/reports/xe-master-agentic-20260914/vulkan-source/ggml/src/ggml-webgpu/wgsl-shaders/flash_attn_tile.wgsl: OK
/var/home/agent/workspace/reports/xe-master-agentic-20260914/vulkan-source/ggml/src/ggml-webgpu/wgsl-shaders/flash_attn_vec_blk.wgsl: OK
/var/home/agent/workspace/reports/xe-master-agentic-20260914/vulkan-source/ggml/src/ggml-webgpu/wgsl-shaders/flash_attn_vec_reduce.wgsl: OK
/var/home/agent/workspace/reports/xe-master-agentic-20260914/vulkan-source/ggml/src/ggml-webgpu/wgsl-shaders/flash_attn_vec_split.wgsl: OK
/var/home/agent/workspace/reports/xe-master-agentic-20260914/vulkan-source/ggml/src/ggml-webgpu/wgsl-shaders/flash_attn.wgsl: OK
/var/home/agent/workspace/reports/xe-master-agentic-20260914/vulkan-source/ggml/src/ggml-webgpu/wgsl-shaders/gated_delta_net.wgsl: OK
/var/home/agent/workspace/reports/xe-master-agentic-20260914/vulkan-source/ggml/src/ggml-webgpu/wgsl-shaders/get_rows.wgsl: OK
/var/home/agent/workspace/reports/xe-master-agentic-20260914/vulkan-source/ggml/src/ggml-webgpu/wgsl-shaders/glu.wgsl: OK
/var/home/agent/workspace/reports/xe-master-agentic-20260914/vulkan-source/ggml/src/ggml-webgpu/wgsl-shaders/im2col.wgsl: OK
/var/home/agent/workspace/reports/xe-master-agentic-20260914/vulkan-source/ggml/src/ggml-webgpu/wgsl-shaders/memset.wgsl: OK
/var/home/agent/workspace/reports/xe-master-agentic-20260914/vulkan-source/ggml/src/ggml-webgpu/wgsl-shaders/mul_mat_decls.tmpl: OK
/var/home/agent/workspace/reports/xe-master-agentic-20260914/vulkan-source/ggml/src/ggml-webgpu/wgsl-shaders/mul_mat_id_gather.wgsl: OK
/var/home/agent/workspace/reports/xe-master-agentic-20260914/vulkan-source/ggml/src/ggml-webgpu/wgsl-shaders/mul_mat_id_vec.wgsl: OK
/var/home/agent/workspace/reports/xe-master-agentic-20260914/vulkan-source/ggml/src/ggml-webgpu/wgsl-shaders/mul_mat_id.wgsl: OK
/var/home/agent/workspace/reports/xe-master-agentic-20260914/vulkan-source/ggml/src/ggml-webgpu/wgsl-shaders/mul_mat_reg_tile.wgsl: OK
/var/home/agent/workspace/reports/xe-master-agentic-20260914/vulkan-source/ggml/src/ggml-webgpu/wgsl-shaders/mul_mat_subgroup_matrix.wgsl: OK
/var/home/agent/workspace/reports/xe-master-agentic-20260914/vulkan-source/ggml/src/ggml-webgpu/wgsl-shaders/mul_mat_vec_acc.tmpl: OK
/var/home/agent/workspace/reports/xe-master-agentic-20260914/vulkan-source/ggml/src/ggml-webgpu/wgsl-shaders/mul_mat_vec_q_acc.tmpl: OK
/var/home/agent/workspace/reports/xe-master-agentic-20260914/vulkan-source/ggml/src/ggml-webgpu/wgsl-shaders/mul_mat_vec.wgsl: OK
/var/home/agent/workspace/reports/xe-master-agentic-20260914/vulkan-source/ggml/src/ggml-webgpu/wgsl-shaders/mul_mat.wgsl: OK
/var/home/agent/workspace/reports/xe-master-agentic-20260914/vulkan-source/ggml/src/ggml-webgpu/wgsl-shaders/pad.wgsl: OK
/var/home/agent/workspace/reports/xe-master-agentic-20260914/vulkan-source/ggml/src/ggml-webgpu/wgsl-shaders/quant_inner_loops.tmpl: OK
/var/home/agent/workspace/reports/xe-master-agentic-20260914/vulkan-source/ggml/src/ggml-webgpu/wgsl-shaders/quantize_q8.wgsl: OK
/var/home/agent/workspace/reports/xe-master-agentic-20260914/vulkan-source/ggml/src/ggml-webgpu/wgsl-shaders/repeat.wgsl: OK
/var/home/agent/workspace/reports/xe-master-agentic-20260914/vulkan-source/ggml/src/ggml-webgpu/wgsl-shaders/rms_norm_mul.wgsl: OK
/var/home/agent/workspace/reports/xe-master-agentic-20260914/vulkan-source/ggml/src/ggml-webgpu/wgsl-shaders/rope.wgsl: OK
/var/home/agent/workspace/reports/xe-master-agentic-20260914/vulkan-source/ggml/src/ggml-webgpu/wgsl-shaders/row_norm.wgsl: OK
/var/home/agent/workspace/reports/xe-master-agentic-20260914/vulkan-source/ggml/src/ggml-webgpu/wgsl-shaders/scale.wgsl: OK
/var/home/agent/workspace/reports/xe-master-agentic-20260914/vulkan-source/ggml/src/ggml-webgpu/wgsl-shaders/set_rows_quant.wgsl: OK
/var/home/agent/workspace/reports/xe-master-agentic-20260914/vulkan-source/ggml/src/ggml-webgpu/wgsl-shaders/set_rows.wgsl: OK
/var/home/agent/workspace/reports/xe-master-agentic-20260914/vulkan-source/ggml/src/ggml-webgpu/wgsl-shaders/set.wgsl: OK
/var/home/agent/workspace/reports/xe-master-agentic-20260914/vulkan-source/ggml/src/ggml-webgpu/wgsl-shaders/soft_max.wgsl: OK
/var/home/agent/workspace/reports/xe-master-agentic-20260914/vulkan-source/ggml/src/ggml-webgpu/wgsl-shaders/solve_tri.wgsl: OK
/var/home/agent/workspace/reports/xe-master-agentic-20260914/vulkan-source/ggml/src/ggml-webgpu/wgsl-shaders/ssm_conv.wgsl: OK
/var/home/agent/workspace/reports/xe-master-agentic-20260914/vulkan-source/ggml/src/ggml-webgpu/wgsl-shaders/ssm_scan.wgsl: OK
/var/home/agent/workspace/reports/xe-master-agentic-20260914/vulkan-source/ggml/src/ggml-webgpu/wgsl-shaders/sum_rows.wgsl: OK
/var/home/agent/workspace/reports/xe-master-agentic-20260914/vulkan-source/ggml/src/ggml-webgpu/wgsl-shaders/unary.wgsl: OK
/var/home/agent/workspace/reports/xe-master-agentic-20260914/vulkan-source/ggml/src/ggml-webgpu/wgsl-shaders/upscale.wgsl: OK
/var/home/agent/workspace/reports/xe-master-agentic-20260914/vulkan-source/ggml/src/ggml-zdnn/CMakeLists.txt: OK
/var/home/agent/workspace/reports/xe-master-agentic-20260914/vulkan-source/ggml/src/ggml-zdnn/common.hpp: OK
/var/home/agent/workspace/reports/xe-master-agentic-20260914/vulkan-source/ggml/src/ggml-zdnn/ggml-zdnn.cpp: OK
/var/home/agent/workspace/reports/xe-master-agentic-20260914/vulkan-source/ggml/src/ggml-zdnn/.gitignore: OK
/var/home/agent/workspace/reports/xe-master-agentic-20260914/vulkan-source/ggml/src/ggml-zdnn/mmf.cpp: OK
/var/home/agent/workspace/reports/xe-master-agentic-20260914/vulkan-source/ggml/src/ggml-zdnn/mmf.hpp: OK
/var/home/agent/workspace/reports/xe-master-agentic-20260914/vulkan-source/ggml/src/ggml-zdnn/utils.cpp: OK
/var/home/agent/workspace/reports/xe-master-agentic-20260914/vulkan-source/ggml/src/ggml-zdnn/utils.hpp: OK
/var/home/agent/workspace/reports/xe-master-agentic-20260914/vulkan-source/ggml/src/ggml-zendnn/CMakeLists.txt: OK
/var/home/agent/workspace/reports/xe-master-agentic-20260914/vulkan-source/ggml/src/ggml-zendnn/ggml-zendnn.cpp: OK
/var/home/agent/workspace/reports/xe-master-agentic-20260914/vulkan-source/ggml/src/gguf.cpp: OK
