warning: no usable GPU found, --gpu-layers option will be ignored
warning: one possible reason is that llama.cpp was compiled without GPU support
warning: consult docs/build.md for compilation instructions
0.00.002.974 I cmn  common_param: common_params_print_info: verbosity = 3 (adjust with the `-lv N` CLI arg)
0.00.003.173 I srv          init: The UI is disabled
0.00.003.175 I srv          init: Use --ui/--no-ui (or deprecated --webui/--no-webui) to enable/disable
0.00.003.368 W srv  llama_server: -----------------
0.00.003.370 W srv  llama_server: CORS is set to allow all origins ('*') and no API key is set
0.00.003.370 W srv  llama_server: this can be a security risk (cross-origin attacks)
0.00.003.371 W srv  llama_server: more info: https://github.com/ggml-org/llama.cpp/pull/25655
0.00.003.371 W srv  llama_server: -----------------
0.00.004.834 I srv    load_model: loading model '/var/home/agent/workspace/projects/models/gemma-4-e4b-qat-mtp/gemma-4-E4B_q4_0-it.gguf'
0.01.065.574 W load: control-looking token:    212 '</s>' was not control-type; this is probably a bug in the model. its type will be overridden
0.01.066.126 W load: control-looking token:     50 '<|tool_response>' was not control-type; this is probably a bug in the model. its type will be overridden
0.01.097.936 W load: special_eog_ids contains '<|tool_response>', removing '</s>' token from EOG list
0.01.987.233 W llama_kv_cache: the V embeddings have different sizes across layers and FA is not enabled - padding V cache to 1024
0.03.384.702 W llama_kv_cache: the V embeddings have different sizes across layers and FA is not enabled - padding V cache to 1024
0.03.419.443 W srv    load_model: cache_reuse is not supported by this context, it will be disabled
0.03.864.637 I srv    load_model: initializing, n_slots = 2, n_ctx_slot = 131072, kv_unified = 'false'
0.03.871.485 I srv  llama_server: model loaded
0.03.871.491 I srv  llama_server: listening on http://127.0.0.1:18792
0.05.081.189 I slot get_availabl: id  0 | task -1 | selected slot by id (0)
0.05.081.315 I slot launch_slot_: id  0 | task 1 | processing task, is_child = 0
0.24.964.911 I slot print_timing: id  0 | task 1 | n_decoded =    100, tg =   5.55 t/s, tg_3s =   5.55 t/s
0.27.984.389 I slot print_timing: id  0 | task 1 | n_decoded =    117, tg =   5.56 t/s, tg_3s =   5.63 t/s
0.29.949.316 I slot print_timing: id  0 | task 1 | prompt eval time =    1858.55 ms /    25 tokens (   74.34 ms per token,    13.45 tokens per second)
0.29.949.321 I slot print_timing: id  0 | task 1 |        eval time =   23009.42 ms /   128 tokens (  179.76 ms per token,     5.56 tokens per second)
0.29.949.322 I slot print_timing: id  0 | task 1 |       total time =   24867.97 ms /   153 tokens
0.29.949.325 I slot print_timing: id  0 | task 1 |    graphs reused =        125
0.29.950.672 I slot      release: id  0 | task 1 | stop processing: n_tokens = 64810, truncated = 0
0.30.196.121 I srv    operator(): operator(): cleaning up before exit...
GGML_CPU_SHAPE_PROFILE phase=generic_pack_thread name=kqv-41 a=cache_v_l23 (view) (permuted) at=f16 bt=f32 k=65024 m=512 n=1 b2=8 b3=1 a2=2 a3=1 threads=8 calls=336 elapsed_us=11596
GGML_CPU_SHAPE_PROFILE phase=node_wall name=kq-41 a=cache_k_l23 (view) (permuted) at=f16 bt=f32 k=512 m=65024 n=1 b2=8 b3=1 a2=2 a3=1 threads=8 calls=42 elapsed_us=209566
GGML_CPU_SHAPE_PROFILE phase=generic_pack_thread name=kq-41 a=cache_k_l23 (view) (permuted) at=f16 bt=f32 k=512 m=65024 n=1 b2=8 b3=1 a2=2 a3=1 threads=8 calls=336 elapsed_us=255
GGML_CPU_SHAPE_PROFILE phase=node_wall name=kq-35 a=cache_k_l23 (view) (permuted) at=f16 bt=f32 k=512 m=65024 n=1 b2=8 b3=1 a2=2 a3=1 threads=8 calls=42 elapsed_us=209876
GGML_CPU_SHAPE_PROFILE phase=generic_pack_thread name=kq-35 a=cache_k_l23 (view) (permuted) at=f16 bt=f32 k=512 m=65024 n=1 b2=8 b3=1 a2=2 a3=1 threads=8 calls=336 elapsed_us=267
GGML_CPU_SHAPE_PROFILE phase=node_wall name=kqv-29 a=cache_v_l23 (view) (permuted) at=f16 bt=f32 k=65024 m=512 n=1 b2=8 b3=1 a2=2 a3=1 threads=8 calls=42 elapsed_us=345230
GGML_CPU_SHAPE_PROFILE phase=node_wall name=kqv-23 a=cache_v_l23 (view) (permuted) at=f16 bt=f32 k=65024 m=512 n=1 b2=8 b3=1 a2=2 a3=1 threads=8 calls=42 elapsed_us=342952
GGML_CPU_SHAPE_PROFILE phase=node_wall name=kq-23 a=cache_k_l23 (view) (permuted) at=f16 bt=f32 k=512 m=65024 n=1 b2=8 b3=1 a2=2 a3=1 threads=8 calls=42 elapsed_us=209510
GGML_CPU_SHAPE_PROFILE phase=generic_pack_thread name=kq-23 a=cache_k_l23 (view) (permuted) at=f16 bt=f32 k=512 m=65024 n=1 b2=8 b3=1 a2=2 a3=1 threads=8 calls=336 elapsed_us=230
GGML_CPU_SHAPE_PROFILE phase=node_wall name=kqv-5 a=cache_v_l5 (view) (permuted) at=f16 bt=f32 k=65024 m=512 n=1 b2=8 b3=1 a2=2 a3=1 threads=8 calls=42 elapsed_us=346309
GGML_CPU_SHAPE_PROFILE phase=generic_pack_thread name=kqv-5 a=cache_v_l5 (view) (permuted) at=f16 bt=f32 k=65024 m=512 n=1 b2=8 b3=1 a2=2 a3=1 threads=8 calls=336 elapsed_us=11455
GGML_CPU_SHAPE_PROFILE phase=node_wall name=kq-5 a=cache_k_l5 (view) (permuted) at=f16 bt=f32 k=512 m=65024 n=1 b2=8 b3=1 a2=2 a3=1 threads=8 calls=42 elapsed_us=212094
GGML_CPU_SHAPE_PROFILE phase=repack_pack_thread name=node_2065 a=blk.41.inp_gate.weight at=q4_0 bt=f32 k=2560 m=256 n=1 b2=1 b3=1 a2=1 a3=1 threads=8 calls=1016 elapsed_us=220
GGML_CPU_SHAPE_PROFILE phase=node_wall name=ffn_out-41 a=blk.41.ffn_down.weight at=q4_0 bt=f32 k=10240 m=2560 n=1 b2=1 b3=1 a2=1 a3=1 threads=8 calls=127 elapsed_us=41626
GGML_CPU_SHAPE_PROFILE phase=node_wall name=node_2052 a=blk.41.attn_output.weight at=q4_0 bt=f32 k=4096 m=2560 n=1 b2=1 b3=1 a2=1 a3=1 threads=8 calls=127 elapsed_us=19584
GGML_CPU_SHAPE_PROFILE phase=repack_pack_thread name=node_2052 a=blk.41.attn_output.weight at=q4_0 bt=f32 k=4096 m=2560 n=1 b2=1 b3=1 a2=1 a3=1 threads=8 calls=1016 elapsed_us=371
GGML_CPU_SHAPE_PROFILE phase=node_wall name=kqv-41 a=cache_v_l23 (view) (permuted) at=f16 bt=f32 k=64768 m=512 n=1 b2=8 b3=1 a2=2 a3=1 threads=8 calls=85 elapsed_us=688527
GGML_CPU_SHAPE_PROFILE phase=generic_pack_thread name=kqv-41 a=cache_v_l23 (view) (permuted) at=f16 bt=f32 k=64768 m=512 n=1 b2=8 b3=1 a2=2 a3=1 threads=8 calls=680 elapsed_us=23777
GGML_CPU_SHAPE_PROFILE phase=node_wall name=kq-41 a=cache_k_l23 (view) (permuted) at=f16 bt=f32 k=512 m=64768 n=1 b2=8 b3=1 a2=2 a3=1 threads=8 calls=85 elapsed_us=422887
GGML_CPU_SHAPE_PROFILE phase=generic_pack_thread name=kq-41 a=cache_k_l23 (view) (permuted) at=f16 bt=f32 k=512 m=64768 n=1 b2=8 b3=1 a2=2 a3=1 threads=8 calls=680 elapsed_us=523
GGML_CPU_SHAPE_PROFILE phase=node_wall name=Qcur-41 a=blk.41.attn_q.weight at=q4_0 bt=f32 k=2560 m=4096 n=1 b2=1 b3=1 a2=1 a3=1 threads=8 calls=127 elapsed_us=17232
GGML_CPU_SHAPE_PROFILE phase=repack_pack_thread name=Qcur-41 a=blk.41.attn_q.weight at=q4_0 bt=f32 k=2560 m=4096 n=1 b2=1 b3=1 a2=1 a3=1 threads=8 calls=1016 elapsed_us=191
GGML_CPU_SHAPE_PROFILE phase=node_wall name=node_2025 a=blk.40.inp_gate.weight at=q4_0 bt=f32 k=2560 m=256 n=1 b2=1 b3=1 a2=1 a3=1 threads=8 calls=127 elapsed_us=3106
GGML_CPU_SHAPE_PROFILE phase=repack_pack_thread name=node_2025 a=blk.40.inp_gate.weight at=q4_0 bt=f32 k=2560 m=256 n=1 b2=1 b3=1 a2=1 a3=1 threads=8 calls=1016 elapsed_us=202
GGML_CPU_SHAPE_PROFILE phase=node_wall name=ffn_out-40 a=blk.40.ffn_down.weight at=q4_0 bt=f32 k=10240 m=2560 n=1 b2=1 b3=1 a2=1 a3=1 threads=8 calls=127 elapsed_us=40697
GGML_CPU_SHAPE_PROFILE phase=repack_pack_thread name=ffn_out-40 a=blk.40.ffn_down.weight at=q4_0 bt=f32 k=10240 m=2560 n=1 b2=1 b3=1 a2=1 a3=1 threads=8 calls=1016 elapsed_us=700
GGML_CPU_SHAPE_PROFILE phase=node_wall name=node_2012 a=blk.40.attn_output.weight at=q4_0 bt=f32 k=2048 m=2560 n=1 b2=1 b3=1 a2=1 a3=1 threads=8 calls=127 elapsed_us=9589
GGML_CPU_SHAPE_PROFILE phase=repack_pack_thread name=node_2012 a=blk.40.attn_output.weight at=q4_0 bt=f32 k=2048 m=2560 n=1 b2=1 b3=1 a2=1 a3=1 threads=8 calls=1016 elapsed_us=172
GGML_CPU_SHAPE_PROFILE phase=node_wall name=kq-40 a=cache_k_l22 (view) (permuted) at=f16 bt=f32 k=256 m=768 n=1 b2=8 b3=1 a2=2 a3=1 threads=8 calls=127 elapsed_us=6219
GGML_CPU_SHAPE_PROFILE phase=generic_pack_thread name=kq-40 a=cache_k_l22 (view) (permuted) at=f16 bt=f32 k=256 m=768 n=1 b2=8 b3=1 a2=2 a3=1 threads=8 calls=1016 elapsed_us=466
GGML_CPU_SHAPE_PROFILE phase=repack_pack_thread name=Qcur-40 a=blk.40.attn_q.weight at=q4_0 bt=f32 k=2560 m=2048 n=1 b2=1 b3=1 a2=1 a3=1 threads=8 calls=1016 elapsed_us=219
GGML_CPU_SHAPE_PROFILE phase=repack_pack_thread name=ffn_out-39 a=blk.39.ffn_down.weight at=q4_0 bt=f32 k=10240 m=2560 n=1 b2=1 b3=1 a2=1 a3=1 threads=8 calls=1016 elapsed_us=722
GGML_CPU_SHAPE_PROFILE phase=repack_pack_thread name=ffn_up-39 a=blk.39.ffn_up.weight at=q4_0 bt=f32 k=2560 m=10240 n=1 b2=1 b3=1 a2=1 a3=1 threads=8 calls=1016 elapsed_us=204
GGML_CPU_SHAPE_PROFILE phase=repack_pack_thread name=node_1972 a=blk.39.attn_output.weight at=q4_0 bt=f32 k=2048 m=2560 n=1 b2=1 b3=1 a2=1 a3=1 threads=8 calls=1016 elapsed_us=152
GGML_CPU_SHAPE_PROFILE phase=generic_pack_thread name=kqv-39 a=cache_v_l22 (view) (permuted) at=f16 bt=f32 k=768 m=256 n=1 b2=8 b3=1 a2=2 a3=1 threads=8 calls=1016 elapsed_us=1883
GGML_CPU_SHAPE_PROFILE phase=generic_pack_thread name=kq-39 a=cache_k_l22 (view) (permuted) at=f16 bt=f32 k=256 m=768 n=1 b2=8 b3=1 a2=2 a3=1 threads=8 calls=1016 elapsed_us=512
GGML_CPU_SHAPE_PROFILE phase=node_wall name=Qcur-39 a=blk.39.attn_q.weight at=q4_0 bt=f32 k=2560 m=2048 n=1 b2=1 b3=1 a2=1 a3=1 threads=8 calls=127 elapsed_us=9604
GGML_CPU_SHAPE_PROFILE phase=node_wall name=node_1945 a=blk.38.inp_gate.weight at=q4_0 bt=f32 k=2560 m=256 n=1 b2=1 b3=1 a2=1 a3=1 threads=8 calls=127 elapsed_us=3209
GGML_CPU_SHAPE_PROFILE phase=node_wall name=ffn_up-38 a=blk.38.ffn_up.weight at=q4_0 bt=f32 k=2560 m=10240 n=1 b2=1 b3=1 a2=1 a3=1 threads=8 calls=127 elapsed_us=40821
GGML_CPU_SHAPE_PROFILE phase=repack_pack_thread name=ffn_up-38 a=blk.38.ffn_up.weight at=q4_0 bt=f32 k=2560 m=10240 n=1 b2=1 b3=1 a2=1 a3=1 threads=8 calls=1016 elapsed_us=222
GGML_CPU_SHAPE_PROFILE phase=node_wall name=ffn_gate-38 a=blk.38.ffn_gate.weight at=q4_0 bt=f32 k=2560 m=10240 n=1 b2=1 b3=1 a2=1 a3=1 threads=8 calls=127 elapsed_us=40135
GGML_CPU_SHAPE_PROFILE phase=node_wall name=kqv-38 a=cache_v_l22 (view) (permuted) at=f16 bt=f32 k=768 m=256 n=1 b2=8 b3=1 a2=2 a3=1 threads=8 calls=127 elapsed_us=9647
GGML_CPU_SHAPE_PROFILE phase=generic_pack_thread name=kqv-38 a=cache_v_l22 (view) (permuted) at=f16 bt=f32 k=768 m=256 n=1 b2=8 b3=1 a2=2 a3=1 threads=8 calls=1016 elapsed_us=1827
GGML_CPU_SHAPE_PROFILE phase=generic_pack_thread name=kq-38 a=cache_k_l22 (view) (permuted) at=f16 bt=f32 k=256 m=768 n=1 b2=8 b3=1 a2=2 a3=1 threads=8 calls=1016 elapsed_us=477
GGML_CPU_SHAPE_PROFILE phase=node_wall name=node_2029 a=blk.40.proj.weight at=q4_0 bt=f32 k=256 m=2560 n=1 b2=1 b3=1 a2=1 a3=1 threads=8 calls=127 elapsed_us=2981
GGML_CPU_SHAPE_PROFILE phase=node_wall name=Qcur-38 a=blk.38.attn_q.weight at=q4_0 bt=f32 k=2560 m=2048 n=1 b2=1 b3=1 a2=1 a3=1 threads=8 calls=127 elapsed_us=9433
GGML_CPU_SHAPE_PROFILE phase=repack_pack_thread name=Qcur-38 a=blk.38.attn_q.weight at=q4_0 bt=f32 k=2560 m=2048 n=1 b2=1 b3=1 a2=1 a3=1 threads=8 calls=1016 elapsed_us=194
GGML_CPU_SHAPE_PROFILE phase=node_wall name=node_1909 a=blk.37.proj.weight at=q4_0 bt=f32 k=256 m=2560 n=1 b2=1 b3=1 a2=1 a3=1 threads=8 calls=127 elapsed_us=2868
GGML_CPU_SHAPE_PROFILE phase=node_wall name=node_1905 a=blk.37.inp_gate.weight at=q4_0 bt=f32 k=2560 m=256 n=1 b2=1 b3=1 a2=1 a3=1 threads=8 calls=127 elapsed_us=3317
GGML_CPU_SHAPE_PROFILE phase=node_wall name=ffn_out-37 a=blk.37.ffn_down.weight at=q4_0 bt=f32 k=10240 m=2560 n=1 b2=1 b3=1 a2=1 a3=1 threads=8 calls=127 elapsed_us=41143
GGML_CPU_SHAPE_PROFILE phase=repack_pack_thread name=ffn_up-37 a=blk.37.ffn_up.weight at=q4_0 bt=f32 k=2560 m=10240 n=1 b2=1 b3=1 a2=1 a3=1 threads=8 calls=1016 elapsed_us=232
GGML_CPU_SHAPE_PROFILE phase=repack_pack_thread name=ffn_gate-37 a=blk.37.ffn_gate.weight at=q4_0 bt=f32 k=2560 m=10240 n=1 b2=1 b3=1 a2=1 a3=1 threads=8 calls=1016 elapsed_us=201
GGML_CPU_SHAPE_PROFILE phase=repack_pack_thread name=node_1892 a=blk.37.attn_output.weight at=q4_0 bt=f32 k=2048 m=2560 n=1 b2=1 b3=1 a2=1 a3=1 threads=8 calls=1016 elapsed_us=171
GGML_CPU_SHAPE_PROFILE phase=node_wall name=kqv-37 a=cache_v_l22 (view) (permuted) at=f16 bt=f32 k=768 m=256 n=1 b2=8 b3=1 a2=2 a3=1 threads=8 calls=127 elapsed_us=9706
GGML_CPU_SHAPE_PROFILE phase=node_wall name=kq-37 a=cache_k_l22 (view) (permuted) at=f16 bt=f32 k=256 m=768 n=1 b2=8 b3=1 a2=2 a3=1 threads=8 calls=127 elapsed_us=6409
GGML_CPU_SHAPE_PROFILE phase=generic_pack_thread name=kq-37 a=cache_k_l22 (view) (permuted) at=f16 bt=f32 k=256 m=768 n=1 b2=8 b3=1 a2=2 a3=1 threads=8 calls=1016 elapsed_us=482
GGML_CPU_SHAPE_PROFILE phase=node_wall name=Qcur-37 a=blk.37.attn_q.weight at=q4_0 bt=f32 k=2560 m=2048 n=1 b2=1 b3=1 a2=1 a3=1 threads=8 calls=127 elapsed_us=9546
GGML_CPU_SHAPE_PROFILE phase=node_wall name=node_1869 a=blk.36.proj.weight at=q4_0 bt=f32 k=256 m=2560 n=1 b2=1 b3=1 a2=1 a3=1 threads=8 calls=127 elapsed_us=2889
GGML_CPU_SHAPE_PROFILE phase=repack_pack_thread name=node_1869 a=blk.36.proj.weight at=q4_0 bt=f32 k=256 m=2560 n=1 b2=1 b3=1 a2=1 a3=1 threads=8 calls=1016 elapsed_us=47
GGML_CPU_SHAPE_PROFILE phase=node_wall name=node_1865 a=blk.36.inp_gate.weight at=q4_0 bt=f32 k=2560 m=256 n=1 b2=1 b3=1 a2=1 a3=1 threads=8 calls=127 elapsed_us=3337
GGML_CPU_SHAPE_PROFILE phase=repack_pack_thread name=ffn_out-36 a=blk.36.ffn_down.weight at=q4_0 bt=f32 k=10240 m=2560 n=1 b2=1 b3=1 a2=1 a3=1 threads=8 calls=1016 elapsed_us=704
GGML_CPU_SHAPE_PROFILE phase=node_wall name=ffn_up-36 a=blk.36.ffn_up.weight at=q4_0 bt=f32 k=2560 m=10240 n=1 b2=1 b3=1 a2=1 a3=1 threads=8 calls=127 elapsed_us=40352
GGML_CPU_SHAPE_PROFILE phase=repack_pack_thread name=ffn_up-36 a=blk.36.ffn_up.weight at=q4_0 bt=f32 k=2560 m=10240 n=1 b2=1 b3=1 a2=1 a3=1 threads=8 calls=1016 elapsed_us=240
GGML_CPU_SHAPE_PROFILE phase=repack_pack_thread name=ffn_gate-36 a=blk.36.ffn_gate.weight at=q4_0 bt=f32 k=2560 m=10240 n=1 b2=1 b3=1 a2=1 a3=1 threads=8 calls=1016 elapsed_us=206
GGML_CPU_SHAPE_PROFILE phase=node_wall name=node_1852 a=blk.36.attn_output.weight at=q4_0 bt=f32 k=2048 m=2560 n=1 b2=1 b3=1 a2=1 a3=1 threads=8 calls=127 elapsed_us=9501
GGML_CPU_SHAPE_PROFILE phase=repack_pack_thread name=node_1852 a=blk.36.attn_output.weight at=q4_0 bt=f32 k=2048 m=2560 n=1 b2=1 b3=1 a2=1 a3=1 threads=8 calls=1016 elapsed_us=180
GGML_CPU_SHAPE_PROFILE phase=node_wall name=kq-36 a=cache_k_l22 (view) (permuted) at=f16 bt=f32 k=256 m=768 n=1 b2=8 b3=1 a2=2 a3=1 threads=8 calls=127 elapsed_us=6330
GGML_CPU_SHAPE_PROFILE phase=generic_pack_thread name=kq-36 a=cache_k_l22 (view) (permuted) at=f16 bt=f32 k=256 m=768 n=1 b2=8 b3=1 a2=2 a3=1 threads=8 calls=1016 elapsed_us=537
GGML_CPU_SHAPE_PROFILE phase=node_wall name=ffn_up-40 a=blk.40.ffn_up.weight at=q4_0 bt=f32 k=2560 m=10240 n=1 b2=1 b3=1 a2=1 a3=1 threads=8 calls=127 elapsed_us=40333
GGML_CPU_SHAPE_PROFILE phase=repack_pack_thread name=node_1829 a=blk.35.proj.weight at=q4_0 bt=f32 k=256 m=2560 n=1 b2=1 b3=1 a2=1 a3=1 threads=8 calls=1016 elapsed_us=37
GGML_CPU_SHAPE_PROFILE phase=node_wall name=ffn_out-35 a=blk.35.ffn_down.weight at=q4_0 bt=f32 k=10240 m=2560 n=1 b2=1 b3=1 a2=1 a3=1 threads=8 calls=127 elapsed_us=41025
GGML_CPU_SHAPE_PROFILE phase=repack_pack_thread name=ffn_out-35 a=blk.35.ffn_down.weight at=q4_0 bt=f32 k=10240 m=2560 n=1 b2=1 b3=1 a2=1 a3=1 threads=8 calls=1016 elapsed_us=721
GGML_CPU_SHAPE_PROFILE phase=node_wall name=ffn_up-35 a=blk.35.ffn_up.weight at=q4_0 bt=f32 k=2560 m=10240 n=1 b2=1 b3=1 a2=1 a3=1 threads=8 calls=127 elapsed_us=41019
GGML_CPU_SHAPE_PROFILE phase=node_wall name=ffn_gate-35 a=blk.35.ffn_gate.weight at=q4_0 bt=f32 k=2560 m=10240 n=1 b2=1 b3=1 a2=1 a3=1 threads=8 calls=127 elapsed_us=40527
GGML_CPU_SHAPE_PROFILE phase=node_wall name=node_1812 a=blk.35.attn_output.weight at=q4_0 bt=f32 k=4096 m=2560 n=1 b2=1 b3=1 a2=1 a3=1 threads=8 calls=127 elapsed_us=19917
GGML_CPU_SHAPE_PROFILE phase=repack_pack_thread name=node_1812 a=blk.35.attn_output.weight at=q4_0 bt=f32 k=4096 m=2560 n=1 b2=1 b3=1 a2=1 a3=1 threads=8 calls=1016 elapsed_us=385
GGML_CPU_SHAPE_PROFILE phase=node_wall name=kqv-35 a=cache_v_l23 (view) (permuted) at=f16 bt=f32 k=64768 m=512 n=1 b2=8 b3=1 a2=2 a3=1 threads=8 calls=85 elapsed_us=692716
GGML_CPU_SHAPE_PROFILE phase=generic_pack_thread name=kqv-35 a=cache_v_l23 (view) (permuted) at=f16 bt=f32 k=64768 m=512 n=1 b2=8 b3=1 a2=2 a3=1 threads=8 calls=680 elapsed_us=23327
GGML_CPU_SHAPE_PROFILE phase=node_wall name=kq-35 a=cache_k_l23 (view) (permuted) at=f16 bt=f32 k=512 m=64768 n=1 b2=8 b3=1 a2=2 a3=1 threads=8 calls=85 elapsed_us=422868
GGML_CPU_SHAPE_PROFILE phase=repack_pack_thread name=Qcur-35 a=blk.35.attn_q.weight at=q4_0 bt=f32 k=2560 m=4096 n=1 b2=1 b3=1 a2=1 a3=1 threads=8 calls=1016 elapsed_us=206
GGML_CPU_SHAPE_PROFILE phase=node_wall name=node_1789 a=blk.34.proj.weight at=q4_0 bt=f32 k=256 m=2560 n=1 b2=1 b3=1 a2=1 a3=1 threads=8 calls=127 elapsed_us=2772
GGML_CPU_SHAPE_PROFILE phase=repack_pack_thread name=node_1789 a=blk.34.proj.weight at=q4_0 bt=f32 k=256 m=2560 n=1 b2=1 b3=1 a2=1 a3=1 threads=8 calls=1016 elapsed_us=41
GGML_CPU_SHAPE_PROFILE phase=node_wall name=node_1785 a=blk.34.inp_gate.weight at=q4_0 bt=f32 k=2560 m=256 n=1 b2=1 b3=1 a2=1 a3=1 threads=8 calls=127 elapsed_us=3240
GGML_CPU_SHAPE_PROFILE phase=node_wall name=ffn_out-34 a=blk.34.ffn_down.weight at=q4_0 bt=f32 k=10240 m=2560 n=1 b2=1 b3=1 a2=1 a3=1 threads=8 calls=127 elapsed_us=40462
GGML_CPU_SHAPE_PROFILE phase=node_wall name=ffn_up-34 a=blk.34.ffn_up.weight at=q4_0 bt=f32 k=2560 m=10240 n=1 b2=1 b3=1 a2=1 a3=1 threads=8 calls=127 elapsed_us=40419
GGML_CPU_SHAPE_PROFILE phase=repack_pack_thread name=ffn_up-34 a=blk.34.ffn_up.weight at=q4_0 bt=f32 k=2560 m=10240 n=1 b2=1 b3=1 a2=1 a3=1 threads=8 calls=1016 elapsed_us=214
GGML_CPU_SHAPE_PROFILE phase=repack_pack_thread name=ffn_gate-34 a=blk.34.ffn_gate.weight at=q4_0 bt=f32 k=2560 m=10240 n=1 b2=1 b3=1 a2=1 a3=1 threads=8 calls=1016 elapsed_us=202
GGML_CPU_SHAPE_PROFILE phase=node_wall name=node_1772 a=blk.34.attn_output.weight at=q4_0 bt=f32 k=2048 m=2560 n=1 b2=1 b3=1 a2=1 a3=1 threads=8 calls=127 elapsed_us=9734
GGML_CPU_SHAPE_PROFILE phase=repack_pack_thread name=Qcur-39 a=blk.39.attn_q.weight at=q4_0 bt=f32 k=2560 m=2048 n=1 b2=1 b3=1 a2=1 a3=1 threads=8 calls=1016 elapsed_us=193
GGML_CPU_SHAPE_PROFILE phase=repack_pack_thread name=node_1772 a=blk.34.attn_output.weight at=q4_0 bt=f32 k=2048 m=2560 n=1 b2=1 b3=1 a2=1 a3=1 threads=8 calls=1016 elapsed_us=172
GGML_CPU_SHAPE_PROFILE phase=node_wall name=kqv-34 a=cache_v_l22 (view) (permuted) at=f16 bt=f32 k=768 m=256 n=1 b2=8 b3=1 a2=2 a3=1 threads=8 calls=127 elapsed_us=9818
GGML_CPU_SHAPE_PROFILE phase=generic_pack_thread name=kqv-34 a=cache_v_l22 (view) (permuted) at=f16 bt=f32 k=768 m=256 n=1 b2=8 b3=1 a2=2 a3=1 threads=8 calls=1016 elapsed_us=1889
GGML_CPU_SHAPE_PROFILE phase=node_wall name=kq-34 a=cache_k_l22 (view) (permuted) at=f16 bt=f32 k=256 m=768 n=1 b2=8 b3=1 a2=2 a3=1 threads=8 calls=127 elapsed_us=6308
GGML_CPU_SHAPE_PROFILE phase=repack_pack_thread name=node_1749 a=blk.33.proj.weight at=q4_0 bt=f32 k=256 m=2560 n=1 b2=1 b3=1 a2=1 a3=1 threads=8 calls=1016 elapsed_us=53
GGML_CPU_SHAPE_PROFILE phase=node_wall name=node_1745 a=blk.33.inp_gate.weight at=q4_0 bt=f32 k=2560 m=256 n=1 b2=1 b3=1 a2=1 a3=1 threads=8 calls=127 elapsed_us=3168
GGML_CPU_SHAPE_PROFILE phase=repack_pack_thread name=node_1745 a=blk.33.inp_gate.weight at=q4_0 bt=f32 k=2560 m=256 n=1 b2=1 b3=1 a2=1 a3=1 threads=8 calls=1016 elapsed_us=205
GGML_CPU_SHAPE_PROFILE phase=node_wall name=ffn_out-33 a=blk.33.ffn_down.weight at=q4_0 bt=f32 k=10240 m=2560 n=1 b2=1 b3=1 a2=1 a3=1 threads=8 calls=127 elapsed_us=41185
GGML_CPU_SHAPE_PROFILE phase=node_wall name=ffn_up-33 a=blk.33.ffn_up.weight at=q4_0 bt=f32 k=2560 m=10240 n=1 b2=1 b3=1 a2=1 a3=1 threads=8 calls=127 elapsed_us=40324
GGML_CPU_SHAPE_PROFILE phase=node_wall name=node_1732 a=blk.33.attn_output.weight at=q4_0 bt=f32 k=2048 m=2560 n=1 b2=1 b3=1 a2=1 a3=1 threads=8 calls=127 elapsed_us=9503
GGML_CPU_SHAPE_PROFILE phase=repack_pack_thread name=node_1732 a=blk.33.attn_output.weight at=q4_0 bt=f32 k=2048 m=2560 n=1 b2=1 b3=1 a2=1 a3=1 threads=8 calls=1016 elapsed_us=181
GGML_CPU_SHAPE_PROFILE phase=node_wall name=kqv-33 a=cache_v_l22 (view) (permuted) at=f16 bt=f32 k=768 m=256 n=1 b2=8 b3=1 a2=2 a3=1 threads=8 calls=127 elapsed_us=10472
GGML_CPU_SHAPE_PROFILE phase=node_wall name=Qcur-33 a=blk.33.attn_q.weight at=q4_0 bt=f32 k=2560 m=2048 n=1 b2=1 b3=1 a2=1 a3=1 threads=8 calls=127 elapsed_us=9987
GGML_CPU_SHAPE_PROFILE phase=node_wall name=node_1709 a=blk.32.proj.weight at=q4_0 bt=f32 k=256 m=2560 n=1 b2=1 b3=1 a2=1 a3=1 threads=8 calls=127 elapsed_us=2804
GGML_CPU_SHAPE_PROFILE phase=repack_pack_thread name=node_1709 a=blk.32.proj.weight at=q4_0 bt=f32 k=256 m=2560 n=1 b2=1 b3=1 a2=1 a3=1 threads=8 calls=1016 elapsed_us=44
GGML_CPU_SHAPE_PROFILE phase=repack_pack_thread name=ffn_out-32 a=blk.32.ffn_down.weight at=q4_0 bt=f32 k=10240 m=2560 n=1 b2=1 b3=1 a2=1 a3=1 threads=8 calls=1016 elapsed_us=703
GGML_CPU_SHAPE_PROFILE phase=node_wall name=ffn_up-32 a=blk.32.ffn_up.weight at=q4_0 bt=f32 k=2560 m=10240 n=1 b2=1 b3=1 a2=1 a3=1 threads=8 calls=127 elapsed_us=40572
GGML_CPU_SHAPE_PROFILE phase=repack_pack_thread name=ffn_up-32 a=blk.32.ffn_up.weight at=q4_0 bt=f32 k=2560 m=10240 n=1 b2=1 b3=1 a2=1 a3=1 threads=8 calls=1016 elapsed_us=194
GGML_CPU_SHAPE_PROFILE phase=node_wall name=ffn_gate-32 a=blk.32.ffn_gate.weight at=q4_0 bt=f32 k=2560 m=10240 n=1 b2=1 b3=1 a2=1 a3=1 threads=8 calls=127 elapsed_us=39822
GGML_CPU_SHAPE_PROFILE phase=node_wall name=node_1692 a=blk.32.attn_output.weight at=q4_0 bt=f32 k=2048 m=2560 n=1 b2=1 b3=1 a2=1 a3=1 threads=8 calls=127 elapsed_us=9524
GGML_CPU_SHAPE_PROFILE phase=generic_pack_thread name=kq-32 a=cache_k_l22 (view) (permuted) at=f16 bt=f32 k=256 m=768 n=1 b2=8 b3=1 a2=2 a3=1 threads=8 calls=1016 elapsed_us=545
GGML_CPU_SHAPE_PROFILE phase=node_wall name=node_1669 a=blk.31.proj.weight at=q4_0 bt=f32 k=256 m=2560 n=1 b2=1 b3=1 a2=1 a3=1 threads=8 calls=127 elapsed_us=2964
GGML_CPU_SHAPE_PROFILE phase=node_wall name=node_1665 a=blk.31.inp_gate.weight at=q4_0 bt=f32 k=2560 m=256 n=1 b2=1 b3=1 a2=1 a3=1 threads=8 calls=127 elapsed_us=3152
GGML_CPU_SHAPE_PROFILE phase=repack_pack_thread name=node_1665 a=blk.31.inp_gate.weight at=q4_0 bt=f32 k=2560 m=256 n=1 b2=1 b3=1 a2=1 a3=1 threads=8 calls=1016 elapsed_us=211
GGML_CPU_SHAPE_PROFILE phase=repack_pack_thread name=ffn_out-31 a=blk.31.ffn_down.weight at=q4_0 bt=f32 k=10240 m=2560 n=1 b2=1 b3=1 a2=1 a3=1 threads=8 calls=1016 elapsed_us=698
GGML_CPU_SHAPE_PROFILE phase=node_wall name=ffn_up-31 a=blk.31.ffn_up.weight at=q4_0 bt=f32 k=2560 m=10240 n=1 b2=1 b3=1 a2=1 a3=1 threads=8 calls=127 elapsed_us=40388
GGML_CPU_SHAPE_PROFILE phase=repack_pack_thread name=ffn_up-31 a=blk.31.ffn_up.weight at=q4_0 bt=f32 k=2560 m=10240 n=1 b2=1 b3=1 a2=1 a3=1 threads=8 calls=1016 elapsed_us=202
GGML_CPU_SHAPE_PROFILE phase=node_wall name=ffn_gate-31 a=blk.31.ffn_gate.weight at=q4_0 bt=f32 k=2560 m=10240 n=1 b2=1 b3=1 a2=1 a3=1 threads=8 calls=127 elapsed_us=39965
GGML_CPU_SHAPE_PROFILE phase=repack_pack_thread name=ffn_gate-31 a=blk.31.ffn_gate.weight at=q4_0 bt=f32 k=2560 m=10240 n=1 b2=1 b3=1 a2=1 a3=1 threads=8 calls=1016 elapsed_us=204
GGML_CPU_SHAPE_PROFILE phase=node_wall name=kqv-31 a=cache_v_l22 (view) (permuted) at=f16 bt=f32 k=768 m=256 n=1 b2=8 b3=1 a2=2 a3=1 threads=8 calls=127 elapsed_us=10001
GGML_CPU_SHAPE_PROFILE phase=repack_pack_thread name=node_1949 a=blk.38.proj.weight at=q4_0 bt=f32 k=256 m=2560 n=1 b2=1 b3=1 a2=1 a3=1 threads=8 calls=1016 elapsed_us=44
GGML_CPU_SHAPE_PROFILE phase=repack_pack_thread name=Qcur-31 a=blk.31.attn_q.weight at=q4_0 bt=f32 k=2560 m=2048 n=1 b2=1 b3=1 a2=1 a3=1 threads=8 calls=1016 elapsed_us=181
GGML_CPU_SHAPE_PROFILE phase=node_wall name=node_1629 a=blk.30.proj.weight at=q4_0 bt=f32 k=256 m=2560 n=1 b2=1 b3=1 a2=1 a3=1 threads=8 calls=127 elapsed_us=2849
GGML_CPU_SHAPE_PROFILE phase=repack_pack_thread name=node_1629 a=blk.30.proj.weight at=q4_0 bt=f32 k=256 m=2560 n=1 b2=1 b3=1 a2=1 a3=1 threads=8 calls=1016 elapsed_us=45
GGML_CPU_SHAPE_PROFILE phase=node_wall name=ffn_out-30 a=blk.30.ffn_down.weight at=q4_0 bt=f32 k=10240 m=2560 n=1 b2=1 b3=1 a2=1 a3=1 threads=8 calls=127 elapsed_us=42196
GGML_CPU_SHAPE_PROFILE phase=node_wall name=ffn_up-30 a=blk.30.ffn_up.weight at=q4_0 bt=f32 k=2560 m=10240 n=1 b2=1 b3=1 a2=1 a3=1 threads=8 calls=127 elapsed_us=40660
GGML_CPU_SHAPE_PROFILE phase=node_wall name=ffn_gate-30 a=blk.30.ffn_gate.weight at=q4_0 bt=f32 k=2560 m=10240 n=1 b2=1 b3=1 a2=1 a3=1 threads=8 calls=127 elapsed_us=39719
GGML_CPU_SHAPE_PROFILE phase=node_wall name=node_1612 a=blk.30.attn_output.weight at=q4_0 bt=f32 k=2048 m=2560 n=1 b2=1 b3=1 a2=1 a3=1 threads=8 calls=127 elapsed_us=9627
GGML_CPU_SHAPE_PROFILE phase=node_wall name=node_2069 a=blk.41.proj.weight at=q4_0 bt=f32 k=256 m=2560 n=1 b2=1 b3=1 a2=1 a3=1 threads=8 calls=127 elapsed_us=2928
GGML_CPU_SHAPE_PROFILE phase=node_wall name=kqv-30 a=cache_v_l22 (view) (permuted) at=f16 bt=f32 k=768 m=256 n=1 b2=8 b3=1 a2=2 a3=1 threads=8 calls=127 elapsed_us=9760
GGML_CPU_SHAPE_PROFILE phase=generic_pack_thread name=kqv-30 a=cache_v_l22 (view) (permuted) at=f16 bt=f32 k=768 m=256 n=1 b2=8 b3=1 a2=2 a3=1 threads=8 calls=1016 elapsed_us=1824
GGML_CPU_SHAPE_PROFILE phase=generic_pack_thread name=kq-30 a=cache_k_l22 (view) (permuted) at=f16 bt=f32 k=256 m=768 n=1 b2=8 b3=1 a2=2 a3=1 threads=8 calls=1016 elapsed_us=526
GGML_CPU_SHAPE_PROFILE phase=node_wall name=Qcur-30 a=blk.30.attn_q.weight at=q4_0 bt=f32 k=2560 m=2048 n=1 b2=1 b3=1 a2=1 a3=1 threads=8 calls=127 elapsed_us=9534
GGML_CPU_SHAPE_PROFILE phase=repack_pack_thread name=Qcur-30 a=blk.30.attn_q.weight at=q4_0 bt=f32 k=2560 m=2048 n=1 b2=1 b3=1 a2=1 a3=1 threads=8 calls=1016 elapsed_us=193
GGML_CPU_SHAPE_PROFILE phase=node_wall name=node_1589 a=blk.29.proj.weight at=q4_0 bt=f32 k=256 m=2560 n=1 b2=1 b3=1 a2=1 a3=1 threads=8 calls=127 elapsed_us=2883
GGML_CPU_SHAPE_PROFILE phase=repack_pack_thread name=node_1589 a=blk.29.proj.weight at=q4_0 bt=f32 k=256 m=2560 n=1 b2=1 b3=1 a2=1 a3=1 threads=8 calls=1016 elapsed_us=47
GGML_CPU_SHAPE_PROFILE phase=repack_pack_thread name=node_1585 a=blk.29.inp_gate.weight at=q4_0 bt=f32 k=2560 m=256 n=1 b2=1 b3=1 a2=1 a3=1 threads=8 calls=1016 elapsed_us=289
GGML_CPU_SHAPE_PROFILE phase=node_wall name=ffn_out-29 a=blk.29.ffn_down.weight at=q4_0 bt=f32 k=10240 m=2560 n=1 b2=1 b3=1 a2=1 a3=1 threads=8 calls=127 elapsed_us=40833
GGML_CPU_SHAPE_PROFILE phase=repack_pack_thread name=ffn_up-29 a=blk.29.ffn_up.weight at=q4_0 bt=f32 k=2560 m=10240 n=1 b2=1 b3=1 a2=1 a3=1 threads=8 calls=1016 elapsed_us=252
GGML_CPU_SHAPE_PROFILE phase=node_wall name=ffn_gate-29 a=blk.29.ffn_gate.weight at=q4_0 bt=f32 k=2560 m=10240 n=1 b2=1 b3=1 a2=1 a3=1 threads=8 calls=127 elapsed_us=41127
GGML_CPU_SHAPE_PROFILE phase=node_wall name=kqv-29 a=cache_v_l23 (view) (permuted) at=f16 bt=f32 k=64768 m=512 n=1 b2=8 b3=1 a2=2 a3=1 threads=8 calls=85 elapsed_us=681324
GGML_CPU_SHAPE_PROFILE phase=node_wall name=Qcur-29 a=blk.29.attn_q.weight at=q4_0 bt=f32 k=2560 m=4096 n=1 b2=1 b3=1 a2=1 a3=1 threads=8 calls=127 elapsed_us=17127
GGML_CPU_SHAPE_PROFILE phase=repack_pack_thread name=Qcur-29 a=blk.29.attn_q.weight at=q4_0 bt=f32 k=2560 m=4096 n=1 b2=1 b3=1 a2=1 a3=1 threads=8 calls=1016 elapsed_us=206
GGML_CPU_SHAPE_PROFILE phase=node_wall name=node_1549 a=blk.28.proj.weight at=q4_0 bt=f32 k=256 m=2560 n=1 b2=1 b3=1 a2=1 a3=1 threads=8 calls=127 elapsed_us=2985
GGML_CPU_SHAPE_PROFILE phase=repack_pack_thread name=node_1549 a=blk.28.proj.weight at=q4_0 bt=f32 k=256 m=2560 n=1 b2=1 b3=1 a2=1 a3=1 threads=8 calls=1016 elapsed_us=52
GGML_CPU_SHAPE_PROFILE phase=node_wall name=node_1545 a=blk.28.inp_gate.weight at=q4_0 bt=f32 k=2560 m=256 n=1 b2=1 b3=1 a2=1 a3=1 threads=8 calls=127 elapsed_us=3105
GGML_CPU_SHAPE_PROFILE phase=node_wall name=ffn_out-28 a=blk.28.ffn_down.weight at=q4_0 bt=f32 k=10240 m=2560 n=1 b2=1 b3=1 a2=1 a3=1 threads=8 calls=127 elapsed_us=40535
GGML_CPU_SHAPE_PROFILE phase=repack_pack_thread name=ffn_up-28 a=blk.28.ffn_up.weight at=q4_0 bt=f32 k=2560 m=10240 n=1 b2=1 b3=1 a2=1 a3=1 threads=8 calls=1016 elapsed_us=217
GGML_CPU_SHAPE_PROFILE phase=node_wall name=ffn_gate-28 a=blk.28.ffn_gate.weight at=q4_0 bt=f32 k=2560 m=10240 n=1 b2=1 b3=1 a2=1 a3=1 threads=8 calls=127 elapsed_us=39919
GGML_CPU_SHAPE_PROFILE phase=repack_pack_thread name=node_1705 a=blk.32.inp_gate.weight at=q4_0 bt=f32 k=2560 m=256 n=1 b2=1 b3=1 a2=1 a3=1 threads=8 calls=1016 elapsed_us=194
GGML_CPU_SHAPE_PROFILE phase=generic_pack_thread name=kqv-28 a=cache_v_l22 (view) (permuted) at=f16 bt=f32 k=768 m=256 n=1 b2=8 b3=1 a2=2 a3=1 threads=8 calls=1016 elapsed_us=1813
GGML_CPU_SHAPE_PROFILE phase=node_wall name=kq-28 a=cache_k_l22 (view) (permuted) at=f16 bt=f32 k=256 m=768 n=1 b2=8 b3=1 a2=2 a3=1 threads=8 calls=127 elapsed_us=6190
GGML_CPU_SHAPE_PROFILE phase=generic_pack_thread name=kq-28 a=cache_k_l22 (view) (permuted) at=f16 bt=f32 k=256 m=768 n=1 b2=8 b3=1 a2=2 a3=1 threads=8 calls=1016 elapsed_us=448
GGML_CPU_SHAPE_PROFILE phase=node_wall name=Qcur-28 a=blk.28.attn_q.weight at=q4_0 bt=f32 k=2560 m=2048 n=1 b2=1 b3=1 a2=1 a3=1 threads=8 calls=127 elapsed_us=9484
GGML_CPU_SHAPE_PROFILE phase=repack_pack_thread name=Qcur-28 a=blk.28.attn_q.weight at=q4_0 bt=f32 k=2560 m=2048 n=1 b2=1 b3=1 a2=1 a3=1 threads=8 calls=1016 elapsed_us=201
GGML_CPU_SHAPE_PROFILE phase=node_wall name=node_1509 a=blk.27.proj.weight at=q4_0 bt=f32 k=256 m=2560 n=1 b2=1 b3=1 a2=1 a3=1 threads=8 calls=127 elapsed_us=2855
GGML_CPU_SHAPE_PROFILE phase=node_wall name=node_1505 a=blk.27.inp_gate.weight at=q4_0 bt=f32 k=2560 m=256 n=1 b2=1 b3=1 a2=1 a3=1 threads=8 calls=127 elapsed_us=3174
GGML_CPU_SHAPE_PROFILE phase=repack_pack_thread name=node_1505 a=blk.27.inp_gate.weight at=q4_0 bt=f32 k=2560 m=256 n=1 b2=1 b3=1 a2=1 a3=1 threads=8 calls=1016 elapsed_us=208
GGML_CPU_SHAPE_PROFILE phase=node_wall name=ffn_out-27 a=blk.27.ffn_down.weight at=q4_0 bt=f32 k=10240 m=2560 n=1 b2=1 b3=1 a2=1 a3=1 threads=8 calls=127 elapsed_us=41128
GGML_CPU_SHAPE_PROFILE phase=node_wall name=ffn_up-27 a=blk.27.ffn_up.weight at=q4_0 bt=f32 k=2560 m=10240 n=1 b2=1 b3=1 a2=1 a3=1 threads=8 calls=127 elapsed_us=40343
GGML_CPU_SHAPE_PROFILE phase=node_wall name=ffn_gate-27 a=blk.27.ffn_gate.weight at=q4_0 bt=f32 k=2560 m=10240 n=1 b2=1 b3=1 a2=1 a3=1 threads=8 calls=127 elapsed_us=39774
GGML_CPU_SHAPE_PROFILE phase=node_wall name=node_1492 a=blk.27.attn_output.weight at=q4_0 bt=f32 k=2048 m=2560 n=1 b2=1 b3=1 a2=1 a3=1 threads=8 calls=127 elapsed_us=9491
GGML_CPU_SHAPE_PROFILE phase=node_wall name=kqv-27 a=cache_v_l22 (view) (permuted) at=f16 bt=f32 k=768 m=256 n=1 b2=8 b3=1 a2=2 a3=1 threads=8 calls=127 elapsed_us=9643
GGML_CPU_SHAPE_PROFILE phase=generic_pack_thread name=kqv-27 a=cache_v_l22 (view) (permuted) at=f16 bt=f32 k=768 m=256 n=1 b2=8 b3=1 a2=2 a3=1 threads=8 calls=1016 elapsed_us=1820
GGML_CPU_SHAPE_PROFILE phase=repack_pack_thread name=Qcur-27 a=blk.27.attn_q.weight at=q4_0 bt=f32 k=2560 m=2048 n=1 b2=1 b3=1 a2=1 a3=1 threads=8 calls=1016 elapsed_us=185
GGML_CPU_SHAPE_PROFILE phase=repack_pack_thread name=node_1469 a=blk.26.proj.weight at=q4_0 bt=f32 k=256 m=2560 n=1 b2=1 b3=1 a2=1 a3=1 threads=8 calls=1016 elapsed_us=50
GGML_CPU_SHAPE_PROFILE phase=node_wall name=node_1465 a=blk.26.inp_gate.weight at=q4_0 bt=f32 k=2560 m=256 n=1 b2=1 b3=1 a2=1 a3=1 threads=8 calls=127 elapsed_us=3228
GGML_CPU_SHAPE_PROFILE phase=repack_pack_thread name=node_1465 a=blk.26.inp_gate.weight at=q4_0 bt=f32 k=2560 m=256 n=1 b2=1 b3=1 a2=1 a3=1 threads=8 calls=1016 elapsed_us=203
GGML_CPU_SHAPE_PROFILE phase=node_wall name=ffn_out-26 a=blk.26.ffn_down.weight at=q4_0 bt=f32 k=10240 m=2560 n=1 b2=1 b3=1 a2=1 a3=1 threads=8 calls=127 elapsed_us=40776
GGML_CPU_SHAPE_PROFILE phase=repack_pack_thread name=ffn_up-26 a=blk.26.ffn_up.weight at=q4_0 bt=f32 k=2560 m=10240 n=1 b2=1 b3=1 a2=1 a3=1 threads=8 calls=1016 elapsed_us=206
GGML_CPU_SHAPE_PROFILE phase=node_wall name=ffn_gate-26 a=blk.26.ffn_gate.weight at=q4_0 bt=f32 k=2560 m=10240 n=1 b2=1 b3=1 a2=1 a3=1 threads=8 calls=127 elapsed_us=40003
GGML_CPU_SHAPE_PROFILE phase=repack_pack_thread name=ffn_gate-26 a=blk.26.ffn_gate.weight at=q4_0 bt=f32 k=2560 m=10240 n=1 b2=1 b3=1 a2=1 a3=1 threads=8 calls=1016 elapsed_us=189
GGML_CPU_SHAPE_PROFILE phase=node_wall name=kqv-26 a=cache_v_l22 (view) (permuted) at=f16 bt=f32 k=768 m=256 n=1 b2=8 b3=1 a2=2 a3=1 threads=8 calls=127 elapsed_us=9679
GGML_CPU_SHAPE_PROFILE phase=node_wall name=kq-26 a=cache_k_l22 (view) (permuted) at=f16 bt=f32 k=256 m=768 n=1 b2=8 b3=1 a2=2 a3=1 threads=8 calls=127 elapsed_us=6283
GGML_CPU_SHAPE_PROFILE phase=generic_pack_thread name=kq-26 a=cache_k_l22 (view) (permuted) at=f16 bt=f32 k=256 m=768 n=1 b2=8 b3=1 a2=2 a3=1 threads=8 calls=1016 elapsed_us=494
GGML_CPU_SHAPE_PROFILE phase=node_wall name=Qcur-26 a=blk.26.attn_q.weight at=q4_0 bt=f32 k=2560 m=2048 n=1 b2=1 b3=1 a2=1 a3=1 threads=8 calls=127 elapsed_us=9527
GGML_CPU_SHAPE_PROFILE phase=node_wall name=node_1429 a=blk.25.proj.weight at=q4_0 bt=f32 k=256 m=2560 n=1 b2=1 b3=1 a2=1 a3=1 threads=8 calls=127 elapsed_us=2970
GGML_CPU_SHAPE_PROFILE phase=repack_pack_thread name=node_1425 a=blk.25.inp_gate.weight at=q4_0 bt=f32 k=2560 m=256 n=1 b2=1 b3=1 a2=1 a3=1 threads=8 calls=1016 elapsed_us=206
GGML_CPU_SHAPE_PROFILE phase=node_wall name=ffn_out-25 a=blk.25.ffn_down.weight at=q4_0 bt=f32 k=10240 m=2560 n=1 b2=1 b3=1 a2=1 a3=1 threads=8 calls=127 elapsed_us=40850
GGML_CPU_SHAPE_PROFILE phase=repack_pack_thread name=ffn_out-25 a=blk.25.ffn_down.weight at=q4_0 bt=f32 k=10240 m=2560 n=1 b2=1 b3=1 a2=1 a3=1 threads=8 calls=1016 elapsed_us=719
GGML_CPU_SHAPE_PROFILE phase=node_wall name=ffn_up-25 a=blk.25.ffn_up.weight at=q4_0 bt=f32 k=2560 m=10240 n=1 b2=1 b3=1 a2=1 a3=1 threads=8 calls=127 elapsed_us=40335
GGML_CPU_SHAPE_PROFILE phase=repack_pack_thread name=ffn_up-25 a=blk.25.ffn_up.weight at=q4_0 bt=f32 k=2560 m=10240 n=1 b2=1 b3=1 a2=1 a3=1 threads=8 calls=1016 elapsed_us=224
GGML_CPU_SHAPE_PROFILE phase=node_wall name=ffn_gate-25 a=blk.25.ffn_gate.weight at=q4_0 bt=f32 k=2560 m=10240 n=1 b2=1 b3=1 a2=1 a3=1 threads=8 calls=127 elapsed_us=39998
GGML_CPU_SHAPE_PROFILE phase=repack_pack_thread name=ffn_gate-25 a=blk.25.ffn_gate.weight at=q4_0 bt=f32 k=2560 m=10240 n=1 b2=1 b3=1 a2=1 a3=1 threads=8 calls=1016 elapsed_us=193
GGML_CPU_SHAPE_PROFILE phase=generic_pack_thread name=kqv-25 a=cache_v_l22 (view) (permuted) at=f16 bt=f32 k=768 m=256 n=1 b2=8 b3=1 a2=2 a3=1 threads=8 calls=1016 elapsed_us=1832
GGML_CPU_SHAPE_PROFILE phase=node_wall name=kq-25 a=cache_k_l22 (view) (permuted) at=f16 bt=f32 k=256 m=768 n=1 b2=8 b3=1 a2=2 a3=1 threads=8 calls=127 elapsed_us=6182
GGML_CPU_SHAPE_PROFILE phase=node_wall name=Qcur-25 a=blk.25.attn_q.weight at=q4_0 bt=f32 k=2560 m=2048 n=1 b2=1 b3=1 a2=1 a3=1 threads=8 calls=127 elapsed_us=9520
GGML_CPU_SHAPE_PROFILE phase=repack_pack_thread name=Qcur-25 a=blk.25.attn_q.weight at=q4_0 bt=f32 k=2560 m=2048 n=1 b2=1 b3=1 a2=1 a3=1 threads=8 calls=1016 elapsed_us=197
GGML_CPU_SHAPE_PROFILE phase=repack_pack_thread name=node_1389 a=blk.24.proj.weight at=q4_0 bt=f32 k=256 m=2560 n=1 b2=1 b3=1 a2=1 a3=1 threads=8 calls=1016 elapsed_us=47
GGML_CPU_SHAPE_PROFILE phase=generic_pack_thread name=kq-25 a=cache_k_l22 (view) (permuted) at=f16 bt=f32 k=256 m=768 n=1 b2=8 b3=1 a2=2 a3=1 threads=8 calls=1016 elapsed_us=527
GGML_CPU_SHAPE_PROFILE phase=repack_pack_thread name=ffn_out-24 a=blk.24.ffn_down.weight at=q4_0 bt=f32 k=10240 m=2560 n=1 b2=1 b3=1 a2=1 a3=1 threads=8 calls=1016 elapsed_us=693
GGML_CPU_SHAPE_PROFILE phase=node_wall name=ffn_up-24 a=blk.24.ffn_up.weight at=q4_0 bt=f32 k=2560 m=10240 n=1 b2=1 b3=1 a2=1 a3=1 threads=8 calls=127 elapsed_us=40379
GGML_CPU_SHAPE_PROFILE phase=repack_pack_thread name=ffn_up-24 a=blk.24.ffn_up.weight at=q4_0 bt=f32 k=2560 m=10240 n=1 b2=1 b3=1 a2=1 a3=1 threads=8 calls=1016 elapsed_us=243
GGML_CPU_SHAPE_PROFILE phase=node_wall name=ffn_gate-24 a=blk.24.ffn_gate.weight at=q4_0 bt=f32 k=2560 m=10240 n=1 b2=1 b3=1 a2=1 a3=1 threads=8 calls=127 elapsed_us=40229
GGML_CPU_SHAPE_PROFILE phase=repack_pack_thread name=ffn_gate-24 a=blk.24.ffn_gate.weight at=q4_0 bt=f32 k=2560 m=10240 n=1 b2=1 b3=1 a2=1 a3=1 threads=8 calls=1016 elapsed_us=186
GGML_CPU_SHAPE_PROFILE phase=node_wall name=Qcur-34 a=blk.34.attn_q.weight at=q4_0 bt=f32 k=2560 m=2048 n=1 b2=1 b3=1 a2=1 a3=1 threads=8 calls=127 elapsed_us=9896
GGML_CPU_SHAPE_PROFILE phase=node_wall name=kqv-24 a=cache_v_l22 (view) (permuted) at=f16 bt=f32 k=768 m=256 n=1 b2=8 b3=1 a2=2 a3=1 threads=8 calls=127 elapsed_us=9782
GGML_CPU_SHAPE_PROFILE phase=generic_pack_thread name=kqv-24 a=cache_v_l22 (view) (permuted) at=f16 bt=f32 k=768 m=256 n=1 b2=8 b3=1 a2=2 a3=1 threads=8 calls=1016 elapsed_us=1818
GGML_CPU_SHAPE_PROFILE phase=generic_pack_thread name=kq-24 a=cache_k_l22 (view) (permuted) at=f16 bt=f32 k=256 m=768 n=1 b2=8 b3=1 a2=2 a3=1 threads=8 calls=1016 elapsed_us=542
GGML_CPU_SHAPE_PROFILE phase=node_wall name=Qcur-24 a=blk.24.attn_q.weight at=q4_0 bt=f32 k=2560 m=2048 n=1 b2=1 b3=1 a2=1 a3=1 threads=8 calls=127 elapsed_us=9626
GGML_CPU_SHAPE_PROFILE phase=repack_pack_thread name=Qcur-24 a=blk.24.attn_q.weight at=q4_0 bt=f32 k=2560 m=2048 n=1 b2=1 b3=1 a2=1 a3=1 threads=8 calls=1016 elapsed_us=190
GGML_CPU_SHAPE_PROFILE phase=node_wall name=node_1349 a=blk.23.proj.weight at=q4_0 bt=f32 k=256 m=2560 n=1 b2=1 b3=1 a2=1 a3=1 threads=8 calls=127 elapsed_us=2958
GGML_CPU_SHAPE_PROFILE phase=node_wall name=node_1345 a=blk.23.inp_gate.weight at=q4_0 bt=f32 k=2560 m=256 n=1 b2=1 b3=1 a2=1 a3=1 threads=8 calls=127 elapsed_us=3335
GGML_CPU_SHAPE_PROFILE phase=repack_pack_thread name=node_1345 a=blk.23.inp_gate.weight at=q4_0 bt=f32 k=2560 m=256 n=1 b2=1 b3=1 a2=1 a3=1 threads=8 calls=1016 elapsed_us=214
GGML_CPU_SHAPE_PROFILE phase=node_wall name=ffn_up-23 a=blk.23.ffn_up.weight at=q4_0 bt=f32 k=2560 m=10240 n=1 b2=1 b3=1 a2=1 a3=1 threads=8 calls=127 elapsed_us=41202
GGML_CPU_SHAPE_PROFILE phase=node_wall name=ffn_gate-23 a=blk.23.ffn_gate.weight at=q4_0 bt=f32 k=2560 m=10240 n=1 b2=1 b3=1 a2=1 a3=1 threads=8 calls=127 elapsed_us=40805
GGML_CPU_SHAPE_PROFILE phase=repack_pack_thread name=ffn_gate-23 a=blk.23.ffn_gate.weight at=q4_0 bt=f32 k=2560 m=10240 n=1 b2=1 b3=1 a2=1 a3=1 threads=8 calls=1016 elapsed_us=212
GGML_CPU_SHAPE_PROFILE phase=node_wall name=node_1332 a=blk.23.attn_output.weight at=q4_0 bt=f32 k=4096 m=2560 n=1 b2=1 b3=1 a2=1 a3=1 threads=8 calls=127 elapsed_us=20769
GGML_CPU_SHAPE_PROFILE phase=node_wall name=kqv-23 a=cache_v_l23 (view) (permuted) at=f16 bt=f32 k=64768 m=512 n=1 b2=8 b3=1 a2=2 a3=1 threads=8 calls=85 elapsed_us=689017
GGML_CPU_SHAPE_PROFILE phase=repack_pack_thread name=Vcur-23 a=blk.23.attn_v.weight at=q4_0 bt=f32 k=2560 m=1024 n=1 b2=1 b3=1 a2=1 a3=1 threads=8 calls=1016 elapsed_us=188
GGML_CPU_SHAPE_PROFILE phase=node_wall name=Qcur-23 a=blk.23.attn_q.weight at=q4_0 bt=f32 k=2560 m=4096 n=1 b2=1 b3=1 a2=1 a3=1 threads=8 calls=127 elapsed_us=17131
GGML_CPU_SHAPE_PROFILE phase=repack_pack_thread name=Qcur-23 a=blk.23.attn_q.weight at=q4_0 bt=f32 k=2560 m=4096 n=1 b2=1 b3=1 a2=1 a3=1 threads=8 calls=1016 elapsed_us=193
GGML_CPU_SHAPE_PROFILE phase=repack_pack_thread name=node_1294 a=blk.22.proj.weight at=q4_0 bt=f32 k=256 m=2560 n=1 b2=1 b3=1 a2=1 a3=1 threads=8 calls=1016 elapsed_us=51
GGML_CPU_SHAPE_PROFILE phase=node_wall name=node_1290 a=blk.22.inp_gate.weight at=q4_0 bt=f32 k=2560 m=256 n=1 b2=1 b3=1 a2=1 a3=1 threads=8 calls=127 elapsed_us=3379
GGML_CPU_SHAPE_PROFILE phase=repack_pack_thread name=node_1290 a=blk.22.inp_gate.weight at=q4_0 bt=f32 k=2560 m=256 n=1 b2=1 b3=1 a2=1 a3=1 threads=8 calls=1016 elapsed_us=203
GGML_CPU_SHAPE_PROFILE phase=node_wall name=ffn_out-22 a=blk.22.ffn_down.weight at=q4_0 bt=f32 k=10240 m=2560 n=1 b2=1 b3=1 a2=1 a3=1 threads=8 calls=127 elapsed_us=40581
GGML_CPU_SHAPE_PROFILE phase=repack_pack_thread name=ffn_out-22 a=blk.22.ffn_down.weight at=q4_0 bt=f32 k=10240 m=2560 n=1 b2=1 b3=1 a2=1 a3=1 threads=8 calls=1016 elapsed_us=697
GGML_CPU_SHAPE_PROFILE phase=node_wall name=Kcur-23 a=blk.23.attn_k.weight at=q4_0 bt=f32 k=2560 m=1024 n=1 b2=1 b3=1 a2=1 a3=1 threads=8 calls=127 elapsed_us=6134
GGML_CPU_SHAPE_PROFILE phase=node_wall name=ffn_up-22 a=blk.22.ffn_up.weight at=q4_0 bt=f32 k=2560 m=10240 n=1 b2=1 b3=1 a2=1 a3=1 threads=8 calls=127 elapsed_us=40576
GGML_CPU_SHAPE_PROFILE phase=repack_pack_thread name=ffn_up-22 a=blk.22.ffn_up.weight at=q4_0 bt=f32 k=2560 m=10240 n=1 b2=1 b3=1 a2=1 a3=1 threads=8 calls=1016 elapsed_us=213
GGML_CPU_SHAPE_PROFILE phase=node_wall name=ffn_gate-22 a=blk.22.ffn_gate.weight at=q4_0 bt=f32 k=2560 m=10240 n=1 b2=1 b3=1 a2=1 a3=1 threads=8 calls=127 elapsed_us=40231
GGML_CPU_SHAPE_PROFILE phase=generic_pack_thread name=kqv-22 a=cache_v_l22 (view) (permuted) at=f16 bt=f32 k=768 m=256 n=1 b2=8 b3=1 a2=2 a3=1 threads=8 calls=1016 elapsed_us=1827
GGML_CPU_SHAPE_PROFILE phase=node_wall name=kq-22 a=cache_k_l22 (view) (permuted) at=f16 bt=f32 k=256 m=768 n=1 b2=8 b3=1 a2=2 a3=1 threads=8 calls=127 elapsed_us=6241
GGML_CPU_SHAPE_PROFILE phase=generic_pack_thread name=kq-22 a=cache_k_l22 (view) (permuted) at=f16 bt=f32 k=256 m=768 n=1 b2=8 b3=1 a2=2 a3=1 threads=8 calls=1016 elapsed_us=415
GGML_CPU_SHAPE_PROFILE phase=node_wall name=Qcur-22 a=blk.22.attn_q.weight at=q4_0 bt=f32 k=2560 m=2048 n=1 b2=1 b3=1 a2=1 a3=1 threads=8 calls=127 elapsed_us=9603
GGML_CPU_SHAPE_PROFILE phase=node_wall name=node_1238 a=blk.21.proj.weight at=q4_0 bt=f32 k=256 m=2560 n=1 b2=1 b3=1 a2=1 a3=1 threads=8 calls=127 elapsed_us=3099
GGML_CPU_SHAPE_PROFILE phase=node_wall name=node_1234 a=blk.21.inp_gate.weight at=q4_0 bt=f32 k=2560 m=256 n=1 b2=1 b3=1 a2=1 a3=1 threads=8 calls=127 elapsed_us=3059
GGML_CPU_SHAPE_PROFILE phase=repack_pack_thread name=node_1234 a=blk.21.inp_gate.weight at=q4_0 bt=f32 k=2560 m=256 n=1 b2=1 b3=1 a2=1 a3=1 threads=8 calls=1016 elapsed_us=198
GGML_CPU_SHAPE_PROFILE phase=node_wall name=ffn_out-21 a=blk.21.ffn_down.weight at=q4_0 bt=f32 k=10240 m=2560 n=1 b2=1 b3=1 a2=1 a3=1 threads=8 calls=127 elapsed_us=41091
GGML_CPU_SHAPE_PROFILE phase=repack_pack_thread name=ffn_out-21 a=blk.21.ffn_down.weight at=q4_0 bt=f32 k=10240 m=2560 n=1 b2=1 b3=1 a2=1 a3=1 threads=8 calls=1016 elapsed_us=717
GGML_CPU_SHAPE_PROFILE phase=repack_pack_thread name=ffn_up-21 a=blk.21.ffn_up.weight at=q4_0 bt=f32 k=2560 m=10240 n=1 b2=1 b3=1 a2=1 a3=1 threads=8 calls=1016 elapsed_us=207
GGML_CPU_SHAPE_PROFILE phase=node_wall name=ffn_gate-21 a=blk.21.ffn_gate.weight at=q4_0 bt=f32 k=2560 m=10240 n=1 b2=1 b3=1 a2=1 a3=1 threads=8 calls=127 elapsed_us=40258
GGML_CPU_SHAPE_PROFILE phase=node_wall name=node_1221 a=blk.21.attn_output.weight at=q4_0 bt=f32 k=2048 m=2560 n=1 b2=1 b3=1 a2=1 a3=1 threads=8 calls=127 elapsed_us=9413
GGML_CPU_SHAPE_PROFILE phase=repack_pack_thread name=node_1221 a=blk.21.attn_output.weight at=q4_0 bt=f32 k=2048 m=2560 n=1 b2=1 b3=1 a2=1 a3=1 threads=8 calls=1016 elapsed_us=178
GGML_CPU_SHAPE_PROFILE phase=node_wall name=kqv-21 a=cache_v_l21 (view) (permuted) at=f16 bt=f32 k=768 m=256 n=1 b2=8 b3=1 a2=2 a3=1 threads=8 calls=127 elapsed_us=9785
GGML_CPU_SHAPE_PROFILE phase=generic_pack_thread name=kq-21 a=cache_k_l21 (view) (permuted) at=f16 bt=f32 k=256 m=768 n=1 b2=8 b3=1 a2=2 a3=1 threads=8 calls=1016 elapsed_us=454
GGML_CPU_SHAPE_PROFILE phase=node_wall name=Vcur-21 a=blk.21.attn_v.weight at=q4_0 bt=f32 k=2560 m=512 n=1 b2=1 b3=1 a2=1 a3=1 threads=8 calls=127 elapsed_us=3612
GGML_CPU_SHAPE_PROFILE phase=repack_pack_thread name=Vcur-21 a=blk.21.attn_v.weight at=q4_0 bt=f32 k=2560 m=512 n=1 b2=1 b3=1 a2=1 a3=1 threads=8 calls=1016 elapsed_us=191
GGML_CPU_SHAPE_PROFILE phase=node_wall name=Kcur-21 a=blk.21.attn_k.weight at=q4_0 bt=f32 k=2560 m=512 n=1 b2=1 b3=1 a2=1 a3=1 threads=8 calls=127 elapsed_us=3751
GGML_CPU_SHAPE_PROFILE phase=repack_pack_thread name=Kcur-21 a=blk.21.attn_k.weight at=q4_0 bt=f32 k=2560 m=512 n=1 b2=1 b3=1 a2=1 a3=1 threads=8 calls=1016 elapsed_us=197
GGML_CPU_SHAPE_PROFILE phase=repack_pack_thread name=Qcur-21 a=blk.21.attn_q.weight at=q4_0 bt=f32 k=2560 m=2048 n=1 b2=1 b3=1 a2=1 a3=1 threads=8 calls=1016 elapsed_us=208
GGML_CPU_SHAPE_PROFILE phase=repack_pack_thread name=ffn_out-20 a=blk.20.ffn_down.weight at=q4_0 bt=f32 k=10240 m=2560 n=1 b2=1 b3=1 a2=1 a3=1 threads=8 calls=1016 elapsed_us=689
GGML_CPU_SHAPE_PROFILE phase=generic_pack_thread name=kqv-32 a=cache_v_l22 (view) (permuted) at=f16 bt=f32 k=768 m=256 n=1 b2=8 b3=1 a2=2 a3=1 threads=8 calls=1016 elapsed_us=1862
GGML_CPU_SHAPE_PROFILE phase=node_wall name=ffn_up-20 a=blk.20.ffn_up.weight at=q4_0 bt=f32 k=2560 m=10240 n=1 b2=1 b3=1 a2=1 a3=1 threads=8 calls=127 elapsed_us=40561
GGML_CPU_SHAPE_PROFILE phase=repack_pack_thread name=ffn_up-20 a=blk.20.ffn_up.weight at=q4_0 bt=f32 k=2560 m=10240 n=1 b2=1 b3=1 a2=1 a3=1 threads=8 calls=1016 elapsed_us=226
GGML_CPU_SHAPE_PROFILE phase=node_wall name=ffn_gate-20 a=blk.20.ffn_gate.weight at=q4_0 bt=f32 k=2560 m=10240 n=1 b2=1 b3=1 a2=1 a3=1 threads=8 calls=127 elapsed_us=40008
GGML_CPU_SHAPE_PROFILE phase=repack_pack_thread name=node_1985 a=blk.39.inp_gate.weight at=q4_0 bt=f32 k=2560 m=256 n=1 b2=1 b3=1 a2=1 a3=1 threads=8 calls=1016 elapsed_us=203
GGML_CPU_SHAPE_PROFILE phase=repack_pack_thread name=ffn_gate-20 a=blk.20.ffn_gate.weight at=q4_0 bt=f32 k=2560 m=10240 n=1 b2=1 b3=1 a2=1 a3=1 threads=8 calls=1016 elapsed_us=193
GGML_CPU_SHAPE_PROFILE phase=repack_pack_thread name=node_1165 a=blk.20.attn_output.weight at=q4_0 bt=f32 k=2048 m=2560 n=1 b2=1 b3=1 a2=1 a3=1 threads=8 calls=1016 elapsed_us=166
GGML_CPU_SHAPE_PROFILE phase=node_wall name=kq-20 a=cache_k_l20 (view) (permuted) at=f16 bt=f32 k=256 m=768 n=1 b2=8 b3=1 a2=2 a3=1 threads=8 calls=127 elapsed_us=6292
GGML_CPU_SHAPE_PROFILE phase=generic_pack_thread name=kq-20 a=cache_k_l20 (view) (permuted) at=f16 bt=f32 k=256 m=768 n=1 b2=8 b3=1 a2=2 a3=1 threads=8 calls=1016 elapsed_us=543
GGML_CPU_SHAPE_PROFILE phase=repack_pack_thread name=Vcur-20 a=blk.20.attn_v.weight at=q4_0 bt=f32 k=2560 m=512 n=1 b2=1 b3=1 a2=1 a3=1 threads=8 calls=1016 elapsed_us=189
GGML_CPU_SHAPE_PROFILE phase=node_wall name=Kcur-20 a=blk.20.attn_k.weight at=q4_0 bt=f32 k=2560 m=512 n=1 b2=1 b3=1 a2=1 a3=1 threads=8 calls=127 elapsed_us=3835
GGML_CPU_SHAPE_PROFILE phase=node_wall name=node_1126 a=blk.19.proj.weight at=q4_0 bt=f32 k=256 m=2560 n=1 b2=1 b3=1 a2=1 a3=1 threads=8 calls=127 elapsed_us=3022
GGML_CPU_SHAPE_PROFILE phase=node_wall name=node_1122 a=blk.19.inp_gate.weight at=q4_0 bt=f32 k=2560 m=256 n=1 b2=1 b3=1 a2=1 a3=1 threads=8 calls=127 elapsed_us=3396
GGML_CPU_SHAPE_PROFILE phase=repack_pack_thread name=node_1122 a=blk.19.inp_gate.weight at=q4_0 bt=f32 k=2560 m=256 n=1 b2=1 b3=1 a2=1 a3=1 threads=8 calls=1016 elapsed_us=202
GGML_CPU_SHAPE_PROFILE phase=repack_pack_thread name=ffn_out-19 a=blk.19.ffn_down.weight at=q4_0 bt=f32 k=10240 m=2560 n=1 b2=1 b3=1 a2=1 a3=1 threads=8 calls=1016 elapsed_us=698
GGML_CPU_SHAPE_PROFILE phase=node_wall name=ffn_up-19 a=blk.19.ffn_up.weight at=q4_0 bt=f32 k=2560 m=10240 n=1 b2=1 b3=1 a2=1 a3=1 threads=8 calls=127 elapsed_us=40301
GGML_CPU_SHAPE_PROFILE phase=node_wall name=node_1109 a=blk.19.attn_output.weight at=q4_0 bt=f32 k=2048 m=2560 n=1 b2=1 b3=1 a2=1 a3=1 threads=8 calls=127 elapsed_us=9513
GGML_CPU_SHAPE_PROFILE phase=repack_pack_thread name=node_1109 a=blk.19.attn_output.weight at=q4_0 bt=f32 k=2048 m=2560 n=1 b2=1 b3=1 a2=1 a3=1 threads=8 calls=1016 elapsed_us=171
GGML_CPU_SHAPE_PROFILE phase=node_wall name=kqv-19 a=cache_v_l19 (view) (permuted) at=f16 bt=f32 k=768 m=256 n=1 b2=8 b3=1 a2=2 a3=1 threads=8 calls=127 elapsed_us=9591
GGML_CPU_SHAPE_PROFILE phase=generic_pack_thread name=kqv-19 a=cache_v_l19 (view) (permuted) at=f16 bt=f32 k=768 m=256 n=1 b2=8 b3=1 a2=2 a3=1 threads=8 calls=1016 elapsed_us=1799
GGML_CPU_SHAPE_PROFILE phase=node_wall name=kq-19 a=cache_k_l19 (view) (permuted) at=f16 bt=f32 k=256 m=768 n=1 b2=8 b3=1 a2=2 a3=1 threads=8 calls=127 elapsed_us=6297
GGML_CPU_SHAPE_PROFILE phase=generic_pack_thread name=kq-19 a=cache_k_l19 (view) (permuted) at=f16 bt=f32 k=256 m=768 n=1 b2=8 b3=1 a2=2 a3=1 threads=8 calls=1016 elapsed_us=515
GGML_CPU_SHAPE_PROFILE phase=repack_pack_thread name=Vcur-19 a=blk.19.attn_v.weight at=q4_0 bt=f32 k=2560 m=512 n=1 b2=1 b3=1 a2=1 a3=1 threads=8 calls=1016 elapsed_us=193
GGML_CPU_SHAPE_PROFILE phase=node_wall name=node_1070 a=blk.18.proj.weight at=q4_0 bt=f32 k=256 m=2560 n=1 b2=1 b3=1 a2=1 a3=1 threads=8 calls=127 elapsed_us=2864
GGML_CPU_SHAPE_PROFILE phase=node_wall name=node_1066 a=blk.18.inp_gate.weight at=q4_0 bt=f32 k=2560 m=256 n=1 b2=1 b3=1 a2=1 a3=1 threads=8 calls=127 elapsed_us=3122
GGML_CPU_SHAPE_PROFILE phase=repack_pack_thread name=node_1066 a=blk.18.inp_gate.weight at=q4_0 bt=f32 k=2560 m=256 n=1 b2=1 b3=1 a2=1 a3=1 threads=8 calls=1016 elapsed_us=200
GGML_CPU_SHAPE_PROFILE phase=node_wall name=ffn_out-18 a=blk.18.ffn_down.weight at=q4_0 bt=f32 k=10240 m=2560 n=1 b2=1 b3=1 a2=1 a3=1 threads=8 calls=127 elapsed_us=41048
GGML_CPU_SHAPE_PROFILE phase=repack_pack_thread name=ffn_out-18 a=blk.18.ffn_down.weight at=q4_0 bt=f32 k=10240 m=2560 n=1 b2=1 b3=1 a2=1 a3=1 threads=8 calls=1016 elapsed_us=721
GGML_CPU_SHAPE_PROFILE phase=repack_pack_thread name=ffn_up-18 a=blk.18.ffn_up.weight at=q4_0 bt=f32 k=2560 m=10240 n=1 b2=1 b3=1 a2=1 a3=1 threads=8 calls=1016 elapsed_us=234
GGML_CPU_SHAPE_PROFILE phase=repack_pack_thread name=ffn_gate-18 a=blk.18.ffn_gate.weight at=q4_0 bt=f32 k=2560 m=10240 n=1 b2=1 b3=1 a2=1 a3=1 threads=8 calls=1016 elapsed_us=200
GGML_CPU_SHAPE_PROFILE phase=node_wall name=kq-18 a=cache_k_l18 (view) (permuted) at=f16 bt=f32 k=256 m=768 n=1 b2=8 b3=1 a2=2 a3=1 threads=8 calls=127 elapsed_us=6434
GGML_CPU_SHAPE_PROFILE phase=node_wall name=Vcur-18 a=blk.18.attn_v.weight at=q4_0 bt=f32 k=2560 m=512 n=1 b2=1 b3=1 a2=1 a3=1 threads=8 calls=127 elapsed_us=3733
GGML_CPU_SHAPE_PROFILE phase=repack_pack_thread name=Vcur-18 a=blk.18.attn_v.weight at=q4_0 bt=f32 k=2560 m=512 n=1 b2=1 b3=1 a2=1 a3=1 threads=8 calls=1016 elapsed_us=188
GGML_CPU_SHAPE_PROFILE phase=repack_pack_thread name=ffn_out-28 a=blk.28.ffn_down.weight at=q4_0 bt=f32 k=10240 m=2560 n=1 b2=1 b3=1 a2=1 a3=1 threads=8 calls=1016 elapsed_us=710
GGML_CPU_SHAPE_PROFILE phase=repack_pack_thread name=Kcur-18 a=blk.18.attn_k.weight at=q4_0 bt=f32 k=2560 m=512 n=1 b2=1 b3=1 a2=1 a3=1 threads=8 calls=1016 elapsed_us=204
GGML_CPU_SHAPE_PROFILE phase=node_wall name=Qcur-18 a=blk.18.attn_q.weight at=q4_0 bt=f32 k=2560 m=2048 n=1 b2=1 b3=1 a2=1 a3=1 threads=8 calls=127 elapsed_us=9519
GGML_CPU_SHAPE_PROFILE phase=node_wall name=node_1014 a=blk.17.proj.weight at=q4_0 bt=f32 k=256 m=2560 n=1 b2=1 b3=1 a2=1 a3=1 threads=8 calls=127 elapsed_us=2923
GGML_CPU_SHAPE_PROFILE phase=node_wall name=node_1010 a=blk.17.inp_gate.weight at=q4_0 bt=f32 k=2560 m=256 n=1 b2=1 b3=1 a2=1 a3=1 threads=8 calls=127 elapsed_us=3289
GGML_CPU_SHAPE_PROFILE phase=repack_pack_thread name=ffn_out-17 a=blk.17.ffn_down.weight at=q4_0 bt=f32 k=10240 m=2560 n=1 b2=1 b3=1 a2=1 a3=1 threads=8 calls=1016 elapsed_us=736
GGML_CPU_SHAPE_PROFILE phase=repack_pack_thread name=ffn_up-17 a=blk.17.ffn_up.weight at=q4_0 bt=f32 k=2560 m=10240 n=1 b2=1 b3=1 a2=1 a3=1 threads=8 calls=1016 elapsed_us=252
GGML_CPU_SHAPE_PROFILE phase=node_wall name=ffn_gate-17 a=blk.17.ffn_gate.weight at=q4_0 bt=f32 k=2560 m=10240 n=1 b2=1 b3=1 a2=1 a3=1 threads=8 calls=127 elapsed_us=40438
GGML_CPU_SHAPE_PROFILE phase=repack_pack_thread name=ffn_gate-17 a=blk.17.ffn_gate.weight at=q4_0 bt=f32 k=2560 m=10240 n=1 b2=1 b3=1 a2=1 a3=1 threads=8 calls=1016 elapsed_us=204
GGML_CPU_SHAPE_PROFILE phase=node_wall name=node_997 a=blk.17.attn_output.weight at=q4_0 bt=f32 k=4096 m=2560 n=1 b2=1 b3=1 a2=1 a3=1 threads=8 calls=127 elapsed_us=20922
GGML_CPU_SHAPE_PROFILE phase=generic_pack_thread name=kqv-17 a=cache_v_l17 (view) (permuted) at=f16 bt=f32 k=64768 m=512 n=1 b2=8 b3=1 a2=2 a3=1 threads=8 calls=680 elapsed_us=23735
GGML_CPU_SHAPE_PROFILE phase=node_wall name=Vcur-17 a=blk.17.attn_v.weight at=q4_0 bt=f32 k=2560 m=1024 n=1 b2=1 b3=1 a2=1 a3=1 threads=8 calls=127 elapsed_us=5666
GGML_CPU_SHAPE_PROFILE phase=repack_pack_thread name=Vcur-17 a=blk.17.attn_v.weight at=q4_0 bt=f32 k=2560 m=1024 n=1 b2=1 b3=1 a2=1 a3=1 threads=8 calls=1016 elapsed_us=191
GGML_CPU_SHAPE_PROFILE phase=repack_pack_thread name=Kcur-17 a=blk.17.attn_k.weight at=q4_0 bt=f32 k=2560 m=1024 n=1 b2=1 b3=1 a2=1 a3=1 threads=8 calls=1016 elapsed_us=211
GGML_CPU_SHAPE_PROFILE phase=repack_pack_thread name=node_959 a=blk.16.proj.weight at=q4_0 bt=f32 k=256 m=2560 n=1 b2=1 b3=1 a2=1 a3=1 threads=8 calls=1016 elapsed_us=53
GGML_CPU_SHAPE_PROFILE phase=repack_pack_thread name=node_955 a=blk.16.inp_gate.weight at=q4_0 bt=f32 k=2560 m=256 n=1 b2=1 b3=1 a2=1 a3=1 threads=8 calls=1016 elapsed_us=197
GGML_CPU_SHAPE_PROFILE phase=node_wall name=ffn_up-16 a=blk.16.ffn_up.weight at=q4_0 bt=f32 k=2560 m=10240 n=1 b2=1 b3=1 a2=1 a3=1 threads=8 calls=127 elapsed_us=40521
GGML_CPU_SHAPE_PROFILE phase=repack_pack_thread name=ffn_up-16 a=blk.16.ffn_up.weight at=q4_0 bt=f32 k=2560 m=10240 n=1 b2=1 b3=1 a2=1 a3=1 threads=8 calls=1016 elapsed_us=217
GGML_CPU_SHAPE_PROFILE phase=node_wall name=ffn_gate-16 a=blk.16.ffn_gate.weight at=q4_0 bt=f32 k=2560 m=10240 n=1 b2=1 b3=1 a2=1 a3=1 threads=8 calls=127 elapsed_us=40354
GGML_CPU_SHAPE_PROFILE phase=repack_pack_thread name=node_942 a=blk.16.attn_output.weight at=q4_0 bt=f32 k=2048 m=2560 n=1 b2=1 b3=1 a2=1 a3=1 threads=8 calls=1016 elapsed_us=178
GGML_CPU_SHAPE_PROFILE phase=generic_pack_thread name=kqv-16 a=cache_v_l16 (view) (permuted) at=f16 bt=f32 k=768 m=256 n=1 b2=8 b3=1 a2=2 a3=1 threads=8 calls=1016 elapsed_us=1773
GGML_CPU_SHAPE_PROFILE phase=node_wall name=kq-16 a=cache_k_l16 (view) (permuted) at=f16 bt=f32 k=256 m=768 n=1 b2=8 b3=1 a2=2 a3=1 threads=8 calls=127 elapsed_us=6499
GGML_CPU_SHAPE_PROFILE phase=node_wall name=Vcur-16 a=blk.16.attn_v.weight at=q4_0 bt=f32 k=2560 m=512 n=1 b2=1 b3=1 a2=1 a3=1 threads=8 calls=127 elapsed_us=3678
GGML_CPU_SHAPE_PROFILE phase=repack_pack_thread name=Vcur-16 a=blk.16.attn_v.weight at=q4_0 bt=f32 k=2560 m=512 n=1 b2=1 b3=1 a2=1 a3=1 threads=8 calls=1016 elapsed_us=178
GGML_CPU_SHAPE_PROFILE phase=node_wall name=Kcur-16 a=blk.16.attn_k.weight at=q4_0 bt=f32 k=2560 m=512 n=1 b2=1 b3=1 a2=1 a3=1 threads=8 calls=127 elapsed_us=4140
GGML_CPU_SHAPE_PROFILE phase=node_wall name=ffn_out-31 a=blk.31.ffn_down.weight at=q4_0 bt=f32 k=10240 m=2560 n=1 b2=1 b3=1 a2=1 a3=1 threads=8 calls=127 elapsed_us=40715
GGML_CPU_SHAPE_PROFILE phase=node_wall name=Qcur-16 a=blk.16.attn_q.weight at=q4_0 bt=f32 k=2560 m=2048 n=1 b2=1 b3=1 a2=1 a3=1 threads=8 calls=127 elapsed_us=9541
GGML_CPU_SHAPE_PROFILE phase=repack_pack_thread name=Qcur-16 a=blk.16.attn_q.weight at=q4_0 bt=f32 k=2560 m=2048 n=1 b2=1 b3=1 a2=1 a3=1 threads=8 calls=1016 elapsed_us=192
GGML_CPU_SHAPE_PROFILE phase=repack_pack_thread name=node_903 a=blk.15.proj.weight at=q4_0 bt=f32 k=256 m=2560 n=1 b2=1 b3=1 a2=1 a3=1 threads=8 calls=1016 elapsed_us=31
GGML_CPU_SHAPE_PROFILE phase=repack_pack_thread name=node_899 a=blk.15.inp_gate.weight at=q4_0 bt=f32 k=2560 m=256 n=1 b2=1 b3=1 a2=1 a3=1 threads=8 calls=1016 elapsed_us=204
GGML_CPU_SHAPE_PROFILE phase=node_wall name=ffn_out-15 a=blk.15.ffn_down.weight at=q4_0 bt=f32 k=10240 m=2560 n=1 b2=1 b3=1 a2=1 a3=1 threads=8 calls=127 elapsed_us=40870
GGML_CPU_SHAPE_PROFILE phase=repack_pack_thread name=ffn_out-15 a=blk.15.ffn_down.weight at=q4_0 bt=f32 k=10240 m=2560 n=1 b2=1 b3=1 a2=1 a3=1 threads=8 calls=1016 elapsed_us=706
GGML_CPU_SHAPE_PROFILE phase=node_wall name=ffn_gate-15 a=blk.15.ffn_gate.weight at=q4_0 bt=f32 k=2560 m=10240 n=1 b2=1 b3=1 a2=1 a3=1 threads=8 calls=127 elapsed_us=39967
GGML_CPU_SHAPE_PROFILE phase=repack_pack_thread name=ffn_gate-15 a=blk.15.ffn_gate.weight at=q4_0 bt=f32 k=2560 m=10240 n=1 b2=1 b3=1 a2=1 a3=1 threads=8 calls=1016 elapsed_us=202
GGML_CPU_SHAPE_PROFILE phase=repack_pack_thread name=node_886 a=blk.15.attn_output.weight at=q4_0 bt=f32 k=2048 m=2560 n=1 b2=1 b3=1 a2=1 a3=1 threads=8 calls=1016 elapsed_us=185
GGML_CPU_SHAPE_PROFILE phase=node_wall name=kqv-15 a=cache_v_l15 (view) (permuted) at=f16 bt=f32 k=768 m=256 n=1 b2=8 b3=1 a2=2 a3=1 threads=8 calls=127 elapsed_us=9603
GGML_CPU_SHAPE_PROFILE phase=generic_pack_thread name=kqv-15 a=cache_v_l15 (view) (permuted) at=f16 bt=f32 k=768 m=256 n=1 b2=8 b3=1 a2=2 a3=1 threads=8 calls=1016 elapsed_us=1797
GGML_CPU_SHAPE_PROFILE phase=repack_pack_thread name=Vcur-15 a=blk.15.attn_v.weight at=q4_0 bt=f32 k=2560 m=512 n=1 b2=1 b3=1 a2=1 a3=1 threads=8 calls=1016 elapsed_us=189
GGML_CPU_SHAPE_PROFILE phase=repack_pack_thread name=Kcur-15 a=blk.15.attn_k.weight at=q4_0 bt=f32 k=2560 m=512 n=1 b2=1 b3=1 a2=1 a3=1 threads=8 calls=1016 elapsed_us=195
GGML_CPU_SHAPE_PROFILE phase=repack_pack_thread name=Qcur-15 a=blk.15.attn_q.weight at=q4_0 bt=f32 k=2560 m=2048 n=1 b2=1 b3=1 a2=1 a3=1 threads=8 calls=1016 elapsed_us=190
GGML_CPU_SHAPE_PROFILE phase=repack_pack_thread name=node_847 a=blk.14.proj.weight at=q4_0 bt=f32 k=256 m=2560 n=1 b2=1 b3=1 a2=1 a3=1 threads=8 calls=1016 elapsed_us=50
GGML_CPU_SHAPE_PROFILE phase=node_wall name=ffn_out-14 a=blk.14.ffn_down.weight at=q4_0 bt=f32 k=10240 m=2560 n=1 b2=1 b3=1 a2=1 a3=1 threads=8 calls=127 elapsed_us=40790
GGML_CPU_SHAPE_PROFILE phase=repack_pack_thread name=ffn_out-14 a=blk.14.ffn_down.weight at=q4_0 bt=f32 k=10240 m=2560 n=1 b2=1 b3=1 a2=1 a3=1 threads=8 calls=1016 elapsed_us=717
GGML_CPU_SHAPE_PROFILE phase=repack_pack_thread name=ffn_up-14 a=blk.14.ffn_up.weight at=q4_0 bt=f32 k=2560 m=10240 n=1 b2=1 b3=1 a2=1 a3=1 threads=8 calls=1016 elapsed_us=216
GGML_CPU_SHAPE_PROFILE phase=repack_pack_thread name=node_1349 a=blk.23.proj.weight at=q4_0 bt=f32 k=256 m=2560 n=1 b2=1 b3=1 a2=1 a3=1 threads=8 calls=1016 elapsed_us=43
GGML_CPU_SHAPE_PROFILE phase=node_wall name=ffn_gate-14 a=blk.14.ffn_gate.weight at=q4_0 bt=f32 k=2560 m=10240 n=1 b2=1 b3=1 a2=1 a3=1 threads=8 calls=127 elapsed_us=39846
GGML_CPU_SHAPE_PROFILE phase=repack_pack_thread name=node_830 a=blk.14.attn_output.weight at=q4_0 bt=f32 k=2048 m=2560 n=1 b2=1 b3=1 a2=1 a3=1 threads=8 calls=1016 elapsed_us=188
GGML_CPU_SHAPE_PROFILE phase=node_wall name=kqv-14 a=cache_v_l14 (view) (permuted) at=f16 bt=f32 k=768 m=256 n=1 b2=8 b3=1 a2=2 a3=1 threads=8 calls=127 elapsed_us=9795
GGML_CPU_SHAPE_PROFILE phase=repack_pack_thread name=node_1905 a=blk.37.inp_gate.weight at=q4_0 bt=f32 k=2560 m=256 n=1 b2=1 b3=1 a2=1 a3=1 threads=8 calls=1016 elapsed_us=198
GGML_CPU_SHAPE_PROFILE phase=generic_pack_thread name=kqv-14 a=cache_v_l14 (view) (permuted) at=f16 bt=f32 k=768 m=256 n=1 b2=8 b3=1 a2=2 a3=1 threads=8 calls=1016 elapsed_us=1835
GGML_CPU_SHAPE_PROFILE phase=generic_pack_thread name=kq-14 a=cache_k_l14 (view) (permuted) at=f16 bt=f32 k=256 m=768 n=1 b2=8 b3=1 a2=2 a3=1 threads=8 calls=1016 elapsed_us=533
GGML_CPU_SHAPE_PROFILE phase=node_wall name=Vcur-14 a=blk.14.attn_v.weight at=q4_0 bt=f32 k=2560 m=512 n=1 b2=1 b3=1 a2=1 a3=1 threads=8 calls=127 elapsed_us=3721
GGML_CPU_SHAPE_PROFILE phase=generic_pack_thread name=kq-33 a=cache_k_l22 (view) (permuted) at=f16 bt=f32 k=256 m=768 n=1 b2=8 b3=1 a2=2 a3=1 threads=8 calls=1016 elapsed_us=478
GGML_CPU_SHAPE_PROFILE phase=node_wall name=node_787 a=blk.13.inp_gate.weight at=q4_0 bt=f32 k=2560 m=256 n=1 b2=1 b3=1 a2=1 a3=1 threads=8 calls=127 elapsed_us=3219
GGML_CPU_SHAPE_PROFILE phase=repack_pack_thread name=node_787 a=blk.13.inp_gate.weight at=q4_0 bt=f32 k=2560 m=256 n=1 b2=1 b3=1 a2=1 a3=1 threads=8 calls=1016 elapsed_us=206
GGML_CPU_SHAPE_PROFILE phase=repack_pack_thread name=ffn_out-13 a=blk.13.ffn_down.weight at=q4_0 bt=f32 k=10240 m=2560 n=1 b2=1 b3=1 a2=1 a3=1 threads=8 calls=1016 elapsed_us=710
GGML_CPU_SHAPE_PROFILE phase=node_wall name=ffn_up-13 a=blk.13.ffn_up.weight at=q4_0 bt=f32 k=2560 m=10240 n=1 b2=1 b3=1 a2=1 a3=1 threads=8 calls=127 elapsed_us=40948
GGML_CPU_SHAPE_PROFILE phase=repack_pack_thread name=ffn_gate-13 a=blk.13.ffn_gate.weight at=q4_0 bt=f32 k=2560 m=10240 n=1 b2=1 b3=1 a2=1 a3=1 threads=8 calls=1016 elapsed_us=199
GGML_CPU_SHAPE_PROFILE phase=node_wall name=node_774 a=blk.13.attn_output.weight at=q4_0 bt=f32 k=2048 m=2560 n=1 b2=1 b3=1 a2=1 a3=1 threads=8 calls=127 elapsed_us=10246
GGML_CPU_SHAPE_PROFILE phase=node_wall name=kqv-13 a=cache_v_l13 (view) (permuted) at=f16 bt=f32 k=768 m=256 n=1 b2=8 b3=1 a2=2 a3=1 threads=8 calls=127 elapsed_us=9636
GGML_CPU_SHAPE_PROFILE phase=node_wall name=kq-13 a=cache_k_l13 (view) (permuted) at=f16 bt=f32 k=256 m=768 n=1 b2=8 b3=1 a2=2 a3=1 threads=8 calls=127 elapsed_us=6381
GGML_CPU_SHAPE_PROFILE phase=generic_pack_thread name=kq-13 a=cache_k_l13 (view) (permuted) at=f16 bt=f32 k=256 m=768 n=1 b2=8 b3=1 a2=2 a3=1 threads=8 calls=1016 elapsed_us=484
GGML_CPU_SHAPE_PROFILE phase=node_wall name=Vcur-13 a=blk.13.attn_v.weight at=q4_0 bt=f32 k=2560 m=512 n=1 b2=1 b3=1 a2=1 a3=1 threads=8 calls=127 elapsed_us=3827
GGML_CPU_SHAPE_PROFILE phase=repack_pack_thread name=Qcur-13 a=blk.13.attn_q.weight at=q4_0 bt=f32 k=2560 m=2048 n=1 b2=1 b3=1 a2=1 a3=1 threads=8 calls=1016 elapsed_us=198
GGML_CPU_SHAPE_PROFILE phase=node_wall name=node_735 a=blk.12.proj.weight at=q4_0 bt=f32 k=256 m=2560 n=1 b2=1 b3=1 a2=1 a3=1 threads=8 calls=127 elapsed_us=2748
GGML_CPU_SHAPE_PROFILE phase=repack_pack_thread name=node_735 a=blk.12.proj.weight at=q4_0 bt=f32 k=256 m=2560 n=1 b2=1 b3=1 a2=1 a3=1 threads=8 calls=1016 elapsed_us=50
GGML_CPU_SHAPE_PROFILE phase=node_wall name=node_731 a=blk.12.inp_gate.weight at=q4_0 bt=f32 k=2560 m=256 n=1 b2=1 b3=1 a2=1 a3=1 threads=8 calls=127 elapsed_us=3144
GGML_CPU_SHAPE_PROFILE phase=repack_pack_thread name=node_731 a=blk.12.inp_gate.weight at=q4_0 bt=f32 k=2560 m=256 n=1 b2=1 b3=1 a2=1 a3=1 threads=8 calls=1016 elapsed_us=201
GGML_CPU_SHAPE_PROFILE phase=repack_pack_thread name=Vcur-22 a=blk.22.attn_v.weight at=q4_0 bt=f32 k=2560 m=512 n=1 b2=1 b3=1 a2=1 a3=1 threads=8 calls=1016 elapsed_us=204
GGML_CPU_SHAPE_PROFILE phase=repack_pack_thread name=ffn_gate-16 a=blk.16.ffn_gate.weight at=q4_0 bt=f32 k=2560 m=10240 n=1 b2=1 b3=1 a2=1 a3=1 threads=8 calls=1016 elapsed_us=188
GGML_CPU_SHAPE_PROFILE phase=node_wall name=ffn_out-12 a=blk.12.ffn_down.weight at=q4_0 bt=f32 k=10240 m=2560 n=1 b2=1 b3=1 a2=1 a3=1 threads=8 calls=127 elapsed_us=40979
GGML_CPU_SHAPE_PROFILE phase=repack_pack_thread name=ffn_out-12 a=blk.12.ffn_down.weight at=q4_0 bt=f32 k=10240 m=2560 n=1 b2=1 b3=1 a2=1 a3=1 threads=8 calls=1016 elapsed_us=699
GGML_CPU_SHAPE_PROFILE phase=node_wall name=ffn_gate-12 a=blk.12.ffn_gate.weight at=q4_0 bt=f32 k=2560 m=10240 n=1 b2=1 b3=1 a2=1 a3=1 threads=8 calls=127 elapsed_us=39819
GGML_CPU_SHAPE_PROFILE phase=repack_pack_thread name=ffn_gate-12 a=blk.12.ffn_gate.weight at=q4_0 bt=f32 k=2560 m=10240 n=1 b2=1 b3=1 a2=1 a3=1 threads=8 calls=1016 elapsed_us=189
GGML_CPU_SHAPE_PROFILE phase=node_wall name=node_899 a=blk.15.inp_gate.weight at=q4_0 bt=f32 k=2560 m=256 n=1 b2=1 b3=1 a2=1 a3=1 threads=8 calls=127 elapsed_us=3076
GGML_CPU_SHAPE_PROFILE phase=repack_pack_thread name=node_718 a=blk.12.attn_output.weight at=q4_0 bt=f32 k=2048 m=2560 n=1 b2=1 b3=1 a2=1 a3=1 threads=8 calls=1016 elapsed_us=172
GGML_CPU_SHAPE_PROFILE phase=node_wall name=kqv-12 a=cache_v_l12 (view) (permuted) at=f16 bt=f32 k=768 m=256 n=1 b2=8 b3=1 a2=2 a3=1 threads=8 calls=127 elapsed_us=9669
GGML_CPU_SHAPE_PROFILE phase=generic_pack_thread name=kqv-12 a=cache_v_l12 (view) (permuted) at=f16 bt=f32 k=768 m=256 n=1 b2=8 b3=1 a2=2 a3=1 threads=8 calls=1016 elapsed_us=1838
GGML_CPU_SHAPE_PROFILE phase=node_wall name=kq-12 a=cache_k_l12 (view) (permuted) at=f16 bt=f32 k=256 m=768 n=1 b2=8 b3=1 a2=2 a3=1 threads=8 calls=127 elapsed_us=6312
GGML_CPU_SHAPE_PROFILE phase=generic_pack_thread name=kq-12 a=cache_k_l12 (view) (permuted) at=f16 bt=f32 k=256 m=768 n=1 b2=8 b3=1 a2=2 a3=1 threads=8 calls=1016 elapsed_us=486
GGML_CPU_SHAPE_PROFILE phase=repack_pack_thread name=Vcur-12 a=blk.12.attn_v.weight at=q4_0 bt=f32 k=2560 m=512 n=1 b2=1 b3=1 a2=1 a3=1 threads=8 calls=1016 elapsed_us=193
GGML_CPU_SHAPE_PROFILE phase=repack_pack_thread name=Kcur-12 a=blk.12.attn_k.weight at=q4_0 bt=f32 k=2560 m=512 n=1 b2=1 b3=1 a2=1 a3=1 threads=8 calls=1016 elapsed_us=189
GGML_CPU_SHAPE_PROFILE phase=node_wall name=Qcur-12 a=blk.12.attn_q.weight at=q4_0 bt=f32 k=2560 m=2048 n=1 b2=1 b3=1 a2=1 a3=1 threads=8 calls=127 elapsed_us=9541
GGML_CPU_SHAPE_PROFILE phase=repack_pack_thread name=Qcur-12 a=blk.12.attn_q.weight at=q4_0 bt=f32 k=2560 m=2048 n=1 b2=1 b3=1 a2=1 a3=1 threads=8 calls=1016 elapsed_us=199
GGML_CPU_SHAPE_PROFILE phase=node_wall name=node_679 a=blk.11.proj.weight at=q4_0 bt=f32 k=256 m=2560 n=1 b2=1 b3=1 a2=1 a3=1 threads=8 calls=127 elapsed_us=2905
GGML_CPU_SHAPE_PROFILE phase=node_wall name=node_675 a=blk.11.inp_gate.weight at=q4_0 bt=f32 k=2560 m=256 n=1 b2=1 b3=1 a2=1 a3=1 threads=8 calls=127 elapsed_us=3304
GGML_CPU_SHAPE_PROFILE phase=node_wall name=ffn_out-11 a=blk.11.ffn_down.weight at=q4_0 bt=f32 k=10240 m=2560 n=1 b2=1 b3=1 a2=1 a3=1 threads=8 calls=127 elapsed_us=41279
GGML_CPU_SHAPE_PROFILE phase=node_wall name=ffn_out-24 a=blk.24.ffn_down.weight at=q4_0 bt=f32 k=10240 m=2560 n=1 b2=1 b3=1 a2=1 a3=1 threads=8 calls=127 elapsed_us=40898
GGML_CPU_SHAPE_PROFILE phase=repack_pack_thread name=ffn_out-11 a=blk.11.ffn_down.weight at=q4_0 bt=f32 k=10240 m=2560 n=1 b2=1 b3=1 a2=1 a3=1 threads=8 calls=1016 elapsed_us=708
GGML_CPU_SHAPE_PROFILE phase=node_wall name=ffn_up-11 a=blk.11.ffn_up.weight at=q4_0 bt=f32 k=2560 m=10240 n=1 b2=1 b3=1 a2=1 a3=1 threads=8 calls=127 elapsed_us=41260
GGML_CPU_SHAPE_PROFILE phase=repack_pack_thread name=ffn_up-11 a=blk.11.ffn_up.weight at=q4_0 bt=f32 k=2560 m=10240 n=1 b2=1 b3=1 a2=1 a3=1 threads=8 calls=1016 elapsed_us=235
GGML_CPU_SHAPE_PROFILE phase=repack_pack_thread name=ffn_gate-11 a=blk.11.ffn_gate.weight at=q4_0 bt=f32 k=2560 m=10240 n=1 b2=1 b3=1 a2=1 a3=1 threads=8 calls=1016 elapsed_us=213
GGML_CPU_SHAPE_PROFILE phase=node_wall name=node_662 a=blk.11.attn_output.weight at=q4_0 bt=f32 k=4096 m=2560 n=1 b2=1 b3=1 a2=1 a3=1 threads=8 calls=127 elapsed_us=20775
GGML_CPU_SHAPE_PROFILE phase=node_wall name=kqv-11 a=cache_v_l11 (view) (permuted) at=f16 bt=f32 k=64768 m=512 n=1 b2=8 b3=1 a2=2 a3=1 threads=8 calls=85 elapsed_us=666479
GGML_CPU_SHAPE_PROFILE phase=generic_pack_thread name=kqv-11 a=cache_v_l11 (view) (permuted) at=f16 bt=f32 k=64768 m=512 n=1 b2=8 b3=1 a2=2 a3=1 threads=8 calls=680 elapsed_us=23357
GGML_CPU_SHAPE_PROFILE phase=node_wall name=kq-11 a=cache_k_l11 (view) (permuted) at=f16 bt=f32 k=512 m=64768 n=1 b2=8 b3=1 a2=2 a3=1 threads=8 calls=85 elapsed_us=425920
GGML_CPU_SHAPE_PROFILE phase=generic_pack_thread name=kq-11 a=cache_k_l11 (view) (permuted) at=f16 bt=f32 k=512 m=64768 n=1 b2=8 b3=1 a2=2 a3=1 threads=8 calls=680 elapsed_us=482
GGML_CPU_SHAPE_PROFILE phase=node_wall name=Vcur-11 a=blk.11.attn_v.weight at=q4_0 bt=f32 k=2560 m=1024 n=1 b2=1 b3=1 a2=1 a3=1 threads=8 calls=127 elapsed_us=5793
GGML_CPU_SHAPE_PROFILE phase=repack_pack_thread name=Vcur-11 a=blk.11.attn_v.weight at=q4_0 bt=f32 k=2560 m=1024 n=1 b2=1 b3=1 a2=1 a3=1 threads=8 calls=1016 elapsed_us=197
GGML_CPU_SHAPE_PROFILE phase=node_wall name=Kcur-11 a=blk.11.attn_k.weight at=q4_0 bt=f32 k=2560 m=1024 n=1 b2=1 b3=1 a2=1 a3=1 threads=8 calls=127 elapsed_us=6175
GGML_CPU_SHAPE_PROFILE phase=repack_pack_thread name=Kcur-11 a=blk.11.attn_k.weight at=q4_0 bt=f32 k=2560 m=1024 n=1 b2=1 b3=1 a2=1 a3=1 threads=8 calls=1016 elapsed_us=219
GGML_CPU_SHAPE_PROFILE phase=node_wall name=Qcur-11 a=blk.11.attn_q.weight at=q4_0 bt=f32 k=2560 m=4096 n=1 b2=1 b3=1 a2=1 a3=1 threads=8 calls=127 elapsed_us=17327
GGML_CPU_SHAPE_PROFILE phase=repack_pack_thread name=Qcur-11 a=blk.11.attn_q.weight at=q4_0 bt=f32 k=2560 m=4096 n=1 b2=1 b3=1 a2=1 a3=1 threads=8 calls=1016 elapsed_us=208
GGML_CPU_SHAPE_PROFILE phase=repack_pack_thread name=node_624 a=blk.10.proj.weight at=q4_0 bt=f32 k=256 m=2560 n=1 b2=1 b3=1 a2=1 a3=1 threads=8 calls=1016 elapsed_us=39
GGML_CPU_SHAPE_PROFILE phase=node_wall name=node_620 a=blk.10.inp_gate.weight at=q4_0 bt=f32 k=2560 m=256 n=1 b2=1 b3=1 a2=1 a3=1 threads=8 calls=127 elapsed_us=3361
GGML_CPU_SHAPE_PROFILE phase=repack_pack_thread name=node_662 a=blk.11.attn_output.weight at=q4_0 bt=f32 k=4096 m=2560 n=1 b2=1 b3=1 a2=1 a3=1 threads=8 calls=1016 elapsed_us=381
GGML_CPU_SHAPE_PROFILE phase=node_wall name=ffn_out-10 a=blk.10.ffn_down.weight at=q4_0 bt=f32 k=10240 m=2560 n=1 b2=1 b3=1 a2=1 a3=1 threads=8 calls=127 elapsed_us=41574
GGML_CPU_SHAPE_PROFILE phase=repack_pack_thread name=ffn_out-10 a=blk.10.ffn_down.weight at=q4_0 bt=f32 k=10240 m=2560 n=1 b2=1 b3=1 a2=1 a3=1 threads=8 calls=1016 elapsed_us=710
GGML_CPU_SHAPE_PROFILE phase=node_wall name=node_1425 a=blk.25.inp_gate.weight at=q4_0 bt=f32 k=2560 m=256 n=1 b2=1 b3=1 a2=1 a3=1 threads=8 calls=127 elapsed_us=3523
GGML_CPU_SHAPE_PROFILE phase=repack_pack_thread name=ffn_up-10 a=blk.10.ffn_up.weight at=q4_0 bt=f32 k=2560 m=10240 n=1 b2=1 b3=1 a2=1 a3=1 threads=8 calls=1016 elapsed_us=230
GGML_CPU_SHAPE_PROFILE phase=node_wall name=ffn_gate-10 a=blk.10.ffn_gate.weight at=q4_0 bt=f32 k=2560 m=10240 n=1 b2=1 b3=1 a2=1 a3=1 threads=8 calls=127 elapsed_us=40587
GGML_CPU_SHAPE_PROFILE phase=repack_pack_thread name=node_607 a=blk.10.attn_output.weight at=q4_0 bt=f32 k=2048 m=2560 n=1 b2=1 b3=1 a2=1 a3=1 threads=8 calls=1016 elapsed_us=184
GGML_CPU_SHAPE_PROFILE phase=node_wall name=kqv-10 a=cache_v_l10 (view) (permuted) at=f16 bt=f32 k=768 m=256 n=1 b2=8 b3=1 a2=2 a3=1 threads=8 calls=127 elapsed_us=9748
GGML_CPU_SHAPE_PROFILE phase=repack_pack_thread name=node_1545 a=blk.28.inp_gate.weight at=q4_0 bt=f32 k=2560 m=256 n=1 b2=1 b3=1 a2=1 a3=1 threads=8 calls=1016 elapsed_us=229
GGML_CPU_SHAPE_PROFILE phase=node_wall name=kq-10 a=cache_k_l10 (view) (permuted) at=f16 bt=f32 k=256 m=768 n=1 b2=8 b3=1 a2=2 a3=1 threads=8 calls=127 elapsed_us=6328
GGML_CPU_SHAPE_PROFILE phase=generic_pack_thread name=kq-10 a=cache_k_l10 (view) (permuted) at=f16 bt=f32 k=256 m=768 n=1 b2=8 b3=1 a2=2 a3=1 threads=8 calls=1016 elapsed_us=454
GGML_CPU_SHAPE_PROFILE phase=repack_pack_thread name=Vcur-10 a=blk.10.attn_v.weight at=q4_0 bt=f32 k=2560 m=512 n=1 b2=1 b3=1 a2=1 a3=1 threads=8 calls=1016 elapsed_us=198
GGML_CPU_SHAPE_PROFILE phase=repack_pack_thread name=node_1014 a=blk.17.proj.weight at=q4_0 bt=f32 k=256 m=2560 n=1 b2=1 b3=1 a2=1 a3=1 threads=8 calls=1016 elapsed_us=44
GGML_CPU_SHAPE_PROFILE phase=repack_pack_thread name=Kcur-10 a=blk.10.attn_k.weight at=q4_0 bt=f32 k=2560 m=512 n=1 b2=1 b3=1 a2=1 a3=1 threads=8 calls=1016 elapsed_us=196
GGML_CPU_SHAPE_PROFILE phase=node_wall name=Qcur-10 a=blk.10.attn_q.weight at=q4_0 bt=f32 k=2560 m=2048 n=1 b2=1 b3=1 a2=1 a3=1 threads=8 calls=127 elapsed_us=9769
GGML_CPU_SHAPE_PROFILE phase=node_wall name=node_568 a=blk.9.proj.weight at=q4_0 bt=f32 k=256 m=2560 n=1 b2=1 b3=1 a2=1 a3=1 threads=8 calls=127 elapsed_us=2870
GGML_CPU_SHAPE_PROFILE phase=repack_pack_thread name=node_568 a=blk.9.proj.weight at=q4_0 bt=f32 k=256 m=2560 n=1 b2=1 b3=1 a2=1 a3=1 threads=8 calls=1016 elapsed_us=41
GGML_CPU_SHAPE_PROFILE phase=node_wall name=node_564 a=blk.9.inp_gate.weight at=q4_0 bt=f32 k=2560 m=256 n=1 b2=1 b3=1 a2=1 a3=1 threads=8 calls=127 elapsed_us=3214
GGML_CPU_SHAPE_PROFILE phase=repack_pack_thread name=node_564 a=blk.9.inp_gate.weight at=q4_0 bt=f32 k=2560 m=256 n=1 b2=1 b3=1 a2=1 a3=1 threads=8 calls=1016 elapsed_us=207
GGML_CPU_SHAPE_PROFILE phase=node_wall name=ffn_out-9 a=blk.9.ffn_down.weight at=q4_0 bt=f32 k=10240 m=2560 n=1 b2=1 b3=1 a2=1 a3=1 threads=8 calls=127 elapsed_us=41527
GGML_CPU_SHAPE_PROFILE phase=repack_pack_thread name=ffn_out-9 a=blk.9.ffn_down.weight at=q4_0 bt=f32 k=10240 m=2560 n=1 b2=1 b3=1 a2=1 a3=1 threads=8 calls=1016 elapsed_us=711
GGML_CPU_SHAPE_PROFILE phase=generic_pack_thread name=kqv-18 a=cache_v_l18 (view) (permuted) at=f16 bt=f32 k=768 m=256 n=1 b2=8 b3=1 a2=2 a3=1 threads=8 calls=1016 elapsed_us=1798
GGML_CPU_SHAPE_PROFILE phase=node_wall name=ffn_up-9 a=blk.9.ffn_up.weight at=q4_0 bt=f32 k=2560 m=10240 n=1 b2=1 b3=1 a2=1 a3=1 threads=8 calls=127 elapsed_us=41126
GGML_CPU_SHAPE_PROFILE phase=node_wall name=ffn_gate-9 a=blk.9.ffn_gate.weight at=q4_0 bt=f32 k=2560 m=10240 n=1 b2=1 b3=1 a2=1 a3=1 threads=8 calls=127 elapsed_us=43396
GGML_CPU_SHAPE_PROFILE phase=repack_pack_thread name=node_551 a=blk.9.attn_output.weight at=q4_0 bt=f32 k=2048 m=2560 n=1 b2=1 b3=1 a2=1 a3=1 threads=8 calls=1016 elapsed_us=171
GGML_CPU_SHAPE_PROFILE phase=node_wall name=kqv-9 a=cache_v_l9 (view) (permuted) at=f16 bt=f32 k=768 m=256 n=1 b2=8 b3=1 a2=2 a3=1 threads=8 calls=127 elapsed_us=9747
GGML_CPU_SHAPE_PROFILE phase=node_wall name=kq-9 a=cache_k_l9 (view) (permuted) at=f16 bt=f32 k=256 m=768 n=1 b2=8 b3=1 a2=2 a3=1 threads=8 calls=127 elapsed_us=6338
GGML_CPU_SHAPE_PROFILE phase=repack_pack_thread name=Vcur-9 a=blk.9.attn_v.weight at=q4_0 bt=f32 k=2560 m=512 n=1 b2=1 b3=1 a2=1 a3=1 threads=8 calls=1016 elapsed_us=203
GGML_CPU_SHAPE_PROFILE phase=repack_pack_thread name=Kcur-9 a=blk.9.attn_k.weight at=q4_0 bt=f32 k=2560 m=512 n=1 b2=1 b3=1 a2=1 a3=1 threads=8 calls=1016 elapsed_us=194
GGML_CPU_SHAPE_PROFILE phase=node_wall name=Qcur-9 a=blk.9.attn_q.weight at=q4_0 bt=f32 k=2560 m=2048 n=1 b2=1 b3=1 a2=1 a3=1 threads=8 calls=127 elapsed_us=9761
GGML_CPU_SHAPE_PROFILE phase=node_wall name=ffn_up-28 a=blk.28.ffn_up.weight at=q4_0 bt=f32 k=2560 m=10240 n=1 b2=1 b3=1 a2=1 a3=1 threads=8 calls=127 elapsed_us=40245
GGML_CPU_SHAPE_PROFILE phase=repack_pack_thread name=Qcur-9 a=blk.9.attn_q.weight at=q4_0 bt=f32 k=2560 m=2048 n=1 b2=1 b3=1 a2=1 a3=1 threads=8 calls=1016 elapsed_us=204
GGML_CPU_SHAPE_PROFILE phase=repack_pack_thread name=node_512 a=blk.8.proj.weight at=q4_0 bt=f32 k=256 m=2560 n=1 b2=1 b3=1 a2=1 a3=1 threads=8 calls=1016 elapsed_us=43
GGML_CPU_SHAPE_PROFILE phase=node_wall name=ffn_out-8 a=blk.8.ffn_down.weight at=q4_0 bt=f32 k=10240 m=2560 n=1 b2=1 b3=1 a2=1 a3=1 threads=8 calls=127 elapsed_us=41583
GGML_CPU_SHAPE_PROFILE phase=repack_pack_thread name=ffn_out-8 a=blk.8.ffn_down.weight at=q4_0 bt=f32 k=10240 m=2560 n=1 b2=1 b3=1 a2=1 a3=1 threads=8 calls=1016 elapsed_us=740
GGML_CPU_SHAPE_PROFILE phase=repack_pack_thread name=ffn_up-8 a=blk.8.ffn_up.weight at=q4_0 bt=f32 k=2560 m=10240 n=1 b2=1 b3=1 a2=1 a3=1 threads=8 calls=1016 elapsed_us=233
GGML_CPU_SHAPE_PROFILE phase=node_wall name=ffn_gate-8 a=blk.8.ffn_gate.weight at=q4_0 bt=f32 k=2560 m=10240 n=1 b2=1 b3=1 a2=1 a3=1 threads=8 calls=127 elapsed_us=40708
GGML_CPU_SHAPE_PROFILE phase=repack_pack_thread name=node_495 a=blk.8.attn_output.weight at=q4_0 bt=f32 k=2048 m=2560 n=1 b2=1 b3=1 a2=1 a3=1 threads=8 calls=1016 elapsed_us=185
GGML_CPU_SHAPE_PROFILE phase=node_wall name=kq-8 a=cache_k_l8 (view) (permuted) at=f16 bt=f32 k=256 m=768 n=1 b2=8 b3=1 a2=2 a3=1 threads=8 calls=127 elapsed_us=6455
GGML_CPU_SHAPE_PROFILE phase=node_wall name=Vcur-8 a=blk.8.attn_v.weight at=q4_0 bt=f32 k=2560 m=512 n=1 b2=1 b3=1 a2=1 a3=1 threads=8 calls=127 elapsed_us=3706
GGML_CPU_SHAPE_PROFILE phase=repack_pack_thread name=Vcur-8 a=blk.8.attn_v.weight at=q4_0 bt=f32 k=2560 m=512 n=1 b2=1 b3=1 a2=1 a3=1 threads=8 calls=1016 elapsed_us=188
GGML_CPU_SHAPE_PROFILE phase=repack_pack_thread name=Kcur-8 a=blk.8.attn_k.weight at=q4_0 bt=f32 k=2560 m=512 n=1 b2=1 b3=1 a2=1 a3=1 threads=8 calls=1016 elapsed_us=200
GGML_CPU_SHAPE_PROFILE phase=node_wall name=Qcur-8 a=blk.8.attn_q.weight at=q4_0 bt=f32 k=2560 m=2048 n=1 b2=1 b3=1 a2=1 a3=1 threads=8 calls=127 elapsed_us=9771
GGML_CPU_SHAPE_PROFILE phase=repack_pack_thread name=Qcur-8 a=blk.8.attn_q.weight at=q4_0 bt=f32 k=2560 m=2048 n=1 b2=1 b3=1 a2=1 a3=1 threads=8 calls=1016 elapsed_us=193
GGML_CPU_SHAPE_PROFILE phase=repack_pack_thread name=Qcur-17 a=blk.17.attn_q.weight at=q4_0 bt=f32 k=2560 m=4096 n=1 b2=1 b3=1 a2=1 a3=1 threads=8 calls=1016 elapsed_us=195
GGML_CPU_SHAPE_PROFILE phase=node_wall name=node_456 a=blk.7.proj.weight at=q4_0 bt=f32 k=256 m=2560 n=1 b2=1 b3=1 a2=1 a3=1 threads=8 calls=127 elapsed_us=2991
GGML_CPU_SHAPE_PROFILE phase=node_wall name=ffn_up-21 a=blk.21.ffn_up.weight at=q4_0 bt=f32 k=2560 m=10240 n=1 b2=1 b3=1 a2=1 a3=1 threads=8 calls=127 elapsed_us=40301
GGML_CPU_SHAPE_PROFILE phase=repack_pack_thread name=node_456 a=blk.7.proj.weight at=q4_0 bt=f32 k=256 m=2560 n=1 b2=1 b3=1 a2=1 a3=1 threads=8 calls=1016 elapsed_us=52
GGML_CPU_SHAPE_PROFILE phase=repack_pack_thread name=node_452 a=blk.7.inp_gate.weight at=q4_0 bt=f32 k=2560 m=256 n=1 b2=1 b3=1 a2=1 a3=1 threads=8 calls=1016 elapsed_us=210
GGML_CPU_SHAPE_PROFILE phase=repack_pack_thread name=ffn_out-7 a=blk.7.ffn_down.weight at=q4_0 bt=f32 k=10240 m=2560 n=1 b2=1 b3=1 a2=1 a3=1 threads=8 calls=1016 elapsed_us=721
GGML_CPU_SHAPE_PROFILE phase=node_wall name=ffn_up-7 a=blk.7.ffn_up.weight at=q4_0 bt=f32 k=2560 m=10240 n=1 b2=1 b3=1 a2=1 a3=1 threads=8 calls=127 elapsed_us=41187
GGML_CPU_SHAPE_PROFILE phase=repack_pack_thread name=ffn_up-7 a=blk.7.ffn_up.weight at=q4_0 bt=f32 k=2560 m=10240 n=1 b2=1 b3=1 a2=1 a3=1 threads=8 calls=1016 elapsed_us=246
GGML_CPU_SHAPE_PROFILE phase=repack_pack_thread name=ffn_gate-7 a=blk.7.ffn_gate.weight at=q4_0 bt=f32 k=2560 m=10240 n=1 b2=1 b3=1 a2=1 a3=1 threads=8 calls=1016 elapsed_us=198
GGML_CPU_SHAPE_PROFILE phase=repack_pack_thread name=node_439 a=blk.7.attn_output.weight at=q4_0 bt=f32 k=2048 m=2560 n=1 b2=1 b3=1 a2=1 a3=1 threads=8 calls=1016 elapsed_us=174
GGML_CPU_SHAPE_PROFILE phase=generic_pack_thread name=kqv-7 a=cache_v_l7 (view) (permuted) at=f16 bt=f32 k=768 m=256 n=1 b2=8 b3=1 a2=2 a3=1 threads=8 calls=1016 elapsed_us=1870
GGML_CPU_SHAPE_PROFILE phase=node_wall name=kq-7 a=cache_k_l7 (view) (permuted) at=f16 bt=f32 k=256 m=768 n=1 b2=8 b3=1 a2=2 a3=1 threads=8 calls=127 elapsed_us=6584
GGML_CPU_SHAPE_PROFILE phase=node_wall name=Vcur-7 a=blk.7.attn_v.weight at=q4_0 bt=f32 k=2560 m=512 n=1 b2=1 b3=1 a2=1 a3=1 threads=8 calls=127 elapsed_us=3807
GGML_CPU_SHAPE_PROFILE phase=node_wall name=Kcur-7 a=blk.7.attn_k.weight at=q4_0 bt=f32 k=2560 m=512 n=1 b2=1 b3=1 a2=1 a3=1 threads=8 calls=127 elapsed_us=4185
GGML_CPU_SHAPE_PROFILE phase=node_wall name=ffn_out-23 a=blk.23.ffn_down.weight at=q4_0 bt=f32 k=10240 m=2560 n=1 b2=1 b3=1 a2=1 a3=1 threads=8 calls=127 elapsed_us=41131
GGML_CPU_SHAPE_PROFILE phase=repack_pack_thread name=Kcur-7 a=blk.7.attn_k.weight at=q4_0 bt=f32 k=2560 m=512 n=1 b2=1 b3=1 a2=1 a3=1 threads=8 calls=1016 elapsed_us=199
GGML_CPU_SHAPE_PROFILE phase=node_wall name=Qcur-7 a=blk.7.attn_q.weight at=q4_0 bt=f32 k=2560 m=2048 n=1 b2=1 b3=1 a2=1 a3=1 threads=8 calls=127 elapsed_us=9776
GGML_CPU_SHAPE_PROFILE phase=node_wall name=node_396 a=blk.6.inp_gate.weight at=q4_0 bt=f32 k=2560 m=256 n=1 b2=1 b3=1 a2=1 a3=1 threads=8 calls=127 elapsed_us=3225
GGML_CPU_SHAPE_PROFILE phase=node_wall name=ffn_out-6 a=blk.6.ffn_down.weight at=q4_0 bt=f32 k=10240 m=2560 n=1 b2=1 b3=1 a2=1 a3=1 threads=8 calls=127 elapsed_us=41876
GGML_CPU_SHAPE_PROFILE phase=node_wall name=ffn_up-6 a=blk.6.ffn_up.weight at=q4_0 bt=f32 k=2560 m=10240 n=1 b2=1 b3=1 a2=1 a3=1 threads=8 calls=127 elapsed_us=41106
GGML_CPU_SHAPE_PROFILE phase=repack_pack_thread name=ffn_up-6 a=blk.6.ffn_up.weight at=q4_0 bt=f32 k=2560 m=10240 n=1 b2=1 b3=1 a2=1 a3=1 threads=8 calls=1016 elapsed_us=218
GGML_CPU_SHAPE_PROFILE phase=node_wall name=ffn_gate-6 a=blk.6.ffn_gate.weight at=q4_0 bt=f32 k=2560 m=10240 n=1 b2=1 b3=1 a2=1 a3=1 threads=8 calls=127 elapsed_us=40643
GGML_CPU_SHAPE_PROFILE phase=repack_pack_thread name=Qcur-33 a=blk.33.attn_q.weight at=q4_0 bt=f32 k=2560 m=2048 n=1 b2=1 b3=1 a2=1 a3=1 threads=8 calls=1016 elapsed_us=190
GGML_CPU_SHAPE_PROFILE phase=repack_pack_thread name=ffn_gate-6 a=blk.6.ffn_gate.weight at=q4_0 bt=f32 k=2560 m=10240 n=1 b2=1 b3=1 a2=1 a3=1 threads=8 calls=1016 elapsed_us=183
GGML_CPU_SHAPE_PROFILE phase=repack_pack_thread name=node_383 a=blk.6.attn_output.weight at=q4_0 bt=f32 k=2048 m=2560 n=1 b2=1 b3=1 a2=1 a3=1 threads=8 calls=1016 elapsed_us=186
GGML_CPU_SHAPE_PROFILE phase=node_wall name=kq-6 a=cache_k_l6 (view) (permuted) at=f16 bt=f32 k=256 m=768 n=1 b2=8 b3=1 a2=2 a3=1 threads=8 calls=127 elapsed_us=6392
GGML_CPU_SHAPE_PROFILE phase=generic_pack_thread name=kq-6 a=cache_k_l6 (view) (permuted) at=f16 bt=f32 k=256 m=768 n=1 b2=8 b3=1 a2=2 a3=1 threads=8 calls=1016 elapsed_us=466
GGML_CPU_SHAPE_PROFILE phase=node_wall name=ffn_out-19 a=blk.19.ffn_down.weight at=q4_0 bt=f32 k=10240 m=2560 n=1 b2=1 b3=1 a2=1 a3=1 threads=8 calls=127 elapsed_us=40761
GGML_CPU_SHAPE_PROFILE phase=node_wall name=Vcur-6 a=blk.6.attn_v.weight at=q4_0 bt=f32 k=2560 m=512 n=1 b2=1 b3=1 a2=1 a3=1 threads=8 calls=127 elapsed_us=3816
GGML_CPU_SHAPE_PROFILE phase=repack_pack_thread name=Vcur-6 a=blk.6.attn_v.weight at=q4_0 bt=f32 k=2560 m=512 n=1 b2=1 b3=1 a2=1 a3=1 threads=8 calls=1016 elapsed_us=215
GGML_CPU_SHAPE_PROFILE phase=node_wall name=node_344 a=blk.5.proj.weight at=q4_0 bt=f32 k=256 m=2560 n=1 b2=1 b3=1 a2=1 a3=1 threads=8 calls=127 elapsed_us=2976
GGML_CPU_SHAPE_PROFILE phase=node_wall name=node_340 a=blk.5.inp_gate.weight at=q4_0 bt=f32 k=2560 m=256 n=1 b2=1 b3=1 a2=1 a3=1 threads=8 calls=127 elapsed_us=3595
GGML_CPU_SHAPE_PROFILE phase=repack_pack_thread name=node_340 a=blk.5.inp_gate.weight at=q4_0 bt=f32 k=2560 m=256 n=1 b2=1 b3=1 a2=1 a3=1 threads=8 calls=1016 elapsed_us=198
GGML_CPU_SHAPE_PROFILE phase=node_wall name=kqv-7 a=cache_v_l7 (view) (permuted) at=f16 bt=f32 k=768 m=256 n=1 b2=8 b3=1 a2=2 a3=1 threads=8 calls=127 elapsed_us=9762
GGML_CPU_SHAPE_PROFILE phase=node_wall name=ffn_up-5 a=blk.5.ffn_up.weight at=q4_0 bt=f32 k=2560 m=10240 n=1 b2=1 b3=1 a2=1 a3=1 threads=8 calls=127 elapsed_us=41504
GGML_CPU_SHAPE_PROFILE phase=node_wall name=Qcur-31 a=blk.31.attn_q.weight at=q4_0 bt=f32 k=2560 m=2048 n=1 b2=1 b3=1 a2=1 a3=1 threads=8 calls=127 elapsed_us=9898
GGML_CPU_SHAPE_PROFILE phase=node_wall name=ffn_gate-5 a=blk.5.ffn_gate.weight at=q4_0 bt=f32 k=2560 m=10240 n=1 b2=1 b3=1 a2=1 a3=1 threads=8 calls=127 elapsed_us=41403
GGML_CPU_SHAPE_PROFILE phase=repack_pack_thread name=ffn_out-37 a=blk.37.ffn_down.weight at=q4_0 bt=f32 k=10240 m=2560 n=1 b2=1 b3=1 a2=1 a3=1 threads=8 calls=1016 elapsed_us=710
GGML_CPU_SHAPE_PROFILE phase=node_wall name=node_327 a=blk.5.attn_output.weight at=q4_0 bt=f32 k=4096 m=2560 n=1 b2=1 b3=1 a2=1 a3=1 threads=8 calls=127 elapsed_us=19646
GGML_CPU_SHAPE_PROFILE phase=repack_pack_thread name=node_327 a=blk.5.attn_output.weight at=q4_0 bt=f32 k=4096 m=2560 n=1 b2=1 b3=1 a2=1 a3=1 threads=8 calls=1016 elapsed_us=400
GGML_CPU_SHAPE_PROFILE phase=node_wall name=kqv-5 a=cache_v_l5 (view) (permuted) at=f16 bt=f32 k=64768 m=512 n=1 b2=8 b3=1 a2=2 a3=1 threads=8 calls=85 elapsed_us=688841
GGML_CPU_SHAPE_PROFILE phase=generic_pack_thread name=kq-5 a=cache_k_l5 (view) (permuted) at=f16 bt=f32 k=512 m=64768 n=1 b2=8 b3=1 a2=2 a3=1 threads=8 calls=680 elapsed_us=451
GGML_CPU_SHAPE_PROFILE phase=node_wall name=Qcur-5 a=blk.5.attn_q.weight at=q4_0 bt=f32 k=2560 m=4096 n=1 b2=1 b3=1 a2=1 a3=1 threads=8 calls=127 elapsed_us=17587
GGML_CPU_SHAPE_PROFILE phase=node_wall name=node_289 a=blk.4.proj.weight at=q4_0 bt=f32 k=256 m=2560 n=1 b2=1 b3=1 a2=1 a3=1 threads=8 calls=127 elapsed_us=2936
GGML_CPU_SHAPE_PROFILE phase=repack_pack_thread name=ffn_out-26 a=blk.26.ffn_down.weight at=q4_0 bt=f32 k=10240 m=2560 n=1 b2=1 b3=1 a2=1 a3=1 threads=8 calls=1016 elapsed_us=708
GGML_CPU_SHAPE_PROFILE phase=repack_pack_thread name=node_289 a=blk.4.proj.weight at=q4_0 bt=f32 k=256 m=2560 n=1 b2=1 b3=1 a2=1 a3=1 threads=8 calls=1016 elapsed_us=39
GGML_CPU_SHAPE_PROFILE phase=repack_pack_thread name=node_1070 a=blk.18.proj.weight at=q4_0 bt=f32 k=256 m=2560 n=1 b2=1 b3=1 a2=1 a3=1 threads=8 calls=1016 elapsed_us=39
GGML_CPU_SHAPE_PROFILE phase=node_wall name=node_285 a=blk.4.inp_gate.weight at=q4_0 bt=f32 k=2560 m=256 n=1 b2=1 b3=1 a2=1 a3=1 threads=8 calls=127 elapsed_us=3864
GGML_CPU_SHAPE_PROFILE phase=node_wall name=kq-30 a=cache_k_l22 (view) (permuted) at=f16 bt=f32 k=256 m=768 n=1 b2=8 b3=1 a2=2 a3=1 threads=8 calls=127 elapsed_us=6306
GGML_CPU_SHAPE_PROFILE phase=node_wall name=ffn_up-10 a=blk.10.ffn_up.weight at=q4_0 bt=f32 k=2560 m=10240 n=1 b2=1 b3=1 a2=1 a3=1 threads=8 calls=127 elapsed_us=41068
GGML_CPU_SHAPE_PROFILE phase=repack_pack_thread name=node_285 a=blk.4.inp_gate.weight at=q4_0 bt=f32 k=2560 m=256 n=1 b2=1 b3=1 a2=1 a3=1 threads=8 calls=1016 elapsed_us=216
GGML_CPU_SHAPE_PROFILE phase=node_wall name=ffn_out-4 a=blk.4.ffn_down.weight at=q4_0 bt=f32 k=10240 m=2560 n=1 b2=1 b3=1 a2=1 a3=1 threads=8 calls=127 elapsed_us=41575
GGML_CPU_SHAPE_PROFILE phase=repack_pack_thread name=ffn_out-4 a=blk.4.ffn_down.weight at=q4_0 bt=f32 k=10240 m=2560 n=1 b2=1 b3=1 a2=1 a3=1 threads=8 calls=1016 elapsed_us=709
GGML_CPU_SHAPE_PROFILE phase=repack_pack_thread name=ffn_gate-4 a=blk.4.ffn_gate.weight at=q4_0 bt=f32 k=2560 m=10240 n=1 b2=1 b3=1 a2=1 a3=1 threads=8 calls=1016 elapsed_us=201
GGML_CPU_SHAPE_PROFILE phase=repack_pack_thread name=Qcur-6 a=blk.6.attn_q.weight at=q4_0 bt=f32 k=2560 m=2048 n=1 b2=1 b3=1 a2=1 a3=1 threads=8 calls=1016 elapsed_us=188
GGML_CPU_SHAPE_PROFILE phase=node_wall name=node_272 a=blk.4.attn_output.weight at=q4_0 bt=f32 k=2048 m=2560 n=1 b2=1 b3=1 a2=1 a3=1 threads=8 calls=127 elapsed_us=9719
GGML_CPU_SHAPE_PROFILE phase=repack_pack_thread name=Kcur-5 a=blk.5.attn_k.weight at=q4_0 bt=f32 k=2560 m=1024 n=1 b2=1 b3=1 a2=1 a3=1 threads=8 calls=1016 elapsed_us=199
GGML_CPU_SHAPE_PROFILE phase=repack_pack_thread name=node_272 a=blk.4.attn_output.weight at=q4_0 bt=f32 k=2048 m=2560 n=1 b2=1 b3=1 a2=1 a3=1 threads=8 calls=1016 elapsed_us=163
GGML_CPU_SHAPE_PROFILE phase=node_wall name=kqv-4 a=cache_v_l4 (view) (permuted) at=f16 bt=f32 k=768 m=256 n=1 b2=8 b3=1 a2=2 a3=1 threads=8 calls=127 elapsed_us=9694
GGML_CPU_SHAPE_PROFILE phase=node_wall name=ffn_out-5 a=blk.5.ffn_down.weight at=q4_0 bt=f32 k=10240 m=2560 n=1 b2=1 b3=1 a2=1 a3=1 threads=8 calls=127 elapsed_us=41775
GGML_CPU_SHAPE_PROFILE phase=node_wall name=kq-4 a=cache_k_l4 (view) (permuted) at=f16 bt=f32 k=256 m=768 n=1 b2=8 b3=1 a2=2 a3=1 threads=8 calls=127 elapsed_us=6389
GGML_CPU_SHAPE_PROFILE phase=generic_pack_thread name=kq-4 a=cache_k_l4 (view) (permuted) at=f16 bt=f32 k=256 m=768 n=1 b2=8 b3=1 a2=2 a3=1 threads=8 calls=1016 elapsed_us=464
GGML_CPU_SHAPE_PROFILE phase=repack_pack_thread name=Kcur-4 a=blk.4.attn_k.weight at=q4_0 bt=f32 k=2560 m=512 n=1 b2=1 b3=1 a2=1 a3=1 threads=8 calls=1016 elapsed_us=196
GGML_CPU_SHAPE_PROFILE phase=node_wall name=Qcur-4 a=blk.4.attn_q.weight at=q4_0 bt=f32 k=2560 m=2048 n=1 b2=1 b3=1 a2=1 a3=1 threads=8 calls=127 elapsed_us=9873
GGML_CPU_SHAPE_PROFILE phase=node_wall name=Vcur-23 a=blk.23.attn_v.weight at=q4_0 bt=f32 k=2560 m=1024 n=1 b2=1 b3=1 a2=1 a3=1 threads=8 calls=127 elapsed_us=5801
GGML_CPU_SHAPE_PROFILE phase=repack_pack_thread name=node_229 a=blk.3.inp_gate.weight at=q4_0 bt=f32 k=2560 m=256 n=1 b2=1 b3=1 a2=1 a3=1 threads=8 calls=1016 elapsed_us=205
GGML_CPU_SHAPE_PROFILE phase=node_wall name=ffn_out-3 a=blk.3.ffn_down.weight at=q4_0 bt=f32 k=10240 m=2560 n=1 b2=1 b3=1 a2=1 a3=1 threads=8 calls=127 elapsed_us=41665
GGML_CPU_SHAPE_PROFILE phase=node_wall name=ffn_up-3 a=blk.3.ffn_up.weight at=q4_0 bt=f32 k=2560 m=10240 n=1 b2=1 b3=1 a2=1 a3=1 threads=8 calls=127 elapsed_us=41506
GGML_CPU_SHAPE_PROFILE phase=repack_pack_thread name=ffn_up-3 a=blk.3.ffn_up.weight at=q4_0 bt=f32 k=2560 m=10240 n=1 b2=1 b3=1 a2=1 a3=1 threads=8 calls=1016 elapsed_us=212
GGML_CPU_SHAPE_PROFILE phase=node_wall name=ffn_gate-3 a=blk.3.ffn_gate.weight at=q4_0 bt=f32 k=2560 m=10240 n=1 b2=1 b3=1 a2=1 a3=1 threads=8 calls=127 elapsed_us=40909
GGML_CPU_SHAPE_PROFILE phase=repack_pack_thread name=ffn_gate-3 a=blk.3.ffn_gate.weight at=q4_0 bt=f32 k=2560 m=10240 n=1 b2=1 b3=1 a2=1 a3=1 threads=8 calls=1016 elapsed_us=194
GGML_CPU_SHAPE_PROFILE phase=node_wall name=node_216 a=blk.3.attn_output.weight at=q4_0 bt=f32 k=2048 m=2560 n=1 b2=1 b3=1 a2=1 a3=1 threads=8 calls=127 elapsed_us=9749
GGML_CPU_SHAPE_PROFILE phase=generic_pack_thread name=kqv-3 a=cache_v_l3 (view) (permuted) at=f16 bt=f32 k=768 m=256 n=1 b2=8 b3=1 a2=2 a3=1 threads=8 calls=1016 elapsed_us=1838
GGML_CPU_SHAPE_PROFILE phase=node_wall name=kq-3 a=cache_k_l3 (view) (permuted) at=f16 bt=f32 k=256 m=768 n=1 b2=8 b3=1 a2=2 a3=1 threads=8 calls=127 elapsed_us=6312
GGML_CPU_SHAPE_PROFILE phase=node_wall name=Vcur-3 a=blk.3.attn_v.weight at=q4_0 bt=f32 k=2560 m=512 n=1 b2=1 b3=1 a2=1 a3=1 threads=8 calls=127 elapsed_us=3739
GGML_CPU_SHAPE_PROFILE phase=node_wall name=node_847 a=blk.14.proj.weight at=q4_0 bt=f32 k=256 m=2560 n=1 b2=1 b3=1 a2=1 a3=1 threads=8 calls=127 elapsed_us=2894
GGML_CPU_SHAPE_PROFILE phase=repack_pack_thread name=Vcur-3 a=blk.3.attn_v.weight at=q4_0 bt=f32 k=2560 m=512 n=1 b2=1 b3=1 a2=1 a3=1 threads=8 calls=1016 elapsed_us=201
GGML_CPU_SHAPE_PROFILE phase=node_wall name=Kcur-3 a=blk.3.attn_k.weight at=q4_0 bt=f32 k=2560 m=512 n=1 b2=1 b3=1 a2=1 a3=1 threads=8 calls=127 elapsed_us=3760
GGML_CPU_SHAPE_PROFILE phase=repack_pack_thread name=Kcur-3 a=blk.3.attn_k.weight at=q4_0 bt=f32 k=2560 m=512 n=1 b2=1 b3=1 a2=1 a3=1 threads=8 calls=1016 elapsed_us=205
GGML_CPU_SHAPE_PROFILE phase=repack_pack_thread name=Qcur-3 a=blk.3.attn_q.weight at=q4_0 bt=f32 k=2560 m=2048 n=1 b2=1 b3=1 a2=1 a3=1 threads=8 calls=1016 elapsed_us=200
GGML_CPU_SHAPE_PROFILE phase=node_wall name=Qcur-3 a=blk.3.attn_q.weight at=q4_0 bt=f32 k=2560 m=2048 n=1 b2=1 b3=1 a2=1 a3=1 threads=8 calls=127 elapsed_us=9733
GGML_CPU_SHAPE_PROFILE phase=repack_pack_thread name=node_177 a=blk.2.proj.weight at=q4_0 bt=f32 k=256 m=2560 n=1 b2=1 b3=1 a2=1 a3=1 threads=8 calls=1016 elapsed_us=46
GGML_CPU_SHAPE_PROFILE phase=node_wall name=node_173 a=blk.2.inp_gate.weight at=q4_0 bt=f32 k=2560 m=256 n=1 b2=1 b3=1 a2=1 a3=1 threads=8 calls=127 elapsed_us=3356
GGML_CPU_SHAPE_PROFILE phase=repack_pack_thread name=ffn_out-2 a=blk.2.ffn_down.weight at=q4_0 bt=f32 k=10240 m=2560 n=1 b2=1 b3=1 a2=1 a3=1 threads=8 calls=1016 elapsed_us=690
GGML_CPU_SHAPE_PROFILE phase=node_wall name=ffn_up-2 a=blk.2.ffn_up.weight at=q4_0 bt=f32 k=2560 m=10240 n=1 b2=1 b3=1 a2=1 a3=1 threads=8 calls=127 elapsed_us=41234
GGML_CPU_SHAPE_PROFILE phase=node_wall name=ffn_gate-2 a=blk.2.ffn_gate.weight at=q4_0 bt=f32 k=2560 m=10240 n=1 b2=1 b3=1 a2=1 a3=1 threads=8 calls=127 elapsed_us=40666
GGML_CPU_SHAPE_PROFILE phase=repack_pack_thread name=node_160 a=blk.2.attn_output.weight at=q4_0 bt=f32 k=2048 m=2560 n=1 b2=1 b3=1 a2=1 a3=1 threads=8 calls=1016 elapsed_us=173
GGML_CPU_SHAPE_PROFILE phase=node_wall name=kqv-2 a=cache_v_l2 (view) (permuted) at=f16 bt=f32 k=768 m=256 n=1 b2=8 b3=1 a2=2 a3=1 threads=8 calls=127 elapsed_us=9657
GGML_CPU_SHAPE_PROFILE phase=generic_pack_thread name=kqv-2 a=cache_v_l2 (view) (permuted) at=f16 bt=f32 k=768 m=256 n=1 b2=8 b3=1 a2=2 a3=1 threads=8 calls=1016 elapsed_us=1883
GGML_CPU_SHAPE_PROFILE phase=node_wall name=kq-2 a=cache_k_l2 (view) (permuted) at=f16 bt=f32 k=256 m=768 n=1 b2=8 b3=1 a2=2 a3=1 threads=8 calls=127 elapsed_us=6349
GGML_CPU_SHAPE_PROFILE phase=repack_pack_thread name=node_400 a=blk.6.proj.weight at=q4_0 bt=f32 k=256 m=2560 n=1 b2=1 b3=1 a2=1 a3=1 threads=8 calls=1016 elapsed_us=43
GGML_CPU_SHAPE_PROFILE phase=generic_pack_thread name=kq-2 a=cache_k_l2 (view) (permuted) at=f16 bt=f32 k=256 m=768 n=1 b2=8 b3=1 a2=2 a3=1 threads=8 calls=1016 elapsed_us=480
GGML_CPU_SHAPE_PROFILE phase=node_wall name=Kcur-2 a=blk.2.attn_k.weight at=q4_0 bt=f32 k=2560 m=512 n=1 b2=1 b3=1 a2=1 a3=1 threads=8 calls=127 elapsed_us=3732
GGML_CPU_SHAPE_PROFILE phase=repack_pack_thread name=Kcur-2 a=blk.2.attn_k.weight at=q4_0 bt=f32 k=2560 m=512 n=1 b2=1 b3=1 a2=1 a3=1 threads=8 calls=1016 elapsed_us=190
GGML_CPU_SHAPE_PROFILE phase=node_wall name=Qcur-2 a=blk.2.attn_q.weight at=q4_0 bt=f32 k=2560 m=2048 n=1 b2=1 b3=1 a2=1 a3=1 threads=8 calls=127 elapsed_us=9754
GGML_CPU_SHAPE_PROFILE phase=repack_pack_thread name=Qcur-2 a=blk.2.attn_q.weight at=q4_0 bt=f32 k=2560 m=2048 n=1 b2=1 b3=1 a2=1 a3=1 threads=8 calls=1016 elapsed_us=182
GGML_CPU_SHAPE_PROFILE phase=repack_pack_thread name=node_121 a=blk.1.proj.weight at=q4_0 bt=f32 k=256 m=2560 n=1 b2=1 b3=1 a2=1 a3=1 threads=8 calls=1016 elapsed_us=28
GGML_CPU_SHAPE_PROFILE phase=node_wall name=node_117 a=blk.1.inp_gate.weight at=q4_0 bt=f32 k=2560 m=256 n=1 b2=1 b3=1 a2=1 a3=1 threads=8 calls=127 elapsed_us=3122
GGML_CPU_SHAPE_PROFILE phase=node_wall name=ffn_out-1 a=blk.1.ffn_down.weight at=q4_0 bt=f32 k=10240 m=2560 n=1 b2=1 b3=1 a2=1 a3=1 threads=8 calls=127 elapsed_us=41827
GGML_CPU_SHAPE_PROFILE phase=repack_pack_thread name=ffn_out-1 a=blk.1.ffn_down.weight at=q4_0 bt=f32 k=10240 m=2560 n=1 b2=1 b3=1 a2=1 a3=1 threads=8 calls=1016 elapsed_us=704
GGML_CPU_SHAPE_PROFILE phase=node_wall name=ffn_up-1 a=blk.1.ffn_up.weight at=q4_0 bt=f32 k=2560 m=10240 n=1 b2=1 b3=1 a2=1 a3=1 threads=8 calls=127 elapsed_us=43027
GGML_CPU_SHAPE_PROFILE phase=node_wall name=ffn_gate-1 a=blk.1.ffn_gate.weight at=q4_0 bt=f32 k=2560 m=10240 n=1 b2=1 b3=1 a2=1 a3=1 threads=8 calls=127 elapsed_us=40751
GGML_CPU_SHAPE_PROFILE phase=node_wall name=node_903 a=blk.15.proj.weight at=q4_0 bt=f32 k=256 m=2560 n=1 b2=1 b3=1 a2=1 a3=1 threads=8 calls=127 elapsed_us=2961
GGML_CPU_SHAPE_PROFILE phase=node_wall name=node_104 a=blk.1.attn_output.weight at=q4_0 bt=f32 k=2048 m=2560 n=1 b2=1 b3=1 a2=1 a3=1 threads=8 calls=127 elapsed_us=9677
GGML_CPU_SHAPE_PROFILE phase=node_wall name=kqv-1 a=cache_v_l1 (view) (permuted) at=f16 bt=f32 k=768 m=256 n=1 b2=8 b3=1 a2=2 a3=1 threads=8 calls=127 elapsed_us=9762
GGML_CPU_SHAPE_PROFILE phase=node_wall name=Kcur-13 a=blk.13.attn_k.weight at=q4_0 bt=f32 k=2560 m=512 n=1 b2=1 b3=1 a2=1 a3=1 threads=8 calls=127 elapsed_us=3773
GGML_CPU_SHAPE_PROFILE phase=node_wall name=kq-1 a=cache_k_l1 (view) (permuted) at=f16 bt=f32 k=256 m=768 n=1 b2=8 b3=1 a2=2 a3=1 threads=8 calls=127 elapsed_us=6314
GGML_CPU_SHAPE_PROFILE phase=generic_pack_thread name=kq-1 a=cache_k_l1 (view) (permuted) at=f16 bt=f32 k=256 m=768 n=1 b2=8 b3=1 a2=2 a3=1 threads=8 calls=1016 elapsed_us=450
GGML_CPU_SHAPE_PROFILE phase=node_wall name=Vcur-1 a=blk.1.attn_v.weight at=q4_0 bt=f32 k=2560 m=512 n=1 b2=1 b3=1 a2=1 a3=1 threads=8 calls=127 elapsed_us=3714
GGML_CPU_SHAPE_PROFILE phase=repack_pack_thread name=Vcur-1 a=blk.1.attn_v.weight at=q4_0 bt=f32 k=2560 m=512 n=1 b2=1 b3=1 a2=1 a3=1 threads=8 calls=1016 elapsed_us=204
GGML_CPU_SHAPE_PROFILE phase=node_wall name=Kcur-1 a=blk.1.attn_k.weight at=q4_0 bt=f32 k=2560 m=512 n=1 b2=1 b3=1 a2=1 a3=1 threads=8 calls=127 elapsed_us=3803
GGML_CPU_SHAPE_PROFILE phase=repack_pack_thread name=Kcur-1 a=blk.1.attn_k.weight at=q4_0 bt=f32 k=2560 m=512 n=1 b2=1 b3=1 a2=1 a3=1 threads=8 calls=1016 elapsed_us=198
GGML_CPU_SHAPE_PROFILE phase=node_wall name=Qcur-1 a=blk.1.attn_q.weight at=q4_0 bt=f32 k=2560 m=2048 n=1 b2=1 b3=1 a2=1 a3=1 threads=8 calls=127 elapsed_us=10062
GGML_CPU_SHAPE_PROFILE phase=repack_pack_thread name=Qcur-1 a=blk.1.attn_q.weight at=q4_0 bt=f32 k=2560 m=2048 n=1 b2=1 b3=1 a2=1 a3=1 threads=8 calls=1016 elapsed_us=188
GGML_CPU_SHAPE_PROFILE phase=node_wall name=node_65 a=blk.0.proj.weight at=q4_0 bt=f32 k=256 m=2560 n=1 b2=1 b3=1 a2=1 a3=1 threads=8 calls=127 elapsed_us=4772
GGML_CPU_SHAPE_PROFILE phase=repack_pack_thread name=node_65 a=blk.0.proj.weight at=q4_0 bt=f32 k=256 m=2560 n=1 b2=1 b3=1 a2=1 a3=1 threads=8 calls=1016 elapsed_us=74
GGML_CPU_SHAPE_PROFILE phase=node_wall name=node_54 a=per_layer_model_proj.weight at=f16 bt=f32 k=2560 m=10752 n=1 b2=1 b3=1 a2=1 a3=1 threads=8 calls=127 elapsed_us=133164
GGML_CPU_SHAPE_PROFILE phase=generic_pack_thread name=node_54 a=per_layer_model_proj.weight at=f16 bt=f32 k=2560 m=10752 n=1 b2=1 b3=1 a2=1 a3=1 threads=8 calls=1016 elapsed_us=438
GGML_CPU_SHAPE_PROFILE phase=node_wall name=node_52 a=blk.0.inp_gate.weight at=q4_0 bt=f32 k=2560 m=256 n=1 b2=1 b3=1 a2=1 a3=1 threads=8 calls=127 elapsed_us=3298
GGML_CPU_SHAPE_PROFILE phase=node_wall name=ffn_out-0 a=blk.0.ffn_down.weight at=q4_0 bt=f32 k=10240 m=2560 n=1 b2=1 b3=1 a2=1 a3=1 threads=8 calls=127 elapsed_us=42082
GGML_CPU_SHAPE_PROFILE phase=node_wall name=ffn_up-0 a=blk.0.ffn_up.weight at=q4_0 bt=f32 k=2560 m=10240 n=1 b2=1 b3=1 a2=1 a3=1 threads=8 calls=127 elapsed_us=42526
GGML_CPU_SHAPE_PROFILE phase=repack_pack_thread name=ffn_up-0 a=blk.0.ffn_up.weight at=q4_0 bt=f32 k=2560 m=10240 n=1 b2=1 b3=1 a2=1 a3=1 threads=8 calls=1016 elapsed_us=252
GGML_CPU_SHAPE_PROFILE phase=node_wall name=ffn_gate-0 a=blk.0.ffn_gate.weight at=q4_0 bt=f32 k=2560 m=10240 n=1 b2=1 b3=1 a2=1 a3=1 threads=8 calls=127 elapsed_us=42661
GGML_CPU_SHAPE_PROFILE phase=repack_pack_thread name=ffn_gate-0 a=blk.0.ffn_gate.weight at=q4_0 bt=f32 k=2560 m=10240 n=1 b2=1 b3=1 a2=1 a3=1 threads=8 calls=1016 elapsed_us=200
GGML_CPU_SHAPE_PROFILE phase=node_wall name=kqv-0 a=cache_v_l0 (view) (permuted) at=f16 bt=f32 k=768 m=256 n=1 b2=8 b3=1 a2=2 a3=1 threads=8 calls=127 elapsed_us=10055
GGML_CPU_SHAPE_PROFILE phase=node_wall name=node_1452 a=blk.26.attn_output.weight at=q4_0 bt=f32 k=2048 m=2560 n=1 b2=1 b3=1 a2=1 a3=1 threads=8 calls=127 elapsed_us=9553
GGML_CPU_SHAPE_PROFILE phase=generic_pack_thread name=kqv-0 a=cache_v_l0 (view) (permuted) at=f16 bt=f32 k=768 m=256 n=1 b2=8 b3=1 a2=2 a3=1 threads=8 calls=1016 elapsed_us=1876
GGML_CPU_SHAPE_PROFILE phase=node_wall name=kq-0 a=cache_k_l0 (view) (permuted) at=f16 bt=f32 k=256 m=768 n=1 b2=8 b3=1 a2=2 a3=1 threads=8 calls=127 elapsed_us=6785
GGML_CPU_SHAPE_PROFILE phase=generic_pack_thread name=kq-0 a=cache_k_l0 (view) (permuted) at=f16 bt=f32 k=256 m=768 n=1 b2=8 b3=1 a2=2 a3=1 threads=8 calls=1016 elapsed_us=549
GGML_CPU_SHAPE_PROFILE phase=node_wall name=Vcur-0 a=blk.0.attn_v.weight at=q4_0 bt=f32 k=2560 m=512 n=1 b2=1 b3=1 a2=1 a3=1 threads=8 calls=127 elapsed_us=4175
GGML_CPU_SHAPE_PROFILE phase=repack_pack_thread name=Vcur-0 a=blk.0.attn_v.weight at=q4_0 bt=f32 k=2560 m=512 n=1 b2=1 b3=1 a2=1 a3=1 threads=8 calls=1016 elapsed_us=195
GGML_CPU_SHAPE_PROFILE phase=node_wall name=Kcur-0 a=blk.0.attn_k.weight at=q4_0 bt=f32 k=2560 m=512 n=1 b2=1 b3=1 a2=1 a3=1 threads=8 calls=127 elapsed_us=4223
GGML_CPU_SHAPE_PROFILE phase=repack_pack_thread name=Kcur-0 a=blk.0.attn_k.weight at=q4_0 bt=f32 k=2560 m=512 n=1 b2=1 b3=1 a2=1 a3=1 threads=8 calls=1016 elapsed_us=194
GGML_CPU_SHAPE_PROFILE phase=node_wall name=Qcur-0 a=blk.0.attn_q.weight at=q4_0 bt=f32 k=2560 m=2048 n=1 b2=1 b3=1 a2=1 a3=1 threads=8 calls=127 elapsed_us=15095
GGML_CPU_SHAPE_PROFILE phase=repack_pack_thread name=node_2069 a=blk.41.proj.weight at=q4_0 bt=f32 k=256 m=2560 n=4 b2=1 b3=1 a2=1 a3=1 threads=8 calls=8 elapsed_us=1
GGML_CPU_SHAPE_PROFILE phase=repack_pack_thread name=Vcur-2 a=blk.2.attn_v.weight at=q4_0 bt=f32 k=2560 m=512 n=1 b2=1 b3=1 a2=1 a3=1 threads=8 calls=1016 elapsed_us=204
GGML_CPU_SHAPE_PROFILE phase=repack_pack_thread name=node_2065 a=blk.41.inp_gate.weight at=q4_0 bt=f32 k=2560 m=256 n=4 b2=1 b3=1 a2=1 a3=1 threads=8 calls=8 elapsed_us=2
GGML_CPU_SHAPE_PROFILE phase=node_wall name=ffn_out-41 a=blk.41.ffn_down.weight at=q4_0 bt=f32 k=10240 m=2560 n=4 b2=1 b3=1 a2=1 a3=1 threads=8 calls=1 elapsed_us=683
GGML_CPU_SHAPE_PROFILE phase=repack_pack_thread name=ffn_out-41 a=blk.41.ffn_down.weight at=q4_0 bt=f32 k=10240 m=2560 n=4 b2=1 b3=1 a2=1 a3=1 threads=8 calls=8 elapsed_us=11
GGML_CPU_SHAPE_PROFILE phase=repack_pack_thread name=ffn_up-41 a=blk.41.ffn_up.weight at=q4_0 bt=f32 k=2560 m=10240 n=4 b2=1 b3=1 a2=1 a3=1 threads=8 calls=8 elapsed_us=3
GGML_CPU_SHAPE_PROFILE phase=node_wall name=ffn_gate-41 a=blk.41.ffn_gate.weight at=q4_0 bt=f32 k=2560 m=10240 n=4 b2=1 b3=1 a2=1 a3=1 threads=8 calls=1 elapsed_us=714
GGML_CPU_SHAPE_PROFILE phase=repack_pack_thread name=ffn_gate-41 a=blk.41.ffn_gate.weight at=q4_0 bt=f32 k=2560 m=10240 n=4 b2=1 b3=1 a2=1 a3=1 threads=8 calls=8 elapsed_us=3
GGML_CPU_SHAPE_PROFILE phase=node_wall name=node_2052 a=blk.41.attn_output.weight at=q4_0 bt=f32 k=4096 m=2560 n=4 b2=1 b3=1 a2=1 a3=1 threads=8 calls=1 elapsed_us=301
GGML_CPU_SHAPE_PROFILE phase=repack_pack_thread name=node_2052 a=blk.41.attn_output.weight at=q4_0 bt=f32 k=4096 m=2560 n=4 b2=1 b3=1 a2=1 a3=1 threads=8 calls=8 elapsed_us=5
GGML_CPU_SHAPE_PROFILE phase=node_wall name=kqv-41 a=cache_v_l23 (view) (permuted) at=f16 bt=f32 k=64768 m=512 n=4 b2=8 b3=1 a2=2 a3=1 threads=8 calls=1 elapsed_us=16724
GGML_CPU_SHAPE_PROFILE phase=generic_pack_thread name=kqv-41 a=cache_v_l23 (view) (permuted) at=f16 bt=f32 k=64768 m=512 n=4 b2=8 b3=1 a2=2 a3=1 threads=8 calls=8 elapsed_us=1014
GGML_CPU_SHAPE_PROFILE phase=node_wall name=kq-41 a=cache_k_l23 (view) (permuted) at=f16 bt=f32 k=512 m=64768 n=4 b2=8 b3=1 a2=2 a3=1 threads=8 calls=1 elapsed_us=20524
GGML_CPU_SHAPE_PROFILE phase=node_wall name=Qcur-41 a=blk.41.attn_q.weight at=q4_0 bt=f32 k=2560 m=4096 n=4 b2=1 b3=1 a2=1 a3=1 threads=8 calls=1 elapsed_us=295
GGML_CPU_SHAPE_PROFILE phase=repack_pack_thread name=Qcur-41 a=blk.41.attn_q.weight at=q4_0 bt=f32 k=2560 m=4096 n=4 b2=1 b3=1 a2=1 a3=1 threads=8 calls=8 elapsed_us=5
GGML_CPU_SHAPE_PROFILE phase=repack_pack_thread name=Qcur-26 a=blk.26.attn_q.weight at=q4_0 bt=f32 k=2560 m=2048 n=1 b2=1 b3=1 a2=1 a3=1 threads=8 calls=1016 elapsed_us=186
GGML_CPU_SHAPE_PROFILE phase=repack_pack_thread name=node_2029 a=blk.40.proj.weight at=q4_0 bt=f32 k=256 m=2560 n=4 b2=1 b3=1 a2=1 a3=1 threads=8 calls=8 elapsed_us=0
GGML_CPU_SHAPE_PROFILE phase=repack_pack_thread name=node_2025 a=blk.40.inp_gate.weight at=q4_0 bt=f32 k=2560 m=256 n=4 b2=1 b3=1 a2=1 a3=1 threads=8 calls=8 elapsed_us=3
GGML_CPU_SHAPE_PROFILE phase=repack_pack_thread name=ffn_out-40 a=blk.40.ffn_down.weight at=q4_0 bt=f32 k=10240 m=2560 n=4 b2=1 b3=1 a2=1 a3=1 threads=8 calls=8 elapsed_us=10
GGML_CPU_SHAPE_PROFILE phase=node_wall name=ffn_up-40 a=blk.40.ffn_up.weight at=q4_0 bt=f32 k=2560 m=10240 n=4 b2=1 b3=1 a2=1 a3=1 threads=8 calls=1 elapsed_us=682
GGML_CPU_SHAPE_PROFILE phase=repack_pack_thread name=ffn_up-40 a=blk.40.ffn_up.weight at=q4_0 bt=f32 k=2560 m=10240 n=4 b2=1 b3=1 a2=1 a3=1 threads=8 calls=8 elapsed_us=3
GGML_CPU_SHAPE_PROFILE phase=node_wall name=ffn_gate-40 a=blk.40.ffn_gate.weight at=q4_0 bt=f32 k=2560 m=10240 n=4 b2=1 b3=1 a2=1 a3=1 threads=8 calls=1 elapsed_us=707
GGML_CPU_SHAPE_PROFILE phase=repack_pack_thread name=ffn_gate-40 a=blk.40.ffn_gate.weight at=q4_0 bt=f32 k=2560 m=10240 n=4 b2=1 b3=1 a2=1 a3=1 threads=8 calls=8 elapsed_us=2
GGML_CPU_SHAPE_PROFILE phase=node_wall name=node_2012 a=blk.40.attn_output.weight at=q4_0 bt=f32 k=2048 m=2560 n=4 b2=1 b3=1 a2=1 a3=1 threads=8 calls=1 elapsed_us=154
GGML_CPU_SHAPE_PROFILE phase=generic_pack_thread name=kq-40 a=cache_k_l22 (view) (permuted) at=f16 bt=f32 k=256 m=768 n=4 b2=8 b3=1 a2=2 a3=1 threads=8 calls=8 elapsed_us=14
GGML_CPU_SHAPE_PROFILE phase=node_wall name=Qcur-40 a=blk.40.attn_q.weight at=q4_0 bt=f32 k=2560 m=2048 n=4 b2=1 b3=1 a2=1 a3=1 threads=8 calls=1 elapsed_us=146
GGML_CPU_SHAPE_PROFILE phase=repack_pack_thread name=Qcur-40 a=blk.40.attn_q.weight at=q4_0 bt=f32 k=2560 m=2048 n=4 b2=1 b3=1 a2=1 a3=1 threads=8 calls=8 elapsed_us=5
GGML_CPU_SHAPE_PROFILE phase=node_wall name=node_1989 a=blk.39.proj.weight at=q4_0 bt=f32 k=256 m=2560 n=4 b2=1 b3=1 a2=1 a3=1 threads=8 calls=1 elapsed_us=31
GGML_CPU_SHAPE_PROFILE phase=repack_pack_thread name=node_1945 a=blk.38.inp_gate.weight at=q4_0 bt=f32 k=2560 m=256 n=1 b2=1 b3=1 a2=1 a3=1 threads=8 calls=1016 elapsed_us=205
GGML_CPU_SHAPE_PROFILE phase=repack_pack_thread name=node_1989 a=blk.39.proj.weight at=q4_0 bt=f32 k=256 m=2560 n=4 b2=1 b3=1 a2=1 a3=1 threads=8 calls=8 elapsed_us=1
GGML_CPU_SHAPE_PROFILE phase=node_wall name=node_1985 a=blk.39.inp_gate.weight at=q4_0 bt=f32 k=2560 m=256 n=4 b2=1 b3=1 a2=1 a3=1 threads=8 calls=1 elapsed_us=37
GGML_CPU_SHAPE_PROFILE phase=node_wall name=ffn_out-39 a=blk.39.ffn_down.weight at=q4_0 bt=f32 k=10240 m=2560 n=4 b2=1 b3=1 a2=1 a3=1 threads=8 calls=1 elapsed_us=718
GGML_CPU_SHAPE_PROFILE phase=node_wall name=ffn_up-39 a=blk.39.ffn_up.weight at=q4_0 bt=f32 k=2560 m=10240 n=4 b2=1 b3=1 a2=1 a3=1 threads=8 calls=1 elapsed_us=683
GGML_CPU_SHAPE_PROFILE phase=repack_pack_thread name=ffn_up-39 a=blk.39.ffn_up.weight at=q4_0 bt=f32 k=2560 m=10240 n=4 b2=1 b3=1 a2=1 a3=1 threads=8 calls=8 elapsed_us=4
GGML_CPU_SHAPE_PROFILE phase=generic_pack_thread name=kqv-39 a=cache_v_l22 (view) (permuted) at=f16 bt=f32 k=768 m=256 n=4 b2=8 b3=1 a2=2 a3=1 threads=8 calls=8 elapsed_us=29
GGML_CPU_SHAPE_PROFILE phase=node_wall name=Vcur-5 a=blk.5.attn_v.weight at=q4_0 bt=f32 k=2560 m=1024 n=1 b2=1 b3=1 a2=1 a3=1 threads=8 calls=127 elapsed_us=5822
GGML_CPU_SHAPE_PROFILE phase=node_wall name=kq-39 a=cache_k_l22 (view) (permuted) at=f16 bt=f32 k=256 m=768 n=4 b2=8 b3=1 a2=2 a3=1 threads=8 calls=1 elapsed_us=263
GGML_CPU_SHAPE_PROFILE phase=node_wall name=Qcur-39 a=blk.39.attn_q.weight at=q4_0 bt=f32 k=2560 m=2048 n=4 b2=1 b3=1 a2=1 a3=1 threads=8 calls=1 elapsed_us=162
GGML_CPU_SHAPE_PROFILE phase=repack_pack_thread name=Qcur-39 a=blk.39.attn_q.weight at=q4_0 bt=f32 k=2560 m=2048 n=4 b2=1 b3=1 a2=1 a3=1 threads=8 calls=8 elapsed_us=5
GGML_CPU_SHAPE_PROFILE phase=repack_pack_thread name=node_1949 a=blk.38.proj.weight at=q4_0 bt=f32 k=256 m=2560 n=4 b2=1 b3=1 a2=1 a3=1 threads=8 calls=8 elapsed_us=0
GGML_CPU_SHAPE_PROFILE phase=repack_pack_thread name=ffn_out-38 a=blk.38.ffn_down.weight at=q4_0 bt=f32 k=10240 m=2560 n=4 b2=1 b3=1 a2=1 a3=1 threads=8 calls=8 elapsed_us=10
GGML_CPU_SHAPE_PROFILE phase=node_wall name=ffn_up-38 a=blk.38.ffn_up.weight at=q4_0 bt=f32 k=2560 m=10240 n=4 b2=1 b3=1 a2=1 a3=1 threads=8 calls=1 elapsed_us=700
GGML_CPU_SHAPE_PROFILE phase=node_wall name=ffn_gate-38 a=blk.38.ffn_gate.weight at=q4_0 bt=f32 k=2560 m=10240 n=4 b2=1 b3=1 a2=1 a3=1 threads=8 calls=1 elapsed_us=664
GGML_CPU_SHAPE_PROFILE phase=node_wall name=kqv-38 a=cache_v_l22 (view) (permuted) at=f16 bt=f32 k=768 m=256 n=4 b2=8 b3=1 a2=2 a3=1 threads=8 calls=1 elapsed_us=122
GGML_CPU_SHAPE_PROFILE phase=node_wall name=node_1972 a=blk.39.attn_output.weight at=q4_0 bt=f32 k=2048 m=2560 n=4 b2=1 b3=1 a2=1 a3=1 threads=8 calls=1 elapsed_us=149
GGML_CPU_SHAPE_PROFILE phase=node_wall name=kq-38 a=cache_k_l22 (view) (permuted) at=f16 bt=f32 k=256 m=768 n=4 b2=8 b3=1 a2=2 a3=1 threads=8 calls=1 elapsed_us=125
GGML_CPU_SHAPE_PROFILE phase=repack_pack_thread name=Qcur-38 a=blk.38.attn_q.weight at=q4_0 bt=f32 k=2560 m=2048 n=4 b2=1 b3=1 a2=1 a3=1 threads=8 calls=8 elapsed_us=4
GGML_CPU_SHAPE_PROFILE phase=node_wall name=node_1909 a=blk.37.proj.weight at=q4_0 bt=f32 k=256 m=2560 n=4 b2=1 b3=1 a2=1 a3=1 threads=8 calls=1 elapsed_us=35
GGML_CPU_SHAPE_PROFILE phase=repack_pack_thread name=node_1909 a=blk.37.proj.weight at=q4_0 bt=f32 k=256 m=2560 n=4 b2=1 b3=1 a2=1 a3=1 threads=8 calls=8 elapsed_us=0
GGML_CPU_SHAPE_PROFILE phase=node_wall name=node_1905 a=blk.37.inp_gate.weight at=q4_0 bt=f32 k=2560 m=256 n=4 b2=1 b3=1 a2=1 a3=1 threads=8 calls=1 elapsed_us=36
GGML_CPU_SHAPE_PROFILE phase=repack_pack_thread name=node_1905 a=blk.37.inp_gate.weight at=q4_0 bt=f32 k=2560 m=256 n=4 b2=1 b3=1 a2=1 a3=1 threads=8 calls=8 elapsed_us=3
GGML_CPU_SHAPE_PROFILE phase=node_wall name=ffn_out-37 a=blk.37.ffn_down.weight at=q4_0 bt=f32 k=10240 m=2560 n=4 b2=1 b3=1 a2=1 a3=1 threads=8 calls=1 elapsed_us=907
GGML_CPU_SHAPE_PROFILE phase=node_wall name=Qcur-32 a=blk.32.attn_q.weight at=q4_0 bt=f32 k=2560 m=2048 n=1 b2=1 b3=1 a2=1 a3=1 threads=8 calls=127 elapsed_us=9981
GGML_CPU_SHAPE_PROFILE phase=repack_pack_thread name=ffn_out-5 a=blk.5.ffn_down.weight at=q4_0 bt=f32 k=10240 m=2560 n=1 b2=1 b3=1 a2=1 a3=1 threads=8 calls=1016 elapsed_us=712
GGML_CPU_SHAPE_PROFILE phase=repack_pack_thread name=ffn_out-37 a=blk.37.ffn_down.weight at=q4_0 bt=f32 k=10240 m=2560 n=4 b2=1 b3=1 a2=1 a3=1 threads=8 calls=8 elapsed_us=10
GGML_CPU_SHAPE_PROFILE phase=repack_pack_thread name=ffn_up-37 a=blk.37.ffn_up.weight at=q4_0 bt=f32 k=2560 m=10240 n=4 b2=1 b3=1 a2=1 a3=1 threads=8 calls=8 elapsed_us=3
GGML_CPU_SHAPE_PROFILE phase=node_wall name=ffn_gate-37 a=blk.37.ffn_gate.weight at=q4_0 bt=f32 k=2560 m=10240 n=4 b2=1 b3=1 a2=1 a3=1 threads=8 calls=1 elapsed_us=663
GGML_CPU_SHAPE_PROFILE phase=node_wall name=node_1892 a=blk.37.attn_output.weight at=q4_0 bt=f32 k=2048 m=2560 n=4 b2=1 b3=1 a2=1 a3=1 threads=8 calls=1 elapsed_us=139
GGML_CPU_SHAPE_PROFILE phase=node_wall name=kqv-37 a=cache_v_l22 (view) (permuted) at=f16 bt=f32 k=768 m=256 n=4 b2=8 b3=1 a2=2 a3=1 threads=8 calls=1 elapsed_us=109
GGML_CPU_SHAPE_PROFILE phase=generic_pack_thread name=kqv-37 a=cache_v_l22 (view) (permuted) at=f16 bt=f32 k=768 m=256 n=4 b2=8 b3=1 a2=2 a3=1 threads=8 calls=8 elapsed_us=25
GGML_CPU_SHAPE_PROFILE phase=generic_pack_thread name=kq-37 a=cache_k_l22 (view) (permuted) at=f16 bt=f32 k=256 m=768 n=4 b2=8 b3=1 a2=2 a3=1 threads=8 calls=8 elapsed_us=22
GGML_CPU_SHAPE_PROFILE phase=node_wall name=node_512 a=blk.8.proj.weight at=q4_0 bt=f32 k=256 m=2560 n=1 b2=1 b3=1 a2=1 a3=1 threads=8 calls=127 elapsed_us=2885
GGML_CPU_SHAPE_PROFILE phase=repack_pack_thread name=Qcur-37 a=blk.37.attn_q.weight at=q4_0 bt=f32 k=2560 m=2048 n=4 b2=1 b3=1 a2=1 a3=1 threads=8 calls=8 elapsed_us=4
GGML_CPU_SHAPE_PROFILE phase=node_wall name=node_1869 a=blk.36.proj.weight at=q4_0 bt=f32 k=256 m=2560 n=4 b2=1 b3=1 a2=1 a3=1 threads=8 calls=1 elapsed_us=27
GGML_CPU_SHAPE_PROFILE phase=node_wall name=kqv-11 a=cache_v_l11 (view) (permuted) at=f16 bt=f32 k=65024 m=512 n=1 b2=8 b3=1 a2=2 a3=1 threads=8 calls=42 elapsed_us=336608
GGML_CPU_SHAPE_PROFILE phase=repack_pack_thread name=node_1865 a=blk.36.inp_gate.weight at=q4_0 bt=f32 k=2560 m=256 n=4 b2=1 b3=1 a2=1 a3=1 threads=8 calls=8 elapsed_us=3
GGML_CPU_SHAPE_PROFILE phase=repack_pack_thread name=ffn_up-36 a=blk.36.ffn_up.weight at=q4_0 bt=f32 k=2560 m=10240 n=4 b2=1 b3=1 a2=1 a3=1 threads=8 calls=8 elapsed_us=3
GGML_CPU_SHAPE_PROFILE phase=node_wall name=ffn_gate-19 a=blk.19.ffn_gate.weight at=q4_0 bt=f32 k=2560 m=10240 n=1 b2=1 b3=1 a2=1 a3=1 threads=8 calls=127 elapsed_us=40409
GGML_CPU_SHAPE_PROFILE phase=node_wall name=ffn_gate-36 a=blk.36.ffn_gate.weight at=q4_0 bt=f32 k=2560 m=10240 n=4 b2=1 b3=1 a2=1 a3=1 threads=8 calls=1 elapsed_us=722
GGML_CPU_SHAPE_PROFILE phase=node_wall name=node_1852 a=blk.36.attn_output.weight at=q4_0 bt=f32 k=2048 m=2560 n=4 b2=1 b3=1 a2=1 a3=1 threads=8 calls=1 elapsed_us=168
GGML_CPU_SHAPE_PROFILE phase=repack_pack_thread name=node_1852 a=blk.36.attn_output.weight at=q4_0 bt=f32 k=2048 m=2560 n=4 b2=1 b3=1 a2=1 a3=1 threads=8 calls=8 elapsed_us=5
GGML_CPU_SHAPE_PROFILE phase=generic_pack_thread name=kqv-36 a=cache_v_l22 (view) (permuted) at=f16 bt=f32 k=768 m=256 n=4 b2=8 b3=1 a2=2 a3=1 threads=8 calls=8 elapsed_us=31
GGML_CPU_SHAPE_PROFILE phase=generic_pack_thread name=kq-36 a=cache_k_l22 (view) (permuted) at=f16 bt=f32 k=256 m=768 n=4 b2=8 b3=1 a2=2 a3=1 threads=8 calls=8 elapsed_us=21
GGML_CPU_SHAPE_PROFILE phase=generic_pack_thread name=kqv-38 a=cache_v_l22 (view) (permuted) at=f16 bt=f32 k=768 m=256 n=4 b2=8 b3=1 a2=2 a3=1 threads=8 calls=8 elapsed_us=28
GGML_CPU_SHAPE_PROFILE phase=repack_pack_thread name=Qcur-36 a=blk.36.attn_q.weight at=q4_0 bt=f32 k=2560 m=2048 n=4 b2=1 b3=1 a2=1 a3=1 threads=8 calls=8 elapsed_us=3
GGML_CPU_SHAPE_PROFILE phase=node_wall name=node_1469 a=blk.26.proj.weight at=q4_0 bt=f32 k=256 m=2560 n=1 b2=1 b3=1 a2=1 a3=1 threads=8 calls=127 elapsed_us=2790
GGML_CPU_SHAPE_PROFILE phase=node_wall name=node_1825 a=blk.35.inp_gate.weight at=q4_0 bt=f32 k=2560 m=256 n=4 b2=1 b3=1 a2=1 a3=1 threads=8 calls=1 elapsed_us=29
GGML_CPU_SHAPE_PROFILE phase=repack_pack_thread name=node_1825 a=blk.35.inp_gate.weight at=q4_0 bt=f32 k=2560 m=256 n=4 b2=1 b3=1 a2=1 a3=1 threads=8 calls=8 elapsed_us=4
GGML_CPU_SHAPE_PROFILE phase=repack_pack_thread name=ffn_out-35 a=blk.35.ffn_down.weight at=q4_0 bt=f32 k=10240 m=2560 n=4 b2=1 b3=1 a2=1 a3=1 threads=8 calls=8 elapsed_us=13
GGML_CPU_SHAPE_PROFILE phase=node_wall name=node_1812 a=blk.35.attn_output.weight at=q4_0 bt=f32 k=4096 m=2560 n=4 b2=1 b3=1 a2=1 a3=1 threads=8 calls=1 elapsed_us=209
GGML_CPU_SHAPE_PROFILE phase=repack_pack_thread name=node_1812 a=blk.35.attn_output.weight at=q4_0 bt=f32 k=4096 m=2560 n=4 b2=1 b3=1 a2=1 a3=1 threads=8 calls=8 elapsed_us=5
GGML_CPU_SHAPE_PROFILE phase=node_wall name=kqv-35 a=cache_v_l23 (view) (permuted) at=f16 bt=f32 k=64768 m=512 n=4 b2=8 b3=1 a2=2 a3=1 threads=8 calls=1 elapsed_us=16753
GGML_CPU_SHAPE_PROFILE phase=node_wall name=kq-35 a=cache_k_l23 (view) (permuted) at=f16 bt=f32 k=512 m=64768 n=4 b2=8 b3=1 a2=2 a3=1 threads=8 calls=1 elapsed_us=19611
GGML_CPU_SHAPE_PROFILE phase=generic_pack_thread name=kq-35 a=cache_k_l23 (view) (permuted) at=f16 bt=f32 k=512 m=64768 n=4 b2=8 b3=1 a2=2 a3=1 threads=8 calls=8 elapsed_us=27
GGML_CPU_SHAPE_PROFILE phase=node_wall name=Qcur-35 a=blk.35.attn_q.weight at=q4_0 bt=f32 k=2560 m=4096 n=4 b2=1 b3=1 a2=1 a3=1 threads=8 calls=1 elapsed_us=216
GGML_CPU_SHAPE_PROFILE phase=repack_pack_thread name=Qcur-35 a=blk.35.attn_q.weight at=q4_0 bt=f32 k=2560 m=4096 n=4 b2=1 b3=1 a2=1 a3=1 threads=8 calls=8 elapsed_us=5
GGML_CPU_SHAPE_PROFILE phase=repack_pack_thread name=node_1789 a=blk.34.proj.weight at=q4_0 bt=f32 k=256 m=2560 n=4 b2=1 b3=1 a2=1 a3=1 threads=8 calls=8 elapsed_us=0
GGML_CPU_SHAPE_PROFILE phase=repack_pack_thread name=node_1785 a=blk.34.inp_gate.weight at=q4_0 bt=f32 k=2560 m=256 n=4 b2=1 b3=1 a2=1 a3=1 threads=8 calls=8 elapsed_us=4
GGML_CPU_SHAPE_PROFILE phase=node_wall name=ffn_out-34 a=blk.34.ffn_down.weight at=q4_0 bt=f32 k=10240 m=2560 n=4 b2=1 b3=1 a2=1 a3=1 threads=8 calls=1 elapsed_us=496
GGML_CPU_SHAPE_PROFILE phase=repack_pack_thread name=ffn_out-34 a=blk.34.ffn_down.weight at=q4_0 bt=f32 k=10240 m=2560 n=4 b2=1 b3=1 a2=1 a3=1 threads=8 calls=8 elapsed_us=17
GGML_CPU_SHAPE_PROFILE phase=node_wall name=ffn_up-34 a=blk.34.ffn_up.weight at=q4_0 bt=f32 k=2560 m=10240 n=4 b2=1 b3=1 a2=1 a3=1 threads=8 calls=1 elapsed_us=487
GGML_CPU_SHAPE_PROFILE phase=repack_pack_thread name=ffn_up-34 a=blk.34.ffn_up.weight at=q4_0 bt=f32 k=2560 m=10240 n=4 b2=1 b3=1 a2=1 a3=1 threads=8 calls=8 elapsed_us=2
GGML_CPU_SHAPE_PROFILE phase=node_wall name=ffn_gate-34 a=blk.34.ffn_gate.weight at=q4_0 bt=f32 k=2560 m=10240 n=4 b2=1 b3=1 a2=1 a3=1 threads=8 calls=1 elapsed_us=482
GGML_CPU_SHAPE_PROFILE phase=repack_pack_thread name=ffn_gate-34 a=blk.34.ffn_gate.weight at=q4_0 bt=f32 k=2560 m=10240 n=4 b2=1 b3=1 a2=1 a3=1 threads=8 calls=8 elapsed_us=3
GGML_CPU_SHAPE_PROFILE phase=node_wall name=node_1772 a=blk.34.attn_output.weight at=q4_0 bt=f32 k=2048 m=2560 n=4 b2=1 b3=1 a2=1 a3=1 threads=8 calls=1 elapsed_us=116
GGML_CPU_SHAPE_PROFILE phase=node_wall name=kqv-34 a=cache_v_l22 (view) (permuted) at=f16 bt=f32 k=768 m=256 n=4 b2=8 b3=1 a2=2 a3=1 threads=8 calls=1 elapsed_us=101
GGML_CPU_SHAPE_PROFILE phase=generic_pack_thread name=kqv-34 a=cache_v_l22 (view) (permuted) at=f16 bt=f32 k=768 m=256 n=4 b2=8 b3=1 a2=2 a3=1 threads=8 calls=8 elapsed_us=35
GGML_CPU_SHAPE_PROFILE phase=node_wall name=kq-34 a=cache_k_l22 (view) (permuted) at=f16 bt=f32 k=256 m=768 n=4 b2=8 b3=1 a2=2 a3=1 threads=8 calls=1 elapsed_us=112
GGML_CPU_SHAPE_PROFILE phase=repack_pack_thread name=Qcur-22 a=blk.22.attn_q.weight at=q4_0 bt=f32 k=2560 m=2048 n=1 b2=1 b3=1 a2=1 a3=1 threads=8 calls=1016 elapsed_us=193
GGML_CPU_SHAPE_PROFILE phase=generic_pack_thread name=kq-34 a=cache_k_l22 (view) (permuted) at=f16 bt=f32 k=256 m=768 n=4 b2=8 b3=1 a2=2 a3=1 threads=8 calls=8 elapsed_us=19
GGML_CPU_SHAPE_PROFILE phase=repack_pack_thread name=Qcur-34 a=blk.34.attn_q.weight at=q4_0 bt=f32 k=2560 m=2048 n=4 b2=1 b3=1 a2=1 a3=1 threads=8 calls=8 elapsed_us=4
GGML_CPU_SHAPE_PROFILE phase=node_wall name=ffn_gate-34 a=blk.34.ffn_gate.weight at=q4_0 bt=f32 k=2560 m=10240 n=1 b2=1 b3=1 a2=1 a3=1 threads=8 calls=127 elapsed_us=39956
GGML_CPU_SHAPE_PROFILE phase=repack_pack_thread name=node_1749 a=blk.33.proj.weight at=q4_0 bt=f32 k=256 m=2560 n=4 b2=1 b3=1 a2=1 a3=1 threads=8 calls=8 elapsed_us=0
GGML_CPU_SHAPE_PROFILE phase=node_wall name=node_1745 a=blk.33.inp_gate.weight at=q4_0 bt=f32 k=2560 m=256 n=4 b2=1 b3=1 a2=1 a3=1 threads=8 calls=1 elapsed_us=31
GGML_CPU_SHAPE_PROFILE phase=repack_pack_thread name=node_1745 a=blk.33.inp_gate.weight at=q4_0 bt=f32 k=2560 m=256 n=4 b2=1 b3=1 a2=1 a3=1 threads=8 calls=8 elapsed_us=3
GGML_CPU_SHAPE_PROFILE phase=repack_pack_thread name=ffn_out-33 a=blk.33.ffn_down.weight at=q4_0 bt=f32 k=10240 m=2560 n=4 b2=1 b3=1 a2=1 a3=1 threads=8 calls=8 elapsed_us=10
GGML_CPU_SHAPE_PROFILE phase=node_wall name=node_551 a=blk.9.attn_output.weight at=q4_0 bt=f32 k=2048 m=2560 n=1 b2=1 b3=1 a2=1 a3=1 threads=8 calls=127 elapsed_us=9645
GGML_CPU_SHAPE_PROFILE phase=node_wall name=ffn_up-33 a=blk.33.ffn_up.weight at=q4_0 bt=f32 k=2560 m=10240 n=4 b2=1 b3=1 a2=1 a3=1 threads=8 calls=1 elapsed_us=489
GGML_CPU_SHAPE_PROFILE phase=node_wall name=ffn_gate-33 a=blk.33.ffn_gate.weight at=q4_0 bt=f32 k=2560 m=10240 n=4 b2=1 b3=1 a2=1 a3=1 threads=8 calls=1 elapsed_us=601
GGML_CPU_SHAPE_PROFILE phase=repack_pack_thread name=ffn_gate-33 a=blk.33.ffn_gate.weight at=q4_0 bt=f32 k=2560 m=10240 n=4 b2=1 b3=1 a2=1 a3=1 threads=8 calls=8 elapsed_us=3
GGML_CPU_SHAPE_PROFILE phase=node_wall name=node_1732 a=blk.33.attn_output.weight at=q4_0 bt=f32 k=2048 m=2560 n=4 b2=1 b3=1 a2=1 a3=1 threads=8 calls=1 elapsed_us=108
GGML_CPU_SHAPE_PROFILE phase=repack_pack_thread name=node_1732 a=blk.33.attn_output.weight at=q4_0 bt=f32 k=2048 m=2560 n=4 b2=1 b3=1 a2=1 a3=1 threads=8 calls=8 elapsed_us=3
GGML_CPU_SHAPE_PROFILE phase=generic_pack_thread name=kq-33 a=cache_k_l22 (view) (permuted) at=f16 bt=f32 k=256 m=768 n=4 b2=8 b3=1 a2=2 a3=1 threads=8 calls=8 elapsed_us=13
GGML_CPU_SHAPE_PROFILE phase=generic_pack_thread name=kq-17 a=cache_k_l17 (view) (permuted) at=f16 bt=f32 k=512 m=65024 n=1 b2=8 b3=1 a2=2 a3=1 threads=8 calls=336 elapsed_us=199
GGML_CPU_SHAPE_PROFILE phase=node_wall name=node_1053 a=blk.18.attn_output.weight at=q4_0 bt=f32 k=2048 m=2560 n=1 b2=1 b3=1 a2=1 a3=1 threads=8 calls=127 elapsed_us=9814
GGML_CPU_SHAPE_PROFILE phase=node_wall name=Qcur-33 a=blk.33.attn_q.weight at=q4_0 bt=f32 k=2560 m=2048 n=4 b2=1 b3=1 a2=1 a3=1 threads=8 calls=1 elapsed_us=104
GGML_CPU_SHAPE_PROFILE phase=repack_pack_thread name=Qcur-33 a=blk.33.attn_q.weight at=q4_0 bt=f32 k=2560 m=2048 n=4 b2=1 b3=1 a2=1 a3=1 threads=8 calls=8 elapsed_us=4
GGML_CPU_SHAPE_PROFILE phase=node_wall name=node_1709 a=blk.32.proj.weight at=q4_0 bt=f32 k=256 m=2560 n=4 b2=1 b3=1 a2=1 a3=1 threads=8 calls=1 elapsed_us=32
GGML_CPU_SHAPE_PROFILE phase=repack_pack_thread name=node_1709 a=blk.32.proj.weight at=q4_0 bt=f32 k=256 m=2560 n=4 b2=1 b3=1 a2=1 a3=1 threads=8 calls=8 elapsed_us=0
GGML_CPU_SHAPE_PROFILE phase=repack_pack_thread name=node_1705 a=blk.32.inp_gate.weight at=q4_0 bt=f32 k=2560 m=256 n=4 b2=1 b3=1 a2=1 a3=1 threads=8 calls=8 elapsed_us=3
GGML_CPU_SHAPE_PROFILE phase=node_wall name=ffn_out-32 a=blk.32.ffn_down.weight at=q4_0 bt=f32 k=10240 m=2560 n=4 b2=1 b3=1 a2=1 a3=1 threads=8 calls=1 elapsed_us=495
GGML_CPU_SHAPE_PROFILE phase=repack_pack_thread name=ffn_out-32 a=blk.32.ffn_down.weight at=q4_0 bt=f32 k=10240 m=2560 n=4 b2=1 b3=1 a2=1 a3=1 threads=8 calls=8 elapsed_us=10
GGML_CPU_SHAPE_PROFILE phase=node_wall name=ffn_up-32 a=blk.32.ffn_up.weight at=q4_0 bt=f32 k=2560 m=10240 n=4 b2=1 b3=1 a2=1 a3=1 threads=8 calls=1 elapsed_us=468
GGML_CPU_SHAPE_PROFILE phase=repack_pack_thread name=ffn_up-32 a=blk.32.ffn_up.weight at=q4_0 bt=f32 k=2560 m=10240 n=4 b2=1 b3=1 a2=1 a3=1 threads=8 calls=8 elapsed_us=3
GGML_CPU_SHAPE_PROFILE phase=node_wall name=ffn_gate-32 a=blk.32.ffn_gate.weight at=q4_0 bt=f32 k=2560 m=10240 n=4 b2=1 b3=1 a2=1 a3=1 threads=8 calls=1 elapsed_us=1034
GGML_CPU_SHAPE_PROFILE phase=repack_pack_thread name=ffn_gate-32 a=blk.32.ffn_gate.weight at=q4_0 bt=f32 k=2560 m=10240 n=4 b2=1 b3=1 a2=1 a3=1 threads=8 calls=8 elapsed_us=3
GGML_CPU_SHAPE_PROFILE phase=node_wall name=node_1692 a=blk.32.attn_output.weight at=q4_0 bt=f32 k=2048 m=2560 n=4 b2=1 b3=1 a2=1 a3=1 threads=8 calls=1 elapsed_us=102
GGML_CPU_SHAPE_PROFILE phase=repack_pack_thread name=Kcur-22 a=blk.22.attn_k.weight at=q4_0 bt=f32 k=2560 m=512 n=1 b2=1 b3=1 a2=1 a3=1 threads=8 calls=1016 elapsed_us=206
GGML_CPU_SHAPE_PROFILE phase=node_wall name=ffn_gate-7 a=blk.7.ffn_gate.weight at=q4_0 bt=f32 k=2560 m=10240 n=1 b2=1 b3=1 a2=1 a3=1 threads=8 calls=127 elapsed_us=40635
GGML_CPU_SHAPE_PROFILE phase=repack_pack_thread name=node_1692 a=blk.32.attn_output.weight at=q4_0 bt=f32 k=2048 m=2560 n=4 b2=1 b3=1 a2=1 a3=1 threads=8 calls=8 elapsed_us=2
GGML_CPU_SHAPE_PROFILE phase=repack_pack_thread name=Qcur-18 a=blk.18.attn_q.weight at=q4_0 bt=f32 k=2560 m=2048 n=1 b2=1 b3=1 a2=1 a3=1 threads=8 calls=1016 elapsed_us=207
GGML_CPU_SHAPE_PROFILE phase=node_wall name=kqv-32 a=cache_v_l22 (view) (permuted) at=f16 bt=f32 k=768 m=256 n=4 b2=8 b3=1 a2=2 a3=1 threads=8 calls=1 elapsed_us=102
GGML_CPU_SHAPE_PROFILE phase=generic_pack_thread name=kqv-32 a=cache_v_l22 (view) (permuted) at=f16 bt=f32 k=768 m=256 n=4 b2=8 b3=1 a2=2 a3=1 threads=8 calls=8 elapsed_us=36
GGML_CPU_SHAPE_PROFILE phase=node_wall name=kq-32 a=cache_k_l22 (view) (permuted) at=f16 bt=f32 k=256 m=768 n=4 b2=8 b3=1 a2=2 a3=1 threads=8 calls=1 elapsed_us=108
GGML_CPU_SHAPE_PROFILE phase=node_wall name=node_1412 a=blk.25.attn_output.weight at=q4_0 bt=f32 k=2048 m=2560 n=1 b2=1 b3=1 a2=1 a3=1 threads=8 calls=127 elapsed_us=9617
GGML_CPU_SHAPE_PROFILE phase=generic_pack_thread name=kq-32 a=cache_k_l22 (view) (permuted) at=f16 bt=f32 k=256 m=768 n=4 b2=8 b3=1 a2=2 a3=1 threads=8 calls=8 elapsed_us=14
GGML_CPU_SHAPE_PROFILE phase=node_wall name=Qcur-32 a=blk.32.attn_q.weight at=q4_0 bt=f32 k=2560 m=2048 n=4 b2=1 b3=1 a2=1 a3=1 threads=8 calls=1 elapsed_us=103
GGML_CPU_SHAPE_PROFILE phase=node_wall name=node_1669 a=blk.31.proj.weight at=q4_0 bt=f32 k=256 m=2560 n=4 b2=1 b3=1 a2=1 a3=1 threads=8 calls=1 elapsed_us=330
GGML_CPU_SHAPE_PROFILE phase=repack_pack_thread name=node_1669 a=blk.31.proj.weight at=q4_0 bt=f32 k=256 m=2560 n=4 b2=1 b3=1 a2=1 a3=1 threads=8 calls=8 elapsed_us=1
GGML_CPU_SHAPE_PROFILE phase=node_wall name=node_1665 a=blk.31.inp_gate.weight at=q4_0 bt=f32 k=2560 m=256 n=4 b2=1 b3=1 a2=1 a3=1 threads=8 calls=1 elapsed_us=26
GGML_CPU_SHAPE_PROFILE phase=repack_pack_thread name=node_1665 a=blk.31.inp_gate.weight at=q4_0 bt=f32 k=2560 m=256 n=4 b2=1 b3=1 a2=1 a3=1 threads=8 calls=8 elapsed_us=2
GGML_CPU_SHAPE_PROFILE phase=node_wall name=ffn_out-31 a=blk.31.ffn_down.weight at=q4_0 bt=f32 k=10240 m=2560 n=4 b2=1 b3=1 a2=1 a3=1 threads=8 calls=1 elapsed_us=452
GGML_CPU_SHAPE_PROFILE phase=repack_pack_thread name=ffn_out-31 a=blk.31.ffn_down.weight at=q4_0 bt=f32 k=10240 m=2560 n=4 b2=1 b3=1 a2=1 a3=1 threads=8 calls=8 elapsed_us=9
GGML_CPU_SHAPE_PROFILE phase=node_wall name=ffn_up-31 a=blk.31.ffn_up.weight at=q4_0 bt=f32 k=2560 m=10240 n=4 b2=1 b3=1 a2=1 a3=1 threads=8 calls=1 elapsed_us=440
GGML_CPU_SHAPE_PROFILE phase=repack_pack_thread name=ffn_up-31 a=blk.31.ffn_up.weight at=q4_0 bt=f32 k=2560 m=10240 n=4 b2=1 b3=1 a2=1 a3=1 threads=8 calls=8 elapsed_us=2
GGML_CPU_SHAPE_PROFILE phase=node_wall name=ffn_gate-31 a=blk.31.ffn_gate.weight at=q4_0 bt=f32 k=2560 m=10240 n=4 b2=1 b3=1 a2=1 a3=1 threads=8 calls=1 elapsed_us=443
GGML_CPU_SHAPE_PROFILE phase=repack_pack_thread name=node_1652 a=blk.31.attn_output.weight at=q4_0 bt=f32 k=2048 m=2560 n=4 b2=1 b3=1 a2=1 a3=1 threads=8 calls=8 elapsed_us=2
GGML_CPU_SHAPE_PROFILE phase=node_wall name=kqv-31 a=cache_v_l22 (view) (permuted) at=f16 bt=f32 k=768 m=256 n=4 b2=8 b3=1 a2=2 a3=1 threads=8 calls=1 elapsed_us=92
GGML_CPU_SHAPE_PROFILE phase=node_wall name=kq-31 a=cache_k_l22 (view) (permuted) at=f16 bt=f32 k=256 m=768 n=4 b2=8 b3=1 a2=2 a3=1 threads=8 calls=1 elapsed_us=109
GGML_CPU_SHAPE_PROFILE phase=generic_pack_thread name=kq-31 a=cache_k_l22 (view) (permuted) at=f16 bt=f32 k=256 m=768 n=4 b2=8 b3=1 a2=2 a3=1 threads=8 calls=8 elapsed_us=14
GGML_CPU_SHAPE_PROFILE phase=node_wall name=node_2025 a=blk.40.inp_gate.weight at=q4_0 bt=f32 k=2560 m=256 n=4 b2=1 b3=1 a2=1 a3=1 threads=8 calls=1 elapsed_us=40
GGML_CPU_SHAPE_PROFILE phase=node_wall name=Qcur-31 a=blk.31.attn_q.weight at=q4_0 bt=f32 k=2560 m=2048 n=4 b2=1 b3=1 a2=1 a3=1 threads=8 calls=1 elapsed_us=101
GGML_CPU_SHAPE_PROFILE phase=repack_pack_thread name=Qcur-31 a=blk.31.attn_q.weight at=q4_0 bt=f32 k=2560 m=2048 n=4 b2=1 b3=1 a2=1 a3=1 threads=8 calls=8 elapsed_us=3
GGML_CPU_SHAPE_PROFILE phase=node_wall name=node_1629 a=blk.30.proj.weight at=q4_0 bt=f32 k=256 m=2560 n=4 b2=1 b3=1 a2=1 a3=1 threads=8 calls=1 elapsed_us=36
GGML_CPU_SHAPE_PROFILE phase=node_wall name=ffn_out-30 a=blk.30.ffn_down.weight at=q4_0 bt=f32 k=10240 m=2560 n=4 b2=1 b3=1 a2=1 a3=1 threads=8 calls=1 elapsed_us=454
GGML_CPU_SHAPE_PROFILE phase=repack_pack_thread name=ffn_out-30 a=blk.30.ffn_down.weight at=q4_0 bt=f32 k=10240 m=2560 n=4 b2=1 b3=1 a2=1 a3=1 threads=8 calls=8 elapsed_us=9
GGML_CPU_SHAPE_PROFILE phase=node_wall name=ffn_out-33 a=blk.33.ffn_down.weight at=q4_0 bt=f32 k=10240 m=2560 n=4 b2=1 b3=1 a2=1 a3=1 threads=8 calls=1 elapsed_us=475
GGML_CPU_SHAPE_PROFILE phase=node_wall name=ffn_up-30 a=blk.30.ffn_up.weight at=q4_0 bt=f32 k=2560 m=10240 n=4 b2=1 b3=1 a2=1 a3=1 threads=8 calls=1 elapsed_us=443
GGML_CPU_SHAPE_PROFILE phase=repack_pack_thread name=ffn_up-30 a=blk.30.ffn_up.weight at=q4_0 bt=f32 k=2560 m=10240 n=4 b2=1 b3=1 a2=1 a3=1 threads=8 calls=8 elapsed_us=2
GGML_CPU_SHAPE_PROFILE phase=repack_pack_thread name=ffn_gate-30 a=blk.30.ffn_gate.weight at=q4_0 bt=f32 k=2560 m=10240 n=4 b2=1 b3=1 a2=1 a3=1 threads=8 calls=8 elapsed_us=2
GGML_CPU_SHAPE_PROFILE phase=node_wall name=Qcur-15 a=blk.15.attn_q.weight at=q4_0 bt=f32 k=2560 m=2048 n=1 b2=1 b3=1 a2=1 a3=1 threads=8 calls=127 elapsed_us=9530
GGML_CPU_SHAPE_PROFILE phase=node_wall name=Vcur-11 a=blk.11.attn_v.weight at=q4_0 bt=f32 k=2560 m=1024 n=21 b2=1 b3=1 a2=1 a3=1 threads=16 calls=1 elapsed_us=2061
GGML_CPU_SHAPE_PROFILE phase=node_wall name=Kcur-18 a=blk.18.attn_k.weight at=q4_0 bt=f32 k=2560 m=512 n=1 b2=1 b3=1 a2=1 a3=1 threads=8 calls=127 elapsed_us=3748
GGML_CPU_SHAPE_PROFILE phase=node_wall name=kq-37 a=cache_k_l22 (view) (permuted) at=f16 bt=f32 k=256 m=256 n=2 b2=8 b3=1 a2=2 a3=1 threads=8 calls=1 elapsed_us=43
GGML_CPU_SHAPE_PROFILE phase=node_wall name=Qcur-36 a=blk.36.attn_q.weight at=q4_0 bt=f32 k=2560 m=2048 n=4 b2=1 b3=1 a2=1 a3=1 threads=8 calls=1 elapsed_us=67439
GGML_CPU_SHAPE_PROFILE phase=node_wall name=ffn_gate-39 a=blk.39.ffn_gate.weight at=q4_0 bt=f32 k=2560 m=10240 n=2 b2=1 b3=1 a2=1 a3=1 threads=8 calls=1 elapsed_us=482
GGML_CPU_SHAPE_PROFILE phase=node_wall name=ffn_up-10 a=blk.10.ffn_up.weight at=q4_0 bt=f32 k=2560 m=10240 n=21 b2=1 b3=1 a2=1 a3=1 threads=16 calls=1 elapsed_us=5778
GGML_CPU_SHAPE_PROFILE phase=repack_pack_thread name=ffn_up-10 a=blk.10.ffn_up.weight at=q4_0 bt=f32 k=2560 m=10240 n=21 b2=1 b3=1 a2=1 a3=1 threads=16 calls=16 elapsed_us=34
GGML_CPU_SHAPE_PROFILE phase=node_wall name=node_607 a=blk.10.attn_output.weight at=q4_0 bt=f32 k=2048 m=2560 n=21 b2=1 b3=1 a2=1 a3=1 threads=16 calls=1 elapsed_us=756
GGML_CPU_SHAPE_PROFILE phase=node_wall name=ffn_gate-20 a=blk.20.ffn_gate.weight at=q4_0 bt=f32 k=2560 m=10240 n=21 b2=1 b3=1 a2=1 a3=1 threads=16 calls=1 elapsed_us=1628
GGML_CPU_SHAPE_PROFILE phase=node_wall name=ffn_gate-14 a=blk.14.ffn_gate.weight at=q4_0 bt=f32 k=2560 m=10240 n=4 b2=1 b3=1 a2=1 a3=1 threads=8 calls=1 elapsed_us=689
GGML_CPU_SHAPE_PROFILE phase=generic_pack_thread name=kqv-5 a=cache_v_l5 (view) (permuted) at=f16 bt=f32 k=64768 m=512 n=4 b2=8 b3=1 a2=2 a3=1 threads=8 calls=8 elapsed_us=1050
GGML_CPU_SHAPE_PROFILE phase=node_wall name=kq-10 a=cache_k_l10 (view) (permuted) at=f16 bt=f32 k=256 m=768 n=21 b2=8 b3=1 a2=2 a3=1 threads=16 calls=1 elapsed_us=1468
GGML_CPU_SHAPE_PROFILE phase=node_wall name=Kcur-10 a=blk.10.attn_k.weight at=q4_0 bt=f32 k=2560 m=512 n=21 b2=1 b3=1 a2=1 a3=1 threads=16 calls=1 elapsed_us=340
GGML_CPU_SHAPE_PROFILE phase=node_wall name=Kcur-21 a=blk.21.attn_k.weight at=q4_0 bt=f32 k=2560 m=512 n=2 b2=1 b3=1 a2=1 a3=1 threads=8 calls=1 elapsed_us=38
GGML_CPU_SHAPE_PROFILE phase=node_wall name=Qcur-10 a=blk.10.attn_q.weight at=q4_0 bt=f32 k=2560 m=2048 n=21 b2=1 b3=1 a2=1 a3=1 threads=16 calls=1 elapsed_us=786
GGML_CPU_SHAPE_PROFILE phase=node_wall name=node_564 a=blk.9.inp_gate.weight at=q4_0 bt=f32 k=2560 m=256 n=21 b2=1 b3=1 a2=1 a3=1 threads=16 calls=1 elapsed_us=274
GGML_CPU_SHAPE_PROFILE phase=node_wall name=ffn_out-9 a=blk.9.ffn_down.weight at=q4_0 bt=f32 k=10240 m=2560 n=21 b2=1 b3=1 a2=1 a3=1 threads=16 calls=1 elapsed_us=2465
GGML_CPU_SHAPE_PROFILE phase=node_wall name=ffn_gate-9 a=blk.9.ffn_gate.weight at=q4_0 bt=f32 k=2560 m=10240 n=21 b2=1 b3=1 a2=1 a3=1 threads=16 calls=1 elapsed_us=2904
GGML_CPU_SHAPE_PROFILE phase=repack_pack_thread name=Qcur-9 a=blk.9.attn_q.weight at=q4_0 bt=f32 k=2560 m=2048 n=21 b2=1 b3=1 a2=1 a3=1 threads=16 calls=16 elapsed_us=49
GGML_CPU_SHAPE_PROFILE phase=node_wall name=node_1385 a=blk.24.inp_gate.weight at=q4_0 bt=f32 k=2560 m=256 n=1 b2=1 b3=1 a2=1 a3=1 threads=8 calls=127 elapsed_us=3158
GGML_CPU_SHAPE_PROFILE phase=repack_pack_thread name=node_508 a=blk.8.inp_gate.weight at=q4_0 bt=f32 k=2560 m=256 n=21 b2=1 b3=1 a2=1 a3=1 threads=16 calls=16 elapsed_us=33
GGML_CPU_SHAPE_PROFILE phase=node_wall name=ffn_out-30 a=blk.30.ffn_down.weight at=q4_0 bt=f32 k=10240 m=2560 n=21 b2=1 b3=1 a2=1 a3=1 threads=16 calls=1 elapsed_us=2443
GGML_CPU_SHAPE_PROFILE phase=repack_pack_thread name=ffn_gate-8 a=blk.8.ffn_gate.weight at=q4_0 bt=f32 k=2560 m=10240 n=21 b2=1 b3=1 a2=1 a3=1 threads=16 calls=16 elapsed_us=35
GGML_CPU_SHAPE_PROFILE phase=node_wall name=kqv-35 a=cache_v_l23 (view) (permuted) at=f16 bt=f32 k=65024 m=512 n=1 b2=8 b3=1 a2=2 a3=1 threads=8 calls=42 elapsed_us=342953
GGML_CPU_SHAPE_PROFILE phase=node_wall name=ffn_up-18 a=blk.18.ffn_up.weight at=q4_0 bt=f32 k=2560 m=10240 n=1 b2=1 b3=1 a2=1 a3=1 threads=8 calls=127 elapsed_us=40279
GGML_CPU_SHAPE_PROFILE phase=node_wall name=node_1290 a=blk.22.inp_gate.weight at=q4_0 bt=f32 k=2560 m=256 n=21 b2=1 b3=1 a2=1 a3=1 threads=16 calls=1 elapsed_us=86
GGML_CPU_SHAPE_PROFILE phase=repack_pack_thread name=Qcur-18 a=blk.18.attn_q.weight at=q4_0 bt=f32 k=2560 m=2048 n=4 b2=1 b3=1 a2=1 a3=1 threads=8 calls=8 elapsed_us=4
GGML_CPU_SHAPE_PROFILE phase=node_wall name=kqv-8 a=cache_v_l8 (view) (permuted) at=f16 bt=f32 k=768 m=256 n=21 b2=8 b3=1 a2=2 a3=1 threads=16 calls=1 elapsed_us=1701
GGML_CPU_SHAPE_PROFILE phase=node_wall name=kq-10 a=cache_k_l10 (view) (permuted) at=f16 bt=f32 k=256 m=768 n=4 b2=8 b3=1 a2=2 a3=1 threads=8 calls=1 elapsed_us=134
GGML_CPU_SHAPE_PROFILE phase=node_wall name=ffn_out-0 a=blk.0.ffn_down.weight at=q4_0 bt=f32 k=10240 m=2560 n=21 b2=1 b3=1 a2=1 a3=1 threads=16 calls=1 elapsed_us=2329
GGML_CPU_SHAPE_PROFILE phase=node_wall name=node_1234 a=blk.21.inp_gate.weight at=q4_0 bt=f32 k=2560 m=256 n=4 b2=1 b3=1 a2=1 a3=1 threads=8 calls=1 elapsed_us=30
GGML_CPU_SHAPE_PROFILE phase=generic_pack_thread name=kq-8 a=cache_k_l8 (view) (permuted) at=f16 bt=f32 k=256 m=768 n=21 b2=8 b3=1 a2=2 a3=1 threads=16 calls=16 elapsed_us=205
GGML_CPU_SHAPE_PROFILE phase=node_wall name=Vcur-22 a=blk.22.attn_v.weight at=q4_0 bt=f32 k=2560 m=512 n=1 b2=1 b3=1 a2=1 a3=1 threads=8 calls=127 elapsed_us=3684
GGML_CPU_SHAPE_PROFILE phase=node_wall name=Vcur-8 a=blk.8.attn_v.weight at=q4_0 bt=f32 k=2560 m=512 n=21 b2=1 b3=1 a2=1 a3=1 threads=16 calls=1 elapsed_us=212
GGML_CPU_SHAPE_PROFILE phase=node_wall name=ffn_up-41 a=blk.41.ffn_up.weight at=q4_0 bt=f32 k=2560 m=10240 n=1 b2=1 b3=1 a2=1 a3=1 threads=8 calls=127 elapsed_us=41379
GGML_CPU_SHAPE_PROFILE phase=repack_pack_thread name=ffn_out-36 a=blk.36.ffn_down.weight at=q4_0 bt=f32 k=10240 m=2560 n=2 b2=1 b3=1 a2=1 a3=1 threads=8 calls=8 elapsed_us=12
GGML_CPU_SHAPE_PROFILE phase=repack_pack_thread name=Qcur-20 a=blk.20.attn_q.weight at=q4_0 bt=f32 k=2560 m=2048 n=1 b2=1 b3=1 a2=1 a3=1 threads=8 calls=1016 elapsed_us=199
GGML_CPU_SHAPE_PROFILE phase=repack_pack_thread name=ffn_up-28 a=blk.28.ffn_up.weight at=q4_0 bt=f32 k=2560 m=10240 n=21 b2=1 b3=1 a2=1 a3=1 threads=16 calls=16 elapsed_us=29
GGML_CPU_SHAPE_PROFILE phase=node_wall name=node_1469 a=blk.26.proj.weight at=q4_0 bt=f32 k=256 m=2560 n=4 b2=1 b3=1 a2=1 a3=1 threads=8 calls=1 elapsed_us=27
GGML_CPU_SHAPE_PROFILE phase=node_wall name=ffn_up-8 a=blk.8.ffn_up.weight at=q4_0 bt=f32 k=2560 m=10240 n=21 b2=1 b3=1 a2=1 a3=1 threads=16 calls=1 elapsed_us=3554
GGML_CPU_SHAPE_PROFILE phase=repack_pack_thread name=node_886 a=blk.15.attn_output.weight at=q4_0 bt=f32 k=2048 m=2560 n=21 b2=1 b3=1 a2=1 a3=1 threads=16 calls=16 elapsed_us=26
GGML_CPU_SHAPE_PROFILE phase=repack_pack_thread name=ffn_up-27 a=blk.27.ffn_up.weight at=q4_0 bt=f32 k=2560 m=10240 n=1 b2=1 b3=1 a2=1 a3=1 threads=8 calls=1016 elapsed_us=221
GGML_CPU_SHAPE_PROFILE phase=node_wall name=node_508 a=blk.8.inp_gate.weight at=q4_0 bt=f32 k=2560 m=256 n=21 b2=1 b3=1 a2=1 a3=1 threads=16 calls=1 elapsed_us=272
GGML_CPU_SHAPE_PROFILE phase=repack_pack_thread name=ffn_out-7 a=blk.7.ffn_down.weight at=q4_0 bt=f32 k=10240 m=2560 n=21 b2=1 b3=1 a2=1 a3=1 threads=16 calls=16 elapsed_us=112
GGML_CPU_SHAPE_PROFILE phase=repack_pack_thread name=ffn_up-2 a=blk.2.ffn_up.weight at=q4_0 bt=f32 k=2560 m=10240 n=4 b2=1 b3=1 a2=1 a3=1 threads=8 calls=8 elapsed_us=3
GGML_CPU_SHAPE_PROFILE phase=repack_pack_thread name=ffn_up-7 a=blk.7.ffn_up.weight at=q4_0 bt=f32 k=2560 m=10240 n=21 b2=1 b3=1 a2=1 a3=1 threads=16 calls=16 elapsed_us=32
GGML_CPU_SHAPE_PROFILE phase=generic_pack_thread name=kqv-20 a=cache_v_l20 (view) (permuted) at=f16 bt=f32 k=768 m=256 n=1 b2=8 b3=1 a2=2 a3=1 threads=8 calls=1016 elapsed_us=1812
GGML_CPU_SHAPE_PROFILE phase=node_wall name=ffn_up-18 a=blk.18.ffn_up.weight at=q4_0 bt=f32 k=2560 m=10240 n=2 b2=1 b3=1 a2=1 a3=1 threads=8 calls=1 elapsed_us=474
GGML_CPU_SHAPE_PROFILE phase=repack_pack_thread name=ffn_gate-7 a=blk.7.ffn_gate.weight at=q4_0 bt=f32 k=2560 m=10240 n=21 b2=1 b3=1 a2=1 a3=1 threads=16 calls=16 elapsed_us=29
GGML_CPU_SHAPE_PROFILE phase=node_wall name=node_400 a=blk.6.proj.weight at=q4_0 bt=f32 k=256 m=2560 n=21 b2=1 b3=1 a2=1 a3=1 threads=16 calls=1 elapsed_us=292
GGML_CPU_SHAPE_PROFILE phase=node_wall name=kq-27 a=cache_k_l22 (view) (permuted) at=f16 bt=f32 k=256 m=768 n=1 b2=8 b3=1 a2=2 a3=1 threads=8 calls=127 elapsed_us=6495
GGML_CPU_SHAPE_PROFILE phase=node_wall name=ffn_up-11 a=blk.11.ffn_up.weight at=q4_0 bt=f32 k=2560 m=10240 n=4 b2=1 b3=1 a2=1 a3=1 threads=8 calls=1 elapsed_us=684
GGML_CPU_SHAPE_PROFILE phase=repack_pack_thread name=node_400 a=blk.6.proj.weight at=q4_0 bt=f32 k=256 m=2560 n=21 b2=1 b3=1 a2=1 a3=1 threads=16 calls=16 elapsed_us=6
GGML_CPU_SHAPE_PROFILE phase=node_wall name=Vcur-6 a=blk.6.attn_v.weight at=q4_0 bt=f32 k=2560 m=512 n=21 b2=1 b3=1 a2=1 a3=1 threads=16 calls=1 elapsed_us=245
GGML_CPU_SHAPE_PROFILE phase=repack_pack_thread name=ffn_up-9 a=blk.9.ffn_up.weight at=q4_0 bt=f32 k=2560 m=10240 n=21 b2=1 b3=1 a2=1 a3=1 threads=16 calls=16 elapsed_us=40
GGML_CPU_SHAPE_PROFILE phase=repack_pack_thread name=ffn_out-26 a=blk.26.ffn_down.weight at=q4_0 bt=f32 k=10240 m=2560 n=2 b2=1 b3=1 a2=1 a3=1 threads=8 calls=8 elapsed_us=12
GGML_CPU_SHAPE_PROFILE phase=repack_pack_thread name=node_886 a=blk.15.attn_output.weight at=q4_0 bt=f32 k=2048 m=2560 n=2 b2=1 b3=1 a2=1 a3=1 threads=8 calls=8 elapsed_us=3
GGML_CPU_SHAPE_PROFILE phase=repack_pack_thread name=ffn_gate-1 a=blk.1.ffn_gate.weight at=q4_0 bt=f32 k=2560 m=10240 n=1 b2=1 b3=1 a2=1 a3=1 threads=8 calls=1016 elapsed_us=196
GGML_CPU_SHAPE_PROFILE phase=node_wall name=node_718 a=blk.12.attn_output.weight at=q4_0 bt=f32 k=2048 m=2560 n=21 b2=1 b3=1 a2=1 a3=1 threads=16 calls=1 elapsed_us=551
GGML_CPU_SHAPE_PROFILE phase=node_wall name=Kcur-6 a=blk.6.attn_k.weight at=q4_0 bt=f32 k=2560 m=512 n=21 b2=1 b3=1 a2=1 a3=1 threads=16 calls=1 elapsed_us=253
GGML_CPU_SHAPE_PROFILE phase=repack_pack_thread name=node_564 a=blk.9.inp_gate.weight at=q4_0 bt=f32 k=2560 m=256 n=21 b2=1 b3=1 a2=1 a3=1 threads=16 calls=16 elapsed_us=44
GGML_CPU_SHAPE_PROFILE phase=repack_pack_thread name=ffn_out-22 a=blk.22.ffn_down.weight at=q4_0 bt=f32 k=10240 m=2560 n=21 b2=1 b3=1 a2=1 a3=1 threads=16 calls=16 elapsed_us=112
GGML_CPU_SHAPE_PROFILE phase=repack_pack_thread name=Kcur-6 a=blk.6.attn_k.weight at=q4_0 bt=f32 k=2560 m=512 n=21 b2=1 b3=1 a2=1 a3=1 threads=16 calls=16 elapsed_us=23
GGML_CPU_SHAPE_PROFILE phase=node_wall name=node_886 a=blk.15.attn_output.weight at=q4_0 bt=f32 k=2048 m=2560 n=4 b2=1 b3=1 a2=1 a3=1 threads=8 calls=1 elapsed_us=149
GGML_CPU_SHAPE_PROFILE phase=repack_pack_thread name=ffn_up-8 a=blk.8.ffn_up.weight at=q4_0 bt=f32 k=2560 m=10240 n=21 b2=1 b3=1 a2=1 a3=1 threads=16 calls=16 elapsed_us=42
GGML_CPU_SHAPE_PROFILE phase=node_wall name=node_1612 a=blk.30.attn_output.weight at=q4_0 bt=f32 k=2048 m=2560 n=2 b2=1 b3=1 a2=1 a3=1 threads=8 calls=1 elapsed_us=108
GGML_CPU_SHAPE_PROFILE phase=repack_pack_thread name=node_344 a=blk.5.proj.weight at=q4_0 bt=f32 k=256 m=2560 n=21 b2=1 b3=1 a2=1 a3=1 threads=16 calls=16 elapsed_us=4
GGML_CPU_SHAPE_PROFILE phase=node_wall name=Kcur-0 a=blk.0.attn_k.weight at=q4_0 bt=f32 k=2560 m=512 n=21 b2=1 b3=1 a2=1 a3=1 threads=16 calls=1 elapsed_us=329
GGML_CPU_SHAPE_PROFILE phase=repack_pack_thread name=node_899 a=blk.15.inp_gate.weight at=q4_0 bt=f32 k=2560 m=256 n=2 b2=1 b3=1 a2=1 a3=1 threads=8 calls=8 elapsed_us=3
GGML_CPU_SHAPE_PROFILE phase=node_wall name=ffn_up-5 a=blk.5.ffn_up.weight at=q4_0 bt=f32 k=2560 m=10240 n=21 b2=1 b3=1 a2=1 a3=1 threads=16 calls=1 elapsed_us=3479
GGML_CPU_SHAPE_PROFILE phase=repack_pack_thread name=Vcur-5 a=blk.5.attn_v.weight at=q4_0 bt=f32 k=2560 m=1024 n=21 b2=1 b3=1 a2=1 a3=1 threads=16 calls=16 elapsed_us=28
GGML_CPU_SHAPE_PROFILE phase=node_wall name=Kcur-5 a=blk.5.attn_k.weight at=q4_0 bt=f32 k=2560 m=1024 n=21 b2=1 b3=1 a2=1 a3=1 threads=16 calls=1 elapsed_us=188
GGML_CPU_SHAPE_PROFILE phase=repack_pack_thread name=node_1126 a=blk.19.proj.weight at=q4_0 bt=f32 k=256 m=2560 n=4 b2=1 b3=1 a2=1 a3=1 threads=8 calls=8 elapsed_us=0
GGML_CPU_SHAPE_PROFILE phase=node_wall name=node_1749 a=blk.33.proj.weight at=q4_0 bt=f32 k=256 m=2560 n=2 b2=1 b3=1 a2=1 a3=1 threads=8 calls=1 elapsed_us=33
GGML_CPU_SHAPE_PROFILE phase=node_wall name=Qcur-5 a=blk.5.attn_q.weight at=q4_0 bt=f32 k=2560 m=4096 n=21 b2=1 b3=1 a2=1 a3=1 threads=16 calls=1 elapsed_us=676
GGML_CPU_SHAPE_PROFILE phase=repack_pack_thread name=Qcur-5 a=blk.5.attn_q.weight at=q4_0 bt=f32 k=2560 m=4096 n=21 b2=1 b3=1 a2=1 a3=1 threads=16 calls=16 elapsed_us=26
GGML_CPU_SHAPE_PROFILE phase=node_wall name=node_289 a=blk.4.proj.weight at=q4_0 bt=f32 k=256 m=2560 n=21 b2=1 b3=1 a2=1 a3=1 threads=16 calls=1 elapsed_us=69
GGML_CPU_SHAPE_PROFILE phase=repack_pack_thread name=node_272 a=blk.4.attn_output.weight at=q4_0 bt=f32 k=2048 m=2560 n=2 b2=1 b3=1 a2=1 a3=1 threads=8 calls=8 elapsed_us=3
GGML_CPU_SHAPE_PROFILE phase=repack_pack_thread name=Qcur-17 a=blk.17.attn_q.weight at=q4_0 bt=f32 k=2560 m=4096 n=2 b2=1 b3=1 a2=1 a3=1 threads=8 calls=8 elapsed_us=3
GGML_CPU_SHAPE_PROFILE phase=repack_pack_thread name=Qcur-27 a=blk.27.attn_q.weight at=q4_0 bt=f32 k=2560 m=2048 n=4 b2=1 b3=1 a2=1 a3=1 threads=8 calls=8 elapsed_us=2
GGML_CPU_SHAPE_PROFILE phase=repack_pack_thread name=node_774 a=blk.13.attn_output.weight at=q4_0 bt=f32 k=2048 m=2560 n=21 b2=1 b3=1 a2=1 a3=1 threads=16 calls=16 elapsed_us=32
GGML_CPU_SHAPE_PROFILE phase=repack_pack_thread name=node_272 a=blk.4.attn_output.weight at=q4_0 bt=f32 k=2048 m=2560 n=21 b2=1 b3=1 a2=1 a3=1 threads=16 calls=16 elapsed_us=31
GGML_CPU_SHAPE_PROFILE phase=repack_pack_thread name=node_495 a=blk.8.attn_output.weight at=q4_0 bt=f32 k=2048 m=2560 n=4 b2=1 b3=1 a2=1 a3=1 threads=8 calls=8 elapsed_us=2
GGML_CPU_SHAPE_PROFILE phase=node_wall name=kq-4 a=cache_k_l4 (view) (permuted) at=f16 bt=f32 k=256 m=768 n=21 b2=8 b3=1 a2=2 a3=1 threads=16 calls=1 elapsed_us=997
GGML_CPU_SHAPE_PROFILE phase=generic_pack_thread name=kqv-23 a=cache_v_l23 (view) (permuted) at=f16 bt=f32 k=65024 m=512 n=1 b2=8 b3=1 a2=2 a3=1 threads=8 calls=336 elapsed_us=11643
GGML_CPU_SHAPE_PROFILE phase=node_wall name=Kcur-4 a=blk.4.attn_k.weight at=q4_0 bt=f32 k=2560 m=512 n=21 b2=1 b3=1 a2=1 a3=1 threads=16 calls=1 elapsed_us=262
GGML_CPU_SHAPE_PROFILE phase=repack_pack_thread name=Kcur-4 a=blk.4.attn_k.weight at=q4_0 bt=f32 k=2560 m=512 n=21 b2=1 b3=1 a2=1 a3=1 threads=16 calls=16 elapsed_us=25
GGML_CPU_SHAPE_PROFILE phase=node_wall name=node_233 a=blk.3.proj.weight at=q4_0 bt=f32 k=256 m=2560 n=21 b2=1 b3=1 a2=1 a3=1 threads=16 calls=1 elapsed_us=904
GGML_CPU_SHAPE_PROFILE phase=repack_pack_thread name=node_233 a=blk.3.proj.weight at=q4_0 bt=f32 k=256 m=2560 n=21 b2=1 b3=1 a2=1 a3=1 threads=16 calls=16 elapsed_us=3
GGML_CPU_SHAPE_PROFILE phase=repack_pack_thread name=ffn_out-3 a=blk.3.ffn_down.weight at=q4_0 bt=f32 k=10240 m=2560 n=21 b2=1 b3=1 a2=1 a3=1 threads=16 calls=16 elapsed_us=118
GGML_CPU_SHAPE_PROFILE phase=node_wall name=ffn_gate-3 a=blk.3.ffn_gate.weight at=q4_0 bt=f32 k=2560 m=10240 n=21 b2=1 b3=1 a2=1 a3=1 threads=16 calls=1 elapsed_us=1637
GGML_CPU_SHAPE_PROFILE phase=node_wall name=kqv-4 a=cache_v_l4 (view) (permuted) at=f16 bt=f32 k=768 m=256 n=21 b2=8 b3=1 a2=2 a3=1 threads=16 calls=1 elapsed_us=424
GGML_CPU_SHAPE_PROFILE phase=repack_pack_thread name=ffn_gate-35 a=blk.35.ffn_gate.weight at=q4_0 bt=f32 k=2560 m=10240 n=1 b2=1 b3=1 a2=1 a3=1 threads=8 calls=1016 elapsed_us=207
GGML_CPU_SHAPE_PROFILE phase=repack_pack_thread name=node_39 a=blk.0.attn_output.weight at=q4_0 bt=f32 k=2048 m=2560 n=4 b2=1 b3=1 a2=1 a3=1 threads=8 calls=8 elapsed_us=3
GGML_CPU_SHAPE_PROFILE phase=node_wall name=ffn_out-1 a=blk.1.ffn_down.weight at=q4_0 bt=f32 k=10240 m=2560 n=4 b2=1 b3=1 a2=1 a3=1 threads=8 calls=1 elapsed_us=724
GGML_CPU_SHAPE_PROFILE phase=generic_pack_thread name=kqv-29 a=cache_v_l23 (view) (permuted) at=f16 bt=f32 k=65024 m=512 n=1 b2=8 b3=1 a2=2 a3=1 threads=8 calls=336 elapsed_us=11173
GGML_CPU_SHAPE_PROFILE phase=node_wall name=kqv-3 a=cache_v_l3 (view) (permuted) at=f16 bt=f32 k=768 m=256 n=21 b2=8 b3=1 a2=2 a3=1 threads=16 calls=1 elapsed_us=1066
GGML_CPU_SHAPE_PROFILE phase=repack_pack_thread name=ffn_gate-6 a=blk.6.ffn_gate.weight at=q4_0 bt=f32 k=2560 m=10240 n=2 b2=1 b3=1 a2=1 a3=1 threads=8 calls=8 elapsed_us=5
GGML_CPU_SHAPE_PROFILE phase=repack_pack_thread name=node_1749 a=blk.33.proj.weight at=q4_0 bt=f32 k=256 m=2560 n=2 b2=1 b3=1 a2=1 a3=1 threads=8 calls=8 elapsed_us=1
GGML_CPU_SHAPE_PROFILE phase=repack_pack_thread name=node_1869 a=blk.36.proj.weight at=q4_0 bt=f32 k=256 m=2560 n=4 b2=1 b3=1 a2=1 a3=1 threads=8 calls=8 elapsed_us=1
GGML_CPU_SHAPE_PROFILE phase=node_wall name=node_1665 a=blk.31.inp_gate.weight at=q4_0 bt=f32 k=2560 m=256 n=21 b2=1 b3=1 a2=1 a3=1 threads=16 calls=1 elapsed_us=190
GGML_CPU_SHAPE_PROFILE phase=node_wall name=ffn_gate-11 a=blk.11.ffn_gate.weight at=q4_0 bt=f32 k=2560 m=10240 n=1 b2=1 b3=1 a2=1 a3=1 threads=8 calls=127 elapsed_us=41240
GGML_CPU_SHAPE_PROFILE phase=node_wall name=ffn_out-8 a=blk.8.ffn_down.weight at=q4_0 bt=f32 k=10240 m=2560 n=21 b2=1 b3=1 a2=1 a3=1 threads=16 calls=1 elapsed_us=2459
GGML_CPU_SHAPE_PROFILE phase=generic_pack_thread name=kq-41 a=cache_k_l23 (view) (permuted) at=f16 bt=f32 k=512 m=256 n=2 b2=8 b3=1 a2=2 a3=1 threads=8 calls=8 elapsed_us=9
GGML_CPU_SHAPE_PROFILE phase=node_wall name=node_1932 a=blk.38.attn_output.weight at=q4_0 bt=f32 k=2048 m=2560 n=4 b2=1 b3=1 a2=1 a3=1 threads=8 calls=1 elapsed_us=149
GGML_CPU_SHAPE_PROFILE phase=repack_pack_thread name=ffn_gate-2 a=blk.2.ffn_gate.weight at=q4_0 bt=f32 k=2560 m=10240 n=2 b2=1 b3=1 a2=1 a3=1 threads=8 calls=8 elapsed_us=2
GGML_CPU_SHAPE_PROFILE phase=repack_pack_thread name=Kcur-3 a=blk.3.attn_k.weight at=q4_0 bt=f32 k=2560 m=512 n=21 b2=1 b3=1 a2=1 a3=1 threads=16 calls=16 elapsed_us=27
GGML_CPU_SHAPE_PROFILE phase=generic_pack_thread name=kq-35 a=cache_k_l23 (view) (permuted) at=f16 bt=f32 k=512 m=64768 n=1 b2=8 b3=1 a2=2 a3=1 threads=8 calls=680 elapsed_us=544
GGML_CPU_SHAPE_PROFILE phase=node_wall name=kq-8 a=cache_k_l8 (view) (permuted) at=f16 bt=f32 k=256 m=768 n=21 b2=8 b3=1 a2=2 a3=1 threads=16 calls=1 elapsed_us=895
GGML_CPU_SHAPE_PROFILE phase=node_wall name=Qcur-3 a=blk.3.attn_q.weight at=q4_0 bt=f32 k=2560 m=2048 n=21 b2=1 b3=1 a2=1 a3=1 threads=16 calls=1 elapsed_us=645
GGML_CPU_SHAPE_PROFILE phase=node_wall name=node_177 a=blk.2.proj.weight at=q4_0 bt=f32 k=256 m=2560 n=21 b2=1 b3=1 a2=1 a3=1 threads=16 calls=1 elapsed_us=148
GGML_CPU_SHAPE_PROFILE phase=node_wall name=node_340 a=blk.5.inp_gate.weight at=q4_0 bt=f32 k=2560 m=256 n=2 b2=1 b3=1 a2=1 a3=1 threads=8 calls=1 elapsed_us=34
GGML_CPU_SHAPE_PROFILE phase=node_wall name=ffn_out-2 a=blk.2.ffn_down.weight at=q4_0 bt=f32 k=10240 m=2560 n=21 b2=1 b3=1 a2=1 a3=1 threads=16 calls=1 elapsed_us=2246
GGML_CPU_SHAPE_PROFILE phase=node_wall name=ffn_out-7 a=blk.7.ffn_down.weight at=q4_0 bt=f32 k=10240 m=2560 n=2 b2=1 b3=1 a2=1 a3=1 threads=8 calls=1 elapsed_us=496
GGML_CPU_SHAPE_PROFILE phase=node_wall name=kqv-2 a=cache_v_l2 (view) (permuted) at=f16 bt=f32 k=768 m=256 n=21 b2=8 b3=1 a2=2 a3=1 threads=16 calls=1 elapsed_us=396
GGML_CPU_SHAPE_PROFILE phase=repack_pack_thread name=Kcur-14 a=blk.14.attn_k.weight at=q4_0 bt=f32 k=2560 m=512 n=1 b2=1 b3=1 a2=1 a3=1 threads=8 calls=1016 elapsed_us=182
GGML_CPU_SHAPE_PROFILE phase=node_wall name=node_1652 a=blk.31.attn_output.weight at=q4_0 bt=f32 k=2048 m=2560 n=2 b2=1 b3=1 a2=1 a3=1 threads=8 calls=1 elapsed_us=106
GGML_CPU_SHAPE_PROFILE phase=repack_pack_thread name=node_121 a=blk.1.proj.weight at=q4_0 bt=f32 k=256 m=2560 n=21 b2=1 b3=1 a2=1 a3=1 threads=16 calls=16 elapsed_us=4
GGML_CPU_SHAPE_PROFILE phase=generic_pack_thread name=kq-25 a=cache_k_l22 (view) (permuted) at=f16 bt=f32 k=256 m=256 n=2 b2=8 b3=1 a2=2 a3=1 threads=8 calls=8 elapsed_us=9
GGML_CPU_SHAPE_PROFILE phase=repack_pack_thread name=node_117 a=blk.1.inp_gate.weight at=q4_0 bt=f32 k=2560 m=256 n=21 b2=1 b3=1 a2=1 a3=1 threads=16 calls=16 elapsed_us=26
GGML_CPU_SHAPE_PROFILE phase=repack_pack_thread name=node_1932 a=blk.38.attn_output.weight at=q4_0 bt=f32 k=2048 m=2560 n=1 b2=1 b3=1 a2=1 a3=1 threads=8 calls=1016 elapsed_us=184
GGML_CPU_SHAPE_PROFILE phase=node_wall name=node_607 a=blk.10.attn_output.weight at=q4_0 bt=f32 k=2048 m=2560 n=2 b2=1 b3=1 a2=1 a3=1 threads=8 calls=1 elapsed_us=105
GGML_CPU_SHAPE_PROFILE phase=generic_pack_thread name=kqv-37 a=cache_v_l22 (view) (permuted) at=f16 bt=f32 k=768 m=256 n=1 b2=8 b3=1 a2=2 a3=1 threads=8 calls=1016 elapsed_us=1851
GGML_CPU_SHAPE_PROFILE phase=node_wall name=node_662 a=blk.11.attn_output.weight at=q4_0 bt=f32 k=4096 m=2560 n=4 b2=1 b3=1 a2=1 a3=1 threads=8 calls=1 elapsed_us=323
GGML_CPU_SHAPE_PROFILE phase=node_wall name=node_1865 a=blk.36.inp_gate.weight at=q4_0 bt=f32 k=2560 m=256 n=21 b2=1 b3=1 a2=1 a3=1 threads=16 calls=1 elapsed_us=198
GGML_CPU_SHAPE_PROFILE phase=node_wall name=ffn_up-1 a=blk.1.ffn_up.weight at=q4_0 bt=f32 k=2560 m=10240 n=21 b2=1 b3=1 a2=1 a3=1 threads=16 calls=1 elapsed_us=2253
GGML_CPU_SHAPE_PROFILE phase=repack_pack_thread name=node_1972 a=blk.39.attn_output.weight at=q4_0 bt=f32 k=2048 m=2560 n=4 b2=1 b3=1 a2=1 a3=1 threads=8 calls=8 elapsed_us=3
GGML_CPU_SHAPE_PROFILE phase=repack_pack_thread name=node_2052 a=blk.41.attn_output.weight at=q4_0 bt=f32 k=4096 m=2560 n=2 b2=1 b3=1 a2=1 a3=1 threads=8 calls=8 elapsed_us=6
GGML_CPU_SHAPE_PROFILE phase=node_wall name=ffn_gate-1 a=blk.1.ffn_gate.weight at=q4_0 bt=f32 k=2560 m=10240 n=21 b2=1 b3=1 a2=1 a3=1 threads=16 calls=1 elapsed_us=1650
GGML_CPU_SHAPE_PROFILE phase=node_wall name=Qcur-37 a=blk.37.attn_q.weight at=q4_0 bt=f32 k=2560 m=2048 n=4 b2=1 b3=1 a2=1 a3=1 threads=8 calls=1 elapsed_us=135
GGML_CPU_SHAPE_PROFILE phase=repack_pack_thread name=node_289 a=blk.4.proj.weight at=q4_0 bt=f32 k=256 m=2560 n=21 b2=1 b3=1 a2=1 a3=1 threads=16 calls=16 elapsed_us=4
GGML_CPU_SHAPE_PROFILE phase=node_wall name=node_1122 a=blk.19.inp_gate.weight at=q4_0 bt=f32 k=2560 m=256 n=2 b2=1 b3=1 a2=1 a3=1 threads=8 calls=1 elapsed_us=27
GGML_CPU_SHAPE_PROFILE phase=repack_pack_thread name=ffn_gate-1 a=blk.1.ffn_gate.weight at=q4_0 bt=f32 k=2560 m=10240 n=21 b2=1 b3=1 a2=1 a3=1 threads=16 calls=16 elapsed_us=26
GGML_CPU_SHAPE_PROFILE phase=repack_pack_thread name=node_1372 a=blk.24.attn_output.weight at=q4_0 bt=f32 k=2048 m=2560 n=1 b2=1 b3=1 a2=1 a3=1 threads=8 calls=1016 elapsed_us=171
GGML_CPU_SHAPE_PROFILE phase=node_wall name=ffn_gate-7 a=blk.7.ffn_gate.weight at=q4_0 bt=f32 k=2560 m=10240 n=21 b2=1 b3=1 a2=1 a3=1 threads=16 calls=1 elapsed_us=2336
GGML_CPU_SHAPE_PROFILE phase=node_wall name=ffn_up-40 a=blk.40.ffn_up.weight at=q4_0 bt=f32 k=2560 m=10240 n=21 b2=1 b3=1 a2=1 a3=1 threads=16 calls=1 elapsed_us=1688
GGML_CPU_SHAPE_PROFILE phase=repack_pack_thread name=node_1692 a=blk.32.attn_output.weight at=q4_0 bt=f32 k=2048 m=2560 n=1 b2=1 b3=1 a2=1 a3=1 threads=8 calls=1016 elapsed_us=178
GGML_CPU_SHAPE_PROFILE phase=node_wall name=kqv-2 a=cache_v_l2 (view) (permuted) at=f16 bt=f32 k=768 m=256 n=4 b2=8 b3=1 a2=2 a3=1 threads=8 calls=1 elapsed_us=128
GGML_CPU_SHAPE_PROFILE phase=node_wall name=node_65 a=blk.0.proj.weight at=q4_0 bt=f32 k=256 m=2560 n=21 b2=1 b3=1 a2=1 a3=1 threads=16 calls=1 elapsed_us=389
GGML_CPU_SHAPE_PROFILE phase=node_wall name=node_495 a=blk.8.attn_output.weight at=q4_0 bt=f32 k=2048 m=2560 n=21 b2=1 b3=1 a2=1 a3=1 threads=16 calls=1 elapsed_us=667
GGML_CPU_SHAPE_PROFILE phase=repack_pack_thread name=Qcur-14 a=blk.14.attn_q.weight at=q4_0 bt=f32 k=2560 m=2048 n=2 b2=1 b3=1 a2=1 a3=1 threads=8 calls=8 elapsed_us=2
GGML_CPU_SHAPE_PROFILE phase=node_wall name=node_787 a=blk.13.inp_gate.weight at=q4_0 bt=f32 k=2560 m=256 n=4 b2=1 b3=1 a2=1 a3=1 threads=8 calls=1 elapsed_us=39
GGML_CPU_SHAPE_PROFILE phase=generic_pack_thread name=node_54 a=per_layer_model_proj.weight at=f16 bt=f32 k=2560 m=10752 n=21 b2=1 b3=1 a2=1 a3=1 threads=16 calls=16 elapsed_us=66
GGML_CPU_SHAPE_PROFILE phase=repack_pack_thread name=node_1238 a=blk.21.proj.weight at=q4_0 bt=f32 k=256 m=2560 n=1 b2=1 b3=1 a2=1 a3=1 threads=8 calls=1016 elapsed_us=44
GGML_CPU_SHAPE_PROFILE phase=node_wall name=node_52 a=blk.0.inp_gate.weight at=q4_0 bt=f32 k=2560 m=256 n=21 b2=1 b3=1 a2=1 a3=1 threads=16 calls=1 elapsed_us=272
GGML_CPU_SHAPE_PROFILE phase=repack_pack_thread name=ffn_out-29 a=blk.29.ffn_down.weight at=q4_0 bt=f32 k=10240 m=2560 n=21 b2=1 b3=1 a2=1 a3=1 threads=16 calls=16 elapsed_us=107
GGML_CPU_SHAPE_PROFILE phase=repack_pack_thread name=ffn_out-0 a=blk.0.ffn_down.weight at=q4_0 bt=f32 k=10240 m=2560 n=21 b2=1 b3=1 a2=1 a3=1 threads=16 calls=16 elapsed_us=102
GGML_CPU_SHAPE_PROFILE phase=node_wall name=ffn_up-0 a=blk.0.ffn_up.weight at=q4_0 bt=f32 k=2560 m=10240 n=21 b2=1 b3=1 a2=1 a3=1 threads=16 calls=1 elapsed_us=2298
GGML_CPU_SHAPE_PROFILE phase=generic_pack_thread name=kqv-10 a=cache_v_l10 (view) (permuted) at=f16 bt=f32 k=256 m=256 n=2 b2=8 b3=1 a2=2 a3=1 threads=8 calls=8 elapsed_us=6
GGML_CPU_SHAPE_PROFILE phase=repack_pack_thread name=node_1532 a=blk.28.attn_output.weight at=q4_0 bt=f32 k=2048 m=2560 n=21 b2=1 b3=1 a2=1 a3=1 threads=16 calls=16 elapsed_us=29
GGML_CPU_SHAPE_PROFILE phase=node_wall name=ffn_up-12 a=blk.12.ffn_up.weight at=q4_0 bt=f32 k=2560 m=10240 n=1 b2=1 b3=1 a2=1 a3=1 threads=8 calls=127 elapsed_us=40517
GGML_CPU_SHAPE_PROFILE phase=node_wall name=kqv-9 a=cache_v_l9 (view) (permuted) at=f16 bt=f32 k=768 m=256 n=21 b2=8 b3=1 a2=2 a3=1 threads=16 calls=1 elapsed_us=1260
GGML_CPU_SHAPE_PROFILE phase=repack_pack_thread name=ffn_up-0 a=blk.0.ffn_up.weight at=q4_0 bt=f32 k=2560 m=10240 n=21 b2=1 b3=1 a2=1 a3=1 threads=16 calls=16 elapsed_us=23
GGML_CPU_SHAPE_PROFILE phase=generic_pack_thread name=kq-7 a=cache_k_l7 (view) (permuted) at=f16 bt=f32 k=256 m=768 n=1 b2=8 b3=1 a2=2 a3=1 threads=8 calls=1016 elapsed_us=472
GGML_CPU_SHAPE_PROFILE phase=repack_pack_thread name=node_942 a=blk.16.attn_output.weight at=q4_0 bt=f32 k=2048 m=2560 n=21 b2=1 b3=1 a2=1 a3=1 threads=16 calls=16 elapsed_us=32
GGML_CPU_SHAPE_PROFILE phase=node_wall name=kq-1 a=cache_k_l1 (view) (permuted) at=f16 bt=f32 k=256 m=768 n=4 b2=8 b3=1 a2=2 a3=1 threads=8 calls=1 elapsed_us=130
GGML_CPU_SHAPE_PROFILE phase=node_wall name=kqv-0 a=cache_v_l0 (view) (permuted) at=f16 bt=f32 k=768 m=256 n=21 b2=8 b3=1 a2=2 a3=1 threads=16 calls=1 elapsed_us=1963
GGML_CPU_SHAPE_PROFILE phase=repack_pack_thread name=Vcur-23 a=blk.23.attn_v.weight at=q4_0 bt=f32 k=2560 m=1024 n=21 b2=1 b3=1 a2=1 a3=1 threads=16 calls=16 elapsed_us=24
GGML_CPU_SHAPE_PROFILE phase=node_wall name=node_1709 a=blk.32.proj.weight at=q4_0 bt=f32 k=256 m=2560 n=2 b2=1 b3=1 a2=1 a3=1 threads=8 calls=1 elapsed_us=24
GGML_CPU_SHAPE_PROFILE phase=repack_pack_thread name=ffn_out-9 a=blk.9.ffn_down.weight at=q4_0 bt=f32 k=10240 m=2560 n=4 b2=1 b3=1 a2=1 a3=1 threads=8 calls=8 elapsed_us=10
GGML_CPU_SHAPE_PROFILE phase=repack_pack_thread name=Vcur-0 a=blk.0.attn_v.weight at=q4_0 bt=f32 k=2560 m=512 n=21 b2=1 b3=1 a2=1 a3=1 threads=16 calls=16 elapsed_us=42
GGML_CPU_SHAPE_PROFILE phase=repack_pack_thread name=Kcur-22 a=blk.22.attn_k.weight at=q4_0 bt=f32 k=2560 m=512 n=2 b2=1 b3=1 a2=1 a3=1 threads=8 calls=8 elapsed_us=3
GGML_CPU_SHAPE_PROFILE phase=repack_pack_thread name=Vcur-8 a=blk.8.attn_v.weight at=q4_0 bt=f32 k=2560 m=512 n=4 b2=1 b3=1 a2=1 a3=1 threads=8 calls=8 elapsed_us=3
GGML_CPU_SHAPE_PROFILE phase=repack_pack_thread name=ffn_out-41 a=blk.41.ffn_down.weight at=q4_0 bt=f32 k=10240 m=2560 n=2 b2=1 b3=1 a2=1 a3=1 threads=8 calls=8 elapsed_us=13
GGML_CPU_SHAPE_PROFILE phase=repack_pack_thread name=ffn_gate-41 a=blk.41.ffn_gate.weight at=q4_0 bt=f32 k=2560 m=10240 n=2 b2=1 b3=1 a2=1 a3=1 threads=8 calls=8 elapsed_us=4
GGML_CPU_SHAPE_PROFILE phase=node_wall name=node_1829 a=blk.35.proj.weight at=q4_0 bt=f32 k=256 m=2560 n=1 b2=1 b3=1 a2=1 a3=1 threads=8 calls=127 elapsed_us=2956
GGML_CPU_SHAPE_PROFILE phase=generic_pack_thread name=kqv-41 a=cache_v_l23 (view) (permuted) at=f16 bt=f32 k=256 m=512 n=2 b2=8 b3=1 a2=2 a3=1 threads=8 calls=8 elapsed_us=5
GGML_CPU_SHAPE_PROFILE phase=repack_pack_thread name=Qcur-41 a=blk.41.attn_q.weight at=q4_0 bt=f32 k=2560 m=4096 n=2 b2=1 b3=1 a2=1 a3=1 threads=8 calls=8 elapsed_us=5
GGML_CPU_SHAPE_PROFILE phase=repack_pack_thread name=node_1053 a=blk.18.attn_output.weight at=q4_0 bt=f32 k=2048 m=2560 n=1 b2=1 b3=1 a2=1 a3=1 threads=8 calls=1016 elapsed_us=181
GGML_CPU_SHAPE_PROFILE phase=repack_pack_thread name=ffn_up-3 a=blk.3.ffn_up.weight at=q4_0 bt=f32 k=2560 m=10240 n=2 b2=1 b3=1 a2=1 a3=1 threads=8 calls=8 elapsed_us=5
GGML_CPU_SHAPE_PROFILE phase=repack_pack_thread name=ffn_out-34 a=blk.34.ffn_down.weight at=q4_0 bt=f32 k=10240 m=2560 n=1 b2=1 b3=1 a2=1 a3=1 threads=8 calls=1016 elapsed_us=730
GGML_CPU_SHAPE_PROFILE phase=node_wall name=node_2025 a=blk.40.inp_gate.weight at=q4_0 bt=f32 k=2560 m=256 n=2 b2=1 b3=1 a2=1 a3=1 threads=8 calls=1 elapsed_us=304
GGML_CPU_SHAPE_PROFILE phase=repack_pack_thread name=ffn_gate-26 a=blk.26.ffn_gate.weight at=q4_0 bt=f32 k=2560 m=10240 n=4 b2=1 b3=1 a2=1 a3=1 threads=8 calls=8 elapsed_us=3
GGML_CPU_SHAPE_PROFILE phase=repack_pack_thread name=ffn_out-40 a=blk.40.ffn_down.weight at=q4_0 bt=f32 k=10240 m=2560 n=2 b2=1 b3=1 a2=1 a3=1 threads=8 calls=8 elapsed_us=12
GGML_CPU_SHAPE_PROFILE phase=repack_pack_thread name=node_39 a=blk.0.attn_output.weight at=q4_0 bt=f32 k=2048 m=2560 n=21 b2=1 b3=1 a2=1 a3=1 threads=16 calls=16 elapsed_us=25
GGML_CPU_SHAPE_PROFILE phase=node_wall name=node_2077 a=token_embd.weight at=q6_K bt=f32 k=2560 m=262144 n=1 b2=1 b3=1 a2=1 a3=1 threads=8 calls=129 elapsed_us=1475895
GGML_CPU_SHAPE_PROFILE phase=node_wall name=ffn_gate-41 a=blk.41.ffn_gate.weight at=q4_0 bt=f32 k=2560 m=10240 n=2 b2=1 b3=1 a2=1 a3=1 threads=8 calls=1 elapsed_us=511
GGML_CPU_SHAPE_PROFILE phase=node_wall name=ffn_out-30 a=blk.30.ffn_down.weight at=q4_0 bt=f32 k=10240 m=2560 n=2 b2=1 b3=1 a2=1 a3=1 threads=8 calls=1 elapsed_us=499
GGML_CPU_SHAPE_PROFILE phase=repack_pack_thread name=ffn_gate-40 a=blk.40.ffn_gate.weight at=q4_0 bt=f32 k=2560 m=10240 n=2 b2=1 b3=1 a2=1 a3=1 threads=8 calls=8 elapsed_us=2
GGML_CPU_SHAPE_PROFILE phase=node_wall name=kq-40 a=cache_k_l22 (view) (permuted) at=f16 bt=f32 k=256 m=256 n=2 b2=8 b3=1 a2=2 a3=1 threads=8 calls=1 elapsed_us=45
GGML_CPU_SHAPE_PROFILE phase=node_wall name=kq-27 a=cache_k_l22 (view) (permuted) at=f16 bt=f32 k=256 m=256 n=2 b2=8 b3=1 a2=2 a3=1 threads=8 calls=1 elapsed_us=38
GGML_CPU_SHAPE_PROFILE phase=node_wall name=kq-32 a=cache_k_l22 (view) (permuted) at=f16 bt=f32 k=256 m=768 n=1 b2=8 b3=1 a2=2 a3=1 threads=8 calls=127 elapsed_us=6147
GGML_CPU_SHAPE_PROFILE phase=node_wall name=kq-12 a=cache_k_l12 (view) (permuted) at=f16 bt=f32 k=256 m=768 n=21 b2=8 b3=1 a2=2 a3=1 threads=16 calls=1 elapsed_us=1098
GGML_CPU_SHAPE_PROFILE phase=node_wall name=Qcur-40 a=blk.40.attn_q.weight at=q4_0 bt=f32 k=2560 m=2048 n=2 b2=1 b3=1 a2=1 a3=1 threads=8 calls=1 elapsed_us=107
GGML_CPU_SHAPE_PROFILE phase=node_wall name=ffn_up-35 a=blk.35.ffn_up.weight at=q4_0 bt=f32 k=2560 m=10240 n=21 b2=1 b3=1 a2=1 a3=1 threads=16 calls=1 elapsed_us=2343
GGML_CPU_SHAPE_PROFILE phase=node_wall name=kq-7 a=cache_k_l7 (view) (permuted) at=f16 bt=f32 k=256 m=768 n=21 b2=8 b3=1 a2=2 a3=1 threads=16 calls=1 elapsed_us=1081
GGML_CPU_SHAPE_PROFILE phase=repack_pack_thread name=ffn_out-14 a=blk.14.ffn_down.weight at=q4_0 bt=f32 k=10240 m=2560 n=21 b2=1 b3=1 a2=1 a3=1 threads=16 calls=16 elapsed_us=148
GGML_CPU_SHAPE_PROFILE phase=node_wall name=kq-2 a=cache_k_l2 (view) (permuted) at=f16 bt=f32 k=256 m=768 n=21 b2=8 b3=1 a2=2 a3=1 threads=16 calls=1 elapsed_us=281
GGML_CPU_SHAPE_PROFILE phase=repack_pack_thread name=node_1852 a=blk.36.attn_output.weight at=q4_0 bt=f32 k=2048 m=2560 n=2 b2=1 b3=1 a2=1 a3=1 threads=8 calls=8 elapsed_us=3
GGML_CPU_SHAPE_PROFILE phase=repack_pack_thread name=Qcur-12 a=blk.12.attn_q.weight at=q4_0 bt=f32 k=2560 m=2048 n=21 b2=1 b3=1 a2=1 a3=1 threads=16 calls=16 elapsed_us=33
GGML_CPU_SHAPE_PROFILE phase=node_wall name=ffn_out-26 a=blk.26.ffn_down.weight at=q4_0 bt=f32 k=10240 m=2560 n=4 b2=1 b3=1 a2=1 a3=1 threads=8 calls=1 elapsed_us=461
GGML_CPU_SHAPE_PROFILE phase=node_wall name=node_1985 a=blk.39.inp_gate.weight at=q4_0 bt=f32 k=2560 m=256 n=2 b2=1 b3=1 a2=1 a3=1 threads=8 calls=1 elapsed_us=32
GGML_CPU_SHAPE_PROFILE phase=repack_pack_thread name=node_1789 a=blk.34.proj.weight at=q4_0 bt=f32 k=256 m=2560 n=21 b2=1 b3=1 a2=1 a3=1 threads=16 calls=16 elapsed_us=4
GGML_CPU_SHAPE_PROFILE phase=node_wall name=node_1789 a=blk.34.proj.weight at=q4_0 bt=f32 k=256 m=2560 n=4 b2=1 b3=1 a2=1 a3=1 threads=8 calls=1 elapsed_us=32
GGML_CPU_SHAPE_PROFILE phase=node_wall name=Qcur-39 a=blk.39.attn_q.weight at=q4_0 bt=f32 k=2560 m=2048 n=2 b2=1 b3=1 a2=1 a3=1 threads=8 calls=1 elapsed_us=115
GGML_CPU_SHAPE_PROFILE phase=generic_pack_thread name=kq-9 a=cache_k_l9 (view) (permuted) at=f16 bt=f32 k=256 m=768 n=21 b2=8 b3=1 a2=2 a3=1 threads=16 calls=16 elapsed_us=174
GGML_CPU_SHAPE_PROFILE phase=node_wall name=kqv-39 a=cache_v_l22 (view) (permuted) at=f16 bt=f32 k=256 m=256 n=2 b2=8 b3=1 a2=2 a3=1 threads=8 calls=1 elapsed_us=50
GGML_CPU_SHAPE_PROFILE phase=node_wall name=kqv-35 a=cache_v_l23 (view) (permuted) at=f16 bt=f32 k=256 m=512 n=2 b2=8 b3=1 a2=2 a3=1 threads=8 calls=1 elapsed_us=87
GGML_CPU_SHAPE_PROFILE phase=repack_pack_thread name=node_1949 a=blk.38.proj.weight at=q4_0 bt=f32 k=256 m=2560 n=21 b2=1 b3=1 a2=1 a3=1 threads=16 calls=16 elapsed_us=3
GGML_CPU_SHAPE_PROFILE phase=node_wall name=ffn_up-38 a=blk.38.ffn_up.weight at=q4_0 bt=f32 k=2560 m=10240 n=2 b2=1 b3=1 a2=1 a3=1 threads=8 calls=1 elapsed_us=488
GGML_CPU_SHAPE_PROFILE phase=generic_pack_thread name=kq-39 a=cache_k_l22 (view) (permuted) at=f16 bt=f32 k=256 m=256 n=2 b2=8 b3=1 a2=2 a3=1 threads=8 calls=8 elapsed_us=4
GGML_CPU_SHAPE_PROFILE phase=node_wall name=node_830 a=blk.14.attn_output.weight at=q4_0 bt=f32 k=2048 m=2560 n=2 b2=1 b3=1 a2=1 a3=1 threads=8 calls=1 elapsed_us=114
GGML_CPU_SHAPE_PROFILE phase=node_wall name=node_1949 a=blk.38.proj.weight at=q4_0 bt=f32 k=256 m=2560 n=2 b2=1 b3=1 a2=1 a3=1 threads=8 calls=1 elapsed_us=31
GGML_CPU_SHAPE_PROFILE phase=node_wall name=ffn_gate-15 a=blk.15.ffn_gate.weight at=q4_0 bt=f32 k=2560 m=10240 n=2 b2=1 b3=1 a2=1 a3=1 threads=8 calls=1 elapsed_us=479
GGML_CPU_SHAPE_PROFILE phase=node_wall name=node_1865 a=blk.36.inp_gate.weight at=q4_0 bt=f32 k=2560 m=256 n=4 b2=1 b3=1 a2=1 a3=1 threads=8 calls=1 elapsed_us=46
GGML_CPU_SHAPE_PROFILE phase=node_wall name=ffn_out-38 a=blk.38.ffn_down.weight at=q4_0 bt=f32 k=10240 m=2560 n=2 b2=1 b3=1 a2=1 a3=1 threads=8 calls=1 elapsed_us=497
GGML_CPU_SHAPE_PROFILE phase=repack_pack_thread name=ffn_out-38 a=blk.38.ffn_down.weight at=q4_0 bt=f32 k=10240 m=2560 n=2 b2=1 b3=1 a2=1 a3=1 threads=8 calls=8 elapsed_us=12
GGML_CPU_SHAPE_PROFILE phase=node_wall name=kqv-39 a=cache_v_l22 (view) (permuted) at=f16 bt=f32 k=768 m=256 n=4 b2=8 b3=1 a2=2 a3=1 threads=8 calls=1 elapsed_us=118
GGML_CPU_SHAPE_PROFILE phase=node_wall name=node_1589 a=blk.29.proj.weight at=q4_0 bt=f32 k=256 m=2560 n=21 b2=1 b3=1 a2=1 a3=1 threads=16 calls=1 elapsed_us=245
GGML_CPU_SHAPE_PROFILE phase=generic_pack_thread name=kqv-38 a=cache_v_l22 (view) (permuted) at=f16 bt=f32 k=256 m=256 n=2 b2=8 b3=1 a2=2 a3=1 threads=8 calls=8 elapsed_us=8
GGML_CPU_SHAPE_PROFILE phase=node_wall name=ffn_out-27 a=blk.27.ffn_down.weight at=q4_0 bt=f32 k=10240 m=2560 n=2 b2=1 b3=1 a2=1 a3=1 threads=8 calls=1 elapsed_us=501
GGML_CPU_SHAPE_PROFILE phase=repack_pack_thread name=node_177 a=blk.2.proj.weight at=q4_0 bt=f32 k=256 m=2560 n=2 b2=1 b3=1 a2=1 a3=1 threads=8 calls=8 elapsed_us=0
GGML_CPU_SHAPE_PROFILE phase=node_wall name=ffn_out-37 a=blk.37.ffn_down.weight at=q4_0 bt=f32 k=10240 m=2560 n=2 b2=1 b3=1 a2=1 a3=1 threads=8 calls=1 elapsed_us=491
GGML_CPU_SHAPE_PROFILE phase=repack_pack_thread name=Kcur-9 a=blk.9.attn_k.weight at=q4_0 bt=f32 k=2560 m=512 n=21 b2=1 b3=1 a2=1 a3=1 threads=16 calls=16 elapsed_us=29
GGML_CPU_SHAPE_PROFILE phase=repack_pack_thread name=Qcur-37 a=blk.37.attn_q.weight at=q4_0 bt=f32 k=2560 m=2048 n=2 b2=1 b3=1 a2=1 a3=1 threads=8 calls=8 elapsed_us=3
GGML_CPU_SHAPE_PROFILE phase=node_wall name=ffn_gate-33 a=blk.33.ffn_gate.weight at=q4_0 bt=f32 k=2560 m=10240 n=1 b2=1 b3=1 a2=1 a3=1 threads=8 calls=127 elapsed_us=39959
GGML_CPU_SHAPE_PROFILE phase=repack_pack_thread name=Vcur-4 a=blk.4.attn_v.weight at=q4_0 bt=f32 k=2560 m=512 n=1 b2=1 b3=1 a2=1 a3=1 threads=8 calls=1016 elapsed_us=201
GGML_CPU_SHAPE_PROFILE phase=repack_pack_thread name=node_340 a=blk.5.inp_gate.weight at=q4_0 bt=f32 k=2560 m=256 n=21 b2=1 b3=1 a2=1 a3=1 threads=16 calls=16 elapsed_us=27
GGML_CPU_SHAPE_PROFILE phase=repack_pack_thread name=node_2025 a=blk.40.inp_gate.weight at=q4_0 bt=f32 k=2560 m=256 n=2 b2=1 b3=1 a2=1 a3=1 threads=8 calls=8 elapsed_us=6
GGML_CPU_SHAPE_PROFILE phase=node_wall name=ffn_out-36 a=blk.36.ffn_down.weight at=q4_0 bt=f32 k=10240 m=2560 n=2 b2=1 b3=1 a2=1 a3=1 threads=8 calls=1 elapsed_us=494
GGML_CPU_SHAPE_PROFILE phase=node_wall name=ffn_up-36 a=blk.36.ffn_up.weight at=q4_0 bt=f32 k=2560 m=10240 n=2 b2=1 b3=1 a2=1 a3=1 threads=8 calls=1 elapsed_us=492
GGML_CPU_SHAPE_PROFILE phase=repack_pack_thread name=ffn_up-36 a=blk.36.ffn_up.weight at=q4_0 bt=f32 k=2560 m=10240 n=2 b2=1 b3=1 a2=1 a3=1 threads=8 calls=8 elapsed_us=4
GGML_CPU_SHAPE_PROFILE phase=generic_pack_thread name=kq-4 a=cache_k_l4 (view) (permuted) at=f16 bt=f32 k=256 m=256 n=2 b2=8 b3=1 a2=2 a3=1 threads=8 calls=8 elapsed_us=8
GGML_CPU_SHAPE_PROFILE phase=node_wall name=ffn_gate-36 a=blk.36.ffn_gate.weight at=q4_0 bt=f32 k=2560 m=10240 n=2 b2=1 b3=1 a2=1 a3=1 threads=8 calls=1 elapsed_us=479
GGML_CPU_SHAPE_PROFILE phase=node_wall name=node_791 a=blk.13.proj.weight at=q4_0 bt=f32 k=256 m=2560 n=21 b2=1 b3=1 a2=1 a3=1 threads=16 calls=1 elapsed_us=227
GGML_CPU_SHAPE_PROFILE phase=node_wall name=node_1829 a=blk.35.proj.weight at=q4_0 bt=f32 k=256 m=2560 n=2 b2=1 b3=1 a2=1 a3=1 threads=8 calls=1 elapsed_us=28
GGML_CPU_SHAPE_PROFILE phase=repack_pack_thread name=ffn_gate-37 a=blk.37.ffn_gate.weight at=q4_0 bt=f32 k=2560 m=10240 n=2 b2=1 b3=1 a2=1 a3=1 threads=8 calls=8 elapsed_us=4
GGML_CPU_SHAPE_PROFILE phase=node_wall name=Kcur-13 a=blk.13.attn_k.weight at=q4_0 bt=f32 k=2560 m=512 n=2 b2=1 b3=1 a2=1 a3=1 threads=8 calls=1 elapsed_us=36
GGML_CPU_SHAPE_PROFILE phase=node_wall name=Kcur-23 a=blk.23.attn_k.weight at=q4_0 bt=f32 k=2560 m=1024 n=2 b2=1 b3=1 a2=1 a3=1 threads=8 calls=1 elapsed_us=62
GGML_CPU_SHAPE_PROFILE phase=node_wall name=node_1825 a=blk.35.inp_gate.weight at=q4_0 bt=f32 k=2560 m=256 n=2 b2=1 b3=1 a2=1 a3=1 threads=8 calls=1 elapsed_us=29
GGML_CPU_SHAPE_PROFILE phase=node_wall name=ffn_out-26 a=blk.26.ffn_down.weight at=q4_0 bt=f32 k=10240 m=2560 n=21 b2=1 b3=1 a2=1 a3=1 threads=16 calls=1 elapsed_us=1639
GGML_CPU_SHAPE_PROFILE phase=repack_pack_thread name=node_1612 a=blk.30.attn_output.weight at=q4_0 bt=f32 k=2048 m=2560 n=21 b2=1 b3=1 a2=1 a3=1 threads=16 calls=16 elapsed_us=28
GGML_CPU_SHAPE_PROFILE phase=repack_pack_thread name=node_1825 a=blk.35.inp_gate.weight at=q4_0 bt=f32 k=2560 m=256 n=2 b2=1 b3=1 a2=1 a3=1 threads=8 calls=8 elapsed_us=4
GGML_CPU_SHAPE_PROFILE phase=repack_pack_thread name=ffn_up-35 a=blk.35.ffn_up.weight at=q4_0 bt=f32 k=2560 m=10240 n=2 b2=1 b3=1 a2=1 a3=1 threads=8 calls=8 elapsed_us=3
GGML_CPU_SHAPE_PROFILE phase=repack_pack_thread name=Vcur-5 a=blk.5.attn_v.weight at=q4_0 bt=f32 k=2560 m=1024 n=1 b2=1 b3=1 a2=1 a3=1 threads=8 calls=1016 elapsed_us=192
GGML_CPU_SHAPE_PROFILE phase=repack_pack_thread name=ffn_out-36 a=blk.36.ffn_down.weight at=q4_0 bt=f32 k=10240 m=2560 n=4 b2=1 b3=1 a2=1 a3=1 threads=8 calls=8 elapsed_us=12
GGML_CPU_SHAPE_PROFILE phase=repack_pack_thread name=ffn_gate-31 a=blk.31.ffn_gate.weight at=q4_0 bt=f32 k=2560 m=10240 n=21 b2=1 b3=1 a2=1 a3=1 threads=16 calls=16 elapsed_us=29
GGML_CPU_SHAPE_PROFILE phase=repack_pack_thread name=Kcur-5 a=blk.5.attn_k.weight at=q4_0 bt=f32 k=2560 m=1024 n=21 b2=1 b3=1 a2=1 a3=1 threads=16 calls=16 elapsed_us=28
GGML_CPU_SHAPE_PROFILE phase=node_wall name=ffn_gate-33 a=blk.33.ffn_gate.weight at=q4_0 bt=f32 k=2560 m=10240 n=21 b2=1 b3=1 a2=1 a3=1 threads=16 calls=1 elapsed_us=2337
GGML_CPU_SHAPE_PROFILE phase=repack_pack_thread name=Vcur-9 a=blk.9.attn_v.weight at=q4_0 bt=f32 k=2560 m=512 n=21 b2=1 b3=1 a2=1 a3=1 threads=16 calls=16 elapsed_us=29
GGML_CPU_SHAPE_PROFILE phase=generic_pack_thread name=kq-23 a=cache_k_l23 (view) (permuted) at=f16 bt=f32 k=512 m=256 n=2 b2=8 b3=1 a2=2 a3=1 threads=8 calls=8 elapsed_us=12
GGML_CPU_SHAPE_PROFILE phase=node_wall name=node_1812 a=blk.35.attn_output.weight at=q4_0 bt=f32 k=4096 m=2560 n=2 b2=1 b3=1 a2=1 a3=1 threads=8 calls=1 elapsed_us=204
GGML_CPU_SHAPE_PROFILE phase=node_wall name=ffn_gate-12 a=blk.12.ffn_gate.weight at=q4_0 bt=f32 k=2560 m=10240 n=2 b2=1 b3=1 a2=1 a3=1 threads=8 calls=1 elapsed_us=482
GGML_CPU_SHAPE_PROFILE phase=repack_pack_thread name=ffn_gate-36 a=blk.36.ffn_gate.weight at=q4_0 bt=f32 k=2560 m=10240 n=21 b2=1 b3=1 a2=1 a3=1 threads=16 calls=16 elapsed_us=28
GGML_CPU_SHAPE_PROFILE phase=node_wall name=kqv-37 a=cache_v_l22 (view) (permuted) at=f16 bt=f32 k=256 m=256 n=2 b2=8 b3=1 a2=2 a3=1 threads=8 calls=1 elapsed_us=71
GGML_CPU_SHAPE_PROFILE phase=repack_pack_thread name=node_718 a=blk.12.attn_output.weight at=q4_0 bt=f32 k=2048 m=2560 n=21 b2=1 b3=1 a2=1 a3=1 threads=16 calls=16 elapsed_us=30
GGML_CPU_SHAPE_PROFILE phase=generic_pack_thread name=kqv-35 a=cache_v_l23 (view) (permuted) at=f16 bt=f32 k=256 m=512 n=2 b2=8 b3=1 a2=2 a3=1 threads=8 calls=8 elapsed_us=10
GGML_CPU_SHAPE_PROFILE phase=repack_pack_thread name=Qcur-15 a=blk.15.attn_q.weight at=q4_0 bt=f32 k=2560 m=2048 n=21 b2=1 b3=1 a2=1 a3=1 threads=16 calls=16 elapsed_us=37
GGML_CPU_SHAPE_PROFILE phase=node_wall name=kq-35 a=cache_k_l23 (view) (permuted) at=f16 bt=f32 k=512 m=256 n=2 b2=8 b3=1 a2=2 a3=1 threads=8 calls=1 elapsed_us=61
GGML_CPU_SHAPE_PROFILE phase=node_wall name=node_1989 a=blk.39.proj.weight at=q4_0 bt=f32 k=256 m=2560 n=1 b2=1 b3=1 a2=1 a3=1 threads=8 calls=127 elapsed_us=2871
GGML_CPU_SHAPE_PROFILE phase=repack_pack_thread name=node_344 a=blk.5.proj.weight at=q4_0 bt=f32 k=256 m=2560 n=1 b2=1 b3=1 a2=1 a3=1 threads=8 calls=1016 elapsed_us=50
GGML_CPU_SHAPE_PROFILE phase=generic_pack_thread name=kq-12 a=cache_k_l12 (view) (permuted) at=f16 bt=f32 k=256 m=768 n=21 b2=8 b3=1 a2=2 a3=1 threads=16 calls=16 elapsed_us=202
GGML_CPU_SHAPE_PROFILE phase=repack_pack_thread name=node_1812 a=blk.35.attn_output.weight at=q4_0 bt=f32 k=4096 m=2560 n=2 b2=1 b3=1 a2=1 a3=1 threads=8 calls=8 elapsed_us=6
GGML_CPU_SHAPE_PROFILE phase=generic_pack_thread name=kq-35 a=cache_k_l23 (view) (permuted) at=f16 bt=f32 k=512 m=256 n=2 b2=8 b3=1 a2=2 a3=1 threads=8 calls=8 elapsed_us=18
GGML_CPU_SHAPE_PROFILE phase=repack_pack_thread name=Qcur-35 a=blk.35.attn_q.weight at=q4_0 bt=f32 k=2560 m=4096 n=2 b2=1 b3=1 a2=1 a3=1 threads=8 calls=8 elapsed_us=3
GGML_CPU_SHAPE_PROFILE phase=repack_pack_thread name=node_1669 a=blk.31.proj.weight at=q4_0 bt=f32 k=256 m=2560 n=21 b2=1 b3=1 a2=1 a3=1 threads=16 calls=16 elapsed_us=5
GGML_CPU_SHAPE_PROFILE phase=node_wall name=node_1945 a=blk.38.inp_gate.weight at=q4_0 bt=f32 k=2560 m=256 n=2 b2=1 b3=1 a2=1 a3=1 threads=8 calls=1 elapsed_us=30
GGML_CPU_SHAPE_PROFILE phase=node_wall name=ffn_gate-23 a=blk.23.ffn_gate.weight at=q4_0 bt=f32 k=2560 m=10240 n=21 b2=1 b3=1 a2=1 a3=1 threads=16 calls=1 elapsed_us=1905
GGML_CPU_SHAPE_PROFILE phase=node_wall name=ffn_out-7 a=blk.7.ffn_down.weight at=q4_0 bt=f32 k=10240 m=2560 n=1 b2=1 b3=1 a2=1 a3=1 threads=8 calls=127 elapsed_us=41443
GGML_CPU_SHAPE_PROFILE phase=node_wall name=kqv-7 a=cache_v_l7 (view) (permuted) at=f16 bt=f32 k=768 m=256 n=21 b2=8 b3=1 a2=2 a3=1 threads=16 calls=1 elapsed_us=1260
GGML_CPU_SHAPE_PROFILE phase=repack_pack_thread name=ffn_out-26 a=blk.26.ffn_down.weight at=q4_0 bt=f32 k=10240 m=2560 n=4 b2=1 b3=1 a2=1 a3=1 threads=8 calls=8 elapsed_us=10
GGML_CPU_SHAPE_PROFILE phase=node_wall name=ffn_up-6 a=blk.6.ffn_up.weight at=q4_0 bt=f32 k=2560 m=10240 n=21 b2=1 b3=1 a2=1 a3=1 threads=16 calls=1 elapsed_us=2051
GGML_CPU_SHAPE_PROFILE phase=generic_pack_thread name=kqv-34 a=cache_v_l22 (view) (permuted) at=f16 bt=f32 k=256 m=256 n=2 b2=8 b3=1 a2=2 a3=1 threads=8 calls=8 elapsed_us=4
GGML_CPU_SHAPE_PROFILE phase=node_wall name=node_1772 a=blk.34.attn_output.weight at=q4_0 bt=f32 k=2048 m=2560 n=21 b2=1 b3=1 a2=1 a3=1 threads=16 calls=1 elapsed_us=549
GGML_CPU_SHAPE_PROFILE phase=node_wall name=Vcur-4 a=blk.4.attn_v.weight at=q4_0 bt=f32 k=2560 m=512 n=1 b2=1 b3=1 a2=1 a3=1 threads=8 calls=127 elapsed_us=3745
GGML_CPU_SHAPE_PROFILE phase=node_wall name=Vcur-3 a=blk.3.attn_v.weight at=q4_0 bt=f32 k=2560 m=512 n=21 b2=1 b3=1 a2=1 a3=1 threads=16 calls=1 elapsed_us=213
GGML_CPU_SHAPE_PROFILE phase=repack_pack_thread name=ffn_out-37 a=blk.37.ffn_down.weight at=q4_0 bt=f32 k=10240 m=2560 n=2 b2=1 b3=1 a2=1 a3=1 threads=8 calls=8 elapsed_us=12
GGML_CPU_SHAPE_PROFILE phase=node_wall name=Qcur-34 a=blk.34.attn_q.weight at=q4_0 bt=f32 k=2560 m=2048 n=2 b2=1 b3=1 a2=1 a3=1 threads=8 calls=1 elapsed_us=107
GGML_CPU_SHAPE_PROFILE phase=repack_pack_thread name=node_2069 a=blk.41.proj.weight at=q4_0 bt=f32 k=256 m=2560 n=1 b2=1 b3=1 a2=1 a3=1 threads=8 calls=1016 elapsed_us=46
GGML_CPU_SHAPE_PROFILE phase=node_wall name=node_551 a=blk.9.attn_output.weight at=q4_0 bt=f32 k=2048 m=2560 n=2 b2=1 b3=1 a2=1 a3=1 threads=8 calls=1 elapsed_us=105
GGML_CPU_SHAPE_PROFILE phase=node_wall name=kq-9 a=cache_k_l9 (view) (permuted) at=f16 bt=f32 k=256 m=768 n=21 b2=8 b3=1 a2=2 a3=1 threads=16 calls=1 elapsed_us=1411
GGML_CPU_SHAPE_PROFILE phase=node_wall name=Qcur-13 a=blk.13.attn_q.weight at=q4_0 bt=f32 k=2560 m=2048 n=1 b2=1 b3=1 a2=1 a3=1 threads=8 calls=127 elapsed_us=9910
GGML_CPU_SHAPE_PROFILE phase=repack_pack_thread name=node_173 a=blk.2.inp_gate.weight at=q4_0 bt=f32 k=2560 m=256 n=21 b2=1 b3=1 a2=1 a3=1 threads=16 calls=16 elapsed_us=29
GGML_CPU_SHAPE_PROFILE phase=node_wall name=ffn_out-33 a=blk.33.ffn_down.weight at=q4_0 bt=f32 k=10240 m=2560 n=2 b2=1 b3=1 a2=1 a3=1 threads=8 calls=1 elapsed_us=488
GGML_CPU_SHAPE_PROFILE phase=node_wall name=Kcur-15 a=blk.15.attn_k.weight at=q4_0 bt=f32 k=2560 m=512 n=21 b2=1 b3=1 a2=1 a3=1 threads=16 calls=1 elapsed_us=264
GGML_CPU_SHAPE_PROFILE phase=repack_pack_thread name=ffn_out-33 a=blk.33.ffn_down.weight at=q4_0 bt=f32 k=10240 m=2560 n=2 b2=1 b3=1 a2=1 a3=1 threads=8 calls=8 elapsed_us=12
GGML_CPU_SHAPE_PROFILE phase=node_wall name=Vcur-5 a=blk.5.attn_v.weight at=q4_0 bt=f32 k=2560 m=1024 n=21 b2=1 b3=1 a2=1 a3=1 threads=16 calls=1 elapsed_us=194
GGML_CPU_SHAPE_PROFILE phase=repack_pack_thread name=node_1772 a=blk.34.attn_output.weight at=q4_0 bt=f32 k=2048 m=2560 n=4 b2=1 b3=1 a2=1 a3=1 threads=8 calls=8 elapsed_us=3
GGML_CPU_SHAPE_PROFILE phase=node_wall name=ffn_up-33 a=blk.33.ffn_up.weight at=q4_0 bt=f32 k=2560 m=10240 n=2 b2=1 b3=1 a2=1 a3=1 threads=8 calls=1 elapsed_us=487
GGML_CPU_SHAPE_PROFILE phase=node_wall name=node_1709 a=blk.32.proj.weight at=q4_0 bt=f32 k=256 m=2560 n=21 b2=1 b3=1 a2=1 a3=1 threads=16 calls=1 elapsed_us=216
GGML_CPU_SHAPE_PROFILE phase=repack_pack_thread name=ffn_up-33 a=blk.33.ffn_up.weight at=q4_0 bt=f32 k=2560 m=10240 n=2 b2=1 b3=1 a2=1 a3=1 threads=8 calls=8 elapsed_us=4
GGML_CPU_SHAPE_PROFILE phase=node_wall name=ffn_gate-33 a=blk.33.ffn_gate.weight at=q4_0 bt=f32 k=2560 m=10240 n=2 b2=1 b3=1 a2=1 a3=1 threads=8 calls=1 elapsed_us=475
GGML_CPU_SHAPE_PROFILE phase=node_wall name=Kcur-16 a=blk.16.attn_k.weight at=q4_0 bt=f32 k=2560 m=512 n=2 b2=1 b3=1 a2=1 a3=1 threads=8 calls=1 elapsed_us=41
GGML_CPU_SHAPE_PROFILE phase=node_wall name=node_1732 a=blk.33.attn_output.weight at=q4_0 bt=f32 k=2048 m=2560 n=2 b2=1 b3=1 a2=1 a3=1 threads=8 calls=1 elapsed_us=108
GGML_CPU_SHAPE_PROFILE phase=repack_pack_thread name=Vcur-4 a=blk.4.attn_v.weight at=q4_0 bt=f32 k=2560 m=512 n=21 b2=1 b3=1 a2=1 a3=1 threads=16 calls=16 elapsed_us=27
GGML_CPU_SHAPE_PROFILE phase=node_wall name=Qcur-4 a=blk.4.attn_q.weight at=q4_0 bt=f32 k=2560 m=2048 n=21 b2=1 b3=1 a2=1 a3=1 threads=16 calls=1 elapsed_us=610
GGML_CPU_SHAPE_PROFILE phase=repack_pack_thread name=node_272 a=blk.4.attn_output.weight at=q4_0 bt=f32 k=2048 m=2560 n=4 b2=1 b3=1 a2=1 a3=1 threads=8 calls=8 elapsed_us=3
GGML_CPU_SHAPE_PROFILE phase=repack_pack_thread name=node_1732 a=blk.33.attn_output.weight at=q4_0 bt=f32 k=2048 m=2560 n=2 b2=1 b3=1 a2=1 a3=1 threads=8 calls=8 elapsed_us=3
GGML_CPU_SHAPE_PROFILE phase=node_wall name=Qcur-4 a=blk.4.attn_q.weight at=q4_0 bt=f32 k=2560 m=2048 n=4 b2=1 b3=1 a2=1 a3=1 threads=8 calls=1 elapsed_us=158
GGML_CPU_SHAPE_PROFILE phase=repack_pack_thread name=node_1745 a=blk.33.inp_gate.weight at=q4_0 bt=f32 k=2560 m=256 n=2 b2=1 b3=1 a2=1 a3=1 threads=8 calls=8 elapsed_us=2
GGML_CPU_SHAPE_PROFILE phase=repack_pack_thread name=ffn_gate-6 a=blk.6.ffn_gate.weight at=q4_0 bt=f32 k=2560 m=10240 n=21 b2=1 b3=1 a2=1 a3=1 threads=16 calls=16 elapsed_us=26
GGML_CPU_SHAPE_PROFILE phase=repack_pack_thread name=node_1985 a=blk.39.inp_gate.weight at=q4_0 bt=f32 k=2560 m=256 n=2 b2=1 b3=1 a2=1 a3=1 threads=8 calls=8 elapsed_us=3
GGML_CPU_SHAPE_PROFILE phase=repack_pack_thread name=Vcur-13 a=blk.13.attn_v.weight at=q4_0 bt=f32 k=2560 m=512 n=21 b2=1 b3=1 a2=1 a3=1 threads=16 calls=16 elapsed_us=30
GGML_CPU_SHAPE_PROFILE phase=generic_pack_thread name=kq-33 a=cache_k_l22 (view) (permuted) at=f16 bt=f32 k=256 m=256 n=2 b2=8 b3=1 a2=2 a3=1 threads=8 calls=8 elapsed_us=4
GGML_CPU_SHAPE_PROFILE phase=node_wall name=ffn_out-28 a=blk.28.ffn_down.weight at=q4_0 bt=f32 k=10240 m=2560 n=2 b2=1 b3=1 a2=1 a3=1 threads=8 calls=1 elapsed_us=492
GGML_CPU_SHAPE_PROFILE phase=generic_pack_thread name=kqv-38 a=cache_v_l22 (view) (permuted) at=f16 bt=f32 k=768 m=256 n=21 b2=8 b3=1 a2=2 a3=1 threads=16 calls=16 elapsed_us=247
GGML_CPU_SHAPE_PROFILE phase=repack_pack_thread name=Qcur-6 a=blk.6.attn_q.weight at=q4_0 bt=f32 k=2560 m=2048 n=21 b2=1 b3=1 a2=1 a3=1 threads=16 calls=16 elapsed_us=43
GGML_CPU_SHAPE_PROFILE phase=node_wall name=node_1389 a=blk.24.proj.weight at=q4_0 bt=f32 k=256 m=2560 n=1 b2=1 b3=1 a2=1 a3=1 threads=8 calls=127 elapsed_us=2908
GGML_CPU_SHAPE_PROFILE phase=generic_pack_thread name=kqv-4 a=cache_v_l4 (view) (permuted) at=f16 bt=f32 k=768 m=256 n=4 b2=8 b3=1 a2=2 a3=1 threads=8 calls=8 elapsed_us=34
GGML_CPU_SHAPE_PROFILE phase=repack_pack_thread name=ffn_up-9 a=blk.9.ffn_up.weight at=q4_0 bt=f32 k=2560 m=10240 n=4 b2=1 b3=1 a2=1 a3=1 threads=8 calls=8 elapsed_us=3
GGML_CPU_SHAPE_PROFILE phase=node_wall name=ffn_out-39 a=blk.39.ffn_down.weight at=q4_0 bt=f32 k=10240 m=2560 n=2 b2=1 b3=1 a2=1 a3=1 threads=8 calls=1 elapsed_us=489
GGML_CPU_SHAPE_PROFILE phase=node_wall name=node_1705 a=blk.32.inp_gate.weight at=q4_0 bt=f32 k=2560 m=256 n=2 b2=1 b3=1 a2=1 a3=1 threads=8 calls=1 elapsed_us=29
GGML_CPU_SHAPE_PROFILE phase=repack_pack_thread name=node_1010 a=blk.17.inp_gate.weight at=q4_0 bt=f32 k=2560 m=256 n=21 b2=1 b3=1 a2=1 a3=1 threads=16 calls=16 elapsed_us=37
GGML_CPU_SHAPE_PROFILE phase=node_wall name=ffn_out-32 a=blk.32.ffn_down.weight at=q4_0 bt=f32 k=10240 m=2560 n=2 b2=1 b3=1 a2=1 a3=1 threads=8 calls=1 elapsed_us=489
GGML_CPU_SHAPE_PROFILE phase=node_wall name=ffn_out-7 a=blk.7.ffn_down.weight at=q4_0 bt=f32 k=10240 m=2560 n=21 b2=1 b3=1 a2=1 a3=1 threads=16 calls=1 elapsed_us=2348
GGML_CPU_SHAPE_PROFILE phase=node_wall name=node_439 a=blk.7.attn_output.weight at=q4_0 bt=f32 k=2048 m=2560 n=1 b2=1 b3=1 a2=1 a3=1 threads=8 calls=127 elapsed_us=9592
GGML_CPU_SHAPE_PROFILE phase=repack_pack_thread name=node_899 a=blk.15.inp_gate.weight at=q4_0 bt=f32 k=2560 m=256 n=4 b2=1 b3=1 a2=1 a3=1 threads=8 calls=8 elapsed_us=3
GGML_CPU_SHAPE_PROFILE phase=node_wall name=node_607 a=blk.10.attn_output.weight at=q4_0 bt=f32 k=2048 m=2560 n=1 b2=1 b3=1 a2=1 a3=1 threads=8 calls=127 elapsed_us=9978
GGML_CPU_SHAPE_PROFILE phase=node_wall name=ffn_gate-32 a=blk.32.ffn_gate.weight at=q4_0 bt=f32 k=2560 m=10240 n=2 b2=1 b3=1 a2=1 a3=1 threads=8 calls=1 elapsed_us=476
GGML_CPU_SHAPE_PROFILE phase=repack_pack_thread name=node_1221 a=blk.21.attn_output.weight at=q4_0 bt=f32 k=2048 m=2560 n=2 b2=1 b3=1 a2=1 a3=1 threads=8 calls=8 elapsed_us=3
GGML_CPU_SHAPE_PROFILE phase=node_wall name=kq-14 a=cache_k_l14 (view) (permuted) at=f16 bt=f32 k=256 m=768 n=4 b2=8 b3=1 a2=2 a3=1 threads=8 calls=1 elapsed_us=139
GGML_CPU_SHAPE_PROFILE phase=node_wall name=ffn_out-34 a=blk.34.ffn_down.weight at=q4_0 bt=f32 k=10240 m=2560 n=21 b2=1 b3=1 a2=1 a3=1 threads=16 calls=1 elapsed_us=2426
GGML_CPU_SHAPE_PROFILE phase=node_wall name=Qcur-32 a=blk.32.attn_q.weight at=q4_0 bt=f32 k=2560 m=2048 n=2 b2=1 b3=1 a2=1 a3=1 threads=8 calls=1 elapsed_us=111
GGML_CPU_SHAPE_PROFILE phase=node_wall name=kqv-41 a=cache_v_l23 (view) (permuted) at=f16 bt=f32 k=64768 m=512 n=21 b2=8 b3=1 a2=2 a3=1 threads=16 calls=1 elapsed_us=56696
GGML_CPU_SHAPE_PROFILE phase=node_wall name=Kcur-12 a=blk.12.attn_k.weight at=q4_0 bt=f32 k=2560 m=512 n=4 b2=1 b3=1 a2=1 a3=1 threads=8 calls=1 elapsed_us=52
GGML_CPU_SHAPE_PROFILE phase=repack_pack_thread name=Qcur-32 a=blk.32.attn_q.weight at=q4_0 bt=f32 k=2560 m=2048 n=2 b2=1 b3=1 a2=1 a3=1 threads=8 calls=8 elapsed_us=4
GGML_CPU_SHAPE_PROFILE phase=repack_pack_thread name=ffn_up-17 a=blk.17.ffn_up.weight at=q4_0 bt=f32 k=2560 m=10240 n=2 b2=1 b3=1 a2=1 a3=1 threads=8 calls=8 elapsed_us=3
GGML_CPU_SHAPE_PROFILE phase=node_wall name=node_1669 a=blk.31.proj.weight at=q4_0 bt=f32 k=256 m=2560 n=2 b2=1 b3=1 a2=1 a3=1 threads=8 calls=1 elapsed_us=25
GGML_CPU_SHAPE_PROFILE phase=repack_pack_thread name=node_1669 a=blk.31.proj.weight at=q4_0 bt=f32 k=256 m=2560 n=2 b2=1 b3=1 a2=1 a3=1 threads=8 calls=8 elapsed_us=1
GGML_CPU_SHAPE_PROFILE phase=generic_pack_thread name=kqv-13 a=cache_v_l13 (view) (permuted) at=f16 bt=f32 k=768 m=256 n=1 b2=8 b3=1 a2=2 a3=1 threads=8 calls=1016 elapsed_us=1889
GGML_CPU_SHAPE_PROFILE phase=repack_pack_thread name=node_439 a=blk.7.attn_output.weight at=q4_0 bt=f32 k=2048 m=2560 n=21 b2=1 b3=1 a2=1 a3=1 threads=16 calls=16 elapsed_us=37
GGML_CPU_SHAPE_PROFILE phase=repack_pack_thread name=ffn_out-31 a=blk.31.ffn_down.weight at=q4_0 bt=f32 k=10240 m=2560 n=2 b2=1 b3=1 a2=1 a3=1 threads=8 calls=8 elapsed_us=12
GGML_CPU_SHAPE_PROFILE phase=node_wall name=kq-26 a=cache_k_l22 (view) (permuted) at=f16 bt=f32 k=256 m=256 n=2 b2=8 b3=1 a2=2 a3=1 threads=8 calls=1 elapsed_us=42
GGML_CPU_SHAPE_PROFILE phase=repack_pack_thread name=node_1425 a=blk.25.inp_gate.weight at=q4_0 bt=f32 k=2560 m=256 n=21 b2=1 b3=1 a2=1 a3=1 threads=16 calls=16 elapsed_us=29
GGML_CPU_SHAPE_PROFILE phase=node_wall name=node_843 a=blk.14.inp_gate.weight at=q4_0 bt=f32 k=2560 m=256 n=1 b2=1 b3=1 a2=1 a3=1 threads=8 calls=127 elapsed_us=3249
GGML_CPU_SHAPE_PROFILE phase=repack_pack_thread name=node_679 a=blk.11.proj.weight at=q4_0 bt=f32 k=256 m=2560 n=4 b2=1 b3=1 a2=1 a3=1 threads=8 calls=8 elapsed_us=0
GGML_CPU_SHAPE_PROFILE phase=node_wall name=ffn_gate-24 a=blk.24.ffn_gate.weight at=q4_0 bt=f32 k=2560 m=10240 n=21 b2=1 b3=1 a2=1 a3=1 threads=16 calls=1 elapsed_us=1628
GGML_CPU_SHAPE_PROFILE phase=generic_pack_thread name=kqv-32 a=cache_v_l22 (view) (permuted) at=f16 bt=f32 k=256 m=256 n=2 b2=8 b3=1 a2=2 a3=1 threads=8 calls=8 elapsed_us=8
GGML_CPU_SHAPE_PROFILE phase=generic_pack_thread name=kqv-31 a=cache_v_l22 (view) (permuted) at=f16 bt=f32 k=256 m=256 n=2 b2=8 b3=1 a2=2 a3=1 threads=8 calls=8 elapsed_us=6
GGML_CPU_SHAPE_PROFILE phase=node_wall name=kq-31 a=cache_k_l22 (view) (permuted) at=f16 bt=f32 k=256 m=256 n=2 b2=8 b3=1 a2=2 a3=1 threads=8 calls=1 elapsed_us=51
GGML_CPU_SHAPE_PROFILE phase=repack_pack_thread name=ffn_gate-39 a=blk.39.ffn_gate.weight at=q4_0 bt=f32 k=2560 m=10240 n=1 b2=1 b3=1 a2=1 a3=1 threads=8 calls=1016 elapsed_us=204
GGML_CPU_SHAPE_PROFILE phase=repack_pack_thread name=ffn_gate-9 a=blk.9.ffn_gate.weight at=q4_0 bt=f32 k=2560 m=10240 n=1 b2=1 b3=1 a2=1 a3=1 threads=8 calls=1016 elapsed_us=193
GGML_CPU_SHAPE_PROFILE phase=generic_pack_thread name=kq-31 a=cache_k_l22 (view) (permuted) at=f16 bt=f32 k=256 m=256 n=2 b2=8 b3=1 a2=2 a3=1 threads=8 calls=8 elapsed_us=8
GGML_CPU_SHAPE_PROFILE phase=node_wall name=ffn_out-8 a=blk.8.ffn_down.weight at=q4_0 bt=f32 k=10240 m=2560 n=2 b2=1 b3=1 a2=1 a3=1 threads=8 calls=1 elapsed_us=506
GGML_CPU_SHAPE_PROFILE phase=repack_pack_thread name=ffn_up-41 a=blk.41.ffn_up.weight at=q4_0 bt=f32 k=2560 m=10240 n=1 b2=1 b3=1 a2=1 a3=1 threads=8 calls=1016 elapsed_us=257
GGML_CPU_SHAPE_PROFILE phase=node_wall name=node_731 a=blk.12.inp_gate.weight at=q4_0 bt=f32 k=2560 m=256 n=21 b2=1 b3=1 a2=1 a3=1 threads=16 calls=1 elapsed_us=207
GGML_CPU_SHAPE_PROFILE phase=generic_pack_thread name=kq-9 a=cache_k_l9 (view) (permuted) at=f16 bt=f32 k=256 m=768 n=1 b2=8 b3=1 a2=2 a3=1 threads=8 calls=1016 elapsed_us=476
GGML_CPU_SHAPE_PROFILE phase=node_wall name=ffn_gate-25 a=blk.25.ffn_gate.weight at=q4_0 bt=f32 k=2560 m=10240 n=4 b2=1 b3=1 a2=1 a3=1 threads=8 calls=1 elapsed_us=458
GGML_CPU_SHAPE_PROFILE phase=repack_pack_thread name=Qcur-31 a=blk.31.attn_q.weight at=q4_0 bt=f32 k=2560 m=2048 n=2 b2=1 b3=1 a2=1 a3=1 threads=8 calls=8 elapsed_us=3
GGML_CPU_SHAPE_PROFILE phase=node_wall name=ffn_gate-5 a=blk.5.ffn_gate.weight at=q4_0 bt=f32 k=2560 m=10240 n=4 b2=1 b3=1 a2=1 a3=1 threads=8 calls=1 elapsed_us=688
GGML_CPU_SHAPE_PROFILE phase=node_wall name=Qcur-8 a=blk.8.attn_q.weight at=q4_0 bt=f32 k=2560 m=2048 n=21 b2=1 b3=1 a2=1 a3=1 threads=16 calls=1 elapsed_us=607
GGML_CPU_SHAPE_PROFILE phase=repack_pack_thread name=Vcur-11 a=blk.11.attn_v.weight at=q4_0 bt=f32 k=2560 m=1024 n=4 b2=1 b3=1 a2=1 a3=1 threads=8 calls=8 elapsed_us=2
GGML_CPU_SHAPE_PROFILE phase=repack_pack_thread name=ffn_out-30 a=blk.30.ffn_down.weight at=q4_0 bt=f32 k=10240 m=2560 n=2 b2=1 b3=1 a2=1 a3=1 threads=8 calls=8 elapsed_us=12
GGML_CPU_SHAPE_PROFILE phase=node_wall name=kq-30 a=cache_k_l22 (view) (permuted) at=f16 bt=f32 k=256 m=256 n=2 b2=8 b3=1 a2=2 a3=1 threads=8 calls=1 elapsed_us=43
GGML_CPU_SHAPE_PROFILE phase=node_wall name=kq-29 a=cache_k_l23 (view) (permuted) at=f16 bt=f32 k=512 m=64768 n=4 b2=8 b3=1 a2=2 a3=1 threads=8 calls=1 elapsed_us=19468
GGML_CPU_SHAPE_PROFILE phase=repack_pack_thread name=Qcur-30 a=blk.30.attn_q.weight at=q4_0 bt=f32 k=2560 m=2048 n=2 b2=1 b3=1 a2=1 a3=1 threads=8 calls=8 elapsed_us=4
GGML_CPU_SHAPE_PROFILE phase=node_wall name=Qcur-21 a=blk.21.attn_q.weight at=q4_0 bt=f32 k=2560 m=2048 n=4 b2=1 b3=1 a2=1 a3=1 threads=8 calls=1 elapsed_us=102
GGML_CPU_SHAPE_PROFILE phase=generic_pack_thread name=kq-30 a=cache_k_l22 (view) (permuted) at=f16 bt=f32 k=256 m=768 n=4 b2=8 b3=1 a2=2 a3=1 threads=8 calls=8 elapsed_us=18
GGML_CPU_SHAPE_PROFILE phase=generic_pack_thread name=kqv-36 a=cache_v_l22 (view) (permuted) at=f16 bt=f32 k=768 m=256 n=1 b2=8 b3=1 a2=2 a3=1 threads=8 calls=1016 elapsed_us=1830
GGML_CPU_SHAPE_PROFILE phase=node_wall name=node_1652 a=blk.31.attn_output.weight at=q4_0 bt=f32 k=2048 m=2560 n=1 b2=1 b3=1 a2=1 a3=1 threads=8 calls=127 elapsed_us=10052
GGML_CPU_SHAPE_PROFILE phase=repack_pack_thread name=node_508 a=blk.8.inp_gate.weight at=q4_0 bt=f32 k=2560 m=256 n=1 b2=1 b3=1 a2=1 a3=1 threads=8 calls=1016 elapsed_us=211
GGML_CPU_SHAPE_PROFILE phase=repack_pack_thread name=ffn_out-29 a=blk.29.ffn_down.weight at=q4_0 bt=f32 k=10240 m=2560 n=2 b2=1 b3=1 a2=1 a3=1 threads=8 calls=8 elapsed_us=12
GGML_CPU_SHAPE_PROFILE phase=node_wall name=ffn_up-34 a=blk.34.ffn_up.weight at=q4_0 bt=f32 k=2560 m=10240 n=2 b2=1 b3=1 a2=1 a3=1 threads=8 calls=1 elapsed_us=485
GGML_CPU_SHAPE_PROFILE phase=repack_pack_thread name=node_285 a=blk.4.inp_gate.weight at=q4_0 bt=f32 k=2560 m=256 n=21 b2=1 b3=1 a2=1 a3=1 threads=16 calls=16 elapsed_us=32
GGML_CPU_SHAPE_PROFILE phase=node_wall name=Kcur-9 a=blk.9.attn_k.weight at=q4_0 bt=f32 k=2560 m=512 n=1 b2=1 b3=1 a2=1 a3=1 threads=8 calls=127 elapsed_us=3710
GGML_CPU_SHAPE_PROFILE phase=generic_pack_thread name=kqv-33 a=cache_v_l22 (view) (permuted) at=f16 bt=f32 k=256 m=256 n=2 b2=8 b3=1 a2=2 a3=1 threads=8 calls=8 elapsed_us=6
GGML_CPU_SHAPE_PROFILE phase=node_wall name=Kcur-13 a=blk.13.attn_k.weight at=q4_0 bt=f32 k=2560 m=512 n=4 b2=1 b3=1 a2=1 a3=1 threads=8 calls=1 elapsed_us=54
GGML_CPU_SHAPE_PROFILE phase=node_wall name=ffn_gate-5 a=blk.5.ffn_gate.weight at=q4_0 bt=f32 k=2560 m=10240 n=21 b2=1 b3=1 a2=1 a3=1 threads=16 calls=1 elapsed_us=4565
GGML_CPU_SHAPE_PROFILE phase=repack_pack_thread name=Kcur-14 a=blk.14.attn_k.weight at=q4_0 bt=f32 k=2560 m=512 n=4 b2=1 b3=1 a2=1 a3=1 threads=8 calls=8 elapsed_us=2
GGML_CPU_SHAPE_PROFILE phase=node_wall name=ffn_gate-29 a=blk.29.ffn_gate.weight at=q4_0 bt=f32 k=2560 m=10240 n=2 b2=1 b3=1 a2=1 a3=1 threads=8 calls=1 elapsed_us=481
GGML_CPU_SHAPE_PROFILE phase=repack_pack_thread name=node_1945 a=blk.38.inp_gate.weight at=q4_0 bt=f32 k=2560 m=256 n=4 b2=1 b3=1 a2=1 a3=1 threads=8 calls=8 elapsed_us=3
GGML_CPU_SHAPE_PROFILE phase=node_wall name=kq-19 a=cache_k_l19 (view) (permuted) at=f16 bt=f32 k=256 m=256 n=2 b2=8 b3=1 a2=2 a3=1 threads=8 calls=1 elapsed_us=235
GGML_CPU_SHAPE_PROFILE phase=node_wall name=kqv-25 a=cache_v_l22 (view) (permuted) at=f16 bt=f32 k=768 m=256 n=4 b2=8 b3=1 a2=2 a3=1 threads=8 calls=1 elapsed_us=94
GGML_CPU_SHAPE_PROFILE phase=repack_pack_thread name=node_1572 a=blk.29.attn_output.weight at=q4_0 bt=f32 k=4096 m=2560 n=2 b2=1 b3=1 a2=1 a3=1 threads=8 calls=8 elapsed_us=8
GGML_CPU_SHAPE_PROFILE phase=generic_pack_thread name=kqv-19 a=cache_v_l19 (view) (permuted) at=f16 bt=f32 k=256 m=256 n=2 b2=8 b3=1 a2=2 a3=1 threads=8 calls=8 elapsed_us=4
GGML_CPU_SHAPE_PROFILE phase=generic_pack_thread name=kq-26 a=cache_k_l22 (view) (permuted) at=f16 bt=f32 k=256 m=768 n=4 b2=8 b3=1 a2=2 a3=1 threads=8 calls=8 elapsed_us=15
GGML_CPU_SHAPE_PROFILE phase=repack_pack_thread name=Qcur-40 a=blk.40.attn_q.weight at=q4_0 bt=f32 k=2560 m=2048 n=2 b2=1 b3=1 a2=1 a3=1 threads=8 calls=8 elapsed_us=3
GGML_CPU_SHAPE_PROFILE phase=repack_pack_thread name=ffn_out-28 a=blk.28.ffn_down.weight at=q4_0 bt=f32 k=10240 m=2560 n=2 b2=1 b3=1 a2=1 a3=1 threads=8 calls=8 elapsed_us=12
GGML_CPU_SHAPE_PROFILE phase=repack_pack_thread name=ffn_gate-28 a=blk.28.ffn_gate.weight at=q4_0 bt=f32 k=2560 m=10240 n=2 b2=1 b3=1 a2=1 a3=1 threads=8 calls=8 elapsed_us=4
GGML_CPU_SHAPE_PROFILE phase=node_wall name=node_1532 a=blk.28.attn_output.weight at=q4_0 bt=f32 k=2048 m=2560 n=2 b2=1 b3=1 a2=1 a3=1 threads=8 calls=1 elapsed_us=114
GGML_CPU_SHAPE_PROFILE phase=node_wall name=kq-24 a=cache_k_l22 (view) (permuted) at=f16 bt=f32 k=256 m=768 n=1 b2=8 b3=1 a2=2 a3=1 threads=8 calls=127 elapsed_us=6400
GGML_CPU_SHAPE_PROFILE phase=repack_pack_thread name=Qcur-8 a=blk.8.attn_q.weight at=q4_0 bt=f32 k=2560 m=2048 n=21 b2=1 b3=1 a2=1 a3=1 threads=16 calls=16 elapsed_us=29
GGML_CPU_SHAPE_PROFILE phase=repack_pack_thread name=ffn_gate-39 a=blk.39.ffn_gate.weight at=q4_0 bt=f32 k=2560 m=10240 n=4 b2=1 b3=1 a2=1 a3=1 threads=8 calls=8 elapsed_us=3
GGML_CPU_SHAPE_PROFILE phase=node_wall name=Vcur-20 a=blk.20.attn_v.weight at=q4_0 bt=f32 k=2560 m=512 n=2 b2=1 b3=1 a2=1 a3=1 threads=8 calls=1 elapsed_us=39
GGML_CPU_SHAPE_PROFILE phase=repack_pack_thread name=node_1892 a=blk.37.attn_output.weight at=q4_0 bt=f32 k=2048 m=2560 n=4 b2=1 b3=1 a2=1 a3=1 threads=8 calls=8 elapsed_us=2
GGML_CPU_SHAPE_PROFILE phase=repack_pack_thread name=node_624 a=blk.10.proj.weight at=q4_0 bt=f32 k=256 m=2560 n=21 b2=1 b3=1 a2=1 a3=1 threads=16 calls=16 elapsed_us=4
GGML_CPU_SHAPE_PROFILE phase=node_wall name=node_1909 a=blk.37.proj.weight at=q4_0 bt=f32 k=256 m=2560 n=2 b2=1 b3=1 a2=1 a3=1 threads=8 calls=1 elapsed_us=27
GGML_CPU_SHAPE_PROFILE phase=node_wall name=Qcur-33 a=blk.33.attn_q.weight at=q4_0 bt=f32 k=2560 m=2048 n=2 b2=1 b3=1 a2=1 a3=1 threads=8 calls=1 elapsed_us=112
GGML_CPU_SHAPE_PROFILE phase=node_wall name=kqv-18 a=cache_v_l18 (view) (permuted) at=f16 bt=f32 k=256 m=256 n=2 b2=8 b3=1 a2=2 a3=1 threads=8 calls=1 elapsed_us=57
GGML_CPU_SHAPE_PROFILE phase=generic_pack_thread name=kq-18 a=cache_k_l18 (view) (permuted) at=f16 bt=f32 k=256 m=768 n=1 b2=8 b3=1 a2=2 a3=1 threads=8 calls=1016 elapsed_us=501
GGML_CPU_SHAPE_PROFILE phase=node_wall name=node_54 a=per_layer_model_proj.weight at=f16 bt=f32 k=2560 m=10752 n=4 b2=1 b3=1 a2=1 a3=1 threads=8 calls=1 elapsed_us=1480
GGML_CPU_SHAPE_PROFILE phase=node_wall name=kq-14 a=cache_k_l14 (view) (permuted) at=f16 bt=f32 k=256 m=768 n=1 b2=8 b3=1 a2=2 a3=1 threads=8 calls=127 elapsed_us=6324
GGML_CPU_SHAPE_PROFILE phase=node_wall name=kqv-40 a=cache_v_l22 (view) (permuted) at=f16 bt=f32 k=768 m=256 n=4 b2=8 b3=1 a2=2 a3=1 threads=8 calls=1 elapsed_us=125
GGML_CPU_SHAPE_PROFILE phase=repack_pack_thread name=node_1505 a=blk.27.inp_gate.weight at=q4_0 bt=f32 k=2560 m=256 n=4 b2=1 b3=1 a2=1 a3=1 threads=8 calls=8 elapsed_us=3
GGML_CPU_SHAPE_PROFILE phase=node_wall name=ffn_gate-37 a=blk.37.ffn_gate.weight at=q4_0 bt=f32 k=2560 m=10240 n=2 b2=1 b3=1 a2=1 a3=1 threads=8 calls=1 elapsed_us=481
GGML_CPU_SHAPE_PROFILE phase=node_wall name=Vcur-22 a=blk.22.attn_v.weight at=q4_0 bt=f32 k=2560 m=512 n=2 b2=1 b3=1 a2=1 a3=1 threads=8 calls=1 elapsed_us=33
GGML_CPU_SHAPE_PROFILE phase=generic_pack_thread name=kqv-28 a=cache_v_l22 (view) (permuted) at=f16 bt=f32 k=256 m=256 n=2 b2=8 b3=1 a2=2 a3=1 threads=8 calls=8 elapsed_us=8
GGML_CPU_SHAPE_PROFILE phase=repack_pack_thread name=node_1949 a=blk.38.proj.weight at=q4_0 bt=f32 k=256 m=2560 n=2 b2=1 b3=1 a2=1 a3=1 threads=8 calls=8 elapsed_us=0
GGML_CPU_SHAPE_PROFILE phase=repack_pack_thread name=Qcur-28 a=blk.28.attn_q.weight at=q4_0 bt=f32 k=2560 m=2048 n=2 b2=1 b3=1 a2=1 a3=1 threads=8 calls=8 elapsed_us=3
GGML_CPU_SHAPE_PROFILE phase=repack_pack_thread name=ffn_up-41 a=blk.41.ffn_up.weight at=q4_0 bt=f32 k=2560 m=10240 n=21 b2=1 b3=1 a2=1 a3=1 threads=16 calls=16 elapsed_us=25
GGML_CPU_SHAPE_PROFILE phase=repack_pack_thread name=ffn_gate-33 a=blk.33.ffn_gate.weight at=q4_0 bt=f32 k=2560 m=10240 n=21 b2=1 b3=1 a2=1 a3=1 threads=16 calls=16 elapsed_us=28
GGML_CPU_SHAPE_PROFILE phase=repack_pack_thread name=node_216 a=blk.3.attn_output.weight at=q4_0 bt=f32 k=2048 m=2560 n=21 b2=1 b3=1 a2=1 a3=1 threads=16 calls=16 elapsed_us=26
GGML_CPU_SHAPE_PROFILE phase=node_wall name=node_1972 a=blk.39.attn_output.weight at=q4_0 bt=f32 k=2048 m=2560 n=1 b2=1 b3=1 a2=1 a3=1 threads=8 calls=127 elapsed_us=9585
GGML_CPU_SHAPE_PROFILE phase=node_wall name=ffn_up-36 a=blk.36.ffn_up.weight at=q4_0 bt=f32 k=2560 m=10240 n=4 b2=1 b3=1 a2=1 a3=1 threads=8 calls=1 elapsed_us=707
GGML_CPU_SHAPE_PROFILE phase=repack_pack_thread name=node_942 a=blk.16.attn_output.weight at=q4_0 bt=f32 k=2048 m=2560 n=4 b2=1 b3=1 a2=1 a3=1 threads=8 calls=8 elapsed_us=2
GGML_CPU_SHAPE_PROFILE phase=node_wall name=kq-29 a=cache_k_l23 (view) (permuted) at=f16 bt=f32 k=512 m=65024 n=1 b2=8 b3=1 a2=2 a3=1 threads=8 calls=42 elapsed_us=210172
GGML_CPU_SHAPE_PROFILE phase=repack_pack_thread name=node_1509 a=blk.27.proj.weight at=q4_0 bt=f32 k=256 m=2560 n=2 b2=1 b3=1 a2=1 a3=1 threads=8 calls=8 elapsed_us=1
GGML_CPU_SHAPE_PROFILE phase=repack_pack_thread name=Qcur-20 a=blk.20.attn_q.weight at=q4_0 bt=f32 k=2560 m=2048 n=2 b2=1 b3=1 a2=1 a3=1 threads=8 calls=8 elapsed_us=4
GGML_CPU_SHAPE_PROFILE phase=node_wall name=node_1505 a=blk.27.inp_gate.weight at=q4_0 bt=f32 k=2560 m=256 n=2 b2=1 b3=1 a2=1 a3=1 threads=8 calls=1 elapsed_us=28
GGML_CPU_SHAPE_PROFILE phase=repack_pack_thread name=node_1070 a=blk.18.proj.weight at=q4_0 bt=f32 k=256 m=2560 n=21 b2=1 b3=1 a2=1 a3=1 threads=16 calls=16 elapsed_us=8
GGML_CPU_SHAPE_PROFILE phase=repack_pack_thread name=Qcur-36 a=blk.36.attn_q.weight at=q4_0 bt=f32 k=2560 m=2048 n=1 b2=1 b3=1 a2=1 a3=1 threads=8 calls=1016 elapsed_us=198
GGML_CPU_SHAPE_PROFILE phase=node_wall name=node_568 a=blk.9.proj.weight at=q4_0 bt=f32 k=256 m=2560 n=21 b2=1 b3=1 a2=1 a3=1 threads=16 calls=1 elapsed_us=248
GGML_CPU_SHAPE_PROFILE phase=repack_pack_thread name=ffn_out-20 a=blk.20.ffn_down.weight at=q4_0 bt=f32 k=10240 m=2560 n=4 b2=1 b3=1 a2=1 a3=1 threads=8 calls=8 elapsed_us=9
GGML_CPU_SHAPE_PROFILE phase=node_wall name=node_396 a=blk.6.inp_gate.weight at=q4_0 bt=f32 k=2560 m=256 n=2 b2=1 b3=1 a2=1 a3=1 threads=8 calls=1 elapsed_us=33
GGML_CPU_SHAPE_PROFILE phase=node_wall name=ffn_gate-27 a=blk.27.ffn_gate.weight at=q4_0 bt=f32 k=2560 m=10240 n=2 b2=1 b3=1 a2=1 a3=1 threads=8 calls=1 elapsed_us=472
GGML_CPU_SHAPE_PROFILE phase=node_wall name=ffn_up-8 a=blk.8.ffn_up.weight at=q4_0 bt=f32 k=2560 m=10240 n=2 b2=1 b3=1 a2=1 a3=1 threads=8 calls=1 elapsed_us=489
GGML_CPU_SHAPE_PROFILE phase=repack_pack_thread name=node_1505 a=blk.27.inp_gate.weight at=q4_0 bt=f32 k=2560 m=256 n=2 b2=1 b3=1 a2=1 a3=1 threads=8 calls=8 elapsed_us=2
GGML_CPU_SHAPE_PROFILE phase=generic_pack_thread name=kqv-7 a=cache_v_l7 (view) (permuted) at=f16 bt=f32 k=768 m=256 n=21 b2=8 b3=1 a2=2 a3=1 threads=16 calls=16 elapsed_us=242
GGML_CPU_SHAPE_PROFILE phase=repack_pack_thread name=Kcur-16 a=blk.16.attn_k.weight at=q4_0 bt=f32 k=2560 m=512 n=4 b2=1 b3=1 a2=1 a3=1 threads=8 calls=8 elapsed_us=2
GGML_CPU_SHAPE_PROFILE phase=repack_pack_thread name=node_1789 a=blk.34.proj.weight at=q4_0 bt=f32 k=256 m=2560 n=2 b2=1 b3=1 a2=1 a3=1 threads=8 calls=8 elapsed_us=0
GGML_CPU_SHAPE_PROFILE phase=repack_pack_thread name=node_2012 a=blk.40.attn_output.weight at=q4_0 bt=f32 k=2048 m=2560 n=2 b2=1 b3=1 a2=1 a3=1 threads=8 calls=8 elapsed_us=2
GGML_CPU_SHAPE_PROFILE phase=node_wall name=kqv-20 a=cache_v_l20 (view) (permuted) at=f16 bt=f32 k=768 m=256 n=1 b2=8 b3=1 a2=2 a3=1 threads=8 calls=127 elapsed_us=9877
GGML_CPU_SHAPE_PROFILE phase=repack_pack_thread name=ffn_gate-8 a=blk.8.ffn_gate.weight at=q4_0 bt=f32 k=2560 m=10240 n=2 b2=1 b3=1 a2=1 a3=1 threads=8 calls=8 elapsed_us=3
GGML_CPU_SHAPE_PROFILE phase=repack_pack_thread name=node_439 a=blk.7.attn_output.weight at=q4_0 bt=f32 k=2048 m=2560 n=4 b2=1 b3=1 a2=1 a3=1 threads=8 calls=8 elapsed_us=3
GGML_CPU_SHAPE_PROFILE phase=node_wall name=node_1625 a=blk.30.inp_gate.weight at=q4_0 bt=f32 k=2560 m=256 n=2 b2=1 b3=1 a2=1 a3=1 threads=8 calls=1 elapsed_us=28
GGML_CPU_SHAPE_PROFILE phase=node_wall name=Qcur-27 a=blk.27.attn_q.weight at=q4_0 bt=f32 k=2560 m=2048 n=2 b2=1 b3=1 a2=1 a3=1 threads=8 calls=1 elapsed_us=103
GGML_CPU_SHAPE_PROFILE phase=repack_pack_thread name=Qcur-27 a=blk.27.attn_q.weight at=q4_0 bt=f32 k=2560 m=2048 n=2 b2=1 b3=1 a2=1 a3=1 threads=8 calls=8 elapsed_us=3
GGML_CPU_SHAPE_PROFILE phase=node_wall name=ffn_gate-40 a=blk.40.ffn_gate.weight at=q4_0 bt=f32 k=2560 m=10240 n=2 b2=1 b3=1 a2=1 a3=1 threads=8 calls=1 elapsed_us=481
GGML_CPU_SHAPE_PROFILE phase=repack_pack_thread name=node_396 a=blk.6.inp_gate.weight at=q4_0 bt=f32 k=2560 m=256 n=1 b2=1 b3=1 a2=1 a3=1 threads=8 calls=1016 elapsed_us=222
GGML_CPU_SHAPE_PROFILE phase=node_wall name=kqv-33 a=cache_v_l22 (view) (permuted) at=f16 bt=f32 k=768 m=256 n=21 b2=8 b3=1 a2=2 a3=1 threads=16 calls=1 elapsed_us=1323
GGML_CPU_SHAPE_PROFILE phase=generic_pack_thread name=kqv-26 a=cache_v_l22 (view) (permuted) at=f16 bt=f32 k=768 m=256 n=4 b2=8 b3=1 a2=2 a3=1 threads=8 calls=8 elapsed_us=32
GGML_CPU_SHAPE_PROFILE phase=node_wall name=node_1629 a=blk.30.proj.weight at=q4_0 bt=f32 k=256 m=2560 n=2 b2=1 b3=1 a2=1 a3=1 threads=8 calls=1 elapsed_us=29
GGML_CPU_SHAPE_PROFILE phase=repack_pack_thread name=Qcur-34 a=blk.34.attn_q.weight at=q4_0 bt=f32 k=2560 m=2048 n=21 b2=1 b3=1 a2=1 a3=1 threads=16 calls=16 elapsed_us=28
GGML_CPU_SHAPE_PROFILE phase=node_wall name=Kcur-3 a=blk.3.attn_k.weight at=q4_0 bt=f32 k=2560 m=512 n=21 b2=1 b3=1 a2=1 a3=1 threads=16 calls=1 elapsed_us=222
GGML_CPU_SHAPE_PROFILE phase=node_wall name=ffn_up-13 a=blk.13.ffn_up.weight at=q4_0 bt=f32 k=2560 m=10240 n=4 b2=1 b3=1 a2=1 a3=1 threads=8 calls=1 elapsed_us=681
GGML_CPU_SHAPE_PROFILE phase=node_wall name=node_1469 a=blk.26.proj.weight at=q4_0 bt=f32 k=256 m=2560 n=2 b2=1 b3=1 a2=1 a3=1 threads=8 calls=1 elapsed_us=35
GGML_CPU_SHAPE_PROFILE phase=node_wall name=node_1465 a=blk.26.inp_gate.weight at=q4_0 bt=f32 k=2560 m=256 n=2 b2=1 b3=1 a2=1 a3=1 threads=8 calls=1 elapsed_us=28
GGML_CPU_SHAPE_PROFILE phase=repack_pack_thread name=node_1465 a=blk.26.inp_gate.weight at=q4_0 bt=f32 k=2560 m=256 n=2 b2=1 b3=1 a2=1 a3=1 threads=8 calls=8 elapsed_us=5
GGML_CPU_SHAPE_PROFILE phase=node_wall name=ffn_out-4 a=blk.4.ffn_down.weight at=q4_0 bt=f32 k=10240 m=2560 n=21 b2=1 b3=1 a2=1 a3=1 threads=16 calls=1 elapsed_us=1758
GGML_CPU_SHAPE_PROFILE phase=repack_pack_thread name=ffn_gate-28 a=blk.28.ffn_gate.weight at=q4_0 bt=f32 k=2560 m=10240 n=4 b2=1 b3=1 a2=1 a3=1 threads=8 calls=8 elapsed_us=2
GGML_CPU_SHAPE_PROFILE phase=node_wall name=ffn_out-26 a=blk.26.ffn_down.weight at=q4_0 bt=f32 k=10240 m=2560 n=2 b2=1 b3=1 a2=1 a3=1 threads=8 calls=1 elapsed_us=488
GGML_CPU_SHAPE_PROFILE phase=repack_pack_thread name=Kcur-2 a=blk.2.attn_k.weight at=q4_0 bt=f32 k=2560 m=512 n=21 b2=1 b3=1 a2=1 a3=1 threads=16 calls=16 elapsed_us=24
GGML_CPU_SHAPE_PROFILE phase=node_wall name=ffn_out-9 a=blk.9.ffn_down.weight at=q4_0 bt=f32 k=10240 m=2560 n=2 b2=1 b3=1 a2=1 a3=1 threads=8 calls=1 elapsed_us=495
GGML_CPU_SHAPE_PROFILE phase=repack_pack_thread name=ffn_gate-23 a=blk.23.ffn_gate.weight at=q4_0 bt=f32 k=2560 m=10240 n=21 b2=1 b3=1 a2=1 a3=1 threads=16 calls=16 elapsed_us=35
GGML_CPU_SHAPE_PROFILE phase=generic_pack_thread name=kqv-15 a=cache_v_l15 (view) (permuted) at=f16 bt=f32 k=256 m=256 n=2 b2=8 b3=1 a2=2 a3=1 threads=8 calls=8 elapsed_us=6
GGML_CPU_SHAPE_PROFILE phase=repack_pack_thread name=ffn_up-26 a=blk.26.ffn_up.weight at=q4_0 bt=f32 k=2560 m=10240 n=2 b2=1 b3=1 a2=1 a3=1 threads=8 calls=8 elapsed_us=4
GGML_CPU_SHAPE_PROFILE phase=node_wall name=ffn_gate-26 a=blk.26.ffn_gate.weight at=q4_0 bt=f32 k=2560 m=10240 n=2 b2=1 b3=1 a2=1 a3=1 threads=8 calls=1 elapsed_us=473
GGML_CPU_SHAPE_PROFILE phase=node_wall name=node_1452 a=blk.26.attn_output.weight at=q4_0 bt=f32 k=2048 m=2560 n=2 b2=1 b3=1 a2=1 a3=1 threads=8 calls=1 elapsed_us=108
GGML_CPU_SHAPE_PROFILE phase=node_wall name=ffn_up-14 a=blk.14.ffn_up.weight at=q4_0 bt=f32 k=2560 m=10240 n=1 b2=1 b3=1 a2=1 a3=1 threads=8 calls=127 elapsed_us=40474
GGML_CPU_SHAPE_PROFILE phase=node_wall name=node_1865 a=blk.36.inp_gate.weight at=q4_0 bt=f32 k=2560 m=256 n=2 b2=1 b3=1 a2=1 a3=1 threads=8 calls=1 elapsed_us=29
GGML_CPU_SHAPE_PROFILE phase=generic_pack_thread name=kq-9 a=cache_k_l9 (view) (permuted) at=f16 bt=f32 k=256 m=256 n=2 b2=8 b3=1 a2=2 a3=1 threads=8 calls=8 elapsed_us=8
GGML_CPU_SHAPE_PROFILE phase=repack_pack_thread name=ffn_out-28 a=blk.28.ffn_down.weight at=q4_0 bt=f32 k=10240 m=2560 n=4 b2=1 b3=1 a2=1 a3=1 threads=8 calls=8 elapsed_us=10
GGML_CPU_SHAPE_PROFILE phase=repack_pack_thread name=node_1585 a=blk.29.inp_gate.weight at=q4_0 bt=f32 k=2560 m=256 n=2 b2=1 b3=1 a2=1 a3=1 threads=8 calls=8 elapsed_us=4
GGML_CPU_SHAPE_PROFILE phase=node_wall name=Qcur-7 a=blk.7.attn_q.weight at=q4_0 bt=f32 k=2560 m=2048 n=2 b2=1 b3=1 a2=1 a3=1 threads=8 calls=1 elapsed_us=111
GGML_CPU_SHAPE_PROFILE phase=repack_pack_thread name=ffn_up-5 a=blk.5.ffn_up.weight at=q4_0 bt=f32 k=2560 m=10240 n=1 b2=1 b3=1 a2=1 a3=1 threads=8 calls=1016 elapsed_us=229
GGML_CPU_SHAPE_PROFILE phase=repack_pack_thread name=Qcur-26 a=blk.26.attn_q.weight at=q4_0 bt=f32 k=2560 m=2048 n=2 b2=1 b3=1 a2=1 a3=1 threads=8 calls=8 elapsed_us=4
GGML_CPU_SHAPE_PROFILE phase=node_wall name=Qcur-35 a=blk.35.attn_q.weight at=q4_0 bt=f32 k=2560 m=4096 n=2 b2=1 b3=1 a2=1 a3=1 threads=8 calls=1 elapsed_us=198
GGML_CPU_SHAPE_PROFILE phase=node_wall name=node_1429 a=blk.25.proj.weight at=q4_0 bt=f32 k=256 m=2560 n=2 b2=1 b3=1 a2=1 a3=1 threads=8 calls=1 elapsed_us=26
GGML_CPU_SHAPE_PROFILE phase=repack_pack_thread name=node_52 a=blk.0.inp_gate.weight at=q4_0 bt=f32 k=2560 m=256 n=1 b2=1 b3=1 a2=1 a3=1 threads=8 calls=1016 elapsed_us=204
GGML_CPU_SHAPE_PROFILE phase=node_wall name=node_1852 a=blk.36.attn_output.weight at=q4_0 bt=f32 k=2048 m=2560 n=2 b2=1 b3=1 a2=1 a3=1 threads=8 calls=1 elapsed_us=112
GGML_CPU_SHAPE_PROFILE phase=node_wall name=node_452 a=blk.7.inp_gate.weight at=q4_0 bt=f32 k=2560 m=256 n=21 b2=1 b3=1 a2=1 a3=1 threads=16 calls=1 elapsed_us=200
GGML_CPU_SHAPE_PROFILE phase=repack_pack_thread name=Vcur-2 a=blk.2.attn_v.weight at=q4_0 bt=f32 k=2560 m=512 n=21 b2=1 b3=1 a2=1 a3=1 threads=16 calls=16 elapsed_us=24
GGML_CPU_SHAPE_PROFILE phase=node_wall name=node_1165 a=blk.20.attn_output.weight at=q4_0 bt=f32 k=2048 m=2560 n=21 b2=1 b3=1 a2=1 a3=1 threads=16 calls=1 elapsed_us=355
GGML_CPU_SHAPE_PROFILE phase=repack_pack_thread name=node_735 a=blk.12.proj.weight at=q4_0 bt=f32 k=256 m=2560 n=4 b2=1 b3=1 a2=1 a3=1 threads=8 calls=8 elapsed_us=0
GGML_CPU_SHAPE_PROFILE phase=node_wall name=node_233 a=blk.3.proj.weight at=q4_0 bt=f32 k=256 m=2560 n=1 b2=1 b3=1 a2=1 a3=1 threads=8 calls=127 elapsed_us=2895
GGML_CPU_SHAPE_PROFILE phase=node_wall name=kqv-11 a=cache_v_l11 (view) (permuted) at=f16 bt=f32 k=64768 m=512 n=4 b2=8 b3=1 a2=2 a3=1 threads=8 calls=1 elapsed_us=17293
GGML_CPU_SHAPE_PROFILE phase=node_wall name=kqv-6 a=cache_v_l6 (view) (permuted) at=f16 bt=f32 k=768 m=256 n=1 b2=8 b3=1 a2=2 a3=1 threads=8 calls=127 elapsed_us=9961
GGML_CPU_SHAPE_PROFILE phase=node_wall name=ffn_up-25 a=blk.25.ffn_up.weight at=q4_0 bt=f32 k=2560 m=10240 n=2 b2=1 b3=1 a2=1 a3=1 threads=8 calls=1 elapsed_us=478
GGML_CPU_SHAPE_PROFILE phase=node_wall name=ffn_out-22 a=blk.22.ffn_down.weight at=q4_0 bt=f32 k=10240 m=2560 n=2 b2=1 b3=1 a2=1 a3=1 threads=8 calls=1 elapsed_us=491
GGML_CPU_SHAPE_PROFILE phase=generic_pack_thread name=kqv-23 a=cache_v_l23 (view) (permuted) at=f16 bt=f32 k=64768 m=512 n=1 b2=8 b3=1 a2=2 a3=1 threads=8 calls=680 elapsed_us=23884
GGML_CPU_SHAPE_PROFILE phase=generic_pack_thread name=kqv-8 a=cache_v_l8 (view) (permuted) at=f16 bt=f32 k=768 m=256 n=1 b2=8 b3=1 a2=2 a3=1 threads=8 calls=1016 elapsed_us=1723
GGML_CPU_SHAPE_PROFILE phase=repack_pack_thread name=ffn_up-11 a=blk.11.ffn_up.weight at=q4_0 bt=f32 k=2560 m=10240 n=21 b2=1 b3=1 a2=1 a3=1 threads=16 calls=16 elapsed_us=30
GGML_CPU_SHAPE_PROFILE phase=node_wall name=ffn_gate-25 a=blk.25.ffn_gate.weight at=q4_0 bt=f32 k=2560 m=10240 n=2 b2=1 b3=1 a2=1 a3=1 threads=8 calls=1 elapsed_us=476
GGML_CPU_SHAPE_PROFILE phase=node_wall name=kqv-27 a=cache_v_l22 (view) (permuted) at=f16 bt=f32 k=256 m=256 n=2 b2=8 b3=1 a2=2 a3=1 threads=8 calls=1 elapsed_us=46
GGML_CPU_SHAPE_PROFILE phase=node_wall name=kq-38 a=cache_k_l22 (view) (permuted) at=f16 bt=f32 k=256 m=256 n=2 b2=8 b3=1 a2=2 a3=1 threads=8 calls=1 elapsed_us=48
GGML_CPU_SHAPE_PROFILE phase=repack_pack_thread name=ffn_gate-28 a=blk.28.ffn_gate.weight at=q4_0 bt=f32 k=2560 m=10240 n=1 b2=1 b3=1 a2=1 a3=1 threads=8 calls=1016 elapsed_us=198
GGML_CPU_SHAPE_PROFILE phase=repack_pack_thread name=ffn_out-25 a=blk.25.ffn_down.weight at=q4_0 bt=f32 k=10240 m=2560 n=2 b2=1 b3=1 a2=1 a3=1 threads=8 calls=8 elapsed_us=12
GGML_CPU_SHAPE_PROFILE phase=repack_pack_thread name=ffn_gate-31 a=blk.31.ffn_gate.weight at=q4_0 bt=f32 k=2560 m=10240 n=2 b2=1 b3=1 a2=1 a3=1 threads=8 calls=8 elapsed_us=3
GGML_CPU_SHAPE_PROFILE phase=repack_pack_thread name=ffn_up-10 a=blk.10.ffn_up.weight at=q4_0 bt=f32 k=2560 m=10240 n=2 b2=1 b3=1 a2=1 a3=1 threads=8 calls=8 elapsed_us=3
GGML_CPU_SHAPE_PROFILE phase=node_wall name=kqv-11 a=cache_v_l11 (view) (permuted) at=f16 bt=f32 k=64768 m=512 n=21 b2=8 b3=1 a2=2 a3=1 threads=16 calls=1 elapsed_us=57786
GGML_CPU_SHAPE_PROFILE phase=node_wall name=node_1412 a=blk.25.attn_output.weight at=q4_0 bt=f32 k=2048 m=2560 n=2 b2=1 b3=1 a2=1 a3=1 threads=8 calls=1 elapsed_us=104
GGML_CPU_SHAPE_PROFILE phase=node_wall name=Qcur-36 a=blk.36.attn_q.weight at=q4_0 bt=f32 k=2560 m=2048 n=1 b2=1 b3=1 a2=1 a3=1 threads=8 calls=127 elapsed_us=9850
GGML_CPU_SHAPE_PROFILE phase=node_wall name=ffn_up-39 a=blk.39.ffn_up.weight at=q4_0 bt=f32 k=2560 m=10240 n=21 b2=1 b3=1 a2=1 a3=1 threads=16 calls=1 elapsed_us=1739
GGML_CPU_SHAPE_PROFILE phase=generic_pack_thread name=kqv-17 a=cache_v_l17 (view) (permuted) at=f16 bt=f32 k=64768 m=512 n=21 b2=8 b3=1 a2=2 a3=1 threads=16 calls=16 elapsed_us=21776
GGML_CPU_SHAPE_PROFILE phase=node_wall name=node_512 a=blk.8.proj.weight at=q4_0 bt=f32 k=256 m=2560 n=4 b2=1 b3=1 a2=1 a3=1 threads=8 calls=1 elapsed_us=30
GGML_CPU_SHAPE_PROFILE phase=repack_pack_thread name=node_344 a=blk.5.proj.weight at=q4_0 bt=f32 k=256 m=2560 n=4 b2=1 b3=1 a2=1 a3=1 threads=8 calls=8 elapsed_us=0
GGML_CPU_SHAPE_PROFILE phase=repack_pack_thread name=node_2012 a=blk.40.attn_output.weight at=q4_0 bt=f32 k=2048 m=2560 n=21 b2=1 b3=1 a2=1 a3=1 threads=16 calls=16 elapsed_us=23
GGML_CPU_SHAPE_PROFILE phase=node_wall name=kqv-25 a=cache_v_l22 (view) (permuted) at=f16 bt=f32 k=256 m=256 n=2 b2=8 b3=1 a2=2 a3=1 threads=8 calls=1 elapsed_us=50
GGML_CPU_SHAPE_PROFILE phase=repack_pack_thread name=Kcur-17 a=blk.17.attn_k.weight at=q4_0 bt=f32 k=2560 m=1024 n=2 b2=1 b3=1 a2=1 a3=1 threads=8 calls=8 elapsed_us=3
GGML_CPU_SHAPE_PROFILE phase=node_wall name=Qcur-25 a=blk.25.attn_q.weight at=q4_0 bt=f32 k=2560 m=2048 n=2 b2=1 b3=1 a2=1 a3=1 threads=8 calls=1 elapsed_us=108
GGML_CPU_SHAPE_PROFILE phase=repack_pack_thread name=Vcur-7 a=blk.7.attn_v.weight at=q4_0 bt=f32 k=2560 m=512 n=1 b2=1 b3=1 a2=1 a3=1 threads=8 calls=1016 elapsed_us=198
GGML_CPU_SHAPE_PROFILE phase=repack_pack_thread name=ffn_gate-26 a=blk.26.ffn_gate.weight at=q4_0 bt=f32 k=2560 m=10240 n=2 b2=1 b3=1 a2=1 a3=1 threads=8 calls=8 elapsed_us=4
GGML_CPU_SHAPE_PROFILE phase=node_wall name=Kcur-18 a=blk.18.attn_k.weight at=q4_0 bt=f32 k=2560 m=512 n=4 b2=1 b3=1 a2=1 a3=1 threads=8 calls=1 elapsed_us=38
GGML_CPU_SHAPE_PROFILE phase=node_wall name=ffn_out-39 a=blk.39.ffn_down.weight at=q4_0 bt=f32 k=10240 m=2560 n=21 b2=1 b3=1 a2=1 a3=1 threads=16 calls=1 elapsed_us=1718
GGML_CPU_SHAPE_PROFILE phase=repack_pack_thread name=Qcur-25 a=blk.25.attn_q.weight at=q4_0 bt=f32 k=2560 m=2048 n=2 b2=1 b3=1 a2=1 a3=1 threads=8 calls=8 elapsed_us=6
GGML_CPU_SHAPE_PROFILE phase=node_wall name=node_791 a=blk.13.proj.weight at=q4_0 bt=f32 k=256 m=2560 n=2 b2=1 b3=1 a2=1 a3=1 threads=8 calls=1 elapsed_us=39
GGML_CPU_SHAPE_PROFILE phase=generic_pack_thread name=kqv-16 a=cache_v_l16 (view) (permuted) at=f16 bt=f32 k=768 m=256 n=21 b2=8 b3=1 a2=2 a3=1 threads=16 calls=16 elapsed_us=299
GGML_CPU_SHAPE_PROFILE phase=repack_pack_thread name=ffn_gate-29 a=blk.29.ffn_gate.weight at=q4_0 bt=f32 k=2560 m=10240 n=1 b2=1 b3=1 a2=1 a3=1 threads=8 calls=1016 elapsed_us=203
GGML_CPU_SHAPE_PROFILE phase=node_wall name=Kcur-23 a=blk.23.attn_k.weight at=q4_0 bt=f32 k=2560 m=1024 n=4 b2=1 b3=1 a2=1 a3=1 threads=8 calls=1 elapsed_us=59
GGML_CPU_SHAPE_PROFILE phase=repack_pack_thread name=node_1389 a=blk.24.proj.weight at=q4_0 bt=f32 k=256 m=2560 n=2 b2=1 b3=1 a2=1 a3=1 threads=8 calls=8 elapsed_us=0
GGML_CPU_SHAPE_PROFILE phase=repack_pack_thread name=ffn_up-30 a=blk.30.ffn_up.weight at=q4_0 bt=f32 k=2560 m=10240 n=1 b2=1 b3=1 a2=1 a3=1 threads=8 calls=1016 elapsed_us=218
GGML_CPU_SHAPE_PROFILE phase=repack_pack_thread name=Vcur-4 a=blk.4.attn_v.weight at=q4_0 bt=f32 k=2560 m=512 n=2 b2=1 b3=1 a2=1 a3=1 threads=8 calls=8 elapsed_us=4
GGML_CPU_SHAPE_PROFILE phase=node_wall name=node_662 a=blk.11.attn_output.weight at=q4_0 bt=f32 k=4096 m=2560 n=21 b2=1 b3=1 a2=1 a3=1 threads=16 calls=1 elapsed_us=1293
GGML_CPU_SHAPE_PROFILE phase=repack_pack_thread name=node_847 a=blk.14.proj.weight at=q4_0 bt=f32 k=256 m=2560 n=4 b2=1 b3=1 a2=1 a3=1 threads=8 calls=8 elapsed_us=0
GGML_CPU_SHAPE_PROFILE phase=repack_pack_thread name=ffn_out-24 a=blk.24.ffn_down.weight at=q4_0 bt=f32 k=10240 m=2560 n=2 b2=1 b3=1 a2=1 a3=1 threads=8 calls=8 elapsed_us=12
GGML_CPU_SHAPE_PROFILE phase=repack_pack_thread name=ffn_up-27 a=blk.27.ffn_up.weight at=q4_0 bt=f32 k=2560 m=10240 n=4 b2=1 b3=1 a2=1 a3=1 threads=8 calls=8 elapsed_us=3
GGML_CPU_SHAPE_PROFILE phase=node_wall name=ffn_up-24 a=blk.24.ffn_up.weight at=q4_0 bt=f32 k=2560 m=10240 n=2 b2=1 b3=1 a2=1 a3=1 threads=8 calls=1 elapsed_us=511
GGML_CPU_SHAPE_PROFILE phase=repack_pack_thread name=node_1126 a=blk.19.proj.weight at=q4_0 bt=f32 k=256 m=2560 n=2 b2=1 b3=1 a2=1 a3=1 threads=8 calls=8 elapsed_us=0
GGML_CPU_SHAPE_PROFILE phase=repack_pack_thread name=ffn_gate-5 a=blk.5.ffn_gate.weight at=q4_0 bt=f32 k=2560 m=10240 n=21 b2=1 b3=1 a2=1 a3=1 threads=16 calls=16 elapsed_us=31
GGML_CPU_SHAPE_PROFILE phase=repack_pack_thread name=node_396 a=blk.6.inp_gate.weight at=q4_0 bt=f32 k=2560 m=256 n=21 b2=1 b3=1 a2=1 a3=1 threads=16 calls=16 elapsed_us=32
GGML_CPU_SHAPE_PROFILE phase=repack_pack_thread name=node_662 a=blk.11.attn_output.weight at=q4_0 bt=f32 k=4096 m=2560 n=2 b2=1 b3=1 a2=1 a3=1 threads=8 calls=8 elapsed_us=8
GGML_CPU_SHAPE_PROFILE phase=node_wall name=kqv-11 a=cache_v_l11 (view) (permuted) at=f16 bt=f32 k=256 m=512 n=2 b2=8 b3=1 a2=2 a3=1 threads=8 calls=1 elapsed_us=77
GGML_CPU_SHAPE_PROFILE phase=node_wall name=Qcur-0 a=blk.0.attn_q.weight at=q4_0 bt=f32 k=2560 m=2048 n=21 b2=1 b3=1 a2=1 a3=1 threads=16 calls=1 elapsed_us=670
GGML_CPU_SHAPE_PROFILE phase=repack_pack_thread name=ffn_up-4 a=blk.4.ffn_up.weight at=q4_0 bt=f32 k=2560 m=10240 n=21 b2=1 b3=1 a2=1 a3=1 threads=16 calls=16 elapsed_us=30
GGML_CPU_SHAPE_PROFILE phase=node_wall name=ffn_out-17 a=blk.17.ffn_down.weight at=q4_0 bt=f32 k=10240 m=2560 n=21 b2=1 b3=1 a2=1 a3=1 threads=16 calls=1 elapsed_us=1741
GGML_CPU_SHAPE_PROFILE phase=repack_pack_thread name=node_1126 a=blk.19.proj.weight at=q4_0 bt=f32 k=256 m=2560 n=1 b2=1 b3=1 a2=1 a3=1 threads=8 calls=1016 elapsed_us=46
GGML_CPU_SHAPE_PROFILE phase=node_wall name=kq-5 a=cache_k_l5 (view) (permuted) at=f16 bt=f32 k=512 m=64768 n=21 b2=8 b3=1 a2=2 a3=1 threads=16 calls=1 elapsed_us=45470
GGML_CPU_SHAPE_PROFILE phase=repack_pack_thread name=ffn_up-20 a=blk.20.ffn_up.weight at=q4_0 bt=f32 k=2560 m=10240 n=2 b2=1 b3=1 a2=1 a3=1 threads=8 calls=8 elapsed_us=5
GGML_CPU_SHAPE_PROFILE phase=repack_pack_thread name=Vcur-11 a=blk.11.attn_v.weight at=q4_0 bt=f32 k=2560 m=1024 n=2 b2=1 b3=1 a2=1 a3=1 threads=8 calls=8 elapsed_us=4
GGML_CPU_SHAPE_PROFILE phase=node_wall name=kqv-0 a=cache_v_l0 (view) (permuted) at=f16 bt=f32 k=768 m=256 n=4 b2=8 b3=1 a2=2 a3=1 threads=8 calls=1 elapsed_us=127
GGML_CPU_SHAPE_PROFILE phase=node_wall name=Qcur-11 a=blk.11.attn_q.weight at=q4_0 bt=f32 k=2560 m=4096 n=2 b2=1 b3=1 a2=1 a3=1 threads=8 calls=1 elapsed_us=198
GGML_CPU_SHAPE_PROFILE phase=node_wall name=kqv-19 a=cache_v_l19 (view) (permuted) at=f16 bt=f32 k=768 m=256 n=4 b2=8 b3=1 a2=2 a3=1 threads=8 calls=1 elapsed_us=99
GGML_CPU_SHAPE_PROFILE phase=node_wall name=ffn_out-29 a=blk.29.ffn_down.weight at=q4_0 bt=f32 k=10240 m=2560 n=4 b2=1 b3=1 a2=1 a3=1 threads=8 calls=1 elapsed_us=452
GGML_CPU_SHAPE_PROFILE phase=node_wall name=node_2069 a=blk.41.proj.weight at=q4_0 bt=f32 k=256 m=2560 n=2 b2=1 b3=1 a2=1 a3=1 threads=8 calls=1 elapsed_us=38
GGML_CPU_SHAPE_PROFILE phase=node_wall name=kq-31 a=cache_k_l22 (view) (permuted) at=f16 bt=f32 k=256 m=768 n=1 b2=8 b3=1 a2=2 a3=1 threads=8 calls=127 elapsed_us=6205
GGML_CPU_SHAPE_PROFILE phase=node_wall name=node_160 a=blk.2.attn_output.weight at=q4_0 bt=f32 k=2048 m=2560 n=2 b2=1 b3=1 a2=1 a3=1 threads=8 calls=1 elapsed_us=106
GGML_CPU_SHAPE_PROFILE phase=repack_pack_thread name=Vcur-6 a=blk.6.attn_v.weight at=q4_0 bt=f32 k=2560 m=512 n=2 b2=1 b3=1 a2=1 a3=1 threads=8 calls=8 elapsed_us=2
GGML_CPU_SHAPE_PROFILE phase=generic_pack_thread name=kq-11 a=cache_k_l11 (view) (permuted) at=f16 bt=f32 k=512 m=64768 n=21 b2=8 b3=1 a2=2 a3=1 threads=16 calls=16 elapsed_us=259
GGML_CPU_SHAPE_PROFILE phase=node_wall name=kqv-36 a=cache_v_l22 (view) (permuted) at=f16 bt=f32 k=256 m=256 n=2 b2=8 b3=1 a2=2 a3=1 threads=8 calls=1 elapsed_us=44
GGML_CPU_SHAPE_PROFILE phase=repack_pack_thread name=ffn_out-16 a=blk.16.ffn_down.weight at=q4_0 bt=f32 k=10240 m=2560 n=1 b2=1 b3=1 a2=1 a3=1 threads=8 calls=1016 elapsed_us=707
GGML_CPU_SHAPE_PROFILE phase=node_wall name=node_2029 a=blk.40.proj.weight at=q4_0 bt=f32 k=256 m=2560 n=2 b2=1 b3=1 a2=1 a3=1 threads=8 calls=1 elapsed_us=25
GGML_CPU_SHAPE_PROFILE phase=repack_pack_thread name=Kcur-23 a=blk.23.attn_k.weight at=q4_0 bt=f32 k=2560 m=1024 n=4 b2=1 b3=1 a2=1 a3=1 threads=8 calls=8 elapsed_us=2
GGML_CPU_SHAPE_PROFILE phase=node_wall name=node_620 a=blk.10.inp_gate.weight at=q4_0 bt=f32 k=2560 m=256 n=2 b2=1 b3=1 a2=1 a3=1 threads=8 calls=1 elapsed_us=28
GGML_CPU_SHAPE_PROFILE phase=repack_pack_thread name=node_233 a=blk.3.proj.weight at=q4_0 bt=f32 k=256 m=2560 n=2 b2=1 b3=1 a2=1 a3=1 threads=8 calls=8 elapsed_us=0
GGML_CPU_SHAPE_PROFILE phase=repack_pack_thread name=Kcur-2 a=blk.2.attn_k.weight at=q4_0 bt=f32 k=2560 m=512 n=2 b2=1 b3=1 a2=1 a3=1 threads=8 calls=8 elapsed_us=4
GGML_CPU_SHAPE_PROFILE phase=node_wall name=kqv-28 a=cache_v_l22 (view) (permuted) at=f16 bt=f32 k=256 m=256 n=2 b2=8 b3=1 a2=2 a3=1 threads=8 calls=1 elapsed_us=42
GGML_CPU_SHAPE_PROFILE phase=repack_pack_thread name=node_2029 a=blk.40.proj.weight at=q4_0 bt=f32 k=256 m=2560 n=21 b2=1 b3=1 a2=1 a3=1 threads=16 calls=16 elapsed_us=4
GGML_CPU_SHAPE_PROFILE phase=repack_pack_thread name=Qcur-10 a=blk.10.attn_q.weight at=q4_0 bt=f32 k=2560 m=2048 n=21 b2=1 b3=1 a2=1 a3=1 threads=16 calls=16 elapsed_us=35
GGML_CPU_SHAPE_PROFILE phase=repack_pack_thread name=Qcur-36 a=blk.36.attn_q.weight at=q4_0 bt=f32 k=2560 m=2048 n=21 b2=1 b3=1 a2=1 a3=1 threads=16 calls=16 elapsed_us=28
GGML_CPU_SHAPE_PROFILE phase=repack_pack_thread name=node_830 a=blk.14.attn_output.weight at=q4_0 bt=f32 k=2048 m=2560 n=2 b2=1 b3=1 a2=1 a3=1 threads=8 calls=8 elapsed_us=3
GGML_CPU_SHAPE_PROFILE phase=node_wall name=ffn_out-17 a=blk.17.ffn_down.weight at=q4_0 bt=f32 k=10240 m=2560 n=2 b2=1 b3=1 a2=1 a3=1 threads=8 calls=1 elapsed_us=490
GGML_CPU_SHAPE_PROFILE phase=repack_pack_thread name=Qcur-11 a=blk.11.attn_q.weight at=q4_0 bt=f32 k=2560 m=4096 n=21 b2=1 b3=1 a2=1 a3=1 threads=16 calls=16 elapsed_us=34
GGML_CPU_SHAPE_PROFILE phase=repack_pack_thread name=node_1412 a=blk.25.attn_output.weight at=q4_0 bt=f32 k=2048 m=2560 n=2 b2=1 b3=1 a2=1 a3=1 threads=8 calls=8 elapsed_us=3
GGML_CPU_SHAPE_PROFILE phase=repack_pack_thread name=Qcur-11 a=blk.11.attn_q.weight at=q4_0 bt=f32 k=2560 m=4096 n=2 b2=1 b3=1 a2=1 a3=1 threads=8 calls=8 elapsed_us=3
GGML_CPU_SHAPE_PROFILE phase=repack_pack_thread name=node_1014 a=blk.17.proj.weight at=q4_0 bt=f32 k=256 m=2560 n=2 b2=1 b3=1 a2=1 a3=1 threads=8 calls=8 elapsed_us=0
GGML_CPU_SHAPE_PROFILE phase=node_wall name=Kcur-22 a=blk.22.attn_k.weight at=q4_0 bt=f32 k=2560 m=512 n=1 b2=1 b3=1 a2=1 a3=1 threads=8 calls=127 elapsed_us=3783
GGML_CPU_SHAPE_PROFILE phase=generic_pack_thread name=kq-11 a=cache_k_l11 (view) (permuted) at=f16 bt=f32 k=512 m=256 n=2 b2=8 b3=1 a2=2 a3=1 threads=8 calls=8 elapsed_us=11
GGML_CPU_SHAPE_PROFILE phase=node_wall name=ffn_out-12 a=blk.12.ffn_down.weight at=q4_0 bt=f32 k=10240 m=2560 n=2 b2=1 b3=1 a2=1 a3=1 threads=8 calls=1 elapsed_us=494
GGML_CPU_SHAPE_PROFILE phase=node_wall name=node_1625 a=blk.30.inp_gate.weight at=q4_0 bt=f32 k=2560 m=256 n=1 b2=1 b3=1 a2=1 a3=1 threads=8 calls=127 elapsed_us=3170
GGML_CPU_SHAPE_PROFILE phase=node_wall name=kq-10 a=cache_k_l10 (view) (permuted) at=f16 bt=f32 k=256 m=256 n=2 b2=8 b3=1 a2=2 a3=1 threads=8 calls=1 elapsed_us=40
GGML_CPU_SHAPE_PROFILE phase=node_wall name=node_272 a=blk.4.attn_output.weight at=q4_0 bt=f32 k=2048 m=2560 n=4 b2=1 b3=1 a2=1 a3=1 threads=8 calls=1 elapsed_us=158
GGML_CPU_SHAPE_PROFILE phase=node_wall name=Vcur-20 a=blk.20.attn_v.weight at=q4_0 bt=f32 k=2560 m=512 n=1 b2=1 b3=1 a2=1 a3=1 threads=8 calls=127 elapsed_us=3678
GGML_CPU_SHAPE_PROFILE phase=node_wall name=ffn_gate-28 a=blk.28.ffn_gate.weight at=q4_0 bt=f32 k=2560 m=10240 n=2 b2=1 b3=1 a2=1 a3=1 threads=8 calls=1 elapsed_us=478
GGML_CPU_SHAPE_PROFILE phase=generic_pack_thread name=kq-10 a=cache_k_l10 (view) (permuted) at=f16 bt=f32 k=256 m=256 n=2 b2=8 b3=1 a2=2 a3=1 threads=8 calls=8 elapsed_us=6
GGML_CPU_SHAPE_PROFILE phase=repack_pack_thread name=node_1892 a=blk.37.attn_output.weight at=q4_0 bt=f32 k=2048 m=2560 n=2 b2=1 b3=1 a2=1 a3=1 threads=8 calls=8 elapsed_us=3
GGML_CPU_SHAPE_PROFILE phase=node_wall name=node_2029 a=blk.40.proj.weight at=q4_0 bt=f32 k=256 m=2560 n=4 b2=1 b3=1 a2=1 a3=1 threads=8 calls=1 elapsed_us=37
GGML_CPU_SHAPE_PROFILE phase=repack_pack_thread name=node_1492 a=blk.27.attn_output.weight at=q4_0 bt=f32 k=2048 m=2560 n=2 b2=1 b3=1 a2=1 a3=1 threads=8 calls=8 elapsed_us=2
GGML_CPU_SHAPE_PROFILE phase=node_wall name=node_173 a=blk.2.inp_gate.weight at=q4_0 bt=f32 k=2560 m=256 n=21 b2=1 b3=1 a2=1 a3=1 threads=16 calls=1 elapsed_us=190
GGML_CPU_SHAPE_PROFILE phase=node_wall name=ffn_out-38 a=blk.38.ffn_down.weight at=q4_0 bt=f32 k=10240 m=2560 n=1 b2=1 b3=1 a2=1 a3=1 threads=8 calls=127 elapsed_us=41570
GGML_CPU_SHAPE_PROFILE phase=repack_pack_thread name=ffn_gate-14 a=blk.14.ffn_gate.weight at=q4_0 bt=f32 k=2560 m=10240 n=2 b2=1 b3=1 a2=1 a3=1 threads=8 calls=8 elapsed_us=4
GGML_CPU_SHAPE_PROFILE phase=repack_pack_thread name=ffn_up-28 a=blk.28.ffn_up.weight at=q4_0 bt=f32 k=2560 m=10240 n=4 b2=1 b3=1 a2=1 a3=1 threads=8 calls=8 elapsed_us=2
GGML_CPU_SHAPE_PROFILE phase=repack_pack_thread name=node_1625 a=blk.30.inp_gate.weight at=q4_0 bt=f32 k=2560 m=256 n=1 b2=1 b3=1 a2=1 a3=1 threads=8 calls=1016 elapsed_us=198
GGML_CPU_SHAPE_PROFILE phase=node_wall name=Kcur-10 a=blk.10.attn_k.weight at=q4_0 bt=f32 k=2560 m=512 n=2 b2=1 b3=1 a2=1 a3=1 threads=8 calls=1 elapsed_us=38
GGML_CPU_SHAPE_PROFILE phase=node_wall name=ffn_up-41 a=blk.41.ffn_up.weight at=q4_0 bt=f32 k=2560 m=10240 n=4 b2=1 b3=1 a2=1 a3=1 threads=8 calls=1 elapsed_us=674
GGML_CPU_SHAPE_PROFILE phase=generic_pack_thread name=kqv-11 a=cache_v_l11 (view) (permuted) at=f16 bt=f32 k=256 m=512 n=2 b2=8 b3=1 a2=2 a3=1 threads=8 calls=8 elapsed_us=7
GGML_CPU_SHAPE_PROFILE phase=repack_pack_thread name=ffn_up-24 a=blk.24.ffn_up.weight at=q4_0 bt=f32 k=2560 m=10240 n=4 b2=1 b3=1 a2=1 a3=1 threads=8 calls=8 elapsed_us=2
GGML_CPU_SHAPE_PROFILE phase=generic_pack_thread name=kqv-35 a=cache_v_l23 (view) (permuted) at=f16 bt=f32 k=65024 m=512 n=1 b2=8 b3=1 a2=2 a3=1 threads=8 calls=336 elapsed_us=11394
GGML_CPU_SHAPE_PROFILE phase=node_wall name=node_564 a=blk.9.inp_gate.weight at=q4_0 bt=f32 k=2560 m=256 n=2 b2=1 b3=1 a2=1 a3=1 threads=8 calls=1 elapsed_us=38
GGML_CPU_SHAPE_PROFILE phase=repack_pack_thread name=node_1972 a=blk.39.attn_output.weight at=q4_0 bt=f32 k=2048 m=2560 n=21 b2=1 b3=1 a2=1 a3=1 threads=16 calls=16 elapsed_us=25
GGML_CPU_SHAPE_PROFILE phase=node_wall name=kqv-33 a=cache_v_l22 (view) (permuted) at=f16 bt=f32 k=256 m=256 n=2 b2=8 b3=1 a2=2 a3=1 threads=8 calls=1 elapsed_us=47
GGML_CPU_SHAPE_PROFILE phase=node_wall name=node_1178 a=blk.20.inp_gate.weight at=q4_0 bt=f32 k=2560 m=256 n=2 b2=1 b3=1 a2=1 a3=1 threads=8 calls=1 elapsed_us=30
GGML_CPU_SHAPE_PROFILE phase=node_wall name=ffn_up-21 a=blk.21.ffn_up.weight at=q4_0 bt=f32 k=2560 m=10240 n=2 b2=1 b3=1 a2=1 a3=1 threads=8 calls=1 elapsed_us=483
GGML_CPU_SHAPE_PROFILE phase=node_wall name=kq-3 a=cache_k_l3 (view) (permuted) at=f16 bt=f32 k=256 m=768 n=4 b2=8 b3=1 a2=2 a3=1 threads=8 calls=1 elapsed_us=135
GGML_CPU_SHAPE_PROFILE phase=node_wall name=Vcur-9 a=blk.9.attn_v.weight at=q4_0 bt=f32 k=2560 m=512 n=2 b2=1 b3=1 a2=1 a3=1 threads=8 calls=1 elapsed_us=38
GGML_CPU_SHAPE_PROFILE phase=node_wall name=ffn_gate-9 a=blk.9.ffn_gate.weight at=q4_0 bt=f32 k=2560 m=10240 n=2 b2=1 b3=1 a2=1 a3=1 threads=8 calls=1 elapsed_us=480
GGML_CPU_SHAPE_PROFILE phase=repack_pack_thread name=node_495 a=blk.8.attn_output.weight at=q4_0 bt=f32 k=2048 m=2560 n=2 b2=1 b3=1 a2=1 a3=1 threads=8 calls=8 elapsed_us=2
GGML_CPU_SHAPE_PROFILE phase=repack_pack_thread name=ffn_up-9 a=blk.9.ffn_up.weight at=q4_0 bt=f32 k=2560 m=10240 n=2 b2=1 b3=1 a2=1 a3=1 threads=8 calls=8 elapsed_us=4
GGML_CPU_SHAPE_PROFILE phase=node_wall name=kqv-16 a=cache_v_l16 (view) (permuted) at=f16 bt=f32 k=768 m=256 n=1 b2=8 b3=1 a2=2 a3=1 threads=8 calls=127 elapsed_us=9575
GGML_CPU_SHAPE_PROFILE phase=repack_pack_thread name=ffn_up-23 a=blk.23.ffn_up.weight at=q4_0 bt=f32 k=2560 m=10240 n=2 b2=1 b3=1 a2=1 a3=1 threads=8 calls=8 elapsed_us=3
GGML_CPU_SHAPE_PROFILE phase=node_wall name=node_1585 a=blk.29.inp_gate.weight at=q4_0 bt=f32 k=2560 m=256 n=2 b2=1 b3=1 a2=1 a3=1 threads=8 calls=1 elapsed_us=34
GGML_CPU_SHAPE_PROFILE phase=node_wall name=kqv-29 a=cache_v_l23 (view) (permuted) at=f16 bt=f32 k=256 m=512 n=2 b2=8 b3=1 a2=2 a3=1 threads=8 calls=1 elapsed_us=91
GGML_CPU_SHAPE_PROFILE phase=node_wall name=node_177 a=blk.2.proj.weight at=q4_0 bt=f32 k=256 m=2560 n=2 b2=1 b3=1 a2=1 a3=1 threads=8 calls=1 elapsed_us=26
GGML_CPU_SHAPE_PROFILE phase=node_wall name=Kcur-5 a=blk.5.attn_k.weight at=q4_0 bt=f32 k=2560 m=1024 n=1 b2=1 b3=1 a2=1 a3=1 threads=8 calls=127 elapsed_us=6110
GGML_CPU_SHAPE_PROFILE phase=node_wall name=Qcur-15 a=blk.15.attn_q.weight at=q4_0 bt=f32 k=2560 m=2048 n=2 b2=1 b3=1 a2=1 a3=1 threads=8 calls=1 elapsed_us=103
GGML_CPU_SHAPE_PROFILE phase=node_wall name=kqv-38 a=cache_v_l22 (view) (permuted) at=f16 bt=f32 k=768 m=256 n=21 b2=8 b3=1 a2=2 a3=1 threads=16 calls=1 elapsed_us=1062
GGML_CPU_SHAPE_PROFILE phase=repack_pack_thread name=Qcur-3 a=blk.3.attn_q.weight at=q4_0 bt=f32 k=2560 m=2048 n=4 b2=1 b3=1 a2=1 a3=1 threads=8 calls=8 elapsed_us=3
GGML_CPU_SHAPE_PROFILE phase=repack_pack_thread name=node_400 a=blk.6.proj.weight at=q4_0 bt=f32 k=256 m=2560 n=4 b2=1 b3=1 a2=1 a3=1 threads=8 calls=8 elapsed_us=0
GGML_CPU_SHAPE_PROFILE phase=repack_pack_thread name=node_1178 a=blk.20.inp_gate.weight at=q4_0 bt=f32 k=2560 m=256 n=2 b2=1 b3=1 a2=1 a3=1 threads=8 calls=8 elapsed_us=4
GGML_CPU_SHAPE_PROFILE phase=node_wall name=node_1182 a=blk.20.proj.weight at=q4_0 bt=f32 k=256 m=2560 n=2 b2=1 b3=1 a2=1 a3=1 threads=8 calls=1 elapsed_us=25
GGML_CPU_SHAPE_PROFILE phase=repack_pack_thread name=ffn_out-5 a=blk.5.ffn_down.weight at=q4_0 bt=f32 k=10240 m=2560 n=21 b2=1 b3=1 a2=1 a3=1 threads=16 calls=16 elapsed_us=101
GGML_CPU_SHAPE_PROFILE phase=node_wall name=node_272 a=blk.4.attn_output.weight at=q4_0 bt=f32 k=2048 m=2560 n=2 b2=1 b3=1 a2=1 a3=1 threads=8 calls=1 elapsed_us=115
GGML_CPU_SHAPE_PROFILE phase=node_wall name=kq-6 a=cache_k_l6 (view) (permuted) at=f16 bt=f32 k=256 m=768 n=21 b2=8 b3=1 a2=2 a3=1 threads=16 calls=1 elapsed_us=907
GGML_CPU_SHAPE_PROFILE phase=node_wall name=Kcur-8 a=blk.8.attn_k.weight at=q4_0 bt=f32 k=2560 m=512 n=2 b2=1 b3=1 a2=1 a3=1 threads=8 calls=1 elapsed_us=38
GGML_CPU_SHAPE_PROFILE phase=node_wall name=ffn_out-17 a=blk.17.ffn_down.weight at=q4_0 bt=f32 k=10240 m=2560 n=1 b2=1 b3=1 a2=1 a3=1 threads=8 calls=127 elapsed_us=40974
GGML_CPU_SHAPE_PROFILE phase=repack_pack_thread name=Kcur-8 a=blk.8.attn_k.weight at=q4_0 bt=f32 k=2560 m=512 n=2 b2=1 b3=1 a2=1 a3=1 threads=8 calls=8 elapsed_us=4
GGML_CPU_SHAPE_PROFILE phase=repack_pack_thread name=ffn_gate-3 a=blk.3.ffn_gate.weight at=q4_0 bt=f32 k=2560 m=10240 n=21 b2=1 b3=1 a2=1 a3=1 threads=16 calls=16 elapsed_us=29
GGML_CPU_SHAPE_PROFILE phase=node_wall name=Kcur-22 a=blk.22.attn_k.weight at=q4_0 bt=f32 k=2560 m=512 n=21 b2=1 b3=1 a2=1 a3=1 threads=16 calls=1 elapsed_us=110
GGML_CPU_SHAPE_PROFILE phase=repack_pack_thread name=node_1812 a=blk.35.attn_output.weight at=q4_0 bt=f32 k=4096 m=2560 n=21 b2=1 b3=1 a2=1 a3=1 threads=16 calls=16 elapsed_us=49
GGML_CPU_SHAPE_PROFILE phase=node_wall name=Qcur-10 a=blk.10.attn_q.weight at=q4_0 bt=f32 k=2560 m=2048 n=2 b2=1 b3=1 a2=1 a3=1 threads=8 calls=1 elapsed_us=106
GGML_CPU_SHAPE_PROFILE phase=repack_pack_thread name=node_1545 a=blk.28.inp_gate.weight at=q4_0 bt=f32 k=2560 m=256 n=2 b2=1 b3=1 a2=1 a3=1 threads=8 calls=8 elapsed_us=2
GGML_CPU_SHAPE_PROFILE phase=node_wall name=Vcur-14 a=blk.14.attn_v.weight at=q4_0 bt=f32 k=2560 m=512 n=2 b2=1 b3=1 a2=1 a3=1 threads=8 calls=1 elapsed_us=34
GGML_CPU_SHAPE_PROFILE phase=node_wall name=Qcur-7 a=blk.7.attn_q.weight at=q4_0 bt=f32 k=2560 m=2048 n=4 b2=1 b3=1 a2=1 a3=1 threads=8 calls=1 elapsed_us=147
GGML_CPU_SHAPE_PROFILE phase=repack_pack_thread name=node_791 a=blk.13.proj.weight at=q4_0 bt=f32 k=256 m=2560 n=2 b2=1 b3=1 a2=1 a3=1 threads=8 calls=8 elapsed_us=1
GGML_CPU_SHAPE_PROFILE phase=repack_pack_thread name=ffn_out-9 a=blk.9.ffn_down.weight at=q4_0 bt=f32 k=10240 m=2560 n=21 b2=1 b3=1 a2=1 a3=1 threads=16 calls=16 elapsed_us=130
GGML_CPU_SHAPE_PROFILE phase=repack_pack_thread name=node_1385 a=blk.24.inp_gate.weight at=q4_0 bt=f32 k=2560 m=256 n=2 b2=1 b3=1 a2=1 a3=1 threads=8 calls=8 elapsed_us=3
GGML_CPU_SHAPE_PROFILE phase=node_wall name=Vcur-11 a=blk.11.attn_v.weight at=q4_0 bt=f32 k=2560 m=1024 n=4 b2=1 b3=1 a2=1 a3=1 threads=8 calls=1 elapsed_us=85
GGML_CPU_SHAPE_PROFILE phase=repack_pack_thread name=Qcur-8 a=blk.8.attn_q.weight at=q4_0 bt=f32 k=2560 m=2048 n=2 b2=1 b3=1 a2=1 a3=1 threads=8 calls=8 elapsed_us=4
GGML_CPU_SHAPE_PROFILE phase=node_wall name=node_2012 a=blk.40.attn_output.weight at=q4_0 bt=f32 k=2048 m=2560 n=21 b2=1 b3=1 a2=1 a3=1 threads=16 calls=1 elapsed_us=385
GGML_CPU_SHAPE_PROFILE phase=generic_pack_thread name=kqv-40 a=cache_v_l22 (view) (permuted) at=f16 bt=f32 k=768 m=256 n=4 b2=8 b3=1 a2=2 a3=1 threads=8 calls=8 elapsed_us=31
GGML_CPU_SHAPE_PROFILE phase=repack_pack_thread name=ffn_gate-9 a=blk.9.ffn_gate.weight at=q4_0 bt=f32 k=2560 m=10240 n=4 b2=1 b3=1 a2=1 a3=1 threads=8 calls=8 elapsed_us=3
GGML_CPU_SHAPE_PROFILE phase=node_wall name=kqv-17 a=cache_v_l17 (view) (permuted) at=f16 bt=f32 k=64768 m=512 n=4 b2=8 b3=1 a2=2 a3=1 threads=8 calls=1 elapsed_us=23906
GGML_CPU_SHAPE_PROFILE phase=node_wall name=node_942 a=blk.16.attn_output.weight at=q4_0 bt=f32 k=2048 m=2560 n=1 b2=1 b3=1 a2=1 a3=1 threads=8 calls=127 elapsed_us=9528
GGML_CPU_SHAPE_PROFILE phase=node_wall name=Qcur-37 a=blk.37.attn_q.weight at=q4_0 bt=f32 k=2560 m=2048 n=2 b2=1 b3=1 a2=1 a3=1 threads=8 calls=1 elapsed_us=107
GGML_CPU_SHAPE_PROFILE phase=node_wall name=kqv-3 a=cache_v_l3 (view) (permuted) at=f16 bt=f32 k=768 m=256 n=1 b2=8 b3=1 a2=2 a3=1 threads=8 calls=127 elapsed_us=9661
GGML_CPU_SHAPE_PROFILE phase=node_wall name=kqv-23 a=cache_v_l23 (view) (permuted) at=f16 bt=f32 k=64768 m=512 n=21 b2=8 b3=1 a2=2 a3=1 threads=16 calls=1 elapsed_us=56741
GGML_CPU_SHAPE_PROFILE phase=node_wall name=kq-34 a=cache_k_l22 (view) (permuted) at=f16 bt=f32 k=256 m=256 n=2 b2=8 b3=1 a2=2 a3=1 threads=8 calls=1 elapsed_us=45
GGML_CPU_SHAPE_PROFILE phase=repack_pack_thread name=Qcur-19 a=blk.19.attn_q.weight at=q4_0 bt=f32 k=2560 m=2048 n=2 b2=1 b3=1 a2=1 a3=1 threads=8 calls=8 elapsed_us=3
GGML_CPU_SHAPE_PROFILE phase=repack_pack_thread name=node_1277 a=blk.22.attn_output.weight at=q4_0 bt=f32 k=2048 m=2560 n=1 b2=1 b3=1 a2=1 a3=1 threads=8 calls=1016 elapsed_us=172
GGML_CPU_SHAPE_PROFILE phase=repack_pack_thread name=node_774 a=blk.13.attn_output.weight at=q4_0 bt=f32 k=2048 m=2560 n=4 b2=1 b3=1 a2=1 a3=1 threads=8 calls=8 elapsed_us=3
GGML_CPU_SHAPE_PROFILE phase=node_wall name=ffn_gate-7 a=blk.7.ffn_gate.weight at=q4_0 bt=f32 k=2560 m=10240 n=2 b2=1 b3=1 a2=1 a3=1 threads=8 calls=1 elapsed_us=474
GGML_CPU_SHAPE_PROFILE phase=repack_pack_thread name=ffn_up-31 a=blk.31.ffn_up.weight at=q4_0 bt=f32 k=2560 m=10240 n=2 b2=1 b3=1 a2=1 a3=1 threads=8 calls=8 elapsed_us=4
GGML_CPU_SHAPE_PROFILE phase=node_wall name=kqv-5 a=cache_v_l5 (view) (permuted) at=f16 bt=f32 k=256 m=512 n=2 b2=8 b3=1 a2=2 a3=1 threads=8 calls=1 elapsed_us=72
GGML_CPU_SHAPE_PROFILE phase=repack_pack_thread name=node_1509 a=blk.27.proj.weight at=q4_0 bt=f32 k=256 m=2560 n=1 b2=1 b3=1 a2=1 a3=1 threads=8 calls=1016 elapsed_us=41
GGML_CPU_SHAPE_PROFILE phase=node_wall name=node_439 a=blk.7.attn_output.weight at=q4_0 bt=f32 k=2048 m=2560 n=2 b2=1 b3=1 a2=1 a3=1 threads=8 calls=1 elapsed_us=107
GGML_CPU_SHAPE_PROFILE phase=generic_pack_thread name=kq-3 a=cache_k_l3 (view) (permuted) at=f16 bt=f32 k=256 m=256 n=2 b2=8 b3=1 a2=2 a3=1 threads=8 calls=8 elapsed_us=8
GGML_CPU_SHAPE_PROFILE phase=node_wall name=node_624 a=blk.10.proj.weight at=q4_0 bt=f32 k=256 m=2560 n=21 b2=1 b3=1 a2=1 a3=1 threads=16 calls=1 elapsed_us=2627
GGML_CPU_SHAPE_PROFILE phase=generic_pack_thread name=kq-19 a=cache_k_l19 (view) (permuted) at=f16 bt=f32 k=256 m=256 n=2 b2=8 b3=1 a2=2 a3=1 threads=8 calls=8 elapsed_us=8
GGML_CPU_SHAPE_PROFILE phase=repack_pack_thread name=node_1612 a=blk.30.attn_output.weight at=q4_0 bt=f32 k=2048 m=2560 n=2 b2=1 b3=1 a2=1 a3=1 threads=8 calls=8 elapsed_us=3
GGML_CPU_SHAPE_PROFILE phase=repack_pack_thread name=Qcur-32 a=blk.32.attn_q.weight at=q4_0 bt=f32 k=2560 m=2048 n=1 b2=1 b3=1 a2=1 a3=1 threads=8 calls=1016 elapsed_us=187
GGML_CPU_SHAPE_PROFILE phase=repack_pack_thread name=node_439 a=blk.7.attn_output.weight at=q4_0 bt=f32 k=2048 m=2560 n=2 b2=1 b3=1 a2=1 a3=1 threads=8 calls=8 elapsed_us=3
GGML_CPU_SHAPE_PROFILE phase=node_wall name=ffn_gate-14 a=blk.14.ffn_gate.weight at=q4_0 bt=f32 k=2560 m=10240 n=21 b2=1 b3=1 a2=1 a3=1 threads=16 calls=1 elapsed_us=2412
GGML_CPU_SHAPE_PROFILE phase=repack_pack_thread name=ffn_out-5 a=blk.5.ffn_down.weight at=q4_0 bt=f32 k=10240 m=2560 n=2 b2=1 b3=1 a2=1 a3=1 threads=8 calls=8 elapsed_us=12
GGML_CPU_SHAPE_PROFILE phase=node_wall name=ffn_gate-22 a=blk.22.ffn_gate.weight at=q4_0 bt=f32 k=2560 m=10240 n=21 b2=1 b3=1 a2=1 a3=1 threads=16 calls=1 elapsed_us=1626
GGML_CPU_SHAPE_PROFILE phase=repack_pack_thread name=Qcur-29 a=blk.29.attn_q.weight at=q4_0 bt=f32 k=2560 m=4096 n=21 b2=1 b3=1 a2=1 a3=1 threads=16 calls=16 elapsed_us=28
GGML_CPU_SHAPE_PROFILE phase=node_wall name=node_675 a=blk.11.inp_gate.weight at=q4_0 bt=f32 k=2560 m=256 n=4 b2=1 b3=1 a2=1 a3=1 threads=8 calls=1 elapsed_us=43
GGML_CPU_SHAPE_PROFILE phase=repack_pack_thread name=Qcur-5 a=blk.5.attn_q.weight at=q4_0 bt=f32 k=2560 m=4096 n=2 b2=1 b3=1 a2=1 a3=1 threads=8 calls=8 elapsed_us=3
GGML_CPU_SHAPE_PROFILE phase=generic_pack_thread name=kqv-33 a=cache_v_l22 (view) (permuted) at=f16 bt=f32 k=768 m=256 n=1 b2=8 b3=1 a2=2 a3=1 threads=8 calls=1016 elapsed_us=1894
GGML_CPU_SHAPE_PROFILE phase=repack_pack_thread name=node_843 a=blk.14.inp_gate.weight at=q4_0 bt=f32 k=2560 m=256 n=2 b2=1 b3=1 a2=1 a3=1 threads=8 calls=8 elapsed_us=5
GGML_CPU_SHAPE_PROFILE phase=generic_pack_thread name=kq-7 a=cache_k_l7 (view) (permuted) at=f16 bt=f32 k=256 m=256 n=2 b2=8 b3=1 a2=2 a3=1 threads=8 calls=8 elapsed_us=5
GGML_CPU_SHAPE_PROFILE phase=node_wall name=Vcur-7 a=blk.7.attn_v.weight at=q4_0 bt=f32 k=2560 m=512 n=2 b2=1 b3=1 a2=1 a3=1 threads=8 calls=1 elapsed_us=36
GGML_CPU_SHAPE_PROFILE phase=repack_pack_thread name=ffn_gate-36 a=blk.36.ffn_gate.weight at=q4_0 bt=f32 k=2560 m=10240 n=2 b2=1 b3=1 a2=1 a3=1 threads=8 calls=8 elapsed_us=2
GGML_CPU_SHAPE_PROFILE phase=repack_pack_thread name=node_39 a=blk.0.attn_output.weight at=q4_0 bt=f32 k=2048 m=2560 n=2 b2=1 b3=1 a2=1 a3=1 threads=8 calls=8 elapsed_us=4
GGML_CPU_SHAPE_PROFILE phase=repack_pack_thread name=ffn_gate-41 a=blk.41.ffn_gate.weight at=q4_0 bt=f32 k=2560 m=10240 n=21 b2=1 b3=1 a2=1 a3=1 threads=16 calls=16 elapsed_us=27
GGML_CPU_SHAPE_PROFILE phase=node_wall name=kq-13 a=cache_k_l13 (view) (permuted) at=f16 bt=f32 k=256 m=256 n=2 b2=8 b3=1 a2=2 a3=1 threads=8 calls=1 elapsed_us=55
GGML_CPU_SHAPE_PROFILE phase=generic_pack_thread name=kqv-4 a=cache_v_l4 (view) (permuted) at=f16 bt=f32 k=768 m=256 n=21 b2=8 b3=1 a2=2 a3=1 threads=16 calls=16 elapsed_us=230
GGML_CPU_SHAPE_PROFILE phase=node_wall name=node_1372 a=blk.24.attn_output.weight at=q4_0 bt=f32 k=2048 m=2560 n=2 b2=1 b3=1 a2=1 a3=1 threads=8 calls=1 elapsed_us=105
GGML_CPU_SHAPE_PROFILE phase=generic_pack_thread name=kq-5 a=cache_k_l5 (view) (permuted) at=f16 bt=f32 k=512 m=65024 n=1 b2=8 b3=1 a2=2 a3=1 threads=8 calls=336 elapsed_us=198
GGML_CPU_SHAPE_PROFILE phase=node_wall name=node_1905 a=blk.37.inp_gate.weight at=q4_0 bt=f32 k=2560 m=256 n=2 b2=1 b3=1 a2=1 a3=1 threads=8 calls=1 elapsed_us=36
GGML_CPU_SHAPE_PROFILE phase=generic_pack_thread name=kqv-21 a=cache_v_l21 (view) (permuted) at=f16 bt=f32 k=768 m=256 n=21 b2=8 b3=1 a2=2 a3=1 threads=16 calls=16 elapsed_us=289
GGML_CPU_SHAPE_PROFILE phase=generic_pack_thread name=kqv-10 a=cache_v_l10 (view) (permuted) at=f16 bt=f32 k=768 m=256 n=1 b2=8 b3=1 a2=2 a3=1 threads=8 calls=1016 elapsed_us=1827
GGML_CPU_SHAPE_PROFILE phase=generic_pack_thread name=kqv-17 a=cache_v_l17 (view) (permuted) at=f16 bt=f32 k=64768 m=512 n=4 b2=8 b3=1 a2=2 a3=1 threads=8 calls=8 elapsed_us=1065
GGML_CPU_SHAPE_PROFILE phase=generic_pack_thread name=kq-10 a=cache_k_l10 (view) (permuted) at=f16 bt=f32 k=256 m=768 n=21 b2=8 b3=1 a2=2 a3=1 threads=16 calls=16 elapsed_us=168
GGML_CPU_SHAPE_PROFILE phase=repack_pack_thread name=ffn_gate-24 a=blk.24.ffn_gate.weight at=q4_0 bt=f32 k=2560 m=10240 n=2 b2=1 b3=1 a2=1 a3=1 threads=8 calls=8 elapsed_us=4
GGML_CPU_SHAPE_PROFILE phase=node_wall name=Qcur-27 a=blk.27.attn_q.weight at=q4_0 bt=f32 k=2560 m=2048 n=4 b2=1 b3=1 a2=1 a3=1 threads=8 calls=1 elapsed_us=99
GGML_CPU_SHAPE_PROFILE phase=node_wall name=ffn_gate-10 a=blk.10.ffn_gate.weight at=q4_0 bt=f32 k=2560 m=10240 n=2 b2=1 b3=1 a2=1 a3=1 threads=8 calls=1 elapsed_us=484
GGML_CPU_SHAPE_PROFILE phase=repack_pack_thread name=Vcur-7 a=blk.7.attn_v.weight at=q4_0 bt=f32 k=2560 m=512 n=2 b2=1 b3=1 a2=1 a3=1 threads=8 calls=8 elapsed_us=3
GGML_CPU_SHAPE_PROFILE phase=node_wall name=ffn_out-23 a=blk.23.ffn_down.weight at=q4_0 bt=f32 k=10240 m=2560 n=4 b2=1 b3=1 a2=1 a3=1 threads=8 calls=1 elapsed_us=580
GGML_CPU_SHAPE_PROFILE phase=generic_pack_thread name=kq-13 a=cache_k_l13 (view) (permuted) at=f16 bt=f32 k=256 m=256 n=2 b2=8 b3=1 a2=2 a3=1 threads=8 calls=8 elapsed_us=6
GGML_CPU_SHAPE_PROFILE phase=repack_pack_thread name=Kcur-1 a=blk.1.attn_k.weight at=q4_0 bt=f32 k=2560 m=512 n=2 b2=1 b3=1 a2=1 a3=1 threads=8 calls=8 elapsed_us=3
GGML_CPU_SHAPE_PROFILE phase=node_wall name=ffn_up-2 a=blk.2.ffn_up.weight at=q4_0 bt=f32 k=2560 m=10240 n=2 b2=1 b3=1 a2=1 a3=1 threads=8 calls=1 elapsed_us=495
GGML_CPU_SHAPE_PROFILE phase=repack_pack_thread name=ffn_gate-22 a=blk.22.ffn_gate.weight at=q4_0 bt=f32 k=2560 m=10240 n=2 b2=1 b3=1 a2=1 a3=1 threads=8 calls=8 elapsed_us=3
GGML_CPU_SHAPE_PROFILE phase=node_wall name=kqv-1 a=cache_v_l1 (view) (permuted) at=f16 bt=f32 k=768 m=256 n=21 b2=8 b3=1 a2=2 a3=1 threads=16 calls=1 elapsed_us=385
GGML_CPU_SHAPE_PROFILE phase=node_wall name=node_400 a=blk.6.proj.weight at=q4_0 bt=f32 k=256 m=2560 n=2 b2=1 b3=1 a2=1 a3=1 threads=8 calls=1 elapsed_us=204
GGML_CPU_SHAPE_PROFILE phase=generic_pack_thread name=kqv-1 a=cache_v_l1 (view) (permuted) at=f16 bt=f32 k=768 m=256 n=21 b2=8 b3=1 a2=2 a3=1 threads=16 calls=16 elapsed_us=251
GGML_CPU_SHAPE_PROFILE phase=repack_pack_thread name=ffn_gate-25 a=blk.25.ffn_gate.weight at=q4_0 bt=f32 k=2560 m=10240 n=2 b2=1 b3=1 a2=1 a3=1 threads=8 calls=8 elapsed_us=3
GGML_CPU_SHAPE_PROFILE phase=repack_pack_thread name=node_1372 a=blk.24.attn_output.weight at=q4_0 bt=f32 k=2048 m=2560 n=21 b2=1 b3=1 a2=1 a3=1 threads=16 calls=16 elapsed_us=22
GGML_CPU_SHAPE_PROFILE phase=repack_pack_thread name=ffn_gate-8 a=blk.8.ffn_gate.weight at=q4_0 bt=f32 k=2560 m=10240 n=1 b2=1 b3=1 a2=1 a3=1 threads=8 calls=1016 elapsed_us=188
GGML_CPU_SHAPE_PROFILE phase=repack_pack_thread name=node_564 a=blk.9.inp_gate.weight at=q4_0 bt=f32 k=2560 m=256 n=4 b2=1 b3=1 a2=1 a3=1 threads=8 calls=8 elapsed_us=3
GGML_CPU_SHAPE_PROFILE phase=node_wall name=node_731 a=blk.12.inp_gate.weight at=q4_0 bt=f32 k=2560 m=256 n=2 b2=1 b3=1 a2=1 a3=1 threads=8 calls=1 elapsed_us=34
GGML_CPU_SHAPE_PROFILE phase=repack_pack_thread name=node_1345 a=blk.23.inp_gate.weight at=q4_0 bt=f32 k=2560 m=256 n=21 b2=1 b3=1 a2=1 a3=1 threads=16 calls=16 elapsed_us=33
GGML_CPU_SHAPE_PROFILE phase=node_wall name=Qcur-34 a=blk.34.attn_q.weight at=q4_0 bt=f32 k=2560 m=2048 n=4 b2=1 b3=1 a2=1 a3=1 threads=8 calls=1 elapsed_us=113
GGML_CPU_SHAPE_PROFILE phase=repack_pack_thread name=ffn_out-6 a=blk.6.ffn_down.weight at=q4_0 bt=f32 k=10240 m=2560 n=2 b2=1 b3=1 a2=1 a3=1 threads=8 calls=8 elapsed_us=12
GGML_CPU_SHAPE_PROFILE phase=node_wall name=node_1629 a=blk.30.proj.weight at=q4_0 bt=f32 k=256 m=2560 n=21 b2=1 b3=1 a2=1 a3=1 threads=16 calls=1 elapsed_us=267
GGML_CPU_SHAPE_PROFILE phase=node_wall name=Vcur-2 a=blk.2.attn_v.weight at=q4_0 bt=f32 k=2560 m=512 n=4 b2=1 b3=1 a2=1 a3=1 threads=8 calls=1 elapsed_us=79
GGML_CPU_SHAPE_PROFILE phase=node_wall name=kqv-34 a=cache_v_l22 (view) (permuted) at=f16 bt=f32 k=256 m=256 n=2 b2=8 b3=1 a2=2 a3=1 threads=8 calls=1 elapsed_us=46
GGML_CPU_SHAPE_PROFILE phase=node_wall name=node_675 a=blk.11.inp_gate.weight at=q4_0 bt=f32 k=2560 m=256 n=2 b2=1 b3=1 a2=1 a3=1 threads=8 calls=1 elapsed_us=28
GGML_CPU_SHAPE_PROFILE phase=node_wall name=Kcur-0 a=blk.0.attn_k.weight at=q4_0 bt=f32 k=2560 m=512 n=2 b2=1 b3=1 a2=1 a3=1 threads=8 calls=1 elapsed_us=45
GGML_CPU_SHAPE_PROFILE phase=repack_pack_thread name=ffn_gate-25 a=blk.25.ffn_gate.weight at=q4_0 bt=f32 k=2560 m=10240 n=21 b2=1 b3=1 a2=1 a3=1 threads=16 calls=16 elapsed_us=28
GGML_CPU_SHAPE_PROFILE phase=repack_pack_thread name=ffn_up-30 a=blk.30.ffn_up.weight at=q4_0 bt=f32 k=2560 m=10240 n=21 b2=1 b3=1 a2=1 a3=1 threads=16 calls=16 elapsed_us=40
GGML_CPU_SHAPE_PROFILE phase=repack_pack_thread name=ffn_up-6 a=blk.6.ffn_up.weight at=q4_0 bt=f32 k=2560 m=10240 n=2 b2=1 b3=1 a2=1 a3=1 threads=8 calls=8 elapsed_us=3
GGML_CPU_SHAPE_PROFILE phase=node_wall name=node_39 a=blk.0.attn_output.weight at=q4_0 bt=f32 k=2048 m=2560 n=2 b2=1 b3=1 a2=1 a3=1 threads=8 calls=1 elapsed_us=121
GGML_CPU_SHAPE_PROFILE phase=node_wall name=ffn_gate-6 a=blk.6.ffn_gate.weight at=q4_0 bt=f32 k=2560 m=10240 n=2 b2=1 b3=1 a2=1 a3=1 threads=8 calls=1 elapsed_us=484
GGML_CPU_SHAPE_PROFILE phase=node_wall name=node_1492 a=blk.27.attn_output.weight at=q4_0 bt=f32 k=2048 m=2560 n=21 b2=1 b3=1 a2=1 a3=1 threads=16 calls=1 elapsed_us=532
GGML_CPU_SHAPE_PROFILE phase=repack_pack_thread name=Qcur-39 a=blk.39.attn_q.weight at=q4_0 bt=f32 k=2560 m=2048 n=2 b2=1 b3=1 a2=1 a3=1 threads=8 calls=8 elapsed_us=3
GGML_CPU_SHAPE_PROFILE phase=node_wall name=kq-23 a=cache_k_l23 (view) (permuted) at=f16 bt=f32 k=512 m=64768 n=21 b2=8 b3=1 a2=2 a3=1 threads=16 calls=1 elapsed_us=37556
GGML_CPU_SHAPE_PROFILE phase=node_wall name=Qcur-2 a=blk.2.attn_q.weight at=q4_0 bt=f32 k=2560 m=2048 n=21 b2=1 b3=1 a2=1 a3=1 threads=16 calls=1 elapsed_us=349
GGML_CPU_SHAPE_PROFILE phase=repack_pack_thread name=ffn_gate-0 a=blk.0.ffn_gate.weight at=q4_0 bt=f32 k=2560 m=10240 n=21 b2=1 b3=1 a2=1 a3=1 threads=16 calls=16 elapsed_us=29
GGML_CPU_SHAPE_PROFILE phase=node_wall name=ffn_up-37 a=blk.37.ffn_up.weight at=q4_0 bt=f32 k=2560 m=10240 n=4 b2=1 b3=1 a2=1 a3=1 threads=8 calls=1 elapsed_us=659
GGML_CPU_SHAPE_PROFILE phase=repack_pack_thread name=Qcur-7 a=blk.7.attn_q.weight at=q4_0 bt=f32 k=2560 m=2048 n=2 b2=1 b3=1 a2=1 a3=1 threads=8 calls=8 elapsed_us=3
GGML_CPU_SHAPE_PROFILE phase=node_wall name=kq-0 a=cache_k_l0 (view) (permuted) at=f16 bt=f32 k=256 m=768 n=21 b2=8 b3=1 a2=2 a3=1 threads=16 calls=1 elapsed_us=3229
GGML_CPU_SHAPE_PROFILE phase=repack_pack_thread name=node_117 a=blk.1.inp_gate.weight at=q4_0 bt=f32 k=2560 m=256 n=4 b2=1 b3=1 a2=1 a3=1 threads=8 calls=8 elapsed_us=3
GGML_CPU_SHAPE_PROFILE phase=repack_pack_thread name=Vcur-18 a=blk.18.attn_v.weight at=q4_0 bt=f32 k=2560 m=512 n=2 b2=1 b3=1 a2=1 a3=1 threads=8 calls=8 elapsed_us=3
GGML_CPU_SHAPE_PROFILE phase=node_wall name=node_383 a=blk.6.attn_output.weight at=q4_0 bt=f32 k=2048 m=2560 n=2 b2=1 b3=1 a2=1 a3=1 threads=8 calls=1 elapsed_us=106
GGML_CPU_SHAPE_PROFILE phase=node_wall name=kq-3 a=cache_k_l3 (view) (permuted) at=f16 bt=f32 k=256 m=768 n=21 b2=8 b3=1 a2=2 a3=1 threads=16 calls=1 elapsed_us=845
GGML_CPU_SHAPE_PROFILE phase=repack_pack_thread name=node_959 a=blk.16.proj.weight at=q4_0 bt=f32 k=256 m=2560 n=4 b2=1 b3=1 a2=1 a3=1 threads=8 calls=8 elapsed_us=0
GGML_CPU_SHAPE_PROFILE phase=node_wall name=kqv-22 a=cache_v_l22 (view) (permuted) at=f16 bt=f32 k=768 m=256 n=1 b2=8 b3=1 a2=2 a3=1 threads=8 calls=127 elapsed_us=9582
GGML_CPU_SHAPE_PROFILE phase=node_wall name=kq-6 a=cache_k_l6 (view) (permuted) at=f16 bt=f32 k=256 m=256 n=2 b2=8 b3=1 a2=2 a3=1 threads=8 calls=1 elapsed_us=42
GGML_CPU_SHAPE_PROFILE phase=node_wall name=node_1732 a=blk.33.attn_output.weight at=q4_0 bt=f32 k=2048 m=2560 n=21 b2=1 b3=1 a2=1 a3=1 threads=16 calls=1 elapsed_us=683
GGML_CPU_SHAPE_PROFILE phase=repack_pack_thread name=ffn_out-40 a=blk.40.ffn_down.weight at=q4_0 bt=f32 k=10240 m=2560 n=21 b2=1 b3=1 a2=1 a3=1 threads=16 calls=16 elapsed_us=99
GGML_CPU_SHAPE_PROFILE phase=repack_pack_thread name=ffn_out-3 a=blk.3.ffn_down.weight at=q4_0 bt=f32 k=10240 m=2560 n=2 b2=1 b3=1 a2=1 a3=1 threads=8 calls=8 elapsed_us=12
GGML_CPU_SHAPE_PROFILE phase=node_wall name=kqv-4 a=cache_v_l4 (view) (permuted) at=f16 bt=f32 k=256 m=256 n=2 b2=8 b3=1 a2=2 a3=1 threads=8 calls=1 elapsed_us=44
GGML_CPU_SHAPE_PROFILE phase=node_wall name=node_1238 a=blk.21.proj.weight at=q4_0 bt=f32 k=256 m=2560 n=2 b2=1 b3=1 a2=1 a3=1 threads=8 calls=1 elapsed_us=28
GGML_CPU_SHAPE_PROFILE phase=node_wall name=Qcur-13 a=blk.13.attn_q.weight at=q4_0 bt=f32 k=2560 m=2048 n=2 b2=1 b3=1 a2=1 a3=1 threads=8 calls=1 elapsed_us=110
GGML_CPU_SHAPE_PROFILE phase=generic_pack_thread name=kqv-9 a=cache_v_l9 (view) (permuted) at=f16 bt=f32 k=768 m=256 n=21 b2=8 b3=1 a2=2 a3=1 threads=16 calls=16 elapsed_us=225
GGML_CPU_SHAPE_PROFILE phase=node_wall name=kqv-38 a=cache_v_l22 (view) (permuted) at=f16 bt=f32 k=256 m=256 n=2 b2=8 b3=1 a2=2 a3=1 threads=8 calls=1 elapsed_us=44
GGML_CPU_SHAPE_PROFILE phase=repack_pack_thread name=node_791 a=blk.13.proj.weight at=q4_0 bt=f32 k=256 m=2560 n=1 b2=1 b3=1 a2=1 a3=1 threads=8 calls=1016 elapsed_us=33
GGML_CPU_SHAPE_PROFILE phase=repack_pack_thread name=Vcur-23 a=blk.23.attn_v.weight at=q4_0 bt=f32 k=2560 m=1024 n=2 b2=1 b3=1 a2=1 a3=1 threads=8 calls=8 elapsed_us=2
GGML_CPU_SHAPE_PROFILE phase=node_wall name=node_1290 a=blk.22.inp_gate.weight at=q4_0 bt=f32 k=2560 m=256 n=2 b2=1 b3=1 a2=1 a3=1 threads=8 calls=1 elapsed_us=31
GGML_CPU_SHAPE_PROFILE phase=node_wall name=node_344 a=blk.5.proj.weight at=q4_0 bt=f32 k=256 m=2560 n=2 b2=1 b3=1 a2=1 a3=1 threads=8 calls=1 elapsed_us=48
GGML_CPU_SHAPE_PROFILE phase=node_wall name=ffn_up-26 a=blk.26.ffn_up.weight at=q4_0 bt=f32 k=2560 m=10240 n=1 b2=1 b3=1 a2=1 a3=1 threads=8 calls=127 elapsed_us=40276
GGML_CPU_SHAPE_PROFILE phase=node_wall name=node_285 a=blk.4.inp_gate.weight at=q4_0 bt=f32 k=2560 m=256 n=21 b2=1 b3=1 a2=1 a3=1 threads=16 calls=1 elapsed_us=90
GGML_CPU_SHAPE_PROFILE phase=node_wall name=kq-4 a=cache_k_l4 (view) (permuted) at=f16 bt=f32 k=256 m=256 n=2 b2=8 b3=1 a2=2 a3=1 threads=8 calls=1 elapsed_us=53
GGML_CPU_SHAPE_PROFILE phase=node_wall name=Vcur-15 a=blk.15.attn_v.weight at=q4_0 bt=f32 k=2560 m=512 n=4 b2=1 b3=1 a2=1 a3=1 threads=8 calls=1 elapsed_us=54
GGML_CPU_SHAPE_PROFILE phase=node_wall name=Vcur-5 a=blk.5.attn_v.weight at=q4_0 bt=f32 k=2560 m=1024 n=2 b2=1 b3=1 a2=1 a3=1 threads=8 calls=1 elapsed_us=83
GGML_CPU_SHAPE_PROFILE phase=node_wall name=node_289 a=blk.4.proj.weight at=q4_0 bt=f32 k=256 m=2560 n=2 b2=1 b3=1 a2=1 a3=1 threads=8 calls=1 elapsed_us=41
GGML_CPU_SHAPE_PROFILE phase=repack_pack_thread name=Vcur-3 a=blk.3.attn_v.weight at=q4_0 bt=f32 k=2560 m=512 n=21 b2=1 b3=1 a2=1 a3=1 threads=16 calls=16 elapsed_us=27
GGML_CPU_SHAPE_PROFILE phase=generic_pack_thread name=kq-23 a=cache_k_l23 (view) (permuted) at=f16 bt=f32 k=512 m=64768 n=4 b2=8 b3=1 a2=2 a3=1 threads=8 calls=8 elapsed_us=29
GGML_CPU_SHAPE_PROFILE phase=node_wall name=Qcur-22 a=blk.22.attn_q.weight at=q4_0 bt=f32 k=2560 m=2048 n=4 b2=1 b3=1 a2=1 a3=1 threads=8 calls=1 elapsed_us=286
GGML_CPU_SHAPE_PROFILE phase=generic_pack_thread name=kqv-2 a=cache_v_l2 (view) (permuted) at=f16 bt=f32 k=256 m=256 n=2 b2=8 b3=1 a2=2 a3=1 threads=8 calls=8 elapsed_us=3
GGML_CPU_SHAPE_PROFILE phase=node_wall name=node_1182 a=blk.20.proj.weight at=q4_0 bt=f32 k=256 m=2560 n=1 b2=1 b3=1 a2=1 a3=1 threads=8 calls=127 elapsed_us=2822
GGML_CPU_SHAPE_PROFILE phase=repack_pack_thread name=node_942 a=blk.16.attn_output.weight at=q4_0 bt=f32 k=2048 m=2560 n=2 b2=1 b3=1 a2=1 a3=1 threads=8 calls=8 elapsed_us=3
GGML_CPU_SHAPE_PROFILE phase=repack_pack_thread name=node_1772 a=blk.34.attn_output.weight at=q4_0 bt=f32 k=2048 m=2560 n=2 b2=1 b3=1 a2=1 a3=1 threads=8 calls=8 elapsed_us=3
GGML_CPU_SHAPE_PROFILE phase=node_wall name=Kcur-18 a=blk.18.attn_k.weight at=q4_0 bt=f32 k=2560 m=512 n=2 b2=1 b3=1 a2=1 a3=1 threads=8 calls=1 elapsed_us=38
GGML_CPU_SHAPE_PROFILE phase=repack_pack_thread name=node_512 a=blk.8.proj.weight at=q4_0 bt=f32 k=256 m=2560 n=21 b2=1 b3=1 a2=1 a3=1 threads=16 calls=16 elapsed_us=6
GGML_CPU_SHAPE_PROFILE phase=repack_pack_thread name=ffn_up-6 a=blk.6.ffn_up.weight at=q4_0 bt=f32 k=2560 m=10240 n=21 b2=1 b3=1 a2=1 a3=1 threads=16 calls=16 elapsed_us=31
GGML_CPU_SHAPE_PROFILE phase=node_wall name=kqv-41 a=cache_v_l23 (view) (permuted) at=f16 bt=f32 k=256 m=512 n=2 b2=8 b3=1 a2=2 a3=1 threads=8 calls=1 elapsed_us=93
GGML_CPU_SHAPE_PROFILE phase=repack_pack_thread name=node_1469 a=blk.26.proj.weight at=q4_0 bt=f32 k=256 m=2560 n=2 b2=1 b3=1 a2=1 a3=1 threads=8 calls=8 elapsed_us=1
GGML_CPU_SHAPE_PROFILE phase=repack_pack_thread name=node_452 a=blk.7.inp_gate.weight at=q4_0 bt=f32 k=2560 m=256 n=2 b2=1 b3=1 a2=1 a3=1 threads=8 calls=8 elapsed_us=2
GGML_CPU_SHAPE_PROFILE phase=repack_pack_thread name=Vcur-20 a=blk.20.attn_v.weight at=q4_0 bt=f32 k=2560 m=512 n=4 b2=1 b3=1 a2=1 a3=1 threads=8 calls=8 elapsed_us=2
GGML_CPU_SHAPE_PROFILE phase=node_wall name=node_1385 a=blk.24.inp_gate.weight at=q4_0 bt=f32 k=2560 m=256 n=4 b2=1 b3=1 a2=1 a3=1 threads=8 calls=1 elapsed_us=33
GGML_CPU_SHAPE_PROFILE phase=repack_pack_thread name=node_675 a=blk.11.inp_gate.weight at=q4_0 bt=f32 k=2560 m=256 n=1 b2=1 b3=1 a2=1 a3=1 threads=8 calls=1016 elapsed_us=206
GGML_CPU_SHAPE_PROFILE phase=repack_pack_thread name=Kcur-0 a=blk.0.attn_k.weight at=q4_0 bt=f32 k=2560 m=512 n=21 b2=1 b3=1 a2=1 a3=1 threads=16 calls=16 elapsed_us=34
GGML_CPU_SHAPE_PROFILE phase=node_wall name=node_1785 a=blk.34.inp_gate.weight at=q4_0 bt=f32 k=2560 m=256 n=21 b2=1 b3=1 a2=1 a3=1 threads=16 calls=1 elapsed_us=188
GGML_CPU_SHAPE_PROFILE phase=node_wall name=node_1705 a=blk.32.inp_gate.weight at=q4_0 bt=f32 k=2560 m=256 n=1 b2=1 b3=1 a2=1 a3=1 threads=8 calls=127 elapsed_us=3201
GGML_CPU_SHAPE_PROFILE phase=node_wall name=ffn_up-13 a=blk.13.ffn_up.weight at=q4_0 bt=f32 k=2560 m=10240 n=2 b2=1 b3=1 a2=1 a3=1 threads=8 calls=1 elapsed_us=481
GGML_CPU_SHAPE_PROFILE phase=node_wall name=node_1705 a=blk.32.inp_gate.weight at=q4_0 bt=f32 k=2560 m=256 n=4 b2=1 b3=1 a2=1 a3=1 threads=8 calls=1 elapsed_us=33
GGML_CPU_SHAPE_PROFILE phase=repack_pack_thread name=ffn_out-1 a=blk.1.ffn_down.weight at=q4_0 bt=f32 k=10240 m=2560 n=2 b2=1 b3=1 a2=1 a3=1 threads=8 calls=8 elapsed_us=13
GGML_CPU_SHAPE_PROFILE phase=node_wall name=node_1772 a=blk.34.attn_output.weight at=q4_0 bt=f32 k=2048 m=2560 n=2 b2=1 b3=1 a2=1 a3=1 threads=8 calls=1 elapsed_us=108
GGML_CPU_SHAPE_PROFILE phase=repack_pack_thread name=ffn_out-1 a=blk.1.ffn_down.weight at=q4_0 bt=f32 k=10240 m=2560 n=4 b2=1 b3=1 a2=1 a3=1 threads=8 calls=8 elapsed_us=13
GGML_CPU_SHAPE_PROFILE phase=repack_pack_thread name=node_1909 a=blk.37.proj.weight at=q4_0 bt=f32 k=256 m=2560 n=2 b2=1 b3=1 a2=1 a3=1 threads=8 calls=8 elapsed_us=1
GGML_CPU_SHAPE_PROFILE phase=repack_pack_thread name=ffn_out-39 a=blk.39.ffn_down.weight at=q4_0 bt=f32 k=10240 m=2560 n=2 b2=1 b3=1 a2=1 a3=1 threads=8 calls=8 elapsed_us=12
GGML_CPU_SHAPE_PROFILE phase=node_wall name=ffn_up-1 a=blk.1.ffn_up.weight at=q4_0 bt=f32 k=2560 m=10240 n=2 b2=1 b3=1 a2=1 a3=1 threads=8 calls=1 elapsed_us=524
GGML_CPU_SHAPE_PROFILE phase=repack_pack_thread name=ffn_out-0 a=blk.0.ffn_down.weight at=q4_0 bt=f32 k=10240 m=2560 n=1 b2=1 b3=1 a2=1 a3=1 threads=8 calls=1016 elapsed_us=735
GGML_CPU_SHAPE_PROFILE phase=node_wall name=ffn_up-3 a=blk.3.ffn_up.weight at=q4_0 bt=f32 k=2560 m=10240 n=2 b2=1 b3=1 a2=1 a3=1 threads=8 calls=1 elapsed_us=525
GGML_CPU_SHAPE_PROFILE phase=node_wall name=kq-8 a=cache_k_l8 (view) (permuted) at=f16 bt=f32 k=256 m=256 n=2 b2=8 b3=1 a2=2 a3=1 threads=8 calls=1 elapsed_us=43
GGML_CPU_SHAPE_PROFILE phase=repack_pack_thread name=Qcur-0 a=blk.0.attn_q.weight at=q4_0 bt=f32 k=2560 m=2048 n=21 b2=1 b3=1 a2=1 a3=1 threads=16 calls=16 elapsed_us=98
GGML_CPU_SHAPE_PROFILE phase=repack_pack_thread name=node_1692 a=blk.32.attn_output.weight at=q4_0 bt=f32 k=2048 m=2560 n=2 b2=1 b3=1 a2=1 a3=1 threads=8 calls=8 elapsed_us=3
GGML_CPU_SHAPE_PROFILE phase=node_wall name=node_439 a=blk.7.attn_output.weight at=q4_0 bt=f32 k=2048 m=2560 n=4 b2=1 b3=1 a2=1 a3=1 threads=8 calls=1 elapsed_us=159
GGML_CPU_SHAPE_PROFILE phase=node_wall name=node_1652 a=blk.31.attn_output.weight at=q4_0 bt=f32 k=2048 m=2560 n=4 b2=1 b3=1 a2=1 a3=1 threads=8 calls=1 elapsed_us=96
GGML_CPU_SHAPE_PROFILE phase=generic_pack_thread name=kq-3 a=cache_k_l3 (view) (permuted) at=f16 bt=f32 k=256 m=768 n=21 b2=8 b3=1 a2=2 a3=1 threads=16 calls=16 elapsed_us=128
GGML_CPU_SHAPE_PROFILE phase=node_wall name=ffn_out-35 a=blk.35.ffn_down.weight at=q4_0 bt=f32 k=10240 m=2560 n=4 b2=1 b3=1 a2=1 a3=1 threads=8 calls=1 elapsed_us=465
GGML_CPU_SHAPE_PROFILE phase=repack_pack_thread name=node_1589 a=blk.29.proj.weight at=q4_0 bt=f32 k=256 m=2560 n=2 b2=1 b3=1 a2=1 a3=1 threads=8 calls=8 elapsed_us=1
GGML_CPU_SHAPE_PROFILE phase=node_wall name=ffn_gate-1 a=blk.1.ffn_gate.weight at=q4_0 bt=f32 k=2560 m=10240 n=2 b2=1 b3=1 a2=1 a3=1 threads=8 calls=1 elapsed_us=484
GGML_CPU_SHAPE_PROFILE phase=repack_pack_thread name=ffn_gate-40 a=blk.40.ffn_gate.weight at=q4_0 bt=f32 k=2560 m=10240 n=1 b2=1 b3=1 a2=1 a3=1 threads=8 calls=1016 elapsed_us=197
GGML_CPU_SHAPE_PROFILE phase=node_wall name=ffn_up-5 a=blk.5.ffn_up.weight at=q4_0 bt=f32 k=2560 m=10240 n=2 b2=1 b3=1 a2=1 a3=1 threads=8 calls=1 elapsed_us=508
GGML_CPU_SHAPE_PROFILE phase=repack_pack_thread name=ffn_up-26 a=blk.26.ffn_up.weight at=q4_0 bt=f32 k=2560 m=10240 n=21 b2=1 b3=1 a2=1 a3=1 threads=16 calls=16 elapsed_us=28
GGML_CPU_SHAPE_PROFILE phase=repack_pack_thread name=node_1625 a=blk.30.inp_gate.weight at=q4_0 bt=f32 k=2560 m=256 n=4 b2=1 b3=1 a2=1 a3=1 threads=8 calls=8 elapsed_us=2
GGML_CPU_SHAPE_PROFILE phase=node_wall name=kqv-13 a=cache_v_l13 (view) (permuted) at=f16 bt=f32 k=768 m=256 n=4 b2=8 b3=1 a2=2 a3=1 threads=8 calls=1 elapsed_us=123
GGML_CPU_SHAPE_PROFILE phase=generic_pack_thread name=kq-7 a=cache_k_l7 (view) (permuted) at=f16 bt=f32 k=256 m=768 n=21 b2=8 b3=1 a2=2 a3=1 threads=16 calls=16 elapsed_us=153
GGML_CPU_SHAPE_PROFILE phase=generic_pack_thread name=kqv-2 a=cache_v_l2 (view) (permuted) at=f16 bt=f32 k=768 m=256 n=21 b2=8 b3=1 a2=2 a3=1 threads=16 calls=16 elapsed_us=288
GGML_CPU_SHAPE_PROFILE phase=node_wall name=ffn_out-7 a=blk.7.ffn_down.weight at=q4_0 bt=f32 k=10240 m=2560 n=4 b2=1 b3=1 a2=1 a3=1 threads=8 calls=1 elapsed_us=691
GGML_CPU_SHAPE_PROFILE phase=node_wall name=node_847 a=blk.14.proj.weight at=q4_0 bt=f32 k=256 m=2560 n=2 b2=1 b3=1 a2=1 a3=1 threads=8 calls=1 elapsed_us=27
GGML_CPU_SHAPE_PROFILE phase=node_wall name=node_1669 a=blk.31.proj.weight at=q4_0 bt=f32 k=256 m=2560 n=21 b2=1 b3=1 a2=1 a3=1 threads=16 calls=1 elapsed_us=196
GGML_CPU_SHAPE_PROFILE phase=generic_pack_thread name=kq-15 a=cache_k_l15 (view) (permuted) at=f16 bt=f32 k=256 m=768 n=1 b2=8 b3=1 a2=2 a3=1 threads=8 calls=1016 elapsed_us=491
GGML_CPU_SHAPE_PROFILE phase=repack_pack_thread name=Kcur-10 a=blk.10.attn_k.weight at=q4_0 bt=f32 k=2560 m=512 n=2 b2=1 b3=1 a2=1 a3=1 threads=8 calls=8 elapsed_us=3
GGML_CPU_SHAPE_PROFILE phase=repack_pack_thread name=Vcur-14 a=blk.14.attn_v.weight at=q4_0 bt=f32 k=2560 m=512 n=21 b2=1 b3=1 a2=1 a3=1 threads=16 calls=16 elapsed_us=31
GGML_CPU_SHAPE_PROFILE phase=node_wall name=ffn_gate-26 a=blk.26.ffn_gate.weight at=q4_0 bt=f32 k=2560 m=10240 n=21 b2=1 b3=1 a2=1 a3=1 threads=16 calls=1 elapsed_us=1627
GGML_CPU_SHAPE_PROFILE phase=repack_pack_thread name=ffn_up-1 a=blk.1.ffn_up.weight at=q4_0 bt=f32 k=2560 m=10240 n=21 b2=1 b3=1 a2=1 a3=1 threads=16 calls=16 elapsed_us=25
GGML_CPU_SHAPE_PROFILE phase=generic_pack_thread name=kqv-39 a=cache_v_l22 (view) (permuted) at=f16 bt=f32 k=768 m=256 n=21 b2=8 b3=1 a2=2 a3=1 threads=16 calls=16 elapsed_us=280
GGML_CPU_SHAPE_PROFILE phase=generic_pack_thread name=kq-1 a=cache_k_l1 (view) (permuted) at=f16 bt=f32 k=256 m=256 n=2 b2=8 b3=1 a2=2 a3=1 threads=8 calls=8 elapsed_us=5
GGML_CPU_SHAPE_PROFILE phase=repack_pack_thread name=Vcur-7 a=blk.7.attn_v.weight at=q4_0 bt=f32 k=2560 m=512 n=4 b2=1 b3=1 a2=1 a3=1 threads=8 calls=8 elapsed_us=2
GGML_CPU_SHAPE_PROFILE phase=repack_pack_thread name=node_1014 a=blk.17.proj.weight at=q4_0 bt=f32 k=256 m=2560 n=4 b2=1 b3=1 a2=1 a3=1 threads=8 calls=8 elapsed_us=0
GGML_CPU_SHAPE_PROFILE phase=repack_pack_thread name=ffn_out-9 a=blk.9.ffn_down.weight at=q4_0 bt=f32 k=10240 m=2560 n=2 b2=1 b3=1 a2=1 a3=1 threads=8 calls=8 elapsed_us=11
GGML_CPU_SHAPE_PROFILE phase=node_wall name=ffn_up-3 a=blk.3.ffn_up.weight at=q4_0 bt=f32 k=2560 m=10240 n=4 b2=1 b3=1 a2=1 a3=1 threads=8 calls=1 elapsed_us=721
GGML_CPU_SHAPE_PROFILE phase=repack_pack_thread name=node_1945 a=blk.38.inp_gate.weight at=q4_0 bt=f32 k=2560 m=256 n=2 b2=1 b3=1 a2=1 a3=1 threads=8 calls=8 elapsed_us=4
GGML_CPU_SHAPE_PROFILE phase=node_wall name=Kcur-6 a=blk.6.attn_k.weight at=q4_0 bt=f32 k=2560 m=512 n=2 b2=1 b3=1 a2=1 a3=1 threads=8 calls=1 elapsed_us=36
GGML_CPU_SHAPE_PROFILE phase=repack_pack_thread name=node_285 a=blk.4.inp_gate.weight at=q4_0 bt=f32 k=2560 m=256 n=4 b2=1 b3=1 a2=1 a3=1 threads=8 calls=8 elapsed_us=3
GGML_CPU_SHAPE_PROFILE phase=repack_pack_thread name=ffn_out-35 a=blk.35.ffn_down.weight at=q4_0 bt=f32 k=10240 m=2560 n=2 b2=1 b3=1 a2=1 a3=1 threads=8 calls=8 elapsed_us=12
GGML_CPU_SHAPE_PROFILE phase=node_wall name=kqv-17 a=cache_v_l17 (view) (permuted) at=f16 bt=f32 k=64768 m=512 n=21 b2=8 b3=1 a2=2 a3=1 threads=16 calls=1 elapsed_us=56407
GGML_CPU_SHAPE_PROFILE phase=node_wall name=ffn_gate-17 a=blk.17.ffn_gate.weight at=q4_0 bt=f32 k=2560 m=10240 n=2 b2=1 b3=1 a2=1 a3=1 threads=8 calls=1 elapsed_us=477
GGML_CPU_SHAPE_PROFILE phase=node_wall name=ffn_gate-40 a=blk.40.ffn_gate.weight at=q4_0 bt=f32 k=2560 m=10240 n=21 b2=1 b3=1 a2=1 a3=1 threads=16 calls=1 elapsed_us=1696
GGML_CPU_SHAPE_PROFILE phase=node_wall name=kq-17 a=cache_k_l17 (view) (permuted) at=f16 bt=f32 k=512 m=64768 n=1 b2=8 b3=1 a2=2 a3=1 threads=8 calls=85 elapsed_us=424335
GGML_CPU_SHAPE_PROFILE phase=repack_pack_thread name=node_396 a=blk.6.inp_gate.weight at=q4_0 bt=f32 k=2560 m=256 n=2 b2=1 b3=1 a2=1 a3=1 threads=8 calls=8 elapsed_us=4
GGML_CPU_SHAPE_PROFILE phase=node_wall name=kq-39 a=cache_k_l22 (view) (permuted) at=f16 bt=f32 k=256 m=768 n=1 b2=8 b3=1 a2=2 a3=1 threads=8 calls=127 elapsed_us=6351
GGML_CPU_SHAPE_PROFILE phase=node_wall name=node_1469 a=blk.26.proj.weight at=q4_0 bt=f32 k=256 m=2560 n=21 b2=1 b3=1 a2=1 a3=1 threads=16 calls=1 elapsed_us=66
GGML_CPU_SHAPE_PROFILE phase=repack_pack_thread name=node_843 a=blk.14.inp_gate.weight at=q4_0 bt=f32 k=2560 m=256 n=4 b2=1 b3=1 a2=1 a3=1 threads=8 calls=8 elapsed_us=3
GGML_CPU_SHAPE_PROFILE phase=node_wall name=node_160 a=blk.2.attn_output.weight at=q4_0 bt=f32 k=2048 m=2560 n=21 b2=1 b3=1 a2=1 a3=1 threads=16 calls=1 elapsed_us=449
GGML_CPU_SHAPE_PROFILE phase=node_wall name=kq-23 a=cache_k_l23 (view) (permuted) at=f16 bt=f32 k=512 m=256 n=2 b2=8 b3=1 a2=2 a3=1 threads=8 calls=1 elapsed_us=57
GGML_CPU_SHAPE_PROFILE phase=node_wall name=node_121 a=blk.1.proj.weight at=q4_0 bt=f32 k=256 m=2560 n=2 b2=1 b3=1 a2=1 a3=1 threads=8 calls=1 elapsed_us=186
GGML_CPU_SHAPE_PROFILE phase=node_wall name=kq-3 a=cache_k_l3 (view) (permuted) at=f16 bt=f32 k=256 m=256 n=2 b2=8 b3=1 a2=2 a3=1 threads=8 calls=1 elapsed_us=47
GGML_CPU_SHAPE_PROFILE phase=node_wall name=node_2069 a=blk.41.proj.weight at=q4_0 bt=f32 k=256 m=2560 n=21 b2=1 b3=1 a2=1 a3=1 threads=16 calls=1 elapsed_us=73
GGML_CPU_SHAPE_PROFILE phase=generic_pack_thread name=kqv-30 a=cache_v_l22 (view) (permuted) at=f16 bt=f32 k=768 m=256 n=4 b2=8 b3=1 a2=2 a3=1 threads=8 calls=8 elapsed_us=32
GGML_CPU_SHAPE_PROFILE phase=repack_pack_thread name=node_551 a=blk.9.attn_output.weight at=q4_0 bt=f32 k=2048 m=2560 n=2 b2=1 b3=1 a2=1 a3=1 threads=8 calls=8 elapsed_us=3
GGML_CPU_SHAPE_PROFILE phase=repack_pack_thread name=node_1892 a=blk.37.attn_output.weight at=q4_0 bt=f32 k=2048 m=2560 n=21 b2=1 b3=1 a2=1 a3=1 threads=16 calls=16 elapsed_us=23
GGML_CPU_SHAPE_PROFILE phase=node_wall name=ffn_up-7 a=blk.7.ffn_up.weight at=q4_0 bt=f32 k=2560 m=10240 n=2 b2=1 b3=1 a2=1 a3=1 threads=8 calls=1 elapsed_us=486
GGML_CPU_SHAPE_PROFILE phase=node_wall name=Qcur-24 a=blk.24.attn_q.weight at=q4_0 bt=f32 k=2560 m=2048 n=4 b2=1 b3=1 a2=1 a3=1 threads=8 calls=1 elapsed_us=101
GGML_CPU_SHAPE_PROFILE phase=generic_pack_thread name=kqv-22 a=cache_v_l22 (view) (permuted) at=f16 bt=f32 k=256 m=256 n=2 b2=8 b3=1 a2=2 a3=1 threads=8 calls=8 elapsed_us=6
GGML_CPU_SHAPE_PROFILE phase=generic_pack_thread name=kqv-7 a=cache_v_l7 (view) (permuted) at=f16 bt=f32 k=768 m=256 n=4 b2=8 b3=1 a2=2 a3=1 threads=8 calls=8 elapsed_us=26
GGML_CPU_SHAPE_PROFILE phase=node_wall name=node_1277 a=blk.22.attn_output.weight at=q4_0 bt=f32 k=2048 m=2560 n=2 b2=1 b3=1 a2=1 a3=1 threads=8 calls=1 elapsed_us=105
GGML_CPU_SHAPE_PROFILE phase=repack_pack_thread name=node_121 a=blk.1.proj.weight at=q4_0 bt=f32 k=256 m=2560 n=4 b2=1 b3=1 a2=1 a3=1 threads=8 calls=8 elapsed_us=0
GGML_CPU_SHAPE_PROFILE phase=node_wall name=Vcur-19 a=blk.19.attn_v.weight at=q4_0 bt=f32 k=2560 m=512 n=4 b2=1 b3=1 a2=1 a3=1 threads=8 calls=1 elapsed_us=37
GGML_CPU_SHAPE_PROFILE phase=repack_pack_thread name=Qcur-29 a=blk.29.attn_q.weight at=q4_0 bt=f32 k=2560 m=4096 n=2 b2=1 b3=1 a2=1 a3=1 threads=8 calls=8 elapsed_us=3
GGML_CPU_SHAPE_PROFILE phase=node_wall name=Kcur-1 a=blk.1.attn_k.weight at=q4_0 bt=f32 k=2560 m=512 n=2 b2=1 b3=1 a2=1 a3=1 threads=8 calls=1 elapsed_us=39
GGML_CPU_SHAPE_PROFILE phase=repack_pack_thread name=ffn_up-33 a=blk.33.ffn_up.weight at=q4_0 bt=f32 k=2560 m=10240 n=4 b2=1 b3=1 a2=1 a3=1 threads=8 calls=8 elapsed_us=3
GGML_CPU_SHAPE_PROFILE phase=repack_pack_thread name=ffn_gate-20 a=blk.20.ffn_gate.weight at=q4_0 bt=f32 k=2560 m=10240 n=21 b2=1 b3=1 a2=1 a3=1 threads=16 calls=16 elapsed_us=29
GGML_CPU_SHAPE_PROFILE phase=node_wall name=Vcur-7 a=blk.7.attn_v.weight at=q4_0 bt=f32 k=2560 m=512 n=21 b2=1 b3=1 a2=1 a3=1 threads=16 calls=1 elapsed_us=328
GGML_CPU_SHAPE_PROFILE phase=generic_pack_thread name=kqv-27 a=cache_v_l22 (view) (permuted) at=f16 bt=f32 k=256 m=256 n=2 b2=8 b3=1 a2=2 a3=1 threads=8 calls=8 elapsed_us=5
GGML_CPU_SHAPE_PROFILE phase=repack_pack_thread name=Kcur-19 a=blk.19.attn_k.weight at=q4_0 bt=f32 k=2560 m=512 n=21 b2=1 b3=1 a2=1 a3=1 threads=16 calls=16 elapsed_us=37
GGML_CPU_SHAPE_PROFILE phase=node_wall name=Kcur-4 a=blk.4.attn_k.weight at=q4_0 bt=f32 k=2560 m=512 n=1 b2=1 b3=1 a2=1 a3=1 threads=8 calls=127 elapsed_us=3905
GGML_CPU_SHAPE_PROFILE phase=generic_pack_thread name=kq-0 a=cache_k_l0 (view) (permuted) at=f16 bt=f32 k=256 m=256 n=2 b2=8 b3=1 a2=2 a3=1 threads=8 calls=8 elapsed_us=13
GGML_CPU_SHAPE_PROFILE phase=node_wall name=Qcur-26 a=blk.26.attn_q.weight at=q4_0 bt=f32 k=2560 m=2048 n=2 b2=1 b3=1 a2=1 a3=1 threads=8 calls=1 elapsed_us=105
GGML_CPU_SHAPE_PROFILE phase=repack_pack_thread name=Vcur-12 a=blk.12.attn_v.weight at=q4_0 bt=f32 k=2560 m=512 n=4 b2=1 b3=1 a2=1 a3=1 threads=8 calls=8 elapsed_us=2
GGML_CPU_SHAPE_PROFILE phase=repack_pack_thread name=ffn_gate-1 a=blk.1.ffn_gate.weight at=q4_0 bt=f32 k=2560 m=10240 n=2 b2=1 b3=1 a2=1 a3=1 threads=8 calls=8 elapsed_us=5
GGML_CPU_SHAPE_PROFILE phase=generic_pack_thread name=kq-6 a=cache_k_l6 (view) (permuted) at=f16 bt=f32 k=256 m=256 n=2 b2=8 b3=1 a2=2 a3=1 threads=8 calls=8 elapsed_us=4
GGML_CPU_SHAPE_PROFILE phase=node_wall name=kqv-8 a=cache_v_l8 (view) (permuted) at=f16 bt=f32 k=256 m=256 n=2 b2=8 b3=1 a2=2 a3=1 threads=8 calls=1 elapsed_us=48
GGML_CPU_SHAPE_PROFILE phase=node_wall name=kq-20 a=cache_k_l20 (view) (permuted) at=f16 bt=f32 k=256 m=768 n=21 b2=8 b3=1 a2=2 a3=1 threads=16 calls=1 elapsed_us=320
GGML_CPU_SHAPE_PROFILE phase=node_wall name=Vcur-15 a=blk.15.attn_v.weight at=q4_0 bt=f32 k=2560 m=512 n=1 b2=1 b3=1 a2=1 a3=1 threads=8 calls=127 elapsed_us=3677
GGML_CPU_SHAPE_PROFILE phase=node_wall name=ffn_up-4 a=blk.4.ffn_up.weight at=q4_0 bt=f32 k=2560 m=10240 n=2 b2=1 b3=1 a2=1 a3=1 threads=8 calls=1 elapsed_us=502
GGML_CPU_SHAPE_PROFILE phase=repack_pack_thread name=node_1425 a=blk.25.inp_gate.weight at=q4_0 bt=f32 k=2560 m=256 n=2 b2=1 b3=1 a2=1 a3=1 threads=8 calls=8 elapsed_us=5
GGML_CPU_SHAPE_PROFILE phase=generic_pack_thread name=kqv-1 a=cache_v_l1 (view) (permuted) at=f16 bt=f32 k=768 m=256 n=1 b2=8 b3=1 a2=2 a3=1 threads=8 calls=1016 elapsed_us=1829
GGML_CPU_SHAPE_PROFILE phase=generic_pack_thread name=kqv-3 a=cache_v_l3 (view) (permuted) at=f16 bt=f32 k=256 m=256 n=2 b2=8 b3=1 a2=2 a3=1 threads=8 calls=8 elapsed_us=2
GGML_CPU_SHAPE_PROFILE phase=node_wall name=Qcur-25 a=blk.25.attn_q.weight at=q4_0 bt=f32 k=2560 m=2048 n=21 b2=1 b3=1 a2=1 a3=1 threads=16 calls=1 elapsed_us=351
GGML_CPU_SHAPE_PROFILE phase=generic_pack_thread name=kq-10 a=cache_k_l10 (view) (permuted) at=f16 bt=f32 k=256 m=768 n=4 b2=8 b3=1 a2=2 a3=1 threads=8 calls=8 elapsed_us=22
GGML_CPU_SHAPE_PROFILE phase=repack_pack_thread name=node_551 a=blk.9.attn_output.weight at=q4_0 bt=f32 k=2048 m=2560 n=21 b2=1 b3=1 a2=1 a3=1 threads=16 calls=16 elapsed_us=28
GGML_CPU_SHAPE_PROFILE phase=repack_pack_thread name=Qcur-29 a=blk.29.attn_q.weight at=q4_0 bt=f32 k=2560 m=4096 n=4 b2=1 b3=1 a2=1 a3=1 threads=8 calls=8 elapsed_us=3
GGML_CPU_SHAPE_PROFILE phase=generic_pack_thread name=kq-34 a=cache_k_l22 (view) (permuted) at=f16 bt=f32 k=256 m=256 n=2 b2=8 b3=1 a2=2 a3=1 threads=8 calls=8 elapsed_us=7
GGML_CPU_SHAPE_PROFILE phase=node_wall name=ffn_gate-0 a=blk.0.ffn_gate.weight at=q4_0 bt=f32 k=2560 m=10240 n=21 b2=1 b3=1 a2=1 a3=1 threads=16 calls=1 elapsed_us=1888
GGML_CPU_SHAPE_PROFILE phase=node_wall name=node_104 a=blk.1.attn_output.weight at=q4_0 bt=f32 k=2048 m=2560 n=2 b2=1 b3=1 a2=1 a3=1 threads=8 calls=1 elapsed_us=116
GGML_CPU_SHAPE_PROFILE phase=node_wall name=ffn_up-9 a=blk.9.ffn_up.weight at=q4_0 bt=f32 k=2560 m=10240 n=4 b2=1 b3=1 a2=1 a3=1 threads=8 calls=1 elapsed_us=681
GGML_CPU_SHAPE_PROFILE phase=repack_pack_thread name=node_1429 a=blk.25.proj.weight at=q4_0 bt=f32 k=256 m=2560 n=2 b2=1 b3=1 a2=1 a3=1 threads=8 calls=8 elapsed_us=0
GGML_CPU_SHAPE_PROFILE phase=node_wall name=node_1572 a=blk.29.attn_output.weight at=q4_0 bt=f32 k=4096 m=2560 n=1 b2=1 b3=1 a2=1 a3=1 threads=8 calls=127 elapsed_us=19894
GGML_CPU_SHAPE_PROFILE phase=repack_pack_thread name=node_899 a=blk.15.inp_gate.weight at=q4_0 bt=f32 k=2560 m=256 n=21 b2=1 b3=1 a2=1 a3=1 threads=16 calls=16 elapsed_us=33
GGML_CPU_SHAPE_PROFILE phase=node_wall name=ffn_gate-0 a=blk.0.ffn_gate.weight at=q4_0 bt=f32 k=2560 m=10240 n=2 b2=1 b3=1 a2=1 a3=1 threads=8 calls=1 elapsed_us=493
GGML_CPU_SHAPE_PROFILE phase=node_wall name=kqv-5 a=cache_v_l5 (view) (permuted) at=f16 bt=f32 k=64768 m=512 n=4 b2=8 b3=1 a2=2 a3=1 threads=8 calls=1 elapsed_us=17330
GGML_CPU_SHAPE_PROFILE phase=node_wall name=ffn_up-3 a=blk.3.ffn_up.weight at=q4_0 bt=f32 k=2560 m=10240 n=21 b2=1 b3=1 a2=1 a3=1 threads=16 calls=1 elapsed_us=1632
GGML_CPU_SHAPE_PROFILE phase=repack_pack_thread name=node_568 a=blk.9.proj.weight at=q4_0 bt=f32 k=256 m=2560 n=2 b2=1 b3=1 a2=1 a3=1 threads=8 calls=8 elapsed_us=0
GGML_CPU_SHAPE_PROFILE phase=repack_pack_thread name=Kcur-20 a=blk.20.attn_k.weight at=q4_0 bt=f32 k=2560 m=512 n=4 b2=1 b3=1 a2=1 a3=1 threads=8 calls=8 elapsed_us=2
GGML_CPU_SHAPE_PROFILE phase=generic_pack_thread name=kq-12 a=cache_k_l12 (view) (permuted) at=f16 bt=f32 k=256 m=256 n=2 b2=8 b3=1 a2=2 a3=1 threads=8 calls=8 elapsed_us=5
GGML_CPU_SHAPE_PROFILE phase=repack_pack_thread name=Vcur-16 a=blk.16.attn_v.weight at=q4_0 bt=f32 k=2560 m=512 n=2 b2=1 b3=1 a2=1 a3=1 threads=8 calls=8 elapsed_us=3
GGML_CPU_SHAPE_PROFILE phase=repack_pack_thread name=ffn_out-4 a=blk.4.ffn_down.weight at=q4_0 bt=f32 k=10240 m=2560 n=2 b2=1 b3=1 a2=1 a3=1 threads=8 calls=8 elapsed_us=12
GGML_CPU_SHAPE_PROFILE phase=node_wall name=kqv-9 a=cache_v_l9 (view) (permuted) at=f16 bt=f32 k=256 m=256 n=2 b2=8 b3=1 a2=2 a3=1 threads=8 calls=1 elapsed_us=44
GGML_CPU_SHAPE_PROFILE phase=generic_pack_thread name=kqv-11 a=cache_v_l11 (view) (permuted) at=f16 bt=f32 k=64768 m=512 n=21 b2=8 b3=1 a2=2 a3=1 threads=16 calls=16 elapsed_us=20418
GGML_CPU_SHAPE_PROFILE phase=node_wall name=node_456 a=blk.7.proj.weight at=q4_0 bt=f32 k=256 m=2560 n=2 b2=1 b3=1 a2=1 a3=1 threads=8 calls=1 elapsed_us=27
GGML_CPU_SHAPE_PROFILE phase=repack_pack_thread name=ffn_gate-0 a=blk.0.ffn_gate.weight at=q4_0 bt=f32 k=2560 m=10240 n=2 b2=1 b3=1 a2=1 a3=1 threads=8 calls=8 elapsed_us=3
GGML_CPU_SHAPE_PROFILE phase=repack_pack_thread name=ffn_gate-27 a=blk.27.ffn_gate.weight at=q4_0 bt=f32 k=2560 m=10240 n=2 b2=1 b3=1 a2=1 a3=1 threads=8 calls=8 elapsed_us=2
GGML_CPU_SHAPE_PROFILE phase=node_wall name=node_624 a=blk.10.proj.weight at=q4_0 bt=f32 k=256 m=2560 n=2 b2=1 b3=1 a2=1 a3=1 threads=8 calls=1 elapsed_us=26
GGML_CPU_SHAPE_PROFILE phase=node_wall name=node_847 a=blk.14.proj.weight at=q4_0 bt=f32 k=256 m=2560 n=4 b2=1 b3=1 a2=1 a3=1 threads=8 calls=1 elapsed_us=36
GGML_CPU_SHAPE_PROFILE phase=node_wall name=Qcur-9 a=blk.9.attn_q.weight at=q4_0 bt=f32 k=2560 m=2048 n=2 b2=1 b3=1 a2=1 a3=1 threads=8 calls=1 elapsed_us=107
GGML_CPU_SHAPE_PROFILE phase=node_wall name=node_959 a=blk.16.proj.weight at=q4_0 bt=f32 k=256 m=2560 n=21 b2=1 b3=1 a2=1 a3=1 threads=16 calls=1 elapsed_us=70
GGML_CPU_SHAPE_PROFILE phase=repack_pack_thread name=node_1412 a=blk.25.attn_output.weight at=q4_0 bt=f32 k=2048 m=2560 n=1 b2=1 b3=1 a2=1 a3=1 threads=8 calls=1016 elapsed_us=174
GGML_CPU_SHAPE_PROFILE phase=node_wall name=Qcur-6 a=blk.6.attn_q.weight at=q4_0 bt=f32 k=2560 m=2048 n=2 b2=1 b3=1 a2=1 a3=1 threads=8 calls=1 elapsed_us=115
GGML_CPU_SHAPE_PROFILE phase=node_wall name=ffn_out-5 a=blk.5.ffn_down.weight at=q4_0 bt=f32 k=10240 m=2560 n=4 b2=1 b3=1 a2=1 a3=1 threads=8 calls=1 elapsed_us=697
GGML_CPU_SHAPE_PROFILE phase=repack_pack_thread name=Kcur-19 a=blk.19.attn_k.weight at=q4_0 bt=f32 k=2560 m=512 n=2 b2=1 b3=1 a2=1 a3=1 threads=8 calls=8 elapsed_us=2
GGML_CPU_SHAPE_PROFILE phase=node_wall name=Qcur-30 a=blk.30.attn_q.weight at=q4_0 bt=f32 k=2560 m=2048 n=2 b2=1 b3=1 a2=1 a3=1 threads=8 calls=1 elapsed_us=108
GGML_CPU_SHAPE_PROFILE phase=node_wall name=node_1277 a=blk.22.attn_output.weight at=q4_0 bt=f32 k=2048 m=2560 n=4 b2=1 b3=1 a2=1 a3=1 threads=8 calls=1 elapsed_us=112
GGML_CPU_SHAPE_PROFILE phase=node_wall name=kq-5 a=cache_k_l5 (view) (permuted) at=f16 bt=f32 k=512 m=256 n=2 b2=8 b3=1 a2=2 a3=1 threads=8 calls=1 elapsed_us=91
GGML_CPU_SHAPE_PROFILE phase=node_wall name=ffn_gate-8 a=blk.8.ffn_gate.weight at=q4_0 bt=f32 k=2560 m=10240 n=2 b2=1 b3=1 a2=1 a3=1 threads=8 calls=1 elapsed_us=477
GGML_CPU_SHAPE_PROFILE phase=repack_pack_thread name=Vcur-21 a=blk.21.attn_v.weight at=q4_0 bt=f32 k=2560 m=512 n=2 b2=1 b3=1 a2=1 a3=1 threads=8 calls=8 elapsed_us=3
GGML_CPU_SHAPE_PROFILE phase=repack_pack_thread name=ffn_out-33 a=blk.33.ffn_down.weight at=q4_0 bt=f32 k=10240 m=2560 n=21 b2=1 b3=1 a2=1 a3=1 threads=16 calls=16 elapsed_us=108
GGML_CPU_SHAPE_PROFILE phase=repack_pack_thread name=ffn_up-4 a=blk.4.ffn_up.weight at=q4_0 bt=f32 k=2560 m=10240 n=2 b2=1 b3=1 a2=1 a3=1 threads=8 calls=8 elapsed_us=3
GGML_CPU_SHAPE_PROFILE phase=node_wall name=kqv-0 a=cache_v_l0 (view) (permuted) at=f16 bt=f32 k=256 m=256 n=2 b2=8 b3=1 a2=2 a3=1 threads=8 calls=1 elapsed_us=56
GGML_CPU_SHAPE_PROFILE phase=node_wall name=kq-30 a=cache_k_l22 (view) (permuted) at=f16 bt=f32 k=256 m=768 n=21 b2=8 b3=1 a2=2 a3=1 threads=16 calls=1 elapsed_us=903
GGML_CPU_SHAPE_PROFILE phase=repack_pack_thread name=Qcur-2 a=blk.2.attn_q.weight at=q4_0 bt=f32 k=2560 m=2048 n=2 b2=1 b3=1 a2=1 a3=1 threads=8 calls=8 elapsed_us=4
GGML_CPU_SHAPE_PROFILE phase=node_wall name=Vcur-1 a=blk.1.attn_v.weight at=q4_0 bt=f32 k=2560 m=512 n=21 b2=1 b3=1 a2=1 a3=1 threads=16 calls=1 elapsed_us=213
GGML_CPU_SHAPE_PROFILE phase=node_wall name=ffn_gate-34 a=blk.34.ffn_gate.weight at=q4_0 bt=f32 k=2560 m=10240 n=2 b2=1 b3=1 a2=1 a3=1 threads=8 calls=1 elapsed_us=692
GGML_CPU_SHAPE_PROFILE phase=repack_pack_thread name=ffn_out-23 a=blk.23.ffn_down.weight at=q4_0 bt=f32 k=10240 m=2560 n=1 b2=1 b3=1 a2=1 a3=1 threads=8 calls=1016 elapsed_us=730
GGML_CPU_SHAPE_PROFILE phase=repack_pack_thread name=node_1066 a=blk.18.inp_gate.weight at=q4_0 bt=f32 k=2560 m=256 n=2 b2=1 b3=1 a2=1 a3=1 threads=8 calls=8 elapsed_us=3
GGML_CPU_SHAPE_PROFILE phase=node_wall name=ffn_up-11 a=blk.11.ffn_up.weight at=q4_0 bt=f32 k=2560 m=10240 n=2 b2=1 b3=1 a2=1 a3=1 threads=8 calls=1 elapsed_us=482
GGML_CPU_SHAPE_PROFILE phase=node_wall name=Qcur-29 a=blk.29.attn_q.weight at=q4_0 bt=f32 k=2560 m=4096 n=2 b2=1 b3=1 a2=1 a3=1 threads=8 calls=1 elapsed_us=300
GGML_CPU_SHAPE_PROFILE phase=node_wall name=ffn_up-4 a=blk.4.ffn_up.weight at=q4_0 bt=f32 k=2560 m=10240 n=1 b2=1 b3=1 a2=1 a3=1 threads=8 calls=127 elapsed_us=41198
GGML_CPU_SHAPE_PROFILE phase=node_wall name=node_1625 a=blk.30.inp_gate.weight at=q4_0 bt=f32 k=2560 m=256 n=4 b2=1 b3=1 a2=1 a3=1 threads=8 calls=1 elapsed_us=26
GGML_CPU_SHAPE_PROFILE phase=node_wall name=node_1109 a=blk.19.attn_output.weight at=q4_0 bt=f32 k=2048 m=2560 n=2 b2=1 b3=1 a2=1 a3=1 threads=8 calls=1 elapsed_us=102
GGML_CPU_SHAPE_PROFILE phase=repack_pack_thread name=ffn_gate-0 a=blk.0.ffn_gate.weight at=q4_0 bt=f32 k=2560 m=10240 n=4 b2=1 b3=1 a2=1 a3=1 threads=8 calls=8 elapsed_us=3
GGML_CPU_SHAPE_PROFILE phase=node_wall name=node_52 a=blk.0.inp_gate.weight at=q4_0 bt=f32 k=2560 m=256 n=2 b2=1 b3=1 a2=1 a3=1 threads=8 calls=1 elapsed_us=47
GGML_CPU_SHAPE_PROFILE phase=repack_pack_thread name=node_1652 a=blk.31.attn_output.weight at=q4_0 bt=f32 k=2048 m=2560 n=2 b2=1 b3=1 a2=1 a3=1 threads=8 calls=8 elapsed_us=2
GGML_CPU_SHAPE_PROFILE phase=repack_pack_thread name=ffn_out-16 a=blk.16.ffn_down.weight at=q4_0 bt=f32 k=10240 m=2560 n=4 b2=1 b3=1 a2=1 a3=1 threads=8 calls=8 elapsed_us=10
GGML_CPU_SHAPE_PROFILE phase=repack_pack_thread name=Vcur-21 a=blk.21.attn_v.weight at=q4_0 bt=f32 k=2560 m=512 n=4 b2=1 b3=1 a2=1 a3=1 threads=8 calls=8 elapsed_us=3
GGML_CPU_SHAPE_PROFILE phase=node_wall name=ffn_out-6 a=blk.6.ffn_down.weight at=q4_0 bt=f32 k=10240 m=2560 n=21 b2=1 b3=1 a2=1 a3=1 threads=16 calls=1 elapsed_us=2205
GGML_CPU_SHAPE_PROFILE phase=repack_pack_thread name=ffn_gate-21 a=blk.21.ffn_gate.weight at=q4_0 bt=f32 k=2560 m=10240 n=2 b2=1 b3=1 a2=1 a3=1 threads=8 calls=8 elapsed_us=4
GGML_CPU_SHAPE_PROFILE phase=node_wall name=ffn_up-25 a=blk.25.ffn_up.weight at=q4_0 bt=f32 k=2560 m=10240 n=21 b2=1 b3=1 a2=1 a3=1 threads=16 calls=1 elapsed_us=1628
GGML_CPU_SHAPE_PROFILE phase=repack_pack_thread name=node_959 a=blk.16.proj.weight at=q4_0 bt=f32 k=256 m=2560 n=2 b2=1 b3=1 a2=1 a3=1 threads=8 calls=8 elapsed_us=0
GGML_CPU_SHAPE_PROFILE phase=node_wall name=Qcur-0 a=blk.0.attn_q.weight at=q4_0 bt=f32 k=2560 m=2048 n=2 b2=1 b3=1 a2=1 a3=1 threads=8 calls=1 elapsed_us=271
GGML_CPU_SHAPE_PROFILE phase=repack_pack_thread name=node_344 a=blk.5.proj.weight at=q4_0 bt=f32 k=256 m=2560 n=2 b2=1 b3=1 a2=1 a3=1 threads=8 calls=8 elapsed_us=0
GGML_CPU_SHAPE_PROFILE phase=repack_pack_thread name=node_1165 a=blk.20.attn_output.weight at=q4_0 bt=f32 k=2048 m=2560 n=2 b2=1 b3=1 a2=1 a3=1 threads=8 calls=8 elapsed_us=2
GGML_CPU_SHAPE_PROFILE phase=node_wall name=Kcur-3 a=blk.3.attn_k.weight at=q4_0 bt=f32 k=2560 m=512 n=2 b2=1 b3=1 a2=1 a3=1 threads=8 calls=1 elapsed_us=36
GGML_CPU_SHAPE_PROFILE phase=repack_pack_thread name=Kcur-8 a=blk.8.attn_k.weight at=q4_0 bt=f32 k=2560 m=512 n=4 b2=1 b3=1 a2=1 a3=1 threads=8 calls=8 elapsed_us=2
GGML_CPU_SHAPE_PROFILE phase=repack_pack_thread name=ffn_gate-14 a=blk.14.ffn_gate.weight at=q4_0 bt=f32 k=2560 m=10240 n=4 b2=1 b3=1 a2=1 a3=1 threads=8 calls=8 elapsed_us=3
GGML_CPU_SHAPE_PROFILE phase=repack_pack_thread name=node_731 a=blk.12.inp_gate.weight at=q4_0 bt=f32 k=2560 m=256 n=2 b2=1 b3=1 a2=1 a3=1 threads=8 calls=8 elapsed_us=4
GGML_CPU_SHAPE_PROFILE phase=repack_pack_thread name=node_400 a=blk.6.proj.weight at=q4_0 bt=f32 k=256 m=2560 n=2 b2=1 b3=1 a2=1 a3=1 threads=8 calls=8 elapsed_us=1
GGML_CPU_SHAPE_PROFILE phase=node_wall name=ffn_up-17 a=blk.17.ffn_up.weight at=q4_0 bt=f32 k=2560 m=10240 n=4 b2=1 b3=1 a2=1 a3=1 threads=8 calls=1 elapsed_us=465
GGML_CPU_SHAPE_PROFILE phase=generic_pack_thread name=kqv-4 a=cache_v_l4 (view) (permuted) at=f16 bt=f32 k=256 m=256 n=2 b2=8 b3=1 a2=2 a3=1 threads=8 calls=8 elapsed_us=6
GGML_CPU_SHAPE_PROFILE phase=node_wall name=ffn_out-34 a=blk.34.ffn_down.weight at=q4_0 bt=f32 k=10240 m=2560 n=2 b2=1 b3=1 a2=1 a3=1 threads=8 calls=1 elapsed_us=513
GGML_CPU_SHAPE_PROFILE phase=node_wall name=node_285 a=blk.4.inp_gate.weight at=q4_0 bt=f32 k=2560 m=256 n=2 b2=1 b3=1 a2=1 a3=1 threads=8 calls=1 elapsed_us=35
GGML_CPU_SHAPE_PROFILE phase=repack_pack_thread name=Vcur-8 a=blk.8.attn_v.weight at=q4_0 bt=f32 k=2560 m=512 n=2 b2=1 b3=1 a2=1 a3=1 threads=8 calls=8 elapsed_us=3
GGML_CPU_SHAPE_PROFILE phase=node_wall name=node_495 a=blk.8.attn_output.weight at=q4_0 bt=f32 k=2048 m=2560 n=2 b2=1 b3=1 a2=1 a3=1 threads=8 calls=1 elapsed_us=103
GGML_CPU_SHAPE_PROFILE phase=repack_pack_thread name=Vcur-19 a=blk.19.attn_v.weight at=q4_0 bt=f32 k=2560 m=512 n=2 b2=1 b3=1 a2=1 a3=1 threads=8 calls=8 elapsed_us=3
GGML_CPU_SHAPE_PROFILE phase=node_wall name=kq-14 a=cache_k_l14 (view) (permuted) at=f16 bt=f32 k=256 m=256 n=2 b2=8 b3=1 a2=2 a3=1 threads=8 calls=1 elapsed_us=43
GGML_CPU_SHAPE_PROFILE phase=generic_pack_thread name=kqv-1 a=cache_v_l1 (view) (permuted) at=f16 bt=f32 k=256 m=256 n=2 b2=8 b3=1 a2=2 a3=1 threads=8 calls=8 elapsed_us=4
GGML_CPU_SHAPE_PROFILE phase=repack_pack_thread name=node_1385 a=blk.24.inp_gate.weight at=q4_0 bt=f32 k=2560 m=256 n=1 b2=1 b3=1 a2=1 a3=1 threads=8 calls=1016 elapsed_us=203
GGML_CPU_SHAPE_PROFILE phase=repack_pack_thread name=Kcur-0 a=blk.0.attn_k.weight at=q4_0 bt=f32 k=2560 m=512 n=2 b2=1 b3=1 a2=1 a3=1 threads=8 calls=8 elapsed_us=4
GGML_CPU_SHAPE_PROFILE phase=node_wall name=kq-1 a=cache_k_l1 (view) (permuted) at=f16 bt=f32 k=256 m=256 n=2 b2=8 b3=1 a2=2 a3=1 threads=8 calls=1 elapsed_us=57
GGML_CPU_SHAPE_PROFILE phase=node_wall name=Vcur-9 a=blk.9.attn_v.weight at=q4_0 bt=f32 k=2560 m=512 n=21 b2=1 b3=1 a2=1 a3=1 threads=16 calls=1 elapsed_us=313
GGML_CPU_SHAPE_PROFILE phase=repack_pack_thread name=ffn_out-38 a=blk.38.ffn_down.weight at=q4_0 bt=f32 k=10240 m=2560 n=21 b2=1 b3=1 a2=1 a3=1 threads=16 calls=16 elapsed_us=109
GGML_CPU_SHAPE_PROFILE phase=node_wall name=kqv-41 a=cache_v_l23 (view) (permuted) at=f16 bt=f32 k=65024 m=512 n=1 b2=8 b3=1 a2=2 a3=1 threads=8 calls=42 elapsed_us=343025
GGML_CPU_SHAPE_PROFILE phase=repack_pack_thread name=node_1869 a=blk.36.proj.weight at=q4_0 bt=f32 k=256 m=2560 n=2 b2=1 b3=1 a2=1 a3=1 threads=8 calls=8 elapsed_us=0
GGML_CPU_SHAPE_PROFILE phase=node_wall name=node_452 a=blk.7.inp_gate.weight at=q4_0 bt=f32 k=2560 m=256 n=2 b2=1 b3=1 a2=1 a3=1 threads=8 calls=1 elapsed_us=28
GGML_CPU_SHAPE_PROFILE phase=repack_pack_thread name=ffn_gate-24 a=blk.24.ffn_gate.weight at=q4_0 bt=f32 k=2560 m=10240 n=4 b2=1 b3=1 a2=1 a3=1 threads=8 calls=8 elapsed_us=2
GGML_CPU_SHAPE_PROFILE phase=node_wall name=node_662 a=blk.11.attn_output.weight at=q4_0 bt=f32 k=4096 m=2560 n=2 b2=1 b3=1 a2=1 a3=1 threads=8 calls=1 elapsed_us=197
GGML_CPU_SHAPE_PROFILE phase=node_wall name=kqv-17 a=cache_v_l17 (view) (permuted) at=f16 bt=f32 k=256 m=512 n=2 b2=8 b3=1 a2=2 a3=1 threads=8 calls=1 elapsed_us=72
GGML_CPU_SHAPE_PROFILE phase=repack_pack_thread name=ffn_out-6 a=blk.6.ffn_down.weight at=q4_0 bt=f32 k=10240 m=2560 n=21 b2=1 b3=1 a2=1 a3=1 threads=16 calls=16 elapsed_us=113
GGML_CPU_SHAPE_PROFILE phase=repack_pack_thread name=ffn_gate-2 a=blk.2.ffn_gate.weight at=q4_0 bt=f32 k=2560 m=10240 n=21 b2=1 b3=1 a2=1 a3=1 threads=16 calls=16 elapsed_us=24
GGML_CPU_SHAPE_PROFILE phase=repack_pack_thread name=Qcur-23 a=blk.23.attn_q.weight at=q4_0 bt=f32 k=2560 m=4096 n=2 b2=1 b3=1 a2=1 a3=1 threads=8 calls=8 elapsed_us=4
GGML_CPU_SHAPE_PROFILE phase=node_wall name=kq-24 a=cache_k_l22 (view) (permuted) at=f16 bt=f32 k=256 m=256 n=2 b2=8 b3=1 a2=2 a3=1 threads=8 calls=1 elapsed_us=43
GGML_CPU_SHAPE_PROFILE phase=repack_pack_thread name=ffn_out-4 a=blk.4.ffn_down.weight at=q4_0 bt=f32 k=10240 m=2560 n=21 b2=1 b3=1 a2=1 a3=1 threads=16 calls=16 elapsed_us=113
GGML_CPU_SHAPE_PROFILE phase=node_wall name=ffn_out-0 a=blk.0.ffn_down.weight at=q4_0 bt=f32 k=10240 m=2560 n=2 b2=1 b3=1 a2=1 a3=1 threads=8 calls=1 elapsed_us=517
GGML_CPU_SHAPE_PROFILE phase=repack_pack_thread name=Qcur-1 a=blk.1.attn_q.weight at=q4_0 bt=f32 k=2560 m=2048 n=21 b2=1 b3=1 a2=1 a3=1 threads=16 calls=16 elapsed_us=28
GGML_CPU_SHAPE_PROFILE phase=generic_pack_thread name=kq-2 a=cache_k_l2 (view) (permuted) at=f16 bt=f32 k=256 m=256 n=2 b2=8 b3=1 a2=2 a3=1 threads=8 calls=8 elapsed_us=6
GGML_CPU_SHAPE_PROFILE phase=node_wall name=ffn_up-0 a=blk.0.ffn_up.weight at=q4_0 bt=f32 k=2560 m=10240 n=2 b2=1 b3=1 a2=1 a3=1 threads=8 calls=1 elapsed_us=537
GGML_CPU_SHAPE_PROFILE phase=node_wall name=node_52 a=blk.0.inp_gate.weight at=q4_0 bt=f32 k=2560 m=256 n=4 b2=1 b3=1 a2=1 a3=1 threads=8 calls=1 elapsed_us=39
GGML_CPU_SHAPE_PROFILE phase=repack_pack_thread name=node_229 a=blk.3.inp_gate.weight at=q4_0 bt=f32 k=2560 m=256 n=2 b2=1 b3=1 a2=1 a3=1 threads=8 calls=8 elapsed_us=4
GGML_CPU_SHAPE_PROFILE phase=node_wall name=kq-2 a=cache_k_l2 (view) (permuted) at=f16 bt=f32 k=256 m=256 n=2 b2=8 b3=1 a2=2 a3=1 threads=8 calls=1 elapsed_us=45
GGML_CPU_SHAPE_PROFILE phase=generic_pack_thread name=kq-41 a=cache_k_l23 (view) (permuted) at=f16 bt=f32 k=512 m=64768 n=21 b2=8 b3=1 a2=2 a3=1 threads=16 calls=16 elapsed_us=278
GGML_CPU_SHAPE_PROFILE phase=node_wall name=ffn_gate-11 a=blk.11.ffn_gate.weight at=q4_0 bt=f32 k=2560 m=10240 n=2 b2=1 b3=1 a2=1 a3=1 threads=8 calls=1 elapsed_us=482
GGML_CPU_SHAPE_PROFILE phase=repack_pack_thread name=node_160 a=blk.2.attn_output.weight at=q4_0 bt=f32 k=2048 m=2560 n=2 b2=1 b3=1 a2=1 a3=1 threads=8 calls=8 elapsed_us=5
GGML_CPU_SHAPE_PROFILE phase=repack_pack_thread name=Vcur-9 a=blk.9.attn_v.weight at=q4_0 bt=f32 k=2560 m=512 n=2 b2=1 b3=1 a2=1 a3=1 threads=8 calls=8 elapsed_us=3
GGML_CPU_SHAPE_PROFILE phase=node_wall name=kqv-15 a=cache_v_l15 (view) (permuted) at=f16 bt=f32 k=256 m=256 n=2 b2=8 b3=1 a2=2 a3=1 threads=8 calls=1 elapsed_us=44
GGML_CPU_SHAPE_PROFILE phase=node_wall name=node_452 a=blk.7.inp_gate.weight at=q4_0 bt=f32 k=2560 m=256 n=1 b2=1 b3=1 a2=1 a3=1 threads=8 calls=127 elapsed_us=3121
GGML_CPU_SHAPE_PROFILE phase=repack_pack_thread name=node_1465 a=blk.26.inp_gate.weight at=q4_0 bt=f32 k=2560 m=256 n=4 b2=1 b3=1 a2=1 a3=1 threads=8 calls=8 elapsed_us=2
GGML_CPU_SHAPE_PROFILE phase=repack_pack_thread name=node_52 a=blk.0.inp_gate.weight at=q4_0 bt=f32 k=2560 m=256 n=2 b2=1 b3=1 a2=1 a3=1 threads=8 calls=8 elapsed_us=3
GGML_CPU_SHAPE_PROFILE phase=repack_pack_thread name=ffn_out-11 a=blk.11.ffn_down.weight at=q4_0 bt=f32 k=10240 m=2560 n=2 b2=1 b3=1 a2=1 a3=1 threads=8 calls=8 elapsed_us=12
GGML_CPU_SHAPE_PROFILE phase=node_wall name=node_955 a=blk.16.inp_gate.weight at=q4_0 bt=f32 k=2560 m=256 n=4 b2=1 b3=1 a2=1 a3=1 threads=8 calls=1 elapsed_us=49
GGML_CPU_SHAPE_PROFILE phase=node_wall name=Vcur-21 a=blk.21.attn_v.weight at=q4_0 bt=f32 k=2560 m=512 n=2 b2=1 b3=1 a2=1 a3=1 threads=8 calls=1 elapsed_us=37
GGML_CPU_SHAPE_PROFILE phase=node_wall name=Qcur-1 a=blk.1.attn_q.weight at=q4_0 bt=f32 k=2560 m=2048 n=2 b2=1 b3=1 a2=1 a3=1 threads=8 calls=1 elapsed_us=112
GGML_CPU_SHAPE_PROFILE phase=repack_pack_thread name=Vcur-16 a=blk.16.attn_v.weight at=q4_0 bt=f32 k=2560 m=512 n=21 b2=1 b3=1 a2=1 a3=1 threads=16 calls=16 elapsed_us=33
GGML_CPU_SHAPE_PROFILE phase=repack_pack_thread name=node_624 a=blk.10.proj.weight at=q4_0 bt=f32 k=256 m=2560 n=4 b2=1 b3=1 a2=1 a3=1 threads=8 calls=8 elapsed_us=1
GGML_CPU_SHAPE_PROFILE phase=node_wall name=Kcur-7 a=blk.7.attn_k.weight at=q4_0 bt=f32 k=2560 m=512 n=21 b2=1 b3=1 a2=1 a3=1 threads=16 calls=1 elapsed_us=331
GGML_CPU_SHAPE_PROFILE phase=node_wall name=Qcur-2 a=blk.2.attn_q.weight at=q4_0 bt=f32 k=2560 m=2048 n=2 b2=1 b3=1 a2=1 a3=1 threads=8 calls=1 elapsed_us=113
GGML_CPU_SHAPE_PROFILE phase=node_wall name=ffn_gate-30 a=blk.30.ffn_gate.weight at=q4_0 bt=f32 k=2560 m=10240 n=21 b2=1 b3=1 a2=1 a3=1 threads=16 calls=1 elapsed_us=2428
GGML_CPU_SHAPE_PROFILE phase=repack_pack_thread name=Qcur-36 a=blk.36.attn_q.weight at=q4_0 bt=f32 k=2560 m=2048 n=2 b2=1 b3=1 a2=1 a3=1 threads=8 calls=8 elapsed_us=2
GGML_CPU_SHAPE_PROFILE phase=node_wall name=Vcur-3 a=blk.3.attn_v.weight at=q4_0 bt=f32 k=2560 m=512 n=2 b2=1 b3=1 a2=1 a3=1 threads=8 calls=1 elapsed_us=38
GGML_CPU_SHAPE_PROFILE phase=generic_pack_thread name=kqv-14 a=cache_v_l14 (view) (permuted) at=f16 bt=f32 k=256 m=256 n=2 b2=8 b3=1 a2=2 a3=1 threads=8 calls=8 elapsed_us=5
GGML_CPU_SHAPE_PROFILE phase=node_wall name=kqv-20 a=cache_v_l20 (view) (permuted) at=f16 bt=f32 k=768 m=256 n=4 b2=8 b3=1 a2=2 a3=1 threads=8 calls=1 elapsed_us=101
GGML_CPU_SHAPE_PROFILE phase=repack_pack_thread name=node_1705 a=blk.32.inp_gate.weight at=q4_0 bt=f32 k=2560 m=256 n=2 b2=1 b3=1 a2=1 a3=1 threads=8 calls=8 elapsed_us=3
GGML_CPU_SHAPE_PROFILE phase=node_wall name=ffn_out-24 a=blk.24.ffn_down.weight at=q4_0 bt=f32 k=10240 m=2560 n=4 b2=1 b3=1 a2=1 a3=1 threads=8 calls=1 elapsed_us=454
GGML_CPU_SHAPE_PROFILE phase=repack_pack_thread name=node_624 a=blk.10.proj.weight at=q4_0 bt=f32 k=256 m=2560 n=2 b2=1 b3=1 a2=1 a3=1 threads=8 calls=8 elapsed_us=0
GGML_CPU_SHAPE_PROFILE phase=node_wall name=kq-21 a=cache_k_l21 (view) (permuted) at=f16 bt=f32 k=256 m=256 n=2 b2=8 b3=1 a2=2 a3=1 threads=8 calls=1 elapsed_us=42
GGML_CPU_SHAPE_PROFILE phase=generic_pack_thread name=kqv-22 a=cache_v_l22 (view) (permuted) at=f16 bt=f32 k=768 m=256 n=4 b2=8 b3=1 a2=2 a3=1 threads=8 calls=8 elapsed_us=32
GGML_CPU_SHAPE_PROFILE phase=node_wall name=Qcur-11 a=blk.11.attn_q.weight at=q4_0 bt=f32 k=2560 m=4096 n=21 b2=1 b3=1 a2=1 a3=1 threads=16 calls=1 elapsed_us=1268
GGML_CPU_SHAPE_PROFILE phase=node_wall name=node_456 a=blk.7.proj.weight at=q4_0 bt=f32 k=256 m=2560 n=21 b2=1 b3=1 a2=1 a3=1 threads=16 calls=1 elapsed_us=156
GGML_CPU_SHAPE_PROFILE phase=repack_pack_thread name=node_456 a=blk.7.proj.weight at=q4_0 bt=f32 k=256 m=2560 n=2 b2=1 b3=1 a2=1 a3=1 threads=8 calls=8 elapsed_us=0
GGML_CPU_SHAPE_PROFILE phase=repack_pack_thread name=Vcur-1 a=blk.1.attn_v.weight at=q4_0 bt=f32 k=2560 m=512 n=2 b2=1 b3=1 a2=1 a3=1 threads=8 calls=8 elapsed_us=3
GGML_CPU_SHAPE_PROFILE phase=node_wall name=node_54 a=per_layer_model_proj.weight at=f16 bt=f32 k=2560 m=10752 n=2 b2=1 b3=1 a2=1 a3=1 threads=8 calls=1 elapsed_us=1014
GGML_CPU_SHAPE_PROFILE phase=generic_pack_thread name=kqv-19 a=cache_v_l19 (view) (permuted) at=f16 bt=f32 k=768 m=256 n=4 b2=8 b3=1 a2=2 a3=1 threads=8 calls=8 elapsed_us=30
GGML_CPU_SHAPE_PROFILE phase=node_wall name=ffn_gate-2 a=blk.2.ffn_gate.weight at=q4_0 bt=f32 k=2560 m=10240 n=2 b2=1 b3=1 a2=1 a3=1 threads=8 calls=1 elapsed_us=499
GGML_CPU_SHAPE_PROFILE phase=node_wall name=node_177 a=blk.2.proj.weight at=q4_0 bt=f32 k=256 m=2560 n=1 b2=1 b3=1 a2=1 a3=1 threads=8 calls=127 elapsed_us=2962
GGML_CPU_SHAPE_PROFILE phase=node_wall name=ffn_up-12 a=blk.12.ffn_up.weight at=q4_0 bt=f32 k=2560 m=10240 n=21 b2=1 b3=1 a2=1 a3=1 threads=16 calls=1 elapsed_us=2376
GGML_CPU_SHAPE_PROFILE phase=node_wall name=node_1892 a=blk.37.attn_output.weight at=q4_0 bt=f32 k=2048 m=2560 n=21 b2=1 b3=1 a2=1 a3=1 threads=16 calls=1 elapsed_us=553
GGML_CPU_SHAPE_PROFILE phase=generic_pack_thread name=kq-28 a=cache_k_l22 (view) (permuted) at=f16 bt=f32 k=256 m=256 n=2 b2=8 b3=1 a2=2 a3=1 threads=8 calls=8 elapsed_us=8
GGML_CPU_SHAPE_PROFILE phase=repack_pack_thread name=node_1665 a=blk.31.inp_gate.weight at=q4_0 bt=f32 k=2560 m=256 n=21 b2=1 b3=1 a2=1 a3=1 threads=16 calls=16 elapsed_us=32
GGML_CPU_SHAPE_PROFILE phase=generic_pack_thread name=kq-6 a=cache_k_l6 (view) (permuted) at=f16 bt=f32 k=256 m=768 n=21 b2=8 b3=1 a2=2 a3=1 threads=16 calls=16 elapsed_us=179
GGML_CPU_SHAPE_PROFILE phase=generic_pack_thread name=kq-2 a=cache_k_l2 (view) (permuted) at=f16 bt=f32 k=256 m=768 n=21 b2=8 b3=1 a2=2 a3=1 threads=16 calls=16 elapsed_us=201
GGML_CPU_SHAPE_PROFILE phase=node_wall name=Qcur-31 a=blk.31.attn_q.weight at=q4_0 bt=f32 k=2560 m=2048 n=21 b2=1 b3=1 a2=1 a3=1 threads=16 calls=1 elapsed_us=609
GGML_CPU_SHAPE_PROFILE phase=repack_pack_thread name=node_1625 a=blk.30.inp_gate.weight at=q4_0 bt=f32 k=2560 m=256 n=2 b2=1 b3=1 a2=1 a3=1 threads=8 calls=8 elapsed_us=3
GGML_CPU_SHAPE_PROFILE phase=repack_pack_thread name=node_1709 a=blk.32.proj.weight at=q4_0 bt=f32 k=256 m=2560 n=2 b2=1 b3=1 a2=1 a3=1 threads=8 calls=8 elapsed_us=1
GGML_CPU_SHAPE_PROFILE phase=repack_pack_thread name=node_104 a=blk.1.attn_output.weight at=q4_0 bt=f32 k=2048 m=2560 n=2 b2=1 b3=1 a2=1 a3=1 threads=8 calls=8 elapsed_us=3
GGML_CPU_SHAPE_PROFILE phase=node_wall name=node_774 a=blk.13.attn_output.weight at=q4_0 bt=f32 k=2048 m=2560 n=4 b2=1 b3=1 a2=1 a3=1 threads=8 calls=1 elapsed_us=146
GGML_CPU_SHAPE_PROFILE phase=node_wall name=ffn_up-26 a=blk.26.ffn_up.weight at=q4_0 bt=f32 k=2560 m=10240 n=2 b2=1 b3=1 a2=1 a3=1 threads=8 calls=1 elapsed_us=486
GGML_CPU_SHAPE_PROFILE phase=node_wall name=node_2052 a=blk.41.attn_output.weight at=q4_0 bt=f32 k=4096 m=2560 n=2 b2=1 b3=1 a2=1 a3=1 threads=8 calls=1 elapsed_us=208
GGML_CPU_SHAPE_PROFILE phase=repack_pack_thread name=Qcur-37 a=blk.37.attn_q.weight at=q4_0 bt=f32 k=2560 m=2048 n=1 b2=1 b3=1 a2=1 a3=1 threads=8 calls=1016 elapsed_us=191
GGML_CPU_SHAPE_PROFILE phase=repack_pack_thread name=Kcur-17 a=blk.17.attn_k.weight at=q4_0 bt=f32 k=2560 m=1024 n=21 b2=1 b3=1 a2=1 a3=1 threads=16 calls=16 elapsed_us=36
GGML_CPU_SHAPE_PROFILE phase=repack_pack_thread name=node_512 a=blk.8.proj.weight at=q4_0 bt=f32 k=256 m=2560 n=2 b2=1 b3=1 a2=1 a3=1 threads=8 calls=8 elapsed_us=0
GGML_CPU_SHAPE_PROFILE phase=node_wall name=node_344 a=blk.5.proj.weight at=q4_0 bt=f32 k=256 m=2560 n=21 b2=1 b3=1 a2=1 a3=1 threads=16 calls=1 elapsed_us=182
GGML_CPU_SHAPE_PROFILE phase=repack_pack_thread name=ffn_gate-12 a=blk.12.ffn_gate.weight at=q4_0 bt=f32 k=2560 m=10240 n=2 b2=1 b3=1 a2=1 a3=1 threads=8 calls=8 elapsed_us=3
GGML_CPU_SHAPE_PROFILE phase=node_wall name=kq-29 a=cache_k_l23 (view) (permuted) at=f16 bt=f32 k=512 m=256 n=2 b2=8 b3=1 a2=2 a3=1 threads=8 calls=1 elapsed_us=56
GGML_CPU_SHAPE_PROFILE phase=node_wall name=node_1652 a=blk.31.attn_output.weight at=q4_0 bt=f32 k=2048 m=2560 n=21 b2=1 b3=1 a2=1 a3=1 threads=16 calls=1 elapsed_us=684
GGML_CPU_SHAPE_PROFILE phase=repack_pack_thread name=ffn_out-35 a=blk.35.ffn_down.weight at=q4_0 bt=f32 k=10240 m=2560 n=21 b2=1 b3=1 a2=1 a3=1 threads=16 calls=16 elapsed_us=113
GGML_CPU_SHAPE_PROFILE phase=repack_pack_thread name=node_1053 a=blk.18.attn_output.weight at=q4_0 bt=f32 k=2048 m=2560 n=2 b2=1 b3=1 a2=1 a3=1 threads=8 calls=8 elapsed_us=4
GGML_CPU_SHAPE_PROFILE phase=node_wall name=Qcur-4 a=blk.4.attn_q.weight at=q4_0 bt=f32 k=2560 m=2048 n=2 b2=1 b3=1 a2=1 a3=1 threads=8 calls=1 elapsed_us=113
GGML_CPU_SHAPE_PROFILE phase=repack_pack_thread name=ffn_up-2 a=blk.2.ffn_up.weight at=q4_0 bt=f32 k=2560 m=10240 n=2 b2=1 b3=1 a2=1 a3=1 threads=8 calls=8 elapsed_us=5
GGML_CPU_SHAPE_PROFILE phase=node_wall name=kqv-7 a=cache_v_l7 (view) (permuted) at=f16 bt=f32 k=256 m=256 n=2 b2=8 b3=1 a2=2 a3=1 threads=8 calls=1 elapsed_us=44
GGML_CPU_SHAPE_PROFILE phase=node_wall name=kqv-31 a=cache_v_l22 (view) (permuted) at=f16 bt=f32 k=768 m=256 n=21 b2=8 b3=1 a2=2 a3=1 threads=16 calls=1 elapsed_us=1257
GGML_CPU_SHAPE_PROFILE phase=repack_pack_thread name=ffn_out-2 a=blk.2.ffn_down.weight at=q4_0 bt=f32 k=10240 m=2560 n=2 b2=1 b3=1 a2=1 a3=1 threads=8 calls=8 elapsed_us=11
GGML_CPU_SHAPE_PROFILE phase=node_wall name=ffn_gate-38 a=blk.38.ffn_gate.weight at=q4_0 bt=f32 k=2560 m=10240 n=2 b2=1 b3=1 a2=1 a3=1 threads=8 calls=1 elapsed_us=481
GGML_CPU_SHAPE_PROFILE phase=repack_pack_thread name=ffn_gate-9 a=blk.9.ffn_gate.weight at=q4_0 bt=f32 k=2560 m=10240 n=2 b2=1 b3=1 a2=1 a3=1 threads=8 calls=8 elapsed_us=2
GGML_CPU_SHAPE_PROFILE phase=repack_pack_thread name=Kcur-7 a=blk.7.attn_k.weight at=q4_0 bt=f32 k=2560 m=512 n=4 b2=1 b3=1 a2=1 a3=1 threads=8 calls=8 elapsed_us=2
GGML_CPU_SHAPE_PROFILE phase=node_wall name=Kcur-4 a=blk.4.attn_k.weight at=q4_0 bt=f32 k=2560 m=512 n=2 b2=1 b3=1 a2=1 a3=1 threads=8 calls=1 elapsed_us=330
GGML_CPU_SHAPE_PROFILE phase=node_wall name=ffn_out-41 a=blk.41.ffn_down.weight at=q4_0 bt=f32 k=10240 m=2560 n=2 b2=1 b3=1 a2=1 a3=1 threads=8 calls=1 elapsed_us=528
GGML_CPU_SHAPE_PROFILE phase=repack_pack_thread name=ffn_up-8 a=blk.8.ffn_up.weight at=q4_0 bt=f32 k=2560 m=10240 n=2 b2=1 b3=1 a2=1 a3=1 threads=8 calls=8 elapsed_us=4
GGML_CPU_SHAPE_PROFILE phase=repack_pack_thread name=ffn_gate-4 a=blk.4.ffn_gate.weight at=q4_0 bt=f32 k=2560 m=10240 n=2 b2=1 b3=1 a2=1 a3=1 threads=8 calls=8 elapsed_us=2
GGML_CPU_SHAPE_PROFILE phase=node_wall name=ffn_gate-3 a=blk.3.ffn_gate.weight at=q4_0 bt=f32 k=2560 m=10240 n=2 b2=1 b3=1 a2=1 a3=1 threads=8 calls=1 elapsed_us=492
GGML_CPU_SHAPE_PROFILE phase=node_wall name=Vcur-9 a=blk.9.attn_v.weight at=q4_0 bt=f32 k=2560 m=512 n=1 b2=1 b3=1 a2=1 a3=1 threads=8 calls=127 elapsed_us=3922
GGML_CPU_SHAPE_PROFILE phase=repack_pack_thread name=ffn_out-12 a=blk.12.ffn_down.weight at=q4_0 bt=f32 k=10240 m=2560 n=21 b2=1 b3=1 a2=1 a3=1 threads=16 calls=16 elapsed_us=129
GGML_CPU_SHAPE_PROFILE phase=node_wall name=kq-18 a=cache_k_l18 (view) (permuted) at=f16 bt=f32 k=256 m=256 n=2 b2=8 b3=1 a2=2 a3=1 threads=8 calls=1 elapsed_us=46
GGML_CPU_SHAPE_PROFILE phase=node_wall name=ffn_out-5 a=blk.5.ffn_down.weight at=q4_0 bt=f32 k=10240 m=2560 n=2 b2=1 b3=1 a2=1 a3=1 threads=8 calls=1 elapsed_us=541
GGML_CPU_SHAPE_PROFILE phase=repack_pack_thread name=node_568 a=blk.9.proj.weight at=q4_0 bt=f32 k=256 m=2560 n=21 b2=1 b3=1 a2=1 a3=1 threads=16 calls=16 elapsed_us=5
GGML_CPU_SHAPE_PROFILE phase=repack_pack_thread name=ffn_up-30 a=blk.30.ffn_up.weight at=q4_0 bt=f32 k=2560 m=10240 n=2 b2=1 b3=1 a2=1 a3=1 threads=8 calls=8 elapsed_us=3
GGML_CPU_SHAPE_PROFILE phase=repack_pack_thread name=Kcur-3 a=blk.3.attn_k.weight at=q4_0 bt=f32 k=2560 m=512 n=2 b2=1 b3=1 a2=1 a3=1 threads=8 calls=8 elapsed_us=3
GGML_CPU_SHAPE_PROFILE phase=node_wall name=node_899 a=blk.15.inp_gate.weight at=q4_0 bt=f32 k=2560 m=256 n=4 b2=1 b3=1 a2=1 a3=1 threads=8 calls=1 elapsed_us=38
GGML_CPU_SHAPE_PROFILE phase=repack_pack_thread name=Vcur-1 a=blk.1.attn_v.weight at=q4_0 bt=f32 k=2560 m=512 n=21 b2=1 b3=1 a2=1 a3=1 threads=16 calls=16 elapsed_us=23
GGML_CPU_SHAPE_PROFILE phase=generic_pack_thread name=kq-38 a=cache_k_l22 (view) (permuted) at=f16 bt=f32 k=256 m=256 n=2 b2=8 b3=1 a2=2 a3=1 threads=8 calls=8 elapsed_us=9
GGML_CPU_SHAPE_PROFILE phase=node_wall name=node_2012 a=blk.40.attn_output.weight at=q4_0 bt=f32 k=2048 m=2560 n=2 b2=1 b3=1 a2=1 a3=1 threads=8 calls=1 elapsed_us=106
GGML_CPU_SHAPE_PROFILE phase=node_wall name=kqv-40 a=cache_v_l22 (view) (permuted) at=f16 bt=f32 k=256 m=256 n=2 b2=8 b3=1 a2=2 a3=1 threads=8 calls=1 elapsed_us=53
GGML_CPU_SHAPE_PROFILE phase=repack_pack_thread name=node_508 a=blk.8.inp_gate.weight at=q4_0 bt=f32 k=2560 m=256 n=2 b2=1 b3=1 a2=1 a3=1 threads=8 calls=8 elapsed_us=3
GGML_CPU_SHAPE_PROFILE phase=repack_pack_thread name=ffn_gate-29 a=blk.29.ffn_gate.weight at=q4_0 bt=f32 k=2560 m=10240 n=21 b2=1 b3=1 a2=1 a3=1 threads=16 calls=16 elapsed_us=34
GGML_CPU_SHAPE_PROFILE phase=node_wall name=node_229 a=blk.3.inp_gate.weight at=q4_0 bt=f32 k=2560 m=256 n=21 b2=1 b3=1 a2=1 a3=1 threads=16 calls=1 elapsed_us=255
GGML_CPU_SHAPE_PROFILE phase=node_wall name=ffn_gate-31 a=blk.31.ffn_gate.weight at=q4_0 bt=f32 k=2560 m=10240 n=2 b2=1 b3=1 a2=1 a3=1 threads=8 calls=1 elapsed_us=483
GGML_CPU_SHAPE_PROFILE phase=repack_pack_thread name=ffn_up-32 a=blk.32.ffn_up.weight at=q4_0 bt=f32 k=2560 m=10240 n=2 b2=1 b3=1 a2=1 a3=1 threads=8 calls=8 elapsed_us=5
GGML_CPU_SHAPE_PROFILE phase=node_wall name=node_1549 a=blk.28.proj.weight at=q4_0 bt=f32 k=256 m=2560 n=2 b2=1 b3=1 a2=1 a3=1 threads=8 calls=1 elapsed_us=25
GGML_CPU_SHAPE_PROFILE phase=node_wall name=kqv-1 a=cache_v_l1 (view) (permuted) at=f16 bt=f32 k=256 m=256 n=2 b2=8 b3=1 a2=2 a3=1 threads=8 calls=1 elapsed_us=192
GGML_CPU_SHAPE_PROFILE phase=node_wall name=ffn_out-15 a=blk.15.ffn_down.weight at=q4_0 bt=f32 k=10240 m=2560 n=2 b2=1 b3=1 a2=1 a3=1 threads=8 calls=1 elapsed_us=495
GGML_CPU_SHAPE_PROFILE phase=generic_pack_thread name=kq-11 a=cache_k_l11 (view) (permuted) at=f16 bt=f32 k=512 m=65024 n=1 b2=8 b3=1 a2=2 a3=1 threads=8 calls=336 elapsed_us=254
GGML_CPU_SHAPE_PROFILE phase=node_wall name=Vcur-11 a=blk.11.attn_v.weight at=q4_0 bt=f32 k=2560 m=1024 n=2 b2=1 b3=1 a2=1 a3=1 threads=8 calls=1 elapsed_us=59
GGML_CPU_SHAPE_PROFILE phase=node_wall name=ffn_up-16 a=blk.16.ffn_up.weight at=q4_0 bt=f32 k=2560 m=10240 n=2 b2=1 b3=1 a2=1 a3=1 threads=8 calls=1 elapsed_us=476
GGML_CPU_SHAPE_PROFILE phase=node_wall name=Qcur-19 a=blk.19.attn_q.weight at=q4_0 bt=f32 k=2560 m=2048 n=4 b2=1 b3=1 a2=1 a3=1 threads=8 calls=1 elapsed_us=109
GGML_CPU_SHAPE_PROFILE phase=repack_pack_thread name=Kcur-16 a=blk.16.attn_k.weight at=q4_0 bt=f32 k=2560 m=512 n=1 b2=1 b3=1 a2=1 a3=1 threads=8 calls=1016 elapsed_us=190
GGML_CPU_SHAPE_PROFILE phase=node_wall name=node_216 a=blk.3.attn_output.weight at=q4_0 bt=f32 k=2048 m=2560 n=21 b2=1 b3=1 a2=1 a3=1 threads=16 calls=1 elapsed_us=347
GGML_CPU_SHAPE_PROFILE phase=node_wall name=node_1345 a=blk.23.inp_gate.weight at=q4_0 bt=f32 k=2560 m=256 n=4 b2=1 b3=1 a2=1 a3=1 threads=8 calls=1 elapsed_us=32
GGML_CPU_SHAPE_PROFILE phase=node_wall name=kqv-3 a=cache_v_l3 (view) (permuted) at=f16 bt=f32 k=256 m=256 n=2 b2=8 b3=1 a2=2 a3=1 threads=8 calls=1 elapsed_us=52
GGML_CPU_SHAPE_PROFILE phase=node_wall name=Kcur-9 a=blk.9.attn_k.weight at=q4_0 bt=f32 k=2560 m=512 n=2 b2=1 b3=1 a2=1 a3=1 threads=8 calls=1 elapsed_us=35
GGML_CPU_SHAPE_PROFILE phase=generic_pack_thread name=kqv-10 a=cache_v_l10 (view) (permuted) at=f16 bt=f32 k=768 m=256 n=21 b2=8 b3=1 a2=2 a3=1 threads=16 calls=16 elapsed_us=205
GGML_CPU_SHAPE_PROFILE phase=repack_pack_thread name=ffn_gate-9 a=blk.9.ffn_gate.weight at=q4_0 bt=f32 k=2560 m=10240 n=21 b2=1 b3=1 a2=1 a3=1 threads=16 calls=16 elapsed_us=27
GGML_CPU_SHAPE_PROFILE phase=repack_pack_thread name=Qcur-33 a=blk.33.attn_q.weight at=q4_0 bt=f32 k=2560 m=2048 n=21 b2=1 b3=1 a2=1 a3=1 threads=16 calls=16 elapsed_us=28
GGML_CPU_SHAPE_PROFILE phase=repack_pack_thread name=ffn_up-0 a=blk.0.ffn_up.weight at=q4_0 bt=f32 k=2560 m=10240 n=2 b2=1 b3=1 a2=1 a3=1 threads=8 calls=8 elapsed_us=4
GGML_CPU_SHAPE_PROFILE phase=node_wall name=Vcur-0 a=blk.0.attn_v.weight at=q4_0 bt=f32 k=2560 m=512 n=21 b2=1 b3=1 a2=1 a3=1 threads=16 calls=1 elapsed_us=490
GGML_CPU_SHAPE_PROFILE phase=node_wall name=Kcur-19 a=blk.19.attn_k.weight at=q4_0 bt=f32 k=2560 m=512 n=1 b2=1 b3=1 a2=1 a3=1 threads=8 calls=127 elapsed_us=3770
GGML_CPU_SHAPE_PROFILE phase=node_wall name=kq-14 a=cache_k_l14 (view) (permuted) at=f16 bt=f32 k=256 m=768 n=21 b2=8 b3=1 a2=2 a3=1 threads=16 calls=1 elapsed_us=1378
GGML_CPU_SHAPE_PROFILE phase=node_wall name=node_1385 a=blk.24.inp_gate.weight at=q4_0 bt=f32 k=2560 m=256 n=2 b2=1 b3=1 a2=1 a3=1 threads=8 calls=1 elapsed_us=29
GGML_CPU_SHAPE_PROFILE phase=repack_pack_thread name=node_1612 a=blk.30.attn_output.weight at=q4_0 bt=f32 k=2048 m=2560 n=1 b2=1 b3=1 a2=1 a3=1 threads=8 calls=1016 elapsed_us=167
GGML_CPU_SHAPE_PROFILE phase=repack_pack_thread name=node_160 a=blk.2.attn_output.weight at=q4_0 bt=f32 k=2048 m=2560 n=4 b2=1 b3=1 a2=1 a3=1 threads=8 calls=8 elapsed_us=3
GGML_CPU_SHAPE_PROFILE phase=repack_pack_thread name=ffn_gate-19 a=blk.19.ffn_gate.weight at=q4_0 bt=f32 k=2560 m=10240 n=4 b2=1 b3=1 a2=1 a3=1 threads=8 calls=8 elapsed_us=3
GGML_CPU_SHAPE_PROFILE phase=repack_pack_thread name=node_1452 a=blk.26.attn_output.weight at=q4_0 bt=f32 k=2048 m=2560 n=2 b2=1 b3=1 a2=1 a3=1 threads=8 calls=8 elapsed_us=2
GGML_CPU_SHAPE_PROFILE phase=repack_pack_thread name=node_1109 a=blk.19.attn_output.weight at=q4_0 bt=f32 k=2048 m=2560 n=4 b2=1 b3=1 a2=1 a3=1 threads=8 calls=8 elapsed_us=3
GGML_CPU_SHAPE_PROFILE phase=repack_pack_thread name=node_216 a=blk.3.attn_output.weight at=q4_0 bt=f32 k=2048 m=2560 n=2 b2=1 b3=1 a2=1 a3=1 threads=8 calls=8 elapsed_us=3
GGML_CPU_SHAPE_PROFILE phase=repack_pack_thread name=ffn_out-13 a=blk.13.ffn_down.weight at=q4_0 bt=f32 k=10240 m=2560 n=2 b2=1 b3=1 a2=1 a3=1 threads=8 calls=8 elapsed_us=13
GGML_CPU_SHAPE_PROFILE phase=repack_pack_thread name=node_340 a=blk.5.inp_gate.weight at=q4_0 bt=f32 k=2560 m=256 n=2 b2=1 b3=1 a2=1 a3=1 threads=8 calls=8 elapsed_us=3
GGML_CPU_SHAPE_PROFILE phase=repack_pack_thread name=ffn_out-20 a=blk.20.ffn_down.weight at=q4_0 bt=f32 k=10240 m=2560 n=2 b2=1 b3=1 a2=1 a3=1 threads=8 calls=8 elapsed_us=12
GGML_CPU_SHAPE_PROFILE phase=node_wall name=ffn_out-23 a=blk.23.ffn_down.weight at=q4_0 bt=f32 k=10240 m=2560 n=2 b2=1 b3=1 a2=1 a3=1 threads=8 calls=1 elapsed_us=492
GGML_CPU_SHAPE_PROFILE phase=repack_pack_thread name=ffn_up-28 a=blk.28.ffn_up.weight at=q4_0 bt=f32 k=2560 m=10240 n=2 b2=1 b3=1 a2=1 a3=1 threads=8 calls=8 elapsed_us=4
GGML_CPU_SHAPE_PROFILE phase=repack_pack_thread name=ffn_gate-22 a=blk.22.ffn_gate.weight at=q4_0 bt=f32 k=2560 m=10240 n=1 b2=1 b3=1 a2=1 a3=1 threads=8 calls=1016 elapsed_us=203
GGML_CPU_SHAPE_PROFILE phase=node_wall name=Vcur-2 a=blk.2.attn_v.weight at=q4_0 bt=f32 k=2560 m=512 n=1 b2=1 b3=1 a2=1 a3=1 threads=8 calls=127 elapsed_us=3740
GGML_CPU_SHAPE_PROFILE phase=node_wall name=ffn_out-13 a=blk.13.ffn_down.weight at=q4_0 bt=f32 k=10240 m=2560 n=2 b2=1 b3=1 a2=1 a3=1 threads=8 calls=1 elapsed_us=493
GGML_CPU_SHAPE_PROFILE phase=repack_pack_thread name=ffn_out-23 a=blk.23.ffn_down.weight at=q4_0 bt=f32 k=10240 m=2560 n=2 b2=1 b3=1 a2=1 a3=1 threads=8 calls=8 elapsed_us=12
GGML_CPU_SHAPE_PROFILE phase=node_wall name=node_216 a=blk.3.attn_output.weight at=q4_0 bt=f32 k=2048 m=2560 n=2 b2=1 b3=1 a2=1 a3=1 threads=8 calls=1 elapsed_us=605
GGML_CPU_SHAPE_PROFILE phase=node_wall name=node_886 a=blk.15.attn_output.weight at=q4_0 bt=f32 k=2048 m=2560 n=21 b2=1 b3=1 a2=1 a3=1 threads=16 calls=1 elapsed_us=594
GGML_CPU_SHAPE_PROFILE phase=node_wall name=node_1945 a=blk.38.inp_gate.weight at=q4_0 bt=f32 k=2560 m=256 n=4 b2=1 b3=1 a2=1 a3=1 threads=8 calls=1 elapsed_us=48
GGML_CPU_SHAPE_PROFILE phase=repack_pack_thread name=node_1178 a=blk.20.inp_gate.weight at=q4_0 bt=f32 k=2560 m=256 n=21 b2=1 b3=1 a2=1 a3=1 threads=16 calls=16 elapsed_us=34
GGML_CPU_SHAPE_PROFILE phase=node_wall name=ffn_out-14 a=blk.14.ffn_down.weight at=q4_0 bt=f32 k=10240 m=2560 n=21 b2=1 b3=1 a2=1 a3=1 threads=16 calls=1 elapsed_us=2437
GGML_CPU_SHAPE_PROFILE phase=repack_pack_thread name=ffn_gate-3 a=blk.3.ffn_gate.weight at=q4_0 bt=f32 k=2560 m=10240 n=2 b2=1 b3=1 a2=1 a3=1 threads=8 calls=8 elapsed_us=5
GGML_CPU_SHAPE_PROFILE phase=repack_pack_thread name=ffn_up-7 a=blk.7.ffn_up.weight at=q4_0 bt=f32 k=2560 m=10240 n=2 b2=1 b3=1 a2=1 a3=1 threads=8 calls=8 elapsed_us=3
GGML_CPU_SHAPE_PROFILE phase=repack_pack_thread name=ffn_out-0 a=blk.0.ffn_down.weight at=q4_0 bt=f32 k=10240 m=2560 n=2 b2=1 b3=1 a2=1 a3=1 threads=8 calls=8 elapsed_us=18
GGML_CPU_SHAPE_PROFILE phase=repack_pack_thread name=Kcur-1 a=blk.1.attn_k.weight at=q4_0 bt=f32 k=2560 m=512 n=21 b2=1 b3=1 a2=1 a3=1 threads=16 calls=16 elapsed_us=25
GGML_CPU_SHAPE_PROFILE phase=repack_pack_thread name=Qcur-35 a=blk.35.attn_q.weight at=q4_0 bt=f32 k=2560 m=4096 n=21 b2=1 b3=1 a2=1 a3=1 threads=16 calls=16 elapsed_us=30
GGML_CPU_SHAPE_PROFILE phase=node_wall name=Qcur-9 a=blk.9.attn_q.weight at=q4_0 bt=f32 k=2560 m=2048 n=21 b2=1 b3=1 a2=1 a3=1 threads=16 calls=1 elapsed_us=637
GGML_CPU_SHAPE_PROFILE phase=repack_pack_thread name=node_173 a=blk.2.inp_gate.weight at=q4_0 bt=f32 k=2560 m=256 n=2 b2=1 b3=1 a2=1 a3=1 threads=8 calls=8 elapsed_us=4
GGML_CPU_SHAPE_PROFILE phase=node_wall name=node_121 a=blk.1.proj.weight at=q4_0 bt=f32 k=256 m=2560 n=1 b2=1 b3=1 a2=1 a3=1 threads=8 calls=127 elapsed_us=2879
GGML_CPU_SHAPE_PROFILE phase=node_wall name=Vcur-12 a=blk.12.attn_v.weight at=q4_0 bt=f32 k=2560 m=512 n=4 b2=1 b3=1 a2=1 a3=1 threads=8 calls=1 elapsed_us=58
GGML_CPU_SHAPE_PROFILE phase=node_wall name=kq-18 a=cache_k_l18 (view) (permuted) at=f16 bt=f32 k=256 m=768 n=4 b2=8 b3=1 a2=2 a3=1 threads=8 calls=1 elapsed_us=631
GGML_CPU_SHAPE_PROFILE phase=generic_pack_thread name=kq-36 a=cache_k_l22 (view) (permuted) at=f16 bt=f32 k=256 m=256 n=2 b2=8 b3=1 a2=2 a3=1 threads=8 calls=8 elapsed_us=9
GGML_CPU_SHAPE_PROFILE phase=generic_pack_thread name=kq-3 a=cache_k_l3 (view) (permuted) at=f16 bt=f32 k=256 m=768 n=1 b2=8 b3=1 a2=2 a3=1 threads=8 calls=1016 elapsed_us=437
GGML_CPU_SHAPE_PROFILE phase=node_wall name=kq-29 a=cache_k_l23 (view) (permuted) at=f16 bt=f32 k=512 m=64768 n=21 b2=8 b3=1 a2=2 a3=1 threads=16 calls=1 elapsed_us=37555
GGML_CPU_SHAPE_PROFILE phase=node_wall name=node_2065 a=blk.41.inp_gate.weight at=q4_0 bt=f32 k=2560 m=256 n=2 b2=1 b3=1 a2=1 a3=1 threads=8 calls=1 elapsed_us=32
GGML_CPU_SHAPE_PROFILE phase=repack_pack_thread name=node_177 a=blk.2.proj.weight at=q4_0 bt=f32 k=256 m=2560 n=21 b2=1 b3=1 a2=1 a3=1 threads=16 calls=16 elapsed_us=2
GGML_CPU_SHAPE_PROFILE phase=repack_pack_thread name=node_774 a=blk.13.attn_output.weight at=q4_0 bt=f32 k=2048 m=2560 n=2 b2=1 b3=1 a2=1 a3=1 threads=8 calls=8 elapsed_us=3
GGML_CPU_SHAPE_PROFILE phase=node_wall name=node_65 a=blk.0.proj.weight at=q4_0 bt=f32 k=256 m=2560 n=2 b2=1 b3=1 a2=1 a3=1 threads=8 calls=1 elapsed_us=48
GGML_CPU_SHAPE_PROFILE phase=node_wall name=ffn_up-10 a=blk.10.ffn_up.weight at=q4_0 bt=f32 k=2560 m=10240 n=4 b2=1 b3=1 a2=1 a3=1 threads=8 calls=1 elapsed_us=676
GGML_CPU_SHAPE_PROFILE phase=node_wall name=node_1572 a=blk.29.attn_output.weight at=q4_0 bt=f32 k=4096 m=2560 n=2 b2=1 b3=1 a2=1 a3=1 threads=8 calls=1 elapsed_us=198
GGML_CPU_SHAPE_PROFILE phase=repack_pack_thread name=node_1294 a=blk.22.proj.weight at=q4_0 bt=f32 k=256 m=2560 n=21 b2=1 b3=1 a2=1 a3=1 threads=16 calls=16 elapsed_us=5
GGML_CPU_SHAPE_PROFILE phase=generic_pack_thread name=kq-12 a=cache_k_l12 (view) (permuted) at=f16 bt=f32 k=256 m=768 n=4 b2=8 b3=1 a2=2 a3=1 threads=8 calls=8 elapsed_us=19
GGML_CPU_SHAPE_PROFILE phase=generic_pack_thread name=kq-14 a=cache_k_l14 (view) (permuted) at=f16 bt=f32 k=256 m=256 n=2 b2=8 b3=1 a2=2 a3=1 threads=8 calls=8 elapsed_us=4
GGML_CPU_SHAPE_PROFILE phase=repack_pack_thread name=Qcur-4 a=blk.4.attn_q.weight at=q4_0 bt=f32 k=2560 m=2048 n=2 b2=1 b3=1 a2=1 a3=1 threads=8 calls=8 elapsed_us=4
GGML_CPU_SHAPE_PROFILE phase=node_wall name=Qcur-39 a=blk.39.attn_q.weight at=q4_0 bt=f32 k=2560 m=2048 n=21 b2=1 b3=1 a2=1 a3=1 threads=16 calls=1 elapsed_us=552
GGML_CPU_SHAPE_PROFILE phase=node_wall name=node_731 a=blk.12.inp_gate.weight at=q4_0 bt=f32 k=2560 m=256 n=4 b2=1 b3=1 a2=1 a3=1 threads=8 calls=1 elapsed_us=39
GGML_CPU_SHAPE_PROFILE phase=node_wall name=node_1294 a=blk.22.proj.weight at=q4_0 bt=f32 k=256 m=2560 n=1 b2=1 b3=1 a2=1 a3=1 threads=8 calls=127 elapsed_us=2877
GGML_CPU_SHAPE_PROFILE phase=repack_pack_thread name=Kcur-4 a=blk.4.attn_k.weight at=q4_0 bt=f32 k=2560 m=512 n=2 b2=1 b3=1 a2=1 a3=1 threads=8 calls=8 elapsed_us=2
GGML_CPU_SHAPE_PROFILE phase=repack_pack_thread name=ffn_out-12 a=blk.12.ffn_down.weight at=q4_0 bt=f32 k=10240 m=2560 n=2 b2=1 b3=1 a2=1 a3=1 threads=8 calls=8 elapsed_us=14
GGML_CPU_SHAPE_PROFILE phase=node_wall name=node_1785 a=blk.34.inp_gate.weight at=q4_0 bt=f32 k=2560 m=256 n=2 b2=1 b3=1 a2=1 a3=1 threads=8 calls=1 elapsed_us=31
GGML_CPU_SHAPE_PROFILE phase=node_wall name=Qcur-16 a=blk.16.attn_q.weight at=q4_0 bt=f32 k=2560 m=2048 n=2 b2=1 b3=1 a2=1 a3=1 threads=8 calls=1 elapsed_us=110
GGML_CPU_SHAPE_PROFILE phase=repack_pack_thread name=ffn_out-2 a=blk.2.ffn_down.weight at=q4_0 bt=f32 k=10240 m=2560 n=4 b2=1 b3=1 a2=1 a3=1 threads=8 calls=8 elapsed_us=11
GGML_CPU_SHAPE_PROFILE phase=node_wall name=Vcur-18 a=blk.18.attn_v.weight at=q4_0 bt=f32 k=2560 m=512 n=2 b2=1 b3=1 a2=1 a3=1 threads=8 calls=1 elapsed_us=35
GGML_CPU_SHAPE_PROFILE phase=generic_pack_thread name=kq-37 a=cache_k_l22 (view) (permuted) at=f16 bt=f32 k=256 m=256 n=2 b2=8 b3=1 a2=2 a3=1 threads=8 calls=8 elapsed_us=11
GGML_CPU_SHAPE_PROFILE phase=node_wall name=ffn_up-31 a=blk.31.ffn_up.weight at=q4_0 bt=f32 k=2560 m=10240 n=2 b2=1 b3=1 a2=1 a3=1 threads=8 calls=1 elapsed_us=490
GGML_CPU_SHAPE_PROFILE phase=generic_pack_thread name=kq-5 a=cache_k_l5 (view) (permuted) at=f16 bt=f32 k=512 m=64768 n=21 b2=8 b3=1 a2=2 a3=1 threads=16 calls=16 elapsed_us=270
GGML_CPU_SHAPE_PROFILE phase=generic_pack_thread name=kqv-12 a=cache_v_l12 (view) (permuted) at=f16 bt=f32 k=256 m=256 n=2 b2=8 b3=1 a2=2 a3=1 threads=8 calls=8 elapsed_us=4
GGML_CPU_SHAPE_PROFILE phase=node_wall name=ffn_gate-4 a=blk.4.ffn_gate.weight at=q4_0 bt=f32 k=2560 m=10240 n=1 b2=1 b3=1 a2=1 a3=1 threads=8 calls=127 elapsed_us=40502
GGML_CPU_SHAPE_PROFILE phase=repack_pack_thread name=Qcur-34 a=blk.34.attn_q.weight at=q4_0 bt=f32 k=2560 m=2048 n=2 b2=1 b3=1 a2=1 a3=1 threads=8 calls=8 elapsed_us=4
GGML_CPU_SHAPE_PROFILE phase=repack_pack_thread name=ffn_gate-19 a=blk.19.ffn_gate.weight at=q4_0 bt=f32 k=2560 m=10240 n=2 b2=1 b3=1 a2=1 a3=1 threads=8 calls=8 elapsed_us=3
GGML_CPU_SHAPE_PROFILE phase=repack_pack_thread name=node_1452 a=blk.26.attn_output.weight at=q4_0 bt=f32 k=2048 m=2560 n=21 b2=1 b3=1 a2=1 a3=1 threads=16 calls=16 elapsed_us=25
GGML_CPU_SHAPE_PROFILE phase=node_wall name=kqv-28 a=cache_v_l22 (view) (permuted) at=f16 bt=f32 k=768 m=256 n=4 b2=8 b3=1 a2=2 a3=1 threads=8 calls=1 elapsed_us=98
GGML_CPU_SHAPE_PROFILE phase=repack_pack_thread name=node_997 a=blk.17.attn_output.weight at=q4_0 bt=f32 k=4096 m=2560 n=2 b2=1 b3=1 a2=1 a3=1 threads=8 calls=8 elapsed_us=5
GGML_CPU_SHAPE_PROFILE phase=repack_pack_thread name=ffn_gate-35 a=blk.35.ffn_gate.weight at=q4_0 bt=f32 k=2560 m=10240 n=4 b2=1 b3=1 a2=1 a3=1 threads=8 calls=8 elapsed_us=3
GGML_CPU_SHAPE_PROFILE phase=generic_pack_thread name=kqv-31 a=cache_v_l22 (view) (permuted) at=f16 bt=f32 k=768 m=256 n=4 b2=8 b3=1 a2=2 a3=1 threads=8 calls=8 elapsed_us=33
GGML_CPU_SHAPE_PROFILE phase=node_wall name=ffn_out-21 a=blk.21.ffn_down.weight at=q4_0 bt=f32 k=10240 m=2560 n=2 b2=1 b3=1 a2=1 a3=1 threads=8 calls=1 elapsed_us=491
GGML_CPU_SHAPE_PROFILE phase=node_wall name=node_1349 a=blk.23.proj.weight at=q4_0 bt=f32 k=256 m=2560 n=4 b2=1 b3=1 a2=1 a3=1 threads=8 calls=1 elapsed_us=24
GGML_CPU_SHAPE_PROFILE phase=node_wall name=ffn_gate-4 a=blk.4.ffn_gate.weight at=q4_0 bt=f32 k=2560 m=10240 n=2 b2=1 b3=1 a2=1 a3=1 threads=8 calls=1 elapsed_us=477
GGML_CPU_SHAPE_PROFILE phase=repack_pack_thread name=node_1629 a=blk.30.proj.weight at=q4_0 bt=f32 k=256 m=2560 n=4 b2=1 b3=1 a2=1 a3=1 threads=8 calls=8 elapsed_us=1
GGML_CPU_SHAPE_PROFILE phase=generic_pack_thread name=kq-22 a=cache_k_l22 (view) (permuted) at=f16 bt=f32 k=256 m=256 n=2 b2=8 b3=1 a2=2 a3=1 threads=8 calls=8 elapsed_us=7
GGML_CPU_SHAPE_PROFILE phase=node_wall name=kqv-30 a=cache_v_l22 (view) (permuted) at=f16 bt=f32 k=256 m=256 n=2 b2=8 b3=1 a2=2 a3=1 threads=8 calls=1 elapsed_us=49
GGML_CPU_SHAPE_PROFILE phase=repack_pack_thread name=node_2065 a=blk.41.inp_gate.weight at=q4_0 bt=f32 k=2560 m=256 n=2 b2=1 b3=1 a2=1 a3=1 threads=8 calls=8 elapsed_us=4
GGML_CPU_SHAPE_PROFILE phase=repack_pack_thread name=Kcur-8 a=blk.8.attn_k.weight at=q4_0 bt=f32 k=2560 m=512 n=21 b2=1 b3=1 a2=1 a3=1 threads=16 calls=16 elapsed_us=27
GGML_CPU_SHAPE_PROFILE phase=node_wall name=Vcur-23 a=blk.23.attn_v.weight at=q4_0 bt=f32 k=2560 m=1024 n=2 b2=1 b3=1 a2=1 a3=1 threads=8 calls=1 elapsed_us=58
GGML_CPU_SHAPE_PROFILE phase=generic_pack_thread name=kqv-31 a=cache_v_l22 (view) (permuted) at=f16 bt=f32 k=768 m=256 n=1 b2=8 b3=1 a2=2 a3=1 threads=8 calls=1016 elapsed_us=1857
GGML_CPU_SHAPE_PROFILE phase=repack_pack_thread name=Qcur-19 a=blk.19.attn_q.weight at=q4_0 bt=f32 k=2560 m=2048 n=21 b2=1 b3=1 a2=1 a3=1 threads=16 calls=16 elapsed_us=38
GGML_CPU_SHAPE_PROFILE phase=node_wall name=kqv-2 a=cache_v_l2 (view) (permuted) at=f16 bt=f32 k=256 m=256 n=2 b2=8 b3=1 a2=2 a3=1 threads=8 calls=1 elapsed_us=47
GGML_CPU_SHAPE_PROFILE phase=node_wall name=Kcur-17 a=blk.17.attn_k.weight at=q4_0 bt=f32 k=2560 m=1024 n=21 b2=1 b3=1 a2=1 a3=1 threads=16 calls=1 elapsed_us=194
GGML_CPU_SHAPE_PROFILE phase=node_wall name=Qcur-26 a=blk.26.attn_q.weight at=q4_0 bt=f32 k=2560 m=2048 n=21 b2=1 b3=1 a2=1 a3=1 threads=16 calls=1 elapsed_us=348
GGML_CPU_SHAPE_PROFILE phase=node_wall name=node_512 a=blk.8.proj.weight at=q4_0 bt=f32 k=256 m=2560 n=21 b2=1 b3=1 a2=1 a3=1 threads=16 calls=1 elapsed_us=241
GGML_CPU_SHAPE_PROFILE phase=node_wall name=kq-29 a=cache_k_l23 (view) (permuted) at=f16 bt=f32 k=512 m=64768 n=1 b2=8 b3=1 a2=2 a3=1 threads=8 calls=85 elapsed_us=423430
GGML_CPU_SHAPE_PROFILE phase=repack_pack_thread name=node_1429 a=blk.25.proj.weight at=q4_0 bt=f32 k=256 m=2560 n=1 b2=1 b3=1 a2=1 a3=1 threads=8 calls=1016 elapsed_us=40
GGML_CPU_SHAPE_PROFILE phase=node_wall name=Vcur-6 a=blk.6.attn_v.weight at=q4_0 bt=f32 k=2560 m=512 n=4 b2=1 b3=1 a2=1 a3=1 threads=8 calls=1 elapsed_us=48
GGML_CPU_SHAPE_PROFILE phase=repack_pack_thread name=Kcur-19 a=blk.19.attn_k.weight at=q4_0 bt=f32 k=2560 m=512 n=4 b2=1 b3=1 a2=1 a3=1 threads=8 calls=8 elapsed_us=2
GGML_CPU_SHAPE_PROFILE phase=repack_pack_thread name=node_1492 a=blk.27.attn_output.weight at=q4_0 bt=f32 k=2048 m=2560 n=1 b2=1 b3=1 a2=1 a3=1 threads=8 calls=1016 elapsed_us=160
GGML_CPU_SHAPE_PROFILE phase=node_wall name=Qcur-5 a=blk.5.attn_q.weight at=q4_0 bt=f32 k=2560 m=4096 n=2 b2=1 b3=1 a2=1 a3=1 threads=8 calls=1 elapsed_us=197
GGML_CPU_SHAPE_PROFILE phase=repack_pack_thread name=Vcur-5 a=blk.5.attn_v.weight at=q4_0 bt=f32 k=2560 m=1024 n=2 b2=1 b3=1 a2=1 a3=1 threads=8 calls=8 elapsed_us=4
GGML_CPU_SHAPE_PROFILE phase=repack_pack_thread name=node_289 a=blk.4.proj.weight at=q4_0 bt=f32 k=256 m=2560 n=2 b2=1 b3=1 a2=1 a3=1 threads=8 calls=8 elapsed_us=0
GGML_CPU_SHAPE_PROFILE phase=repack_pack_thread name=node_456 a=blk.7.proj.weight at=q4_0 bt=f32 k=256 m=2560 n=21 b2=1 b3=1 a2=1 a3=1 threads=16 calls=16 elapsed_us=4
GGML_CPU_SHAPE_PROFILE phase=node_wall name=ffn_out-21 a=blk.21.ffn_down.weight at=q4_0 bt=f32 k=10240 m=2560 n=4 b2=1 b3=1 a2=1 a3=1 threads=8 calls=1 elapsed_us=467
GGML_CPU_SHAPE_PROFILE phase=repack_pack_thread name=ffn_out-17 a=blk.17.ffn_down.weight at=q4_0 bt=f32 k=10240 m=2560 n=2 b2=1 b3=1 a2=1 a3=1 threads=8 calls=8 elapsed_us=11
GGML_CPU_SHAPE_PROFILE phase=node_wall name=node_512 a=blk.8.proj.weight at=q4_0 bt=f32 k=256 m=2560 n=2 b2=1 b3=1 a2=1 a3=1 threads=8 calls=1 elapsed_us=25
GGML_CPU_SHAPE_PROFILE phase=node_wall name=Vcur-12 a=blk.12.attn_v.weight at=q4_0 bt=f32 k=2560 m=512 n=2 b2=1 b3=1 a2=1 a3=1 threads=8 calls=1 elapsed_us=39
GGML_CPU_SHAPE_PROFILE phase=repack_pack_thread name=Qcur-6 a=blk.6.attn_q.weight at=q4_0 bt=f32 k=2560 m=2048 n=2 b2=1 b3=1 a2=1 a3=1 threads=8 calls=8 elapsed_us=3
GGML_CPU_SHAPE_PROFILE phase=node_wall name=Qcur-31 a=blk.31.attn_q.weight at=q4_0 bt=f32 k=2560 m=2048 n=2 b2=1 b3=1 a2=1 a3=1 threads=8 calls=1 elapsed_us=107
GGML_CPU_SHAPE_PROFILE phase=node_wall name=kqv-6 a=cache_v_l6 (view) (permuted) at=f16 bt=f32 k=256 m=256 n=2 b2=8 b3=1 a2=2 a3=1 threads=8 calls=1 elapsed_us=44
GGML_CPU_SHAPE_PROFILE phase=repack_pack_thread name=Vcur-13 a=blk.13.attn_v.weight at=q4_0 bt=f32 k=2560 m=512 n=2 b2=1 b3=1 a2=1 a3=1 threads=8 calls=8 elapsed_us=3
GGML_CPU_SHAPE_PROFILE phase=repack_pack_thread name=ffn_out-26 a=blk.26.ffn_down.weight at=q4_0 bt=f32 k=10240 m=2560 n=21 b2=1 b3=1 a2=1 a3=1 threads=16 calls=16 elapsed_us=107
GGML_CPU_SHAPE_PROFILE phase=repack_pack_thread name=Qcur-4 a=blk.4.attn_q.weight at=q4_0 bt=f32 k=2560 m=2048 n=1 b2=1 b3=1 a2=1 a3=1 threads=8 calls=1016 elapsed_us=213
GGML_CPU_SHAPE_PROFILE phase=repack_pack_thread name=ffn_up-1 a=blk.1.ffn_up.weight at=q4_0 bt=f32 k=2560 m=10240 n=4 b2=1 b3=1 a2=1 a3=1 threads=8 calls=8 elapsed_us=3
GGML_CPU_SHAPE_PROFILE phase=node_wall name=kq-11 a=cache_k_l11 (view) (permuted) at=f16 bt=f32 k=512 m=65024 n=1 b2=8 b3=1 a2=2 a3=1 threads=8 calls=42 elapsed_us=211709
GGML_CPU_SHAPE_PROFILE phase=node_wall name=kq-9 a=cache_k_l9 (view) (permuted) at=f16 bt=f32 k=256 m=256 n=2 b2=8 b3=1 a2=2 a3=1 threads=8 calls=1 elapsed_us=58
GGML_CPU_SHAPE_PROFILE phase=node_wall name=node_1126 a=blk.19.proj.weight at=q4_0 bt=f32 k=256 m=2560 n=2 b2=1 b3=1 a2=1 a3=1 threads=8 calls=1 elapsed_us=24
GGML_CPU_SHAPE_PROFILE phase=node_wall name=Kcur-7 a=blk.7.attn_k.weight at=q4_0 bt=f32 k=2560 m=512 n=2 b2=1 b3=1 a2=1 a3=1 threads=8 calls=1 elapsed_us=39
GGML_CPU_SHAPE_PROFILE phase=node_wall name=kqv-37 a=cache_v_l22 (view) (permuted) at=f16 bt=f32 k=768 m=256 n=21 b2=8 b3=1 a2=2 a3=1 threads=16 calls=1 elapsed_us=1223
GGML_CPU_SHAPE_PROFILE phase=repack_pack_thread name=node_1985 a=blk.39.inp_gate.weight at=q4_0 bt=f32 k=2560 m=256 n=21 b2=1 b3=1 a2=1 a3=1 threads=16 calls=16 elapsed_us=29
GGML_CPU_SHAPE_PROFILE phase=repack_pack_thread name=node_117 a=blk.1.inp_gate.weight at=q4_0 bt=f32 k=2560 m=256 n=2 b2=1 b3=1 a2=1 a3=1 threads=8 calls=8 elapsed_us=3
GGML_CPU_SHAPE_PROFILE phase=generic_pack_thread name=kqv-21 a=cache_v_l21 (view) (permuted) at=f16 bt=f32 k=768 m=256 n=1 b2=8 b3=1 a2=2 a3=1 threads=8 calls=1016 elapsed_us=1840
GGML_CPU_SHAPE_PROFILE phase=node_wall name=ffn_out-3 a=blk.3.ffn_down.weight at=q4_0 bt=f32 k=10240 m=2560 n=21 b2=1 b3=1 a2=1 a3=1 threads=16 calls=1 elapsed_us=2213
GGML_CPU_SHAPE_PROFILE phase=repack_pack_thread name=Qcur-2 a=blk.2.attn_q.weight at=q4_0 bt=f32 k=2560 m=2048 n=4 b2=1 b3=1 a2=1 a3=1 threads=8 calls=8 elapsed_us=2
GGML_CPU_SHAPE_PROFILE phase=node_wall name=node_400 a=blk.6.proj.weight at=q4_0 bt=f32 k=256 m=2560 n=1 b2=1 b3=1 a2=1 a3=1 threads=8 calls=127 elapsed_us=2911
GGML_CPU_SHAPE_PROFILE phase=node_wall name=node_229 a=blk.3.inp_gate.weight at=q4_0 bt=f32 k=2560 m=256 n=2 b2=1 b3=1 a2=1 a3=1 threads=8 calls=1 elapsed_us=38
GGML_CPU_SHAPE_PROFILE phase=repack_pack_thread name=node_731 a=blk.12.inp_gate.weight at=q4_0 bt=f32 k=2560 m=256 n=4 b2=1 b3=1 a2=1 a3=1 threads=8 calls=8 elapsed_us=3
GGML_CPU_SHAPE_PROFILE phase=generic_pack_thread name=node_54 a=per_layer_model_proj.weight at=f16 bt=f32 k=2560 m=10752 n=4 b2=1 b3=1 a2=1 a3=1 threads=8 calls=8 elapsed_us=12
GGML_CPU_SHAPE_PROFILE phase=node_wall name=ffn_gate-5 a=blk.5.ffn_gate.weight at=q4_0 bt=f32 k=2560 m=10240 n=2 b2=1 b3=1 a2=1 a3=1 threads=8 calls=1 elapsed_us=524
GGML_CPU_SHAPE_PROFILE phase=generic_pack_thread name=kq-2 a=cache_k_l2 (view) (permuted) at=f16 bt=f32 k=256 m=768 n=4 b2=8 b3=1 a2=2 a3=1 threads=8 calls=8 elapsed_us=23
GGML_CPU_SHAPE_PROFILE phase=repack_pack_thread name=ffn_out-31 a=blk.31.ffn_down.weight at=q4_0 bt=f32 k=10240 m=2560 n=21 b2=1 b3=1 a2=1 a3=1 threads=16 calls=16 elapsed_us=99
GGML_CPU_SHAPE_PROFILE phase=node_wall name=ffn_up-4 a=blk.4.ffn_up.weight at=q4_0 bt=f32 k=2560 m=10240 n=21 b2=1 b3=1 a2=1 a3=1 threads=16 calls=1 elapsed_us=1640
GGML_CPU_SHAPE_PROFILE phase=node_wall name=kq-20 a=cache_k_l20 (view) (permuted) at=f16 bt=f32 k=256 m=256 n=2 b2=8 b3=1 a2=2 a3=1 threads=8 calls=1 elapsed_us=43
GGML_CPU_SHAPE_PROFILE phase=node_wall name=Vcur-17 a=blk.17.attn_v.weight at=q4_0 bt=f32 k=2560 m=1024 n=4 b2=1 b3=1 a2=1 a3=1 threads=8 calls=1 elapsed_us=82
GGML_CPU_SHAPE_PROFILE phase=repack_pack_thread name=ffn_up-11 a=blk.11.ffn_up.weight at=q4_0 bt=f32 k=2560 m=10240 n=2 b2=1 b3=1 a2=1 a3=1 threads=8 calls=8 elapsed_us=2
GGML_CPU_SHAPE_PROFILE phase=repack_pack_thread name=node_1932 a=blk.38.attn_output.weight at=q4_0 bt=f32 k=2048 m=2560 n=4 b2=1 b3=1 a2=1 a3=1 threads=8 calls=8 elapsed_us=5
GGML_CPU_SHAPE_PROFILE phase=node_wall name=node_1749 a=blk.33.proj.weight at=q4_0 bt=f32 k=256 m=2560 n=4 b2=1 b3=1 a2=1 a3=1 threads=8 calls=1 elapsed_us=34
GGML_CPU_SHAPE_PROFILE phase=node_wall name=ffn_up-23 a=blk.23.ffn_up.weight at=q4_0 bt=f32 k=2560 m=10240 n=2 b2=1 b3=1 a2=1 a3=1 threads=8 calls=1 elapsed_us=490
GGML_CPU_SHAPE_PROFILE phase=repack_pack_thread name=node_1932 a=blk.38.attn_output.weight at=q4_0 bt=f32 k=2048 m=2560 n=2 b2=1 b3=1 a2=1 a3=1 threads=8 calls=8 elapsed_us=3
GGML_CPU_SHAPE_PROFILE phase=repack_pack_thread name=Vcur-8 a=blk.8.attn_v.weight at=q4_0 bt=f32 k=2560 m=512 n=21 b2=1 b3=1 a2=1 a3=1 threads=16 calls=16 elapsed_us=27
GGML_CPU_SHAPE_PROFILE phase=node_wall name=kqv-36 a=cache_v_l22 (view) (permuted) at=f16 bt=f32 k=768 m=256 n=21 b2=8 b3=1 a2=2 a3=1 threads=16 calls=1 elapsed_us=1221
GGML_CPU_SHAPE_PROFILE phase=node_wall name=ffn_out-11 a=blk.11.ffn_down.weight at=q4_0 bt=f32 k=10240 m=2560 n=2 b2=1 b3=1 a2=1 a3=1 threads=8 calls=1 elapsed_us=486
GGML_CPU_SHAPE_PROFILE phase=node_wall name=node_160 a=blk.2.attn_output.weight at=q4_0 bt=f32 k=2048 m=2560 n=4 b2=1 b3=1 a2=1 a3=1 threads=8 calls=1 elapsed_us=157
GGML_CPU_SHAPE_PROFILE phase=node_wall name=node_1014 a=blk.17.proj.weight at=q4_0 bt=f32 k=256 m=2560 n=2 b2=1 b3=1 a2=1 a3=1 threads=8 calls=1 elapsed_us=23
GGML_CPU_SHAPE_PROFILE phase=repack_pack_thread name=ffn_up-40 a=blk.40.ffn_up.weight at=q4_0 bt=f32 k=2560 m=10240 n=1 b2=1 b3=1 a2=1 a3=1 threads=8 calls=1016 elapsed_us=215
GGML_CPU_SHAPE_PROFILE phase=repack_pack_thread name=node_675 a=blk.11.inp_gate.weight at=q4_0 bt=f32 k=2560 m=256 n=2 b2=1 b3=1 a2=1 a3=1 threads=8 calls=8 elapsed_us=4
GGML_CPU_SHAPE_PROFILE phase=repack_pack_thread name=node_679 a=blk.11.proj.weight at=q4_0 bt=f32 k=256 m=2560 n=2 b2=1 b3=1 a2=1 a3=1 threads=8 calls=8 elapsed_us=0
GGML_CPU_SHAPE_PROFILE phase=node_wall name=node_679 a=blk.11.proj.weight at=q4_0 bt=f32 k=256 m=2560 n=2 b2=1 b3=1 a2=1 a3=1 threads=8 calls=1 elapsed_us=34
GGML_CPU_SHAPE_PROFILE phase=generic_pack_thread name=kqv-26 a=cache_v_l22 (view) (permuted) at=f16 bt=f32 k=256 m=256 n=2 b2=8 b3=1 a2=2 a3=1 threads=8 calls=8 elapsed_us=5
GGML_CPU_SHAPE_PROFILE phase=repack_pack_thread name=node_1829 a=blk.35.proj.weight at=q4_0 bt=f32 k=256 m=2560 n=21 b2=1 b3=1 a2=1 a3=1 threads=16 calls=16 elapsed_us=3
GGML_CPU_SHAPE_PROFILE phase=node_wall name=Qcur-12 a=blk.12.attn_q.weight at=q4_0 bt=f32 k=2560 m=2048 n=2 b2=1 b3=1 a2=1 a3=1 threads=8 calls=1 elapsed_us=108
GGML_CPU_SHAPE_PROFILE phase=node_wall name=Vcur-2 a=blk.2.attn_v.weight at=q4_0 bt=f32 k=2560 m=512 n=2 b2=1 b3=1 a2=1 a3=1 threads=8 calls=1 elapsed_us=42
GGML_CPU_SHAPE_PROFILE phase=node_wall name=Kcur-12 a=blk.12.attn_k.weight at=q4_0 bt=f32 k=2560 m=512 n=2 b2=1 b3=1 a2=1 a3=1 threads=8 calls=1 elapsed_us=307
GGML_CPU_SHAPE_PROFILE phase=generic_pack_thread name=kq-26 a=cache_k_l22 (view) (permuted) at=f16 bt=f32 k=256 m=256 n=2 b2=8 b3=1 a2=2 a3=1 threads=8 calls=8 elapsed_us=8
GGML_CPU_SHAPE_PROFILE phase=node_wall name=node_327 a=blk.5.attn_output.weight at=q4_0 bt=f32 k=4096 m=2560 n=2 b2=1 b3=1 a2=1 a3=1 threads=8 calls=1 elapsed_us=200
GGML_CPU_SHAPE_PROFILE phase=node_wall name=kqv-12 a=cache_v_l12 (view) (permuted) at=f16 bt=f32 k=256 m=256 n=2 b2=8 b3=1 a2=2 a3=1 threads=8 calls=1 elapsed_us=43
GGML_CPU_SHAPE_PROFILE phase=repack_pack_thread name=node_1122 a=blk.19.inp_gate.weight at=q4_0 bt=f32 k=2560 m=256 n=2 b2=1 b3=1 a2=1 a3=1 threads=8 calls=8 elapsed_us=4
GGML_CPU_SHAPE_PROFILE phase=repack_pack_thread name=ffn_out-2 a=blk.2.ffn_down.weight at=q4_0 bt=f32 k=10240 m=2560 n=21 b2=1 b3=1 a2=1 a3=1 threads=16 calls=16 elapsed_us=97
GGML_CPU_SHAPE_PROFILE phase=node_wall name=node_39 a=blk.0.attn_output.weight at=q4_0 bt=f32 k=2048 m=2560 n=21 b2=1 b3=1 a2=1 a3=1 threads=16 calls=1 elapsed_us=827
GGML_CPU_SHAPE_PROFILE phase=repack_pack_thread name=ffn_gate-7 a=blk.7.ffn_gate.weight at=q4_0 bt=f32 k=2560 m=10240 n=2 b2=1 b3=1 a2=1 a3=1 threads=8 calls=8 elapsed_us=5
GGML_CPU_SHAPE_PROFILE phase=generic_pack_thread name=kqv-23 a=cache_v_l23 (view) (permuted) at=f16 bt=f32 k=256 m=512 n=2 b2=8 b3=1 a2=2 a3=1 threads=8 calls=8 elapsed_us=4
GGML_CPU_SHAPE_PROFILE phase=repack_pack_thread name=node_1372 a=blk.24.attn_output.weight at=q4_0 bt=f32 k=2048 m=2560 n=2 b2=1 b3=1 a2=1 a3=1 threads=8 calls=8 elapsed_us=3
GGML_CPU_SHAPE_PROFILE phase=node_wall name=node_1372 a=blk.24.attn_output.weight at=q4_0 bt=f32 k=2048 m=2560 n=1 b2=1 b3=1 a2=1 a3=1 threads=8 calls=127 elapsed_us=9894
GGML_CPU_SHAPE_PROFILE phase=node_wall name=node_718 a=blk.12.attn_output.weight at=q4_0 bt=f32 k=2048 m=2560 n=2 b2=1 b3=1 a2=1 a3=1 threads=8 calls=1 elapsed_us=102
GGML_CPU_SHAPE_PROFILE phase=node_wall name=ffn_gate-39 a=blk.39.ffn_gate.weight at=q4_0 bt=f32 k=2560 m=10240 n=1 b2=1 b3=1 a2=1 a3=1 threads=8 calls=127 elapsed_us=39934
GGML_CPU_SHAPE_PROFILE phase=repack_pack_thread name=Qcur-32 a=blk.32.attn_q.weight at=q4_0 bt=f32 k=2560 m=2048 n=4 b2=1 b3=1 a2=1 a3=1 threads=8 calls=8 elapsed_us=5
GGML_CPU_SHAPE_PROFILE phase=generic_pack_thread name=kqv-24 a=cache_v_l22 (view) (permuted) at=f16 bt=f32 k=768 m=256 n=4 b2=8 b3=1 a2=2 a3=1 threads=8 calls=8 elapsed_us=30
GGML_CPU_SHAPE_PROFILE phase=repack_pack_thread name=node_1629 a=blk.30.proj.weight at=q4_0 bt=f32 k=256 m=2560 n=2 b2=1 b3=1 a2=1 a3=1 threads=8 calls=8 elapsed_us=0
GGML_CPU_SHAPE_PROFILE phase=node_wall name=Kcur-19 a=blk.19.attn_k.weight at=q4_0 bt=f32 k=2560 m=512 n=4 b2=1 b3=1 a2=1 a3=1 threads=8 calls=1 elapsed_us=37
GGML_CPU_SHAPE_PROFILE phase=repack_pack_thread name=Kcur-9 a=blk.9.attn_k.weight at=q4_0 bt=f32 k=2560 m=512 n=2 b2=1 b3=1 a2=1 a3=1 threads=8 calls=8 elapsed_us=4
GGML_CPU_SHAPE_PROFILE phase=node_wall name=kqv-10 a=cache_v_l10 (view) (permuted) at=f16 bt=f32 k=768 m=256 n=21 b2=8 b3=1 a2=2 a3=1 threads=16 calls=1 elapsed_us=1703
GGML_CPU_SHAPE_PROFILE phase=repack_pack_thread name=Qcur-7 a=blk.7.attn_q.weight at=q4_0 bt=f32 k=2560 m=2048 n=21 b2=1 b3=1 a2=1 a3=1 threads=16 calls=16 elapsed_us=33
GGML_CPU_SHAPE_PROFILE phase=repack_pack_thread name=node_847 a=blk.14.proj.weight at=q4_0 bt=f32 k=256 m=2560 n=2 b2=1 b3=1 a2=1 a3=1 threads=8 calls=8 elapsed_us=0
GGML_CPU_SHAPE_PROFILE phase=repack_pack_thread name=ffn_out-34 a=blk.34.ffn_down.weight at=q4_0 bt=f32 k=10240 m=2560 n=2 b2=1 b3=1 a2=1 a3=1 threads=8 calls=8 elapsed_us=12
GGML_CPU_SHAPE_PROFILE phase=node_wall name=node_1389 a=blk.24.proj.weight at=q4_0 bt=f32 k=256 m=2560 n=2 b2=1 b3=1 a2=1 a3=1 threads=8 calls=1 elapsed_us=47
GGML_CPU_SHAPE_PROFILE phase=repack_pack_thread name=node_997 a=blk.17.attn_output.weight at=q4_0 bt=f32 k=4096 m=2560 n=21 b2=1 b3=1 a2=1 a3=1 threads=16 calls=16 elapsed_us=63
GGML_CPU_SHAPE_PROFILE phase=node_wall name=kq-11 a=cache_k_l11 (view) (permuted) at=f16 bt=f32 k=512 m=64768 n=21 b2=8 b3=1 a2=2 a3=1 threads=16 calls=1 elapsed_us=43848
GGML_CPU_SHAPE_PROFILE phase=node_wall name=kqv-24 a=cache_v_l22 (view) (permuted) at=f16 bt=f32 k=256 m=256 n=2 b2=8 b3=1 a2=2 a3=1 threads=8 calls=1 elapsed_us=45
GGML_CPU_SHAPE_PROFILE phase=node_wall name=node_233 a=blk.3.proj.weight at=q4_0 bt=f32 k=256 m=2560 n=2 b2=1 b3=1 a2=1 a3=1 threads=8 calls=1 elapsed_us=31
GGML_CPU_SHAPE_PROFILE phase=node_wall name=kq-33 a=cache_k_l22 (view) (permuted) at=f16 bt=f32 k=256 m=768 n=1 b2=8 b3=1 a2=2 a3=1 threads=8 calls=127 elapsed_us=6397
GGML_CPU_SHAPE_PROFILE phase=repack_pack_thread name=ffn_up-12 a=blk.12.ffn_up.weight at=q4_0 bt=f32 k=2560 m=10240 n=2 b2=1 b3=1 a2=1 a3=1 threads=8 calls=8 elapsed_us=4
GGML_CPU_SHAPE_PROFILE phase=repack_pack_thread name=Kcur-23 a=blk.23.attn_k.weight at=q4_0 bt=f32 k=2560 m=1024 n=1 b2=1 b3=1 a2=1 a3=1 threads=8 calls=1016 elapsed_us=197
GGML_CPU_SHAPE_PROFILE phase=node_wall name=kq-16 a=cache_k_l16 (view) (permuted) at=f16 bt=f32 k=256 m=256 n=2 b2=8 b3=1 a2=2 a3=1 threads=8 calls=1 elapsed_us=46
GGML_CPU_SHAPE_PROFILE phase=node_wall name=kq-15 a=cache_k_l15 (view) (permuted) at=f16 bt=f32 k=256 m=768 n=1 b2=8 b3=1 a2=2 a3=1 threads=8 calls=127 elapsed_us=6342
GGML_CPU_SHAPE_PROFILE phase=node_wall name=node_718 a=blk.12.attn_output.weight at=q4_0 bt=f32 k=2048 m=2560 n=1 b2=1 b3=1 a2=1 a3=1 threads=8 calls=127 elapsed_us=9602
GGML_CPU_SHAPE_PROFILE phase=node_wall name=ffn_gate-29 a=blk.29.ffn_gate.weight at=q4_0 bt=f32 k=2560 m=10240 n=21 b2=1 b3=1 a2=1 a3=1 threads=16 calls=1 elapsed_us=5269
GGML_CPU_SHAPE_PROFILE phase=node_wall name=ffn_up-15 a=blk.15.ffn_up.weight at=q4_0 bt=f32 k=2560 m=10240 n=21 b2=1 b3=1 a2=1 a3=1 threads=16 calls=1 elapsed_us=1656
GGML_CPU_SHAPE_PROFILE phase=node_wall name=ffn_up-12 a=blk.12.ffn_up.weight at=q4_0 bt=f32 k=2560 m=10240 n=2 b2=1 b3=1 a2=1 a3=1 threads=8 calls=1 elapsed_us=477
GGML_CPU_SHAPE_PROFILE phase=node_wall name=kqv-26 a=cache_v_l22 (view) (permuted) at=f16 bt=f32 k=256 m=256 n=2 b2=8 b3=1 a2=2 a3=1 threads=8 calls=1 elapsed_us=47
GGML_CPU_SHAPE_PROFILE phase=node_wall name=ffn_out-23 a=blk.23.ffn_down.weight at=q4_0 bt=f32 k=10240 m=2560 n=21 b2=1 b3=1 a2=1 a3=1 threads=16 calls=1 elapsed_us=1724
GGML_CPU_SHAPE_PROFILE phase=repack_pack_thread name=node_233 a=blk.3.proj.weight at=q4_0 bt=f32 k=256 m=2560 n=4 b2=1 b3=1 a2=1 a3=1 threads=8 calls=8 elapsed_us=1
GGML_CPU_SHAPE_PROFILE phase=repack_pack_thread name=node_735 a=blk.12.proj.weight at=q4_0 bt=f32 k=256 m=2560 n=2 b2=1 b3=1 a2=1 a3=1 threads=8 calls=8 elapsed_us=1
GGML_CPU_SHAPE_PROFILE phase=repack_pack_thread name=ffn_up-38 a=blk.38.ffn_up.weight at=q4_0 bt=f32 k=2560 m=10240 n=2 b2=1 b3=1 a2=1 a3=1 threads=8 calls=8 elapsed_us=4
GGML_CPU_SHAPE_PROFILE phase=generic_pack_thread name=kqv-0 a=cache_v_l0 (view) (permuted) at=f16 bt=f32 k=256 m=256 n=2 b2=8 b3=1 a2=2 a3=1 threads=8 calls=8 elapsed_us=6
GGML_CPU_SHAPE_PROFILE phase=repack_pack_thread name=Qcur-13 a=blk.13.attn_q.weight at=q4_0 bt=f32 k=2560 m=2048 n=2 b2=1 b3=1 a2=1 a3=1 threads=8 calls=8 elapsed_us=3
GGML_CPU_SHAPE_PROFILE phase=node_wall name=ffn_out-3 a=blk.3.ffn_down.weight at=q4_0 bt=f32 k=10240 m=2560 n=2 b2=1 b3=1 a2=1 a3=1 threads=8 calls=1 elapsed_us=508
GGML_CPU_SHAPE_PROFILE phase=node_wall name=Qcur-13 a=blk.13.attn_q.weight at=q4_0 bt=f32 k=2560 m=2048 n=21 b2=1 b3=1 a2=1 a3=1 threads=16 calls=1 elapsed_us=550
GGML_CPU_SHAPE_PROFILE phase=repack_pack_thread name=ffn_gate-18 a=blk.18.ffn_gate.weight at=q4_0 bt=f32 k=2560 m=10240 n=2 b2=1 b3=1 a2=1 a3=1 threads=8 calls=8 elapsed_us=3
GGML_CPU_SHAPE_PROFILE phase=repack_pack_thread name=ffn_gate-10 a=blk.10.ffn_gate.weight at=q4_0 bt=f32 k=2560 m=10240 n=21 b2=1 b3=1 a2=1 a3=1 threads=16 calls=16 elapsed_us=33
GGML_CPU_SHAPE_PROFILE phase=repack_pack_thread name=Vcur-2 a=blk.2.attn_v.weight at=q4_0 bt=f32 k=2560 m=512 n=2 b2=1 b3=1 a2=1 a3=1 threads=8 calls=8 elapsed_us=4
GGML_CPU_SHAPE_PROFILE phase=repack_pack_thread name=ffn_out-25 a=blk.25.ffn_down.weight at=q4_0 bt=f32 k=10240 m=2560 n=21 b2=1 b3=1 a2=1 a3=1 threads=16 calls=16 elapsed_us=126
GGML_CPU_SHAPE_PROFILE phase=node_wall name=ffn_up-32 a=blk.32.ffn_up.weight at=q4_0 bt=f32 k=2560 m=10240 n=2 b2=1 b3=1 a2=1 a3=1 threads=8 calls=1 elapsed_us=486
GGML_CPU_SHAPE_PROFILE phase=repack_pack_thread name=node_1234 a=blk.21.inp_gate.weight at=q4_0 bt=f32 k=2560 m=256 n=21 b2=1 b3=1 a2=1 a3=1 threads=16 calls=16 elapsed_us=33
GGML_CPU_SHAPE_PROFILE phase=repack_pack_thread name=Kcur-13 a=blk.13.attn_k.weight at=q4_0 bt=f32 k=2560 m=512 n=2 b2=1 b3=1 a2=1 a3=1 threads=8 calls=8 elapsed_us=5
GGML_CPU_SHAPE_PROFILE phase=node_wall name=node_2065 a=blk.41.inp_gate.weight at=q4_0 bt=f32 k=2560 m=256 n=1 b2=1 b3=1 a2=1 a3=1 threads=8 calls=127 elapsed_us=3178
GGML_CPU_SHAPE_PROFILE phase=node_wall name=ffn_gate-10 a=blk.10.ffn_gate.weight at=q4_0 bt=f32 k=2560 m=10240 n=21 b2=1 b3=1 a2=1 a3=1 threads=16 calls=1 elapsed_us=2991
GGML_CPU_SHAPE_PROFILE phase=node_wall name=ffn_up-12 a=blk.12.ffn_up.weight at=q4_0 bt=f32 k=2560 m=10240 n=4 b2=1 b3=1 a2=1 a3=1 threads=8 calls=1 elapsed_us=681
GGML_CPU_SHAPE_PROFILE phase=repack_pack_thread name=node_1277 a=blk.22.attn_output.weight at=q4_0 bt=f32 k=2048 m=2560 n=2 b2=1 b3=1 a2=1 a3=1 threads=8 calls=8 elapsed_us=2
GGML_CPU_SHAPE_PROFILE phase=node_wall name=Qcur-36 a=blk.36.attn_q.weight at=q4_0 bt=f32 k=2560 m=2048 n=21 b2=1 b3=1 a2=1 a3=1 threads=16 calls=1 elapsed_us=547
GGML_CPU_SHAPE_PROFILE phase=node_wall name=ffn_out-2 a=blk.2.ffn_down.weight at=q4_0 bt=f32 k=10240 m=2560 n=2 b2=1 b3=1 a2=1 a3=1 threads=8 calls=1 elapsed_us=501
GGML_CPU_SHAPE_PROFILE phase=repack_pack_thread name=node_121 a=blk.1.proj.weight at=q4_0 bt=f32 k=256 m=2560 n=2 b2=1 b3=1 a2=1 a3=1 threads=8 calls=8 elapsed_us=0
GGML_CPU_SHAPE_PROFILE phase=node_wall name=ffn_up-41 a=blk.41.ffn_up.weight at=q4_0 bt=f32 k=2560 m=10240 n=21 b2=1 b3=1 a2=1 a3=1 threads=16 calls=1 elapsed_us=1882
GGML_CPU_SHAPE_PROFILE phase=repack_pack_thread name=Vcur-10 a=blk.10.attn_v.weight at=q4_0 bt=f32 k=2560 m=512 n=21 b2=1 b3=1 a2=1 a3=1 threads=16 calls=16 elapsed_us=31
GGML_CPU_SHAPE_PROFILE phase=node_wall name=Vcur-13 a=blk.13.attn_v.weight at=q4_0 bt=f32 k=2560 m=512 n=2 b2=1 b3=1 a2=1 a3=1 threads=8 calls=1 elapsed_us=35
GGML_CPU_SHAPE_PROFILE phase=repack_pack_thread name=Kcur-10 a=blk.10.attn_k.weight at=q4_0 bt=f32 k=2560 m=512 n=21 b2=1 b3=1 a2=1 a3=1 threads=16 calls=16 elapsed_us=32
GGML_CPU_SHAPE_PROFILE phase=node_wall name=node_568 a=blk.9.proj.weight at=q4_0 bt=f32 k=256 m=2560 n=4 b2=1 b3=1 a2=1 a3=1 threads=8 calls=1 elapsed_us=31
GGML_CPU_SHAPE_PROFILE phase=node_wall name=node_1892 a=blk.37.attn_output.weight at=q4_0 bt=f32 k=2048 m=2560 n=1 b2=1 b3=1 a2=1 a3=1 threads=8 calls=127 elapsed_us=9583
GGML_CPU_SHAPE_PROFILE phase=repack_pack_thread name=node_886 a=blk.15.attn_output.weight at=q4_0 bt=f32 k=2048 m=2560 n=4 b2=1 b3=1 a2=1 a3=1 threads=8 calls=8 elapsed_us=2
GGML_CPU_SHAPE_PROFILE phase=node_wall name=kqv-13 a=cache_v_l13 (view) (permuted) at=f16 bt=f32 k=256 m=256 n=2 b2=8 b3=1 a2=2 a3=1 threads=8 calls=1 elapsed_us=43
GGML_CPU_SHAPE_PROFILE phase=repack_pack_thread name=ffn_gate-35 a=blk.35.ffn_gate.weight at=q4_0 bt=f32 k=2560 m=10240 n=2 b2=1 b3=1 a2=1 a3=1 threads=8 calls=8 elapsed_us=5
GGML_CPU_SHAPE_PROFILE phase=node_wall name=Qcur-38 a=blk.38.attn_q.weight at=q4_0 bt=f32 k=2560 m=2048 n=2 b2=1 b3=1 a2=1 a3=1 threads=8 calls=1 elapsed_us=114
GGML_CPU_SHAPE_PROFILE phase=node_wall name=Qcur-22 a=blk.22.attn_q.weight at=q4_0 bt=f32 k=2560 m=2048 n=2 b2=1 b3=1 a2=1 a3=1 threads=8 calls=1 elapsed_us=109
GGML_CPU_SHAPE_PROFILE phase=repack_pack_thread name=node_1122 a=blk.19.inp_gate.weight at=q4_0 bt=f32 k=2560 m=256 n=21 b2=1 b3=1 a2=1 a3=1 threads=16 calls=16 elapsed_us=39
GGML_CPU_SHAPE_PROFILE phase=node_wall name=ffn_up-15 a=blk.15.ffn_up.weight at=q4_0 bt=f32 k=2560 m=10240 n=2 b2=1 b3=1 a2=1 a3=1 threads=8 calls=1 elapsed_us=471
GGML_CPU_SHAPE_PROFILE phase=repack_pack_thread name=node_1785 a=blk.34.inp_gate.weight at=q4_0 bt=f32 k=2560 m=256 n=2 b2=1 b3=1 a2=1 a3=1 threads=8 calls=8 elapsed_us=3
GGML_CPU_SHAPE_PROFILE phase=node_wall name=Vcur-1 a=blk.1.attn_v.weight at=q4_0 bt=f32 k=2560 m=512 n=2 b2=1 b3=1 a2=1 a3=1 threads=8 calls=1 elapsed_us=43
GGML_CPU_SHAPE_PROFILE phase=generic_pack_thread name=kqv-9 a=cache_v_l9 (view) (permuted) at=f16 bt=f32 k=256 m=256 n=2 b2=8 b3=1 a2=2 a3=1 threads=8 calls=8 elapsed_us=9
GGML_CPU_SHAPE_PROFILE phase=node_wall name=kqv-25 a=cache_v_l22 (view) (permuted) at=f16 bt=f32 k=768 m=256 n=1 b2=8 b3=1 a2=2 a3=1 threads=8 calls=127 elapsed_us=9791
GGML_CPU_SHAPE_PROFILE phase=generic_pack_thread name=kqv-14 a=cache_v_l14 (view) (permuted) at=f16 bt=f32 k=768 m=256 n=21 b2=8 b3=1 a2=2 a3=1 threads=16 calls=16 elapsed_us=288
GGML_CPU_SHAPE_PROFILE phase=node_wall name=node_774 a=blk.13.attn_output.weight at=q4_0 bt=f32 k=2048 m=2560 n=2 b2=1 b3=1 a2=1 a3=1 threads=8 calls=1 elapsed_us=103
GGML_CPU_SHAPE_PROFILE phase=repack_pack_thread name=ffn_gate-13 a=blk.13.ffn_gate.weight at=q4_0 bt=f32 k=2560 m=10240 n=2 b2=1 b3=1 a2=1 a3=1 threads=8 calls=8 elapsed_us=3
GGML_CPU_SHAPE_PROFILE phase=node_wall name=Kcur-16 a=blk.16.attn_k.weight at=q4_0 bt=f32 k=2560 m=512 n=21 b2=1 b3=1 a2=1 a3=1 threads=16 calls=1 elapsed_us=258
GGML_CPU_SHAPE_PROFILE phase=node_wall name=node_1010 a=blk.17.inp_gate.weight at=q4_0 bt=f32 k=2560 m=256 n=2 b2=1 b3=1 a2=1 a3=1 threads=8 calls=1 elapsed_us=32
GGML_CPU_SHAPE_PROFILE phase=repack_pack_thread name=node_787 a=blk.13.inp_gate.weight at=q4_0 bt=f32 k=2560 m=256 n=2 b2=1 b3=1 a2=1 a3=1 threads=8 calls=8 elapsed_us=2
GGML_CPU_SHAPE_PROFILE phase=node_wall name=Qcur-28 a=blk.28.attn_q.weight at=q4_0 bt=f32 k=2560 m=2048 n=2 b2=1 b3=1 a2=1 a3=1 threads=8 calls=1 elapsed_us=104
GGML_CPU_SHAPE_PROFILE phase=node_wall name=node_955 a=blk.16.inp_gate.weight at=q4_0 bt=f32 k=2560 m=256 n=2 b2=1 b3=1 a2=1 a3=1 threads=8 calls=1 elapsed_us=29
GGML_CPU_SHAPE_PROFILE phase=repack_pack_thread name=Qcur-22 a=blk.22.attn_q.weight at=q4_0 bt=f32 k=2560 m=2048 n=4 b2=1 b3=1 a2=1 a3=1 threads=8 calls=8 elapsed_us=2
GGML_CPU_SHAPE_PROFILE phase=node_wall name=node_735 a=blk.12.proj.weight at=q4_0 bt=f32 k=256 m=2560 n=2 b2=1 b3=1 a2=1 a3=1 threads=8 calls=1 elapsed_us=34
GGML_CPU_SHAPE_PROFILE phase=repack_pack_thread name=Qcur-3 a=blk.3.attn_q.weight at=q4_0 bt=f32 k=2560 m=2048 n=2 b2=1 b3=1 a2=1 a3=1 threads=8 calls=8 elapsed_us=2
GGML_CPU_SHAPE_PROFILE phase=repack_pack_thread name=ffn_out-18 a=blk.18.ffn_down.weight at=q4_0 bt=f32 k=10240 m=2560 n=2 b2=1 b3=1 a2=1 a3=1 threads=8 calls=8 elapsed_us=12
GGML_CPU_SHAPE_PROFILE phase=repack_pack_thread name=node_52 a=blk.0.inp_gate.weight at=q4_0 bt=f32 k=2560 m=256 n=21 b2=1 b3=1 a2=1 a3=1 threads=16 calls=16 elapsed_us=29
GGML_CPU_SHAPE_PROFILE phase=node_wall name=Qcur-14 a=blk.14.attn_q.weight at=q4_0 bt=f32 k=2560 m=2048 n=2 b2=1 b3=1 a2=1 a3=1 threads=8 calls=1 elapsed_us=108
GGML_CPU_SHAPE_PROFILE phase=repack_pack_thread name=node_327 a=blk.5.attn_output.weight at=q4_0 bt=f32 k=4096 m=2560 n=2 b2=1 b3=1 a2=1 a3=1 threads=8 calls=8 elapsed_us=4
GGML_CPU_SHAPE_PROFILE phase=node_wall name=node_847 a=blk.14.proj.weight at=q4_0 bt=f32 k=256 m=2560 n=21 b2=1 b3=1 a2=1 a3=1 threads=16 calls=1 elapsed_us=230
GGML_CPU_SHAPE_PROFILE phase=repack_pack_thread name=node_1532 a=blk.28.attn_output.weight at=q4_0 bt=f32 k=2048 m=2560 n=1 b2=1 b3=1 a2=1 a3=1 threads=8 calls=1016 elapsed_us=172
GGML_CPU_SHAPE_PROFILE phase=repack_pack_thread name=Kcur-14 a=blk.14.attn_k.weight at=q4_0 bt=f32 k=2560 m=512 n=2 b2=1 b3=1 a2=1 a3=1 threads=8 calls=8 elapsed_us=3
GGML_CPU_SHAPE_PROFILE phase=repack_pack_thread name=ffn_gate-29 a=blk.29.ffn_gate.weight at=q4_0 bt=f32 k=2560 m=10240 n=2 b2=1 b3=1 a2=1 a3=1 threads=8 calls=8 elapsed_us=3
GGML_CPU_SHAPE_PROFILE phase=repack_pack_thread name=ffn_up-21 a=blk.21.ffn_up.weight at=q4_0 bt=f32 k=2560 m=10240 n=21 b2=1 b3=1 a2=1 a3=1 threads=16 calls=16 elapsed_us=29
GGML_CPU_SHAPE_PROFILE phase=node_wall name=node_1829 a=blk.35.proj.weight at=q4_0 bt=f32 k=256 m=2560 n=4 b2=1 b3=1 a2=1 a3=1 threads=8 calls=1 elapsed_us=151
GGML_CPU_SHAPE_PROFILE phase=repack_pack_thread name=node_1182 a=blk.20.proj.weight at=q4_0 bt=f32 k=256 m=2560 n=4 b2=1 b3=1 a2=1 a3=1 threads=8 calls=8 elapsed_us=1
GGML_CPU_SHAPE_PROFILE phase=repack_pack_thread name=node_229 a=blk.3.inp_gate.weight at=q4_0 bt=f32 k=2560 m=256 n=21 b2=1 b3=1 a2=1 a3=1 threads=16 calls=16 elapsed_us=30
GGML_CPU_SHAPE_PROFILE phase=node_wall name=Kcur-14 a=blk.14.attn_k.weight at=q4_0 bt=f32 k=2560 m=512 n=2 b2=1 b3=1 a2=1 a3=1 threads=8 calls=1 elapsed_us=35
GGML_CPU_SHAPE_PROFILE phase=repack_pack_thread name=ffn_out-39 a=blk.39.ffn_down.weight at=q4_0 bt=f32 k=10240 m=2560 n=4 b2=1 b3=1 a2=1 a3=1 threads=8 calls=8 elapsed_us=10
GGML_CPU_SHAPE_PROFILE phase=node_wall name=ffn_gate-18 a=blk.18.ffn_gate.weight at=q4_0 bt=f32 k=2560 m=10240 n=2 b2=1 b3=1 a2=1 a3=1 threads=8 calls=1 elapsed_us=477
GGML_CPU_SHAPE_PROFILE phase=node_wall name=node_1589 a=blk.29.proj.weight at=q4_0 bt=f32 k=256 m=2560 n=2 b2=1 b3=1 a2=1 a3=1 threads=8 calls=1 elapsed_us=27
GGML_CPU_SHAPE_PROFILE phase=repack_pack_thread name=Kcur-11 a=blk.11.attn_k.weight at=q4_0 bt=f32 k=2560 m=1024 n=21 b2=1 b3=1 a2=1 a3=1 threads=16 calls=16 elapsed_us=36
GGML_CPU_SHAPE_PROFILE phase=repack_pack_thread name=ffn_up-18 a=blk.18.ffn_up.weight at=q4_0 bt=f32 k=2560 m=10240 n=2 b2=1 b3=1 a2=1 a3=1 threads=8 calls=8 elapsed_us=4
GGML_CPU_SHAPE_PROFILE phase=repack_pack_thread name=ffn_out-6 a=blk.6.ffn_down.weight at=q4_0 bt=f32 k=10240 m=2560 n=1 b2=1 b3=1 a2=1 a3=1 threads=8 calls=1016 elapsed_us=726
GGML_CPU_SHAPE_PROFILE phase=repack_pack_thread name=ffn_up-39 a=blk.39.ffn_up.weight at=q4_0 bt=f32 k=2560 m=10240 n=21 b2=1 b3=1 a2=1 a3=1 threads=16 calls=16 elapsed_us=29
GGML_CPU_SHAPE_PROFILE phase=repack_pack_thread name=ffn_out-8 a=blk.8.ffn_down.weight at=q4_0 bt=f32 k=10240 m=2560 n=2 b2=1 b3=1 a2=1 a3=1 threads=8 calls=8 elapsed_us=12
GGML_CPU_SHAPE_PROFILE phase=repack_pack_thread name=Vcur-4 a=blk.4.attn_v.weight at=q4_0 bt=f32 k=2560 m=512 n=4 b2=1 b3=1 a2=1 a3=1 threads=8 calls=8 elapsed_us=3
GGML_CPU_SHAPE_PROFILE phase=repack_pack_thread name=Kcur-12 a=blk.12.attn_k.weight at=q4_0 bt=f32 k=2560 m=512 n=4 b2=1 b3=1 a2=1 a3=1 threads=8 calls=8 elapsed_us=2
GGML_CPU_SHAPE_PROFILE phase=repack_pack_thread name=Vcur-14 a=blk.14.attn_v.weight at=q4_0 bt=f32 k=2560 m=512 n=2 b2=1 b3=1 a2=1 a3=1 threads=8 calls=8 elapsed_us=3
GGML_CPU_SHAPE_PROFILE phase=node_wall name=ffn_up-39 a=blk.39.ffn_up.weight at=q4_0 bt=f32 k=2560 m=10240 n=2 b2=1 b3=1 a2=1 a3=1 threads=8 calls=1 elapsed_us=489
GGML_CPU_SHAPE_PROFILE phase=node_wall name=kqv-23 a=cache_v_l23 (view) (permuted) at=f16 bt=f32 k=256 m=512 n=2 b2=8 b3=1 a2=2 a3=1 threads=8 calls=1 elapsed_us=76
GGML_CPU_SHAPE_PROFILE phase=repack_pack_thread name=node_1010 a=blk.17.inp_gate.weight at=q4_0 bt=f32 k=2560 m=256 n=2 b2=1 b3=1 a2=1 a3=1 threads=8 calls=8 elapsed_us=3
GGML_CPU_SHAPE_PROFILE phase=node_wall name=kqv-14 a=cache_v_l14 (view) (permuted) at=f16 bt=f32 k=256 m=256 n=2 b2=8 b3=1 a2=2 a3=1 threads=8 calls=1 elapsed_us=348
GGML_CPU_SHAPE_PROFILE phase=node_wall name=node_1972 a=blk.39.attn_output.weight at=q4_0 bt=f32 k=2048 m=2560 n=2 b2=1 b3=1 a2=1 a3=1 threads=8 calls=1 elapsed_us=108
GGML_CPU_SHAPE_PROFILE phase=node_wall name=kq-36 a=cache_k_l22 (view) (permuted) at=f16 bt=f32 k=256 m=768 n=4 b2=8 b3=1 a2=2 a3=1 threads=8 calls=1 elapsed_us=151
GGML_CPU_SHAPE_PROFILE phase=repack_pack_thread name=ffn_up-14 a=blk.14.ffn_up.weight at=q4_0 bt=f32 k=2560 m=10240 n=2 b2=1 b3=1 a2=1 a3=1 threads=8 calls=8 elapsed_us=3
GGML_CPU_SHAPE_PROFILE phase=repack_pack_thread name=ffn_out-19 a=blk.19.ffn_down.weight at=q4_0 bt=f32 k=10240 m=2560 n=4 b2=1 b3=1 a2=1 a3=1 threads=8 calls=8 elapsed_us=9
GGML_CPU_SHAPE_PROFILE phase=node_wall name=node_886 a=blk.15.attn_output.weight at=q4_0 bt=f32 k=2048 m=2560 n=2 b2=1 b3=1 a2=1 a3=1 threads=8 calls=1 elapsed_us=106
GGML_CPU_SHAPE_PROFILE phase=node_wall name=kqv-5 a=cache_v_l5 (view) (permuted) at=f16 bt=f32 k=64768 m=512 n=21 b2=8 b3=1 a2=2 a3=1 threads=16 calls=1 elapsed_us=74608
GGML_CPU_SHAPE_PROFILE phase=node_wall name=node_2077 a=token_embd.weight at=q6_K bt=f32 k=2560 m=262144 n=0 b2=1 b3=1 a2=1 a3=1 threads=16 calls=1 elapsed_us=2
GGML_CPU_SHAPE_PROFILE phase=repack_pack_thread name=node_607 a=blk.10.attn_output.weight at=q4_0 bt=f32 k=2048 m=2560 n=4 b2=1 b3=1 a2=1 a3=1 threads=8 calls=8 elapsed_us=2
GGML_CPU_SHAPE_PROFILE phase=repack_pack_thread name=Vcur-18 a=blk.18.attn_v.weight at=q4_0 bt=f32 k=2560 m=512 n=4 b2=1 b3=1 a2=1 a3=1 threads=8 calls=8 elapsed_us=6
GGML_CPU_SHAPE_PROFILE phase=repack_pack_thread name=ffn_gate-30 a=blk.30.ffn_gate.weight at=q4_0 bt=f32 k=2560 m=10240 n=2 b2=1 b3=1 a2=1 a3=1 threads=8 calls=8 elapsed_us=3
GGML_CPU_SHAPE_PROFILE phase=repack_pack_thread name=node_2069 a=blk.41.proj.weight at=q4_0 bt=f32 k=256 m=2560 n=21 b2=1 b3=1 a2=1 a3=1 threads=16 calls=16 elapsed_us=5
GGML_CPU_SHAPE_PROFILE phase=node_wall name=node_1789 a=blk.34.proj.weight at=q4_0 bt=f32 k=256 m=2560 n=21 b2=1 b3=1 a2=1 a3=1 threads=16 calls=1 elapsed_us=169
GGML_CPU_SHAPE_PROFILE phase=repack_pack_thread name=node_1122 a=blk.19.inp_gate.weight at=q4_0 bt=f32 k=2560 m=256 n=4 b2=1 b3=1 a2=1 a3=1 threads=8 calls=8 elapsed_us=5
GGML_CPU_SHAPE_PROFILE phase=node_wall name=Qcur-17 a=blk.17.attn_q.weight at=q4_0 bt=f32 k=2560 m=4096 n=4 b2=1 b3=1 a2=1 a3=1 threads=8 calls=1 elapsed_us=306
GGML_CPU_SHAPE_PROFILE phase=repack_pack_thread name=ffn_out-5 a=blk.5.ffn_down.weight at=q4_0 bt=f32 k=10240 m=2560 n=4 b2=1 b3=1 a2=1 a3=1 threads=8 calls=8 elapsed_us=11
GGML_CPU_SHAPE_PROFILE phase=node_wall name=kq-39 a=cache_k_l22 (view) (permuted) at=f16 bt=f32 k=256 m=256 n=2 b2=8 b3=1 a2=2 a3=1 threads=8 calls=1 elapsed_us=47
GGML_CPU_SHAPE_PROFILE phase=node_wall name=Qcur-26 a=blk.26.attn_q.weight at=q4_0 bt=f32 k=2560 m=2048 n=4 b2=1 b3=1 a2=1 a3=1 threads=8 calls=1 elapsed_us=97
GGML_CPU_SHAPE_PROFILE phase=node_wall name=node_1509 a=blk.27.proj.weight at=q4_0 bt=f32 k=256 m=2560 n=2 b2=1 b3=1 a2=1 a3=1 threads=8 calls=1 elapsed_us=24
GGML_CPU_SHAPE_PROFILE phase=repack_pack_thread name=node_1972 a=blk.39.attn_output.weight at=q4_0 bt=f32 k=2048 m=2560 n=2 b2=1 b3=1 a2=1 a3=1 threads=8 calls=8 elapsed_us=3
GGML_CPU_SHAPE_PROFILE phase=node_wall name=ffn_gate-11 a=blk.11.ffn_gate.weight at=q4_0 bt=f32 k=2560 m=10240 n=21 b2=1 b3=1 a2=1 a3=1 threads=16 calls=1 elapsed_us=2429
GGML_CPU_SHAPE_PROFILE phase=node_wall name=kqv-36 a=cache_v_l22 (view) (permuted) at=f16 bt=f32 k=768 m=256 n=1 b2=8 b3=1 a2=2 a3=1 threads=8 calls=127 elapsed_us=9689
GGML_CPU_SHAPE_PROFILE phase=repack_pack_thread name=ffn_gate-38 a=blk.38.ffn_gate.weight at=q4_0 bt=f32 k=2560 m=10240 n=4 b2=1 b3=1 a2=1 a3=1 threads=8 calls=8 elapsed_us=3
GGML_CPU_SHAPE_PROFILE phase=node_wall name=Vcur-17 a=blk.17.attn_v.weight at=q4_0 bt=f32 k=2560 m=1024 n=2 b2=1 b3=1 a2=1 a3=1 threads=8 calls=1 elapsed_us=61
GGML_CPU_SHAPE_PROFILE phase=node_wall name=ffn_gate-16 a=blk.16.ffn_gate.weight at=q4_0 bt=f32 k=2560 m=10240 n=2 b2=1 b3=1 a2=1 a3=1 threads=8 calls=1 elapsed_us=484
GGML_CPU_SHAPE_PROFILE phase=repack_pack_thread name=ffn_up-35 a=blk.35.ffn_up.weight at=q4_0 bt=f32 k=2560 m=10240 n=1 b2=1 b3=1 a2=1 a3=1 threads=8 calls=1016 elapsed_us=243
GGML_CPU_SHAPE_PROFILE phase=node_wall name=Kcur-17 a=blk.17.attn_k.weight at=q4_0 bt=f32 k=2560 m=1024 n=2 b2=1 b3=1 a2=1 a3=1 threads=8 calls=1 elapsed_us=71
GGML_CPU_SHAPE_PROFILE phase=node_wall name=kq-23 a=cache_k_l23 (view) (permuted) at=f16 bt=f32 k=512 m=64768 n=1 b2=8 b3=1 a2=2 a3=1 threads=8 calls=85 elapsed_us=422395
GGML_CPU_SHAPE_PROFILE phase=repack_pack_thread name=Qcur-22 a=blk.22.attn_q.weight at=q4_0 bt=f32 k=2560 m=2048 n=2 b2=1 b3=1 a2=1 a3=1 threads=8 calls=8 elapsed_us=4
GGML_CPU_SHAPE_PROFILE phase=node_wall name=ffn_out-32 a=blk.32.ffn_down.weight at=q4_0 bt=f32 k=10240 m=2560 n=1 b2=1 b3=1 a2=1 a3=1 threads=8 calls=127 elapsed_us=40490
GGML_CPU_SHAPE_PROFILE phase=node_wall name=ffn_gate-31 a=blk.31.ffn_gate.weight at=q4_0 bt=f32 k=2560 m=10240 n=21 b2=1 b3=1 a2=1 a3=1 threads=16 calls=1 elapsed_us=2370
GGML_CPU_SHAPE_PROFILE phase=node_wall name=ffn_gate-35 a=blk.35.ffn_gate.weight at=q4_0 bt=f32 k=2560 m=10240 n=2 b2=1 b3=1 a2=1 a3=1 threads=8 calls=1 elapsed_us=476
GGML_CPU_SHAPE_PROFILE phase=node_wall name=node_899 a=blk.15.inp_gate.weight at=q4_0 bt=f32 k=2560 m=256 n=2 b2=1 b3=1 a2=1 a3=1 threads=8 calls=1 elapsed_us=28
GGML_CPU_SHAPE_PROFILE phase=repack_pack_thread name=Kcur-15 a=blk.15.attn_k.weight at=q4_0 bt=f32 k=2560 m=512 n=2 b2=1 b3=1 a2=1 a3=1 threads=8 calls=8 elapsed_us=3
GGML_CPU_SHAPE_PROFILE phase=repack_pack_thread name=Kcur-12 a=blk.12.attn_k.weight at=q4_0 bt=f32 k=2560 m=512 n=2 b2=1 b3=1 a2=1 a3=1 threads=8 calls=8 elapsed_us=2
GGML_CPU_SHAPE_PROFILE phase=node_wall name=kq-7 a=cache_k_l7 (view) (permuted) at=f16 bt=f32 k=256 m=256 n=2 b2=8 b3=1 a2=2 a3=1 threads=8 calls=1 elapsed_us=44
GGML_CPU_SHAPE_PROFILE phase=repack_pack_thread name=ffn_gate-14 a=blk.14.ffn_gate.weight at=q4_0 bt=f32 k=2560 m=10240 n=1 b2=1 b3=1 a2=1 a3=1 threads=8 calls=1016 elapsed_us=190
GGML_CPU_SHAPE_PROFILE phase=node_wall name=Kcur-8 a=blk.8.attn_k.weight at=q4_0 bt=f32 k=2560 m=512 n=1 b2=1 b3=1 a2=1 a3=1 threads=8 calls=127 elapsed_us=3798
GGML_CPU_SHAPE_PROFILE phase=node_wall name=Kcur-15 a=blk.15.attn_k.weight at=q4_0 bt=f32 k=2560 m=512 n=2 b2=1 b3=1 a2=1 a3=1 threads=8 calls=1 elapsed_us=36
GGML_CPU_SHAPE_PROFILE phase=generic_pack_thread name=kq-4 a=cache_k_l4 (view) (permuted) at=f16 bt=f32 k=256 m=768 n=21 b2=8 b3=1 a2=2 a3=1 threads=16 calls=16 elapsed_us=172
GGML_CPU_SHAPE_PROFILE phase=node_wall name=Vcur-10 a=blk.10.attn_v.weight at=q4_0 bt=f32 k=2560 m=512 n=21 b2=1 b3=1 a2=1 a3=1 threads=16 calls=1 elapsed_us=331
GGML_CPU_SHAPE_PROFILE phase=node_wall name=ffn_gate-19 a=blk.19.ffn_gate.weight at=q4_0 bt=f32 k=2560 m=10240 n=2 b2=1 b3=1 a2=1 a3=1 threads=8 calls=1 elapsed_us=473
GGML_CPU_SHAPE_PROFILE phase=repack_pack_thread name=node_843 a=blk.14.inp_gate.weight at=q4_0 bt=f32 k=2560 m=256 n=1 b2=1 b3=1 a2=1 a3=1 threads=8 calls=1016 elapsed_us=210
GGML_CPU_SHAPE_PROFILE phase=node_wall name=Kcur-2 a=blk.2.attn_k.weight at=q4_0 bt=f32 k=2560 m=512 n=21 b2=1 b3=1 a2=1 a3=1 threads=16 calls=1 elapsed_us=117
GGML_CPU_SHAPE_PROFILE phase=node_wall name=Vcur-15 a=blk.15.attn_v.weight at=q4_0 bt=f32 k=2560 m=512 n=2 b2=1 b3=1 a2=1 a3=1 threads=8 calls=1 elapsed_us=37
GGML_CPU_SHAPE_PROFILE phase=repack_pack_thread name=Kcur-11 a=blk.11.attn_k.weight at=q4_0 bt=f32 k=2560 m=1024 n=2 b2=1 b3=1 a2=1 a3=1 threads=8 calls=8 elapsed_us=4
GGML_CPU_SHAPE_PROFILE phase=node_wall name=node_383 a=blk.6.attn_output.weight at=q4_0 bt=f32 k=2048 m=2560 n=21 b2=1 b3=1 a2=1 a3=1 threads=16 calls=1 elapsed_us=543
GGML_CPU_SHAPE_PROFILE phase=node_wall name=ffn_out-19 a=blk.19.ffn_down.weight at=q4_0 bt=f32 k=10240 m=2560 n=2 b2=1 b3=1 a2=1 a3=1 threads=8 calls=1 elapsed_us=489
GGML_CPU_SHAPE_PROFILE phase=repack_pack_thread name=ffn_gate-19 a=blk.19.ffn_gate.weight at=q4_0 bt=f32 k=2560 m=10240 n=1 b2=1 b3=1 a2=1 a3=1 threads=8 calls=1016 elapsed_us=202
GGML_CPU_SHAPE_PROFILE phase=node_wall name=kqv-24 a=cache_v_l22 (view) (permuted) at=f16 bt=f32 k=768 m=256 n=21 b2=8 b3=1 a2=2 a3=1 threads=16 calls=1 elapsed_us=387
GGML_CPU_SHAPE_PROFILE phase=node_wall name=kq-2 a=cache_k_l2 (view) (permuted) at=f16 bt=f32 k=256 m=768 n=4 b2=8 b3=1 a2=2 a3=1 threads=8 calls=1 elapsed_us=130
GGML_CPU_SHAPE_PROFILE phase=node_wall name=ffn_up-29 a=blk.29.ffn_up.weight at=q4_0 bt=f32 k=2560 m=10240 n=2 b2=1 b3=1 a2=1 a3=1 threads=8 calls=1 elapsed_us=483
GGML_CPU_SHAPE_PROFILE phase=repack_pack_thread name=ffn_gate-15 a=blk.15.ffn_gate.weight at=q4_0 bt=f32 k=2560 m=10240 n=2 b2=1 b3=1 a2=1 a3=1 threads=8 calls=8 elapsed_us=3
GGML_CPU_SHAPE_PROFILE phase=repack_pack_thread name=ffn_up-17 a=blk.17.ffn_up.weight at=q4_0 bt=f32 k=2560 m=10240 n=21 b2=1 b3=1 a2=1 a3=1 threads=16 calls=16 elapsed_us=38
GGML_CPU_SHAPE_PROFILE phase=repack_pack_thread name=Qcur-38 a=blk.38.attn_q.weight at=q4_0 bt=f32 k=2560 m=2048 n=2 b2=1 b3=1 a2=1 a3=1 threads=8 calls=8 elapsed_us=3
GGML_CPU_SHAPE_PROFILE phase=node_wall name=kq-8 a=cache_k_l8 (view) (permuted) at=f16 bt=f32 k=256 m=768 n=4 b2=8 b3=1 a2=2 a3=1 threads=8 calls=1 elapsed_us=123
GGML_CPU_SHAPE_PROFILE phase=repack_pack_thread name=ffn_up-41 a=blk.41.ffn_up.weight at=q4_0 bt=f32 k=2560 m=10240 n=2 b2=1 b3=1 a2=1 a3=1 threads=8 calls=8 elapsed_us=3
GGML_CPU_SHAPE_PROFILE phase=repack_pack_thread name=node_1182 a=blk.20.proj.weight at=q4_0 bt=f32 k=256 m=2560 n=2 b2=1 b3=1 a2=1 a3=1 threads=8 calls=8 elapsed_us=1
GGML_CPU_SHAPE_PROFILE phase=node_wall name=kq-11 a=cache_k_l11 (view) (permuted) at=f16 bt=f32 k=512 m=64768 n=4 b2=8 b3=1 a2=2 a3=1 threads=8 calls=1 elapsed_us=21169
GGML_CPU_SHAPE_PROFILE phase=generic_pack_thread name=kq-1 a=cache_k_l1 (view) (permuted) at=f16 bt=f32 k=256 m=768 n=21 b2=8 b3=1 a2=2 a3=1 threads=16 calls=16 elapsed_us=177
GGML_CPU_SHAPE_PROFILE phase=generic_pack_thread name=kqv-36 a=cache_v_l22 (view) (permuted) at=f16 bt=f32 k=256 m=256 n=2 b2=8 b3=1 a2=2 a3=1 threads=8 calls=8 elapsed_us=3
GGML_CPU_SHAPE_PROFILE phase=node_wall name=kq-19 a=cache_k_l19 (view) (permuted) at=f16 bt=f32 k=256 m=768 n=4 b2=8 b3=1 a2=2 a3=1 threads=8 calls=1 elapsed_us=126
GGML_CPU_SHAPE_PROFILE phase=repack_pack_thread name=node_1909 a=blk.37.proj.weight at=q4_0 bt=f32 k=256 m=2560 n=21 b2=1 b3=1 a2=1 a3=1 threads=16 calls=16 elapsed_us=6
GGML_CPU_SHAPE_PROFILE phase=repack_pack_thread name=ffn_up-15 a=blk.15.ffn_up.weight at=q4_0 bt=f32 k=2560 m=10240 n=2 b2=1 b3=1 a2=1 a3=1 threads=8 calls=8 elapsed_us=4
GGML_CPU_SHAPE_PROFILE phase=repack_pack_thread name=node_1277 a=blk.22.attn_output.weight at=q4_0 bt=f32 k=2048 m=2560 n=4 b2=1 b3=1 a2=1 a3=1 threads=8 calls=8 elapsed_us=3
GGML_CPU_SHAPE_PROFILE phase=repack_pack_thread name=ffn_out-15 a=blk.15.ffn_down.weight at=q4_0 bt=f32 k=10240 m=2560 n=2 b2=1 b3=1 a2=1 a3=1 threads=8 calls=8 elapsed_us=12
GGML_CPU_SHAPE_PROFILE phase=repack_pack_thread name=Vcur-15 a=blk.15.attn_v.weight at=q4_0 bt=f32 k=2560 m=512 n=21 b2=1 b3=1 a2=1 a3=1 threads=16 calls=16 elapsed_us=31
GGML_CPU_SHAPE_PROFILE phase=node_wall name=Qcur-14 a=blk.14.attn_q.weight at=q4_0 bt=f32 k=2560 m=2048 n=4 b2=1 b3=1 a2=1 a3=1 threads=8 calls=1 elapsed_us=149
GGML_CPU_SHAPE_PROFILE phase=node_wall name=Qcur-1 a=blk.1.attn_q.weight at=q4_0 bt=f32 k=2560 m=2048 n=21 b2=1 b3=1 a2=1 a3=1 threads=16 calls=1 elapsed_us=648
GGML_CPU_SHAPE_PROFILE phase=repack_pack_thread name=ffn_out-11 a=blk.11.ffn_down.weight at=q4_0 bt=f32 k=10240 m=2560 n=21 b2=1 b3=1 a2=1 a3=1 threads=16 calls=16 elapsed_us=112
GGML_CPU_SHAPE_PROFILE phase=repack_pack_thread name=ffn_gate-33 a=blk.33.ffn_gate.weight at=q4_0 bt=f32 k=2560 m=10240 n=2 b2=1 b3=1 a2=1 a3=1 threads=8 calls=8 elapsed_us=4
GGML_CPU_SHAPE_PROFILE phase=node_wall name=ffn_up-40 a=blk.40.ffn_up.weight at=q4_0 bt=f32 k=2560 m=10240 n=2 b2=1 b3=1 a2=1 a3=1 threads=8 calls=1 elapsed_us=509
GGML_CPU_SHAPE_PROFILE phase=generic_pack_thread name=kq-41 a=cache_k_l23 (view) (permuted) at=f16 bt=f32 k=512 m=64768 n=4 b2=8 b3=1 a2=2 a3=1 threads=8 calls=8 elapsed_us=29
GGML_CPU_SHAPE_PROFILE phase=node_wall name=Qcur-20 a=blk.20.attn_q.weight at=q4_0 bt=f32 k=2560 m=2048 n=2 b2=1 b3=1 a2=1 a3=1 threads=8 calls=1 elapsed_us=105
GGML_CPU_SHAPE_PROFILE phase=node_wall name=kq-32 a=cache_k_l22 (view) (permuted) at=f16 bt=f32 k=256 m=256 n=2 b2=8 b3=1 a2=2 a3=1 threads=8 calls=1 elapsed_us=46
GGML_CPU_SHAPE_PROFILE phase=node_wall name=ffn_gate-13 a=blk.13.ffn_gate.weight at=q4_0 bt=f32 k=2560 m=10240 n=2 b2=1 b3=1 a2=1 a3=1 threads=8 calls=1 elapsed_us=470
GGML_CPU_SHAPE_PROFILE phase=node_wall name=ffn_gate-41 a=blk.41.ffn_gate.weight at=q4_0 bt=f32 k=2560 m=10240 n=21 b2=1 b3=1 a2=1 a3=1 threads=16 calls=1 elapsed_us=1714
GGML_CPU_SHAPE_PROFILE phase=repack_pack_thread name=node_903 a=blk.15.proj.weight at=q4_0 bt=f32 k=256 m=2560 n=2 b2=1 b3=1 a2=1 a3=1 threads=8 calls=8 elapsed_us=1
GGML_CPU_SHAPE_PROFILE phase=repack_pack_thread name=Qcur-2 a=blk.2.attn_q.weight at=q4_0 bt=f32 k=2560 m=2048 n=21 b2=1 b3=1 a2=1 a3=1 threads=16 calls=16 elapsed_us=26
GGML_CPU_SHAPE_PROFILE phase=generic_pack_thread name=kq-29 a=cache_k_l23 (view) (permuted) at=f16 bt=f32 k=512 m=64768 n=1 b2=8 b3=1 a2=2 a3=1 threads=8 calls=680 elapsed_us=489
GGML_CPU_SHAPE_PROFILE phase=generic_pack_thread name=kqv-25 a=cache_v_l22 (view) (permuted) at=f16 bt=f32 k=768 m=256 n=21 b2=8 b3=1 a2=2 a3=1 threads=16 calls=16 elapsed_us=308
GGML_CPU_SHAPE_PROFILE phase=repack_pack_thread name=Kcur-18 a=blk.18.attn_k.weight at=q4_0 bt=f32 k=2560 m=512 n=2 b2=1 b3=1 a2=1 a3=1 threads=8 calls=8 elapsed_us=4
GGML_CPU_SHAPE_PROFILE phase=node_wall name=node_229 a=blk.3.inp_gate.weight at=q4_0 bt=f32 k=2560 m=256 n=1 b2=1 b3=1 a2=1 a3=1 threads=8 calls=127 elapsed_us=3630
GGML_CPU_SHAPE_PROFILE phase=node_wall name=node_903 a=blk.15.proj.weight at=q4_0 bt=f32 k=256 m=2560 n=2 b2=1 b3=1 a2=1 a3=1 threads=8 calls=1 elapsed_us=28
GGML_CPU_SHAPE_PROFILE phase=repack_pack_thread name=ffn_gate-16 a=blk.16.ffn_gate.weight at=q4_0 bt=f32 k=2560 m=10240 n=21 b2=1 b3=1 a2=1 a3=1 threads=16 calls=16 elapsed_us=36
GGML_CPU_SHAPE_PROFILE phase=repack_pack_thread name=ffn_gate-40 a=blk.40.ffn_gate.weight at=q4_0 bt=f32 k=2560 m=10240 n=21 b2=1 b3=1 a2=1 a3=1 threads=16 calls=16 elapsed_us=24
GGML_CPU_SHAPE_PROFILE phase=repack_pack_thread name=Kcur-20 a=blk.20.attn_k.weight at=q4_0 bt=f32 k=2560 m=512 n=2 b2=1 b3=1 a2=1 a3=1 threads=8 calls=8 elapsed_us=3
GGML_CPU_SHAPE_PROFILE phase=repack_pack_thread name=node_495 a=blk.8.attn_output.weight at=q4_0 bt=f32 k=2048 m=2560 n=21 b2=1 b3=1 a2=1 a3=1 threads=16 calls=16 elapsed_us=32
GGML_CPU_SHAPE_PROFILE phase=repack_pack_thread name=ffn_up-13 a=blk.13.ffn_up.weight at=q4_0 bt=f32 k=2560 m=10240 n=2 b2=1 b3=1 a2=1 a3=1 threads=8 calls=8 elapsed_us=4
GGML_CPU_SHAPE_PROFILE phase=generic_pack_thread name=kqv-6 a=cache_v_l6 (view) (permuted) at=f16 bt=f32 k=768 m=256 n=21 b2=8 b3=1 a2=2 a3=1 threads=16 calls=16 elapsed_us=333
GGML_CPU_SHAPE_PROFILE phase=node_wall name=ffn_out-18 a=blk.18.ffn_down.weight at=q4_0 bt=f32 k=10240 m=2560 n=2 b2=1 b3=1 a2=1 a3=1 threads=8 calls=1 elapsed_us=676
GGML_CPU_SHAPE_PROFILE phase=repack_pack_thread name=node_1825 a=blk.35.inp_gate.weight at=q4_0 bt=f32 k=2560 m=256 n=1 b2=1 b3=1 a2=1 a3=1 threads=8 calls=1016 elapsed_us=205
GGML_CPU_SHAPE_PROFILE phase=repack_pack_thread name=Vcur-11 a=blk.11.attn_v.weight at=q4_0 bt=f32 k=2560 m=1024 n=21 b2=1 b3=1 a2=1 a3=1 threads=16 calls=16 elapsed_us=34
GGML_CPU_SHAPE_PROFILE phase=repack_pack_thread name=node_1665 a=blk.31.inp_gate.weight at=q4_0 bt=f32 k=2560 m=256 n=2 b2=1 b3=1 a2=1 a3=1 threads=8 calls=8 elapsed_us=3
GGML_CPU_SHAPE_PROFILE phase=node_wall name=node_942 a=blk.16.attn_output.weight at=q4_0 bt=f32 k=2048 m=2560 n=2 b2=1 b3=1 a2=1 a3=1 threads=8 calls=1 elapsed_us=108
GGML_CPU_SHAPE_PROFILE phase=repack_pack_thread name=ffn_up-15 a=blk.15.ffn_up.weight at=q4_0 bt=f32 k=2560 m=10240 n=4 b2=1 b3=1 a2=1 a3=1 threads=8 calls=8 elapsed_us=3
GGML_CPU_SHAPE_PROFILE phase=node_wall name=node_1010 a=blk.17.inp_gate.weight at=q4_0 bt=f32 k=2560 m=256 n=21 b2=1 b3=1 a2=1 a3=1 threads=16 calls=1 elapsed_us=90
GGML_CPU_SHAPE_PROFILE phase=repack_pack_thread name=ffn_gate-16 a=blk.16.ffn_gate.weight at=q4_0 bt=f32 k=2560 m=10240 n=2 b2=1 b3=1 a2=1 a3=1 threads=8 calls=8 elapsed_us=4
GGML_CPU_SHAPE_PROFILE phase=repack_pack_thread name=node_1785 a=blk.34.inp_gate.weight at=q4_0 bt=f32 k=2560 m=256 n=1 b2=1 b3=1 a2=1 a3=1 threads=8 calls=1016 elapsed_us=212
GGML_CPU_SHAPE_PROFILE phase=generic_pack_thread name=kqv-16 a=cache_v_l16 (view) (permuted) at=f16 bt=f32 k=256 m=256 n=2 b2=8 b3=1 a2=2 a3=1 threads=8 calls=8 elapsed_us=3
GGML_CPU_SHAPE_PROFILE phase=node_wall name=node_568 a=blk.9.proj.weight at=q4_0 bt=f32 k=256 m=2560 n=2 b2=1 b3=1 a2=1 a3=1 threads=8 calls=1 elapsed_us=149
GGML_CPU_SHAPE_PROFILE phase=generic_pack_thread name=kqv-18 a=cache_v_l18 (view) (permuted) at=f16 bt=f32 k=256 m=256 n=2 b2=8 b3=1 a2=2 a3=1 threads=8 calls=8 elapsed_us=8
GGML_CPU_SHAPE_PROFILE phase=repack_pack_thread name=ffn_up-16 a=blk.16.ffn_up.weight at=q4_0 bt=f32 k=2560 m=10240 n=2 b2=1 b3=1 a2=1 a3=1 threads=8 calls=8 elapsed_us=3
GGML_CPU_SHAPE_PROFILE phase=generic_pack_thread name=kq-17 a=cache_k_l17 (view) (permuted) at=f16 bt=f32 k=512 m=256 n=2 b2=8 b3=1 a2=2 a3=1 threads=8 calls=8 elapsed_us=9
GGML_CPU_SHAPE_PROFILE phase=node_wall name=kqv-12 a=cache_v_l12 (view) (permuted) at=f16 bt=f32 k=768 m=256 n=21 b2=8 b3=1 a2=2 a3=1 threads=16 calls=1 elapsed_us=1058
GGML_CPU_SHAPE_PROFILE phase=repack_pack_thread name=ffn_out-3 a=blk.3.ffn_down.weight at=q4_0 bt=f32 k=10240 m=2560 n=1 b2=1 b3=1 a2=1 a3=1 threads=8 calls=1016 elapsed_us=692
GGML_CPU_SHAPE_PROFILE phase=node_wall name=ffn_up-24 a=blk.24.ffn_up.weight at=q4_0 bt=f32 k=2560 m=10240 n=4 b2=1 b3=1 a2=1 a3=1 threads=8 calls=1 elapsed_us=444
GGML_CPU_SHAPE_PROFILE phase=repack_pack_thread name=Qcur-0 a=blk.0.attn_q.weight at=q4_0 bt=f32 k=2560 m=2048 n=1 b2=1 b3=1 a2=1 a3=1 threads=8 calls=1016 elapsed_us=244
GGML_CPU_SHAPE_PROFILE phase=node_wall name=ffn_out-35 a=blk.35.ffn_down.weight at=q4_0 bt=f32 k=10240 m=2560 n=2 b2=1 b3=1 a2=1 a3=1 threads=8 calls=1 elapsed_us=496
GGML_CPU_SHAPE_PROFILE phase=node_wall name=kq-41 a=cache_k_l23 (view) (permuted) at=f16 bt=f32 k=512 m=256 n=2 b2=8 b3=1 a2=2 a3=1 threads=8 calls=1 elapsed_us=59
GGML_CPU_SHAPE_PROFILE phase=repack_pack_thread name=Qcur-3 a=blk.3.attn_q.weight at=q4_0 bt=f32 k=2560 m=2048 n=21 b2=1 b3=1 a2=1 a3=1 threads=16 calls=16 elapsed_us=23
GGML_CPU_SHAPE_PROFILE phase=repack_pack_thread name=ffn_out-16 a=blk.16.ffn_down.weight at=q4_0 bt=f32 k=10240 m=2560 n=2 b2=1 b3=1 a2=1 a3=1 threads=8 calls=8 elapsed_us=11
GGML_CPU_SHAPE_PROFILE phase=repack_pack_thread name=node_955 a=blk.16.inp_gate.weight at=q4_0 bt=f32 k=2560 m=256 n=2 b2=1 b3=1 a2=1 a3=1 threads=8 calls=8 elapsed_us=4
GGML_CPU_SHAPE_PROFILE phase=node_wall name=ffn_gate-2 a=blk.2.ffn_gate.weight at=q4_0 bt=f32 k=2560 m=10240 n=4 b2=1 b3=1 a2=1 a3=1 threads=8 calls=1 elapsed_us=704
GGML_CPU_SHAPE_PROFILE phase=node_wall name=ffn_up-9 a=blk.9.ffn_up.weight at=q4_0 bt=f32 k=2560 m=10240 n=21 b2=1 b3=1 a2=1 a3=1 threads=16 calls=1 elapsed_us=2449
GGML_CPU_SHAPE_PROFILE phase=repack_pack_thread name=ffn_gate-31 a=blk.31.ffn_gate.weight at=q4_0 bt=f32 k=2560 m=10240 n=4 b2=1 b3=1 a2=1 a3=1 threads=8 calls=8 elapsed_us=2
GGML_CPU_SHAPE_PROFILE phase=node_wall name=Qcur-17 a=blk.17.attn_q.weight at=q4_0 bt=f32 k=2560 m=4096 n=2 b2=1 b3=1 a2=1 a3=1 threads=8 calls=1 elapsed_us=389
GGML_CPU_SHAPE_PROFILE phase=node_wall name=Vcur-22 a=blk.22.attn_v.weight at=q4_0 bt=f32 k=2560 m=512 n=21 b2=1 b3=1 a2=1 a3=1 threads=16 calls=1 elapsed_us=105
GGML_CPU_SHAPE_PROFILE phase=node_wall name=ffn_up-37 a=blk.37.ffn_up.weight at=q4_0 bt=f32 k=2560 m=10240 n=2 b2=1 b3=1 a2=1 a3=1 threads=8 calls=1 elapsed_us=510
GGML_CPU_SHAPE_PROFILE phase=node_wall name=Vcur-14 a=blk.14.attn_v.weight at=q4_0 bt=f32 k=2560 m=512 n=4 b2=1 b3=1 a2=1 a3=1 threads=8 calls=1 elapsed_us=54
GGML_CPU_SHAPE_PROFILE phase=repack_pack_thread name=ffn_out-8 a=blk.8.ffn_down.weight at=q4_0 bt=f32 k=10240 m=2560 n=21 b2=1 b3=1 a2=1 a3=1 threads=16 calls=16 elapsed_us=129
GGML_CPU_SHAPE_PROFILE phase=repack_pack_thread name=node_620 a=blk.10.inp_gate.weight at=q4_0 bt=f32 k=2560 m=256 n=21 b2=1 b3=1 a2=1 a3=1 threads=16 calls=16 elapsed_us=38
GGML_CPU_SHAPE_PROFILE phase=node_wall name=node_1932 a=blk.38.attn_output.weight at=q4_0 bt=f32 k=2048 m=2560 n=1 b2=1 b3=1 a2=1 a3=1 threads=8 calls=127 elapsed_us=9718
GGML_CPU_SHAPE_PROFILE phase=repack_pack_thread name=ffn_up-23 a=blk.23.ffn_up.weight at=q4_0 bt=f32 k=2560 m=10240 n=1 b2=1 b3=1 a2=1 a3=1 threads=8 calls=1016 elapsed_us=273
GGML_CPU_SHAPE_PROFILE phase=repack_pack_thread name=node_830 a=blk.14.attn_output.weight at=q4_0 bt=f32 k=2048 m=2560 n=21 b2=1 b3=1 a2=1 a3=1 threads=16 calls=16 elapsed_us=32
GGML_CPU_SHAPE_PROFILE phase=repack_pack_thread name=ffn_up-40 a=blk.40.ffn_up.weight at=q4_0 bt=f32 k=2560 m=10240 n=2 b2=1 b3=1 a2=1 a3=1 threads=8 calls=8 elapsed_us=4
GGML_CPU_SHAPE_PROFILE phase=node_wall name=node_787 a=blk.13.inp_gate.weight at=q4_0 bt=f32 k=2560 m=256 n=2 b2=1 b3=1 a2=1 a3=1 threads=8 calls=1 elapsed_us=28
GGML_CPU_SHAPE_PROFILE phase=repack_pack_thread name=Qcur-4 a=blk.4.attn_q.weight at=q4_0 bt=f32 k=2560 m=2048 n=21 b2=1 b3=1 a2=1 a3=1 threads=16 calls=16 elapsed_us=30
GGML_CPU_SHAPE_PROFILE phase=repack_pack_thread name=Vcur-17 a=blk.17.attn_v.weight at=q4_0 bt=f32 k=2560 m=1024 n=2 b2=1 b3=1 a2=1 a3=1 threads=8 calls=8 elapsed_us=3
GGML_CPU_SHAPE_PROFILE phase=node_wall name=Vcur-8 a=blk.8.attn_v.weight at=q4_0 bt=f32 k=2560 m=512 n=2 b2=1 b3=1 a2=1 a3=1 threads=8 calls=1 elapsed_us=36
GGML_CPU_SHAPE_PROFILE phase=generic_pack_thread name=kqv-17 a=cache_v_l17 (view) (permuted) at=f16 bt=f32 k=256 m=512 n=2 b2=8 b3=1 a2=2 a3=1 threads=8 calls=8 elapsed_us=8
GGML_CPU_SHAPE_PROFILE phase=repack_pack_thread name=ffn_up-21 a=blk.21.ffn_up.weight at=q4_0 bt=f32 k=2560 m=10240 n=2 b2=1 b3=1 a2=1 a3=1 threads=8 calls=8 elapsed_us=4
GGML_CPU_SHAPE_PROFILE phase=repack_pack_thread name=node_65 a=blk.0.proj.weight at=q4_0 bt=f32 k=256 m=2560 n=2 b2=1 b3=1 a2=1 a3=1 threads=8 calls=8 elapsed_us=0
GGML_CPU_SHAPE_PROFILE phase=node_wall name=kqv-8 a=cache_v_l8 (view) (permuted) at=f16 bt=f32 k=768 m=256 n=1 b2=8 b3=1 a2=2 a3=1 threads=8 calls=127 elapsed_us=9850
GGML_CPU_SHAPE_PROFILE phase=node_wall name=node_1294 a=blk.22.proj.weight at=q4_0 bt=f32 k=256 m=2560 n=2 b2=1 b3=1 a2=1 a3=1 threads=8 calls=1 elapsed_us=25
GGML_CPU_SHAPE_PROFILE phase=generic_pack_thread name=kq-8 a=cache_k_l8 (view) (permuted) at=f16 bt=f32 k=256 m=256 n=2 b2=8 b3=1 a2=2 a3=1 threads=8 calls=8 elapsed_us=4
GGML_CPU_SHAPE_PROFILE phase=generic_pack_thread name=kq-29 a=cache_k_l23 (view) (permuted) at=f16 bt=f32 k=512 m=256 n=2 b2=8 b3=1 a2=2 a3=1 threads=8 calls=8 elapsed_us=9
GGML_CPU_SHAPE_PROFILE phase=node_wall name=ffn_up-37 a=blk.37.ffn_up.weight at=q4_0 bt=f32 k=2560 m=10240 n=1 b2=1 b3=1 a2=1 a3=1 threads=8 calls=127 elapsed_us=40788
GGML_CPU_SHAPE_PROFILE phase=node_wall name=Kcur-7 a=blk.7.attn_k.weight at=q4_0 bt=f32 k=2560 m=512 n=4 b2=1 b3=1 a2=1 a3=1 threads=8 calls=1 elapsed_us=51
GGML_CPU_SHAPE_PROFILE phase=node_wall name=ffn_gate-17 a=blk.17.ffn_gate.weight at=q4_0 bt=f32 k=2560 m=10240 n=4 b2=1 b3=1 a2=1 a3=1 threads=8 calls=1 elapsed_us=495
GGML_CPU_SHAPE_PROFILE phase=node_wall name=node_997 a=blk.17.attn_output.weight at=q4_0 bt=f32 k=4096 m=2560 n=2 b2=1 b3=1 a2=1 a3=1 threads=8 calls=1 elapsed_us=197
GGML_CPU_SHAPE_PROFILE phase=repack_pack_thread name=Kcur-21 a=blk.21.attn_k.weight at=q4_0 bt=f32 k=2560 m=512 n=2 b2=1 b3=1 a2=1 a3=1 threads=8 calls=8 elapsed_us=3
GGML_CPU_SHAPE_PROFILE phase=repack_pack_thread name=ffn_gate-17 a=blk.17.ffn_gate.weight at=q4_0 bt=f32 k=2560 m=10240 n=2 b2=1 b3=1 a2=1 a3=1 threads=8 calls=8 elapsed_us=4
GGML_CPU_SHAPE_PROFILE phase=node_wall name=Vcur-2 a=blk.2.attn_v.weight at=q4_0 bt=f32 k=2560 m=512 n=21 b2=1 b3=1 a2=1 a3=1 threads=16 calls=1 elapsed_us=104
GGML_CPU_SHAPE_PROFILE phase=repack_pack_thread name=ffn_gate-11 a=blk.11.ffn_gate.weight at=q4_0 bt=f32 k=2560 m=10240 n=2 b2=1 b3=1 a2=1 a3=1 threads=8 calls=8 elapsed_us=3
GGML_CPU_SHAPE_PROFILE phase=node_wall name=Vcur-10 a=blk.10.attn_v.weight at=q4_0 bt=f32 k=2560 m=512 n=4 b2=1 b3=1 a2=1 a3=1 threads=8 calls=1 elapsed_us=51
GGML_CPU_SHAPE_PROFILE phase=repack_pack_thread name=ffn_out-21 a=blk.21.ffn_down.weight at=q4_0 bt=f32 k=10240 m=2560 n=21 b2=1 b3=1 a2=1 a3=1 threads=16 calls=16 elapsed_us=111
GGML_CPU_SHAPE_PROFILE phase=repack_pack_thread name=ffn_out-10 a=blk.10.ffn_down.weight at=q4_0 bt=f32 k=10240 m=2560 n=21 b2=1 b3=1 a2=1 a3=1 threads=16 calls=16 elapsed_us=131
GGML_CPU_SHAPE_PROFILE phase=repack_pack_thread name=Qcur-10 a=blk.10.attn_q.weight at=q4_0 bt=f32 k=2560 m=2048 n=2 b2=1 b3=1 a2=1 a3=1 threads=8 calls=8 elapsed_us=3
GGML_CPU_SHAPE_PROFILE phase=node_wall name=ffn_up-17 a=blk.17.ffn_up.weight at=q4_0 bt=f32 k=2560 m=10240 n=2 b2=1 b3=1 a2=1 a3=1 threads=8 calls=1 elapsed_us=477
GGML_CPU_SHAPE_PROFILE phase=node_wall name=kqv-14 a=cache_v_l14 (view) (permuted) at=f16 bt=f32 k=768 m=256 n=21 b2=8 b3=1 a2=2 a3=1 threads=16 calls=1 elapsed_us=1730
GGML_CPU_SHAPE_PROFILE phase=node_wall name=kqv-18 a=cache_v_l18 (view) (permuted) at=f16 bt=f32 k=768 m=256 n=1 b2=8 b3=1 a2=2 a3=1 threads=8 calls=127 elapsed_us=9688
GGML_CPU_SHAPE_PROFILE phase=repack_pack_thread name=node_104 a=blk.1.attn_output.weight at=q4_0 bt=f32 k=2048 m=2560 n=21 b2=1 b3=1 a2=1 a3=1 threads=16 calls=16 elapsed_us=28
GGML_CPU_SHAPE_PROFILE phase=node_wall name=Vcur-19 a=blk.19.attn_v.weight at=q4_0 bt=f32 k=2560 m=512 n=2 b2=1 b3=1 a2=1 a3=1 threads=8 calls=1 elapsed_us=36
GGML_CPU_SHAPE_PROFILE phase=node_wall name=ffn_up-22 a=blk.22.ffn_up.weight at=q4_0 bt=f32 k=2560 m=10240 n=21 b2=1 b3=1 a2=1 a3=1 threads=16 calls=1 elapsed_us=1631
GGML_CPU_SHAPE_PROFILE phase=repack_pack_thread name=Qcur-18 a=blk.18.attn_q.weight at=q4_0 bt=f32 k=2560 m=2048 n=2 b2=1 b3=1 a2=1 a3=1 threads=8 calls=8 elapsed_us=3
GGML_CPU_SHAPE_PROFILE phase=node_wall name=node_1053 a=blk.18.attn_output.weight at=q4_0 bt=f32 k=2048 m=2560 n=2 b2=1 b3=1 a2=1 a3=1 threads=8 calls=1 elapsed_us=111
GGML_CPU_SHAPE_PROFILE phase=node_wall name=node_1572 a=blk.29.attn_output.weight at=q4_0 bt=f32 k=4096 m=2560 n=21 b2=1 b3=1 a2=1 a3=1 threads=16 calls=1 elapsed_us=1123
GGML_CPU_SHAPE_PROFILE phase=node_wall name=kqv-28 a=cache_v_l22 (view) (permuted) at=f16 bt=f32 k=768 m=256 n=1 b2=8 b3=1 a2=2 a3=1 threads=8 calls=127 elapsed_us=9689
GGML_CPU_SHAPE_PROFILE phase=node_wall name=kq-4 a=cache_k_l4 (view) (permuted) at=f16 bt=f32 k=256 m=768 n=4 b2=8 b3=1 a2=2 a3=1 threads=8 calls=1 elapsed_us=133
GGML_CPU_SHAPE_PROFILE phase=node_wall name=ffn_out-5 a=blk.5.ffn_down.weight at=q4_0 bt=f32 k=10240 m=2560 n=21 b2=1 b3=1 a2=1 a3=1 threads=16 calls=1 elapsed_us=5176
GGML_CPU_SHAPE_PROFILE phase=repack_pack_thread name=node_675 a=blk.11.inp_gate.weight at=q4_0 bt=f32 k=2560 m=256 n=4 b2=1 b3=1 a2=1 a3=1 threads=8 calls=8 elapsed_us=3
GGML_CPU_SHAPE_PROFILE phase=generic_pack_thread name=kqv-20 a=cache_v_l20 (view) (permuted) at=f16 bt=f32 k=256 m=256 n=2 b2=8 b3=1 a2=2 a3=1 threads=8 calls=8 elapsed_us=6
GGML_CPU_SHAPE_PROFILE phase=node_wall name=node_791 a=blk.13.proj.weight at=q4_0 bt=f32 k=256 m=2560 n=1 b2=1 b3=1 a2=1 a3=1 threads=8 calls=127 elapsed_us=2797
GGML_CPU_SHAPE_PROFILE phase=node_wall name=node_1066 a=blk.18.inp_gate.weight at=q4_0 bt=f32 k=2560 m=256 n=2 b2=1 b3=1 a2=1 a3=1 threads=8 calls=1 elapsed_us=33
GGML_CPU_SHAPE_PROFILE phase=repack_pack_thread name=ffn_out-30 a=blk.30.ffn_down.weight at=q4_0 bt=f32 k=10240 m=2560 n=1 b2=1 b3=1 a2=1 a3=1 threads=8 calls=1016 elapsed_us=708
GGML_CPU_SHAPE_PROFILE phase=node_wall name=kq-24 a=cache_k_l22 (view) (permuted) at=f16 bt=f32 k=256 m=768 n=21 b2=8 b3=1 a2=2 a3=1 threads=16 calls=1 elapsed_us=576
GGML_CPU_SHAPE_PROFILE phase=node_wall name=ffn_gate-40 a=blk.40.ffn_gate.weight at=q4_0 bt=f32 k=2560 m=10240 n=1 b2=1 b3=1 a2=1 a3=1 threads=8 calls=127 elapsed_us=40434
GGML_CPU_SHAPE_PROFILE phase=repack_pack_thread name=node_1070 a=blk.18.proj.weight at=q4_0 bt=f32 k=256 m=2560 n=2 b2=1 b3=1 a2=1 a3=1 threads=8 calls=8 elapsed_us=2
GGML_CPU_SHAPE_PROFILE phase=node_wall name=ffn_gate-20 a=blk.20.ffn_gate.weight at=q4_0 bt=f32 k=2560 m=10240 n=2 b2=1 b3=1 a2=1 a3=1 threads=8 calls=1 elapsed_us=467
GGML_CPU_SHAPE_PROFILE phase=node_wall name=ffn_up-35 a=blk.35.ffn_up.weight at=q4_0 bt=f32 k=2560 m=10240 n=4 b2=1 b3=1 a2=1 a3=1 threads=8 calls=1 elapsed_us=475
GGML_CPU_SHAPE_PROFILE phase=node_wall name=Qcur-19 a=blk.19.attn_q.weight at=q4_0 bt=f32 k=2560 m=2048 n=2 b2=1 b3=1 a2=1 a3=1 threads=8 calls=1 elapsed_us=114
GGML_CPU_SHAPE_PROFILE phase=repack_pack_thread name=ffn_gate-32 a=blk.32.ffn_gate.weight at=q4_0 bt=f32 k=2560 m=10240 n=1 b2=1 b3=1 a2=1 a3=1 threads=8 calls=1016 elapsed_us=184
GGML_CPU_SHAPE_PROFILE phase=generic_pack_thread name=kqv-37 a=cache_v_l22 (view) (permuted) at=f16 bt=f32 k=256 m=256 n=2 b2=8 b3=1 a2=2 a3=1 threads=8 calls=8 elapsed_us=7
GGML_CPU_SHAPE_PROFILE phase=node_wall name=Qcur-17 a=blk.17.attn_q.weight at=q4_0 bt=f32 k=2560 m=4096 n=21 b2=1 b3=1 a2=1 a3=1 threads=16 calls=1 elapsed_us=671
GGML_CPU_SHAPE_PROFILE phase=node_wall name=Kcur-19 a=blk.19.attn_k.weight at=q4_0 bt=f32 k=2560 m=512 n=2 b2=1 b3=1 a2=1 a3=1 threads=8 calls=1 elapsed_us=36
GGML_CPU_SHAPE_PROFILE phase=node_wall name=node_121 a=blk.1.proj.weight at=q4_0 bt=f32 k=256 m=2560 n=21 b2=1 b3=1 a2=1 a3=1 threads=16 calls=1 elapsed_us=67
GGML_CPU_SHAPE_PROFILE phase=node_wall name=ffn_gate-24 a=blk.24.ffn_gate.weight at=q4_0 bt=f32 k=2560 m=10240 n=2 b2=1 b3=1 a2=1 a3=1 threads=8 calls=1 elapsed_us=479
GGML_CPU_SHAPE_PROFILE phase=node_wall name=kqv-19 a=cache_v_l19 (view) (permuted) at=f16 bt=f32 k=256 m=256 n=2 b2=8 b3=1 a2=2 a3=1 threads=8 calls=1 elapsed_us=44
GGML_CPU_SHAPE_PROFILE phase=repack_pack_thread name=node_1109 a=blk.19.attn_output.weight at=q4_0 bt=f32 k=2048 m=2560 n=2 b2=1 b3=1 a2=1 a3=1 threads=8 calls=8 elapsed_us=2
GGML_CPU_SHAPE_PROFILE phase=node_wall name=ffn_up-19 a=blk.19.ffn_up.weight at=q4_0 bt=f32 k=2560 m=10240 n=2 b2=1 b3=1 a2=1 a3=1 threads=8 calls=1 elapsed_us=487
GGML_CPU_SHAPE_PROFILE phase=generic_pack_thread name=kq-20 a=cache_k_l20 (view) (permuted) at=f16 bt=f32 k=256 m=768 n=21 b2=8 b3=1 a2=2 a3=1 threads=16 calls=16 elapsed_us=205
GGML_CPU_SHAPE_PROFILE phase=generic_pack_thread name=node_54 a=per_layer_model_proj.weight at=f16 bt=f32 k=2560 m=10752 n=2 b2=1 b3=1 a2=1 a3=1 threads=8 calls=8 elapsed_us=8
GGML_CPU_SHAPE_PROFILE phase=repack_pack_thread name=ffn_out-22 a=blk.22.ffn_down.weight at=q4_0 bt=f32 k=10240 m=2560 n=2 b2=1 b3=1 a2=1 a3=1 threads=8 calls=8 elapsed_us=13
GGML_CPU_SHAPE_PROFILE phase=repack_pack_thread name=Vcur-14 a=blk.14.attn_v.weight at=q4_0 bt=f32 k=2560 m=512 n=1 b2=1 b3=1 a2=1 a3=1 threads=8 calls=1016 elapsed_us=196
GGML_CPU_SHAPE_PROFILE phase=repack_pack_thread name=node_104 a=blk.1.attn_output.weight at=q4_0 bt=f32 k=2048 m=2560 n=4 b2=1 b3=1 a2=1 a3=1 threads=8 calls=8 elapsed_us=2
GGML_CPU_SHAPE_PROFILE phase=node_wall name=ffn_out-3 a=blk.3.ffn_down.weight at=q4_0 bt=f32 k=10240 m=2560 n=4 b2=1 b3=1 a2=1 a3=1 threads=8 calls=1 elapsed_us=720
GGML_CPU_SHAPE_PROFILE phase=node_wall name=node_1665 a=blk.31.inp_gate.weight at=q4_0 bt=f32 k=2560 m=256 n=2 b2=1 b3=1 a2=1 a3=1 threads=8 calls=1 elapsed_us=29
GGML_CPU_SHAPE_PROFILE phase=repack_pack_thread name=Kcur-6 a=blk.6.attn_k.weight at=q4_0 bt=f32 k=2560 m=512 n=2 b2=1 b3=1 a2=1 a3=1 threads=8 calls=8 elapsed_us=3
GGML_CPU_SHAPE_PROFILE phase=node_wall name=Qcur-32 a=blk.32.attn_q.weight at=q4_0 bt=f32 k=2560 m=2048 n=21 b2=1 b3=1 a2=1 a3=1 threads=16 calls=1 elapsed_us=567
GGML_CPU_SHAPE_PROFILE phase=node_wall name=ffn_out-16 a=blk.16.ffn_down.weight at=q4_0 bt=f32 k=10240 m=2560 n=1 b2=1 b3=1 a2=1 a3=1 threads=8 calls=127 elapsed_us=41219
GGML_CPU_SHAPE_PROFILE phase=repack_pack_thread name=Qcur-21 a=blk.21.attn_q.weight at=q4_0 bt=f32 k=2560 m=2048 n=4 b2=1 b3=1 a2=1 a3=1 threads=8 calls=8 elapsed_us=2
GGML_CPU_SHAPE_PROFILE phase=repack_pack_thread name=ffn_gate-25 a=blk.25.ffn_gate.weight at=q4_0 bt=f32 k=2560 m=10240 n=4 b2=1 b3=1 a2=1 a3=1 threads=8 calls=8 elapsed_us=3
GGML_CPU_SHAPE_PROFILE phase=node_wall name=Qcur-35 a=blk.35.attn_q.weight at=q4_0 bt=f32 k=2560 m=4096 n=1 b2=1 b3=1 a2=1 a3=1 threads=8 calls=127 elapsed_us=17215
GGML_CPU_SHAPE_PROFILE phase=repack_pack_thread name=Qcur-0 a=blk.0.attn_q.weight at=q4_0 bt=f32 k=2560 m=2048 n=2 b2=1 b3=1 a2=1 a3=1 threads=8 calls=8 elapsed_us=14
GGML_CPU_SHAPE_PROFILE phase=node_wall name=ffn_gate-14 a=blk.14.ffn_gate.weight at=q4_0 bt=f32 k=2560 m=10240 n=2 b2=1 b3=1 a2=1 a3=1 threads=8 calls=1 elapsed_us=490
GGML_CPU_SHAPE_PROFILE phase=node_wall name=Qcur-10 a=blk.10.attn_q.weight at=q4_0 bt=f32 k=2560 m=2048 n=4 b2=1 b3=1 a2=1 a3=1 threads=8 calls=1 elapsed_us=146
GGML_CPU_SHAPE_PROFILE phase=node_wall name=Vcur-0 a=blk.0.attn_v.weight at=q4_0 bt=f32 k=2560 m=512 n=2 b2=1 b3=1 a2=1 a3=1 threads=8 calls=1 elapsed_us=57
GGML_CPU_SHAPE_PROFILE phase=repack_pack_thread name=ffn_gate-32 a=blk.32.ffn_gate.weight at=q4_0 bt=f32 k=2560 m=10240 n=2 b2=1 b3=1 a2=1 a3=1 threads=8 calls=8 elapsed_us=4
GGML_CPU_SHAPE_PROFILE phase=node_wall name=Vcur-12 a=blk.12.attn_v.weight at=q4_0 bt=f32 k=2560 m=512 n=1 b2=1 b3=1 a2=1 a3=1 threads=8 calls=127 elapsed_us=3692
GGML_CPU_SHAPE_PROFILE phase=node_wall name=Kcur-6 a=blk.6.attn_k.weight at=q4_0 bt=f32 k=2560 m=512 n=1 b2=1 b3=1 a2=1 a3=1 threads=8 calls=127 elapsed_us=3874
GGML_CPU_SHAPE_PROFILE phase=repack_pack_thread name=node_177 a=blk.2.proj.weight at=q4_0 bt=f32 k=256 m=2560 n=4 b2=1 b3=1 a2=1 a3=1 threads=8 calls=8 elapsed_us=0
GGML_CPU_SHAPE_PROFILE phase=repack_pack_thread name=ffn_gate-36 a=blk.36.ffn_gate.weight at=q4_0 bt=f32 k=2560 m=10240 n=4 b2=1 b3=1 a2=1 a3=1 threads=8 calls=8 elapsed_us=3
GGML_CPU_SHAPE_PROFILE phase=node_wall name=node_340 a=blk.5.inp_gate.weight at=q4_0 bt=f32 k=2560 m=256 n=21 b2=1 b3=1 a2=1 a3=1 threads=16 calls=1 elapsed_us=197
GGML_CPU_SHAPE_PROFILE phase=repack_pack_thread name=node_2069 a=blk.41.proj.weight at=q4_0 bt=f32 k=256 m=2560 n=2 b2=1 b3=1 a2=1 a3=1 threads=8 calls=8 elapsed_us=2
GGML_CPU_SHAPE_PROFILE phase=repack_pack_thread name=Qcur-14 a=blk.14.attn_q.weight at=q4_0 bt=f32 k=2560 m=2048 n=21 b2=1 b3=1 a2=1 a3=1 threads=16 calls=16 elapsed_us=34
GGML_CPU_SHAPE_PROFILE phase=node_wall name=Kcur-20 a=blk.20.attn_k.weight at=q4_0 bt=f32 k=2560 m=512 n=2 b2=1 b3=1 a2=1 a3=1 threads=8 calls=1 elapsed_us=40
GGML_CPU_SHAPE_PROFILE phase=repack_pack_thread name=node_1905 a=blk.37.inp_gate.weight at=q4_0 bt=f32 k=2560 m=256 n=21 b2=1 b3=1 a2=1 a3=1 threads=16 calls=16 elapsed_us=30
GGML_CPU_SHAPE_PROFILE phase=repack_pack_thread name=ffn_up-27 a=blk.27.ffn_up.weight at=q4_0 bt=f32 k=2560 m=10240 n=2 b2=1 b3=1 a2=1 a3=1 threads=8 calls=8 elapsed_us=3
GGML_CPU_SHAPE_PROFILE phase=node_wall name=node_1545 a=blk.28.inp_gate.weight at=q4_0 bt=f32 k=2560 m=256 n=2 b2=1 b3=1 a2=1 a3=1 threads=8 calls=1 elapsed_us=27
GGML_CPU_SHAPE_PROFILE phase=repack_pack_thread name=Vcur-20 a=blk.20.attn_v.weight at=q4_0 bt=f32 k=2560 m=512 n=2 b2=1 b3=1 a2=1 a3=1 threads=8 calls=8 elapsed_us=3
GGML_CPU_SHAPE_PROFILE phase=node_wall name=node_439 a=blk.7.attn_output.weight at=q4_0 bt=f32 k=2048 m=2560 n=21 b2=1 b3=1 a2=1 a3=1 threads=16 calls=1 elapsed_us=675
GGML_CPU_SHAPE_PROFILE phase=node_wall name=node_620 a=blk.10.inp_gate.weight at=q4_0 bt=f32 k=2560 m=256 n=4 b2=1 b3=1 a2=1 a3=1 threads=8 calls=1 elapsed_us=46
GGML_CPU_SHAPE_PROFILE phase=generic_pack_thread name=kqv-37 a=cache_v_l22 (view) (permuted) at=f16 bt=f32 k=768 m=256 n=21 b2=8 b3=1 a2=2 a3=1 threads=16 calls=16 elapsed_us=310
GGML_CPU_SHAPE_PROFILE phase=repack_pack_thread name=node_1509 a=blk.27.proj.weight at=q4_0 bt=f32 k=256 m=2560 n=4 b2=1 b3=1 a2=1 a3=1 threads=8 calls=8 elapsed_us=1
GGML_CPU_SHAPE_PROFILE phase=generic_pack_thread name=kq-20 a=cache_k_l20 (view) (permuted) at=f16 bt=f32 k=256 m=256 n=2 b2=8 b3=1 a2=2 a3=1 threads=8 calls=8 elapsed_us=7
GGML_CPU_SHAPE_PROFILE phase=node_wall name=Vcur-4 a=blk.4.attn_v.weight at=q4_0 bt=f32 k=2560 m=512 n=2 b2=1 b3=1 a2=1 a3=1 threads=8 calls=1 elapsed_us=40
GGML_CPU_SHAPE_PROFILE phase=node_wall name=node_1165 a=blk.20.attn_output.weight at=q4_0 bt=f32 k=2048 m=2560 n=2 b2=1 b3=1 a2=1 a3=1 threads=8 calls=1 elapsed_us=106
GGML_CPU_SHAPE_PROFILE phase=generic_pack_thread name=kqv-26 a=cache_v_l22 (view) (permuted) at=f16 bt=f32 k=768 m=256 n=21 b2=8 b3=1 a2=2 a3=1 threads=16 calls=16 elapsed_us=296
GGML_CPU_SHAPE_PROFILE phase=node_wall name=ffn_gate-16 a=blk.16.ffn_gate.weight at=q4_0 bt=f32 k=2560 m=10240 n=4 b2=1 b3=1 a2=1 a3=1 threads=8 calls=1 elapsed_us=683
GGML_CPU_SHAPE_PROFILE phase=repack_pack_thread name=node_1589 a=blk.29.proj.weight at=q4_0 bt=f32 k=256 m=2560 n=4 b2=1 b3=1 a2=1 a3=1 threads=8 calls=8 elapsed_us=0
GGML_CPU_SHAPE_PROFILE phase=node_wall name=node_1221 a=blk.21.attn_output.weight at=q4_0 bt=f32 k=2048 m=2560 n=2 b2=1 b3=1 a2=1 a3=1 threads=8 calls=1 elapsed_us=105
GGML_CPU_SHAPE_PROFILE phase=repack_pack_thread name=node_1238 a=blk.21.proj.weight at=q4_0 bt=f32 k=256 m=2560 n=2 b2=1 b3=1 a2=1 a3=1 threads=8 calls=8 elapsed_us=1
GGML_CPU_SHAPE_PROFILE phase=repack_pack_thread name=node_1509 a=blk.27.proj.weight at=q4_0 bt=f32 k=256 m=2560 n=21 b2=1 b3=1 a2=1 a3=1 threads=16 calls=16 elapsed_us=3
GGML_CPU_SHAPE_PROFILE phase=repack_pack_thread name=ffn_up-39 a=blk.39.ffn_up.weight at=q4_0 bt=f32 k=2560 m=10240 n=2 b2=1 b3=1 a2=1 a3=1 threads=8 calls=8 elapsed_us=4
GGML_CPU_SHAPE_PROFILE phase=repack_pack_thread name=Vcur-0 a=blk.0.attn_v.weight at=q4_0 bt=f32 k=2560 m=512 n=2 b2=1 b3=1 a2=1 a3=1 threads=8 calls=8 elapsed_us=3
GGML_CPU_SHAPE_PROFILE phase=repack_pack_thread name=ffn_gate-33 a=blk.33.ffn_gate.weight at=q4_0 bt=f32 k=2560 m=10240 n=1 b2=1 b3=1 a2=1 a3=1 threads=8 calls=1016 elapsed_us=197
GGML_CPU_SHAPE_PROFILE phase=repack_pack_thread name=Qcur-21 a=blk.21.attn_q.weight at=q4_0 bt=f32 k=2560 m=2048 n=21 b2=1 b3=1 a2=1 a3=1 threads=16 calls=16 elapsed_us=33
GGML_CPU_SHAPE_PROFILE phase=repack_pack_thread name=node_2029 a=blk.40.proj.weight at=q4_0 bt=f32 k=256 m=2560 n=1 b2=1 b3=1 a2=1 a3=1 threads=8 calls=1016 elapsed_us=49
GGML_CPU_SHAPE_PROFILE phase=node_wall name=ffn_up-28 a=blk.28.ffn_up.weight at=q4_0 bt=f32 k=2560 m=10240 n=2 b2=1 b3=1 a2=1 a3=1 threads=8 calls=1 elapsed_us=482
GGML_CPU_SHAPE_PROFILE phase=node_wall name=Kcur-22 a=blk.22.attn_k.weight at=q4_0 bt=f32 k=2560 m=512 n=2 b2=1 b3=1 a2=1 a3=1 threads=8 calls=1 elapsed_us=36
GGML_CPU_SHAPE_PROFILE phase=node_wall name=ffn_out-39 a=blk.39.ffn_down.weight at=q4_0 bt=f32 k=10240 m=2560 n=1 b2=1 b3=1 a2=1 a3=1 threads=8 calls=127 elapsed_us=40796
GGML_CPU_SHAPE_PROFILE phase=repack_pack_thread name=ffn_up-15 a=blk.15.ffn_up.weight at=q4_0 bt=f32 k=2560 m=10240 n=1 b2=1 b3=1 a2=1 a3=1 threads=8 calls=1016 elapsed_us=220
GGML_CPU_SHAPE_PROFILE phase=generic_pack_thread name=kqv-8 a=cache_v_l8 (view) (permuted) at=f16 bt=f32 k=256 m=256 n=2 b2=8 b3=1 a2=2 a3=1 threads=8 calls=8 elapsed_us=3
GGML_CPU_SHAPE_PROFILE phase=node_wall name=Qcur-21 a=blk.21.attn_q.weight at=q4_0 bt=f32 k=2560 m=2048 n=2 b2=1 b3=1 a2=1 a3=1 threads=8 calls=1 elapsed_us=107
GGML_CPU_SHAPE_PROFILE phase=generic_pack_thread name=kqv-39 a=cache_v_l22 (view) (permuted) at=f16 bt=f32 k=256 m=256 n=2 b2=8 b3=1 a2=2 a3=1 threads=8 calls=8 elapsed_us=4
GGML_CPU_SHAPE_PROFILE phase=repack_pack_thread name=Kcur-18 a=blk.18.attn_k.weight at=q4_0 bt=f32 k=2560 m=512 n=21 b2=1 b3=1 a2=1 a3=1 threads=16 calls=16 elapsed_us=35
GGML_CPU_SHAPE_PROFILE phase=repack_pack_thread name=ffn_up-0 a=blk.0.ffn_up.weight at=q4_0 bt=f32 k=2560 m=10240 n=4 b2=1 b3=1 a2=1 a3=1 threads=8 calls=8 elapsed_us=3
GGML_CPU_SHAPE_PROFILE phase=generic_pack_thread name=kq-30 a=cache_k_l22 (view) (permuted) at=f16 bt=f32 k=256 m=256 n=2 b2=8 b3=1 a2=2 a3=1 threads=8 calls=8 elapsed_us=8
GGML_CPU_SHAPE_PROFILE phase=repack_pack_thread name=ffn_gate-34 a=blk.34.ffn_gate.weight at=q4_0 bt=f32 k=2560 m=10240 n=2 b2=1 b3=1 a2=1 a3=1 threads=8 calls=8 elapsed_us=4
GGML_CPU_SHAPE_PROFILE phase=repack_pack_thread name=Qcur-9 a=blk.9.attn_q.weight at=q4_0 bt=f32 k=2560 m=2048 n=2 b2=1 b3=1 a2=1 a3=1 threads=8 calls=8 elapsed_us=3
GGML_CPU_SHAPE_PROFILE phase=repack_pack_thread name=node_903 a=blk.15.proj.weight at=q4_0 bt=f32 k=256 m=2560 n=21 b2=1 b3=1 a2=1 a3=1 threads=16 calls=16 elapsed_us=6
GGML_CPU_SHAPE_PROFILE phase=node_wall name=Vcur-1 a=blk.1.attn_v.weight at=q4_0 bt=f32 k=2560 m=512 n=4 b2=1 b3=1 a2=1 a3=1 threads=8 calls=1 elapsed_us=54
GGML_CPU_SHAPE_PROFILE phase=repack_pack_thread name=ffn_out-19 a=blk.19.ffn_down.weight at=q4_0 bt=f32 k=10240 m=2560 n=2 b2=1 b3=1 a2=1 a3=1 threads=8 calls=8 elapsed_us=13
GGML_CPU_SHAPE_PROFILE phase=node_wall name=kq-23 a=cache_k_l23 (view) (permuted) at=f16 bt=f32 k=512 m=64768 n=4 b2=8 b3=1 a2=2 a3=1 threads=8 calls=1 elapsed_us=19513
GGML_CPU_SHAPE_PROFILE phase=generic_pack_thread name=kqv-21 a=cache_v_l21 (view) (permuted) at=f16 bt=f32 k=256 m=256 n=2 b2=8 b3=1 a2=2 a3=1 threads=8 calls=8 elapsed_us=6
GGML_CPU_SHAPE_PROFILE phase=generic_pack_thread name=kq-17 a=cache_k_l17 (view) (permuted) at=f16 bt=f32 k=512 m=64768 n=1 b2=8 b3=1 a2=2 a3=1 threads=8 calls=680 elapsed_us=466
GGML_CPU_SHAPE_PROFILE phase=repack_pack_thread name=node_551 a=blk.9.attn_output.weight at=q4_0 bt=f32 k=2048 m=2560 n=4 b2=1 b3=1 a2=1 a3=1 threads=8 calls=8 elapsed_us=2
GGML_CPU_SHAPE_PROFILE phase=repack_pack_thread name=node_1989 a=blk.39.proj.weight at=q4_0 bt=f32 k=256 m=2560 n=2 b2=1 b3=1 a2=1 a3=1 threads=8 calls=8 elapsed_us=0
GGML_CPU_SHAPE_PROFILE phase=repack_pack_thread name=Vcur-13 a=blk.13.attn_v.weight at=q4_0 bt=f32 k=2560 m=512 n=1 b2=1 b3=1 a2=1 a3=1 threads=8 calls=1016 elapsed_us=195
GGML_CPU_SHAPE_PROFILE phase=node_wall name=kq-12 a=cache_k_l12 (view) (permuted) at=f16 bt=f32 k=256 m=768 n=4 b2=8 b3=1 a2=2 a3=1 threads=8 calls=1 elapsed_us=118
GGML_CPU_SHAPE_PROFILE phase=node_wall name=ffn_gate-30 a=blk.30.ffn_gate.weight at=q4_0 bt=f32 k=2560 m=10240 n=2 b2=1 b3=1 a2=1 a3=1 threads=8 calls=1 elapsed_us=498
GGML_CPU_SHAPE_PROFILE phase=node_wall name=ffn_out-0 a=blk.0.ffn_down.weight at=q4_0 bt=f32 k=10240 m=2560 n=4 b2=1 b3=1 a2=1 a3=1 threads=8 calls=1 elapsed_us=729
GGML_CPU_SHAPE_PROFILE phase=node_wall name=ffn_up-39 a=blk.39.ffn_up.weight at=q4_0 bt=f32 k=2560 m=10240 n=1 b2=1 b3=1 a2=1 a3=1 threads=8 calls=127 elapsed_us=40508
GGML_CPU_SHAPE_PROFILE phase=node_wall name=kqv-21 a=cache_v_l21 (view) (permuted) at=f16 bt=f32 k=256 m=256 n=2 b2=8 b3=1 a2=2 a3=1 threads=8 calls=1 elapsed_us=47
GGML_CPU_SHAPE_PROFILE phase=repack_pack_thread name=node_607 a=blk.10.attn_output.weight at=q4_0 bt=f32 k=2048 m=2560 n=21 b2=1 b3=1 a2=1 a3=1 threads=16 calls=16 elapsed_us=30
GGML_CPU_SHAPE_PROFILE phase=node_wall name=ffn_gate-21 a=blk.21.ffn_gate.weight at=q4_0 bt=f32 k=2560 m=10240 n=2 b2=1 b3=1 a2=1 a3=1 threads=8 calls=1 elapsed_us=481
GGML_CPU_SHAPE_PROFILE phase=repack_pack_thread name=ffn_up-37 a=blk.37.ffn_up.weight at=q4_0 bt=f32 k=2560 m=10240 n=2 b2=1 b3=1 a2=1 a3=1 threads=8 calls=8 elapsed_us=4
GGML_CPU_SHAPE_PROFILE phase=node_wall name=ffn_up-24 a=blk.24.ffn_up.weight at=q4_0 bt=f32 k=2560 m=10240 n=21 b2=1 b3=1 a2=1 a3=1 threads=16 calls=1 elapsed_us=1639
GGML_CPU_SHAPE_PROFILE phase=repack_pack_thread name=node_1989 a=blk.39.proj.weight at=q4_0 bt=f32 k=256 m=2560 n=21 b2=1 b3=1 a2=1 a3=1 threads=16 calls=16 elapsed_us=7
GGML_CPU_SHAPE_PROFILE phase=repack_pack_thread name=ffn_out-21 a=blk.21.ffn_down.weight at=q4_0 bt=f32 k=10240 m=2560 n=2 b2=1 b3=1 a2=1 a3=1 threads=8 calls=8 elapsed_us=12
GGML_CPU_SHAPE_PROFILE phase=repack_pack_thread name=ffn_gate-18 a=blk.18.ffn_gate.weight at=q4_0 bt=f32 k=2560 m=10240 n=4 b2=1 b3=1 a2=1 a3=1 threads=8 calls=8 elapsed_us=3
GGML_CPU_SHAPE_PROFILE phase=repack_pack_thread name=node_1234 a=blk.21.inp_gate.weight at=q4_0 bt=f32 k=2560 m=256 n=2 b2=1 b3=1 a2=1 a3=1 threads=8 calls=8 elapsed_us=3
GGML_CPU_SHAPE_PROFILE phase=node_wall name=kqv-6 a=cache_v_l6 (view) (permuted) at=f16 bt=f32 k=768 m=256 n=21 b2=8 b3=1 a2=2 a3=1 threads=16 calls=1 elapsed_us=1236
GGML_CPU_SHAPE_PROFILE phase=node_wall name=node_1869 a=blk.36.proj.weight at=q4_0 bt=f32 k=256 m=2560 n=2 b2=1 b3=1 a2=1 a3=1 threads=8 calls=1 elapsed_us=49
GGML_CPU_SHAPE_PROFILE phase=node_wall name=ffn_out-20 a=blk.20.ffn_down.weight at=q4_0 bt=f32 k=10240 m=2560 n=1 b2=1 b3=1 a2=1 a3=1 threads=8 calls=127 elapsed_us=40802
GGML_CPU_SHAPE_PROFILE phase=node_wall name=ffn_out-38 a=blk.38.ffn_down.weight at=q4_0 bt=f32 k=10240 m=2560 n=21 b2=1 b3=1 a2=1 a3=1 threads=16 calls=1 elapsed_us=2002
GGML_CPU_SHAPE_PROFILE phase=node_wall name=node_117 a=blk.1.inp_gate.weight at=q4_0 bt=f32 k=2560 m=256 n=21 b2=1 b3=1 a2=1 a3=1 threads=16 calls=1 elapsed_us=86
GGML_CPU_SHAPE_PROFILE phase=repack_pack_thread name=Vcur-22 a=blk.22.attn_v.weight at=q4_0 bt=f32 k=2560 m=512 n=2 b2=1 b3=1 a2=1 a3=1 threads=8 calls=8 elapsed_us=3
GGML_CPU_SHAPE_PROFILE phase=node_wall name=kq-22 a=cache_k_l22 (view) (permuted) at=f16 bt=f32 k=256 m=256 n=2 b2=8 b3=1 a2=2 a3=1 threads=8 calls=1 elapsed_us=39
GGML_CPU_SHAPE_PROFILE phase=repack_pack_thread name=ffn_out-11 a=blk.11.ffn_down.weight at=q4_0 bt=f32 k=10240 m=2560 n=4 b2=1 b3=1 a2=1 a3=1 threads=8 calls=8 elapsed_us=11
GGML_CPU_SHAPE_PROFILE phase=node_wall name=Qcur-6 a=blk.6.attn_q.weight at=q4_0 bt=f32 k=2560 m=2048 n=1 b2=1 b3=1 a2=1 a3=1 threads=8 calls=127 elapsed_us=9650
GGML_CPU_SHAPE_PROFILE phase=repack_pack_thread name=node_1290 a=blk.22.inp_gate.weight at=q4_0 bt=f32 k=2560 m=256 n=2 b2=1 b3=1 a2=1 a3=1 threads=8 calls=8 elapsed_us=2
GGML_CPU_SHAPE_PROFILE phase=generic_pack_thread name=kq-0 a=cache_k_l0 (view) (permuted) at=f16 bt=f32 k=256 m=768 n=4 b2=8 b3=1 a2=2 a3=1 threads=8 calls=8 elapsed_us=19
GGML_CPU_SHAPE_PROFILE phase=repack_pack_thread name=node_1294 a=blk.22.proj.weight at=q4_0 bt=f32 k=256 m=2560 n=2 b2=1 b3=1 a2=1 a3=1 threads=8 calls=8 elapsed_us=0
GGML_CPU_SHAPE_PROFILE phase=node_wall name=node_1825 a=blk.35.inp_gate.weight at=q4_0 bt=f32 k=2560 m=256 n=21 b2=1 b3=1 a2=1 a3=1 threads=16 calls=1 elapsed_us=194
GGML_CPU_SHAPE_PROFILE phase=generic_pack_thread name=kqv-40 a=cache_v_l22 (view) (permuted) at=f16 bt=f32 k=256 m=256 n=2 b2=8 b3=1 a2=2 a3=1 threads=8 calls=8 elapsed_us=4
GGML_CPU_SHAPE_PROFILE phase=repack_pack_thread name=ffn_gate-13 a=blk.13.ffn_gate.weight at=q4_0 bt=f32 k=2560 m=10240 n=21 b2=1 b3=1 a2=1 a3=1 threads=16 calls=16 elapsed_us=40
GGML_CPU_SHAPE_PROFILE phase=repack_pack_thread name=Kcur-23 a=blk.23.attn_k.weight at=q4_0 bt=f32 k=2560 m=1024 n=2 b2=1 b3=1 a2=1 a3=1 threads=8 calls=8 elapsed_us=4
GGML_CPU_SHAPE_PROFILE phase=node_wall name=ffn_up-10 a=blk.10.ffn_up.weight at=q4_0 bt=f32 k=2560 m=10240 n=2 b2=1 b3=1 a2=1 a3=1 threads=8 calls=1 elapsed_us=488
GGML_CPU_SHAPE_PROFILE phase=node_wall name=Vcur-19 a=blk.19.attn_v.weight at=q4_0 bt=f32 k=2560 m=512 n=1 b2=1 b3=1 a2=1 a3=1 threads=8 calls=127 elapsed_us=3708
GGML_CPU_SHAPE_PROFILE phase=node_wall name=ffn_up-8 a=blk.8.ffn_up.weight at=q4_0 bt=f32 k=2560 m=10240 n=1 b2=1 b3=1 a2=1 a3=1 threads=8 calls=127 elapsed_us=40903
GGML_CPU_SHAPE_PROFILE phase=node_wall name=ffn_gate-8 a=blk.8.ffn_gate.weight at=q4_0 bt=f32 k=2560 m=10240 n=21 b2=1 b3=1 a2=1 a3=1 threads=16 calls=1 elapsed_us=2453
GGML_CPU_SHAPE_PROFILE phase=repack_pack_thread name=node_564 a=blk.9.inp_gate.weight at=q4_0 bt=f32 k=2560 m=256 n=2 b2=1 b3=1 a2=1 a3=1 threads=8 calls=8 elapsed_us=3
GGML_CPU_SHAPE_PROFILE phase=generic_pack_thread name=kqv-4 a=cache_v_l4 (view) (permuted) at=f16 bt=f32 k=768 m=256 n=1 b2=8 b3=1 a2=2 a3=1 threads=8 calls=1016 elapsed_us=1827
GGML_CPU_SHAPE_PROFILE phase=repack_pack_thread name=Qcur-12 a=blk.12.attn_q.weight at=q4_0 bt=f32 k=2560 m=2048 n=2 b2=1 b3=1 a2=1 a3=1 threads=8 calls=8 elapsed_us=3
GGML_CPU_SHAPE_PROFILE phase=generic_pack_thread name=kqv-29 a=cache_v_l23 (view) (permuted) at=f16 bt=f32 k=64768 m=512 n=21 b2=8 b3=1 a2=2 a3=1 threads=16 calls=16 elapsed_us=21496
GGML_CPU_SHAPE_PROFILE phase=node_wall name=node_1692 a=blk.32.attn_output.weight at=q4_0 bt=f32 k=2048 m=2560 n=2 b2=1 b3=1 a2=1 a3=1 threads=8 calls=1 elapsed_us=109
GGML_CPU_SHAPE_PROFILE phase=repack_pack_thread name=ffn_gate-27 a=blk.27.ffn_gate.weight at=q4_0 bt=f32 k=2560 m=10240 n=1 b2=1 b3=1 a2=1 a3=1 threads=8 calls=1016 elapsed_us=209
GGML_CPU_SHAPE_PROFILE phase=repack_pack_thread name=node_1332 a=blk.23.attn_output.weight at=q4_0 bt=f32 k=4096 m=2560 n=2 b2=1 b3=1 a2=1 a3=1 threads=8 calls=8 elapsed_us=6
GGML_CPU_SHAPE_PROFILE phase=node_wall name=node_1332 a=blk.23.attn_output.weight at=q4_0 bt=f32 k=4096 m=2560 n=2 b2=1 b3=1 a2=1 a3=1 threads=8 calls=1 elapsed_us=206
GGML_CPU_SHAPE_PROFILE phase=node_wall name=Qcur-5 a=blk.5.attn_q.weight at=q4_0 bt=f32 k=2560 m=4096 n=4 b2=1 b3=1 a2=1 a3=1 threads=8 calls=1 elapsed_us=278
GGML_CPU_SHAPE_PROFILE phase=generic_pack_thread name=kq-32 a=cache_k_l22 (view) (permuted) at=f16 bt=f32 k=256 m=256 n=2 b2=8 b3=1 a2=2 a3=1 threads=8 calls=8 elapsed_us=6
GGML_CPU_SHAPE_PROFILE phase=generic_pack_thread name=kqv-15 a=cache_v_l15 (view) (permuted) at=f16 bt=f32 k=768 m=256 n=21 b2=8 b3=1 a2=2 a3=1 threads=16 calls=16 elapsed_us=310
GGML_CPU_SHAPE_PROFILE phase=node_wall name=ffn_out-36 a=blk.36.ffn_down.weight at=q4_0 bt=f32 k=10240 m=2560 n=21 b2=1 b3=1 a2=1 a3=1 threads=16 calls=1 elapsed_us=2427
GGML_CPU_SHAPE_PROFILE phase=node_wall name=node_679 a=blk.11.proj.weight at=q4_0 bt=f32 k=256 m=2560 n=4 b2=1 b3=1 a2=1 a3=1 threads=8 calls=1 elapsed_us=35
GGML_CPU_SHAPE_PROFILE phase=node_wall name=ffn_up-6 a=blk.6.ffn_up.weight at=q4_0 bt=f32 k=2560 m=10240 n=2 b2=1 b3=1 a2=1 a3=1 threads=8 calls=1 elapsed_us=485
GGML_CPU_SHAPE_PROFILE phase=node_wall name=kq-17 a=cache_k_l17 (view) (permuted) at=f16 bt=f32 k=512 m=256 n=2 b2=8 b3=1 a2=2 a3=1 threads=8 calls=1 elapsed_us=55
GGML_CPU_SHAPE_PROFILE phase=node_wall name=kqv-20 a=cache_v_l20 (view) (permuted) at=f16 bt=f32 k=256 m=256 n=2 b2=8 b3=1 a2=2 a3=1 threads=8 calls=1 elapsed_us=45
GGML_CPU_SHAPE_PROFILE phase=node_wall name=Qcur-21 a=blk.21.attn_q.weight at=q4_0 bt=f32 k=2560 m=2048 n=1 b2=1 b3=1 a2=1 a3=1 threads=8 calls=127 elapsed_us=9606
GGML_CPU_SHAPE_PROFILE phase=repack_pack_thread name=ffn_gate-23 a=blk.23.ffn_gate.weight at=q4_0 bt=f32 k=2560 m=10240 n=2 b2=1 b3=1 a2=1 a3=1 threads=8 calls=8 elapsed_us=4
GGML_CPU_SHAPE_PROFILE phase=repack_pack_thread name=node_1221 a=blk.21.attn_output.weight at=q4_0 bt=f32 k=2048 m=2560 n=4 b2=1 b3=1 a2=1 a3=1 threads=8 calls=8 elapsed_us=2
GGML_CPU_SHAPE_PROFILE phase=node_wall name=kq-33 a=cache_k_l22 (view) (permuted) at=f16 bt=f32 k=256 m=256 n=2 b2=8 b3=1 a2=2 a3=1 threads=8 calls=1 elapsed_us=47
GGML_CPU_SHAPE_PROFILE phase=node_wall name=ffn_gate-23 a=blk.23.ffn_gate.weight at=q4_0 bt=f32 k=2560 m=10240 n=2 b2=1 b3=1 a2=1 a3=1 threads=8 calls=1 elapsed_us=480
GGML_CPU_SHAPE_PROFILE phase=node_wall name=node_886 a=blk.15.attn_output.weight at=q4_0 bt=f32 k=2048 m=2560 n=1 b2=1 b3=1 a2=1 a3=1 threads=8 calls=127 elapsed_us=9536
GGML_CPU_SHAPE_PROFILE phase=generic_pack_thread name=kqv-8 a=cache_v_l8 (view) (permuted) at=f16 bt=f32 k=768 m=256 n=21 b2=8 b3=1 a2=2 a3=1 threads=16 calls=16 elapsed_us=268
GGML_CPU_SHAPE_PROFILE phase=node_wall name=ffn_up-30 a=blk.30.ffn_up.weight at=q4_0 bt=f32 k=2560 m=10240 n=2 b2=1 b3=1 a2=1 a3=1 threads=8 calls=1 elapsed_us=492
GGML_CPU_SHAPE_PROFILE phase=node_wall name=node_1745 a=blk.33.inp_gate.weight at=q4_0 bt=f32 k=2560 m=256 n=2 b2=1 b3=1 a2=1 a3=1 threads=8 calls=1 elapsed_us=40
GGML_CPU_SHAPE_PROFILE phase=node_wall name=node_1345 a=blk.23.inp_gate.weight at=q4_0 bt=f32 k=2560 m=256 n=2 b2=1 b3=1 a2=1 a3=1 threads=8 calls=1 elapsed_us=31
GGML_CPU_SHAPE_PROFILE phase=node_wall name=Qcur-40 a=blk.40.attn_q.weight at=q4_0 bt=f32 k=2560 m=2048 n=1 b2=1 b3=1 a2=1 a3=1 threads=8 calls=127 elapsed_us=9501
GGML_CPU_SHAPE_PROFILE phase=node_wall name=Kcur-20 a=blk.20.attn_k.weight at=q4_0 bt=f32 k=2560 m=512 n=21 b2=1 b3=1 a2=1 a3=1 threads=16 calls=1 elapsed_us=152
GGML_CPU_SHAPE_PROFILE phase=node_wall name=node_959 a=blk.16.proj.weight at=q4_0 bt=f32 k=256 m=2560 n=1 b2=1 b3=1 a2=1 a3=1 threads=8 calls=127 elapsed_us=2855
GGML_CPU_SHAPE_PROFILE phase=node_wall name=node_117 a=blk.1.inp_gate.weight at=q4_0 bt=f32 k=2560 m=256 n=4 b2=1 b3=1 a2=1 a3=1 threads=8 calls=1 elapsed_us=48
GGML_CPU_SHAPE_PROFILE phase=repack_pack_thread name=ffn_gate-38 a=blk.38.ffn_gate.weight at=q4_0 bt=f32 k=2560 m=10240 n=1 b2=1 b3=1 a2=1 a3=1 threads=8 calls=1016 elapsed_us=204
GGML_CPU_SHAPE_PROFILE phase=node_wall name=Vcur-4 a=blk.4.attn_v.weight at=q4_0 bt=f32 k=2560 m=512 n=21 b2=1 b3=1 a2=1 a3=1 threads=16 calls=1 elapsed_us=213
GGML_CPU_SHAPE_PROFILE phase=node_wall name=kq-28 a=cache_k_l22 (view) (permuted) at=f16 bt=f32 k=256 m=256 n=2 b2=8 b3=1 a2=2 a3=1 threads=8 calls=1 elapsed_us=42
GGML_CPU_SHAPE_PROFILE phase=repack_pack_thread name=ffn_up-19 a=blk.19.ffn_up.weight at=q4_0 bt=f32 k=2560 m=10240 n=21 b2=1 b3=1 a2=1 a3=1 threads=16 calls=16 elapsed_us=29
GGML_CPU_SHAPE_PROFILE phase=node_wall name=ffn_out-2 a=blk.2.ffn_down.weight at=q4_0 bt=f32 k=10240 m=2560 n=1 b2=1 b3=1 a2=1 a3=1 threads=8 calls=127 elapsed_us=41687
GGML_CPU_SHAPE_PROFILE phase=repack_pack_thread name=Qcur-39 a=blk.39.attn_q.weight at=q4_0 bt=f32 k=2560 m=2048 n=21 b2=1 b3=1 a2=1 a3=1 threads=16 calls=16 elapsed_us=28
GGML_CPU_SHAPE_PROFILE phase=repack_pack_thread name=node_285 a=blk.4.inp_gate.weight at=q4_0 bt=f32 k=2560 m=256 n=2 b2=1 b3=1 a2=1 a3=1 threads=8 calls=8 elapsed_us=3
GGML_CPU_SHAPE_PROFILE phase=node_wall name=Vcur-23 a=blk.23.attn_v.weight at=q4_0 bt=f32 k=2560 m=1024 n=21 b2=1 b3=1 a2=1 a3=1 threads=16 calls=1 elapsed_us=193
GGML_CPU_SHAPE_PROFILE phase=repack_pack_thread name=node_1865 a=blk.36.inp_gate.weight at=q4_0 bt=f32 k=2560 m=256 n=2 b2=1 b3=1 a2=1 a3=1 threads=8 calls=8 elapsed_us=4
GGML_CPU_SHAPE_PROFILE phase=repack_pack_thread name=Kcur-15 a=blk.15.attn_k.weight at=q4_0 bt=f32 k=2560 m=512 n=4 b2=1 b3=1 a2=1 a3=1 threads=8 calls=8 elapsed_us=2
GGML_CPU_SHAPE_PROFILE phase=node_wall name=Kcur-17 a=blk.17.attn_k.weight at=q4_0 bt=f32 k=2560 m=1024 n=1 b2=1 b3=1 a2=1 a3=1 threads=8 calls=127 elapsed_us=5945
GGML_CPU_SHAPE_PROFILE phase=node_wall name=node_1349 a=blk.23.proj.weight at=q4_0 bt=f32 k=256 m=2560 n=2 b2=1 b3=1 a2=1 a3=1 threads=8 calls=1 elapsed_us=26
GGML_CPU_SHAPE_PROFILE phase=repack_pack_thread name=node_1010 a=blk.17.inp_gate.weight at=q4_0 bt=f32 k=2560 m=256 n=1 b2=1 b3=1 a2=1 a3=1 threads=8 calls=1016 elapsed_us=208
GGML_CPU_SHAPE_PROFILE phase=repack_pack_thread name=Vcur-6 a=blk.6.attn_v.weight at=q4_0 bt=f32 k=2560 m=512 n=21 b2=1 b3=1 a2=1 a3=1 threads=16 calls=16 elapsed_us=22
GGML_CPU_SHAPE_PROFILE phase=node_wall name=node_1909 a=blk.37.proj.weight at=q4_0 bt=f32 k=256 m=2560 n=21 b2=1 b3=1 a2=1 a3=1 threads=16 calls=1 elapsed_us=160
GGML_CPU_SHAPE_PROFILE phase=repack_pack_thread name=node_1652 a=blk.31.attn_output.weight at=q4_0 bt=f32 k=2048 m=2560 n=1 b2=1 b3=1 a2=1 a3=1 threads=8 calls=1016 elapsed_us=184
GGML_CPU_SHAPE_PROFILE phase=repack_pack_thread name=ffn_up-34 a=blk.34.ffn_up.weight at=q4_0 bt=f32 k=2560 m=10240 n=2 b2=1 b3=1 a2=1 a3=1 threads=8 calls=8 elapsed_us=3
GGML_CPU_SHAPE_PROFILE phase=generic_pack_thread name=kq-18 a=cache_k_l18 (view) (permuted) at=f16 bt=f32 k=256 m=256 n=2 b2=8 b3=1 a2=2 a3=1 threads=8 calls=8 elapsed_us=8
GGML_CPU_SHAPE_PROFILE phase=repack_pack_thread name=node_1572 a=blk.29.attn_output.weight at=q4_0 bt=f32 k=4096 m=2560 n=1 b2=1 b3=1 a2=1 a3=1 threads=8 calls=1016 elapsed_us=371
GGML_CPU_SHAPE_PROFILE phase=generic_pack_thread name=kq-27 a=cache_k_l22 (view) (permuted) at=f16 bt=f32 k=256 m=768 n=1 b2=8 b3=1 a2=2 a3=1 threads=8 calls=1016 elapsed_us=459
GGML_CPU_SHAPE_PROFILE phase=node_wall name=kqv-26 a=cache_v_l22 (view) (permuted) at=f16 bt=f32 k=768 m=256 n=4 b2=8 b3=1 a2=2 a3=1 threads=8 calls=1 elapsed_us=95
GGML_CPU_SHAPE_PROFILE phase=repack_pack_thread name=ffn_up-14 a=blk.14.ffn_up.weight at=q4_0 bt=f32 k=2560 m=10240 n=21 b2=1 b3=1 a2=1 a3=1 threads=16 calls=16 elapsed_us=44
GGML_CPU_SHAPE_PROFILE phase=generic_pack_thread name=kq-24 a=cache_k_l22 (view) (permuted) at=f16 bt=f32 k=256 m=256 n=2 b2=8 b3=1 a2=2 a3=1 threads=8 calls=8 elapsed_us=9
GGML_CPU_SHAPE_PROFILE phase=repack_pack_thread name=ffn_up-4 a=blk.4.ffn_up.weight at=q4_0 bt=f32 k=2560 m=10240 n=1 b2=1 b3=1 a2=1 a3=1 threads=8 calls=1016 elapsed_us=247
GGML_CPU_SHAPE_PROFILE phase=repack_pack_thread name=ffn_gate-32 a=blk.32.ffn_gate.weight at=q4_0 bt=f32 k=2560 m=10240 n=21 b2=1 b3=1 a2=1 a3=1 threads=16 calls=16 elapsed_us=32
GGML_CPU_SHAPE_PROFILE phase=node_wall name=ffn_out-4 a=blk.4.ffn_down.weight at=q4_0 bt=f32 k=10240 m=2560 n=2 b2=1 b3=1 a2=1 a3=1 threads=8 calls=1 elapsed_us=500
GGML_CPU_SHAPE_PROFILE phase=node_wall name=kqv-32 a=cache_v_l22 (view) (permuted) at=f16 bt=f32 k=768 m=256 n=21 b2=8 b3=1 a2=2 a3=1 threads=16 calls=1 elapsed_us=1228
GGML_CPU_SHAPE_PROFILE phase=node_wall name=node_1178 a=blk.20.inp_gate.weight at=q4_0 bt=f32 k=2560 m=256 n=21 b2=1 b3=1 a2=1 a3=1 threads=16 calls=1 elapsed_us=87
GGML_CPU_SHAPE_PROFILE phase=repack_pack_thread name=node_173 a=blk.2.inp_gate.weight at=q4_0 bt=f32 k=2560 m=256 n=1 b2=1 b3=1 a2=1 a3=1 threads=8 calls=1016 elapsed_us=199
GGML_CPU_SHAPE_PROFILE phase=repack_pack_thread name=ffn_up-24 a=blk.24.ffn_up.weight at=q4_0 bt=f32 k=2560 m=10240 n=2 b2=1 b3=1 a2=1 a3=1 threads=8 calls=8 elapsed_us=3
GGML_CPU_SHAPE_PROFILE phase=repack_pack_thread name=node_1532 a=blk.28.attn_output.weight at=q4_0 bt=f32 k=2048 m=2560 n=2 b2=1 b3=1 a2=1 a3=1 threads=8 calls=8 elapsed_us=3
GGML_CPU_SHAPE_PROFILE phase=generic_pack_thread name=kqv-25 a=cache_v_l22 (view) (permuted) at=f16 bt=f32 k=256 m=256 n=2 b2=8 b3=1 a2=2 a3=1 threads=8 calls=8 elapsed_us=6
GGML_CPU_SHAPE_PROFILE phase=repack_pack_thread name=node_662 a=blk.11.attn_output.weight at=q4_0 bt=f32 k=4096 m=2560 n=21 b2=1 b3=1 a2=1 a3=1 threads=16 calls=16 elapsed_us=51
GGML_CPU_SHAPE_PROFILE phase=node_wall name=ffn_gate-2 a=blk.2.ffn_gate.weight at=q4_0 bt=f32 k=2560 m=10240 n=21 b2=1 b3=1 a2=1 a3=1 threads=16 calls=1 elapsed_us=1871
GGML_CPU_SHAPE_PROFILE phase=repack_pack_thread name=ffn_gate-11 a=blk.11.ffn_gate.weight at=q4_0 bt=f32 k=2560 m=10240 n=21 b2=1 b3=1 a2=1 a3=1 threads=16 calls=16 elapsed_us=31
GGML_CPU_SHAPE_PROFILE phase=node_wall name=ffn_up-11 a=blk.11.ffn_up.weight at=q4_0 bt=f32 k=2560 m=10240 n=21 b2=1 b3=1 a2=1 a3=1 threads=16 calls=1 elapsed_us=2431
GGML_CPU_SHAPE_PROFILE phase=node_wall name=node_551 a=blk.9.attn_output.weight at=q4_0 bt=f32 k=2048 m=2560 n=4 b2=1 b3=1 a2=1 a3=1 threads=8 calls=1 elapsed_us=152
GGML_CPU_SHAPE_PROFILE phase=node_wall name=ffn_out-11 a=blk.11.ffn_down.weight at=q4_0 bt=f32 k=10240 m=2560 n=21 b2=1 b3=1 a2=1 a3=1 threads=16 calls=1 elapsed_us=3016
GGML_CPU_SHAPE_PROFILE phase=repack_pack_thread name=Qcur-31 a=blk.31.attn_q.weight at=q4_0 bt=f32 k=2560 m=2048 n=21 b2=1 b3=1 a2=1 a3=1 threads=16 calls=16 elapsed_us=29
GGML_CPU_SHAPE_PROFILE phase=node_wall name=node_1165 a=blk.20.attn_output.weight at=q4_0 bt=f32 k=2048 m=2560 n=1 b2=1 b3=1 a2=1 a3=1 threads=8 calls=127 elapsed_us=9578
GGML_CPU_SHAPE_PROFILE phase=repack_pack_thread name=node_675 a=blk.11.inp_gate.weight at=q4_0 bt=f32 k=2560 m=256 n=21 b2=1 b3=1 a2=1 a3=1 threads=16 calls=16 elapsed_us=32
GGML_CPU_SHAPE_PROFILE phase=node_wall name=node_675 a=blk.11.inp_gate.weight at=q4_0 bt=f32 k=2560 m=256 n=21 b2=1 b3=1 a2=1 a3=1 threads=16 calls=1 elapsed_us=312
GGML_CPU_SHAPE_PROFILE phase=node_wall name=node_679 a=blk.11.proj.weight at=q4_0 bt=f32 k=256 m=2560 n=21 b2=1 b3=1 a2=1 a3=1 threads=16 calls=1 elapsed_us=1592
GGML_CPU_SHAPE_PROFILE phase=node_wall name=Qcur-12 a=blk.12.attn_q.weight at=q4_0 bt=f32 k=2560 m=2048 n=21 b2=1 b3=1 a2=1 a3=1 threads=16 calls=1 elapsed_us=691
GGML_CPU_SHAPE_PROFILE phase=repack_pack_thread name=ffn_gate-21 a=blk.21.ffn_gate.weight at=q4_0 bt=f32 k=2560 m=10240 n=21 b2=1 b3=1 a2=1 a3=1 threads=16 calls=16 elapsed_us=30
GGML_CPU_SHAPE_PROFILE phase=node_wall name=ffn_gate-21 a=blk.21.ffn_gate.weight at=q4_0 bt=f32 k=2560 m=10240 n=4 b2=1 b3=1 a2=1 a3=1 threads=8 calls=1 elapsed_us=459
GGML_CPU_SHAPE_PROFILE phase=node_wall name=node_1892 a=blk.37.attn_output.weight at=q4_0 bt=f32 k=2048 m=2560 n=2 b2=1 b3=1 a2=1 a3=1 threads=8 calls=1 elapsed_us=112
GGML_CPU_SHAPE_PROFILE phase=repack_pack_thread name=Kcur-12 a=blk.12.attn_k.weight at=q4_0 bt=f32 k=2560 m=512 n=21 b2=1 b3=1 a2=1 a3=1 threads=16 calls=16 elapsed_us=33
GGML_CPU_SHAPE_PROFILE phase=node_wall name=Kcur-12 a=blk.12.attn_k.weight at=q4_0 bt=f32 k=2560 m=512 n=21 b2=1 b3=1 a2=1 a3=1 threads=16 calls=1 elapsed_us=315
GGML_CPU_SHAPE_PROFILE phase=repack_pack_thread name=Qcur-34 a=blk.34.attn_q.weight at=q4_0 bt=f32 k=2560 m=2048 n=1 b2=1 b3=1 a2=1 a3=1 threads=8 calls=1016 elapsed_us=205
GGML_CPU_SHAPE_PROFILE phase=repack_pack_thread name=ffn_up-1 a=blk.1.ffn_up.weight at=q4_0 bt=f32 k=2560 m=10240 n=1 b2=1 b3=1 a2=1 a3=1 threads=8 calls=1016 elapsed_us=217
GGML_CPU_SHAPE_PROFILE phase=repack_pack_thread name=node_607 a=blk.10.attn_output.weight at=q4_0 bt=f32 k=2048 m=2560 n=2 b2=1 b3=1 a2=1 a3=1 threads=8 calls=8 elapsed_us=3
GGML_CPU_SHAPE_PROFILE phase=repack_pack_thread name=node_1345 a=blk.23.inp_gate.weight at=q4_0 bt=f32 k=2560 m=256 n=2 b2=1 b3=1 a2=1 a3=1 threads=8 calls=8 elapsed_us=3
GGML_CPU_SHAPE_PROFILE phase=repack_pack_thread name=Vcur-12 a=blk.12.attn_v.weight at=q4_0 bt=f32 k=2560 m=512 n=21 b2=1 b3=1 a2=1 a3=1 threads=16 calls=16 elapsed_us=32
GGML_CPU_SHAPE_PROFILE phase=node_wall name=kqv-15 a=cache_v_l15 (view) (permuted) at=f16 bt=f32 k=768 m=256 n=4 b2=8 b3=1 a2=2 a3=1 threads=8 calls=1 elapsed_us=116
GGML_CPU_SHAPE_PROFILE phase=generic_pack_thread name=kqv-12 a=cache_v_l12 (view) (permuted) at=f16 bt=f32 k=768 m=256 n=21 b2=8 b3=1 a2=2 a3=1 threads=16 calls=16 elapsed_us=251
GGML_CPU_SHAPE_PROFILE phase=repack_pack_thread name=ffn_gate-12 a=blk.12.ffn_gate.weight at=q4_0 bt=f32 k=2560 m=10240 n=21 b2=1 b3=1 a2=1 a3=1 threads=16 calls=16 elapsed_us=34
GGML_CPU_SHAPE_PROFILE phase=node_wall name=Kcur-17 a=blk.17.attn_k.weight at=q4_0 bt=f32 k=2560 m=1024 n=4 b2=1 b3=1 a2=1 a3=1 threads=8 calls=1 elapsed_us=86
GGML_CPU_SHAPE_PROFILE phase=node_wall name=ffn_gate-12 a=blk.12.ffn_gate.weight at=q4_0 bt=f32 k=2560 m=10240 n=21 b2=1 b3=1 a2=1 a3=1 threads=16 calls=1 elapsed_us=1983
GGML_CPU_SHAPE_PROFILE phase=repack_pack_thread name=ffn_up-12 a=blk.12.ffn_up.weight at=q4_0 bt=f32 k=2560 m=10240 n=21 b2=1 b3=1 a2=1 a3=1 threads=16 calls=16 elapsed_us=35
GGML_CPU_SHAPE_PROFILE phase=repack_pack_thread name=Vcur-13 a=blk.13.attn_v.weight at=q4_0 bt=f32 k=2560 m=512 n=4 b2=1 b3=1 a2=1 a3=1 threads=8 calls=8 elapsed_us=3
GGML_CPU_SHAPE_PROFILE phase=node_wall name=ffn_out-12 a=blk.12.ffn_down.weight at=q4_0 bt=f32 k=10240 m=2560 n=21 b2=1 b3=1 a2=1 a3=1 threads=16 calls=1 elapsed_us=2383
GGML_CPU_SHAPE_PROFILE phase=repack_pack_thread name=node_731 a=blk.12.inp_gate.weight at=q4_0 bt=f32 k=2560 m=256 n=21 b2=1 b3=1 a2=1 a3=1 threads=16 calls=16 elapsed_us=37
GGML_CPU_SHAPE_PROFILE phase=repack_pack_thread name=Qcur-13 a=blk.13.attn_q.weight at=q4_0 bt=f32 k=2560 m=2048 n=21 b2=1 b3=1 a2=1 a3=1 threads=16 calls=16 elapsed_us=38
GGML_CPU_SHAPE_PROFILE phase=node_wall name=kq-38 a=cache_k_l22 (view) (permuted) at=f16 bt=f32 k=256 m=768 n=1 b2=8 b3=1 a2=2 a3=1 threads=8 calls=127 elapsed_us=6304
GGML_CPU_SHAPE_PROFILE phase=repack_pack_thread name=Kcur-13 a=blk.13.attn_k.weight at=q4_0 bt=f32 k=2560 m=512 n=21 b2=1 b3=1 a2=1 a3=1 threads=16 calls=16 elapsed_us=33
GGML_CPU_SHAPE_PROFILE phase=node_wall name=Kcur-13 a=blk.13.attn_k.weight at=q4_0 bt=f32 k=2560 m=512 n=21 b2=1 b3=1 a2=1 a3=1 threads=16 calls=1 elapsed_us=210
GGML_CPU_SHAPE_PROFILE phase=repack_pack_thread name=node_1349 a=blk.23.proj.weight at=q4_0 bt=f32 k=256 m=2560 n=21 b2=1 b3=1 a2=1 a3=1 threads=16 calls=16 elapsed_us=6
GGML_CPU_SHAPE_PROFILE phase=node_wall name=Vcur-13 a=blk.13.attn_v.weight at=q4_0 bt=f32 k=2560 m=512 n=21 b2=1 b3=1 a2=1 a3=1 threads=16 calls=1 elapsed_us=298
GGML_CPU_SHAPE_PROFILE phase=repack_pack_thread name=ffn_gate-30 a=blk.30.ffn_gate.weight at=q4_0 bt=f32 k=2560 m=10240 n=1 b2=1 b3=1 a2=1 a3=1 threads=8 calls=1016 elapsed_us=206
GGML_CPU_SHAPE_PROFILE phase=repack_pack_thread name=ffn_up-19 a=blk.19.ffn_up.weight at=q4_0 bt=f32 k=2560 m=10240 n=2 b2=1 b3=1 a2=1 a3=1 threads=8 calls=8 elapsed_us=4
GGML_CPU_SHAPE_PROFILE phase=repack_pack_thread name=ffn_out-37 a=blk.37.ffn_down.weight at=q4_0 bt=f32 k=10240 m=2560 n=21 b2=1 b3=1 a2=1 a3=1 threads=16 calls=16 elapsed_us=103
GGML_CPU_SHAPE_PROFILE phase=repack_pack_thread name=node_508 a=blk.8.inp_gate.weight at=q4_0 bt=f32 k=2560 m=256 n=4 b2=1 b3=1 a2=1 a3=1 threads=8 calls=8 elapsed_us=3
GGML_CPU_SHAPE_PROFILE phase=generic_pack_thread name=kq-31 a=cache_k_l22 (view) (permuted) at=f16 bt=f32 k=256 m=768 n=1 b2=8 b3=1 a2=2 a3=1 threads=8 calls=1016 elapsed_us=488
GGML_CPU_SHAPE_PROFILE phase=repack_pack_thread name=Vcur-10 a=blk.10.attn_v.weight at=q4_0 bt=f32 k=2560 m=512 n=2 b2=1 b3=1 a2=1 a3=1 threads=8 calls=8 elapsed_us=2
GGML_CPU_SHAPE_PROFILE phase=generic_pack_thread name=kq-13 a=cache_k_l13 (view) (permuted) at=f16 bt=f32 k=256 m=768 n=21 b2=8 b3=1 a2=2 a3=1 threads=16 calls=16 elapsed_us=143
GGML_CPU_SHAPE_PROFILE phase=node_wall name=kq-13 a=cache_k_l13 (view) (permuted) at=f16 bt=f32 k=256 m=768 n=21 b2=8 b3=1 a2=2 a3=1 threads=16 calls=1 elapsed_us=1426
GGML_CPU_SHAPE_PROFILE phase=repack_pack_thread name=node_679 a=blk.11.proj.weight at=q4_0 bt=f32 k=256 m=2560 n=1 b2=1 b3=1 a2=1 a3=1 threads=8 calls=1016 elapsed_us=43
GGML_CPU_SHAPE_PROFILE phase=repack_pack_thread name=ffn_up-21 a=blk.21.ffn_up.weight at=q4_0 bt=f32 k=2560 m=10240 n=4 b2=1 b3=1 a2=1 a3=1 threads=8 calls=8 elapsed_us=2
GGML_CPU_SHAPE_PROFILE phase=node_wall name=ffn_up-15 a=blk.15.ffn_up.weight at=q4_0 bt=f32 k=2560 m=10240 n=4 b2=1 b3=1 a2=1 a3=1 threads=8 calls=1 elapsed_us=674
GGML_CPU_SHAPE_PROFILE phase=node_wall name=node_1785 a=blk.34.inp_gate.weight at=q4_0 bt=f32 k=2560 m=256 n=4 b2=1 b3=1 a2=1 a3=1 threads=8 calls=1 elapsed_us=34
GGML_CPU_SHAPE_PROFILE phase=generic_pack_thread name=kqv-13 a=cache_v_l13 (view) (permuted) at=f16 bt=f32 k=768 m=256 n=21 b2=8 b3=1 a2=2 a3=1 threads=16 calls=16 elapsed_us=235
GGML_CPU_SHAPE_PROFILE phase=node_wall name=Qcur-18 a=blk.18.attn_q.weight at=q4_0 bt=f32 k=2560 m=2048 n=4 b2=1 b3=1 a2=1 a3=1 threads=8 calls=1 elapsed_us=331
GGML_CPU_SHAPE_PROFILE phase=repack_pack_thread name=ffn_up-13 a=blk.13.ffn_up.weight at=q4_0 bt=f32 k=2560 m=10240 n=21 b2=1 b3=1 a2=1 a3=1 threads=16 calls=16 elapsed_us=37
GGML_CPU_SHAPE_PROFILE phase=node_wall name=ffn_up-13 a=blk.13.ffn_up.weight at=q4_0 bt=f32 k=2560 m=10240 n=21 b2=1 b3=1 a2=1 a3=1 threads=16 calls=1 elapsed_us=2344
GGML_CPU_SHAPE_PROFILE phase=node_wall name=kqv-26 a=cache_v_l22 (view) (permuted) at=f16 bt=f32 k=768 m=256 n=21 b2=8 b3=1 a2=2 a3=1 threads=16 calls=1 elapsed_us=390
GGML_CPU_SHAPE_PROFILE phase=repack_pack_thread name=ffn_out-25 a=blk.25.ffn_down.weight at=q4_0 bt=f32 k=10240 m=2560 n=4 b2=1 b3=1 a2=1 a3=1 threads=8 calls=8 elapsed_us=9
GGML_CPU_SHAPE_PROFILE phase=repack_pack_thread name=ffn_out-13 a=blk.13.ffn_down.weight at=q4_0 bt=f32 k=10240 m=2560 n=21 b2=1 b3=1 a2=1 a3=1 threads=16 calls=16 elapsed_us=133
GGML_CPU_SHAPE_PROFILE phase=repack_pack_thread name=node_787 a=blk.13.inp_gate.weight at=q4_0 bt=f32 k=2560 m=256 n=21 b2=1 b3=1 a2=1 a3=1 threads=16 calls=16 elapsed_us=39
GGML_CPU_SHAPE_PROFILE phase=generic_pack_thread name=kq-38 a=cache_k_l22 (view) (permuted) at=f16 bt=f32 k=256 m=768 n=4 b2=8 b3=1 a2=2 a3=1 threads=8 calls=8 elapsed_us=14
GGML_CPU_SHAPE_PROFILE phase=repack_pack_thread name=ffn_gate-18 a=blk.18.ffn_gate.weight at=q4_0 bt=f32 k=2560 m=10240 n=21 b2=1 b3=1 a2=1 a3=1 threads=16 calls=16 elapsed_us=34
GGML_CPU_SHAPE_PROFILE phase=node_wall name=node_1070 a=blk.18.proj.weight at=q4_0 bt=f32 k=256 m=2560 n=21 b2=1 b3=1 a2=1 a3=1 threads=16 calls=1 elapsed_us=148
GGML_CPU_SHAPE_PROFILE phase=node_wall name=Kcur-10 a=blk.10.attn_k.weight at=q4_0 bt=f32 k=2560 m=512 n=1 b2=1 b3=1 a2=1 a3=1 threads=8 calls=127 elapsed_us=3886
GGML_CPU_SHAPE_PROFILE phase=node_wall name=node_787 a=blk.13.inp_gate.weight at=q4_0 bt=f32 k=2560 m=256 n=21 b2=1 b3=1 a2=1 a3=1 threads=16 calls=1 elapsed_us=195
GGML_CPU_SHAPE_PROFILE phase=node_wall name=ffn_out-16 a=blk.16.ffn_down.weight at=q4_0 bt=f32 k=10240 m=2560 n=2 b2=1 b3=1 a2=1 a3=1 threads=8 calls=1 elapsed_us=493
GGML_CPU_SHAPE_PROFILE phase=repack_pack_thread name=node_791 a=blk.13.proj.weight at=q4_0 bt=f32 k=256 m=2560 n=21 b2=1 b3=1 a2=1 a3=1 threads=16 calls=16 elapsed_us=4
GGML_CPU_SHAPE_PROFILE phase=node_wall name=kq-1 a=cache_k_l1 (view) (permuted) at=f16 bt=f32 k=256 m=768 n=21 b2=8 b3=1 a2=2 a3=1 threads=16 calls=1 elapsed_us=993
GGML_CPU_SHAPE_PROFILE phase=node_wall name=Qcur-14 a=blk.14.attn_q.weight at=q4_0 bt=f32 k=2560 m=2048 n=21 b2=1 b3=1 a2=1 a3=1 threads=16 calls=1 elapsed_us=639
GGML_CPU_SHAPE_PROFILE phase=node_wall name=node_1532 a=blk.28.attn_output.weight at=q4_0 bt=f32 k=2048 m=2560 n=4 b2=1 b3=1 a2=1 a3=1 threads=8 calls=1 elapsed_us=104
GGML_CPU_SHAPE_PROFILE phase=repack_pack_thread name=Kcur-14 a=blk.14.attn_k.weight at=q4_0 bt=f32 k=2560 m=512 n=21 b2=1 b3=1 a2=1 a3=1 threads=16 calls=16 elapsed_us=33
GGML_CPU_SHAPE_PROFILE phase=node_wall name=node_1585 a=blk.29.inp_gate.weight at=q4_0 bt=f32 k=2560 m=256 n=1 b2=1 b3=1 a2=1 a3=1 threads=8 calls=127 elapsed_us=3309
GGML_CPU_SHAPE_PROFILE phase=node_wall name=node_624 a=blk.10.proj.weight at=q4_0 bt=f32 k=256 m=2560 n=1 b2=1 b3=1 a2=1 a3=1 threads=8 calls=127 elapsed_us=2989
GGML_CPU_SHAPE_PROFILE phase=node_wall name=Kcur-14 a=blk.14.attn_k.weight at=q4_0 bt=f32 k=2560 m=512 n=21 b2=1 b3=1 a2=1 a3=1 threads=16 calls=1 elapsed_us=295
GGML_CPU_SHAPE_PROFILE phase=node_wall name=Qcur-33 a=blk.33.attn_q.weight at=q4_0 bt=f32 k=2560 m=2048 n=21 b2=1 b3=1 a2=1 a3=1 threads=16 calls=1 elapsed_us=583
GGML_CPU_SHAPE_PROFILE phase=node_wall name=Vcur-14 a=blk.14.attn_v.weight at=q4_0 bt=f32 k=2560 m=512 n=21 b2=1 b3=1 a2=1 a3=1 threads=16 calls=1 elapsed_us=298
GGML_CPU_SHAPE_PROFILE phase=repack_pack_thread name=node_52 a=blk.0.inp_gate.weight at=q4_0 bt=f32 k=2560 m=256 n=4 b2=1 b3=1 a2=1 a3=1 threads=8 calls=8 elapsed_us=3
GGML_CPU_SHAPE_PROFILE phase=repack_pack_thread name=ffn_gate-14 a=blk.14.ffn_gate.weight at=q4_0 bt=f32 k=2560 m=10240 n=21 b2=1 b3=1 a2=1 a3=1 threads=16 calls=16 elapsed_us=38
GGML_CPU_SHAPE_PROFILE phase=node_wall name=Qcur-18 a=blk.18.attn_q.weight at=q4_0 bt=f32 k=2560 m=2048 n=2 b2=1 b3=1 a2=1 a3=1 threads=8 calls=1 elapsed_us=107
GGML_CPU_SHAPE_PROFILE phase=repack_pack_thread name=node_1126 a=blk.19.proj.weight at=q4_0 bt=f32 k=256 m=2560 n=21 b2=1 b3=1 a2=1 a3=1 threads=16 calls=16 elapsed_us=7
GGML_CPU_SHAPE_PROFILE phase=generic_pack_thread name=kq-5 a=cache_k_l5 (view) (permuted) at=f16 bt=f32 k=512 m=256 n=2 b2=8 b3=1 a2=2 a3=1 threads=8 calls=8 elapsed_us=12
GGML_CPU_SHAPE_PROFILE phase=node_wall name=ffn_up-14 a=blk.14.ffn_up.weight at=q4_0 bt=f32 k=2560 m=10240 n=21 b2=1 b3=1 a2=1 a3=1 threads=16 calls=1 elapsed_us=2437
GGML_CPU_SHAPE_PROFILE phase=node_wall name=node_843 a=blk.14.inp_gate.weight at=q4_0 bt=f32 k=2560 m=256 n=21 b2=1 b3=1 a2=1 a3=1 threads=16 calls=1 elapsed_us=260
GGML_CPU_SHAPE_PROFILE phase=node_wall name=ffn_up-30 a=blk.30.ffn_up.weight at=q4_0 bt=f32 k=2560 m=10240 n=21 b2=1 b3=1 a2=1 a3=1 threads=16 calls=1 elapsed_us=2530
GGML_CPU_SHAPE_PROFILE phase=repack_pack_thread name=node_847 a=blk.14.proj.weight at=q4_0 bt=f32 k=256 m=2560 n=21 b2=1 b3=1 a2=1 a3=1 threads=16 calls=16 elapsed_us=6
GGML_CPU_SHAPE_PROFILE phase=node_wall name=ffn_out-38 a=blk.38.ffn_down.weight at=q4_0 bt=f32 k=10240 m=2560 n=4 b2=1 b3=1 a2=1 a3=1 threads=8 calls=1 elapsed_us=710
GGML_CPU_SHAPE_PROFILE phase=repack_pack_thread name=ffn_up-3 a=blk.3.ffn_up.weight at=q4_0 bt=f32 k=2560 m=10240 n=21 b2=1 b3=1 a2=1 a3=1 threads=16 calls=16 elapsed_us=30
GGML_CPU_SHAPE_PROFILE phase=node_wall name=Qcur-15 a=blk.15.attn_q.weight at=q4_0 bt=f32 k=2560 m=2048 n=21 b2=1 b3=1 a2=1 a3=1 threads=16 calls=1 elapsed_us=632
GGML_CPU_SHAPE_PROFILE phase=repack_pack_thread name=Kcur-15 a=blk.15.attn_k.weight at=q4_0 bt=f32 k=2560 m=512 n=21 b2=1 b3=1 a2=1 a3=1 threads=16 calls=16 elapsed_us=30
GGML_CPU_SHAPE_PROFILE phase=node_wall name=node_830 a=blk.14.attn_output.weight at=q4_0 bt=f32 k=2048 m=2560 n=1 b2=1 b3=1 a2=1 a3=1 threads=8 calls=127 elapsed_us=9511
GGML_CPU_SHAPE_PROFILE phase=repack_pack_thread name=node_1294 a=blk.22.proj.weight at=q4_0 bt=f32 k=256 m=2560 n=4 b2=1 b3=1 a2=1 a3=1 threads=8 calls=8 elapsed_us=0
GGML_CPU_SHAPE_PROFILE phase=node_wall name=kq-15 a=cache_k_l15 (view) (permuted) at=f16 bt=f32 k=256 m=768 n=21 b2=8 b3=1 a2=2 a3=1 threads=16 calls=1 elapsed_us=1277
GGML_CPU_SHAPE_PROFILE phase=repack_pack_thread name=Vcur-12 a=blk.12.attn_v.weight at=q4_0 bt=f32 k=2560 m=512 n=2 b2=1 b3=1 a2=1 a3=1 threads=8 calls=8 elapsed_us=3
GGML_CPU_SHAPE_PROFILE phase=node_wall name=ffn_up-28 a=blk.28.ffn_up.weight at=q4_0 bt=f32 k=2560 m=10240 n=21 b2=1 b3=1 a2=1 a3=1 threads=16 calls=1 elapsed_us=2104
GGML_CPU_SHAPE_PROFILE phase=node_wall name=node_1949 a=blk.38.proj.weight at=q4_0 bt=f32 k=256 m=2560 n=1 b2=1 b3=1 a2=1 a3=1 threads=8 calls=127 elapsed_us=2855
GGML_CPU_SHAPE_PROFILE phase=node_wall name=kqv-15 a=cache_v_l15 (view) (permuted) at=f16 bt=f32 k=768 m=256 n=21 b2=8 b3=1 a2=2 a3=1 threads=16 calls=1 elapsed_us=2024
GGML_CPU_SHAPE_PROFILE phase=node_wall name=ffn_up-14 a=blk.14.ffn_up.weight at=q4_0 bt=f32 k=2560 m=10240 n=2 b2=1 b3=1 a2=1 a3=1 threads=8 calls=1 elapsed_us=488
GGML_CPU_SHAPE_PROFILE phase=node_wall name=node_2065 a=blk.41.inp_gate.weight at=q4_0 bt=f32 k=2560 m=256 n=21 b2=1 b3=1 a2=1 a3=1 threads=16 calls=1 elapsed_us=112
GGML_CPU_SHAPE_PROFILE phase=repack_pack_thread name=ffn_gate-15 a=blk.15.ffn_gate.weight at=q4_0 bt=f32 k=2560 m=10240 n=21 b2=1 b3=1 a2=1 a3=1 threads=16 calls=16 elapsed_us=38
GGML_CPU_SHAPE_PROFILE phase=node_wall name=ffn_gate-15 a=blk.15.ffn_gate.weight at=q4_0 bt=f32 k=2560 m=10240 n=21 b2=1 b3=1 a2=1 a3=1 threads=16 calls=1 elapsed_us=2578
GGML_CPU_SHAPE_PROFILE phase=node_wall name=ffn_out-15 a=blk.15.ffn_down.weight at=q4_0 bt=f32 k=10240 m=2560 n=21 b2=1 b3=1 a2=1 a3=1 threads=16 calls=1 elapsed_us=1652
GGML_CPU_SHAPE_PROFILE phase=generic_pack_thread name=kq-15 a=cache_k_l15 (view) (permuted) at=f16 bt=f32 k=256 m=768 n=21 b2=8 b3=1 a2=2 a3=1 threads=16 calls=16 elapsed_us=155
GGML_CPU_SHAPE_PROFILE phase=node_wall name=node_899 a=blk.15.inp_gate.weight at=q4_0 bt=f32 k=2560 m=256 n=21 b2=1 b3=1 a2=1 a3=1 threads=16 calls=1 elapsed_us=138
GGML_CPU_SHAPE_PROFILE phase=node_wall name=node_903 a=blk.15.proj.weight at=q4_0 bt=f32 k=256 m=2560 n=21 b2=1 b3=1 a2=1 a3=1 threads=16 calls=1 elapsed_us=182
GGML_CPU_SHAPE_PROFILE phase=node_wall name=Qcur-8 a=blk.8.attn_q.weight at=q4_0 bt=f32 k=2560 m=2048 n=4 b2=1 b3=1 a2=1 a3=1 threads=8 calls=1 elapsed_us=148
GGML_CPU_SHAPE_PROFILE phase=generic_pack_thread name=kqv-2 a=cache_v_l2 (view) (permuted) at=f16 bt=f32 k=768 m=256 n=4 b2=8 b3=1 a2=2 a3=1 threads=8 calls=8 elapsed_us=30
GGML_CPU_SHAPE_PROFILE phase=repack_pack_thread name=ffn_up-5 a=blk.5.ffn_up.weight at=q4_0 bt=f32 k=2560 m=10240 n=2 b2=1 b3=1 a2=1 a3=1 threads=8 calls=8 elapsed_us=4
GGML_CPU_SHAPE_PROFILE phase=repack_pack_thread name=Qcur-16 a=blk.16.attn_q.weight at=q4_0 bt=f32 k=2560 m=2048 n=21 b2=1 b3=1 a2=1 a3=1 threads=16 calls=16 elapsed_us=36
GGML_CPU_SHAPE_PROFILE phase=node_wall name=Qcur-16 a=blk.16.attn_q.weight at=q4_0 bt=f32 k=2560 m=2048 n=21 b2=1 b3=1 a2=1 a3=1 threads=16 calls=1 elapsed_us=470
GGML_CPU_SHAPE_PROFILE phase=generic_pack_thread name=kq-16 a=cache_k_l16 (view) (permuted) at=f16 bt=f32 k=256 m=768 n=21 b2=8 b3=1 a2=2 a3=1 threads=16 calls=16 elapsed_us=192
GGML_CPU_SHAPE_PROFILE phase=generic_pack_thread name=kq-7 a=cache_k_l7 (view) (permuted) at=f16 bt=f32 k=256 m=768 n=4 b2=8 b3=1 a2=2 a3=1 threads=8 calls=8 elapsed_us=20
GGML_CPU_SHAPE_PROFILE phase=repack_pack_thread name=node_1178 a=blk.20.inp_gate.weight at=q4_0 bt=f32 k=2560 m=256 n=4 b2=1 b3=1 a2=1 a3=1 threads=8 calls=8 elapsed_us=2
GGML_CPU_SHAPE_PROFILE phase=generic_pack_thread name=kqv-0 a=cache_v_l0 (view) (permuted) at=f16 bt=f32 k=768 m=256 n=21 b2=8 b3=1 a2=2 a3=1 threads=16 calls=16 elapsed_us=3829
GGML_CPU_SHAPE_PROFILE phase=node_wall name=kqv-16 a=cache_v_l16 (view) (permuted) at=f16 bt=f32 k=768 m=256 n=21 b2=8 b3=1 a2=2 a3=1 threads=16 calls=1 elapsed_us=394
GGML_CPU_SHAPE_PROFILE phase=repack_pack_thread name=ffn_up-19 a=blk.19.ffn_up.weight at=q4_0 bt=f32 k=2560 m=10240 n=1 b2=1 b3=1 a2=1 a3=1 threads=8 calls=1016 elapsed_us=201
GGML_CPU_SHAPE_PROFILE phase=node_wall name=node_942 a=blk.16.attn_output.weight at=q4_0 bt=f32 k=2048 m=2560 n=21 b2=1 b3=1 a2=1 a3=1 threads=16 calls=1 elapsed_us=358
GGML_CPU_SHAPE_PROFILE phase=repack_pack_thread name=node_1585 a=blk.29.inp_gate.weight at=q4_0 bt=f32 k=2560 m=256 n=4 b2=1 b3=1 a2=1 a3=1 threads=8 calls=8 elapsed_us=2
GGML_CPU_SHAPE_PROFILE phase=repack_pack_thread name=ffn_up-16 a=blk.16.ffn_up.weight at=q4_0 bt=f32 k=2560 m=10240 n=21 b2=1 b3=1 a2=1 a3=1 threads=16 calls=16 elapsed_us=41
GGML_CPU_SHAPE_PROFILE phase=node_wall name=ffn_up-16 a=blk.16.ffn_up.weight at=q4_0 bt=f32 k=2560 m=10240 n=21 b2=1 b3=1 a2=1 a3=1 threads=16 calls=1 elapsed_us=1641
GGML_CPU_SHAPE_PROFILE phase=repack_pack_thread name=ffn_gate-22 a=blk.22.ffn_gate.weight at=q4_0 bt=f32 k=2560 m=10240 n=21 b2=1 b3=1 a2=1 a3=1 threads=16 calls=16 elapsed_us=30
GGML_CPU_SHAPE_PROFILE phase=repack_pack_thread name=node_1332 a=blk.23.attn_output.weight at=q4_0 bt=f32 k=4096 m=2560 n=1 b2=1 b3=1 a2=1 a3=1 threads=8 calls=1016 elapsed_us=391
GGML_CPU_SHAPE_PROFILE phase=node_wall name=node_1789 a=blk.34.proj.weight at=q4_0 bt=f32 k=256 m=2560 n=2 b2=1 b3=1 a2=1 a3=1 threads=8 calls=1 elapsed_us=26
GGML_CPU_SHAPE_PROFILE phase=node_wall name=kq-15 a=cache_k_l15 (view) (permuted) at=f16 bt=f32 k=256 m=256 n=2 b2=8 b3=1 a2=2 a3=1 threads=8 calls=1 elapsed_us=42
GGML_CPU_SHAPE_PROFILE phase=repack_pack_thread name=ffn_up-22 a=blk.22.ffn_up.weight at=q4_0 bt=f32 k=2560 m=10240 n=4 b2=1 b3=1 a2=1 a3=1 threads=8 calls=8 elapsed_us=3
GGML_CPU_SHAPE_PROFILE phase=node_wall name=ffn_out-16 a=blk.16.ffn_down.weight at=q4_0 bt=f32 k=10240 m=2560 n=21 b2=1 b3=1 a2=1 a3=1 threads=16 calls=1 elapsed_us=1652
GGML_CPU_SHAPE_PROFILE phase=node_wall name=Vcur-10 a=blk.10.attn_v.weight at=q4_0 bt=f32 k=2560 m=512 n=1 b2=1 b3=1 a2=1 a3=1 threads=8 calls=127 elapsed_us=3742
GGML_CPU_SHAPE_PROFILE phase=node_wall name=node_955 a=blk.16.inp_gate.weight at=q4_0 bt=f32 k=2560 m=256 n=21 b2=1 b3=1 a2=1 a3=1 threads=16 calls=1 elapsed_us=86
GGML_CPU_SHAPE_PROFILE phase=generic_pack_thread name=kq-37 a=cache_k_l22 (view) (permuted) at=f16 bt=f32 k=256 m=768 n=21 b2=8 b3=1 a2=2 a3=1 threads=16 calls=16 elapsed_us=221
GGML_CPU_SHAPE_PROFILE phase=node_wall name=Kcur-6 a=blk.6.attn_k.weight at=q4_0 bt=f32 k=2560 m=512 n=4 b2=1 b3=1 a2=1 a3=1 threads=8 calls=1 elapsed_us=48
GGML_CPU_SHAPE_PROFILE phase=generic_pack_thread name=kq-19 a=cache_k_l19 (view) (permuted) at=f16 bt=f32 k=256 m=768 n=4 b2=8 b3=1 a2=2 a3=1 threads=8 calls=8 elapsed_us=14
GGML_CPU_SHAPE_PROFILE phase=node_wall name=node_1585 a=blk.29.inp_gate.weight at=q4_0 bt=f32 k=2560 m=256 n=4 b2=1 b3=1 a2=1 a3=1 threads=8 calls=1 elapsed_us=32
GGML_CPU_SHAPE_PROFILE phase=node_wall name=node_1825 a=blk.35.inp_gate.weight at=q4_0 bt=f32 k=2560 m=256 n=1 b2=1 b3=1 a2=1 a3=1 threads=8 calls=127 elapsed_us=3375
GGML_CPU_SHAPE_PROFILE phase=repack_pack_thread name=ffn_up-14 a=blk.14.ffn_up.weight at=q4_0 bt=f32 k=2560 m=10240 n=4 b2=1 b3=1 a2=1 a3=1 threads=8 calls=8 elapsed_us=3
GGML_CPU_SHAPE_PROFILE phase=repack_pack_thread name=Qcur-17 a=blk.17.attn_q.weight at=q4_0 bt=f32 k=2560 m=4096 n=21 b2=1 b3=1 a2=1 a3=1 threads=16 calls=16 elapsed_us=37
GGML_CPU_SHAPE_PROFILE phase=node_wall name=node_1509 a=blk.27.proj.weight at=q4_0 bt=f32 k=256 m=2560 n=4 b2=1 b3=1 a2=1 a3=1 threads=8 calls=1 elapsed_us=26
GGML_CPU_SHAPE_PROFILE phase=repack_pack_thread name=ffn_out-30 a=blk.30.ffn_down.weight at=q4_0 bt=f32 k=10240 m=2560 n=21 b2=1 b3=1 a2=1 a3=1 threads=16 calls=16 elapsed_us=151
GGML_CPU_SHAPE_PROFILE phase=repack_pack_thread name=Vcur-17 a=blk.17.attn_v.weight at=q4_0 bt=f32 k=2560 m=1024 n=21 b2=1 b3=1 a2=1 a3=1 threads=16 calls=16 elapsed_us=36
GGML_CPU_SHAPE_PROFILE phase=repack_pack_thread name=Qcur-25 a=blk.25.attn_q.weight at=q4_0 bt=f32 k=2560 m=2048 n=4 b2=1 b3=1 a2=1 a3=1 threads=8 calls=8 elapsed_us=3
GGML_CPU_SHAPE_PROFILE phase=node_wall name=node_774 a=blk.13.attn_output.weight at=q4_0 bt=f32 k=2048 m=2560 n=21 b2=1 b3=1 a2=1 a3=1 threads=16 calls=1 elapsed_us=694
GGML_CPU_SHAPE_PROFILE phase=node_wall name=Vcur-17 a=blk.17.attn_v.weight at=q4_0 bt=f32 k=2560 m=1024 n=21 b2=1 b3=1 a2=1 a3=1 threads=16 calls=1 elapsed_us=701
GGML_CPU_SHAPE_PROFILE phase=generic_pack_thread name=kqv-11 a=cache_v_l11 (view) (permuted) at=f16 bt=f32 k=64768 m=512 n=4 b2=8 b3=1 a2=2 a3=1 threads=8 calls=8 elapsed_us=1052
GGML_CPU_SHAPE_PROFILE phase=node_wall name=kq-11 a=cache_k_l11 (view) (permuted) at=f16 bt=f32 k=512 m=256 n=2 b2=8 b3=1 a2=2 a3=1 threads=8 calls=1 elapsed_us=65
GGML_CPU_SHAPE_PROFILE phase=node_wall name=kq-17 a=cache_k_l17 (view) (permuted) at=f16 bt=f32 k=512 m=64768 n=21 b2=8 b3=1 a2=2 a3=1 threads=16 calls=1 elapsed_us=37543
GGML_CPU_SHAPE_PROFILE phase=repack_pack_thread name=node_117 a=blk.1.inp_gate.weight at=q4_0 bt=f32 k=2560 m=256 n=1 b2=1 b3=1 a2=1 a3=1 threads=8 calls=1016 elapsed_us=198
GGML_CPU_SHAPE_PROFILE phase=node_wall name=node_997 a=blk.17.attn_output.weight at=q4_0 bt=f32 k=4096 m=2560 n=21 b2=1 b3=1 a2=1 a3=1 threads=16 calls=1 elapsed_us=985
GGML_CPU_SHAPE_PROFILE phase=repack_pack_thread name=ffn_gate-17 a=blk.17.ffn_gate.weight at=q4_0 bt=f32 k=2560 m=10240 n=21 b2=1 b3=1 a2=1 a3=1 threads=16 calls=16 elapsed_us=38
GGML_CPU_SHAPE_PROFILE phase=node_wall name=ffn_gate-17 a=blk.17.ffn_gate.weight at=q4_0 bt=f32 k=2560 m=10240 n=21 b2=1 b3=1 a2=1 a3=1 threads=16 calls=1 elapsed_us=1732
GGML_CPU_SHAPE_PROFILE phase=node_wall name=node_1745 a=blk.33.inp_gate.weight at=q4_0 bt=f32 k=2560 m=256 n=21 b2=1 b3=1 a2=1 a3=1 threads=16 calls=1 elapsed_us=196
GGML_CPU_SHAPE_PROFILE phase=node_wall name=ffn_out-13 a=blk.13.ffn_down.weight at=q4_0 bt=f32 k=10240 m=2560 n=1 b2=1 b3=1 a2=1 a3=1 threads=8 calls=127 elapsed_us=41143
GGML_CPU_SHAPE_PROFILE phase=node_wall name=ffn_up-17 a=blk.17.ffn_up.weight at=q4_0 bt=f32 k=2560 m=10240 n=21 b2=1 b3=1 a2=1 a3=1 threads=16 calls=1 elapsed_us=1706
GGML_CPU_SHAPE_PROFILE phase=repack_pack_thread name=ffn_out-17 a=blk.17.ffn_down.weight at=q4_0 bt=f32 k=10240 m=2560 n=21 b2=1 b3=1 a2=1 a3=1 threads=16 calls=16 elapsed_us=151
GGML_CPU_SHAPE_PROFILE phase=repack_pack_thread name=node_1014 a=blk.17.proj.weight at=q4_0 bt=f32 k=256 m=2560 n=21 b2=1 b3=1 a2=1 a3=1 threads=16 calls=16 elapsed_us=5
GGML_CPU_SHAPE_PROFILE phase=node_wall name=ffn_gate-6 a=blk.6.ffn_gate.weight at=q4_0 bt=f32 k=2560 m=10240 n=21 b2=1 b3=1 a2=1 a3=1 threads=16 calls=1 elapsed_us=2329
GGML_CPU_SHAPE_PROFILE phase=node_wall name=node_1014 a=blk.17.proj.weight at=q4_0 bt=f32 k=256 m=2560 n=21 b2=1 b3=1 a2=1 a3=1 threads=16 calls=1 elapsed_us=66
GGML_CPU_SHAPE_PROFILE phase=generic_pack_thread name=kqv-24 a=cache_v_l22 (view) (permuted) at=f16 bt=f32 k=256 m=256 n=2 b2=8 b3=1 a2=2 a3=1 threads=8 calls=8 elapsed_us=4
GGML_CPU_SHAPE_PROFILE phase=repack_pack_thread name=Qcur-18 a=blk.18.attn_q.weight at=q4_0 bt=f32 k=2560 m=2048 n=21 b2=1 b3=1 a2=1 a3=1 threads=16 calls=16 elapsed_us=37
GGML_CPU_SHAPE_PROFILE phase=node_wall name=Qcur-18 a=blk.18.attn_q.weight at=q4_0 bt=f32 k=2560 m=2048 n=21 b2=1 b3=1 a2=1 a3=1 threads=16 calls=1 elapsed_us=359
GGML_CPU_SHAPE_PROFILE phase=repack_pack_thread name=ffn_up-40 a=blk.40.ffn_up.weight at=q4_0 bt=f32 k=2560 m=10240 n=21 b2=1 b3=1 a2=1 a3=1 threads=16 calls=16 elapsed_us=26
GGML_CPU_SHAPE_PROFILE phase=generic_pack_thread name=kq-0 a=cache_k_l0 (view) (permuted) at=f16 bt=f32 k=256 m=768 n=21 b2=8 b3=1 a2=2 a3=1 threads=16 calls=16 elapsed_us=1096
GGML_CPU_SHAPE_PROFILE phase=node_wall name=node_104 a=blk.1.attn_output.weight at=q4_0 bt=f32 k=2048 m=2560 n=21 b2=1 b3=1 a2=1 a3=1 threads=16 calls=1 elapsed_us=425
GGML_CPU_SHAPE_PROFILE phase=repack_pack_thread name=node_1549 a=blk.28.proj.weight at=q4_0 bt=f32 k=256 m=2560 n=4 b2=1 b3=1 a2=1 a3=1 threads=8 calls=8 elapsed_us=0
GGML_CPU_SHAPE_PROFILE phase=repack_pack_thread name=Kcur-13 a=blk.13.attn_k.weight at=q4_0 bt=f32 k=2560 m=512 n=1 b2=1 b3=1 a2=1 a3=1 threads=8 calls=1016 elapsed_us=200
GGML_CPU_SHAPE_PROFILE phase=node_wall name=Kcur-18 a=blk.18.attn_k.weight at=q4_0 bt=f32 k=2560 m=512 n=21 b2=1 b3=1 a2=1 a3=1 threads=16 calls=1 elapsed_us=104
GGML_CPU_SHAPE_PROFILE phase=generic_pack_thread name=kqv-27 a=cache_v_l22 (view) (permuted) at=f16 bt=f32 k=768 m=256 n=4 b2=8 b3=1 a2=2 a3=1 threads=8 calls=8 elapsed_us=32
GGML_CPU_SHAPE_PROFILE phase=repack_pack_thread name=Vcur-18 a=blk.18.attn_v.weight at=q4_0 bt=f32 k=2560 m=512 n=21 b2=1 b3=1 a2=1 a3=1 threads=16 calls=16 elapsed_us=33
GGML_CPU_SHAPE_PROFILE phase=node_wall name=kq-18 a=cache_k_l18 (view) (permuted) at=f16 bt=f32 k=256 m=768 n=21 b2=8 b3=1 a2=2 a3=1 threads=16 calls=1 elapsed_us=276
GGML_CPU_SHAPE_PROFILE phase=generic_pack_thread name=kqv-18 a=cache_v_l18 (view) (permuted) at=f16 bt=f32 k=768 m=256 n=21 b2=8 b3=1 a2=2 a3=1 threads=16 calls=16 elapsed_us=325
GGML_CPU_SHAPE_PROFILE phase=node_wall name=kqv-22 a=cache_v_l22 (view) (permuted) at=f16 bt=f32 k=768 m=256 n=21 b2=8 b3=1 a2=2 a3=1 threads=16 calls=1 elapsed_us=386
GGML_CPU_SHAPE_PROFILE phase=node_wall name=kqv-18 a=cache_v_l18 (view) (permuted) at=f16 bt=f32 k=768 m=256 n=21 b2=8 b3=1 a2=2 a3=1 threads=16 calls=1 elapsed_us=393
GGML_CPU_SHAPE_PROFILE phase=node_wall name=node_1532 a=blk.28.attn_output.weight at=q4_0 bt=f32 k=2048 m=2560 n=1 b2=1 b3=1 a2=1 a3=1 threads=8 calls=127 elapsed_us=9620
GGML_CPU_SHAPE_PROFILE phase=repack_pack_thread name=node_1053 a=blk.18.attn_output.weight at=q4_0 bt=f32 k=2048 m=2560 n=21 b2=1 b3=1 a2=1 a3=1 threads=16 calls=16 elapsed_us=34
GGML_CPU_SHAPE_PROFILE phase=repack_pack_thread name=ffn_out-15 a=blk.15.ffn_down.weight at=q4_0 bt=f32 k=10240 m=2560 n=21 b2=1 b3=1 a2=1 a3=1 threads=16 calls=16 elapsed_us=117
GGML_CPU_SHAPE_PROFILE phase=node_wall name=Kcur-8 a=blk.8.attn_k.weight at=q4_0 bt=f32 k=2560 m=512 n=21 b2=1 b3=1 a2=1 a3=1 threads=16 calls=1 elapsed_us=219
GGML_CPU_SHAPE_PROFILE phase=node_wall name=node_1053 a=blk.18.attn_output.weight at=q4_0 bt=f32 k=2048 m=2560 n=21 b2=1 b3=1 a2=1 a3=1 threads=16 calls=1 elapsed_us=360
GGML_CPU_SHAPE_PROFILE phase=node_wall name=ffn_up-41 a=blk.41.ffn_up.weight at=q4_0 bt=f32 k=2560 m=10240 n=2 b2=1 b3=1 a2=1 a3=1 threads=8 calls=1 elapsed_us=520
GGML_CPU_SHAPE_PROFILE phase=generic_pack_thread name=kq-8 a=cache_k_l8 (view) (permuted) at=f16 bt=f32 k=256 m=768 n=4 b2=8 b3=1 a2=2 a3=1 threads=8 calls=8 elapsed_us=22
GGML_CPU_SHAPE_PROFILE phase=repack_pack_thread name=ffn_up-17 a=blk.17.ffn_up.weight at=q4_0 bt=f32 k=2560 m=10240 n=4 b2=1 b3=1 a2=1 a3=1 threads=8 calls=8 elapsed_us=2
GGML_CPU_SHAPE_PROFILE phase=generic_pack_thread name=kqv-20 a=cache_v_l20 (view) (permuted) at=f16 bt=f32 k=768 m=256 n=4 b2=8 b3=1 a2=2 a3=1 threads=8 calls=8 elapsed_us=34
GGML_CPU_SHAPE_PROFILE phase=repack_pack_thread name=Qcur-15 a=blk.15.attn_q.weight at=q4_0 bt=f32 k=2560 m=2048 n=2 b2=1 b3=1 a2=1 a3=1 threads=8 calls=8 elapsed_us=2
GGML_CPU_SHAPE_PROFILE phase=node_wall name=node_1492 a=blk.27.attn_output.weight at=q4_0 bt=f32 k=2048 m=2560 n=2 b2=1 b3=1 a2=1 a3=1 threads=8 calls=1 elapsed_us=114
GGML_CPU_SHAPE_PROFILE phase=node_wall name=node_1389 a=blk.24.proj.weight at=q4_0 bt=f32 k=256 m=2560 n=4 b2=1 b3=1 a2=1 a3=1 threads=8 calls=1 elapsed_us=26
GGML_CPU_SHAPE_PROFILE phase=node_wall name=ffn_gate-18 a=blk.18.ffn_gate.weight at=q4_0 bt=f32 k=2560 m=10240 n=21 b2=1 b3=1 a2=1 a3=1 threads=16 calls=1 elapsed_us=1843
GGML_CPU_SHAPE_PROFILE phase=node_wall name=kq-21 a=cache_k_l21 (view) (permuted) at=f16 bt=f32 k=256 m=768 n=21 b2=8 b3=1 a2=2 a3=1 threads=16 calls=1 elapsed_us=272
GGML_CPU_SHAPE_PROFILE phase=repack_pack_thread name=ffn_up-18 a=blk.18.ffn_up.weight at=q4_0 bt=f32 k=2560 m=10240 n=21 b2=1 b3=1 a2=1 a3=1 threads=16 calls=16 elapsed_us=40
GGML_CPU_SHAPE_PROFILE phase=node_wall name=node_1277 a=blk.22.attn_output.weight at=q4_0 bt=f32 k=2048 m=2560 n=21 b2=1 b3=1 a2=1 a3=1 threads=16 calls=1 elapsed_us=361
GGML_CPU_SHAPE_PROFILE phase=node_wall name=ffn_gate-16 a=blk.16.ffn_gate.weight at=q4_0 bt=f32 k=2560 m=10240 n=21 b2=1 b3=1 a2=1 a3=1 threads=16 calls=1 elapsed_us=1629
GGML_CPU_SHAPE_PROFILE phase=repack_pack_thread name=node_662 a=blk.11.attn_output.weight at=q4_0 bt=f32 k=4096 m=2560 n=4 b2=1 b3=1 a2=1 a3=1 threads=8 calls=8 elapsed_us=5
GGML_CPU_SHAPE_PROFILE phase=node_wall name=node_117 a=blk.1.inp_gate.weight at=q4_0 bt=f32 k=2560 m=256 n=2 b2=1 b3=1 a2=1 a3=1 threads=8 calls=1 elapsed_us=37
GGML_CPU_SHAPE_PROFILE phase=node_wall name=ffn_up-18 a=blk.18.ffn_up.weight at=q4_0 bt=f32 k=2560 m=10240 n=21 b2=1 b3=1 a2=1 a3=1 threads=16 calls=1 elapsed_us=1639
GGML_CPU_SHAPE_PROFILE phase=generic_pack_thread name=kq-15 a=cache_k_l15 (view) (permuted) at=f16 bt=f32 k=256 m=256 n=2 b2=8 b3=1 a2=2 a3=1 threads=8 calls=8 elapsed_us=8
GGML_CPU_SHAPE_PROFILE phase=repack_pack_thread name=ffn_out-18 a=blk.18.ffn_down.weight at=q4_0 bt=f32 k=10240 m=2560 n=21 b2=1 b3=1 a2=1 a3=1 threads=16 calls=16 elapsed_us=144
GGML_CPU_SHAPE_PROFILE phase=generic_pack_thread name=kqv-26 a=cache_v_l22 (view) (permuted) at=f16 bt=f32 k=768 m=256 n=1 b2=8 b3=1 a2=2 a3=1 threads=8 calls=1016 elapsed_us=1836
GGML_CPU_SHAPE_PROFILE phase=node_wall name=ffn_out-18 a=blk.18.ffn_down.weight at=q4_0 bt=f32 k=10240 m=2560 n=21 b2=1 b3=1 a2=1 a3=1 threads=16 calls=1 elapsed_us=1673
GGML_CPU_SHAPE_PROFILE phase=node_wall name=node_2065 a=blk.41.inp_gate.weight at=q4_0 bt=f32 k=2560 m=256 n=4 b2=1 b3=1 a2=1 a3=1 threads=8 calls=1 elapsed_us=369
GGML_CPU_SHAPE_PROFILE phase=repack_pack_thread name=node_1066 a=blk.18.inp_gate.weight at=q4_0 bt=f32 k=2560 m=256 n=21 b2=1 b3=1 a2=1 a3=1 threads=16 calls=16 elapsed_us=39
GGML_CPU_SHAPE_PROFILE phase=node_wall name=node_1066 a=blk.18.inp_gate.weight at=q4_0 bt=f32 k=2560 m=256 n=21 b2=1 b3=1 a2=1 a3=1 threads=16 calls=1 elapsed_us=141
GGML_CPU_SHAPE_PROFILE phase=repack_pack_thread name=Qcur-4 a=blk.4.attn_q.weight at=q4_0 bt=f32 k=2560 m=2048 n=4 b2=1 b3=1 a2=1 a3=1 threads=8 calls=8 elapsed_us=3
GGML_CPU_SHAPE_PROFILE phase=generic_pack_thread name=kq-25 a=cache_k_l22 (view) (permuted) at=f16 bt=f32 k=256 m=768 n=4 b2=8 b3=1 a2=2 a3=1 threads=8 calls=8 elapsed_us=18
GGML_CPU_SHAPE_PROFILE phase=node_wall name=Qcur-19 a=blk.19.attn_q.weight at=q4_0 bt=f32 k=2560 m=2048 n=21 b2=1 b3=1 a2=1 a3=1 threads=16 calls=1 elapsed_us=520
GGML_CPU_SHAPE_PROFILE phase=node_wall name=ffn_gate-37 a=blk.37.ffn_gate.weight at=q4_0 bt=f32 k=2560 m=10240 n=1 b2=1 b3=1 a2=1 a3=1 threads=8 calls=127 elapsed_us=40086
GGML_CPU_SHAPE_PROFILE phase=node_wall name=Kcur-19 a=blk.19.attn_k.weight at=q4_0 bt=f32 k=2560 m=512 n=21 b2=1 b3=1 a2=1 a3=1 threads=16 calls=1 elapsed_us=131
GGML_CPU_SHAPE_PROFILE phase=node_wall name=node_160 a=blk.2.attn_output.weight at=q4_0 bt=f32 k=2048 m=2560 n=1 b2=1 b3=1 a2=1 a3=1 threads=8 calls=127 elapsed_us=9639
GGML_CPU_SHAPE_PROFILE phase=node_wall name=node_1852 a=blk.36.attn_output.weight at=q4_0 bt=f32 k=2048 m=2560 n=21 b2=1 b3=1 a2=1 a3=1 threads=16 calls=1 elapsed_us=549
GGML_CPU_SHAPE_PROFILE phase=node_wall name=Vcur-19 a=blk.19.attn_v.weight at=q4_0 bt=f32 k=2560 m=512 n=21 b2=1 b3=1 a2=1 a3=1 threads=16 calls=1 elapsed_us=106
GGML_CPU_SHAPE_PROFILE phase=generic_pack_thread name=kq-19 a=cache_k_l19 (view) (permuted) at=f16 bt=f32 k=256 m=768 n=21 b2=8 b3=1 a2=2 a3=1 threads=16 calls=16 elapsed_us=203
GGML_CPU_SHAPE_PROFILE phase=node_wall name=kq-19 a=cache_k_l19 (view) (permuted) at=f16 bt=f32 k=256 m=768 n=21 b2=8 b3=1 a2=2 a3=1 threads=16 calls=1 elapsed_us=278
GGML_CPU_SHAPE_PROFILE phase=generic_pack_thread name=kqv-19 a=cache_v_l19 (view) (permuted) at=f16 bt=f32 k=768 m=256 n=21 b2=8 b3=1 a2=2 a3=1 threads=16 calls=16 elapsed_us=307
GGML_CPU_SHAPE_PROFILE phase=node_wall name=kqv-19 a=cache_v_l19 (view) (permuted) at=f16 bt=f32 k=768 m=256 n=21 b2=8 b3=1 a2=2 a3=1 threads=16 calls=1 elapsed_us=1553
GGML_CPU_SHAPE_PROFILE phase=repack_pack_thread name=Qcur-21 a=blk.21.attn_q.weight at=q4_0 bt=f32 k=2560 m=2048 n=2 b2=1 b3=1 a2=1 a3=1 threads=8 calls=8 elapsed_us=3
GGML_CPU_SHAPE_PROFILE phase=node_wall name=node_1612 a=blk.30.attn_output.weight at=q4_0 bt=f32 k=2048 m=2560 n=21 b2=1 b3=1 a2=1 a3=1 threads=16 calls=1 elapsed_us=605
GGML_CPU_SHAPE_PROFILE phase=generic_pack_thread name=kq-35 a=cache_k_l23 (view) (permuted) at=f16 bt=f32 k=512 m=64768 n=21 b2=8 b3=1 a2=2 a3=1 threads=16 calls=16 elapsed_us=305
GGML_CPU_SHAPE_PROFILE phase=repack_pack_thread name=node_1109 a=blk.19.attn_output.weight at=q4_0 bt=f32 k=2048 m=2560 n=21 b2=1 b3=1 a2=1 a3=1 threads=16 calls=16 elapsed_us=32
GGML_CPU_SHAPE_PROFILE phase=repack_pack_thread name=Kcur-20 a=blk.20.attn_k.weight at=q4_0 bt=f32 k=2560 m=512 n=1 b2=1 b3=1 a2=1 a3=1 threads=8 calls=1016 elapsed_us=192
GGML_CPU_SHAPE_PROFILE phase=node_wall name=node_1109 a=blk.19.attn_output.weight at=q4_0 bt=f32 k=2048 m=2560 n=21 b2=1 b3=1 a2=1 a3=1 threads=16 calls=1 elapsed_us=609
GGML_CPU_SHAPE_PROFILE phase=repack_pack_thread name=Qcur-11 a=blk.11.attn_q.weight at=q4_0 bt=f32 k=2560 m=4096 n=4 b2=1 b3=1 a2=1 a3=1 threads=8 calls=8 elapsed_us=3
GGML_CPU_SHAPE_PROFILE phase=generic_pack_thread name=kqv-5 a=cache_v_l5 (view) (permuted) at=f16 bt=f32 k=64768 m=512 n=1 b2=8 b3=1 a2=2 a3=1 threads=8 calls=680 elapsed_us=23895
GGML_CPU_SHAPE_PROFILE phase=repack_pack_thread name=Kcur-21 a=blk.21.attn_k.weight at=q4_0 bt=f32 k=2560 m=512 n=4 b2=1 b3=1 a2=1 a3=1 threads=8 calls=8 elapsed_us=3
GGML_CPU_SHAPE_PROFILE phase=repack_pack_thread name=ffn_gate-19 a=blk.19.ffn_gate.weight at=q4_0 bt=f32 k=2560 m=10240 n=21 b2=1 b3=1 a2=1 a3=1 threads=16 calls=16 elapsed_us=37
GGML_CPU_SHAPE_PROFILE phase=node_wall name=ffn_gate-19 a=blk.19.ffn_gate.weight at=q4_0 bt=f32 k=2560 m=10240 n=21 b2=1 b3=1 a2=1 a3=1 threads=16 calls=1 elapsed_us=1702
GGML_CPU_SHAPE_PROFILE phase=node_wall name=ffn_out-1 a=blk.1.ffn_down.weight at=q4_0 bt=f32 k=10240 m=2560 n=21 b2=1 b3=1 a2=1 a3=1 threads=16 calls=1 elapsed_us=1675
GGML_CPU_SHAPE_PROFILE phase=node_wall name=Vcur-16 a=blk.16.attn_v.weight at=q4_0 bt=f32 k=2560 m=512 n=21 b2=1 b3=1 a2=1 a3=1 threads=16 calls=1 elapsed_us=331
GGML_CPU_SHAPE_PROFILE phase=node_wall name=ffn_up-19 a=blk.19.ffn_up.weight at=q4_0 bt=f32 k=2560 m=10240 n=21 b2=1 b3=1 a2=1 a3=1 threads=16 calls=1 elapsed_us=2270
GGML_CPU_SHAPE_PROFILE phase=node_wall name=ffn_up-5 a=blk.5.ffn_up.weight at=q4_0 bt=f32 k=2560 m=10240 n=4 b2=1 b3=1 a2=1 a3=1 threads=8 calls=1 elapsed_us=698
GGML_CPU_SHAPE_PROFILE phase=node_wall name=ffn_out-4 a=blk.4.ffn_down.weight at=q4_0 bt=f32 k=10240 m=2560 n=4 b2=1 b3=1 a2=1 a3=1 threads=8 calls=1 elapsed_us=710
GGML_CPU_SHAPE_PROFILE phase=node_wall name=Vcur-18 a=blk.18.attn_v.weight at=q4_0 bt=f32 k=2560 m=512 n=4 b2=1 b3=1 a2=1 a3=1 threads=8 calls=1 elapsed_us=88
GGML_CPU_SHAPE_PROFILE phase=repack_pack_thread name=ffn_out-19 a=blk.19.ffn_down.weight at=q4_0 bt=f32 k=10240 m=2560 n=21 b2=1 b3=1 a2=1 a3=1 threads=16 calls=16 elapsed_us=141
GGML_CPU_SHAPE_PROFILE phase=repack_pack_thread name=Kcur-22 a=blk.22.attn_k.weight at=q4_0 bt=f32 k=2560 m=512 n=4 b2=1 b3=1 a2=1 a3=1 threads=8 calls=8 elapsed_us=3
GGML_CPU_SHAPE_PROFILE phase=node_wall name=Qcur-23 a=blk.23.attn_q.weight at=q4_0 bt=f32 k=2560 m=4096 n=2 b2=1 b3=1 a2=1 a3=1 threads=8 calls=1 elapsed_us=196
GGML_CPU_SHAPE_PROFILE phase=node_wall name=ffn_out-19 a=blk.19.ffn_down.weight at=q4_0 bt=f32 k=10240 m=2560 n=21 b2=1 b3=1 a2=1 a3=1 threads=16 calls=1 elapsed_us=2330
GGML_CPU_SHAPE_PROFILE phase=node_wall name=node_1126 a=blk.19.proj.weight at=q4_0 bt=f32 k=256 m=2560 n=21 b2=1 b3=1 a2=1 a3=1 threads=16 calls=1 elapsed_us=206
GGML_CPU_SHAPE_PROFILE phase=repack_pack_thread name=Qcur-20 a=blk.20.attn_q.weight at=q4_0 bt=f32 k=2560 m=2048 n=21 b2=1 b3=1 a2=1 a3=1 threads=16 calls=16 elapsed_us=30
GGML_CPU_SHAPE_PROFILE phase=node_wall name=Qcur-30 a=blk.30.attn_q.weight at=q4_0 bt=f32 k=2560 m=2048 n=4 b2=1 b3=1 a2=1 a3=1 threads=8 calls=1 elapsed_us=102
GGML_CPU_SHAPE_PROFILE phase=node_wall name=Qcur-20 a=blk.20.attn_q.weight at=q4_0 bt=f32 k=2560 m=2048 n=21 b2=1 b3=1 a2=1 a3=1 threads=16 calls=1 elapsed_us=609
GGML_CPU_SHAPE_PROFILE phase=repack_pack_thread name=Kcur-20 a=blk.20.attn_k.weight at=q4_0 bt=f32 k=2560 m=512 n=21 b2=1 b3=1 a2=1 a3=1 threads=16 calls=16 elapsed_us=30
GGML_CPU_SHAPE_PROFILE phase=node_wall name=Qcur-11 a=blk.11.attn_q.weight at=q4_0 bt=f32 k=2560 m=4096 n=4 b2=1 b3=1 a2=1 a3=1 threads=8 calls=1 elapsed_us=286
GGML_CPU_SHAPE_PROFILE phase=repack_pack_thread name=Vcur-20 a=blk.20.attn_v.weight at=q4_0 bt=f32 k=2560 m=512 n=21 b2=1 b3=1 a2=1 a3=1 threads=16 calls=16 elapsed_us=30
GGML_CPU_SHAPE_PROFILE phase=repack_pack_thread name=node_216 a=blk.3.attn_output.weight at=q4_0 bt=f32 k=2048 m=2560 n=1 b2=1 b3=1 a2=1 a3=1 threads=8 calls=1016 elapsed_us=169
GGML_CPU_SHAPE_PROFILE phase=node_wall name=Qcur-34 a=blk.34.attn_q.weight at=q4_0 bt=f32 k=2560 m=2048 n=21 b2=1 b3=1 a2=1 a3=1 threads=16 calls=1 elapsed_us=546
GGML_CPU_SHAPE_PROFILE phase=node_wall name=Vcur-20 a=blk.20.attn_v.weight at=q4_0 bt=f32 k=2560 m=512 n=21 b2=1 b3=1 a2=1 a3=1 threads=16 calls=1 elapsed_us=103
GGML_CPU_SHAPE_PROFILE phase=node_wall name=kqv-13 a=cache_v_l13 (view) (permuted) at=f16 bt=f32 k=768 m=256 n=21 b2=8 b3=1 a2=2 a3=1 threads=16 calls=1 elapsed_us=1746
GGML_CPU_SHAPE_PROFILE phase=generic_pack_thread name=kqv-20 a=cache_v_l20 (view) (permuted) at=f16 bt=f32 k=768 m=256 n=21 b2=8 b3=1 a2=2 a3=1 threads=16 calls=16 elapsed_us=291
GGML_CPU_SHAPE_PROFILE phase=node_wall name=Kcur-2 a=blk.2.attn_k.weight at=q4_0 bt=f32 k=2560 m=512 n=2 b2=1 b3=1 a2=1 a3=1 threads=8 calls=1 elapsed_us=48
GGML_CPU_SHAPE_PROFILE phase=node_wall name=kq-16 a=cache_k_l16 (view) (permuted) at=f16 bt=f32 k=256 m=768 n=21 b2=8 b3=1 a2=2 a3=1 threads=16 calls=1 elapsed_us=354
GGML_CPU_SHAPE_PROFILE phase=repack_pack_thread name=node_1165 a=blk.20.attn_output.weight at=q4_0 bt=f32 k=2048 m=2560 n=21 b2=1 b3=1 a2=1 a3=1 threads=16 calls=16 elapsed_us=29
GGML_CPU_SHAPE_PROFILE phase=node_wall name=ffn_gate-36 a=blk.36.ffn_gate.weight at=q4_0 bt=f32 k=2560 m=10240 n=1 b2=1 b3=1 a2=1 a3=1 threads=8 calls=127 elapsed_us=39931
GGML_CPU_SHAPE_PROFILE phase=node_wall name=node_1612 a=blk.30.attn_output.weight at=q4_0 bt=f32 k=2048 m=2560 n=4 b2=1 b3=1 a2=1 a3=1 threads=8 calls=1 elapsed_us=97
GGML_CPU_SHAPE_PROFILE phase=repack_pack_thread name=ffn_up-20 a=blk.20.ffn_up.weight at=q4_0 bt=f32 k=2560 m=10240 n=21 b2=1 b3=1 a2=1 a3=1 threads=16 calls=16 elapsed_us=34
GGML_CPU_SHAPE_PROFILE phase=node_wall name=ffn_up-20 a=blk.20.ffn_up.weight at=q4_0 bt=f32 k=2560 m=10240 n=21 b2=1 b3=1 a2=1 a3=1 threads=16 calls=1 elapsed_us=1636
GGML_CPU_SHAPE_PROFILE phase=repack_pack_thread name=ffn_out-20 a=blk.20.ffn_down.weight at=q4_0 bt=f32 k=10240 m=2560 n=21 b2=1 b3=1 a2=1 a3=1 threads=16 calls=16 elapsed_us=125
GGML_CPU_SHAPE_PROFILE phase=generic_pack_thread name=kq-4 a=cache_k_l4 (view) (permuted) at=f16 bt=f32 k=256 m=768 n=4 b2=8 b3=1 a2=2 a3=1 threads=8 calls=8 elapsed_us=23
GGML_CPU_SHAPE_PROFILE phase=node_wall name=ffn_out-20 a=blk.20.ffn_down.weight at=q4_0 bt=f32 k=10240 m=2560 n=21 b2=1 b3=1 a2=1 a3=1 threads=16 calls=1 elapsed_us=1650
GGML_CPU_SHAPE_PROFILE phase=repack_pack_thread name=ffn_out-10 a=blk.10.ffn_down.weight at=q4_0 bt=f32 k=10240 m=2560 n=2 b2=1 b3=1 a2=1 a3=1 threads=8 calls=8 elapsed_us=19
GGML_CPU_SHAPE_PROFILE phase=repack_pack_thread name=Kcur-17 a=blk.17.attn_k.weight at=q4_0 bt=f32 k=2560 m=1024 n=4 b2=1 b3=1 a2=1 a3=1 threads=8 calls=8 elapsed_us=3
GGML_CPU_SHAPE_PROFILE phase=node_wall name=kqv-32 a=cache_v_l22 (view) (permuted) at=f16 bt=f32 k=768 m=256 n=1 b2=8 b3=1 a2=2 a3=1 threads=8 calls=127 elapsed_us=9915
GGML_CPU_SHAPE_PROFILE phase=node_wall name=node_1182 a=blk.20.proj.weight at=q4_0 bt=f32 k=256 m=2560 n=21 b2=1 b3=1 a2=1 a3=1 threads=16 calls=1 elapsed_us=66
GGML_CPU_SHAPE_PROFILE phase=node_wall name=Vcur-6 a=blk.6.attn_v.weight at=q4_0 bt=f32 k=2560 m=512 n=2 b2=1 b3=1 a2=1 a3=1 threads=8 calls=1 elapsed_us=34
GGML_CPU_SHAPE_PROFILE phase=node_wall name=Qcur-21 a=blk.21.attn_q.weight at=q4_0 bt=f32 k=2560 m=2048 n=21 b2=1 b3=1 a2=1 a3=1 threads=16 calls=1 elapsed_us=357
GGML_CPU_SHAPE_PROFILE phase=node_wall name=ffn_gate-22 a=blk.22.ffn_gate.weight at=q4_0 bt=f32 k=2560 m=10240 n=2 b2=1 b3=1 a2=1 a3=1 threads=8 calls=1 elapsed_us=480
GGML_CPU_SHAPE_PROFILE phase=node_wall name=Kcur-21 a=blk.21.attn_k.weight at=q4_0 bt=f32 k=2560 m=512 n=21 b2=1 b3=1 a2=1 a3=1 threads=16 calls=1 elapsed_us=106
GGML_CPU_SHAPE_PROFILE phase=node_wall name=ffn_gate-39 a=blk.39.ffn_gate.weight at=q4_0 bt=f32 k=2560 m=10240 n=4 b2=1 b3=1 a2=1 a3=1 threads=8 calls=1 elapsed_us=708
GGML_CPU_SHAPE_PROFILE phase=repack_pack_thread name=Kcur-10 a=blk.10.attn_k.weight at=q4_0 bt=f32 k=2560 m=512 n=4 b2=1 b3=1 a2=1 a3=1 threads=8 calls=8 elapsed_us=2
GGML_CPU_SHAPE_PROFILE phase=repack_pack_thread name=Kcur-7 a=blk.7.attn_k.weight at=q4_0 bt=f32 k=2560 m=512 n=21 b2=1 b3=1 a2=1 a3=1 threads=16 calls=16 elapsed_us=33
GGML_CPU_SHAPE_PROFILE phase=node_wall name=Vcur-21 a=blk.21.attn_v.weight at=q4_0 bt=f32 k=2560 m=512 n=21 b2=1 b3=1 a2=1 a3=1 threads=16 calls=1 elapsed_us=140
GGML_CPU_SHAPE_PROFILE phase=generic_pack_thread name=kq-21 a=cache_k_l21 (view) (permuted) at=f16 bt=f32 k=256 m=768 n=21 b2=8 b3=1 a2=2 a3=1 threads=16 calls=16 elapsed_us=195
GGML_CPU_SHAPE_PROFILE phase=node_wall name=Kcur-11 a=blk.11.attn_k.weight at=q4_0 bt=f32 k=2560 m=1024 n=2 b2=1 b3=1 a2=1 a3=1 threads=8 calls=1 elapsed_us=59
GGML_CPU_SHAPE_PROFILE phase=repack_pack_thread name=node_1589 a=blk.29.proj.weight at=q4_0 bt=f32 k=256 m=2560 n=21 b2=1 b3=1 a2=1 a3=1 threads=16 calls=16 elapsed_us=8
GGML_CPU_SHAPE_PROFILE phase=repack_pack_thread name=node_1389 a=blk.24.proj.weight at=q4_0 bt=f32 k=256 m=2560 n=21 b2=1 b3=1 a2=1 a3=1 threads=16 calls=16 elapsed_us=3
GGML_CPU_SHAPE_PROFILE phase=repack_pack_thread name=node_1905 a=blk.37.inp_gate.weight at=q4_0 bt=f32 k=2560 m=256 n=2 b2=1 b3=1 a2=1 a3=1 threads=8 calls=8 elapsed_us=3
GGML_CPU_SHAPE_PROFILE phase=node_wall name=kqv-21 a=cache_v_l21 (view) (permuted) at=f16 bt=f32 k=768 m=256 n=21 b2=8 b3=1 a2=2 a3=1 threads=16 calls=1 elapsed_us=425
GGML_CPU_SHAPE_PROFILE phase=repack_pack_thread name=node_1221 a=blk.21.attn_output.weight at=q4_0 bt=f32 k=2048 m=2560 n=21 b2=1 b3=1 a2=1 a3=1 threads=16 calls=16 elapsed_us=26
GGML_CPU_SHAPE_PROFILE phase=repack_pack_thread name=node_997 a=blk.17.attn_output.weight at=q4_0 bt=f32 k=4096 m=2560 n=1 b2=1 b3=1 a2=1 a3=1 threads=8 calls=1016 elapsed_us=370
GGML_CPU_SHAPE_PROFILE phase=node_wall name=ffn_out-2 a=blk.2.ffn_down.weight at=q4_0 bt=f32 k=10240 m=2560 n=4 b2=1 b3=1 a2=1 a3=1 threads=8 calls=1 elapsed_us=724
GGML_CPU_SHAPE_PROFILE phase=node_wall name=node_1221 a=blk.21.attn_output.weight at=q4_0 bt=f32 k=2048 m=2560 n=21 b2=1 b3=1 a2=1 a3=1 threads=16 calls=1 elapsed_us=586
GGML_CPU_SHAPE_PROFILE phase=node_wall name=ffn_up-21 a=blk.21.ffn_up.weight at=q4_0 bt=f32 k=2560 m=10240 n=21 b2=1 b3=1 a2=1 a3=1 threads=16 calls=1 elapsed_us=1635
GGML_CPU_SHAPE_PROFILE phase=node_wall name=ffn_out-21 a=blk.21.ffn_down.weight at=q4_0 bt=f32 k=10240 m=2560 n=21 b2=1 b3=1 a2=1 a3=1 threads=16 calls=1 elapsed_us=1721
GGML_CPU_SHAPE_PROFILE phase=generic_pack_thread name=kq-16 a=cache_k_l16 (view) (permuted) at=f16 bt=f32 k=256 m=768 n=1 b2=8 b3=1 a2=2 a3=1 threads=8 calls=1016 elapsed_us=463
GGML_CPU_SHAPE_PROFILE phase=node_wall name=ffn_up-35 a=blk.35.ffn_up.weight at=q4_0 bt=f32 k=2560 m=10240 n=2 b2=1 b3=1 a2=1 a3=1 threads=8 calls=1 elapsed_us=485
GGML_CPU_SHAPE_PROFILE phase=node_wall name=node_1585 a=blk.29.inp_gate.weight at=q4_0 bt=f32 k=2560 m=256 n=21 b2=1 b3=1 a2=1 a3=1 threads=16 calls=1 elapsed_us=279
GGML_CPU_SHAPE_PROFILE phase=node_wall name=Qcur-22 a=blk.22.attn_q.weight at=q4_0 bt=f32 k=2560 m=2048 n=21 b2=1 b3=1 a2=1 a3=1 threads=16 calls=1 elapsed_us=348
GGML_CPU_SHAPE_PROFILE phase=repack_pack_thread name=node_1349 a=blk.23.proj.weight at=q4_0 bt=f32 k=256 m=2560 n=2 b2=1 b3=1 a2=1 a3=1 threads=8 calls=8 elapsed_us=2
GGML_CPU_SHAPE_PROFILE phase=repack_pack_thread name=Kcur-22 a=blk.22.attn_k.weight at=q4_0 bt=f32 k=2560 m=512 n=21 b2=1 b3=1 a2=1 a3=1 threads=16 calls=16 elapsed_us=26
GGML_CPU_SHAPE_PROFILE phase=repack_pack_thread name=Vcur-22 a=blk.22.attn_v.weight at=q4_0 bt=f32 k=2560 m=512 n=21 b2=1 b3=1 a2=1 a3=1 threads=16 calls=16 elapsed_us=28
GGML_CPU_SHAPE_PROFILE phase=repack_pack_thread name=node_160 a=blk.2.attn_output.weight at=q4_0 bt=f32 k=2048 m=2560 n=21 b2=1 b3=1 a2=1 a3=1 threads=16 calls=16 elapsed_us=25
GGML_CPU_SHAPE_PROFILE phase=generic_pack_thread name=kq-22 a=cache_k_l22 (view) (permuted) at=f16 bt=f32 k=256 m=768 n=21 b2=8 b3=1 a2=2 a3=1 threads=16 calls=16 elapsed_us=196
GGML_CPU_SHAPE_PROFILE phase=node_wall name=kq-22 a=cache_k_l22 (view) (permuted) at=f16 bt=f32 k=256 m=768 n=21 b2=8 b3=1 a2=2 a3=1 threads=16 calls=1 elapsed_us=278
GGML_CPU_SHAPE_PROFILE phase=node_wall name=kqv-34 a=cache_v_l22 (view) (permuted) at=f16 bt=f32 k=768 m=256 n=21 b2=8 b3=1 a2=2 a3=1 threads=16 calls=1 elapsed_us=1236
GGML_CPU_SHAPE_PROFILE phase=repack_pack_thread name=node_1277 a=blk.22.attn_output.weight at=q4_0 bt=f32 k=2048 m=2560 n=21 b2=1 b3=1 a2=1 a3=1 threads=16 calls=16 elapsed_us=30
GGML_CPU_SHAPE_PROFILE phase=repack_pack_thread name=node_1469 a=blk.26.proj.weight at=q4_0 bt=f32 k=256 m=2560 n=4 b2=1 b3=1 a2=1 a3=1 threads=8 calls=8 elapsed_us=1
GGML_CPU_SHAPE_PROFILE phase=repack_pack_thread name=ffn_up-22 a=blk.22.ffn_up.weight at=q4_0 bt=f32 k=2560 m=10240 n=21 b2=1 b3=1 a2=1 a3=1 threads=16 calls=16 elapsed_us=29
GGML_CPU_SHAPE_PROFILE phase=repack_pack_thread name=node_327 a=blk.5.attn_output.weight at=q4_0 bt=f32 k=4096 m=2560 n=21 b2=1 b3=1 a2=1 a3=1 threads=16 calls=16 elapsed_us=53
GGML_CPU_SHAPE_PROFILE phase=node_wall name=ffn_gate-10 a=blk.10.ffn_gate.weight at=q4_0 bt=f32 k=2560 m=10240 n=4 b2=1 b3=1 a2=1 a3=1 threads=8 calls=1 elapsed_us=676
GGML_CPU_SHAPE_PROFILE phase=repack_pack_thread name=ffn_gate-13 a=blk.13.ffn_gate.weight at=q4_0 bt=f32 k=2560 m=10240 n=4 b2=1 b3=1 a2=1 a3=1 threads=8 calls=8 elapsed_us=3
GGML_CPU_SHAPE_PROFILE phase=repack_pack_thread name=node_1010 a=blk.17.inp_gate.weight at=q4_0 bt=f32 k=2560 m=256 n=4 b2=1 b3=1 a2=1 a3=1 threads=8 calls=8 elapsed_us=2
GGML_CPU_SHAPE_PROFILE phase=node_wall name=ffn_gate-35 a=blk.35.ffn_gate.weight at=q4_0 bt=f32 k=2560 m=10240 n=4 b2=1 b3=1 a2=1 a3=1 threads=8 calls=1 elapsed_us=463
GGML_CPU_SHAPE_PROFILE phase=repack_pack_thread name=node_1290 a=blk.22.inp_gate.weight at=q4_0 bt=f32 k=2560 m=256 n=21 b2=1 b3=1 a2=1 a3=1 threads=16 calls=16 elapsed_us=35
GGML_CPU_SHAPE_PROFILE phase=node_wall name=ffn_out-36 a=blk.36.ffn_down.weight at=q4_0 bt=f32 k=10240 m=2560 n=1 b2=1 b3=1 a2=1 a3=1 threads=8 calls=127 elapsed_us=40882
GGML_CPU_SHAPE_PROFILE phase=repack_pack_thread name=Qcur-30 a=blk.30.attn_q.weight at=q4_0 bt=f32 k=2560 m=2048 n=4 b2=1 b3=1 a2=1 a3=1 threads=8 calls=8 elapsed_us=3
GGML_CPU_SHAPE_PROFILE phase=node_wall name=kqv-12 a=cache_v_l12 (view) (permuted) at=f16 bt=f32 k=768 m=256 n=4 b2=8 b3=1 a2=2 a3=1 threads=8 calls=1 elapsed_us=127
GGML_CPU_SHAPE_PROFILE phase=generic_pack_thread name=kq-17 a=cache_k_l17 (view) (permuted) at=f16 bt=f32 k=512 m=64768 n=21 b2=8 b3=1 a2=2 a3=1 threads=16 calls=16 elapsed_us=322
GGML_CPU_SHAPE_PROFILE phase=node_wall name=node_1294 a=blk.22.proj.weight at=q4_0 bt=f32 k=256 m=2560 n=21 b2=1 b3=1 a2=1 a3=1 threads=16 calls=1 elapsed_us=67
GGML_CPU_SHAPE_PROFILE phase=repack_pack_thread name=Qcur-23 a=blk.23.attn_q.weight at=q4_0 bt=f32 k=2560 m=4096 n=21 b2=1 b3=1 a2=1 a3=1 threads=16 calls=16 elapsed_us=29
GGML_CPU_SHAPE_PROFILE phase=node_wall name=ffn_up-27 a=blk.27.ffn_up.weight at=q4_0 bt=f32 k=2560 m=10240 n=2 b2=1 b3=1 a2=1 a3=1 threads=8 calls=1 elapsed_us=481
GGML_CPU_SHAPE_PROFILE phase=node_wall name=Qcur-23 a=blk.23.attn_q.weight at=q4_0 bt=f32 k=2560 m=4096 n=21 b2=1 b3=1 a2=1 a3=1 threads=16 calls=1 elapsed_us=726
GGML_CPU_SHAPE_PROFILE phase=node_wall name=node_1509 a=blk.27.proj.weight at=q4_0 bt=f32 k=256 m=2560 n=21 b2=1 b3=1 a2=1 a3=1 threads=16 calls=1 elapsed_us=68
GGML_CPU_SHAPE_PROFILE phase=node_wall name=Kcur-23 a=blk.23.attn_k.weight at=q4_0 bt=f32 k=2560 m=1024 n=21 b2=1 b3=1 a2=1 a3=1 threads=16 calls=1 elapsed_us=189
GGML_CPU_SHAPE_PROFILE phase=generic_pack_thread name=kq-23 a=cache_k_l23 (view) (permuted) at=f16 bt=f32 k=512 m=64768 n=21 b2=8 b3=1 a2=2 a3=1 threads=16 calls=16 elapsed_us=391
GGML_CPU_SHAPE_PROFILE phase=node_wall name=node_1332 a=blk.23.attn_output.weight at=q4_0 bt=f32 k=4096 m=2560 n=21 b2=1 b3=1 a2=1 a3=1 threads=16 calls=1 elapsed_us=767
GGML_CPU_SHAPE_PROFILE phase=generic_pack_thread name=kqv-11 a=cache_v_l11 (view) (permuted) at=f16 bt=f32 k=65024 m=512 n=1 b2=8 b3=1 a2=2 a3=1 threads=8 calls=336 elapsed_us=11414
GGML_CPU_SHAPE_PROFILE phase=repack_pack_thread name=ffn_up-25 a=blk.25.ffn_up.weight at=q4_0 bt=f32 k=2560 m=10240 n=2 b2=1 b3=1 a2=1 a3=1 threads=8 calls=8 elapsed_us=3
GGML_CPU_SHAPE_PROFILE phase=repack_pack_thread name=node_843 a=blk.14.inp_gate.weight at=q4_0 bt=f32 k=2560 m=256 n=21 b2=1 b3=1 a2=1 a3=1 threads=16 calls=16 elapsed_us=43
GGML_CPU_SHAPE_PROFILE phase=repack_pack_thread name=ffn_up-23 a=blk.23.ffn_up.weight at=q4_0 bt=f32 k=2560 m=10240 n=21 b2=1 b3=1 a2=1 a3=1 threads=16 calls=16 elapsed_us=31
GGML_CPU_SHAPE_PROFILE phase=node_wall name=ffn_up-23 a=blk.23.ffn_up.weight at=q4_0 bt=f32 k=2560 m=10240 n=21 b2=1 b3=1 a2=1 a3=1 threads=16 calls=1 elapsed_us=1718
GGML_CPU_SHAPE_PROFILE phase=node_wall name=ffn_out-29 a=blk.29.ffn_down.weight at=q4_0 bt=f32 k=10240 m=2560 n=2 b2=1 b3=1 a2=1 a3=1 threads=8 calls=1 elapsed_us=537
GGML_CPU_SHAPE_PROFILE phase=node_wall name=node_1234 a=blk.21.inp_gate.weight at=q4_0 bt=f32 k=2560 m=256 n=21 b2=1 b3=1 a2=1 a3=1 threads=16 calls=1 elapsed_us=90
GGML_CPU_SHAPE_PROFILE phase=node_wall name=node_1625 a=blk.30.inp_gate.weight at=q4_0 bt=f32 k=2560 m=256 n=21 b2=1 b3=1 a2=1 a3=1 threads=16 calls=1 elapsed_us=282
GGML_CPU_SHAPE_PROFILE phase=repack_pack_thread name=ffn_gate-27 a=blk.27.ffn_gate.weight at=q4_0 bt=f32 k=2560 m=10240 n=4 b2=1 b3=1 a2=1 a3=1 threads=8 calls=8 elapsed_us=2
GGML_CPU_SHAPE_PROFILE phase=generic_pack_thread name=kqv-30 a=cache_v_l22 (view) (permuted) at=f16 bt=f32 k=256 m=256 n=2 b2=8 b3=1 a2=2 a3=1 threads=8 calls=8 elapsed_us=7
GGML_CPU_SHAPE_PROFILE phase=repack_pack_thread name=ffn_out-22 a=blk.22.ffn_down.weight at=q4_0 bt=f32 k=10240 m=2560 n=4 b2=1 b3=1 a2=1 a3=1 threads=8 calls=8 elapsed_us=10
GGML_CPU_SHAPE_PROFILE phase=node_wall name=ffn_out-29 a=blk.29.ffn_down.weight at=q4_0 bt=f32 k=10240 m=2560 n=21 b2=1 b3=1 a2=1 a3=1 threads=16 calls=1 elapsed_us=2440
GGML_CPU_SHAPE_PROFILE phase=node_wall name=node_1126 a=blk.19.proj.weight at=q4_0 bt=f32 k=256 m=2560 n=4 b2=1 b3=1 a2=1 a3=1 threads=8 calls=1 elapsed_us=39
GGML_CPU_SHAPE_PROFILE phase=repack_pack_thread name=ffn_out-23 a=blk.23.ffn_down.weight at=q4_0 bt=f32 k=10240 m=2560 n=21 b2=1 b3=1 a2=1 a3=1 threads=16 calls=16 elapsed_us=120
GGML_CPU_SHAPE_PROFILE phase=node_wall name=node_1345 a=blk.23.inp_gate.weight at=q4_0 bt=f32 k=2560 m=256 n=21 b2=1 b3=1 a2=1 a3=1 threads=16 calls=1 elapsed_us=99
GGML_CPU_SHAPE_PROFILE phase=node_wall name=node_1349 a=blk.23.proj.weight at=q4_0 bt=f32 k=256 m=2560 n=21 b2=1 b3=1 a2=1 a3=1 threads=16 calls=1 elapsed_us=69
GGML_CPU_SHAPE_PROFILE phase=repack_pack_thread name=node_1705 a=blk.32.inp_gate.weight at=q4_0 bt=f32 k=2560 m=256 n=21 b2=1 b3=1 a2=1 a3=1 threads=16 calls=16 elapsed_us=32
GGML_CPU_SHAPE_PROFILE phase=repack_pack_thread name=Qcur-24 a=blk.24.attn_q.weight at=q4_0 bt=f32 k=2560 m=2048 n=21 b2=1 b3=1 a2=1 a3=1 threads=16 calls=16 elapsed_us=31
GGML_CPU_SHAPE_PROFILE phase=repack_pack_thread name=ffn_up-5 a=blk.5.ffn_up.weight at=q4_0 bt=f32 k=2560 m=10240 n=21 b2=1 b3=1 a2=1 a3=1 threads=16 calls=16 elapsed_us=205
GGML_CPU_SHAPE_PROFILE phase=node_wall name=Qcur-24 a=blk.24.attn_q.weight at=q4_0 bt=f32 k=2560 m=2048 n=21 b2=1 b3=1 a2=1 a3=1 threads=16 calls=1 elapsed_us=358
GGML_CPU_SHAPE_PROFILE phase=generic_pack_thread name=kq-24 a=cache_k_l22 (view) (permuted) at=f16 bt=f32 k=256 m=768 n=21 b2=8 b3=1 a2=2 a3=1 threads=16 calls=16 elapsed_us=206
GGML_CPU_SHAPE_PROFILE phase=node_wall name=node_2069 a=blk.41.proj.weight at=q4_0 bt=f32 k=256 m=2560 n=4 b2=1 b3=1 a2=1 a3=1 threads=8 calls=1 elapsed_us=41
GGML_CPU_SHAPE_PROFILE phase=node_wall name=node_1372 a=blk.24.attn_output.weight at=q4_0 bt=f32 k=2048 m=2560 n=21 b2=1 b3=1 a2=1 a3=1 threads=16 calls=1 elapsed_us=351
GGML_CPU_SHAPE_PROFILE phase=node_wall name=node_843 a=blk.14.inp_gate.weight at=q4_0 bt=f32 k=2560 m=256 n=4 b2=1 b3=1 a2=1 a3=1 threads=8 calls=1 elapsed_us=46
GGML_CPU_SHAPE_PROFILE phase=repack_pack_thread name=ffn_gate-24 a=blk.24.ffn_gate.weight at=q4_0 bt=f32 k=2560 m=10240 n=21 b2=1 b3=1 a2=1 a3=1 threads=16 calls=16 elapsed_us=25
GGML_CPU_SHAPE_PROFILE phase=repack_pack_thread name=ffn_up-24 a=blk.24.ffn_up.weight at=q4_0 bt=f32 k=2560 m=10240 n=21 b2=1 b3=1 a2=1 a3=1 threads=16 calls=16 elapsed_us=29
GGML_CPU_SHAPE_PROFILE phase=node_wall name=node_2052 a=blk.41.attn_output.weight at=q4_0 bt=f32 k=4096 m=2560 n=21 b2=1 b3=1 a2=1 a3=1 threads=16 calls=1 elapsed_us=877
GGML_CPU_SHAPE_PROFILE phase=repack_pack_thread name=ffn_gate-5 a=blk.5.ffn_gate.weight at=q4_0 bt=f32 k=2560 m=10240 n=2 b2=1 b3=1 a2=1 a3=1 threads=8 calls=8 elapsed_us=3
GGML_CPU_SHAPE_PROFILE phase=node_wall name=ffn_out-24 a=blk.24.ffn_down.weight at=q4_0 bt=f32 k=10240 m=2560 n=21 b2=1 b3=1 a2=1 a3=1 threads=16 calls=1 elapsed_us=1651
GGML_CPU_SHAPE_PROFILE phase=generic_pack_thread name=kq-27 a=cache_k_l22 (view) (permuted) at=f16 bt=f32 k=256 m=768 n=4 b2=8 b3=1 a2=2 a3=1 threads=8 calls=8 elapsed_us=18
GGML_CPU_SHAPE_PROFILE phase=repack_pack_thread name=node_1385 a=blk.24.inp_gate.weight at=q4_0 bt=f32 k=2560 m=256 n=21 b2=1 b3=1 a2=1 a3=1 threads=16 calls=16 elapsed_us=29
GGML_CPU_SHAPE_PROFILE phase=node_wall name=node_1385 a=blk.24.inp_gate.weight at=q4_0 bt=f32 k=2560 m=256 n=21 b2=1 b3=1 a2=1 a3=1 threads=16 calls=1 elapsed_us=88
GGML_CPU_SHAPE_PROFILE phase=node_wall name=node_1389 a=blk.24.proj.weight at=q4_0 bt=f32 k=256 m=2560 n=21 b2=1 b3=1 a2=1 a3=1 threads=16 calls=1 elapsed_us=71
GGML_CPU_SHAPE_PROFILE phase=repack_pack_thread name=Kcur-21 a=blk.21.attn_k.weight at=q4_0 bt=f32 k=2560 m=512 n=21 b2=1 b3=1 a2=1 a3=1 threads=16 calls=16 elapsed_us=32
GGML_CPU_SHAPE_PROFILE phase=repack_pack_thread name=Qcur-25 a=blk.25.attn_q.weight at=q4_0 bt=f32 k=2560 m=2048 n=21 b2=1 b3=1 a2=1 a3=1 threads=16 calls=16 elapsed_us=29
GGML_CPU_SHAPE_PROFILE phase=repack_pack_thread name=ffn_out-41 a=blk.41.ffn_down.weight at=q4_0 bt=f32 k=10240 m=2560 n=1 b2=1 b3=1 a2=1 a3=1 threads=8 calls=1016 elapsed_us=745
GGML_CPU_SHAPE_PROFILE phase=repack_pack_thread name=ffn_up-38 a=blk.38.ffn_up.weight at=q4_0 bt=f32 k=2560 m=10240 n=4 b2=1 b3=1 a2=1 a3=1 threads=8 calls=8 elapsed_us=3
GGML_CPU_SHAPE_PROFILE phase=node_wall name=Qcur-16 a=blk.16.attn_q.weight at=q4_0 bt=f32 k=2560 m=2048 n=4 b2=1 b3=1 a2=1 a3=1 threads=8 calls=1 elapsed_us=153
GGML_CPU_SHAPE_PROFILE phase=generic_pack_thread name=kq-25 a=cache_k_l22 (view) (permuted) at=f16 bt=f32 k=256 m=768 n=21 b2=8 b3=1 a2=2 a3=1 threads=16 calls=16 elapsed_us=196
GGML_CPU_SHAPE_PROFILE phase=node_wall name=kq-25 a=cache_k_l22 (view) (permuted) at=f16 bt=f32 k=256 m=768 n=21 b2=8 b3=1 a2=2 a3=1 threads=16 calls=1 elapsed_us=547
GGML_CPU_SHAPE_PROFILE phase=repack_pack_thread name=Qcur-5 a=blk.5.attn_q.weight at=q4_0 bt=f32 k=2560 m=4096 n=1 b2=1 b3=1 a2=1 a3=1 threads=8 calls=1016 elapsed_us=207
GGML_CPU_SHAPE_PROFILE phase=node_wall name=kqv-25 a=cache_v_l22 (view) (permuted) at=f16 bt=f32 k=768 m=256 n=21 b2=8 b3=1 a2=2 a3=1 threads=16 calls=1 elapsed_us=394
GGML_CPU_SHAPE_PROFILE phase=repack_pack_thread name=Kcur-7 a=blk.7.attn_k.weight at=q4_0 bt=f32 k=2560 m=512 n=2 b2=1 b3=1 a2=1 a3=1 threads=8 calls=8 elapsed_us=3
GGML_CPU_SHAPE_PROFILE phase=repack_pack_thread name=node_1412 a=blk.25.attn_output.weight at=q4_0 bt=f32 k=2048 m=2560 n=21 b2=1 b3=1 a2=1 a3=1 threads=16 calls=16 elapsed_us=25
GGML_CPU_SHAPE_PROFILE phase=generic_pack_thread name=kq-1 a=cache_k_l1 (view) (permuted) at=f16 bt=f32 k=256 m=768 n=4 b2=8 b3=1 a2=2 a3=1 threads=8 calls=8 elapsed_us=22
GGML_CPU_SHAPE_PROFILE phase=node_wall name=node_1412 a=blk.25.attn_output.weight at=q4_0 bt=f32 k=2048 m=2560 n=21 b2=1 b3=1 a2=1 a3=1 threads=16 calls=1 elapsed_us=347
GGML_CPU_SHAPE_PROFILE phase=generic_pack_thread name=kqv-29 a=cache_v_l23 (view) (permuted) at=f16 bt=f32 k=256 m=512 n=2 b2=8 b3=1 a2=2 a3=1 threads=8 calls=8 elapsed_us=6
GGML_CPU_SHAPE_PROFILE phase=node_wall name=ffn_gate-25 a=blk.25.ffn_gate.weight at=q4_0 bt=f32 k=2560 m=10240 n=21 b2=1 b3=1 a2=1 a3=1 threads=16 calls=1 elapsed_us=1634
GGML_CPU_SHAPE_PROFILE phase=node_wall name=ffn_out-9 a=blk.9.ffn_down.weight at=q4_0 bt=f32 k=10240 m=2560 n=4 b2=1 b3=1 a2=1 a3=1 threads=8 calls=1 elapsed_us=706
GGML_CPU_SHAPE_PROFILE phase=repack_pack_thread name=ffn_up-25 a=blk.25.ffn_up.weight at=q4_0 bt=f32 k=2560 m=10240 n=21 b2=1 b3=1 a2=1 a3=1 threads=16 calls=16 elapsed_us=29
GGML_CPU_SHAPE_PROFILE phase=generic_pack_thread name=kqv-41 a=cache_v_l23 (view) (permuted) at=f16 bt=f32 k=64768 m=512 n=21 b2=8 b3=1 a2=2 a3=1 threads=16 calls=16 elapsed_us=20926
GGML_CPU_SHAPE_PROFILE phase=node_wall name=ffn_out-25 a=blk.25.ffn_down.weight at=q4_0 bt=f32 k=10240 m=2560 n=21 b2=1 b3=1 a2=1 a3=1 threads=16 calls=1 elapsed_us=2083
GGML_CPU_SHAPE_PROFILE phase=node_wall name=kq-27 a=cache_k_l22 (view) (permuted) at=f16 bt=f32 k=256 m=768 n=21 b2=8 b3=1 a2=2 a3=1 threads=16 calls=1 elapsed_us=277
GGML_CPU_SHAPE_PROFILE phase=repack_pack_thread name=ffn_up-38 a=blk.38.ffn_up.weight at=q4_0 bt=f32 k=2560 m=10240 n=21 b2=1 b3=1 a2=1 a3=1 threads=16 calls=16 elapsed_us=24
GGML_CPU_SHAPE_PROFILE phase=node_wall name=node_1425 a=blk.25.inp_gate.weight at=q4_0 bt=f32 k=2560 m=256 n=21 b2=1 b3=1 a2=1 a3=1 threads=16 calls=1 elapsed_us=232
GGML_CPU_SHAPE_PROFILE phase=repack_pack_thread name=node_2012 a=blk.40.attn_output.weight at=q4_0 bt=f32 k=2048 m=2560 n=4 b2=1 b3=1 a2=1 a3=1 threads=8 calls=8 elapsed_us=3
GGML_CPU_SHAPE_PROFILE phase=node_wall name=node_340 a=blk.5.inp_gate.weight at=q4_0 bt=f32 k=2560 m=256 n=4 b2=1 b3=1 a2=1 a3=1 threads=8 calls=1 elapsed_us=50
GGML_CPU_SHAPE_PROFILE phase=node_wall name=kqv-10 a=cache_v_l10 (view) (permuted) at=f16 bt=f32 k=256 m=256 n=2 b2=8 b3=1 a2=2 a3=1 threads=8 calls=1 elapsed_us=45
GGML_CPU_SHAPE_PROFILE phase=repack_pack_thread name=node_1429 a=blk.25.proj.weight at=q4_0 bt=f32 k=256 m=2560 n=21 b2=1 b3=1 a2=1 a3=1 threads=16 calls=16 elapsed_us=5
GGML_CPU_SHAPE_PROFILE phase=node_wall name=node_1429 a=blk.25.proj.weight at=q4_0 bt=f32 k=256 m=2560 n=21 b2=1 b3=1 a2=1 a3=1 threads=16 calls=1 elapsed_us=117
GGML_CPU_SHAPE_PROFILE phase=node_wall name=Qcur-7 a=blk.7.attn_q.weight at=q4_0 bt=f32 k=2560 m=2048 n=21 b2=1 b3=1 a2=1 a3=1 threads=16 calls=1 elapsed_us=755
GGML_CPU_SHAPE_PROFILE phase=repack_pack_thread name=Qcur-26 a=blk.26.attn_q.weight at=q4_0 bt=f32 k=2560 m=2048 n=21 b2=1 b3=1 a2=1 a3=1 threads=16 calls=16 elapsed_us=29
GGML_CPU_SHAPE_PROFILE phase=repack_pack_thread name=ffn_gate-10 a=blk.10.ffn_gate.weight at=q4_0 bt=f32 k=2560 m=10240 n=1 b2=1 b3=1 a2=1 a3=1 threads=8 calls=1016 elapsed_us=197
GGML_CPU_SHAPE_PROFILE phase=repack_pack_thread name=node_1053 a=blk.18.attn_output.weight at=q4_0 bt=f32 k=2048 m=2560 n=4 b2=1 b3=1 a2=1 a3=1 threads=8 calls=8 elapsed_us=4
GGML_CPU_SHAPE_PROFILE phase=node_wall name=ffn_out-25 a=blk.25.ffn_down.weight at=q4_0 bt=f32 k=10240 m=2560 n=2 b2=1 b3=1 a2=1 a3=1 threads=8 calls=1 elapsed_us=509
GGML_CPU_SHAPE_PROFILE phase=generic_pack_thread name=kq-26 a=cache_k_l22 (view) (permuted) at=f16 bt=f32 k=256 m=768 n=21 b2=8 b3=1 a2=2 a3=1 threads=16 calls=16 elapsed_us=214
GGML_CPU_SHAPE_PROFILE phase=node_wall name=kq-26 a=cache_k_l22 (view) (permuted) at=f16 bt=f32 k=256 m=768 n=21 b2=8 b3=1 a2=2 a3=1 threads=16 calls=1 elapsed_us=271
GGML_CPU_SHAPE_PROFILE phase=node_wall name=node_1452 a=blk.26.attn_output.weight at=q4_0 bt=f32 k=2048 m=2560 n=21 b2=1 b3=1 a2=1 a3=1 threads=16 calls=1 elapsed_us=356
GGML_CPU_SHAPE_PROFILE phase=repack_pack_thread name=node_679 a=blk.11.proj.weight at=q4_0 bt=f32 k=256 m=2560 n=21 b2=1 b3=1 a2=1 a3=1 threads=16 calls=16 elapsed_us=3
GGML_CPU_SHAPE_PROFILE phase=repack_pack_thread name=ffn_gate-26 a=blk.26.ffn_gate.weight at=q4_0 bt=f32 k=2560 m=10240 n=21 b2=1 b3=1 a2=1 a3=1 threads=16 calls=16 elapsed_us=30
GGML_CPU_SHAPE_PROFILE phase=repack_pack_thread name=ffn_up-35 a=blk.35.ffn_up.weight at=q4_0 bt=f32 k=2560 m=10240 n=4 b2=1 b3=1 a2=1 a3=1 threads=8 calls=8 elapsed_us=3
GGML_CPU_SHAPE_PROFILE phase=node_wall name=node_1014 a=blk.17.proj.weight at=q4_0 bt=f32 k=256 m=2560 n=4 b2=1 b3=1 a2=1 a3=1 threads=8 calls=1 elapsed_us=36
GGML_CPU_SHAPE_PROFILE phase=node_wall name=ffn_up-26 a=blk.26.ffn_up.weight at=q4_0 bt=f32 k=2560 m=10240 n=21 b2=1 b3=1 a2=1 a3=1 threads=16 calls=1 elapsed_us=1632
GGML_CPU_SHAPE_PROFILE phase=repack_pack_thread name=node_1465 a=blk.26.inp_gate.weight at=q4_0 bt=f32 k=2560 m=256 n=21 b2=1 b3=1 a2=1 a3=1 threads=16 calls=16 elapsed_us=29
GGML_CPU_SHAPE_PROFILE phase=node_wall name=node_1465 a=blk.26.inp_gate.weight at=q4_0 bt=f32 k=2560 m=256 n=21 b2=1 b3=1 a2=1 a3=1 threads=16 calls=1 elapsed_us=82
GGML_CPU_SHAPE_PROFILE phase=generic_pack_thread name=kqv-0 a=cache_v_l0 (view) (permuted) at=f16 bt=f32 k=768 m=256 n=4 b2=8 b3=1 a2=2 a3=1 threads=8 calls=8 elapsed_us=31
GGML_CPU_SHAPE_PROFILE phase=repack_pack_thread name=Qcur-27 a=blk.27.attn_q.weight at=q4_0 bt=f32 k=2560 m=2048 n=21 b2=1 b3=1 a2=1 a3=1 threads=16 calls=16 elapsed_us=29
GGML_CPU_SHAPE_PROFILE phase=repack_pack_thread name=node_1469 a=blk.26.proj.weight at=q4_0 bt=f32 k=256 m=2560 n=21 b2=1 b3=1 a2=1 a3=1 threads=16 calls=16 elapsed_us=3
GGML_CPU_SHAPE_PROFILE phase=node_wall name=kqv-20 a=cache_v_l20 (view) (permuted) at=f16 bt=f32 k=768 m=256 n=21 b2=8 b3=1 a2=2 a3=1 threads=16 calls=1 elapsed_us=383
GGML_CPU_SHAPE_PROFILE phase=repack_pack_thread name=Kcur-1 a=blk.1.attn_k.weight at=q4_0 bt=f32 k=2560 m=512 n=4 b2=1 b3=1 a2=1 a3=1 threads=8 calls=8 elapsed_us=3
GGML_CPU_SHAPE_PROFILE phase=generic_pack_thread name=kq-27 a=cache_k_l22 (view) (permuted) at=f16 bt=f32 k=256 m=768 n=21 b2=8 b3=1 a2=2 a3=1 threads=16 calls=16 elapsed_us=210
GGML_CPU_SHAPE_PROFILE phase=generic_pack_thread name=kqv-27 a=cache_v_l22 (view) (permuted) at=f16 bt=f32 k=768 m=256 n=21 b2=8 b3=1 a2=2 a3=1 threads=16 calls=16 elapsed_us=281
GGML_CPU_SHAPE_PROFILE phase=generic_pack_thread name=kqv-8 a=cache_v_l8 (view) (permuted) at=f16 bt=f32 k=768 m=256 n=4 b2=8 b3=1 a2=2 a3=1 threads=8 calls=8 elapsed_us=30
GGML_CPU_SHAPE_PROFILE phase=node_wall name=kqv-27 a=cache_v_l22 (view) (permuted) at=f16 bt=f32 k=768 m=256 n=21 b2=8 b3=1 a2=2 a3=1 threads=16 calls=1 elapsed_us=388
GGML_CPU_SHAPE_PROFILE phase=repack_pack_thread name=node_452 a=blk.7.inp_gate.weight at=q4_0 bt=f32 k=2560 m=256 n=21 b2=1 b3=1 a2=1 a3=1 threads=16 calls=16 elapsed_us=32
GGML_CPU_SHAPE_PROFILE phase=repack_pack_thread name=node_1492 a=blk.27.attn_output.weight at=q4_0 bt=f32 k=2048 m=2560 n=21 b2=1 b3=1 a2=1 a3=1 threads=16 calls=16 elapsed_us=27
GGML_CPU_SHAPE_PROFILE phase=repack_pack_thread name=node_1629 a=blk.30.proj.weight at=q4_0 bt=f32 k=256 m=2560 n=21 b2=1 b3=1 a2=1 a3=1 threads=16 calls=16 elapsed_us=5
GGML_CPU_SHAPE_PROFILE phase=node_wall name=ffn_gate-27 a=blk.27.ffn_gate.weight at=q4_0 bt=f32 k=2560 m=10240 n=21 b2=1 b3=1 a2=1 a3=1 threads=16 calls=1 elapsed_us=2072
GGML_CPU_SHAPE_PROFILE phase=repack_pack_thread name=ffn_up-27 a=blk.27.ffn_up.weight at=q4_0 bt=f32 k=2560 m=10240 n=21 b2=1 b3=1 a2=1 a3=1 threads=16 calls=16 elapsed_us=30
GGML_CPU_SHAPE_PROFILE phase=repack_pack_thread name=ffn_up-29 a=blk.29.ffn_up.weight at=q4_0 bt=f32 k=2560 m=10240 n=4 b2=1 b3=1 a2=1 a3=1 threads=8 calls=8 elapsed_us=5
GGML_CPU_SHAPE_PROFILE phase=repack_pack_thread name=Qcur-10 a=blk.10.attn_q.weight at=q4_0 bt=f32 k=2560 m=2048 n=1 b2=1 b3=1 a2=1 a3=1 threads=8 calls=1016 elapsed_us=205
GGML_CPU_SHAPE_PROFILE phase=repack_pack_thread name=Qcur-1 a=blk.1.attn_q.weight at=q4_0 bt=f32 k=2560 m=2048 n=2 b2=1 b3=1 a2=1 a3=1 threads=8 calls=8 elapsed_us=4
GGML_CPU_SHAPE_PROFILE phase=node_wall name=ffn_up-27 a=blk.27.ffn_up.weight at=q4_0 bt=f32 k=2560 m=10240 n=21 b2=1 b3=1 a2=1 a3=1 threads=16 calls=1 elapsed_us=1663
GGML_CPU_SHAPE_PROFILE phase=node_wall name=node_1989 a=blk.39.proj.weight at=q4_0 bt=f32 k=256 m=2560 n=21 b2=1 b3=1 a2=1 a3=1 threads=16 calls=1 elapsed_us=68
GGML_CPU_SHAPE_PROFILE phase=generic_pack_thread name=kq-16 a=cache_k_l16 (view) (permuted) at=f16 bt=f32 k=256 m=256 n=2 b2=8 b3=1 a2=2 a3=1 threads=8 calls=8 elapsed_us=4
GGML_CPU_SHAPE_PROFILE phase=repack_pack_thread name=ffn_out-27 a=blk.27.ffn_down.weight at=q4_0 bt=f32 k=10240 m=2560 n=21 b2=1 b3=1 a2=1 a3=1 threads=16 calls=16 elapsed_us=109
GGML_CPU_SHAPE_PROFILE phase=repack_pack_thread name=node_39 a=blk.0.attn_output.weight at=q4_0 bt=f32 k=2048 m=2560 n=1 b2=1 b3=1 a2=1 a3=1 threads=8 calls=1016 elapsed_us=168
GGML_CPU_SHAPE_PROFILE phase=node_wall name=kq-13 a=cache_k_l13 (view) (permuted) at=f16 bt=f32 k=256 m=768 n=4 b2=8 b3=1 a2=2 a3=1 threads=8 calls=1 elapsed_us=120
GGML_CPU_SHAPE_PROFILE phase=repack_pack_thread name=ffn_out-29 a=blk.29.ffn_down.weight at=q4_0 bt=f32 k=10240 m=2560 n=1 b2=1 b3=1 a2=1 a3=1 threads=8 calls=1016 elapsed_us=709
GGML_CPU_SHAPE_PROFILE phase=node_wall name=ffn_out-27 a=blk.27.ffn_down.weight at=q4_0 bt=f32 k=10240 m=2560 n=21 b2=1 b3=1 a2=1 a3=1 threads=16 calls=1 elapsed_us=1654
GGML_CPU_SHAPE_PROFILE phase=node_wall name=Kcur-12 a=blk.12.attn_k.weight at=q4_0 bt=f32 k=2560 m=512 n=1 b2=1 b3=1 a2=1 a3=1 threads=8 calls=127 elapsed_us=3740
GGML_CPU_SHAPE_PROFILE phase=repack_pack_thread name=node_1505 a=blk.27.inp_gate.weight at=q4_0 bt=f32 k=2560 m=256 n=21 b2=1 b3=1 a2=1 a3=1 threads=16 calls=16 elapsed_us=32
GGML_CPU_SHAPE_PROFILE phase=node_wall name=node_1505 a=blk.27.inp_gate.weight at=q4_0 bt=f32 k=2560 m=256 n=21 b2=1 b3=1 a2=1 a3=1 threads=16 calls=1 elapsed_us=81
GGML_CPU_SHAPE_PROFILE phase=repack_pack_thread name=ffn_up-33 a=blk.33.ffn_up.weight at=q4_0 bt=f32 k=2560 m=10240 n=21 b2=1 b3=1 a2=1 a3=1 threads=16 calls=16 elapsed_us=31
GGML_CPU_SHAPE_PROFILE phase=repack_pack_thread name=Qcur-28 a=blk.28.attn_q.weight at=q4_0 bt=f32 k=2560 m=2048 n=21 b2=1 b3=1 a2=1 a3=1 threads=16 calls=16 elapsed_us=26
GGML_CPU_SHAPE_PROFILE phase=node_wall name=Qcur-28 a=blk.28.attn_q.weight at=q4_0 bt=f32 k=2560 m=2048 n=21 b2=1 b3=1 a2=1 a3=1 threads=16 calls=1 elapsed_us=350
GGML_CPU_SHAPE_PROFILE phase=generic_pack_thread name=kq-28 a=cache_k_l22 (view) (permuted) at=f16 bt=f32 k=256 m=768 n=21 b2=8 b3=1 a2=2 a3=1 threads=16 calls=16 elapsed_us=196
GGML_CPU_SHAPE_PROFILE phase=node_wall name=node_1989 a=blk.39.proj.weight at=q4_0 bt=f32 k=256 m=2560 n=2 b2=1 b3=1 a2=1 a3=1 threads=8 calls=1 elapsed_us=46
GGML_CPU_SHAPE_PROFILE phase=repack_pack_thread name=node_1829 a=blk.35.proj.weight at=q4_0 bt=f32 k=256 m=2560 n=2 b2=1 b3=1 a2=1 a3=1 threads=8 calls=8 elapsed_us=0
GGML_CPU_SHAPE_PROFILE phase=node_wall name=Kcur-2 a=blk.2.attn_k.weight at=q4_0 bt=f32 k=2560 m=512 n=4 b2=1 b3=1 a2=1 a3=1 threads=8 calls=1 elapsed_us=49
GGML_CPU_SHAPE_PROFILE phase=node_wall name=kqv-33 a=cache_v_l22 (view) (permuted) at=f16 bt=f32 k=768 m=256 n=4 b2=8 b3=1 a2=2 a3=1 threads=8 calls=1 elapsed_us=110
GGML_CPU_SHAPE_PROFILE phase=node_wall name=ffn_up-7 a=blk.7.ffn_up.weight at=q4_0 bt=f32 k=2560 m=10240 n=21 b2=1 b3=1 a2=1 a3=1 threads=16 calls=1 elapsed_us=2335
GGML_CPU_SHAPE_PROFILE phase=node_wall name=kq-28 a=cache_k_l22 (view) (permuted) at=f16 bt=f32 k=256 m=768 n=21 b2=8 b3=1 a2=2 a3=1 threads=16 calls=1 elapsed_us=274
GGML_CPU_SHAPE_PROFILE phase=node_wall name=kq-25 a=cache_k_l22 (view) (permuted) at=f16 bt=f32 k=256 m=768 n=4 b2=8 b3=1 a2=2 a3=1 threads=8 calls=1 elapsed_us=113
GGML_CPU_SHAPE_PROFILE phase=node_wall name=node_1165 a=blk.20.attn_output.weight at=q4_0 bt=f32 k=2048 m=2560 n=4 b2=1 b3=1 a2=1 a3=1 threads=8 calls=1 elapsed_us=114
GGML_CPU_SHAPE_PROFILE phase=node_wall name=kqv-28 a=cache_v_l22 (view) (permuted) at=f16 bt=f32 k=768 m=256 n=21 b2=8 b3=1 a2=2 a3=1 threads=16 calls=1 elapsed_us=392
GGML_CPU_SHAPE_PROFILE phase=repack_pack_thread name=node_1452 a=blk.26.attn_output.weight at=q4_0 bt=f32 k=2048 m=2560 n=1 b2=1 b3=1 a2=1 a3=1 threads=8 calls=1016 elapsed_us=200
GGML_CPU_SHAPE_PROFILE phase=node_wall name=kq-21 a=cache_k_l21 (view) (permuted) at=f16 bt=f32 k=256 m=768 n=1 b2=8 b3=1 a2=2 a3=1 threads=8 calls=127 elapsed_us=6319
GGML_CPU_SHAPE_PROFILE phase=node_wall name=node_718 a=blk.12.attn_output.weight at=q4_0 bt=f32 k=2048 m=2560 n=4 b2=1 b3=1 a2=1 a3=1 threads=8 calls=1 elapsed_us=146
GGML_CPU_SHAPE_PROFILE phase=node_wall name=Qcur-20 a=blk.20.attn_q.weight at=q4_0 bt=f32 k=2560 m=2048 n=1 b2=1 b3=1 a2=1 a3=1 threads=8 calls=127 elapsed_us=9577
GGML_CPU_SHAPE_PROFILE phase=node_wall name=node_1532 a=blk.28.attn_output.weight at=q4_0 bt=f32 k=2048 m=2560 n=21 b2=1 b3=1 a2=1 a3=1 threads=16 calls=1 elapsed_us=357
GGML_CPU_SHAPE_PROFILE phase=repack_pack_thread name=ffn_out-23 a=blk.23.ffn_down.weight at=q4_0 bt=f32 k=10240 m=2560 n=4 b2=1 b3=1 a2=1 a3=1 threads=8 calls=8 elapsed_us=9
GGML_CPU_SHAPE_PROFILE phase=repack_pack_thread name=ffn_gate-28 a=blk.28.ffn_gate.weight at=q4_0 bt=f32 k=2560 m=10240 n=21 b2=1 b3=1 a2=1 a3=1 threads=16 calls=16 elapsed_us=31
GGML_CPU_SHAPE_PROFILE phase=generic_pack_thread name=kq-40 a=cache_k_l22 (view) (permuted) at=f16 bt=f32 k=256 m=256 n=2 b2=8 b3=1 a2=2 a3=1 threads=8 calls=8 elapsed_us=8
GGML_CPU_SHAPE_PROFILE phase=node_wall name=Qcur-15 a=blk.15.attn_q.weight at=q4_0 bt=f32 k=2560 m=2048 n=4 b2=1 b3=1 a2=1 a3=1 threads=8 calls=1 elapsed_us=152
GGML_CPU_SHAPE_PROFILE phase=node_wall name=ffn_gate-13 a=blk.13.ffn_gate.weight at=q4_0 bt=f32 k=2560 m=10240 n=21 b2=1 b3=1 a2=1 a3=1 threads=16 calls=1 elapsed_us=2347
GGML_CPU_SHAPE_PROFILE phase=node_wall name=ffn_gate-28 a=blk.28.ffn_gate.weight at=q4_0 bt=f32 k=2560 m=10240 n=21 b2=1 b3=1 a2=1 a3=1 threads=16 calls=1 elapsed_us=1635
GGML_CPU_SHAPE_PROFILE phase=repack_pack_thread name=ffn_out-28 a=blk.28.ffn_down.weight at=q4_0 bt=f32 k=10240 m=2560 n=21 b2=1 b3=1 a2=1 a3=1 threads=16 calls=16 elapsed_us=110
GGML_CPU_SHAPE_PROFILE phase=repack_pack_thread name=ffn_gate-20 a=blk.20.ffn_gate.weight at=q4_0 bt=f32 k=2560 m=10240 n=4 b2=1 b3=1 a2=1 a3=1 threads=8 calls=8 elapsed_us=3
GGML_CPU_SHAPE_PROFILE phase=node_wall name=kqv-29 a=cache_v_l23 (view) (permuted) at=f16 bt=f32 k=64768 m=512 n=4 b2=8 b3=1 a2=2 a3=1 threads=8 calls=1 elapsed_us=16107
GGML_CPU_SHAPE_PROFILE phase=node_wall name=ffn_out-28 a=blk.28.ffn_down.weight at=q4_0 bt=f32 k=10240 m=2560 n=21 b2=1 b3=1 a2=1 a3=1 threads=16 calls=1 elapsed_us=1648
GGML_CPU_SHAPE_PROFILE phase=repack_pack_thread name=node_1545 a=blk.28.inp_gate.weight at=q4_0 bt=f32 k=2560 m=256 n=21 b2=1 b3=1 a2=1 a3=1 threads=16 calls=16 elapsed_us=34
GGML_CPU_SHAPE_PROFILE phase=repack_pack_thread name=node_1549 a=blk.28.proj.weight at=q4_0 bt=f32 k=256 m=2560 n=21 b2=1 b3=1 a2=1 a3=1 threads=16 calls=16 elapsed_us=7
GGML_CPU_SHAPE_PROFILE phase=node_wall name=Qcur-29 a=blk.29.attn_q.weight at=q4_0 bt=f32 k=2560 m=4096 n=21 b2=1 b3=1 a2=1 a3=1 threads=16 calls=1 elapsed_us=664
GGML_CPU_SHAPE_PROFILE phase=generic_pack_thread name=kq-29 a=cache_k_l23 (view) (permuted) at=f16 bt=f32 k=512 m=64768 n=21 b2=8 b3=1 a2=2 a3=1 threads=16 calls=16 elapsed_us=319
GGML_CPU_SHAPE_PROFILE phase=node_wall name=node_327 a=blk.5.attn_output.weight at=q4_0 bt=f32 k=4096 m=2560 n=21 b2=1 b3=1 a2=1 a3=1 threads=16 calls=1 elapsed_us=3058
GGML_CPU_SHAPE_PROFILE phase=node_wall name=Kcur-5 a=blk.5.attn_k.weight at=q4_0 bt=f32 k=2560 m=1024 n=2 b2=1 b3=1 a2=1 a3=1 threads=8 calls=1 elapsed_us=74
GGML_CPU_SHAPE_PROFILE phase=node_wall name=ffn_out-13 a=blk.13.ffn_down.weight at=q4_0 bt=f32 k=10240 m=2560 n=21 b2=1 b3=1 a2=1 a3=1 threads=16 calls=1 elapsed_us=2366
GGML_CPU_SHAPE_PROFILE phase=repack_pack_thread name=node_787 a=blk.13.inp_gate.weight at=q4_0 bt=f32 k=2560 m=256 n=4 b2=1 b3=1 a2=1 a3=1 threads=8 calls=8 elapsed_us=3
GGML_CPU_SHAPE_PROFILE phase=node_wall name=ffn_up-29 a=blk.29.ffn_up.weight at=q4_0 bt=f32 k=2560 m=10240 n=21 b2=1 b3=1 a2=1 a3=1 threads=16 calls=1 elapsed_us=2332
GGML_CPU_SHAPE_PROFILE phase=repack_pack_thread name=Qcur-30 a=blk.30.attn_q.weight at=q4_0 bt=f32 k=2560 m=2048 n=21 b2=1 b3=1 a2=1 a3=1 threads=16 calls=16 elapsed_us=52
GGML_CPU_SHAPE_PROFILE phase=node_wall name=kqv-35 a=cache_v_l23 (view) (permuted) at=f16 bt=f32 k=64768 m=512 n=21 b2=8 b3=1 a2=2 a3=1 threads=16 calls=1 elapsed_us=57173
GGML_CPU_SHAPE_PROFILE phase=repack_pack_thread name=node_1585 a=blk.29.inp_gate.weight at=q4_0 bt=f32 k=2560 m=256 n=21 b2=1 b3=1 a2=1 a3=1 threads=16 calls=16 elapsed_us=36
GGML_CPU_SHAPE_PROFILE phase=node_wall name=Qcur-35 a=blk.35.attn_q.weight at=q4_0 bt=f32 k=2560 m=4096 n=21 b2=1 b3=1 a2=1 a3=1 threads=16 calls=1 elapsed_us=991
GGML_CPU_SHAPE_PROFILE phase=repack_pack_thread name=node_1178 a=blk.20.inp_gate.weight at=q4_0 bt=f32 k=2560 m=256 n=1 b2=1 b3=1 a2=1 a3=1 threads=8 calls=1016 elapsed_us=200
GGML_CPU_SHAPE_PROFILE phase=generic_pack_thread name=kq-36 a=cache_k_l22 (view) (permuted) at=f16 bt=f32 k=256 m=768 n=21 b2=8 b3=1 a2=2 a3=1 threads=16 calls=16 elapsed_us=204
GGML_CPU_SHAPE_PROFILE phase=repack_pack_thread name=Kcur-3 a=blk.3.attn_k.weight at=q4_0 bt=f32 k=2560 m=512 n=4 b2=1 b3=1 a2=1 a3=1 threads=8 calls=8 elapsed_us=2
GGML_CPU_SHAPE_PROFILE phase=repack_pack_thread name=node_1412 a=blk.25.attn_output.weight at=q4_0 bt=f32 k=2048 m=2560 n=4 b2=1 b3=1 a2=1 a3=1 threads=8 calls=8 elapsed_us=3
GGML_CPU_SHAPE_PROFILE phase=repack_pack_thread name=node_1070 a=blk.18.proj.weight at=q4_0 bt=f32 k=256 m=2560 n=4 b2=1 b3=1 a2=1 a3=1 threads=8 calls=8 elapsed_us=1
GGML_CPU_SHAPE_PROFILE phase=generic_pack_thread name=kq-9 a=cache_k_l9 (view) (permuted) at=f16 bt=f32 k=256 m=768 n=4 b2=8 b3=1 a2=2 a3=1 threads=8 calls=8 elapsed_us=24
GGML_CPU_SHAPE_PROFILE phase=node_wall name=Qcur-30 a=blk.30.attn_q.weight at=q4_0 bt=f32 k=2560 m=2048 n=21 b2=1 b3=1 a2=1 a3=1 threads=16 calls=1 elapsed_us=706
GGML_CPU_SHAPE_PROFILE phase=node_wall name=ffn_out-40 a=blk.40.ffn_down.weight at=q4_0 bt=f32 k=10240 m=2560 n=2 b2=1 b3=1 a2=1 a3=1 threads=8 calls=1 elapsed_us=658
GGML_CPU_SHAPE_PROFILE phase=generic_pack_thread name=kqv-32 a=cache_v_l22 (view) (permuted) at=f16 bt=f32 k=768 m=256 n=21 b2=8 b3=1 a2=2 a3=1 threads=16 calls=16 elapsed_us=357
GGML_CPU_SHAPE_PROFILE phase=repack_pack_thread name=Kcur-9 a=blk.9.attn_k.weight at=q4_0 bt=f32 k=2560 m=512 n=4 b2=1 b3=1 a2=1 a3=1 threads=8 calls=8 elapsed_us=2
GGML_CPU_SHAPE_PROFILE phase=generic_pack_thread name=kq-30 a=cache_k_l22 (view) (permuted) at=f16 bt=f32 k=256 m=768 n=21 b2=8 b3=1 a2=2 a3=1 threads=16 calls=16 elapsed_us=171
GGML_CPU_SHAPE_PROFILE phase=repack_pack_thread name=node_718 a=blk.12.attn_output.weight at=q4_0 bt=f32 k=2048 m=2560 n=2 b2=1 b3=1 a2=1 a3=1 threads=8 calls=8 elapsed_us=3
GGML_CPU_SHAPE_PROFILE phase=generic_pack_thread name=kqv-30 a=cache_v_l22 (view) (permuted) at=f16 bt=f32 k=768 m=256 n=21 b2=8 b3=1 a2=2 a3=1 threads=16 calls=16 elapsed_us=291
GGML_CPU_SHAPE_PROFILE phase=node_wall name=kqv-30 a=cache_v_l22 (view) (permuted) at=f16 bt=f32 k=768 m=256 n=21 b2=8 b3=1 a2=2 a3=1 threads=16 calls=1 elapsed_us=1245
GGML_CPU_SHAPE_PROFILE phase=repack_pack_thread name=ffn_gate-30 a=blk.30.ffn_gate.weight at=q4_0 bt=f32 k=2560 m=10240 n=21 b2=1 b3=1 a2=1 a3=1 threads=16 calls=16 elapsed_us=38
GGML_CPU_SHAPE_PROFILE phase=repack_pack_thread name=Qcur-14 a=blk.14.attn_q.weight at=q4_0 bt=f32 k=2560 m=2048 n=1 b2=1 b3=1 a2=1 a3=1 threads=8 calls=1016 elapsed_us=187
GGML_CPU_SHAPE_PROFILE phase=repack_pack_thread name=node_1829 a=blk.35.proj.weight at=q4_0 bt=f32 k=256 m=2560 n=4 b2=1 b3=1 a2=1 a3=1 threads=8 calls=8 elapsed_us=1
GGML_CPU_SHAPE_PROFILE phase=repack_pack_thread name=node_1429 a=blk.25.proj.weight at=q4_0 bt=f32 k=256 m=2560 n=4 b2=1 b3=1 a2=1 a3=1 threads=8 calls=8 elapsed_us=1
GGML_CPU_SHAPE_PROFILE phase=generic_pack_thread name=kq-31 a=cache_k_l22 (view) (permuted) at=f16 bt=f32 k=256 m=768 n=21 b2=8 b3=1 a2=2 a3=1 threads=16 calls=16 elapsed_us=181
GGML_CPU_SHAPE_PROFILE phase=node_wall name=kq-31 a=cache_k_l22 (view) (permuted) at=f16 bt=f32 k=256 m=768 n=21 b2=8 b3=1 a2=2 a3=1 threads=16 calls=1 elapsed_us=921
GGML_CPU_SHAPE_PROFILE phase=generic_pack_thread name=kqv-31 a=cache_v_l22 (view) (permuted) at=f16 bt=f32 k=768 m=256 n=21 b2=8 b3=1 a2=2 a3=1 threads=16 calls=16 elapsed_us=227
GGML_CPU_SHAPE_PROFILE phase=repack_pack_thread name=node_1652 a=blk.31.attn_output.weight at=q4_0 bt=f32 k=2048 m=2560 n=21 b2=1 b3=1 a2=1 a3=1 threads=16 calls=16 elapsed_us=30
GGML_CPU_SHAPE_PROFILE phase=repack_pack_thread name=node_383 a=blk.6.attn_output.weight at=q4_0 bt=f32 k=2048 m=2560 n=21 b2=1 b3=1 a2=1 a3=1 threads=16 calls=16 elapsed_us=29
GGML_CPU_SHAPE_PROFILE phase=repack_pack_thread name=ffn_up-31 a=blk.31.ffn_up.weight at=q4_0 bt=f32 k=2560 m=10240 n=21 b2=1 b3=1 a2=1 a3=1 threads=16 calls=16 elapsed_us=30
GGML_CPU_SHAPE_PROFILE phase=node_wall name=ffn_out-31 a=blk.31.ffn_down.weight at=q4_0 bt=f32 k=10240 m=2560 n=21 b2=1 b3=1 a2=1 a3=1 threads=16 calls=1 elapsed_us=1991
GGML_CPU_SHAPE_PROFILE phase=node_wall name=Kcur-0 a=blk.0.attn_k.weight at=q4_0 bt=f32 k=2560 m=512 n=4 b2=1 b3=1 a2=1 a3=1 threads=8 calls=1 elapsed_us=53
GGML_CPU_SHAPE_PROFILE phase=node_wall name=node_400 a=blk.6.proj.weight at=q4_0 bt=f32 k=256 m=2560 n=4 b2=1 b3=1 a2=1 a3=1 threads=8 calls=1 elapsed_us=35
GGML_CPU_SHAPE_PROFILE phase=repack_pack_thread name=Qcur-32 a=blk.32.attn_q.weight at=q4_0 bt=f32 k=2560 m=2048 n=21 b2=1 b3=1 a2=1 a3=1 threads=16 calls=16 elapsed_us=26
GGML_CPU_SHAPE_PROFILE phase=node_wall name=node_1238 a=blk.21.proj.weight at=q4_0 bt=f32 k=256 m=2560 n=21 b2=1 b3=1 a2=1 a3=1 threads=16 calls=1 elapsed_us=68
GGML_CPU_SHAPE_PROFILE phase=generic_pack_thread name=kq-32 a=cache_k_l22 (view) (permuted) at=f16 bt=f32 k=256 m=768 n=21 b2=8 b3=1 a2=2 a3=1 threads=16 calls=16 elapsed_us=166
GGML_CPU_SHAPE_PROFILE phase=node_wall name=kq-32 a=cache_k_l22 (view) (permuted) at=f16 bt=f32 k=256 m=768 n=21 b2=8 b3=1 a2=2 a3=1 threads=16 calls=1 elapsed_us=934
GGML_CPU_SHAPE_PROFILE phase=node_wall name=ffn_out-6 a=blk.6.ffn_down.weight at=q4_0 bt=f32 k=10240 m=2560 n=2 b2=1 b3=1 a2=1 a3=1 threads=8 calls=1 elapsed_us=512
GGML_CPU_SHAPE_PROFILE phase=node_wall name=kq-12 a=cache_k_l12 (view) (permuted) at=f16 bt=f32 k=256 m=256 n=2 b2=8 b3=1 a2=2 a3=1 threads=8 calls=1 elapsed_us=45
GGML_CPU_SHAPE_PROFILE phase=repack_pack_thread name=node_1692 a=blk.32.attn_output.weight at=q4_0 bt=f32 k=2048 m=2560 n=21 b2=1 b3=1 a2=1 a3=1 threads=16 calls=16 elapsed_us=32
GGML_CPU_SHAPE_PROFILE phase=node_wall name=ffn_out-24 a=blk.24.ffn_down.weight at=q4_0 bt=f32 k=10240 m=2560 n=2 b2=1 b3=1 a2=1 a3=1 threads=8 calls=1 elapsed_us=503
GGML_CPU_SHAPE_PROFILE phase=node_wall name=ffn_out-12 a=blk.12.ffn_down.weight at=q4_0 bt=f32 k=10240 m=2560 n=4 b2=1 b3=1 a2=1 a3=1 threads=8 calls=1 elapsed_us=702
GGML_CPU_SHAPE_PROFILE phase=node_wall name=node_1692 a=blk.32.attn_output.weight at=q4_0 bt=f32 k=2048 m=2560 n=21 b2=1 b3=1 a2=1 a3=1 threads=16 calls=1 elapsed_us=637
GGML_CPU_SHAPE_PROFILE phase=repack_pack_thread name=ffn_gate-2 a=blk.2.ffn_gate.weight at=q4_0 bt=f32 k=2560 m=10240 n=1 b2=1 b3=1 a2=1 a3=1 threads=8 calls=1016 elapsed_us=204
GGML_CPU_SHAPE_PROFILE phase=node_wall name=ffn_gate-32 a=blk.32.ffn_gate.weight at=q4_0 bt=f32 k=2560 m=10240 n=21 b2=1 b3=1 a2=1 a3=1 threads=16 calls=1 elapsed_us=3515
GGML_CPU_SHAPE_PROFILE phase=repack_pack_thread name=ffn_up-32 a=blk.32.ffn_up.weight at=q4_0 bt=f32 k=2560 m=10240 n=21 b2=1 b3=1 a2=1 a3=1 threads=16 calls=16 elapsed_us=31
GGML_CPU_SHAPE_PROFILE phase=repack_pack_thread name=ffn_out-32 a=blk.32.ffn_down.weight at=q4_0 bt=f32 k=10240 m=2560 n=21 b2=1 b3=1 a2=1 a3=1 threads=16 calls=16 elapsed_us=109
GGML_CPU_SHAPE_PROFILE phase=repack_pack_thread name=ffn_up-29 a=blk.29.ffn_up.weight at=q4_0 bt=f32 k=2560 m=10240 n=2 b2=1 b3=1 a2=1 a3=1 threads=8 calls=8 elapsed_us=3
GGML_CPU_SHAPE_PROFILE phase=node_wall name=ffn_out-32 a=blk.32.ffn_down.weight at=q4_0 bt=f32 k=10240 m=2560 n=21 b2=1 b3=1 a2=1 a3=1 threads=16 calls=1 elapsed_us=2124
GGML_CPU_SHAPE_PROFILE phase=node_wall name=node_1705 a=blk.32.inp_gate.weight at=q4_0 bt=f32 k=2560 m=256 n=21 b2=1 b3=1 a2=1 a3=1 threads=16 calls=1 elapsed_us=215
GGML_CPU_SHAPE_PROFILE phase=generic_pack_thread name=kq-33 a=cache_k_l22 (view) (permuted) at=f16 bt=f32 k=256 m=768 n=21 b2=8 b3=1 a2=2 a3=1 threads=16 calls=16 elapsed_us=159
GGML_CPU_SHAPE_PROFILE phase=node_wall name=kq-33 a=cache_k_l22 (view) (permuted) at=f16 bt=f32 k=256 m=768 n=21 b2=8 b3=1 a2=2 a3=1 threads=16 calls=1 elapsed_us=1189
GGML_CPU_SHAPE_PROFILE phase=node_wall name=node_620 a=blk.10.inp_gate.weight at=q4_0 bt=f32 k=2560 m=256 n=21 b2=1 b3=1 a2=1 a3=1 threads=16 calls=1 elapsed_us=272
GGML_CPU_SHAPE_PROFILE phase=generic_pack_thread name=kqv-33 a=cache_v_l22 (view) (permuted) at=f16 bt=f32 k=768 m=256 n=21 b2=8 b3=1 a2=2 a3=1 threads=16 calls=16 elapsed_us=241
GGML_CPU_SHAPE_PROFILE phase=repack_pack_thread name=node_1332 a=blk.23.attn_output.weight at=q4_0 bt=f32 k=4096 m=2560 n=21 b2=1 b3=1 a2=1 a3=1 threads=16 calls=16 elapsed_us=50
GGML_CPU_SHAPE_PROFILE phase=repack_pack_thread name=ffn_out-0 a=blk.0.ffn_down.weight at=q4_0 bt=f32 k=10240 m=2560 n=4 b2=1 b3=1 a2=1 a3=1 threads=8 calls=8 elapsed_us=11
GGML_CPU_SHAPE_PROFILE phase=repack_pack_thread name=node_1732 a=blk.33.attn_output.weight at=q4_0 bt=f32 k=2048 m=2560 n=21 b2=1 b3=1 a2=1 a3=1 threads=16 calls=16 elapsed_us=25
GGML_CPU_SHAPE_PROFILE phase=repack_pack_thread name=node_1865 a=blk.36.inp_gate.weight at=q4_0 bt=f32 k=2560 m=256 n=1 b2=1 b3=1 a2=1 a3=1 threads=8 calls=1016 elapsed_us=194
GGML_CPU_SHAPE_PROFILE phase=repack_pack_thread name=ffn_gate-15 a=blk.15.ffn_gate.weight at=q4_0 bt=f32 k=2560 m=10240 n=4 b2=1 b3=1 a2=1 a3=1 threads=8 calls=8 elapsed_us=3
GGML_CPU_SHAPE_PROFILE phase=repack_pack_thread name=ffn_out-29 a=blk.29.ffn_down.weight at=q4_0 bt=f32 k=10240 m=2560 n=4 b2=1 b3=1 a2=1 a3=1 threads=8 calls=8 elapsed_us=9
GGML_CPU_SHAPE_PROFILE phase=node_wall name=ffn_up-33 a=blk.33.ffn_up.weight at=q4_0 bt=f32 k=2560 m=10240 n=21 b2=1 b3=1 a2=1 a3=1 threads=16 calls=1 elapsed_us=2354
GGML_CPU_SHAPE_PROFILE phase=node_wall name=ffn_out-33 a=blk.33.ffn_down.weight at=q4_0 bt=f32 k=10240 m=2560 n=21 b2=1 b3=1 a2=1 a3=1 threads=16 calls=1 elapsed_us=1986
GGML_CPU_SHAPE_PROFILE phase=repack_pack_thread name=node_1745 a=blk.33.inp_gate.weight at=q4_0 bt=f32 k=2560 m=256 n=21 b2=1 b3=1 a2=1 a3=1 threads=16 calls=16 elapsed_us=30
GGML_CPU_SHAPE_PROFILE phase=repack_pack_thread name=node_1749 a=blk.33.proj.weight at=q4_0 bt=f32 k=256 m=2560 n=21 b2=1 b3=1 a2=1 a3=1 threads=16 calls=16 elapsed_us=7
GGML_CPU_SHAPE_PROFILE phase=node_wall name=Vcur-7 a=blk.7.attn_v.weight at=q4_0 bt=f32 k=2560 m=512 n=4 b2=1 b3=1 a2=1 a3=1 threads=8 calls=1 elapsed_us=52
GGML_CPU_SHAPE_PROFILE phase=node_wall name=Qcur-19 a=blk.19.attn_q.weight at=q4_0 bt=f32 k=2560 m=2048 n=1 b2=1 b3=1 a2=1 a3=1 threads=8 calls=127 elapsed_us=10273
GGML_CPU_SHAPE_PROFILE phase=node_wall name=kq-34 a=cache_k_l22 (view) (permuted) at=f16 bt=f32 k=256 m=768 n=21 b2=8 b3=1 a2=2 a3=1 threads=16 calls=1 elapsed_us=917
GGML_CPU_SHAPE_PROFILE phase=generic_pack_thread name=kqv-34 a=cache_v_l22 (view) (permuted) at=f16 bt=f32 k=768 m=256 n=21 b2=8 b3=1 a2=2 a3=1 threads=16 calls=16 elapsed_us=273
GGML_CPU_SHAPE_PROFILE phase=node_wall name=ffn_up-2 a=blk.2.ffn_up.weight at=q4_0 bt=f32 k=2560 m=10240 n=21 b2=1 b3=1 a2=1 a3=1 threads=16 calls=1 elapsed_us=2230
GGML_CPU_SHAPE_PROFILE phase=repack_pack_thread name=node_1772 a=blk.34.attn_output.weight at=q4_0 bt=f32 k=2048 m=2560 n=21 b2=1 b3=1 a2=1 a3=1 threads=16 calls=16 elapsed_us=26
GGML_CPU_SHAPE_PROFILE phase=repack_pack_thread name=ffn_gate-34 a=blk.34.ffn_gate.weight at=q4_0 bt=f32 k=2560 m=10240 n=21 b2=1 b3=1 a2=1 a3=1 threads=16 calls=16 elapsed_us=28
GGML_CPU_SHAPE_PROFILE phase=node_wall name=ffn_gate-34 a=blk.34.ffn_gate.weight at=q4_0 bt=f32 k=2560 m=10240 n=21 b2=1 b3=1 a2=1 a3=1 threads=16 calls=1 elapsed_us=2336
GGML_CPU_SHAPE_PROFILE phase=repack_pack_thread name=ffn_up-34 a=blk.34.ffn_up.weight at=q4_0 bt=f32 k=2560 m=10240 n=21 b2=1 b3=1 a2=1 a3=1 threads=16 calls=16 elapsed_us=32
GGML_CPU_SHAPE_PROFILE phase=generic_pack_thread name=kqv-9 a=cache_v_l9 (view) (permuted) at=f16 bt=f32 k=768 m=256 n=1 b2=8 b3=1 a2=2 a3=1 threads=8 calls=1016 elapsed_us=1852
GGML_CPU_SHAPE_PROFILE phase=node_wall name=ffn_up-0 a=blk.0.ffn_up.weight at=q4_0 bt=f32 k=2560 m=10240 n=4 b2=1 b3=1 a2=1 a3=1 threads=8 calls=1 elapsed_us=720
GGML_CPU_SHAPE_PROFILE phase=generic_pack_thread name=kq-8 a=cache_k_l8 (view) (permuted) at=f16 bt=f32 k=256 m=768 n=1 b2=8 b3=1 a2=2 a3=1 threads=8 calls=1016 elapsed_us=496
GGML_CPU_SHAPE_PROFILE phase=repack_pack_thread name=Vcur-14 a=blk.14.attn_v.weight at=q4_0 bt=f32 k=2560 m=512 n=4 b2=1 b3=1 a2=1 a3=1 threads=8 calls=8 elapsed_us=3
GGML_CPU_SHAPE_PROFILE phase=repack_pack_thread name=ffn_gate-4 a=blk.4.ffn_gate.weight at=q4_0 bt=f32 k=2560 m=10240 n=21 b2=1 b3=1 a2=1 a3=1 threads=16 calls=16 elapsed_us=28
GGML_CPU_SHAPE_PROFILE phase=node_wall name=ffn_up-34 a=blk.34.ffn_up.weight at=q4_0 bt=f32 k=2560 m=10240 n=21 b2=1 b3=1 a2=1 a3=1 threads=16 calls=1 elapsed_us=2336
GGML_CPU_SHAPE_PROFILE phase=repack_pack_thread name=ffn_out-34 a=blk.34.ffn_down.weight at=q4_0 bt=f32 k=10240 m=2560 n=21 b2=1 b3=1 a2=1 a3=1 threads=16 calls=16 elapsed_us=115
GGML_CPU_SHAPE_PROFILE phase=repack_pack_thread name=ffn_gate-10 a=blk.10.ffn_gate.weight at=q4_0 bt=f32 k=2560 m=10240 n=2 b2=1 b3=1 a2=1 a3=1 threads=8 calls=8 elapsed_us=3
GGML_CPU_SHAPE_PROFILE phase=repack_pack_thread name=node_1785 a=blk.34.inp_gate.weight at=q4_0 bt=f32 k=2560 m=256 n=21 b2=1 b3=1 a2=1 a3=1 threads=16 calls=16 elapsed_us=38
GGML_CPU_SHAPE_PROFILE phase=node_wall name=kq-35 a=cache_k_l23 (view) (permuted) at=f16 bt=f32 k=512 m=64768 n=21 b2=8 b3=1 a2=2 a3=1 threads=16 calls=1 elapsed_us=39881
GGML_CPU_SHAPE_PROFILE phase=generic_pack_thread name=kqv-35 a=cache_v_l23 (view) (permuted) at=f16 bt=f32 k=64768 m=512 n=21 b2=8 b3=1 a2=2 a3=1 threads=16 calls=16 elapsed_us=20047
GGML_CPU_SHAPE_PROFILE phase=repack_pack_thread name=node_396 a=blk.6.inp_gate.weight at=q4_0 bt=f32 k=2560 m=256 n=4 b2=1 b3=1 a2=1 a3=1 threads=8 calls=8 elapsed_us=3
GGML_CPU_SHAPE_PROFILE phase=node_wall name=node_1812 a=blk.35.attn_output.weight at=q4_0 bt=f32 k=4096 m=2560 n=21 b2=1 b3=1 a2=1 a3=1 threads=16 calls=1 elapsed_us=1202
GGML_CPU_SHAPE_PROFILE phase=node_wall name=ffn_out-19 a=blk.19.ffn_down.weight at=q4_0 bt=f32 k=10240 m=2560 n=4 b2=1 b3=1 a2=1 a3=1 threads=8 calls=1 elapsed_us=638
GGML_CPU_SHAPE_PROFILE phase=repack_pack_thread name=ffn_gate-35 a=blk.35.ffn_gate.weight at=q4_0 bt=f32 k=2560 m=10240 n=21 b2=1 b3=1 a2=1 a3=1 threads=16 calls=16 elapsed_us=31
GGML_CPU_SHAPE_PROFILE phase=node_wall name=ffn_gate-35 a=blk.35.ffn_gate.weight at=q4_0 bt=f32 k=2560 m=10240 n=21 b2=1 b3=1 a2=1 a3=1 threads=16 calls=1 elapsed_us=2335
GGML_CPU_SHAPE_PROFILE phase=node_wall name=ffn_out-11 a=blk.11.ffn_down.weight at=q4_0 bt=f32 k=10240 m=2560 n=4 b2=1 b3=1 a2=1 a3=1 threads=8 calls=1 elapsed_us=707
GGML_CPU_SHAPE_PROFILE phase=repack_pack_thread name=node_104 a=blk.1.attn_output.weight at=q4_0 bt=f32 k=2048 m=2560 n=1 b2=1 b3=1 a2=1 a3=1 threads=8 calls=1016 elapsed_us=175
GGML_CPU_SHAPE_PROFILE phase=node_wall name=ffn_out-10 a=blk.10.ffn_down.weight at=q4_0 bt=f32 k=10240 m=2560 n=2 b2=1 b3=1 a2=1 a3=1 threads=8 calls=1 elapsed_us=502
GGML_CPU_SHAPE_PROFILE phase=repack_pack_thread name=ffn_up-35 a=blk.35.ffn_up.weight at=q4_0 bt=f32 k=2560 m=10240 n=21 b2=1 b3=1 a2=1 a3=1 threads=16 calls=16 elapsed_us=28
GGML_CPU_SHAPE_PROFILE phase=node_wall name=node_508 a=blk.8.inp_gate.weight at=q4_0 bt=f32 k=2560 m=256 n=2 b2=1 b3=1 a2=1 a3=1 threads=8 calls=1 elapsed_us=32
GGML_CPU_SHAPE_PROFILE phase=repack_pack_thread name=node_959 a=blk.16.proj.weight at=q4_0 bt=f32 k=256 m=2560 n=21 b2=1 b3=1 a2=1 a3=1 threads=16 calls=16 elapsed_us=5
GGML_CPU_SHAPE_PROFILE phase=repack_pack_thread name=node_1825 a=blk.35.inp_gate.weight at=q4_0 bt=f32 k=2560 m=256 n=21 b2=1 b3=1 a2=1 a3=1 threads=16 calls=16 elapsed_us=30
GGML_CPU_SHAPE_PROFILE phase=node_wall name=ffn_out-1 a=blk.1.ffn_down.weight at=q4_0 bt=f32 k=10240 m=2560 n=2 b2=1 b3=1 a2=1 a3=1 threads=8 calls=1 elapsed_us=503
GGML_CPU_SHAPE_PROFILE phase=node_wall name=node_1829 a=blk.35.proj.weight at=q4_0 bt=f32 k=256 m=2560 n=21 b2=1 b3=1 a2=1 a3=1 threads=16 calls=1 elapsed_us=160
GGML_CPU_SHAPE_PROFILE phase=generic_pack_thread name=kq-29 a=cache_k_l23 (view) (permuted) at=f16 bt=f32 k=512 m=65024 n=1 b2=8 b3=1 a2=2 a3=1 threads=8 calls=336 elapsed_us=256
GGML_CPU_SHAPE_PROFILE phase=node_wall name=kqv-3 a=cache_v_l3 (view) (permuted) at=f16 bt=f32 k=768 m=256 n=4 b2=8 b3=1 a2=2 a3=1 threads=8 calls=1 elapsed_us=133
GGML_CPU_SHAPE_PROFILE phase=generic_pack_thread name=kqv-28 a=cache_v_l22 (view) (permuted) at=f16 bt=f32 k=768 m=256 n=4 b2=8 b3=1 a2=2 a3=1 threads=8 calls=8 elapsed_us=35
GGML_CPU_SHAPE_PROFILE phase=generic_pack_thread name=kqv-36 a=cache_v_l22 (view) (permuted) at=f16 bt=f32 k=768 m=256 n=21 b2=8 b3=1 a2=2 a3=1 threads=16 calls=16 elapsed_us=295
GGML_CPU_SHAPE_PROFILE phase=node_wall name=Kcur-15 a=blk.15.attn_k.weight at=q4_0 bt=f32 k=2560 m=512 n=1 b2=1 b3=1 a2=1 a3=1 threads=8 calls=127 elapsed_us=3676
GGML_CPU_SHAPE_PROFILE phase=node_wall name=Vcur-15 a=blk.15.attn_v.weight at=q4_0 bt=f32 k=2560 m=512 n=21 b2=1 b3=1 a2=1 a3=1 threads=16 calls=1 elapsed_us=290
GGML_CPU_SHAPE_PROFILE phase=repack_pack_thread name=Qcur-13 a=blk.13.attn_q.weight at=q4_0 bt=f32 k=2560 m=2048 n=4 b2=1 b3=1 a2=1 a3=1 threads=8 calls=8 elapsed_us=2
GGML_CPU_SHAPE_PROFILE phase=repack_pack_thread name=node_1852 a=blk.36.attn_output.weight at=q4_0 bt=f32 k=2048 m=2560 n=21 b2=1 b3=1 a2=1 a3=1 threads=16 calls=16 elapsed_us=24
GGML_CPU_SHAPE_PROFILE phase=repack_pack_thread name=Qcur-33 a=blk.33.attn_q.weight at=q4_0 bt=f32 k=2560 m=2048 n=2 b2=1 b3=1 a2=1 a3=1 threads=8 calls=8 elapsed_us=4
GGML_CPU_SHAPE_PROFILE phase=repack_pack_thread name=ffn_gate-6 a=blk.6.ffn_gate.weight at=q4_0 bt=f32 k=2560 m=10240 n=4 b2=1 b3=1 a2=1 a3=1 threads=8 calls=8 elapsed_us=3
GGML_CPU_SHAPE_PROFILE phase=node_wall name=ffn_gate-36 a=blk.36.ffn_gate.weight at=q4_0 bt=f32 k=2560 m=10240 n=21 b2=1 b3=1 a2=1 a3=1 threads=16 calls=1 elapsed_us=2336
GGML_CPU_SHAPE_PROFILE phase=repack_pack_thread name=ffn_up-36 a=blk.36.ffn_up.weight at=q4_0 bt=f32 k=2560 m=10240 n=21 b2=1 b3=1 a2=1 a3=1 threads=16 calls=16 elapsed_us=28
GGML_CPU_SHAPE_PROFILE phase=node_wall name=ffn_up-36 a=blk.36.ffn_up.weight at=q4_0 bt=f32 k=2560 m=10240 n=21 b2=1 b3=1 a2=1 a3=1 threads=16 calls=1 elapsed_us=2343
GGML_CPU_SHAPE_PROFILE phase=node_wall name=node_1332 a=blk.23.attn_output.weight at=q4_0 bt=f32 k=4096 m=2560 n=4 b2=1 b3=1 a2=1 a3=1 threads=8 calls=1 elapsed_us=221
GGML_CPU_SHAPE_PROFILE phase=repack_pack_thread name=ffn_out-36 a=blk.36.ffn_down.weight at=q4_0 bt=f32 k=10240 m=2560 n=21 b2=1 b3=1 a2=1 a3=1 threads=16 calls=16 elapsed_us=109
GGML_CPU_SHAPE_PROFILE phase=node_wall name=ffn_up-18 a=blk.18.ffn_up.weight at=q4_0 bt=f32 k=2560 m=10240 n=4 b2=1 b3=1 a2=1 a3=1 threads=8 calls=1 elapsed_us=463
GGML_CPU_SHAPE_PROFILE phase=repack_pack_thread name=Vcur-15 a=blk.15.attn_v.weight at=q4_0 bt=f32 k=2560 m=512 n=2 b2=1 b3=1 a2=1 a3=1 threads=8 calls=8 elapsed_us=3
GGML_CPU_SHAPE_PROFILE phase=node_wall name=node_830 a=blk.14.attn_output.weight at=q4_0 bt=f32 k=2048 m=2560 n=21 b2=1 b3=1 a2=1 a3=1 threads=16 calls=1 elapsed_us=637
GGML_CPU_SHAPE_PROFILE phase=repack_pack_thread name=node_1865 a=blk.36.inp_gate.weight at=q4_0 bt=f32 k=2560 m=256 n=21 b2=1 b3=1 a2=1 a3=1 threads=16 calls=16 elapsed_us=32
GGML_CPU_SHAPE_PROFILE phase=node_wall name=node_1869 a=blk.36.proj.weight at=q4_0 bt=f32 k=256 m=2560 n=21 b2=1 b3=1 a2=1 a3=1 threads=16 calls=1 elapsed_us=152
GGML_CPU_SHAPE_PROFILE phase=repack_pack_thread name=Qcur-37 a=blk.37.attn_q.weight at=q4_0 bt=f32 k=2560 m=2048 n=21 b2=1 b3=1 a2=1 a3=1 threads=16 calls=16 elapsed_us=27
GGML_CPU_SHAPE_PROFILE phase=node_wall name=Qcur-37 a=blk.37.attn_q.weight at=q4_0 bt=f32 k=2560 m=2048 n=21 b2=1 b3=1 a2=1 a3=1 threads=16 calls=1 elapsed_us=896
GGML_CPU_SHAPE_PROFILE phase=node_wall name=kq-37 a=cache_k_l22 (view) (permuted) at=f16 bt=f32 k=256 m=768 n=21 b2=8 b3=1 a2=2 a3=1 threads=16 calls=1 elapsed_us=939
GGML_CPU_SHAPE_PROFILE phase=node_wall name=ffn_out-20 a=blk.20.ffn_down.weight at=q4_0 bt=f32 k=10240 m=2560 n=4 b2=1 b3=1 a2=1 a3=1 threads=8 calls=1 elapsed_us=467
GGML_CPU_SHAPE_PROFILE phase=repack_pack_thread name=ffn_gate-37 a=blk.37.ffn_gate.weight at=q4_0 bt=f32 k=2560 m=10240 n=21 b2=1 b3=1 a2=1 a3=1 threads=16 calls=16 elapsed_us=27
GGML_CPU_SHAPE_PROFILE phase=node_wall name=ffn_gate-37 a=blk.37.ffn_gate.weight at=q4_0 bt=f32 k=2560 m=10240 n=21 b2=1 b3=1 a2=1 a3=1 threads=16 calls=1 elapsed_us=2328
GGML_CPU_SHAPE_PROFILE phase=repack_pack_thread name=ffn_up-37 a=blk.37.ffn_up.weight at=q4_0 bt=f32 k=2560 m=10240 n=21 b2=1 b3=1 a2=1 a3=1 threads=16 calls=16 elapsed_us=27
GGML_CPU_SHAPE_PROFILE phase=repack_pack_thread name=ffn_up-2 a=blk.2.ffn_up.weight at=q4_0 bt=f32 k=2560 m=10240 n=21 b2=1 b3=1 a2=1 a3=1 threads=16 calls=16 elapsed_us=25
GGML_CPU_SHAPE_PROFILE phase=node_wall name=ffn_up-37 a=blk.37.ffn_up.weight at=q4_0 bt=f32 k=2560 m=10240 n=21 b2=1 b3=1 a2=1 a3=1 threads=16 calls=1 elapsed_us=2333
GGML_CPU_SHAPE_PROFILE phase=node_wall name=ffn_out-37 a=blk.37.ffn_down.weight at=q4_0 bt=f32 k=10240 m=2560 n=21 b2=1 b3=1 a2=1 a3=1 threads=16 calls=1 elapsed_us=3090
GGML_CPU_SHAPE_PROFILE phase=node_wall name=node_1949 a=blk.38.proj.weight at=q4_0 bt=f32 k=256 m=2560 n=4 b2=1 b3=1 a2=1 a3=1 threads=8 calls=1 elapsed_us=33
GGML_CPU_SHAPE_PROFILE phase=repack_pack_thread name=Qcur-38 a=blk.38.attn_q.weight at=q4_0 bt=f32 k=2560 m=2048 n=21 b2=1 b3=1 a2=1 a3=1 threads=16 calls=16 elapsed_us=28
GGML_CPU_SHAPE_PROFILE phase=repack_pack_thread name=ffn_out-38 a=blk.38.ffn_down.weight at=q4_0 bt=f32 k=10240 m=2560 n=1 b2=1 b3=1 a2=1 a3=1 threads=8 calls=1016 elapsed_us=721
GGML_CPU_SHAPE_PROFILE phase=node_wall name=Qcur-38 a=blk.38.attn_q.weight at=q4_0 bt=f32 k=2560 m=2048 n=21 b2=1 b3=1 a2=1 a3=1 threads=16 calls=1 elapsed_us=578
GGML_CPU_SHAPE_PROFILE phase=repack_pack_thread name=ffn_up-15 a=blk.15.ffn_up.weight at=q4_0 bt=f32 k=2560 m=10240 n=21 b2=1 b3=1 a2=1 a3=1 threads=16 calls=16 elapsed_us=32
GGML_CPU_SHAPE_PROFILE phase=node_wall name=node_229 a=blk.3.inp_gate.weight at=q4_0 bt=f32 k=2560 m=256 n=4 b2=1 b3=1 a2=1 a3=1 threads=8 calls=1 elapsed_us=37
GGML_CPU_SHAPE_PROFILE phase=generic_pack_thread name=kqv-6 a=cache_v_l6 (view) (permuted) at=f16 bt=f32 k=768 m=256 n=1 b2=8 b3=1 a2=2 a3=1 threads=8 calls=1016 elapsed_us=1820
GGML_CPU_SHAPE_PROFILE phase=node_wall name=kq-38 a=cache_k_l22 (view) (permuted) at=f16 bt=f32 k=256 m=768 n=21 b2=8 b3=1 a2=2 a3=1 threads=16 calls=1 elapsed_us=889
GGML_CPU_SHAPE_PROFILE phase=repack_pack_thread name=node_1909 a=blk.37.proj.weight at=q4_0 bt=f32 k=256 m=2560 n=1 b2=1 b3=1 a2=1 a3=1 threads=8 calls=1016 elapsed_us=55
GGML_CPU_SHAPE_PROFILE phase=repack_pack_thread name=node_1572 a=blk.29.attn_output.weight at=q4_0 bt=f32 k=4096 m=2560 n=4 b2=1 b3=1 a2=1 a3=1 threads=8 calls=8 elapsed_us=7
GGML_CPU_SHAPE_PROFILE phase=repack_pack_thread name=node_1612 a=blk.30.attn_output.weight at=q4_0 bt=f32 k=2048 m=2560 n=4 b2=1 b3=1 a2=1 a3=1 threads=8 calls=8 elapsed_us=3
GGML_CPU_SHAPE_PROFILE phase=repack_pack_thread name=node_1932 a=blk.38.attn_output.weight at=q4_0 bt=f32 k=2048 m=2560 n=21 b2=1 b3=1 a2=1 a3=1 threads=16 calls=16 elapsed_us=21
GGML_CPU_SHAPE_PROFILE phase=node_wall name=node_1932 a=blk.38.attn_output.weight at=q4_0 bt=f32 k=2048 m=2560 n=21 b2=1 b3=1 a2=1 a3=1 threads=16 calls=1 elapsed_us=508
GGML_CPU_SHAPE_PROFILE phase=generic_pack_thread name=kqv-40 a=cache_v_l22 (view) (permuted) at=f16 bt=f32 k=768 m=256 n=1 b2=8 b3=1 a2=2 a3=1 threads=8 calls=1016 elapsed_us=1844
GGML_CPU_SHAPE_PROFILE phase=node_wall name=ffn_gate-38 a=blk.38.ffn_gate.weight at=q4_0 bt=f32 k=2560 m=10240 n=21 b2=1 b3=1 a2=1 a3=1 threads=16 calls=1 elapsed_us=2179
GGML_CPU_SHAPE_PROFILE phase=repack_pack_thread name=ffn_up-2 a=blk.2.ffn_up.weight at=q4_0 bt=f32 k=2560 m=10240 n=1 b2=1 b3=1 a2=1 a3=1 threads=8 calls=1016 elapsed_us=225
GGML_CPU_SHAPE_PROFILE phase=node_wall name=ffn_up-38 a=blk.38.ffn_up.weight at=q4_0 bt=f32 k=2560 m=10240 n=21 b2=1 b3=1 a2=1 a3=1 threads=16 calls=1 elapsed_us=2373
GGML_CPU_SHAPE_PROFILE phase=repack_pack_thread name=ffn_out-27 a=blk.27.ffn_down.weight at=q4_0 bt=f32 k=10240 m=2560 n=2 b2=1 b3=1 a2=1 a3=1 threads=8 calls=8 elapsed_us=12
GGML_CPU_SHAPE_PROFILE phase=generic_pack_thread name=kqv-12 a=cache_v_l12 (view) (permuted) at=f16 bt=f32 k=768 m=256 n=4 b2=8 b3=1 a2=2 a3=1 threads=8 calls=8 elapsed_us=30
GGML_CPU_SHAPE_PROFILE phase=node_wall name=kq-41 a=cache_k_l23 (view) (permuted) at=f16 bt=f32 k=512 m=64768 n=21 b2=8 b3=1 a2=2 a3=1 threads=16 calls=1 elapsed_us=37887
GGML_CPU_SHAPE_PROFILE phase=repack_pack_thread name=Kcur-6 a=blk.6.attn_k.weight at=q4_0 bt=f32 k=2560 m=512 n=4 b2=1 b3=1 a2=1 a3=1 threads=8 calls=8 elapsed_us=2
GGML_CPU_SHAPE_PROFILE phase=repack_pack_thread name=node_1945 a=blk.38.inp_gate.weight at=q4_0 bt=f32 k=2560 m=256 n=21 b2=1 b3=1 a2=1 a3=1 threads=16 calls=16 elapsed_us=34
GGML_CPU_SHAPE_PROFILE phase=node_wall name=node_1945 a=blk.38.inp_gate.weight at=q4_0 bt=f32 k=2560 m=256 n=21 b2=1 b3=1 a2=1 a3=1 threads=16 calls=1 elapsed_us=291
GGML_CPU_SHAPE_PROFILE phase=repack_pack_thread name=node_1452 a=blk.26.attn_output.weight at=q4_0 bt=f32 k=2048 m=2560 n=4 b2=1 b3=1 a2=1 a3=1 threads=8 calls=8 elapsed_us=2
GGML_CPU_SHAPE_PROFILE phase=node_wall name=node_1949 a=blk.38.proj.weight at=q4_0 bt=f32 k=256 m=2560 n=21 b2=1 b3=1 a2=1 a3=1 threads=16 calls=1 elapsed_us=152
GGML_CPU_SHAPE_PROFILE phase=node_wall name=kq-39 a=cache_k_l22 (view) (permuted) at=f16 bt=f32 k=256 m=768 n=21 b2=8 b3=1 a2=2 a3=1 threads=16 calls=1 elapsed_us=886
GGML_CPU_SHAPE_PROFILE phase=node_wall name=kqv-39 a=cache_v_l22 (view) (permuted) at=f16 bt=f32 k=768 m=256 n=21 b2=8 b3=1 a2=2 a3=1 threads=16 calls=1 elapsed_us=23009
GGML_CPU_SHAPE_PROFILE phase=node_wall name=node_1972 a=blk.39.attn_output.weight at=q4_0 bt=f32 k=2048 m=2560 n=21 b2=1 b3=1 a2=1 a3=1 threads=16 calls=1 elapsed_us=530
GGML_CPU_SHAPE_PROFILE phase=repack_pack_thread name=ffn_gate-39 a=blk.39.ffn_gate.weight at=q4_0 bt=f32 k=2560 m=10240 n=21 b2=1 b3=1 a2=1 a3=1 threads=16 calls=16 elapsed_us=29
GGML_CPU_SHAPE_PROFILE phase=node_wall name=Qcur-27 a=blk.27.attn_q.weight at=q4_0 bt=f32 k=2560 m=2048 n=1 b2=1 b3=1 a2=1 a3=1 threads=8 calls=127 elapsed_us=9514
GGML_CPU_SHAPE_PROFILE phase=generic_pack_thread name=kqv-22 a=cache_v_l22 (view) (permuted) at=f16 bt=f32 k=768 m=256 n=21 b2=8 b3=1 a2=2 a3=1 threads=16 calls=16 elapsed_us=317
GGML_CPU_SHAPE_PROFILE phase=node_wall name=ffn_gate-39 a=blk.39.ffn_gate.weight at=q4_0 bt=f32 k=2560 m=10240 n=21 b2=1 b3=1 a2=1 a3=1 threads=16 calls=1 elapsed_us=2324
GGML_CPU_SHAPE_PROFILE phase=generic_pack_thread name=kq-39 a=cache_k_l22 (view) (permuted) at=f16 bt=f32 k=256 m=768 n=4 b2=8 b3=1 a2=2 a3=1 threads=8 calls=8 elapsed_us=15
GGML_CPU_SHAPE_PROFILE phase=repack_pack_thread name=ffn_out-39 a=blk.39.ffn_down.weight at=q4_0 bt=f32 k=10240 m=2560 n=21 b2=1 b3=1 a2=1 a3=1 threads=16 calls=16 elapsed_us=105
GGML_CPU_SHAPE_PROFILE phase=generic_pack_thread name=kq-39 a=cache_k_l22 (view) (permuted) at=f16 bt=f32 k=256 m=768 n=21 b2=8 b3=1 a2=2 a3=1 threads=16 calls=16 elapsed_us=199
GGML_CPU_SHAPE_PROFILE phase=node_wall name=node_1985 a=blk.39.inp_gate.weight at=q4_0 bt=f32 k=2560 m=256 n=21 b2=1 b3=1 a2=1 a3=1 threads=16 calls=1 elapsed_us=92
GGML_CPU_SHAPE_PROFILE phase=repack_pack_thread name=Qcur-40 a=blk.40.attn_q.weight at=q4_0 bt=f32 k=2560 m=2048 n=21 b2=1 b3=1 a2=1 a3=1 threads=16 calls=16 elapsed_us=25
GGML_CPU_SHAPE_PROFILE phase=node_wall name=ffn_out-36 a=blk.36.ffn_down.weight at=q4_0 bt=f32 k=10240 m=2560 n=4 b2=1 b3=1 a2=1 a3=1 threads=8 calls=1 elapsed_us=700
GGML_CPU_SHAPE_PROFILE phase=node_wall name=Qcur-40 a=blk.40.attn_q.weight at=q4_0 bt=f32 k=2560 m=2048 n=21 b2=1 b3=1 a2=1 a3=1 threads=16 calls=1 elapsed_us=361
GGML_CPU_SHAPE_PROFILE phase=generic_pack_thread name=kq-40 a=cache_k_l22 (view) (permuted) at=f16 bt=f32 k=256 m=768 n=21 b2=8 b3=1 a2=2 a3=1 threads=16 calls=16 elapsed_us=211
GGML_CPU_SHAPE_PROFILE phase=repack_pack_thread name=node_2052 a=blk.41.attn_output.weight at=q4_0 bt=f32 k=4096 m=2560 n=21 b2=1 b3=1 a2=1 a3=1 threads=16 calls=16 elapsed_us=51
GGML_CPU_SHAPE_PROFILE phase=node_wall name=kq-40 a=cache_k_l22 (view) (permuted) at=f16 bt=f32 k=256 m=768 n=21 b2=8 b3=1 a2=2 a3=1 threads=16 calls=1 elapsed_us=290
GGML_CPU_SHAPE_PROFILE phase=node_wall name=ffn_up-32 a=blk.32.ffn_up.weight at=q4_0 bt=f32 k=2560 m=10240 n=21 b2=1 b3=1 a2=1 a3=1 threads=16 calls=1 elapsed_us=2352
GGML_CPU_SHAPE_PROFILE phase=node_wall name=kqv-40 a=cache_v_l22 (view) (permuted) at=f16 bt=f32 k=768 m=256 n=21 b2=8 b3=1 a2=2 a3=1 threads=16 calls=1 elapsed_us=405
GGML_CPU_SHAPE_PROFILE phase=node_wall name=node_1545 a=blk.28.inp_gate.weight at=q4_0 bt=f32 k=2560 m=256 n=21 b2=1 b3=1 a2=1 a3=1 threads=16 calls=1 elapsed_us=90
GGML_CPU_SHAPE_PROFILE phase=node_wall name=ffn_out-40 a=blk.40.ffn_down.weight at=q4_0 bt=f32 k=10240 m=2560 n=21 b2=1 b3=1 a2=1 a3=1 threads=16 calls=1 elapsed_us=1644
GGML_CPU_SHAPE_PROFILE phase=node_wall name=ffn_up-29 a=blk.29.ffn_up.weight at=q4_0 bt=f32 k=2560 m=10240 n=1 b2=1 b3=1 a2=1 a3=1 threads=8 calls=127 elapsed_us=40518
GGML_CPU_SHAPE_PROFILE phase=repack_pack_thread name=node_2025 a=blk.40.inp_gate.weight at=q4_0 bt=f32 k=2560 m=256 n=21 b2=1 b3=1 a2=1 a3=1 threads=16 calls=16 elapsed_us=30
GGML_CPU_SHAPE_PROFILE phase=repack_pack_thread name=node_1572 a=blk.29.attn_output.weight at=q4_0 bt=f32 k=4096 m=2560 n=21 b2=1 b3=1 a2=1 a3=1 threads=16 calls=16 elapsed_us=52
GGML_CPU_SHAPE_PROFILE phase=node_wall name=node_2025 a=blk.40.inp_gate.weight at=q4_0 bt=f32 k=2560 m=256 n=21 b2=1 b3=1 a2=1 a3=1 threads=16 calls=1 elapsed_us=124
GGML_CPU_SHAPE_PROFILE phase=repack_pack_thread name=Vcur-19 a=blk.19.attn_v.weight at=q4_0 bt=f32 k=2560 m=512 n=21 b2=1 b3=1 a2=1 a3=1 threads=16 calls=16 elapsed_us=32
GGML_CPU_SHAPE_PROFILE phase=repack_pack_thread name=Qcur-41 a=blk.41.attn_q.weight at=q4_0 bt=f32 k=2560 m=4096 n=21 b2=1 b3=1 a2=1 a3=1 threads=16 calls=16 elapsed_us=25
GGML_CPU_SHAPE_PROFILE phase=repack_pack_thread name=ffn_out-27 a=blk.27.ffn_down.weight at=q4_0 bt=f32 k=10240 m=2560 n=1 b2=1 b3=1 a2=1 a3=1 threads=8 calls=1016 elapsed_us=719
GGML_CPU_SHAPE_PROFILE phase=node_wall name=Qcur-41 a=blk.41.attn_q.weight at=q4_0 bt=f32 k=2560 m=4096 n=21 b2=1 b3=1 a2=1 a3=1 threads=16 calls=1 elapsed_us=671
GGML_CPU_SHAPE_PROFILE phase=repack_pack_thread name=ffn_out-41 a=blk.41.ffn_down.weight at=q4_0 bt=f32 k=10240 m=2560 n=21 b2=1 b3=1 a2=1 a3=1 threads=16 calls=16 elapsed_us=104
GGML_CPU_SHAPE_PROFILE phase=node_wall name=ffn_out-41 a=blk.41.ffn_down.weight at=q4_0 bt=f32 k=10240 m=2560 n=21 b2=1 b3=1 a2=1 a3=1 threads=16 calls=1 elapsed_us=1722
GGML_CPU_SHAPE_PROFILE phase=repack_pack_thread name=node_2065 a=blk.41.inp_gate.weight at=q4_0 bt=f32 k=2560 m=256 n=21 b2=1 b3=1 a2=1 a3=1 threads=16 calls=16 elapsed_us=32
GGML_CPU_SHAPE_PROFILE phase=generic_pack_thread name=kqv-5 a=cache_v_l5 (view) (permuted) at=f16 bt=f32 k=256 m=512 n=2 b2=8 b3=1 a2=2 a3=1 threads=8 calls=8 elapsed_us=8
GGML_CPU_SHAPE_PROFILE phase=repack_pack_thread name=Qcur-0 a=blk.0.attn_q.weight at=q4_0 bt=f32 k=2560 m=2048 n=4 b2=1 b3=1 a2=1 a3=1 threads=8 calls=8 elapsed_us=5
GGML_CPU_SHAPE_PROFILE phase=repack_pack_thread name=ffn_up-29 a=blk.29.ffn_up.weight at=q4_0 bt=f32 k=2560 m=10240 n=21 b2=1 b3=1 a2=1 a3=1 threads=16 calls=16 elapsed_us=32
GGML_CPU_SHAPE_PROFILE phase=repack_pack_thread name=Kcur-0 a=blk.0.attn_k.weight at=q4_0 bt=f32 k=2560 m=512 n=4 b2=1 b3=1 a2=1 a3=1 threads=8 calls=8 elapsed_us=3
GGML_CPU_SHAPE_PROFILE phase=node_wall name=Kcur-1 a=blk.1.attn_k.weight at=q4_0 bt=f32 k=2560 m=512 n=21 b2=1 b3=1 a2=1 a3=1 threads=16 calls=1 elapsed_us=213
GGML_CPU_SHAPE_PROFILE phase=repack_pack_thread name=Vcur-0 a=blk.0.attn_v.weight at=q4_0 bt=f32 k=2560 m=512 n=4 b2=1 b3=1 a2=1 a3=1 threads=8 calls=8 elapsed_us=2
GGML_CPU_SHAPE_PROFILE phase=node_wall name=kq-36 a=cache_k_l22 (view) (permuted) at=f16 bt=f32 k=256 m=768 n=21 b2=8 b3=1 a2=2 a3=1 threads=16 calls=1 elapsed_us=933
GGML_CPU_SHAPE_PROFILE phase=repack_pack_thread name=ffn_out-21 a=blk.21.ffn_down.weight at=q4_0 bt=f32 k=10240 m=2560 n=4 b2=1 b3=1 a2=1 a3=1 threads=8 calls=8 elapsed_us=10
GGML_CPU_SHAPE_PROFILE phase=node_wall name=Vcur-0 a=blk.0.attn_v.weight at=q4_0 bt=f32 k=2560 m=512 n=4 b2=1 b3=1 a2=1 a3=1 threads=8 calls=1 elapsed_us=50
GGML_CPU_SHAPE_PROFILE phase=node_wall name=kq-0 a=cache_k_l0 (view) (permuted) at=f16 bt=f32 k=256 m=768 n=4 b2=8 b3=1 a2=2 a3=1 threads=8 calls=1 elapsed_us=132
GGML_CPU_SHAPE_PROFILE phase=node_wall name=node_843 a=blk.14.inp_gate.weight at=q4_0 bt=f32 k=2560 m=256 n=2 b2=1 b3=1 a2=1 a3=1 threads=8 calls=1 elapsed_us=35
GGML_CPU_SHAPE_PROFILE phase=node_wall name=node_39 a=blk.0.attn_output.weight at=q4_0 bt=f32 k=2048 m=2560 n=4 b2=1 b3=1 a2=1 a3=1 threads=8 calls=1 elapsed_us=180
GGML_CPU_SHAPE_PROFILE phase=repack_pack_thread name=node_233 a=blk.3.proj.weight at=q4_0 bt=f32 k=256 m=2560 n=1 b2=1 b3=1 a2=1 a3=1 threads=8 calls=1016 elapsed_us=39
GGML_CPU_SHAPE_PROFILE phase=node_wall name=ffn_gate-0 a=blk.0.ffn_gate.weight at=q4_0 bt=f32 k=2560 m=10240 n=4 b2=1 b3=1 a2=1 a3=1 threads=8 calls=1 elapsed_us=712
GGML_CPU_SHAPE_PROFILE phase=generic_pack_thread name=kq-34 a=cache_k_l22 (view) (permuted) at=f16 bt=f32 k=256 m=768 n=21 b2=8 b3=1 a2=2 a3=1 threads=16 calls=16 elapsed_us=204
GGML_CPU_SHAPE_PROFILE phase=repack_pack_thread name=node_65 a=blk.0.proj.weight at=q4_0 bt=f32 k=256 m=2560 n=4 b2=1 b3=1 a2=1 a3=1 threads=8 calls=8 elapsed_us=4
GGML_CPU_SHAPE_PROFILE phase=generic_pack_thread name=kqv-6 a=cache_v_l6 (view) (permuted) at=f16 bt=f32 k=256 m=256 n=2 b2=8 b3=1 a2=2 a3=1 threads=8 calls=8 elapsed_us=7
GGML_CPU_SHAPE_PROFILE phase=node_wall name=kq-0 a=cache_k_l0 (view) (permuted) at=f16 bt=f32 k=256 m=256 n=2 b2=8 b3=1 a2=2 a3=1 threads=8 calls=1 elapsed_us=665
GGML_CPU_SHAPE_PROFILE phase=node_wall name=node_65 a=blk.0.proj.weight at=q4_0 bt=f32 k=256 m=2560 n=4 b2=1 b3=1 a2=1 a3=1 threads=8 calls=1 elapsed_us=55
GGML_CPU_SHAPE_PROFILE phase=node_wall name=ffn_out-35 a=blk.35.ffn_down.weight at=q4_0 bt=f32 k=10240 m=2560 n=21 b2=1 b3=1 a2=1 a3=1 threads=16 calls=1 elapsed_us=2375
GGML_CPU_SHAPE_PROFILE phase=repack_pack_thread name=Qcur-1 a=blk.1.attn_q.weight at=q4_0 bt=f32 k=2560 m=2048 n=4 b2=1 b3=1 a2=1 a3=1 threads=8 calls=8 elapsed_us=3
GGML_CPU_SHAPE_PROFILE phase=generic_pack_thread name=kqv-28 a=cache_v_l22 (view) (permuted) at=f16 bt=f32 k=768 m=256 n=21 b2=8 b3=1 a2=2 a3=1 threads=16 calls=16 elapsed_us=301
GGML_CPU_SHAPE_PROFILE phase=node_wall name=node_2029 a=blk.40.proj.weight at=q4_0 bt=f32 k=256 m=2560 n=21 b2=1 b3=1 a2=1 a3=1 threads=16 calls=1 elapsed_us=68
GGML_CPU_SHAPE_PROFILE phase=node_wall name=Qcur-1 a=blk.1.attn_q.weight at=q4_0 bt=f32 k=2560 m=2048 n=4 b2=1 b3=1 a2=1 a3=1 threads=8 calls=1 elapsed_us=167
GGML_CPU_SHAPE_PROFILE phase=node_wall name=Kcur-1 a=blk.1.attn_k.weight at=q4_0 bt=f32 k=2560 m=512 n=4 b2=1 b3=1 a2=1 a3=1 threads=8 calls=1 elapsed_us=54
GGML_CPU_SHAPE_PROFILE phase=node_wall name=node_1294 a=blk.22.proj.weight at=q4_0 bt=f32 k=256 m=2560 n=4 b2=1 b3=1 a2=1 a3=1 threads=8 calls=1 elapsed_us=25
GGML_CPU_SHAPE_PROFILE phase=generic_pack_thread name=kqv-1 a=cache_v_l1 (view) (permuted) at=f16 bt=f32 k=768 m=256 n=4 b2=8 b3=1 a2=2 a3=1 threads=8 calls=8 elapsed_us=30
GGML_CPU_SHAPE_PROFILE phase=node_wall name=node_104 a=blk.1.attn_output.weight at=q4_0 bt=f32 k=2048 m=2560 n=4 b2=1 b3=1 a2=1 a3=1 threads=8 calls=1 elapsed_us=151
GGML_CPU_SHAPE_PROFILE phase=repack_pack_thread name=ffn_gate-1 a=blk.1.ffn_gate.weight at=q4_0 bt=f32 k=2560 m=10240 n=4 b2=1 b3=1 a2=1 a3=1 threads=8 calls=8 elapsed_us=3
GGML_CPU_SHAPE_PROFILE phase=node_wall name=ffn_gate-1 a=blk.1.ffn_gate.weight at=q4_0 bt=f32 k=2560 m=10240 n=4 b2=1 b3=1 a2=1 a3=1 threads=8 calls=1 elapsed_us=709
GGML_CPU_SHAPE_PROFILE phase=node_wall name=ffn_up-22 a=blk.22.ffn_up.weight at=q4_0 bt=f32 k=2560 m=10240 n=2 b2=1 b3=1 a2=1 a3=1 threads=8 calls=1 elapsed_us=477
GGML_CPU_SHAPE_PROFILE phase=node_wall name=ffn_up-1 a=blk.1.ffn_up.weight at=q4_0 bt=f32 k=2560 m=10240 n=4 b2=1 b3=1 a2=1 a3=1 threads=8 calls=1 elapsed_us=715
GGML_CPU_SHAPE_PROFILE phase=node_wall name=node_121 a=blk.1.proj.weight at=q4_0 bt=f32 k=256 m=2560 n=4 b2=1 b3=1 a2=1 a3=1 threads=8 calls=1 elapsed_us=35
GGML_CPU_SHAPE_PROFILE phase=node_wall name=node_39 a=blk.0.attn_output.weight at=q4_0 bt=f32 k=2048 m=2560 n=1 b2=1 b3=1 a2=1 a3=1 threads=8 calls=127 elapsed_us=10525
GGML_CPU_SHAPE_PROFILE phase=node_wall name=Qcur-2 a=blk.2.attn_q.weight at=q4_0 bt=f32 k=2560 m=2048 n=4 b2=1 b3=1 a2=1 a3=1 threads=8 calls=1 elapsed_us=157
GGML_CPU_SHAPE_PROFILE phase=node_wall name=kq-5 a=cache_k_l5 (view) (permuted) at=f16 bt=f32 k=512 m=64768 n=1 b2=8 b3=1 a2=2 a3=1 threads=8 calls=85 elapsed_us=426218
GGML_CPU_SHAPE_PROFILE phase=repack_pack_thread name=Kcur-2 a=blk.2.attn_k.weight at=q4_0 bt=f32 k=2560 m=512 n=4 b2=1 b3=1 a2=1 a3=1 threads=8 calls=8 elapsed_us=3
GGML_CPU_SHAPE_PROFILE phase=repack_pack_thread name=Vcur-2 a=blk.2.attn_v.weight at=q4_0 bt=f32 k=2560 m=512 n=4 b2=1 b3=1 a2=1 a3=1 threads=8 calls=8 elapsed_us=3
GGML_CPU_SHAPE_PROFILE phase=repack_pack_thread name=ffn_gate-27 a=blk.27.ffn_gate.weight at=q4_0 bt=f32 k=2560 m=10240 n=21 b2=1 b3=1 a2=1 a3=1 threads=16 calls=16 elapsed_us=35
GGML_CPU_SHAPE_PROFILE phase=repack_pack_thread name=ffn_gate-2 a=blk.2.ffn_gate.weight at=q4_0 bt=f32 k=2560 m=10240 n=4 b2=1 b3=1 a2=1 a3=1 threads=8 calls=8 elapsed_us=2
GGML_CPU_SHAPE_PROFILE phase=node_wall name=ffn_up-2 a=blk.2.ffn_up.weight at=q4_0 bt=f32 k=2560 m=10240 n=4 b2=1 b3=1 a2=1 a3=1 threads=8 calls=1 elapsed_us=724
GGML_CPU_SHAPE_PROFILE phase=node_wall name=Vcur-20 a=blk.20.attn_v.weight at=q4_0 bt=f32 k=2560 m=512 n=4 b2=1 b3=1 a2=1 a3=1 threads=8 calls=1 elapsed_us=186
GGML_CPU_SHAPE_PROFILE phase=repack_pack_thread name=node_173 a=blk.2.inp_gate.weight at=q4_0 bt=f32 k=2560 m=256 n=4 b2=1 b3=1 a2=1 a3=1 threads=8 calls=8 elapsed_us=3
GGML_CPU_SHAPE_PROFILE phase=node_wall name=node_173 a=blk.2.inp_gate.weight at=q4_0 bt=f32 k=2560 m=256 n=4 b2=1 b3=1 a2=1 a3=1 threads=8 calls=1 elapsed_us=41
GGML_CPU_SHAPE_PROFILE phase=node_wall name=node_177 a=blk.2.proj.weight at=q4_0 bt=f32 k=256 m=2560 n=4 b2=1 b3=1 a2=1 a3=1 threads=8 calls=1 elapsed_us=40
GGML_CPU_SHAPE_PROFILE phase=node_wall name=Qcur-3 a=blk.3.attn_q.weight at=q4_0 bt=f32 k=2560 m=2048 n=4 b2=1 b3=1 a2=1 a3=1 threads=8 calls=1 elapsed_us=154
GGML_CPU_SHAPE_PROFILE phase=node_wall name=node_1070 a=blk.18.proj.weight at=q4_0 bt=f32 k=256 m=2560 n=2 b2=1 b3=1 a2=1 a3=1 threads=8 calls=1 elapsed_us=20
GGML_CPU_SHAPE_PROFILE phase=node_wall name=Kcur-11 a=blk.11.attn_k.weight at=q4_0 bt=f32 k=2560 m=1024 n=4 b2=1 b3=1 a2=1 a3=1 threads=8 calls=1 elapsed_us=84
GGML_CPU_SHAPE_PROFILE phase=repack_pack_thread name=Vcur-21 a=blk.21.attn_v.weight at=q4_0 bt=f32 k=2560 m=512 n=21 b2=1 b3=1 a2=1 a3=1 threads=16 calls=16 elapsed_us=30
GGML_CPU_SHAPE_PROFILE phase=node_wall name=Kcur-3 a=blk.3.attn_k.weight at=q4_0 bt=f32 k=2560 m=512 n=4 b2=1 b3=1 a2=1 a3=1 threads=8 calls=1 elapsed_us=79
GGML_CPU_SHAPE_PROFILE phase=repack_pack_thread name=Vcur-3 a=blk.3.attn_v.weight at=q4_0 bt=f32 k=2560 m=512 n=4 b2=1 b3=1 a2=1 a3=1 threads=8 calls=8 elapsed_us=3
GGML_CPU_SHAPE_PROFILE phase=generic_pack_thread name=kqv-6 a=cache_v_l6 (view) (permuted) at=f16 bt=f32 k=768 m=256 n=4 b2=8 b3=1 a2=2 a3=1 threads=8 calls=8 elapsed_us=32
GGML_CPU_SHAPE_PROFILE phase=node_wall name=Vcur-3 a=blk.3.attn_v.weight at=q4_0 bt=f32 k=2560 m=512 n=4 b2=1 b3=1 a2=1 a3=1 threads=8 calls=1 elapsed_us=48
GGML_CPU_SHAPE_PROFILE phase=repack_pack_thread name=node_1709 a=blk.32.proj.weight at=q4_0 bt=f32 k=256 m=2560 n=21 b2=1 b3=1 a2=1 a3=1 threads=16 calls=16 elapsed_us=5
GGML_CPU_SHAPE_PROFILE phase=generic_pack_thread name=kq-3 a=cache_k_l3 (view) (permuted) at=f16 bt=f32 k=256 m=768 n=4 b2=8 b3=1 a2=2 a3=1 threads=8 calls=8 elapsed_us=24
GGML_CPU_SHAPE_PROFILE phase=generic_pack_thread name=kqv-3 a=cache_v_l3 (view) (permuted) at=f16 bt=f32 k=768 m=256 n=4 b2=8 b3=1 a2=2 a3=1 threads=8 calls=8 elapsed_us=36
GGML_CPU_SHAPE_PROFILE phase=repack_pack_thread name=node_216 a=blk.3.attn_output.weight at=q4_0 bt=f32 k=2048 m=2560 n=4 b2=1 b3=1 a2=1 a3=1 threads=8 calls=8 elapsed_us=3
GGML_CPU_SHAPE_PROFILE phase=node_wall name=node_216 a=blk.3.attn_output.weight at=q4_0 bt=f32 k=2048 m=2560 n=4 b2=1 b3=1 a2=1 a3=1 threads=8 calls=1 elapsed_us=152
GGML_CPU_SHAPE_PROFILE phase=node_wall name=kq-25 a=cache_k_l22 (view) (permuted) at=f16 bt=f32 k=256 m=256 n=2 b2=8 b3=1 a2=2 a3=1 threads=8 calls=1 elapsed_us=42
GGML_CPU_SHAPE_PROFILE phase=repack_pack_thread name=ffn_gate-3 a=blk.3.ffn_gate.weight at=q4_0 bt=f32 k=2560 m=10240 n=4 b2=1 b3=1 a2=1 a3=1 threads=8 calls=8 elapsed_us=3
GGML_CPU_SHAPE_PROFILE phase=node_wall name=Qcur-17 a=blk.17.attn_q.weight at=q4_0 bt=f32 k=2560 m=4096 n=1 b2=1 b3=1 a2=1 a3=1 threads=8 calls=127 elapsed_us=17307
GGML_CPU_SHAPE_PROFILE phase=node_wall name=node_495 a=blk.8.attn_output.weight at=q4_0 bt=f32 k=2048 m=2560 n=1 b2=1 b3=1 a2=1 a3=1 threads=8 calls=127 elapsed_us=9791
GGML_CPU_SHAPE_PROFILE phase=node_wall name=ffn_gate-3 a=blk.3.ffn_gate.weight at=q4_0 bt=f32 k=2560 m=10240 n=4 b2=1 b3=1 a2=1 a3=1 threads=8 calls=1 elapsed_us=701
GGML_CPU_SHAPE_PROFILE phase=node_wall name=Vcur-18 a=blk.18.attn_v.weight at=q4_0 bt=f32 k=2560 m=512 n=21 b2=1 b3=1 a2=1 a3=1 threads=16 calls=1 elapsed_us=109
GGML_CPU_SHAPE_PROFILE phase=repack_pack_thread name=ffn_up-3 a=blk.3.ffn_up.weight at=q4_0 bt=f32 k=2560 m=10240 n=4 b2=1 b3=1 a2=1 a3=1 threads=8 calls=8 elapsed_us=3
GGML_CPU_SHAPE_PROFILE phase=repack_pack_thread name=ffn_out-3 a=blk.3.ffn_down.weight at=q4_0 bt=f32 k=10240 m=2560 n=4 b2=1 b3=1 a2=1 a3=1 threads=8 calls=8 elapsed_us=10
GGML_CPU_SHAPE_PROFILE phase=repack_pack_thread name=node_229 a=blk.3.inp_gate.weight at=q4_0 bt=f32 k=2560 m=256 n=4 b2=1 b3=1 a2=1 a3=1 threads=8 calls=8 elapsed_us=3
GGML_CPU_SHAPE_PROFILE phase=node_wall name=node_233 a=blk.3.proj.weight at=q4_0 bt=f32 k=256 m=2560 n=4 b2=1 b3=1 a2=1 a3=1 threads=8 calls=1 elapsed_us=37
GGML_CPU_SHAPE_PROFILE phase=repack_pack_thread name=Kcur-4 a=blk.4.attn_k.weight at=q4_0 bt=f32 k=2560 m=512 n=4 b2=1 b3=1 a2=1 a3=1 threads=8 calls=8 elapsed_us=3
GGML_CPU_SHAPE_PROFILE phase=repack_pack_thread name=node_620 a=blk.10.inp_gate.weight at=q4_0 bt=f32 k=2560 m=256 n=1 b2=1 b3=1 a2=1 a3=1 threads=8 calls=1016 elapsed_us=204
GGML_CPU_SHAPE_PROFILE phase=repack_pack_thread name=node_1385 a=blk.24.inp_gate.weight at=q4_0 bt=f32 k=2560 m=256 n=4 b2=1 b3=1 a2=1 a3=1 threads=8 calls=8 elapsed_us=4
GGML_CPU_SHAPE_PROFILE phase=node_wall name=kq-17 a=cache_k_l17 (view) (permuted) at=f16 bt=f32 k=512 m=65024 n=1 b2=8 b3=1 a2=2 a3=1 threads=8 calls=42 elapsed_us=210290
GGML_CPU_SHAPE_PROFILE phase=generic_pack_thread name=kqv-3 a=cache_v_l3 (view) (permuted) at=f16 bt=f32 k=768 m=256 n=21 b2=8 b3=1 a2=2 a3=1 threads=16 calls=16 elapsed_us=252
GGML_CPU_SHAPE_PROFILE phase=node_wall name=Qcur-36 a=blk.36.attn_q.weight at=q4_0 bt=f32 k=2560 m=2048 n=2 b2=1 b3=1 a2=1 a3=1 threads=8 calls=1 elapsed_us=110
GGML_CPU_SHAPE_PROFILE phase=node_wall name=Kcur-4 a=blk.4.attn_k.weight at=q4_0 bt=f32 k=2560 m=512 n=4 b2=1 b3=1 a2=1 a3=1 threads=8 calls=1 elapsed_us=50
GGML_CPU_SHAPE_PROFILE phase=node_wall name=Vcur-4 a=blk.4.attn_v.weight at=q4_0 bt=f32 k=2560 m=512 n=4 b2=1 b3=1 a2=1 a3=1 threads=8 calls=1 elapsed_us=51
GGML_CPU_SHAPE_PROFILE phase=node_wall name=kqv-17 a=cache_v_l17 (view) (permuted) at=f16 bt=f32 k=64768 m=512 n=1 b2=8 b3=1 a2=2 a3=1 threads=8 calls=85 elapsed_us=672308
GGML_CPU_SHAPE_PROFILE phase=node_wall name=kqv-4 a=cache_v_l4 (view) (permuted) at=f16 bt=f32 k=768 m=256 n=4 b2=8 b3=1 a2=2 a3=1 threads=8 calls=1 elapsed_us=126
GGML_CPU_SHAPE_PROFILE phase=repack_pack_thread name=ffn_gate-4 a=blk.4.ffn_gate.weight at=q4_0 bt=f32 k=2560 m=10240 n=4 b2=1 b3=1 a2=1 a3=1 threads=8 calls=8 elapsed_us=5
GGML_CPU_SHAPE_PROFILE phase=node_wall name=Vcur-10 a=blk.10.attn_v.weight at=q4_0 bt=f32 k=2560 m=512 n=2 b2=1 b3=1 a2=1 a3=1 threads=8 calls=1 elapsed_us=35
GGML_CPU_SHAPE_PROFILE phase=repack_pack_thread name=node_289 a=blk.4.proj.weight at=q4_0 bt=f32 k=256 m=2560 n=4 b2=1 b3=1 a2=1 a3=1 threads=8 calls=8 elapsed_us=0
GGML_CPU_SHAPE_PROFILE phase=node_wall name=Qcur-3 a=blk.3.attn_q.weight at=q4_0 bt=f32 k=2560 m=2048 n=2 b2=1 b3=1 a2=1 a3=1 threads=8 calls=1 elapsed_us=105
GGML_CPU_SHAPE_PROFILE phase=repack_pack_thread name=Vcur-17 a=blk.17.attn_v.weight at=q4_0 bt=f32 k=2560 m=1024 n=4 b2=1 b3=1 a2=1 a3=1 threads=8 calls=8 elapsed_us=3
GGML_CPU_SHAPE_PROFILE phase=repack_pack_thread name=ffn_gate-38 a=blk.38.ffn_gate.weight at=q4_0 bt=f32 k=2560 m=10240 n=21 b2=1 b3=1 a2=1 a3=1 threads=16 calls=16 elapsed_us=26
GGML_CPU_SHAPE_PROFILE phase=repack_pack_thread name=node_65 a=blk.0.proj.weight at=q4_0 bt=f32 k=256 m=2560 n=21 b2=1 b3=1 a2=1 a3=1 threads=16 calls=16 elapsed_us=6
GGML_CPU_SHAPE_PROFILE phase=repack_pack_thread name=ffn_out-4 a=blk.4.ffn_down.weight at=q4_0 bt=f32 k=10240 m=2560 n=4 b2=1 b3=1 a2=1 a3=1 threads=8 calls=8 elapsed_us=12
GGML_CPU_SHAPE_PROFILE phase=repack_pack_thread name=Kcur-16 a=blk.16.attn_k.weight at=q4_0 bt=f32 k=2560 m=512 n=2 b2=1 b3=1 a2=1 a3=1 threads=8 calls=8 elapsed_us=3
GGML_CPU_SHAPE_PROFILE phase=node_wall name=node_285 a=blk.4.inp_gate.weight at=q4_0 bt=f32 k=2560 m=256 n=4 b2=1 b3=1 a2=1 a3=1 threads=8 calls=1 elapsed_us=39
GGML_CPU_SHAPE_PROFILE phase=repack_pack_thread name=node_1238 a=blk.21.proj.weight at=q4_0 bt=f32 k=256 m=2560 n=4 b2=1 b3=1 a2=1 a3=1 threads=8 calls=8 elapsed_us=1
GGML_CPU_SHAPE_PROFILE phase=generic_pack_thread name=kqv-23 a=cache_v_l23 (view) (permuted) at=f16 bt=f32 k=64768 m=512 n=21 b2=8 b3=1 a2=2 a3=1 threads=16 calls=16 elapsed_us=21493
GGML_CPU_SHAPE_PROFILE phase=node_wall name=node_289 a=blk.4.proj.weight at=q4_0 bt=f32 k=256 m=2560 n=4 b2=1 b3=1 a2=1 a3=1 threads=8 calls=1 elapsed_us=33
GGML_CPU_SHAPE_PROFILE phase=repack_pack_thread name=Qcur-5 a=blk.5.attn_q.weight at=q4_0 bt=f32 k=2560 m=4096 n=4 b2=1 b3=1 a2=1 a3=1 threads=8 calls=8 elapsed_us=4
GGML_CPU_SHAPE_PROFILE phase=repack_pack_thread name=Kcur-5 a=blk.5.attn_k.weight at=q4_0 bt=f32 k=2560 m=1024 n=4 b2=1 b3=1 a2=1 a3=1 threads=8 calls=8 elapsed_us=2
GGML_CPU_SHAPE_PROFILE phase=repack_pack_thread name=ffn_up-6 a=blk.6.ffn_up.weight at=q4_0 bt=f32 k=2560 m=10240 n=4 b2=1 b3=1 a2=1 a3=1 threads=8 calls=8 elapsed_us=3
GGML_CPU_SHAPE_PROFILE phase=node_wall name=Kcur-5 a=blk.5.attn_k.weight at=q4_0 bt=f32 k=2560 m=1024 n=4 b2=1 b3=1 a2=1 a3=1 threads=8 calls=1 elapsed_us=89
GGML_CPU_SHAPE_PROFILE phase=node_wall name=kq-33 a=cache_k_l22 (view) (permuted) at=f16 bt=f32 k=256 m=768 n=4 b2=8 b3=1 a2=2 a3=1 threads=8 calls=1 elapsed_us=634
GGML_CPU_SHAPE_PROFILE phase=generic_pack_thread name=kq-18 a=cache_k_l18 (view) (permuted) at=f16 bt=f32 k=256 m=768 n=21 b2=8 b3=1 a2=2 a3=1 threads=16 calls=16 elapsed_us=183
GGML_CPU_SHAPE_PROFILE phase=repack_pack_thread name=Vcur-5 a=blk.5.attn_v.weight at=q4_0 bt=f32 k=2560 m=1024 n=4 b2=1 b3=1 a2=1 a3=1 threads=8 calls=8 elapsed_us=3
GGML_CPU_SHAPE_PROFILE phase=node_wall name=ffn_gate-28 a=blk.28.ffn_gate.weight at=q4_0 bt=f32 k=2560 m=10240 n=4 b2=1 b3=1 a2=1 a3=1 threads=8 calls=1 elapsed_us=459
GGML_CPU_SHAPE_PROFILE phase=node_wall name=node_1549 a=blk.28.proj.weight at=q4_0 bt=f32 k=256 m=2560 n=21 b2=1 b3=1 a2=1 a3=1 threads=16 calls=1 elapsed_us=66
GGML_CPU_SHAPE_PROFILE phase=node_wall name=Vcur-5 a=blk.5.attn_v.weight at=q4_0 bt=f32 k=2560 m=1024 n=4 b2=1 b3=1 a2=1 a3=1 threads=8 calls=1 elapsed_us=84
GGML_CPU_SHAPE_PROFILE phase=repack_pack_thread name=ffn_up-12 a=blk.12.ffn_up.weight at=q4_0 bt=f32 k=2560 m=10240 n=1 b2=1 b3=1 a2=1 a3=1 threads=8 calls=1016 elapsed_us=221
GGML_CPU_SHAPE_PROFILE phase=node_wall name=node_383 a=blk.6.attn_output.weight at=q4_0 bt=f32 k=2048 m=2560 n=1 b2=1 b3=1 a2=1 a3=1 threads=8 calls=127 elapsed_us=9699
GGML_CPU_SHAPE_PROFILE phase=node_wall name=node_1425 a=blk.25.inp_gate.weight at=q4_0 bt=f32 k=2560 m=256 n=2 b2=1 b3=1 a2=1 a3=1 threads=8 calls=1 elapsed_us=31
GGML_CPU_SHAPE_PROFILE phase=generic_pack_thread name=kq-5 a=cache_k_l5 (view) (permuted) at=f16 bt=f32 k=512 m=64768 n=4 b2=8 b3=1 a2=2 a3=1 threads=8 calls=8 elapsed_us=26
GGML_CPU_SHAPE_PROFILE phase=node_wall name=kq-5 a=cache_k_l5 (view) (permuted) at=f16 bt=f32 k=512 m=64768 n=4 b2=8 b3=1 a2=2 a3=1 threads=8 calls=1 elapsed_us=21375
GGML_CPU_SHAPE_PROFILE phase=repack_pack_thread name=node_327 a=blk.5.attn_output.weight at=q4_0 bt=f32 k=4096 m=2560 n=4 b2=1 b3=1 a2=1 a3=1 threads=8 calls=8 elapsed_us=6
GGML_CPU_SHAPE_PROFILE phase=repack_pack_thread name=ffn_up-13 a=blk.13.ffn_up.weight at=q4_0 bt=f32 k=2560 m=10240 n=1 b2=1 b3=1 a2=1 a3=1 threads=8 calls=1016 elapsed_us=205
GGML_CPU_SHAPE_PROFILE phase=node_wall name=node_327 a=blk.5.attn_output.weight at=q4_0 bt=f32 k=4096 m=2560 n=4 b2=1 b3=1 a2=1 a3=1 threads=8 calls=1 elapsed_us=301
GGML_CPU_SHAPE_PROFILE phase=node_wall name=node_508 a=blk.8.inp_gate.weight at=q4_0 bt=f32 k=2560 m=256 n=1 b2=1 b3=1 a2=1 a3=1 threads=8 calls=127 elapsed_us=3741
GGML_CPU_SHAPE_PROFILE phase=repack_pack_thread name=ffn_gate-37 a=blk.37.ffn_gate.weight at=q4_0 bt=f32 k=2560 m=10240 n=4 b2=1 b3=1 a2=1 a3=1 threads=8 calls=8 elapsed_us=3
GGML_CPU_SHAPE_PROFILE phase=repack_pack_thread name=ffn_gate-5 a=blk.5.ffn_gate.weight at=q4_0 bt=f32 k=2560 m=10240 n=4 b2=1 b3=1 a2=1 a3=1 threads=8 calls=8 elapsed_us=6
GGML_CPU_SHAPE_PROFILE phase=repack_pack_thread name=ffn_up-5 a=blk.5.ffn_up.weight at=q4_0 bt=f32 k=2560 m=10240 n=4 b2=1 b3=1 a2=1 a3=1 threads=8 calls=8 elapsed_us=3
GGML_CPU_SHAPE_PROFILE phase=node_wall name=kqv-17 a=cache_v_l17 (view) (permuted) at=f16 bt=f32 k=65024 m=512 n=1 b2=8 b3=1 a2=2 a3=1 threads=8 calls=42 elapsed_us=335902
GGML_CPU_SHAPE_PROFILE phase=generic_pack_thread name=kqv-7 a=cache_v_l7 (view) (permuted) at=f16 bt=f32 k=256 m=256 n=2 b2=8 b3=1 a2=2 a3=1 threads=8 calls=8 elapsed_us=8
GGML_CPU_SHAPE_PROFILE phase=repack_pack_thread name=node_340 a=blk.5.inp_gate.weight at=q4_0 bt=f32 k=2560 m=256 n=4 b2=1 b3=1 a2=1 a3=1 threads=8 calls=8 elapsed_us=3
GGML_CPU_SHAPE_PROFILE phase=node_wall name=node_344 a=blk.5.proj.weight at=q4_0 bt=f32 k=256 m=2560 n=4 b2=1 b3=1 a2=1 a3=1 threads=8 calls=1 elapsed_us=36
GGML_CPU_SHAPE_PROFILE phase=node_wall name=Qcur-6 a=blk.6.attn_q.weight at=q4_0 bt=f32 k=2560 m=2048 n=4 b2=1 b3=1 a2=1 a3=1 threads=8 calls=1 elapsed_us=147
GGML_CPU_SHAPE_PROFILE phase=repack_pack_thread name=Vcur-6 a=blk.6.attn_v.weight at=q4_0 bt=f32 k=2560 m=512 n=4 b2=1 b3=1 a2=1 a3=1 threads=8 calls=8 elapsed_us=3
GGML_CPU_SHAPE_PROFILE phase=node_wall name=ffn_gate-19 a=blk.19.ffn_gate.weight at=q4_0 bt=f32 k=2560 m=10240 n=4 b2=1 b3=1 a2=1 a3=1 threads=8 calls=1 elapsed_us=482
GGML_CPU_SHAPE_PROFILE phase=generic_pack_thread name=kq-6 a=cache_k_l6 (view) (permuted) at=f16 bt=f32 k=256 m=768 n=4 b2=8 b3=1 a2=2 a3=1 threads=8 calls=8 elapsed_us=19
GGML_CPU_SHAPE_PROFILE phase=repack_pack_thread name=ffn_gate-38 a=blk.38.ffn_gate.weight at=q4_0 bt=f32 k=2560 m=10240 n=2 b2=1 b3=1 a2=1 a3=1 threads=8 calls=8 elapsed_us=3
GGML_CPU_SHAPE_PROFILE phase=node_wall name=kqv-6 a=cache_v_l6 (view) (permuted) at=f16 bt=f32 k=768 m=256 n=4 b2=8 b3=1 a2=2 a3=1 threads=8 calls=1 elapsed_us=118
GGML_CPU_SHAPE_PROFILE phase=repack_pack_thread name=node_383 a=blk.6.attn_output.weight at=q4_0 bt=f32 k=2048 m=2560 n=4 b2=1 b3=1 a2=1 a3=1 threads=8 calls=8 elapsed_us=2
GGML_CPU_SHAPE_PROFILE phase=node_wall name=node_383 a=blk.6.attn_output.weight at=q4_0 bt=f32 k=2048 m=2560 n=4 b2=1 b3=1 a2=1 a3=1 threads=8 calls=1 elapsed_us=152
GGML_CPU_SHAPE_PROFILE phase=node_wall name=kqv-22 a=cache_v_l22 (view) (permuted) at=f16 bt=f32 k=256 m=256 n=2 b2=8 b3=1 a2=2 a3=1 threads=8 calls=1 elapsed_us=45
GGML_CPU_SHAPE_PROFILE phase=repack_pack_thread name=Qcur-22 a=blk.22.attn_q.weight at=q4_0 bt=f32 k=2560 m=2048 n=21 b2=1 b3=1 a2=1 a3=1 threads=16 calls=16 elapsed_us=30
GGML_CPU_SHAPE_PROFILE phase=node_wall name=ffn_gate-6 a=blk.6.ffn_gate.weight at=q4_0 bt=f32 k=2560 m=10240 n=4 b2=1 b3=1 a2=1 a3=1 threads=8 calls=1 elapsed_us=687
GGML_CPU_SHAPE_PROFILE phase=node_wall name=ffn_up-6 a=blk.6.ffn_up.weight at=q4_0 bt=f32 k=2560 m=10240 n=4 b2=1 b3=1 a2=1 a3=1 threads=8 calls=1 elapsed_us=688
GGML_CPU_SHAPE_PROFILE phase=repack_pack_thread name=node_1869 a=blk.36.proj.weight at=q4_0 bt=f32 k=256 m=2560 n=21 b2=1 b3=1 a2=1 a3=1 threads=16 calls=16 elapsed_us=5
GGML_CPU_SHAPE_PROFILE phase=repack_pack_thread name=ffn_out-6 a=blk.6.ffn_down.weight at=q4_0 bt=f32 k=10240 m=2560 n=4 b2=1 b3=1 a2=1 a3=1 threads=8 calls=8 elapsed_us=10
GGML_CPU_SHAPE_PROFILE phase=repack_pack_thread name=node_1669 a=blk.31.proj.weight at=q4_0 bt=f32 k=256 m=2560 n=1 b2=1 b3=1 a2=1 a3=1 threads=8 calls=1016 elapsed_us=40
GGML_CPU_SHAPE_PROFILE phase=repack_pack_thread name=Kcur-6 a=blk.6.attn_k.weight at=q4_0 bt=f32 k=2560 m=512 n=1 b2=1 b3=1 a2=1 a3=1 threads=8 calls=1016 elapsed_us=211
GGML_CPU_SHAPE_PROFILE phase=node_wall name=ffn_out-6 a=blk.6.ffn_down.weight at=q4_0 bt=f32 k=10240 m=2560 n=4 b2=1 b3=1 a2=1 a3=1 threads=8 calls=1 elapsed_us=699
GGML_CPU_SHAPE_PROFILE phase=repack_pack_thread name=Qcur-7 a=blk.7.attn_q.weight at=q4_0 bt=f32 k=2560 m=2048 n=1 b2=1 b3=1 a2=1 a3=1 threads=8 calls=1016 elapsed_us=196
GGML_CPU_SHAPE_PROFILE phase=node_wall name=node_396 a=blk.6.inp_gate.weight at=q4_0 bt=f32 k=2560 m=256 n=4 b2=1 b3=1 a2=1 a3=1 threads=8 calls=1 elapsed_us=46
GGML_CPU_SHAPE_PROFILE phase=node_wall name=Qcur-27 a=blk.27.attn_q.weight at=q4_0 bt=f32 k=2560 m=2048 n=21 b2=1 b3=1 a2=1 a3=1 threads=16 calls=1 elapsed_us=356
GGML_CPU_SHAPE_PROFILE phase=repack_pack_thread name=Qcur-7 a=blk.7.attn_q.weight at=q4_0 bt=f32 k=2560 m=2048 n=4 b2=1 b3=1 a2=1 a3=1 threads=8 calls=8 elapsed_us=7
GGML_CPU_SHAPE_PROFILE phase=node_wall name=kqv-31 a=cache_v_l22 (view) (permuted) at=f16 bt=f32 k=256 m=256 n=2 b2=8 b3=1 a2=2 a3=1 threads=8 calls=1 elapsed_us=53
GGML_CPU_SHAPE_PROFILE phase=node_wall name=kq-7 a=cache_k_l7 (view) (permuted) at=f16 bt=f32 k=256 m=768 n=4 b2=8 b3=1 a2=2 a3=1 threads=8 calls=1 elapsed_us=123
GGML_CPU_SHAPE_PROFILE phase=node_wall name=ffn_gate-21 a=blk.21.ffn_gate.weight at=q4_0 bt=f32 k=2560 m=10240 n=21 b2=1 b3=1 a2=1 a3=1 threads=16 calls=1 elapsed_us=1630
GGML_CPU_SHAPE_PROFILE phase=node_wall name=ffn_up-26 a=blk.26.ffn_up.weight at=q4_0 bt=f32 k=2560 m=10240 n=4 b2=1 b3=1 a2=1 a3=1 threads=8 calls=1 elapsed_us=442
GGML_CPU_SHAPE_PROFILE phase=node_wall name=node_1905 a=blk.37.inp_gate.weight at=q4_0 bt=f32 k=2560 m=256 n=21 b2=1 b3=1 a2=1 a3=1 threads=16 calls=1 elapsed_us=190
GGML_CPU_SHAPE_PROFILE phase=node_wall name=kqv-7 a=cache_v_l7 (view) (permuted) at=f16 bt=f32 k=768 m=256 n=4 b2=8 b3=1 a2=2 a3=1 threads=8 calls=1 elapsed_us=122
GGML_CPU_SHAPE_PROFILE phase=repack_pack_thread name=ffn_gate-7 a=blk.7.ffn_gate.weight at=q4_0 bt=f32 k=2560 m=10240 n=4 b2=1 b3=1 a2=1 a3=1 threads=8 calls=8 elapsed_us=2
GGML_CPU_SHAPE_PROFILE phase=node_wall name=ffn_gate-7 a=blk.7.ffn_gate.weight at=q4_0 bt=f32 k=2560 m=10240 n=4 b2=1 b3=1 a2=1 a3=1 threads=8 calls=1 elapsed_us=679
GGML_CPU_SHAPE_PROFILE phase=node_wall name=ffn_up-29 a=blk.29.ffn_up.weight at=q4_0 bt=f32 k=2560 m=10240 n=4 b2=1 b3=1 a2=1 a3=1 threads=8 calls=1 elapsed_us=443
GGML_CPU_SHAPE_PROFILE phase=node_wall name=ffn_up-15 a=blk.15.ffn_up.weight at=q4_0 bt=f32 k=2560 m=10240 n=1 b2=1 b3=1 a2=1 a3=1 threads=8 calls=127 elapsed_us=40355
GGML_CPU_SHAPE_PROFILE phase=repack_pack_thread name=ffn_up-7 a=blk.7.ffn_up.weight at=q4_0 bt=f32 k=2560 m=10240 n=4 b2=1 b3=1 a2=1 a3=1 threads=8 calls=8 elapsed_us=2
GGML_CPU_SHAPE_PROFILE phase=node_wall name=ffn_up-7 a=blk.7.ffn_up.weight at=q4_0 bt=f32 k=2560 m=10240 n=4 b2=1 b3=1 a2=1 a3=1 threads=8 calls=1 elapsed_us=687
GGML_CPU_SHAPE_PROFILE phase=generic_pack_thread name=kq-27 a=cache_k_l22 (view) (permuted) at=f16 bt=f32 k=256 m=256 n=2 b2=8 b3=1 a2=2 a3=1 threads=8 calls=8 elapsed_us=7
GGML_CPU_SHAPE_PROFILE phase=repack_pack_thread name=Kcur-23 a=blk.23.attn_k.weight at=q4_0 bt=f32 k=2560 m=1024 n=21 b2=1 b3=1 a2=1 a3=1 threads=16 calls=16 elapsed_us=25
GGML_CPU_SHAPE_PROFILE phase=repack_pack_thread name=ffn_out-7 a=blk.7.ffn_down.weight at=q4_0 bt=f32 k=10240 m=2560 n=4 b2=1 b3=1 a2=1 a3=1 threads=8 calls=8 elapsed_us=10
GGML_CPU_SHAPE_PROFILE phase=node_wall name=ffn_gate-18 a=blk.18.ffn_gate.weight at=q4_0 bt=f32 k=2560 m=10240 n=1 b2=1 b3=1 a2=1 a3=1 threads=8 calls=127 elapsed_us=40186
GGML_CPU_SHAPE_PROFILE phase=repack_pack_thread name=node_1625 a=blk.30.inp_gate.weight at=q4_0 bt=f32 k=2560 m=256 n=21 b2=1 b3=1 a2=1 a3=1 threads=16 calls=16 elapsed_us=41
GGML_CPU_SHAPE_PROFILE phase=repack_pack_thread name=ffn_gate-11 a=blk.11.ffn_gate.weight at=q4_0 bt=f32 k=2560 m=10240 n=4 b2=1 b3=1 a2=1 a3=1 threads=8 calls=8 elapsed_us=2
GGML_CPU_SHAPE_PROFILE phase=repack_pack_thread name=node_452 a=blk.7.inp_gate.weight at=q4_0 bt=f32 k=2560 m=256 n=4 b2=1 b3=1 a2=1 a3=1 threads=8 calls=8 elapsed_us=3
GGML_CPU_SHAPE_PROFILE phase=repack_pack_thread name=node_1290 a=blk.22.inp_gate.weight at=q4_0 bt=f32 k=2560 m=256 n=4 b2=1 b3=1 a2=1 a3=1 threads=8 calls=8 elapsed_us=2
GGML_CPU_SHAPE_PROFILE phase=node_wall name=node_1749 a=blk.33.proj.weight at=q4_0 bt=f32 k=256 m=2560 n=21 b2=1 b3=1 a2=1 a3=1 threads=16 calls=1 elapsed_us=178
GGML_CPU_SHAPE_PROFILE phase=node_wall name=node_452 a=blk.7.inp_gate.weight at=q4_0 bt=f32 k=2560 m=256 n=4 b2=1 b3=1 a2=1 a3=1 threads=8 calls=1 elapsed_us=42
GGML_CPU_SHAPE_PROFILE phase=node_wall name=node_1545 a=blk.28.inp_gate.weight at=q4_0 bt=f32 k=2560 m=256 n=4 b2=1 b3=1 a2=1 a3=1 threads=8 calls=1 elapsed_us=28
GGML_CPU_SHAPE_PROFILE phase=node_wall name=ffn_out-10 a=blk.10.ffn_down.weight at=q4_0 bt=f32 k=10240 m=2560 n=21 b2=1 b3=1 a2=1 a3=1 threads=16 calls=1 elapsed_us=2353
GGML_CPU_SHAPE_PROFILE phase=repack_pack_thread name=node_456 a=blk.7.proj.weight at=q4_0 bt=f32 k=256 m=2560 n=4 b2=1 b3=1 a2=1 a3=1 threads=8 calls=8 elapsed_us=1
GGML_CPU_SHAPE_PROFILE phase=node_wall name=ffn_gate-41 a=blk.41.ffn_gate.weight at=q4_0 bt=f32 k=2560 m=10240 n=1 b2=1 b3=1 a2=1 a3=1 threads=8 calls=127 elapsed_us=40523
GGML_CPU_SHAPE_PROFILE phase=repack_pack_thread name=Kcur-16 a=blk.16.attn_k.weight at=q4_0 bt=f32 k=2560 m=512 n=21 b2=1 b3=1 a2=1 a3=1 threads=16 calls=16 elapsed_us=37
GGML_CPU_SHAPE_PROFILE phase=node_wall name=node_456 a=blk.7.proj.weight at=q4_0 bt=f32 k=256 m=2560 n=4 b2=1 b3=1 a2=1 a3=1 threads=8 calls=1 elapsed_us=31
GGML_CPU_SHAPE_PROFILE phase=repack_pack_thread name=Qcur-8 a=blk.8.attn_q.weight at=q4_0 bt=f32 k=2560 m=2048 n=4 b2=1 b3=1 a2=1 a3=1 threads=8 calls=8 elapsed_us=4
GGML_CPU_SHAPE_PROFILE phase=repack_pack_thread name=node_1238 a=blk.21.proj.weight at=q4_0 bt=f32 k=256 m=2560 n=21 b2=1 b3=1 a2=1 a3=1 threads=16 calls=16 elapsed_us=3
GGML_CPU_SHAPE_PROFILE phase=node_wall name=Kcur-8 a=blk.8.attn_k.weight at=q4_0 bt=f32 k=2560 m=512 n=4 b2=1 b3=1 a2=1 a3=1 threads=8 calls=1 elapsed_us=55
GGML_CPU_SHAPE_PROFILE phase=repack_pack_thread name=ffn_up-26 a=blk.26.ffn_up.weight at=q4_0 bt=f32 k=2560 m=10240 n=4 b2=1 b3=1 a2=1 a3=1 threads=8 calls=8 elapsed_us=2
GGML_CPU_SHAPE_PROFILE phase=node_wall name=Vcur-8 a=blk.8.attn_v.weight at=q4_0 bt=f32 k=2560 m=512 n=4 b2=1 b3=1 a2=1 a3=1 threads=8 calls=1 elapsed_us=82
GGML_CPU_SHAPE_PROFILE phase=repack_pack_thread name=ffn_out-24 a=blk.24.ffn_down.weight at=q4_0 bt=f32 k=10240 m=2560 n=21 b2=1 b3=1 a2=1 a3=1 threads=16 calls=16 elapsed_us=119
GGML_CPU_SHAPE_PROFILE phase=repack_pack_thread name=node_1345 a=blk.23.inp_gate.weight at=q4_0 bt=f32 k=2560 m=256 n=4 b2=1 b3=1 a2=1 a3=1 threads=8 calls=8 elapsed_us=2
GGML_CPU_SHAPE_PROFILE phase=node_wall name=ffn_out-40 a=blk.40.ffn_down.weight at=q4_0 bt=f32 k=10240 m=2560 n=4 b2=1 b3=1 a2=1 a3=1 threads=8 calls=1 elapsed_us=716
GGML_CPU_SHAPE_PROFILE phase=node_wall name=kqv-8 a=cache_v_l8 (view) (permuted) at=f16 bt=f32 k=768 m=256 n=4 b2=8 b3=1 a2=2 a3=1 threads=8 calls=1 elapsed_us=126
GGML_CPU_SHAPE_PROFILE phase=node_wall name=ffn_out-14 a=blk.14.ffn_down.weight at=q4_0 bt=f32 k=10240 m=2560 n=2 b2=1 b3=1 a2=1 a3=1 threads=8 calls=1 elapsed_us=598
GGML_CPU_SHAPE_PROFILE phase=repack_pack_thread name=node_955 a=blk.16.inp_gate.weight at=q4_0 bt=f32 k=2560 m=256 n=21 b2=1 b3=1 a2=1 a3=1 threads=16 calls=16 elapsed_us=38
GGML_CPU_SHAPE_PROFILE phase=repack_pack_thread name=ffn_gate-8 a=blk.8.ffn_gate.weight at=q4_0 bt=f32 k=2560 m=10240 n=4 b2=1 b3=1 a2=1 a3=1 threads=8 calls=8 elapsed_us=3
GGML_CPU_SHAPE_PROFILE phase=node_wall name=Qcur-14 a=blk.14.attn_q.weight at=q4_0 bt=f32 k=2560 m=2048 n=1 b2=1 b3=1 a2=1 a3=1 threads=8 calls=127 elapsed_us=9712
GGML_CPU_SHAPE_PROFILE phase=repack_pack_thread name=ffn_out-32 a=blk.32.ffn_down.weight at=q4_0 bt=f32 k=10240 m=2560 n=2 b2=1 b3=1 a2=1 a3=1 threads=8 calls=8 elapsed_us=12
GGML_CPU_SHAPE_PROFILE phase=node_wall name=ffn_gate-8 a=blk.8.ffn_gate.weight at=q4_0 bt=f32 k=2560 m=10240 n=4 b2=1 b3=1 a2=1 a3=1 threads=8 calls=1 elapsed_us=673
GGML_CPU_SHAPE_PROFILE phase=repack_pack_thread name=ffn_up-8 a=blk.8.ffn_up.weight at=q4_0 bt=f32 k=2560 m=10240 n=4 b2=1 b3=1 a2=1 a3=1 threads=8 calls=8 elapsed_us=3
GGML_CPU_SHAPE_PROFILE phase=node_wall name=ffn_up-8 a=blk.8.ffn_up.weight at=q4_0 bt=f32 k=2560 m=10240 n=4 b2=1 b3=1 a2=1 a3=1 threads=8 calls=1 elapsed_us=699
GGML_CPU_SHAPE_PROFILE phase=node_wall name=ffn_up-27 a=blk.27.ffn_up.weight at=q4_0 bt=f32 k=2560 m=10240 n=4 b2=1 b3=1 a2=1 a3=1 threads=8 calls=1 elapsed_us=446
GGML_CPU_SHAPE_PROFILE phase=repack_pack_thread name=ffn_up-33 a=blk.33.ffn_up.weight at=q4_0 bt=f32 k=2560 m=10240 n=1 b2=1 b3=1 a2=1 a3=1 threads=8 calls=1016 elapsed_us=220
GGML_CPU_SHAPE_PROFILE phase=repack_pack_thread name=ffn_out-8 a=blk.8.ffn_down.weight at=q4_0 bt=f32 k=10240 m=2560 n=4 b2=1 b3=1 a2=1 a3=1 threads=8 calls=8 elapsed_us=11
GGML_CPU_SHAPE_PROFILE phase=repack_pack_thread name=Vcur-3 a=blk.3.attn_v.weight at=q4_0 bt=f32 k=2560 m=512 n=2 b2=1 b3=1 a2=1 a3=1 threads=8 calls=8 elapsed_us=3
GGML_CPU_SHAPE_PROFILE phase=node_wall name=node_508 a=blk.8.inp_gate.weight at=q4_0 bt=f32 k=2560 m=256 n=4 b2=1 b3=1 a2=1 a3=1 threads=8 calls=1 elapsed_us=49
GGML_CPU_SHAPE_PROFILE phase=repack_pack_thread name=node_512 a=blk.8.proj.weight at=q4_0 bt=f32 k=256 m=2560 n=4 b2=1 b3=1 a2=1 a3=1 threads=8 calls=8 elapsed_us=1
GGML_CPU_SHAPE_PROFILE phase=repack_pack_thread name=Qcur-9 a=blk.9.attn_q.weight at=q4_0 bt=f32 k=2560 m=2048 n=4 b2=1 b3=1 a2=1 a3=1 threads=8 calls=8 elapsed_us=3
GGML_CPU_SHAPE_PROFILE phase=repack_pack_thread name=node_383 a=blk.6.attn_output.weight at=q4_0 bt=f32 k=2048 m=2560 n=2 b2=1 b3=1 a2=1 a3=1 threads=8 calls=8 elapsed_us=3
GGML_CPU_SHAPE_PROFILE phase=node_wall name=node_173 a=blk.2.inp_gate.weight at=q4_0 bt=f32 k=2560 m=256 n=2 b2=1 b3=1 a2=1 a3=1 threads=8 calls=1 elapsed_us=31
GGML_CPU_SHAPE_PROFILE phase=node_wall name=Qcur-9 a=blk.9.attn_q.weight at=q4_0 bt=f32 k=2560 m=2048 n=4 b2=1 b3=1 a2=1 a3=1 threads=8 calls=1 elapsed_us=151
GGML_CPU_SHAPE_PROFILE phase=node_wall name=ffn_gate-13 a=blk.13.ffn_gate.weight at=q4_0 bt=f32 k=2560 m=10240 n=1 b2=1 b3=1 a2=1 a3=1 threads=8 calls=127 elapsed_us=40134
GGML_CPU_SHAPE_PROFILE phase=repack_pack_thread name=node_1182 a=blk.20.proj.weight at=q4_0 bt=f32 k=256 m=2560 n=21 b2=1 b3=1 a2=1 a3=1 threads=16 calls=16 elapsed_us=5
GGML_CPU_SHAPE_PROFILE phase=node_wall name=Kcur-9 a=blk.9.attn_k.weight at=q4_0 bt=f32 k=2560 m=512 n=4 b2=1 b3=1 a2=1 a3=1 threads=8 calls=1 elapsed_us=53
GGML_CPU_SHAPE_PROFILE phase=node_wall name=ffn_up-22 a=blk.22.ffn_up.weight at=q4_0 bt=f32 k=2560 m=10240 n=4 b2=1 b3=1 a2=1 a3=1 threads=8 calls=1 elapsed_us=480
GGML_CPU_SHAPE_PROFILE phase=repack_pack_thread name=ffn_out-14 a=blk.14.ffn_down.weight at=q4_0 bt=f32 k=10240 m=2560 n=2 b2=1 b3=1 a2=1 a3=1 threads=8 calls=8 elapsed_us=12
GGML_CPU_SHAPE_PROFILE phase=repack_pack_thread name=Vcur-9 a=blk.9.attn_v.weight at=q4_0 bt=f32 k=2560 m=512 n=4 b2=1 b3=1 a2=1 a3=1 threads=8 calls=8 elapsed_us=2
GGML_CPU_SHAPE_PROFILE phase=node_wall name=Vcur-9 a=blk.9.attn_v.weight at=q4_0 bt=f32 k=2560 m=512 n=4 b2=1 b3=1 a2=1 a3=1 threads=8 calls=1 elapsed_us=47
GGML_CPU_SHAPE_PROFILE phase=node_wall name=kq-9 a=cache_k_l9 (view) (permuted) at=f16 bt=f32 k=256 m=768 n=4 b2=8 b3=1 a2=2 a3=1 threads=8 calls=1 elapsed_us=127
GGML_CPU_SHAPE_PROFILE phase=node_wall name=node_495 a=blk.8.attn_output.weight at=q4_0 bt=f32 k=2048 m=2560 n=4 b2=1 b3=1 a2=1 a3=1 threads=8 calls=1 elapsed_us=153
GGML_CPU_SHAPE_PROFILE phase=generic_pack_thread name=kqv-9 a=cache_v_l9 (view) (permuted) at=f16 bt=f32 k=768 m=256 n=4 b2=8 b3=1 a2=2 a3=1 threads=8 calls=8 elapsed_us=29
GGML_CPU_SHAPE_PROFILE phase=node_wall name=kqv-9 a=cache_v_l9 (view) (permuted) at=f16 bt=f32 k=768 m=256 n=4 b2=8 b3=1 a2=2 a3=1 threads=8 calls=1 elapsed_us=119
GGML_CPU_SHAPE_PROFILE phase=node_wall name=kq-30 a=cache_k_l22 (view) (permuted) at=f16 bt=f32 k=256 m=768 n=4 b2=8 b3=1 a2=2 a3=1 threads=8 calls=1 elapsed_us=107
GGML_CPU_SHAPE_PROFILE phase=node_wall name=ffn_gate-9 a=blk.9.ffn_gate.weight at=q4_0 bt=f32 k=2560 m=10240 n=4 b2=1 b3=1 a2=1 a3=1 threads=8 calls=1 elapsed_us=678
GGML_CPU_SHAPE_PROFILE phase=node_wall name=ffn_up-31 a=blk.31.ffn_up.weight at=q4_0 bt=f32 k=2560 m=10240 n=21 b2=1 b3=1 a2=1 a3=1 threads=16 calls=1 elapsed_us=2365
GGML_CPU_SHAPE_PROFILE phase=node_wall name=node_564 a=blk.9.inp_gate.weight at=q4_0 bt=f32 k=2560 m=256 n=4 b2=1 b3=1 a2=1 a3=1 threads=8 calls=1 elapsed_us=43
GGML_CPU_SHAPE_PROFILE phase=node_wall name=Kcur-16 a=blk.16.attn_k.weight at=q4_0 bt=f32 k=2560 m=512 n=4 b2=1 b3=1 a2=1 a3=1 threads=8 calls=1 elapsed_us=48
GGML_CPU_SHAPE_PROFILE phase=repack_pack_thread name=node_568 a=blk.9.proj.weight at=q4_0 bt=f32 k=256 m=2560 n=4 b2=1 b3=1 a2=1 a3=1 threads=8 calls=8 elapsed_us=0
GGML_CPU_SHAPE_PROFILE phase=repack_pack_thread name=Qcur-10 a=blk.10.attn_q.weight at=q4_0 bt=f32 k=2560 m=2048 n=4 b2=1 b3=1 a2=1 a3=1 threads=8 calls=8 elapsed_us=3
GGML_CPU_SHAPE_PROFILE phase=generic_pack_thread name=kqv-35 a=cache_v_l23 (view) (permuted) at=f16 bt=f32 k=64768 m=512 n=4 b2=8 b3=1 a2=2 a3=1 threads=8 calls=8 elapsed_us=1019
GGML_CPU_SHAPE_PROFILE phase=repack_pack_thread name=ffn_gate-39 a=blk.39.ffn_gate.weight at=q4_0 bt=f32 k=2560 m=10240 n=2 b2=1 b3=1 a2=1 a3=1 threads=8 calls=8 elapsed_us=4
GGML_CPU_SHAPE_PROFILE phase=node_wall name=Kcur-10 a=blk.10.attn_k.weight at=q4_0 bt=f32 k=2560 m=512 n=4 b2=1 b3=1 a2=1 a3=1 threads=8 calls=1 elapsed_us=47
GGML_CPU_SHAPE_PROFILE phase=node_wall name=kq-36 a=cache_k_l22 (view) (permuted) at=f16 bt=f32 k=256 m=256 n=2 b2=8 b3=1 a2=2 a3=1 threads=8 calls=1 elapsed_us=46
GGML_CPU_SHAPE_PROFILE phase=node_wall name=Qcur-41 a=blk.41.attn_q.weight at=q4_0 bt=f32 k=2560 m=4096 n=2 b2=1 b3=1 a2=1 a3=1 threads=8 calls=1 elapsed_us=200
GGML_CPU_SHAPE_PROFILE phase=repack_pack_thread name=Vcur-10 a=blk.10.attn_v.weight at=q4_0 bt=f32 k=2560 m=512 n=4 b2=1 b3=1 a2=1 a3=1 threads=8 calls=8 elapsed_us=2
GGML_CPU_SHAPE_PROFILE phase=generic_pack_thread name=kqv-10 a=cache_v_l10 (view) (permuted) at=f16 bt=f32 k=768 m=256 n=4 b2=8 b3=1 a2=2 a3=1 threads=8 calls=8 elapsed_us=27
GGML_CPU_SHAPE_PROFILE phase=node_wall name=node_551 a=blk.9.attn_output.weight at=q4_0 bt=f32 k=2048 m=2560 n=21 b2=1 b3=1 a2=1 a3=1 threads=16 calls=1 elapsed_us=675
GGML_CPU_SHAPE_PROFILE phase=node_wall name=kqv-10 a=cache_v_l10 (view) (permuted) at=f16 bt=f32 k=768 m=256 n=4 b2=8 b3=1 a2=2 a3=1 threads=8 calls=1 elapsed_us=143
GGML_CPU_SHAPE_PROFILE phase=node_wall name=Qcur-38 a=blk.38.attn_q.weight at=q4_0 bt=f32 k=2560 m=2048 n=4 b2=1 b3=1 a2=1 a3=1 threads=8 calls=1 elapsed_us=629
GGML_CPU_SHAPE_PROFILE phase=repack_pack_thread name=Qcur-14 a=blk.14.attn_q.weight at=q4_0 bt=f32 k=2560 m=2048 n=4 b2=1 b3=1 a2=1 a3=1 threads=8 calls=8 elapsed_us=3
GGML_CPU_SHAPE_PROFILE phase=node_wall name=node_607 a=blk.10.attn_output.weight at=q4_0 bt=f32 k=2048 m=2560 n=4 b2=1 b3=1 a2=1 a3=1 threads=8 calls=1 elapsed_us=148
GGML_CPU_SHAPE_PROFILE phase=repack_pack_thread name=ffn_gate-41 a=blk.41.ffn_gate.weight at=q4_0 bt=f32 k=2560 m=10240 n=1 b2=1 b3=1 a2=1 a3=1 threads=8 calls=1016 elapsed_us=201
GGML_CPU_SHAPE_PROFILE phase=repack_pack_thread name=ffn_gate-10 a=blk.10.ffn_gate.weight at=q4_0 bt=f32 k=2560 m=10240 n=4 b2=1 b3=1 a2=1 a3=1 threads=8 calls=8 elapsed_us=2
GGML_CPU_SHAPE_PROFILE phase=repack_pack_thread name=ffn_up-10 a=blk.10.ffn_up.weight at=q4_0 bt=f32 k=2560 m=10240 n=4 b2=1 b3=1 a2=1 a3=1 threads=8 calls=8 elapsed_us=2
GGML_CPU_SHAPE_PROFILE phase=node_wall name=kqv-22 a=cache_v_l22 (view) (permuted) at=f16 bt=f32 k=768 m=256 n=4 b2=8 b3=1 a2=2 a3=1 threads=8 calls=1 elapsed_us=98
GGML_CPU_SHAPE_PROFILE phase=repack_pack_thread name=Vcur-22 a=blk.22.attn_v.weight at=q4_0 bt=f32 k=2560 m=512 n=4 b2=1 b3=1 a2=1 a3=1 threads=8 calls=8 elapsed_us=3
GGML_CPU_SHAPE_PROFILE phase=repack_pack_thread name=ffn_out-10 a=blk.10.ffn_down.weight at=q4_0 bt=f32 k=10240 m=2560 n=4 b2=1 b3=1 a2=1 a3=1 threads=8 calls=8 elapsed_us=10
GGML_CPU_SHAPE_PROFILE phase=node_wall name=ffn_out-10 a=blk.10.ffn_down.weight at=q4_0 bt=f32 k=10240 m=2560 n=4 b2=1 b3=1 a2=1 a3=1 threads=8 calls=1 elapsed_us=702
GGML_CPU_SHAPE_PROFILE phase=repack_pack_thread name=node_620 a=blk.10.inp_gate.weight at=q4_0 bt=f32 k=2560 m=256 n=4 b2=1 b3=1 a2=1 a3=1 threads=8 calls=8 elapsed_us=3
GGML_CPU_SHAPE_PROFILE phase=repack_pack_thread name=ffn_gate-21 a=blk.21.ffn_gate.weight at=q4_0 bt=f32 k=2560 m=10240 n=1 b2=1 b3=1 a2=1 a3=1 threads=8 calls=1016 elapsed_us=177
GGML_CPU_SHAPE_PROFILE phase=node_wall name=node_624 a=blk.10.proj.weight at=q4_0 bt=f32 k=256 m=2560 n=4 b2=1 b3=1 a2=1 a3=1 threads=8 calls=1 elapsed_us=36
GGML_CPU_SHAPE_PROFILE phase=generic_pack_thread name=kqv-40 a=cache_v_l22 (view) (permuted) at=f16 bt=f32 k=768 m=256 n=21 b2=8 b3=1 a2=2 a3=1 threads=16 calls=16 elapsed_us=306
GGML_CPU_SHAPE_PROFILE phase=repack_pack_thread name=Kcur-11 a=blk.11.attn_k.weight at=q4_0 bt=f32 k=2560 m=1024 n=4 b2=1 b3=1 a2=1 a3=1 threads=8 calls=8 elapsed_us=2
GGML_CPU_SHAPE_PROFILE phase=repack_pack_thread name=ffn_up-16 a=blk.16.ffn_up.weight at=q4_0 bt=f32 k=2560 m=10240 n=4 b2=1 b3=1 a2=1 a3=1 threads=8 calls=8 elapsed_us=3
GGML_CPU_SHAPE_PROFILE phase=generic_pack_thread name=kq-11 a=cache_k_l11 (view) (permuted) at=f16 bt=f32 k=512 m=64768 n=4 b2=8 b3=1 a2=2 a3=1 threads=8 calls=8 elapsed_us=31
GGML_CPU_SHAPE_PROFILE phase=node_wall name=ffn_gate-11 a=blk.11.ffn_gate.weight at=q4_0 bt=f32 k=2560 m=10240 n=4 b2=1 b3=1 a2=1 a3=1 threads=8 calls=1 elapsed_us=680
GGML_CPU_SHAPE_PROFILE phase=repack_pack_thread name=ffn_up-11 a=blk.11.ffn_up.weight at=q4_0 bt=f32 k=2560 m=10240 n=4 b2=1 b3=1 a2=1 a3=1 threads=8 calls=8 elapsed_us=3
GGML_CPU_SHAPE_PROFILE phase=repack_pack_thread name=Qcur-12 a=blk.12.attn_q.weight at=q4_0 bt=f32 k=2560 m=2048 n=4 b2=1 b3=1 a2=1 a3=1 threads=8 calls=8 elapsed_us=2
GGML_CPU_SHAPE_PROFILE phase=node_wall name=Qcur-12 a=blk.12.attn_q.weight at=q4_0 bt=f32 k=2560 m=2048 n=4 b2=1 b3=1 a2=1 a3=1 threads=8 calls=1 elapsed_us=149
GGML_CPU_SHAPE_PROFILE phase=repack_pack_thread name=ffn_gate-17 a=blk.17.ffn_gate.weight at=q4_0 bt=f32 k=2560 m=10240 n=4 b2=1 b3=1 a2=1 a3=1 threads=8 calls=8 elapsed_us=2
GGML_CPU_SHAPE_PROFILE phase=repack_pack_thread name=Qcur-19 a=blk.19.attn_q.weight at=q4_0 bt=f32 k=2560 m=2048 n=4 b2=1 b3=1 a2=1 a3=1 threads=8 calls=8 elapsed_us=3
GGML_CPU_SHAPE_PROFILE phase=repack_pack_thread name=ffn_out-33 a=blk.33.ffn_down.weight at=q4_0 bt=f32 k=10240 m=2560 n=1 b2=1 b3=1 a2=1 a3=1 threads=8 calls=1016 elapsed_us=722
GGML_CPU_SHAPE_PROFILE phase=node_wall name=ffn_up-4 a=blk.4.ffn_up.weight at=q4_0 bt=f32 k=2560 m=10240 n=4 b2=1 b3=1 a2=1 a3=1 threads=8 calls=1 elapsed_us=686
GGML_CPU_SHAPE_PROFILE phase=repack_pack_thread name=node_718 a=blk.12.attn_output.weight at=q4_0 bt=f32 k=2048 m=2560 n=4 b2=1 b3=1 a2=1 a3=1 threads=8 calls=8 elapsed_us=2
GGML_CPU_SHAPE_PROFILE phase=repack_pack_thread name=ffn_gate-12 a=blk.12.ffn_gate.weight at=q4_0 bt=f32 k=2560 m=10240 n=4 b2=1 b3=1 a2=1 a3=1 threads=8 calls=8 elapsed_us=3
GGML_CPU_SHAPE_PROFILE phase=node_wall name=Qcur-6 a=blk.6.attn_q.weight at=q4_0 bt=f32 k=2560 m=2048 n=21 b2=1 b3=1 a2=1 a3=1 threads=16 calls=1 elapsed_us=536
GGML_CPU_SHAPE_PROFILE phase=repack_pack_thread name=node_735 a=blk.12.proj.weight at=q4_0 bt=f32 k=256 m=2560 n=21 b2=1 b3=1 a2=1 a3=1 threads=16 calls=16 elapsed_us=6
GGML_CPU_SHAPE_PROFILE phase=generic_pack_thread name=kq-15 a=cache_k_l15 (view) (permuted) at=f16 bt=f32 k=256 m=768 n=4 b2=8 b3=1 a2=2 a3=1 threads=8 calls=8 elapsed_us=22
GGML_CPU_SHAPE_PROFILE phase=repack_pack_thread name=Qcur-15 a=blk.15.attn_q.weight at=q4_0 bt=f32 k=2560 m=2048 n=4 b2=1 b3=1 a2=1 a3=1 threads=8 calls=8 elapsed_us=3
GGML_CPU_SHAPE_PROFILE phase=node_wall name=node_959 a=blk.16.proj.weight at=q4_0 bt=f32 k=256 m=2560 n=2 b2=1 b3=1 a2=1 a3=1 threads=8 calls=1 elapsed_us=27
GGML_CPU_SHAPE_PROFILE phase=node_wall name=ffn_gate-12 a=blk.12.ffn_gate.weight at=q4_0 bt=f32 k=2560 m=10240 n=4 b2=1 b3=1 a2=1 a3=1 threads=8 calls=1 elapsed_us=678
GGML_CPU_SHAPE_PROFILE phase=repack_pack_thread name=ffn_up-12 a=blk.12.ffn_up.weight at=q4_0 bt=f32 k=2560 m=10240 n=4 b2=1 b3=1 a2=1 a3=1 threads=8 calls=8 elapsed_us=4
GGML_CPU_SHAPE_PROFILE phase=node_wall name=node_272 a=blk.4.attn_output.weight at=q4_0 bt=f32 k=2048 m=2560 n=21 b2=1 b3=1 a2=1 a3=1 threads=16 calls=1 elapsed_us=356
GGML_CPU_SHAPE_PROFILE phase=repack_pack_thread name=ffn_out-12 a=blk.12.ffn_down.weight at=q4_0 bt=f32 k=10240 m=2560 n=4 b2=1 b3=1 a2=1 a3=1 threads=8 calls=8 elapsed_us=10
GGML_CPU_SHAPE_PROFILE phase=node_wall name=node_735 a=blk.12.proj.weight at=q4_0 bt=f32 k=256 m=2560 n=4 b2=1 b3=1 a2=1 a3=1 threads=8 calls=1 elapsed_us=37
GGML_CPU_SHAPE_PROFILE phase=repack_pack_thread name=Kcur-5 a=blk.5.attn_k.weight at=q4_0 bt=f32 k=2560 m=1024 n=2 b2=1 b3=1 a2=1 a3=1 threads=8 calls=8 elapsed_us=3
GGML_CPU_SHAPE_PROFILE phase=node_wall name=Qcur-13 a=blk.13.attn_q.weight at=q4_0 bt=f32 k=2560 m=2048 n=4 b2=1 b3=1 a2=1 a3=1 threads=8 calls=1 elapsed_us=150
GGML_CPU_SHAPE_PROFILE phase=node_wall name=Vcur-13 a=blk.13.attn_v.weight at=q4_0 bt=f32 k=2560 m=512 n=4 b2=1 b3=1 a2=1 a3=1 threads=8 calls=1 elapsed_us=49
GGML_CPU_SHAPE_PROFILE phase=repack_pack_thread name=node_1165 a=blk.20.attn_output.weight at=q4_0 bt=f32 k=2048 m=2560 n=4 b2=1 b3=1 a2=1 a3=1 threads=8 calls=8 elapsed_us=4
GGML_CPU_SHAPE_PROFILE phase=node_wall name=node_396 a=blk.6.inp_gate.weight at=q4_0 bt=f32 k=2560 m=256 n=21 b2=1 b3=1 a2=1 a3=1 threads=16 calls=1 elapsed_us=250
GGML_CPU_SHAPE_PROFILE phase=generic_pack_thread name=kq-13 a=cache_k_l13 (view) (permuted) at=f16 bt=f32 k=256 m=768 n=4 b2=8 b3=1 a2=2 a3=1 threads=8 calls=8 elapsed_us=17
GGML_CPU_SHAPE_PROFILE phase=node_wall name=node_1985 a=blk.39.inp_gate.weight at=q4_0 bt=f32 k=2560 m=256 n=1 b2=1 b3=1 a2=1 a3=1 threads=8 calls=127 elapsed_us=3185
GGML_CPU_SHAPE_PROFILE phase=generic_pack_thread name=kqv-13 a=cache_v_l13 (view) (permuted) at=f16 bt=f32 k=768 m=256 n=4 b2=8 b3=1 a2=2 a3=1 threads=8 calls=8 elapsed_us=26
GGML_CPU_SHAPE_PROFILE phase=node_wall name=ffn_gate-13 a=blk.13.ffn_gate.weight at=q4_0 bt=f32 k=2560 m=10240 n=4 b2=1 b3=1 a2=1 a3=1 threads=8 calls=1 elapsed_us=684
GGML_CPU_SHAPE_PROFILE phase=node_wall name=kq-17 a=cache_k_l17 (view) (permuted) at=f16 bt=f32 k=512 m=64768 n=4 b2=8 b3=1 a2=2 a3=1 threads=8 calls=1 elapsed_us=21226
GGML_CPU_SHAPE_PROFILE phase=node_wall name=Vcur-16 a=blk.16.attn_v.weight at=q4_0 bt=f32 k=2560 m=512 n=2 b2=1 b3=1 a2=1 a3=1 threads=8 calls=1 elapsed_us=35
GGML_CPU_SHAPE_PROFILE phase=node_wall name=Qcur-8 a=blk.8.attn_q.weight at=q4_0 bt=f32 k=2560 m=2048 n=2 b2=1 b3=1 a2=1 a3=1 threads=8 calls=1 elapsed_us=109
GGML_CPU_SHAPE_PROFILE phase=repack_pack_thread name=ffn_up-13 a=blk.13.ffn_up.weight at=q4_0 bt=f32 k=2560 m=10240 n=4 b2=1 b3=1 a2=1 a3=1 threads=8 calls=8 elapsed_us=3
GGML_CPU_SHAPE_PROFILE phase=generic_pack_thread name=kqv-29 a=cache_v_l23 (view) (permuted) at=f16 bt=f32 k=64768 m=512 n=1 b2=8 b3=1 a2=2 a3=1 threads=8 calls=680 elapsed_us=23402
GGML_CPU_SHAPE_PROFILE phase=repack_pack_thread name=ffn_out-13 a=blk.13.ffn_down.weight at=q4_0 bt=f32 k=10240 m=2560 n=4 b2=1 b3=1 a2=1 a3=1 threads=8 calls=8 elapsed_us=12
GGML_CPU_SHAPE_PROFILE phase=node_wall name=ffn_out-13 a=blk.13.ffn_down.weight at=q4_0 bt=f32 k=10240 m=2560 n=4 b2=1 b3=1 a2=1 a3=1 threads=8 calls=1 elapsed_us=733
GGML_CPU_SHAPE_PROFILE phase=node_wall name=node_54 a=per_layer_model_proj.weight at=f16 bt=f32 k=2560 m=10752 n=21 b2=1 b3=1 a2=1 a3=1 threads=16 calls=1 elapsed_us=3745
GGML_CPU_SHAPE_PROFILE phase=repack_pack_thread name=node_791 a=blk.13.proj.weight at=q4_0 bt=f32 k=256 m=2560 n=4 b2=1 b3=1 a2=1 a3=1 threads=8 calls=8 elapsed_us=0
GGML_CPU_SHAPE_PROFILE phase=repack_pack_thread name=Qcur-23 a=blk.23.attn_q.weight at=q4_0 bt=f32 k=2560 m=4096 n=4 b2=1 b3=1 a2=1 a3=1 threads=8 calls=8 elapsed_us=4
GGML_CPU_SHAPE_PROFILE phase=node_wall name=ffn_gate-29 a=blk.29.ffn_gate.weight at=q4_0 bt=f32 k=2560 m=10240 n=4 b2=1 b3=1 a2=1 a3=1 threads=8 calls=1 elapsed_us=449
GGML_CPU_SHAPE_PROFILE phase=node_wall name=Kcur-14 a=blk.14.attn_k.weight at=q4_0 bt=f32 k=2560 m=512 n=4 b2=1 b3=1 a2=1 a3=1 threads=8 calls=1 elapsed_us=53
GGML_CPU_SHAPE_PROFILE phase=repack_pack_thread name=ffn_up-9 a=blk.9.ffn_up.weight at=q4_0 bt=f32 k=2560 m=10240 n=1 b2=1 b3=1 a2=1 a3=1 threads=8 calls=1016 elapsed_us=208
GGML_CPU_SHAPE_PROFILE phase=generic_pack_thread name=kq-14 a=cache_k_l14 (view) (permuted) at=f16 bt=f32 k=256 m=768 n=4 b2=8 b3=1 a2=2 a3=1 threads=8 calls=8 elapsed_us=21
GGML_CPU_SHAPE_PROFILE phase=repack_pack_thread name=node_1332 a=blk.23.attn_output.weight at=q4_0 bt=f32 k=4096 m=2560 n=4 b2=1 b3=1 a2=1 a3=1 threads=8 calls=8 elapsed_us=8
GGML_CPU_SHAPE_PROFILE phase=node_wall name=kq-21 a=cache_k_l21 (view) (permuted) at=f16 bt=f32 k=256 m=768 n=4 b2=8 b3=1 a2=2 a3=1 threads=8 calls=1 elapsed_us=112
GGML_CPU_SHAPE_PROFILE phase=repack_pack_thread name=Vcur-1 a=blk.1.attn_v.weight at=q4_0 bt=f32 k=2560 m=512 n=4 b2=1 b3=1 a2=1 a3=1 threads=8 calls=8 elapsed_us=4
GGML_CPU_SHAPE_PROFILE phase=generic_pack_thread name=kqv-14 a=cache_v_l14 (view) (permuted) at=f16 bt=f32 k=768 m=256 n=4 b2=8 b3=1 a2=2 a3=1 threads=8 calls=8 elapsed_us=31
GGML_CPU_SHAPE_PROFILE phase=repack_pack_thread name=node_1549 a=blk.28.proj.weight at=q4_0 bt=f32 k=256 m=2560 n=2 b2=1 b3=1 a2=1 a3=1 threads=8 calls=8 elapsed_us=0
GGML_CPU_SHAPE_PROFILE phase=node_wall name=kqv-14 a=cache_v_l14 (view) (permuted) at=f16 bt=f32 k=768 m=256 n=4 b2=8 b3=1 a2=2 a3=1 threads=8 calls=1 elapsed_us=121
GGML_CPU_SHAPE_PROFILE phase=repack_pack_thread name=node_830 a=blk.14.attn_output.weight at=q4_0 bt=f32 k=2048 m=2560 n=4 b2=1 b3=1 a2=1 a3=1 threads=8 calls=8 elapsed_us=2
GGML_CPU_SHAPE_PROFILE phase=node_wall name=node_830 a=blk.14.attn_output.weight at=q4_0 bt=f32 k=2048 m=2560 n=4 b2=1 b3=1 a2=1 a3=1 threads=8 calls=1 elapsed_us=148
GGML_CPU_SHAPE_PROFILE phase=node_wall name=kqv-39 a=cache_v_l22 (view) (permuted) at=f16 bt=f32 k=768 m=256 n=1 b2=8 b3=1 a2=2 a3=1 threads=8 calls=127 elapsed_us=9668
GGML_CPU_SHAPE_PROFILE phase=node_wall name=ffn_up-14 a=blk.14.ffn_up.weight at=q4_0 bt=f32 k=2560 m=10240 n=4 b2=1 b3=1 a2=1 a3=1 threads=8 calls=1 elapsed_us=679
GGML_CPU_SHAPE_PROFILE phase=generic_pack_thread name=kq-38 a=cache_k_l22 (view) (permuted) at=f16 bt=f32 k=256 m=768 n=21 b2=8 b3=1 a2=2 a3=1 threads=16 calls=16 elapsed_us=192
GGML_CPU_SHAPE_PROFILE phase=generic_pack_thread name=kq-16 a=cache_k_l16 (view) (permuted) at=f16 bt=f32 k=256 m=768 n=4 b2=8 b3=1 a2=2 a3=1 threads=8 calls=8 elapsed_us=23
GGML_CPU_SHAPE_PROFILE phase=repack_pack_thread name=ffn_out-14 a=blk.14.ffn_down.weight at=q4_0 bt=f32 k=10240 m=2560 n=4 b2=1 b3=1 a2=1 a3=1 threads=8 calls=8 elapsed_us=10
GGML_CPU_SHAPE_PROFILE phase=node_wall name=Kcur-15 a=blk.15.attn_k.weight at=q4_0 bt=f32 k=2560 m=512 n=4 b2=1 b3=1 a2=1 a3=1 threads=8 calls=1 elapsed_us=49
GGML_CPU_SHAPE_PROFILE phase=repack_pack_thread name=node_620 a=blk.10.inp_gate.weight at=q4_0 bt=f32 k=2560 m=256 n=2 b2=1 b3=1 a2=1 a3=1 threads=8 calls=8 elapsed_us=3
GGML_CPU_SHAPE_PROFILE phase=repack_pack_thread name=Vcur-15 a=blk.15.attn_v.weight at=q4_0 bt=f32 k=2560 m=512 n=4 b2=1 b3=1 a2=1 a3=1 threads=8 calls=8 elapsed_us=3
GGML_CPU_SHAPE_PROFILE phase=node_wall name=kq-15 a=cache_k_l15 (view) (permuted) at=f16 bt=f32 k=256 m=768 n=4 b2=8 b3=1 a2=2 a3=1 threads=8 calls=1 elapsed_us=123
GGML_CPU_SHAPE_PROFILE phase=generic_pack_thread name=kqv-15 a=cache_v_l15 (view) (permuted) at=f16 bt=f32 k=768 m=256 n=4 b2=8 b3=1 a2=2 a3=1 threads=8 calls=8 elapsed_us=32
GGML_CPU_SHAPE_PROFILE phase=node_wall name=ffn_gate-15 a=blk.15.ffn_gate.weight at=q4_0 bt=f32 k=2560 m=10240 n=4 b2=1 b3=1 a2=1 a3=1 threads=8 calls=1 elapsed_us=681
GGML_CPU_SHAPE_PROFILE phase=repack_pack_thread name=ffn_out-15 a=blk.15.ffn_down.weight at=q4_0 bt=f32 k=10240 m=2560 n=4 b2=1 b3=1 a2=1 a3=1 threads=8 calls=8 elapsed_us=13
GGML_CPU_SHAPE_PROFILE phase=node_wall name=node_1122 a=blk.19.inp_gate.weight at=q4_0 bt=f32 k=2560 m=256 n=21 b2=1 b3=1 a2=1 a3=1 threads=16 calls=1 elapsed_us=258
GGML_CPU_SHAPE_PROFILE phase=node_wall name=ffn_out-15 a=blk.15.ffn_down.weight at=q4_0 bt=f32 k=10240 m=2560 n=4 b2=1 b3=1 a2=1 a3=1 threads=8 calls=1 elapsed_us=701
GGML_CPU_SHAPE_PROFILE phase=repack_pack_thread name=node_903 a=blk.15.proj.weight at=q4_0 bt=f32 k=256 m=2560 n=4 b2=1 b3=1 a2=1 a3=1 threads=8 calls=8 elapsed_us=0
GGML_CPU_SHAPE_PROFILE phase=generic_pack_thread name=kqv-33 a=cache_v_l22 (view) (permuted) at=f16 bt=f32 k=768 m=256 n=4 b2=8 b3=1 a2=2 a3=1 threads=8 calls=8 elapsed_us=31
GGML_CPU_SHAPE_PROFILE phase=node_wall name=node_903 a=blk.15.proj.weight at=q4_0 bt=f32 k=256 m=2560 n=4 b2=1 b3=1 a2=1 a3=1 threads=8 calls=1 elapsed_us=31
GGML_CPU_SHAPE_PROFILE phase=repack_pack_thread name=node_2029 a=blk.40.proj.weight at=q4_0 bt=f32 k=256 m=2560 n=2 b2=1 b3=1 a2=1 a3=1 threads=8 calls=8 elapsed_us=0
GGML_CPU_SHAPE_PROFILE phase=repack_pack_thread name=Vcur-7 a=blk.7.attn_v.weight at=q4_0 bt=f32 k=2560 m=512 n=21 b2=1 b3=1 a2=1 a3=1 threads=16 calls=16 elapsed_us=32
GGML_CPU_SHAPE_PROFILE phase=repack_pack_thread name=Qcur-16 a=blk.16.attn_q.weight at=q4_0 bt=f32 k=2560 m=2048 n=4 b2=1 b3=1 a2=1 a3=1 threads=8 calls=8 elapsed_us=2
GGML_CPU_SHAPE_PROFILE phase=node_wall name=Vcur-16 a=blk.16.attn_v.weight at=q4_0 bt=f32 k=2560 m=512 n=4 b2=1 b3=1 a2=1 a3=1 threads=8 calls=1 elapsed_us=48
GGML_CPU_SHAPE_PROFILE phase=repack_pack_thread name=Vcur-16 a=blk.16.attn_v.weight at=q4_0 bt=f32 k=2560 m=512 n=4 b2=1 b3=1 a2=1 a3=1 threads=8 calls=8 elapsed_us=2
GGML_CPU_SHAPE_PROFILE phase=node_wall name=kq-16 a=cache_k_l16 (view) (permuted) at=f16 bt=f32 k=256 m=768 n=4 b2=8 b3=1 a2=2 a3=1 threads=8 calls=1 elapsed_us=121
GGML_CPU_SHAPE_PROFILE phase=repack_pack_thread name=ffn_out-1 a=blk.1.ffn_down.weight at=q4_0 bt=f32 k=10240 m=2560 n=21 b2=1 b3=1 a2=1 a3=1 threads=16 calls=16 elapsed_us=99
GGML_CPU_SHAPE_PROFILE phase=repack_pack_thread name=node_1545 a=blk.28.inp_gate.weight at=q4_0 bt=f32 k=2560 m=256 n=4 b2=1 b3=1 a2=1 a3=1 threads=8 calls=8 elapsed_us=3
GGML_CPU_SHAPE_PROFILE phase=generic_pack_thread name=kq-14 a=cache_k_l14 (view) (permuted) at=f16 bt=f32 k=256 m=768 n=21 b2=8 b3=1 a2=2 a3=1 threads=16 calls=16 elapsed_us=173
GGML_CPU_SHAPE_PROFILE phase=generic_pack_thread name=kqv-16 a=cache_v_l16 (view) (permuted) at=f16 bt=f32 k=768 m=256 n=4 b2=8 b3=1 a2=2 a3=1 threads=8 calls=8 elapsed_us=28
GGML_CPU_SHAPE_PROFILE phase=node_wall name=kqv-16 a=cache_v_l16 (view) (permuted) at=f16 bt=f32 k=768 m=256 n=4 b2=8 b3=1 a2=2 a3=1 threads=8 calls=1 elapsed_us=117
GGML_CPU_SHAPE_PROFILE phase=node_wall name=node_942 a=blk.16.attn_output.weight at=q4_0 bt=f32 k=2048 m=2560 n=4 b2=1 b3=1 a2=1 a3=1 threads=8 calls=1 elapsed_us=154
GGML_CPU_SHAPE_PROFILE phase=node_wall name=kqv-36 a=cache_v_l22 (view) (permuted) at=f16 bt=f32 k=768 m=256 n=4 b2=8 b3=1 a2=2 a3=1 threads=8 calls=1 elapsed_us=123
GGML_CPU_SHAPE_PROFILE phase=repack_pack_thread name=ffn_gate-16 a=blk.16.ffn_gate.weight at=q4_0 bt=f32 k=2560 m=10240 n=4 b2=1 b3=1 a2=1 a3=1 threads=8 calls=8 elapsed_us=2
GGML_CPU_SHAPE_PROFILE phase=node_wall name=ffn_up-16 a=blk.16.ffn_up.weight at=q4_0 bt=f32 k=2560 m=10240 n=4 b2=1 b3=1 a2=1 a3=1 threads=8 calls=1 elapsed_us=697
GGML_CPU_SHAPE_PROFILE phase=node_wall name=ffn_out-16 a=blk.16.ffn_down.weight at=q4_0 bt=f32 k=10240 m=2560 n=4 b2=1 b3=1 a2=1 a3=1 threads=8 calls=1 elapsed_us=688
GGML_CPU_SHAPE_PROFILE phase=node_wall name=node_959 a=blk.16.proj.weight at=q4_0 bt=f32 k=256 m=2560 n=4 b2=1 b3=1 a2=1 a3=1 threads=8 calls=1 elapsed_us=33
GGML_CPU_SHAPE_PROFILE phase=generic_pack_thread name=kqv-24 a=cache_v_l22 (view) (permuted) at=f16 bt=f32 k=768 m=256 n=21 b2=8 b3=1 a2=2 a3=1 threads=16 calls=16 elapsed_us=298
GGML_CPU_SHAPE_PROFILE phase=repack_pack_thread name=Qcur-17 a=blk.17.attn_q.weight at=q4_0 bt=f32 k=2560 m=4096 n=4 b2=1 b3=1 a2=1 a3=1 threads=8 calls=8 elapsed_us=3
GGML_CPU_SHAPE_PROFILE phase=generic_pack_thread name=kq-17 a=cache_k_l17 (view) (permuted) at=f16 bt=f32 k=512 m=64768 n=4 b2=8 b3=1 a2=2 a3=1 threads=8 calls=8 elapsed_us=36
GGML_CPU_SHAPE_PROFILE phase=repack_pack_thread name=ffn_out-7 a=blk.7.ffn_down.weight at=q4_0 bt=f32 k=10240 m=2560 n=2 b2=1 b3=1 a2=1 a3=1 threads=8 calls=8 elapsed_us=12
GGML_CPU_SHAPE_PROFILE phase=repack_pack_thread name=node_997 a=blk.17.attn_output.weight at=q4_0 bt=f32 k=4096 m=2560 n=4 b2=1 b3=1 a2=1 a3=1 threads=8 calls=8 elapsed_us=5
GGML_CPU_SHAPE_PROFILE phase=node_wall name=node_997 a=blk.17.attn_output.weight at=q4_0 bt=f32 k=4096 m=2560 n=4 b2=1 b3=1 a2=1 a3=1 threads=8 calls=1 elapsed_us=213
GGML_CPU_SHAPE_PROFILE phase=node_wall name=ffn_up-9 a=blk.9.ffn_up.weight at=q4_0 bt=f32 k=2560 m=10240 n=2 b2=1 b3=1 a2=1 a3=1 threads=8 calls=1 elapsed_us=482
GGML_CPU_SHAPE_PROFILE phase=node_wall name=kqv-27 a=cache_v_l22 (view) (permuted) at=f16 bt=f32 k=768 m=256 n=4 b2=8 b3=1 a2=2 a3=1 threads=8 calls=1 elapsed_us=99
GGML_CPU_SHAPE_PROFILE phase=node_wall name=ffn_out-22 a=blk.22.ffn_down.weight at=q4_0 bt=f32 k=10240 m=2560 n=21 b2=1 b3=1 a2=1 a3=1 threads=16 calls=1 elapsed_us=1820
GGML_CPU_SHAPE_PROFILE phase=repack_pack_thread name=ffn_out-17 a=blk.17.ffn_down.weight at=q4_0 bt=f32 k=10240 m=2560 n=4 b2=1 b3=1 a2=1 a3=1 threads=8 calls=8 elapsed_us=9
GGML_CPU_SHAPE_PROFILE phase=repack_pack_thread name=Qcur-16 a=blk.16.attn_q.weight at=q4_0 bt=f32 k=2560 m=2048 n=2 b2=1 b3=1 a2=1 a3=1 threads=8 calls=8 elapsed_us=3
GGML_CPU_SHAPE_PROFILE phase=node_wall name=ffn_out-17 a=blk.17.ffn_down.weight at=q4_0 bt=f32 k=10240 m=2560 n=4 b2=1 b3=1 a2=1 a3=1 threads=8 calls=1 elapsed_us=481
GGML_CPU_SHAPE_PROFILE phase=repack_pack_thread name=node_774 a=blk.13.attn_output.weight at=q4_0 bt=f32 k=2048 m=2560 n=1 b2=1 b3=1 a2=1 a3=1 threads=8 calls=1016 elapsed_us=182
GGML_CPU_SHAPE_PROFILE phase=node_wall name=node_1010 a=blk.17.inp_gate.weight at=q4_0 bt=f32 k=2560 m=256 n=4 b2=1 b3=1 a2=1 a3=1 threads=8 calls=1 elapsed_us=31
GGML_CPU_SHAPE_PROFILE phase=repack_pack_thread name=node_1182 a=blk.20.proj.weight at=q4_0 bt=f32 k=256 m=2560 n=1 b2=1 b3=1 a2=1 a3=1 threads=8 calls=1016 elapsed_us=53
GGML_CPU_SHAPE_PROFILE phase=repack_pack_thread name=Kcur-18 a=blk.18.attn_k.weight at=q4_0 bt=f32 k=2560 m=512 n=4 b2=1 b3=1 a2=1 a3=1 threads=8 calls=8 elapsed_us=2
GGML_CPU_SHAPE_PROFILE phase=node_wall name=ffn_out-20 a=blk.20.ffn_down.weight at=q4_0 bt=f32 k=10240 m=2560 n=2 b2=1 b3=1 a2=1 a3=1 threads=8 calls=1 elapsed_us=488
GGML_CPU_SHAPE_PROFILE phase=generic_pack_thread name=kq-18 a=cache_k_l18 (view) (permuted) at=f16 bt=f32 k=256 m=768 n=4 b2=8 b3=1 a2=2 a3=1 threads=8 calls=8 elapsed_us=16
GGML_CPU_SHAPE_PROFILE phase=repack_pack_thread name=Kcur-19 a=blk.19.attn_k.weight at=q4_0 bt=f32 k=2560 m=512 n=1 b2=1 b3=1 a2=1 a3=1 threads=8 calls=1016 elapsed_us=198
GGML_CPU_SHAPE_PROFILE phase=generic_pack_thread name=kqv-18 a=cache_v_l18 (view) (permuted) at=f16 bt=f32 k=768 m=256 n=4 b2=8 b3=1 a2=2 a3=1 threads=8 calls=8 elapsed_us=29
GGML_CPU_SHAPE_PROFILE phase=node_wall name=kqv-18 a=cache_v_l18 (view) (permuted) at=f16 bt=f32 k=768 m=256 n=4 b2=8 b3=1 a2=2 a3=1 threads=8 calls=1 elapsed_us=712
GGML_CPU_SHAPE_PROFILE phase=node_wall name=ffn_gate-18 a=blk.18.ffn_gate.weight at=q4_0 bt=f32 k=2560 m=10240 n=4 b2=1 b3=1 a2=1 a3=1 threads=8 calls=1 elapsed_us=457
GGML_CPU_SHAPE_PROFILE phase=repack_pack_thread name=ffn_up-18 a=blk.18.ffn_up.weight at=q4_0 bt=f32 k=2560 m=10240 n=4 b2=1 b3=1 a2=1 a3=1 threads=8 calls=8 elapsed_us=2
GGML_CPU_SHAPE_PROFILE phase=repack_pack_thread name=ffn_out-18 a=blk.18.ffn_down.weight at=q4_0 bt=f32 k=10240 m=2560 n=4 b2=1 b3=1 a2=1 a3=1 threads=8 calls=8 elapsed_us=10
GGML_CPU_SHAPE_PROFILE phase=node_wall name=ffn_out-18 a=blk.18.ffn_down.weight at=q4_0 bt=f32 k=10240 m=2560 n=4 b2=1 b3=1 a2=1 a3=1 threads=8 calls=1 elapsed_us=464
GGML_CPU_SHAPE_PROFILE phase=node_wall name=node_1066 a=blk.18.inp_gate.weight at=q4_0 bt=f32 k=2560 m=256 n=4 b2=1 b3=1 a2=1 a3=1 threads=8 calls=1 elapsed_us=28
GGML_CPU_SHAPE_PROFILE phase=generic_pack_thread name=kq-21 a=cache_k_l21 (view) (permuted) at=f16 bt=f32 k=256 m=768 n=4 b2=8 b3=1 a2=2 a3=1 threads=8 calls=8 elapsed_us=16
GGML_CPU_SHAPE_PROFILE phase=node_wall name=node_1070 a=blk.18.proj.weight at=q4_0 bt=f32 k=256 m=2560 n=4 b2=1 b3=1 a2=1 a3=1 threads=8 calls=1 elapsed_us=27
GGML_CPU_SHAPE_PROFILE phase=repack_pack_thread name=Vcur-19 a=blk.19.attn_v.weight at=q4_0 bt=f32 k=2560 m=512 n=4 b2=1 b3=1 a2=1 a3=1 threads=8 calls=8 elapsed_us=2
GGML_CPU_SHAPE_PROFILE phase=node_wall name=node_1109 a=blk.19.attn_output.weight at=q4_0 bt=f32 k=2048 m=2560 n=4 b2=1 b3=1 a2=1 a3=1 threads=8 calls=1 elapsed_us=246
GGML_CPU_SHAPE_PROFILE phase=node_wall name=node_1234 a=blk.21.inp_gate.weight at=q4_0 bt=f32 k=2560 m=256 n=2 b2=1 b3=1 a2=1 a3=1 threads=8 calls=1 elapsed_us=27
GGML_CPU_SHAPE_PROFILE phase=repack_pack_thread name=ffn_up-19 a=blk.19.ffn_up.weight at=q4_0 bt=f32 k=2560 m=10240 n=4 b2=1 b3=1 a2=1 a3=1 threads=8 calls=8 elapsed_us=3
GGML_CPU_SHAPE_PROFILE phase=node_wall name=ffn_up-19 a=blk.19.ffn_up.weight at=q4_0 bt=f32 k=2560 m=10240 n=4 b2=1 b3=1 a2=1 a3=1 threads=8 calls=1 elapsed_us=457
GGML_CPU_SHAPE_PROFILE phase=node_wall name=node_1122 a=blk.19.inp_gate.weight at=q4_0 bt=f32 k=2560 m=256 n=4 b2=1 b3=1 a2=1 a3=1 threads=8 calls=1 elapsed_us=33
GGML_CPU_SHAPE_PROFILE phase=repack_pack_thread name=Qcur-20 a=blk.20.attn_q.weight at=q4_0 bt=f32 k=2560 m=2048 n=4 b2=1 b3=1 a2=1 a3=1 threads=8 calls=8 elapsed_us=3
GGML_CPU_SHAPE_PROFILE phase=node_wall name=kqv-32 a=cache_v_l22 (view) (permuted) at=f16 bt=f32 k=256 m=256 n=2 b2=8 b3=1 a2=2 a3=1 threads=8 calls=1 elapsed_us=47
GGML_CPU_SHAPE_PROFILE phase=node_wall name=Qcur-20 a=blk.20.attn_q.weight at=q4_0 bt=f32 k=2560 m=2048 n=4 b2=1 b3=1 a2=1 a3=1 threads=8 calls=1 elapsed_us=107
GGML_CPU_SHAPE_PROFILE phase=node_wall name=Kcur-20 a=blk.20.attn_k.weight at=q4_0 bt=f32 k=2560 m=512 n=4 b2=1 b3=1 a2=1 a3=1 threads=8 calls=1 elapsed_us=40
GGML_CPU_SHAPE_PROFILE phase=repack_pack_thread name=node_1989 a=blk.39.proj.weight at=q4_0 bt=f32 k=256 m=2560 n=1 b2=1 b3=1 a2=1 a3=1 threads=8 calls=1016 elapsed_us=41
GGML_CPU_SHAPE_PROFILE phase=repack_pack_thread name=ffn_up-1 a=blk.1.ffn_up.weight at=q4_0 bt=f32 k=2560 m=10240 n=2 b2=1 b3=1 a2=1 a3=1 threads=8 calls=8 elapsed_us=4
GGML_CPU_SHAPE_PROFILE phase=generic_pack_thread name=kq-20 a=cache_k_l20 (view) (permuted) at=f16 bt=f32 k=256 m=768 n=4 b2=8 b3=1 a2=2 a3=1 threads=8 calls=8 elapsed_us=19
GGML_CPU_SHAPE_PROFILE phase=node_wall name=kq-20 a=cache_k_l20 (view) (permuted) at=f16 bt=f32 k=256 m=768 n=4 b2=8 b3=1 a2=2 a3=1 threads=8 calls=1 elapsed_us=111
GGML_CPU_SHAPE_PROFILE phase=node_wall name=ffn_gate-20 a=blk.20.ffn_gate.weight at=q4_0 bt=f32 k=2560 m=10240 n=4 b2=1 b3=1 a2=1 a3=1 threads=8 calls=1 elapsed_us=453
GGML_CPU_SHAPE_PROFILE phase=repack_pack_thread name=ffn_up-20 a=blk.20.ffn_up.weight at=q4_0 bt=f32 k=2560 m=10240 n=4 b2=1 b3=1 a2=1 a3=1 threads=8 calls=8 elapsed_us=2
GGML_CPU_SHAPE_PROFILE phase=node_wall name=ffn_up-20 a=blk.20.ffn_up.weight at=q4_0 bt=f32 k=2560 m=10240 n=4 b2=1 b3=1 a2=1 a3=1 threads=8 calls=1 elapsed_us=458
GGML_CPU_SHAPE_PROFILE phase=generic_pack_thread name=kq-34 a=cache_k_l22 (view) (permuted) at=f16 bt=f32 k=256 m=768 n=1 b2=8 b3=1 a2=2 a3=1 threads=8 calls=1016 elapsed_us=466
GGML_CPU_SHAPE_PROFILE phase=node_wall name=node_1932 a=blk.38.attn_output.weight at=q4_0 bt=f32 k=2048 m=2560 n=2 b2=1 b3=1 a2=1 a3=1 threads=8 calls=1 elapsed_us=107
GGML_CPU_SHAPE_PROFILE phase=node_wall name=node_1178 a=blk.20.inp_gate.weight at=q4_0 bt=f32 k=2560 m=256 n=4 b2=1 b3=1 a2=1 a3=1 threads=8 calls=1 elapsed_us=34
GGML_CPU_SHAPE_PROFILE phase=node_wall name=ffn_up-20 a=blk.20.ffn_up.weight at=q4_0 bt=f32 k=2560 m=10240 n=2 b2=1 b3=1 a2=1 a3=1 threads=8 calls=1 elapsed_us=480
GGML_CPU_SHAPE_PROFILE phase=node_wall name=node_1182 a=blk.20.proj.weight at=q4_0 bt=f32 k=256 m=2560 n=4 b2=1 b3=1 a2=1 a3=1 threads=8 calls=1 elapsed_us=37
GGML_CPU_SHAPE_PROFILE phase=node_wall name=Kcur-21 a=blk.21.attn_k.weight at=q4_0 bt=f32 k=2560 m=512 n=4 b2=1 b3=1 a2=1 a3=1 threads=8 calls=1 elapsed_us=40
GGML_CPU_SHAPE_PROFILE phase=repack_pack_thread name=node_1985 a=blk.39.inp_gate.weight at=q4_0 bt=f32 k=2560 m=256 n=4 b2=1 b3=1 a2=1 a3=1 threads=8 calls=8 elapsed_us=3
GGML_CPU_SHAPE_PROFILE phase=node_wall name=Kcur-9 a=blk.9.attn_k.weight at=q4_0 bt=f32 k=2560 m=512 n=21 b2=1 b3=1 a2=1 a3=1 threads=16 calls=1 elapsed_us=308
GGML_CPU_SHAPE_PROFILE phase=repack_pack_thread name=Qcur-6 a=blk.6.attn_q.weight at=q4_0 bt=f32 k=2560 m=2048 n=4 b2=1 b3=1 a2=1 a3=1 threads=8 calls=8 elapsed_us=3
GGML_CPU_SHAPE_PROFILE phase=node_wall name=Vcur-21 a=blk.21.attn_v.weight at=q4_0 bt=f32 k=2560 m=512 n=4 b2=1 b3=1 a2=1 a3=1 threads=8 calls=1 elapsed_us=37
GGML_CPU_SHAPE_PROFILE phase=generic_pack_thread name=node_2077 a=token_embd.weight at=q6_K bt=f32 k=2560 m=262144 n=1 b2=1 b3=1 a2=1 a3=1 threads=8 calls=1032 elapsed_us=1814
GGML_CPU_SHAPE_PROFILE phase=generic_pack_thread name=kqv-21 a=cache_v_l21 (view) (permuted) at=f16 bt=f32 k=768 m=256 n=4 b2=8 b3=1 a2=2 a3=1 threads=8 calls=8 elapsed_us=35
GGML_CPU_SHAPE_PROFILE phase=node_wall name=Kcur-11 a=blk.11.attn_k.weight at=q4_0 bt=f32 k=2560 m=1024 n=21 b2=1 b3=1 a2=1 a3=1 threads=16 calls=1 elapsed_us=803
GGML_CPU_SHAPE_PROFILE phase=node_wall name=Qcur-0 a=blk.0.attn_q.weight at=q4_0 bt=f32 k=2560 m=2048 n=4 b2=1 b3=1 a2=1 a3=1 threads=8 calls=1 elapsed_us=165
GGML_CPU_SHAPE_PROFILE phase=node_wall name=kqv-21 a=cache_v_l21 (view) (permuted) at=f16 bt=f32 k=768 m=256 n=4 b2=8 b3=1 a2=2 a3=1 threads=8 calls=1 elapsed_us=107
GGML_CPU_SHAPE_PROFILE phase=node_wall name=node_1221 a=blk.21.attn_output.weight at=q4_0 bt=f32 k=2048 m=2560 n=4 b2=1 b3=1 a2=1 a3=1 threads=8 calls=1 elapsed_us=103
GGML_CPU_SHAPE_PROFILE phase=repack_pack_thread name=ffn_gate-21 a=blk.21.ffn_gate.weight at=q4_0 bt=f32 k=2560 m=10240 n=4 b2=1 b3=1 a2=1 a3=1 threads=8 calls=8 elapsed_us=3
GGML_CPU_SHAPE_PROFILE phase=repack_pack_thread name=ffn_up-4 a=blk.4.ffn_up.weight at=q4_0 bt=f32 k=2560 m=10240 n=4 b2=1 b3=1 a2=1 a3=1 threads=8 calls=8 elapsed_us=3
GGML_CPU_SHAPE_PROFILE phase=node_wall name=ffn_up-21 a=blk.21.ffn_up.weight at=q4_0 bt=f32 k=2560 m=10240 n=4 b2=1 b3=1 a2=1 a3=1 threads=8 calls=1 elapsed_us=465
GGML_CPU_SHAPE_PROFILE phase=repack_pack_thread name=node_1234 a=blk.21.inp_gate.weight at=q4_0 bt=f32 k=2560 m=256 n=4 b2=1 b3=1 a2=1 a3=1 threads=8 calls=8 elapsed_us=4
GGML_CPU_SHAPE_PROFILE phase=node_wall name=kqv-29 a=cache_v_l23 (view) (permuted) at=f16 bt=f32 k=64768 m=512 n=21 b2=8 b3=1 a2=2 a3=1 threads=16 calls=1 elapsed_us=57346
GGML_CPU_SHAPE_PROFILE phase=node_wall name=node_1238 a=blk.21.proj.weight at=q4_0 bt=f32 k=256 m=2560 n=4 b2=1 b3=1 a2=1 a3=1 threads=8 calls=1 elapsed_us=160
GGML_CPU_SHAPE_PROFILE phase=generic_pack_thread name=kqv-5 a=cache_v_l5 (view) (permuted) at=f16 bt=f32 k=64768 m=512 n=21 b2=8 b3=1 a2=2 a3=1 threads=16 calls=16 elapsed_us=37938
GGML_CPU_SHAPE_PROFILE phase=node_wall name=Kcur-22 a=blk.22.attn_k.weight at=q4_0 bt=f32 k=2560 m=512 n=4 b2=1 b3=1 a2=1 a3=1 threads=8 calls=1 elapsed_us=37
GGML_CPU_SHAPE_PROFILE phase=generic_pack_thread name=kq-23 a=cache_k_l23 (view) (permuted) at=f16 bt=f32 k=512 m=64768 n=1 b2=8 b3=1 a2=2 a3=1 threads=8 calls=680 elapsed_us=414
GGML_CPU_SHAPE_PROFILE phase=node_wall name=Vcur-22 a=blk.22.attn_v.weight at=q4_0 bt=f32 k=2560 m=512 n=4 b2=1 b3=1 a2=1 a3=1 threads=8 calls=1 elapsed_us=37
GGML_CPU_SHAPE_PROFILE phase=node_wall name=ffn_up-17 a=blk.17.ffn_up.weight at=q4_0 bt=f32 k=2560 m=10240 n=1 b2=1 b3=1 a2=1 a3=1 threads=8 calls=127 elapsed_us=40752
GGML_CPU_SHAPE_PROFILE phase=generic_pack_thread name=kq-22 a=cache_k_l22 (view) (permuted) at=f16 bt=f32 k=256 m=768 n=4 b2=8 b3=1 a2=2 a3=1 threads=8 calls=8 elapsed_us=15
GGML_CPU_SHAPE_PROFILE phase=node_wall name=kq-22 a=cache_k_l22 (view) (permuted) at=f16 bt=f32 k=256 m=768 n=4 b2=8 b3=1 a2=2 a3=1 threads=8 calls=1 elapsed_us=111
GGML_CPU_SHAPE_PROFILE phase=node_wall name=ffn_gate-4 a=blk.4.ffn_gate.weight at=q4_0 bt=f32 k=2560 m=10240 n=21 b2=1 b3=1 a2=1 a3=1 threads=16 calls=1 elapsed_us=1632
GGML_CPU_SHAPE_PROFILE phase=repack_pack_thread name=ffn_gate-22 a=blk.22.ffn_gate.weight at=q4_0 bt=f32 k=2560 m=10240 n=4 b2=1 b3=1 a2=1 a3=1 threads=8 calls=8 elapsed_us=3
GGML_CPU_SHAPE_PROFILE phase=node_wall name=ffn_gate-22 a=blk.22.ffn_gate.weight at=q4_0 bt=f32 k=2560 m=10240 n=4 b2=1 b3=1 a2=1 a3=1 threads=8 calls=1 elapsed_us=489
GGML_CPU_SHAPE_PROFILE phase=node_wall name=kqv-1 a=cache_v_l1 (view) (permuted) at=f16 bt=f32 k=768 m=256 n=4 b2=8 b3=1 a2=2 a3=1 threads=8 calls=1 elapsed_us=124
GGML_CPU_SHAPE_PROFILE phase=node_wall name=ffn_out-22 a=blk.22.ffn_down.weight at=q4_0 bt=f32 k=10240 m=2560 n=4 b2=1 b3=1 a2=1 a3=1 threads=8 calls=1 elapsed_us=479
GGML_CPU_SHAPE_PROFILE phase=node_wall name=node_1290 a=blk.22.inp_gate.weight at=q4_0 bt=f32 k=2560 m=256 n=4 b2=1 b3=1 a2=1 a3=1 threads=8 calls=1 elapsed_us=29
GGML_CPU_SHAPE_PROFILE phase=node_wall name=Qcur-23 a=blk.23.attn_q.weight at=q4_0 bt=f32 k=2560 m=4096 n=4 b2=1 b3=1 a2=1 a3=1 threads=8 calls=1 elapsed_us=188
GGML_CPU_SHAPE_PROFILE phase=repack_pack_thread name=Vcur-23 a=blk.23.attn_v.weight at=q4_0 bt=f32 k=2560 m=1024 n=4 b2=1 b3=1 a2=1 a3=1 threads=8 calls=8 elapsed_us=2
GGML_CPU_SHAPE_PROFILE phase=node_wall name=Qcur-24 a=blk.24.attn_q.weight at=q4_0 bt=f32 k=2560 m=2048 n=2 b2=1 b3=1 a2=1 a3=1 threads=8 calls=1 elapsed_us=107
GGML_CPU_SHAPE_PROFILE phase=node_wall name=Vcur-23 a=blk.23.attn_v.weight at=q4_0 bt=f32 k=2560 m=1024 n=4 b2=1 b3=1 a2=1 a3=1 threads=8 calls=1 elapsed_us=57
GGML_CPU_SHAPE_PROFILE phase=node_wall name=node_955 a=blk.16.inp_gate.weight at=q4_0 bt=f32 k=2560 m=256 n=1 b2=1 b3=1 a2=1 a3=1 threads=8 calls=127 elapsed_us=3103
GGML_CPU_SHAPE_PROFILE phase=node_wall name=kq-37 a=cache_k_l22 (view) (permuted) at=f16 bt=f32 k=256 m=768 n=4 b2=8 b3=1 a2=2 a3=1 threads=8 calls=1 elapsed_us=119
GGML_CPU_SHAPE_PROFILE phase=generic_pack_thread name=kqv-23 a=cache_v_l23 (view) (permuted) at=f16 bt=f32 k=64768 m=512 n=4 b2=8 b3=1 a2=2 a3=1 threads=8 calls=8 elapsed_us=979
GGML_CPU_SHAPE_PROFILE phase=node_wall name=kqv-23 a=cache_v_l23 (view) (permuted) at=f16 bt=f32 k=64768 m=512 n=4 b2=8 b3=1 a2=2 a3=1 threads=8 calls=1 elapsed_us=16253
GGML_CPU_SHAPE_PROFILE phase=node_wall name=ffn_gate-23 a=blk.23.ffn_gate.weight at=q4_0 bt=f32 k=2560 m=10240 n=4 b2=1 b3=1 a2=1 a3=1 threads=8 calls=1 elapsed_us=451
GGML_CPU_SHAPE_PROFILE phase=repack_pack_thread name=ffn_up-23 a=blk.23.ffn_up.weight at=q4_0 bt=f32 k=2560 m=10240 n=4 b2=1 b3=1 a2=1 a3=1 threads=8 calls=8 elapsed_us=3
GGML_CPU_SHAPE_PROFILE phase=node_wall name=ffn_up-23 a=blk.23.ffn_up.weight at=q4_0 bt=f32 k=2560 m=10240 n=4 b2=1 b3=1 a2=1 a3=1 threads=8 calls=1 elapsed_us=440
GGML_CPU_SHAPE_PROFILE phase=node_wall name=ffn_out-8 a=blk.8.ffn_down.weight at=q4_0 bt=f32 k=10240 m=2560 n=4 b2=1 b3=1 a2=1 a3=1 threads=8 calls=1 elapsed_us=701
GGML_CPU_SHAPE_PROFILE phase=repack_pack_thread name=node_1349 a=blk.23.proj.weight at=q4_0 bt=f32 k=256 m=2560 n=4 b2=1 b3=1 a2=1 a3=1 threads=8 calls=8 elapsed_us=0
GGML_CPU_SHAPE_PROFILE phase=node_wall name=ffn_gate-30 a=blk.30.ffn_gate.weight at=q4_0 bt=f32 k=2560 m=10240 n=4 b2=1 b3=1 a2=1 a3=1 threads=8 calls=1 elapsed_us=623
GGML_CPU_SHAPE_PROFILE phase=node_wall name=ffn_out-14 a=blk.14.ffn_down.weight at=q4_0 bt=f32 k=10240 m=2560 n=4 b2=1 b3=1 a2=1 a3=1 threads=8 calls=1 elapsed_us=697
GGML_CPU_SHAPE_PROFILE phase=repack_pack_thread name=Qcur-24 a=blk.24.attn_q.weight at=q4_0 bt=f32 k=2560 m=2048 n=4 b2=1 b3=1 a2=1 a3=1 threads=8 calls=8 elapsed_us=3
GGML_CPU_SHAPE_PROFILE phase=node_wall name=ffn_out-31 a=blk.31.ffn_down.weight at=q4_0 bt=f32 k=10240 m=2560 n=2 b2=1 b3=1 a2=1 a3=1 threads=8 calls=1 elapsed_us=634
GGML_CPU_SHAPE_PROFILE phase=generic_pack_thread name=kq-24 a=cache_k_l22 (view) (permuted) at=f16 bt=f32 k=256 m=768 n=4 b2=8 b3=1 a2=2 a3=1 threads=8 calls=8 elapsed_us=15
GGML_CPU_SHAPE_PROFILE phase=node_wall name=kq-24 a=cache_k_l22 (view) (permuted) at=f16 bt=f32 k=256 m=768 n=4 b2=8 b3=1 a2=2 a3=1 threads=8 calls=1 elapsed_us=111
GGML_CPU_SHAPE_PROFILE phase=generic_pack_thread name=kqv-17 a=cache_v_l17 (view) (permuted) at=f16 bt=f32 k=65024 m=512 n=1 b2=8 b3=1 a2=2 a3=1 threads=8 calls=336 elapsed_us=11556
GGML_CPU_SHAPE_PROFILE phase=node_wall name=kqv-24 a=cache_v_l22 (view) (permuted) at=f16 bt=f32 k=768 m=256 n=4 b2=8 b3=1 a2=2 a3=1 threads=8 calls=1 elapsed_us=102
GGML_CPU_SHAPE_PROFILE phase=repack_pack_thread name=node_1372 a=blk.24.attn_output.weight at=q4_0 bt=f32 k=2048 m=2560 n=4 b2=1 b3=1 a2=1 a3=1 threads=8 calls=8 elapsed_us=2
GGML_CPU_SHAPE_PROFILE phase=node_wall name=node_791 a=blk.13.proj.weight at=q4_0 bt=f32 k=256 m=2560 n=4 b2=1 b3=1 a2=1 a3=1 threads=8 calls=1 elapsed_us=32
GGML_CPU_SHAPE_PROFILE phase=node_wall name=node_1372 a=blk.24.attn_output.weight at=q4_0 bt=f32 k=2048 m=2560 n=4 b2=1 b3=1 a2=1 a3=1 threads=8 calls=1 elapsed_us=99
GGML_CPU_SHAPE_PROFILE phase=node_wall name=kqv-40 a=cache_v_l22 (view) (permuted) at=f16 bt=f32 k=768 m=256 n=1 b2=8 b3=1 a2=2 a3=1 threads=8 calls=127 elapsed_us=9672
GGML_CPU_SHAPE_PROFILE phase=node_wall name=node_1053 a=blk.18.attn_output.weight at=q4_0 bt=f32 k=2048 m=2560 n=4 b2=1 b3=1 a2=1 a3=1 threads=8 calls=1 elapsed_us=317
GGML_CPU_SHAPE_PROFILE phase=node_wall name=ffn_gate-24 a=blk.24.ffn_gate.weight at=q4_0 bt=f32 k=2560 m=10240 n=4 b2=1 b3=1 a2=1 a3=1 threads=8 calls=1 elapsed_us=445
GGML_CPU_SHAPE_PROFILE phase=repack_pack_thread name=ffn_out-24 a=blk.24.ffn_down.weight at=q4_0 bt=f32 k=10240 m=2560 n=4 b2=1 b3=1 a2=1 a3=1 threads=8 calls=8 elapsed_us=11
GGML_CPU_SHAPE_PROFILE phase=repack_pack_thread name=ffn_up-22 a=blk.22.ffn_up.weight at=q4_0 bt=f32 k=2560 m=10240 n=2 b2=1 b3=1 a2=1 a3=1 threads=8 calls=8 elapsed_us=4
GGML_CPU_SHAPE_PROFILE phase=repack_pack_thread name=node_1389 a=blk.24.proj.weight at=q4_0 bt=f32 k=256 m=2560 n=4 b2=1 b3=1 a2=1 a3=1 threads=8 calls=8 elapsed_us=1
GGML_CPU_SHAPE_PROFILE phase=node_wall name=Kcur-14 a=blk.14.attn_k.weight at=q4_0 bt=f32 k=2560 m=512 n=1 b2=1 b3=1 a2=1 a3=1 threads=8 calls=127 elapsed_us=3917
GGML_CPU_SHAPE_PROFILE phase=node_wall name=Qcur-25 a=blk.25.attn_q.weight at=q4_0 bt=f32 k=2560 m=2048 n=4 b2=1 b3=1 a2=1 a3=1 threads=8 calls=1 elapsed_us=99
GGML_CPU_SHAPE_PROFILE phase=node_wall name=ffn_gate-4 a=blk.4.ffn_gate.weight at=q4_0 bt=f32 k=2560 m=10240 n=4 b2=1 b3=1 a2=1 a3=1 threads=8 calls=1 elapsed_us=1108
GGML_CPU_SHAPE_PROFILE phase=repack_pack_thread name=node_1066 a=blk.18.inp_gate.weight at=q4_0 bt=f32 k=2560 m=256 n=4 b2=1 b3=1 a2=1 a3=1 threads=8 calls=8 elapsed_us=3
GGML_CPU_SHAPE_PROFILE phase=generic_pack_thread name=kqv-25 a=cache_v_l22 (view) (permuted) at=f16 bt=f32 k=768 m=256 n=4 b2=8 b3=1 a2=2 a3=1 threads=8 calls=8 elapsed_us=36
GGML_CPU_SHAPE_PROFILE phase=node_wall name=node_1412 a=blk.25.attn_output.weight at=q4_0 bt=f32 k=2048 m=2560 n=4 b2=1 b3=1 a2=1 a3=1 threads=8 calls=1 elapsed_us=98
GGML_CPU_SHAPE_PROFILE phase=node_wall name=Vcur-12 a=blk.12.attn_v.weight at=q4_0 bt=f32 k=2560 m=512 n=21 b2=1 b3=1 a2=1 a3=1 threads=16 calls=1 elapsed_us=294
GGML_CPU_SHAPE_PROFILE phase=node_wall name=kq-6 a=cache_k_l6 (view) (permuted) at=f16 bt=f32 k=256 m=768 n=4 b2=8 b3=1 a2=2 a3=1 threads=8 calls=1 elapsed_us=127
GGML_CPU_SHAPE_PROFILE phase=repack_pack_thread name=ffn_up-25 a=blk.25.ffn_up.weight at=q4_0 bt=f32 k=2560 m=10240 n=4 b2=1 b3=1 a2=1 a3=1 threads=8 calls=8 elapsed_us=4
GGML_CPU_SHAPE_PROFILE phase=repack_pack_thread name=ffn_out-16 a=blk.16.ffn_down.weight at=q4_0 bt=f32 k=10240 m=2560 n=21 b2=1 b3=1 a2=1 a3=1 threads=16 calls=16 elapsed_us=140
GGML_CPU_SHAPE_PROFILE phase=node_wall name=ffn_up-25 a=blk.25.ffn_up.weight at=q4_0 bt=f32 k=2560 m=10240 n=4 b2=1 b3=1 a2=1 a3=1 threads=8 calls=1 elapsed_us=441
GGML_CPU_SHAPE_PROFILE phase=repack_pack_thread name=ffn_gate-23 a=blk.23.ffn_gate.weight at=q4_0 bt=f32 k=2560 m=10240 n=4 b2=1 b3=1 a2=1 a3=1 threads=8 calls=8 elapsed_us=2
GGML_CPU_SHAPE_PROFILE phase=node_wall name=ffn_out-25 a=blk.25.ffn_down.weight at=q4_0 bt=f32 k=10240 m=2560 n=4 b2=1 b3=1 a2=1 a3=1 threads=8 calls=1 elapsed_us=470
GGML_CPU_SHAPE_PROFILE phase=repack_pack_thread name=node_1425 a=blk.25.inp_gate.weight at=q4_0 bt=f32 k=2560 m=256 n=4 b2=1 b3=1 a2=1 a3=1 threads=8 calls=8 elapsed_us=2
GGML_CPU_SHAPE_PROFILE phase=node_wall name=node_1277 a=blk.22.attn_output.weight at=q4_0 bt=f32 k=2048 m=2560 n=1 b2=1 b3=1 a2=1 a3=1 threads=8 calls=127 elapsed_us=9535
GGML_CPU_SHAPE_PROFILE phase=node_wall name=node_1425 a=blk.25.inp_gate.weight at=q4_0 bt=f32 k=2560 m=256 n=4 b2=1 b3=1 a2=1 a3=1 threads=8 calls=1 elapsed_us=27
GGML_CPU_SHAPE_PROFILE phase=node_wall name=kqv-16 a=cache_v_l16 (view) (permuted) at=f16 bt=f32 k=256 m=256 n=2 b2=8 b3=1 a2=2 a3=1 threads=8 calls=1 elapsed_us=43
GGML_CPU_SHAPE_PROFILE phase=node_wall name=node_1429 a=blk.25.proj.weight at=q4_0 bt=f32 k=256 m=2560 n=4 b2=1 b3=1 a2=1 a3=1 threads=8 calls=1 elapsed_us=27
GGML_CPU_SHAPE_PROFILE phase=repack_pack_thread name=Qcur-24 a=blk.24.attn_q.weight at=q4_0 bt=f32 k=2560 m=2048 n=2 b2=1 b3=1 a2=1 a3=1 threads=8 calls=8 elapsed_us=3
GGML_CPU_SHAPE_PROFILE phase=repack_pack_thread name=Qcur-26 a=blk.26.attn_q.weight at=q4_0 bt=f32 k=2560 m=2048 n=4 b2=1 b3=1 a2=1 a3=1 threads=8 calls=8 elapsed_us=3
GGML_CPU_SHAPE_PROFILE phase=repack_pack_thread name=ffn_gate-20 a=blk.20.ffn_gate.weight at=q4_0 bt=f32 k=2560 m=10240 n=2 b2=1 b3=1 a2=1 a3=1 threads=8 calls=8 elapsed_us=2
GGML_CPU_SHAPE_PROFILE phase=node_wall name=kq-26 a=cache_k_l22 (view) (permuted) at=f16 bt=f32 k=256 m=768 n=4 b2=8 b3=1 a2=2 a3=1 threads=8 calls=1 elapsed_us=104
GGML_CPU_SHAPE_PROFILE phase=repack_pack_thread name=node_955 a=blk.16.inp_gate.weight at=q4_0 bt=f32 k=2560 m=256 n=4 b2=1 b3=1 a2=1 a3=1 threads=8 calls=8 elapsed_us=3
GGML_CPU_SHAPE_PROFILE phase=node_wall name=node_1452 a=blk.26.attn_output.weight at=q4_0 bt=f32 k=2048 m=2560 n=4 b2=1 b3=1 a2=1 a3=1 threads=8 calls=1 elapsed_us=98
GGML_CPU_SHAPE_PROFILE phase=node_wall name=node_1178 a=blk.20.inp_gate.weight at=q4_0 bt=f32 k=2560 m=256 n=1 b2=1 b3=1 a2=1 a3=1 threads=8 calls=127 elapsed_us=3237
GGML_CPU_SHAPE_PROFILE phase=node_wall name=ffn_gate-26 a=blk.26.ffn_gate.weight at=q4_0 bt=f32 k=2560 m=10240 n=4 b2=1 b3=1 a2=1 a3=1 threads=8 calls=1 elapsed_us=446
GGML_CPU_SHAPE_PROFILE phase=node_wall name=node_1465 a=blk.26.inp_gate.weight at=q4_0 bt=f32 k=2560 m=256 n=4 b2=1 b3=1 a2=1 a3=1 threads=8 calls=1 elapsed_us=28
GGML_CPU_SHAPE_PROFILE phase=node_wall name=kq-27 a=cache_k_l22 (view) (permuted) at=f16 bt=f32 k=256 m=768 n=4 b2=8 b3=1 a2=2 a3=1 threads=8 calls=1 elapsed_us=108
GGML_CPU_SHAPE_PROFILE phase=generic_pack_thread name=kqv-13 a=cache_v_l13 (view) (permuted) at=f16 bt=f32 k=256 m=256 n=2 b2=8 b3=1 a2=2 a3=1 threads=8 calls=8 elapsed_us=8
GGML_CPU_SHAPE_PROFILE phase=repack_pack_thread name=node_1492 a=blk.27.attn_output.weight at=q4_0 bt=f32 k=2048 m=2560 n=4 b2=1 b3=1 a2=1 a3=1 threads=8 calls=8 elapsed_us=3
GGML_CPU_SHAPE_PROFILE phase=node_wall name=node_1492 a=blk.27.attn_output.weight at=q4_0 bt=f32 k=2048 m=2560 n=4 b2=1 b3=1 a2=1 a3=1 threads=8 calls=1 elapsed_us=97
GGML_CPU_SHAPE_PROFILE phase=node_wall name=kq-40 a=cache_k_l22 (view) (permuted) at=f16 bt=f32 k=256 m=768 n=4 b2=8 b3=1 a2=2 a3=1 threads=8 calls=1 elapsed_us=137
GGML_CPU_SHAPE_PROFILE phase=node_wall name=ffn_gate-27 a=blk.27.ffn_gate.weight at=q4_0 bt=f32 k=2560 m=10240 n=4 b2=1 b3=1 a2=1 a3=1 threads=8 calls=1 elapsed_us=445
GGML_CPU_SHAPE_PROFILE phase=repack_pack_thread name=ffn_out-27 a=blk.27.ffn_down.weight at=q4_0 bt=f32 k=10240 m=2560 n=4 b2=1 b3=1 a2=1 a3=1 threads=8 calls=8 elapsed_us=9
GGML_CPU_SHAPE_PROFILE phase=node_wall name=node_1749 a=blk.33.proj.weight at=q4_0 bt=f32 k=256 m=2560 n=1 b2=1 b3=1 a2=1 a3=1 threads=8 calls=127 elapsed_us=2906
GGML_CPU_SHAPE_PROFILE phase=repack_pack_thread name=Qcur-19 a=blk.19.attn_q.weight at=q4_0 bt=f32 k=2560 m=2048 n=1 b2=1 b3=1 a2=1 a3=1 threads=8 calls=1016 elapsed_us=194
GGML_CPU_SHAPE_PROFILE phase=node_wall name=ffn_out-27 a=blk.27.ffn_down.weight at=q4_0 bt=f32 k=10240 m=2560 n=4 b2=1 b3=1 a2=1 a3=1 threads=8 calls=1 elapsed_us=449
GGML_CPU_SHAPE_PROFILE phase=node_wall name=node_1505 a=blk.27.inp_gate.weight at=q4_0 bt=f32 k=2560 m=256 n=4 b2=1 b3=1 a2=1 a3=1 threads=8 calls=1 elapsed_us=55
GGML_CPU_SHAPE_PROFILE phase=repack_pack_thread name=Qcur-28 a=blk.28.attn_q.weight at=q4_0 bt=f32 k=2560 m=2048 n=4 b2=1 b3=1 a2=1 a3=1 threads=8 calls=8 elapsed_us=3
GGML_CPU_SHAPE_PROFILE phase=generic_pack_thread name=kq-28 a=cache_k_l22 (view) (permuted) at=f16 bt=f32 k=256 m=768 n=4 b2=8 b3=1 a2=2 a3=1 threads=8 calls=8 elapsed_us=18
GGML_CPU_SHAPE_PROFILE phase=node_wall name=kq-28 a=cache_k_l22 (view) (permuted) at=f16 bt=f32 k=256 m=768 n=4 b2=8 b3=1 a2=2 a3=1 threads=8 calls=1 elapsed_us=107
GGML_CPU_SHAPE_PROFILE phase=repack_pack_thread name=node_1532 a=blk.28.attn_output.weight at=q4_0 bt=f32 k=2048 m=2560 n=4 b2=1 b3=1 a2=1 a3=1 threads=8 calls=8 elapsed_us=3
GGML_CPU_SHAPE_PROFILE phase=repack_pack_thread name=ffn_gate-5 a=blk.5.ffn_gate.weight at=q4_0 bt=f32 k=2560 m=10240 n=1 b2=1 b3=1 a2=1 a3=1 threads=8 calls=1016 elapsed_us=218
GGML_CPU_SHAPE_PROFILE phase=node_wall name=ffn_up-28 a=blk.28.ffn_up.weight at=q4_0 bt=f32 k=2560 m=10240 n=4 b2=1 b3=1 a2=1 a3=1 threads=8 calls=1 elapsed_us=456
GGML_CPU_SHAPE_PROFILE phase=generic_pack_thread name=kq-21 a=cache_k_l21 (view) (permuted) at=f16 bt=f32 k=256 m=256 n=2 b2=8 b3=1 a2=2 a3=1 threads=8 calls=8 elapsed_us=4
GGML_CPU_SHAPE_PROFILE phase=node_wall name=ffn_out-28 a=blk.28.ffn_down.weight at=q4_0 bt=f32 k=10240 m=2560 n=4 b2=1 b3=1 a2=1 a3=1 threads=8 calls=1 elapsed_us=473
GGML_CPU_SHAPE_PROFILE phase=node_wall name=node_1549 a=blk.28.proj.weight at=q4_0 bt=f32 k=256 m=2560 n=4 b2=1 b3=1 a2=1 a3=1 threads=8 calls=1 elapsed_us=27
GGML_CPU_SHAPE_PROFILE phase=node_wall name=Qcur-29 a=blk.29.attn_q.weight at=q4_0 bt=f32 k=2560 m=4096 n=4 b2=1 b3=1 a2=1 a3=1 threads=8 calls=1 elapsed_us=192
GGML_CPU_SHAPE_PROFILE phase=generic_pack_thread name=kq-29 a=cache_k_l23 (view) (permuted) at=f16 bt=f32 k=512 m=64768 n=4 b2=8 b3=1 a2=2 a3=1 threads=8 calls=8 elapsed_us=28
GGML_CPU_SHAPE_PROFILE phase=generic_pack_thread name=kqv-29 a=cache_v_l23 (view) (permuted) at=f16 bt=f32 k=64768 m=512 n=4 b2=8 b3=1 a2=2 a3=1 threads=8 calls=8 elapsed_us=920
GGML_CPU_SHAPE_PROFILE phase=node_wall name=node_1572 a=blk.29.attn_output.weight at=q4_0 bt=f32 k=4096 m=2560 n=4 b2=1 b3=1 a2=1 a3=1 threads=8 calls=1 elapsed_us=195
GGML_CPU_SHAPE_PROFILE phase=node_wall name=node_735 a=blk.12.proj.weight at=q4_0 bt=f32 k=256 m=2560 n=21 b2=1 b3=1 a2=1 a3=1 threads=16 calls=1 elapsed_us=181
GGML_CPU_SHAPE_PROFILE phase=repack_pack_thread name=ffn_gate-29 a=blk.29.ffn_gate.weight at=q4_0 bt=f32 k=2560 m=10240 n=4 b2=1 b3=1 a2=1 a3=1 threads=8 calls=8 elapsed_us=2
GGML_CPU_SHAPE_PROFILE phase=node_wall name=node_1589 a=blk.29.proj.weight at=q4_0 bt=f32 k=256 m=2560 n=4 b2=1 b3=1 a2=1 a3=1 threads=8 calls=1 elapsed_us=25
GGML_CPU_SHAPE_PROFILE phase=node_wall name=Qcur-28 a=blk.28.attn_q.weight at=q4_0 bt=f32 k=2560 m=2048 n=4 b2=1 b3=1 a2=1 a3=1 threads=8 calls=1 elapsed_us=231
GGML_CPU_SHAPE_PROFILE phase=repack_pack_thread name=Kcur-13 a=blk.13.attn_k.weight at=q4_0 bt=f32 k=2560 m=512 n=4 b2=1 b3=1 a2=1 a3=1 threads=8 calls=8 elapsed_us=2
GGML_CPU_SHAPE_PROFILE phase=node_wall name=kqv-30 a=cache_v_l22 (view) (permuted) at=f16 bt=f32 k=768 m=256 n=4 b2=8 b3=1 a2=2 a3=1 threads=8 calls=1 elapsed_us=101
GGML_CPU_SHAPE_PROFILE phase=summary groups=3447 overflow=0
GGML_CPU_WHOLE_TOKEN_PROFILE kind=op name=ADD family=other calls=16510 wall_us=59357 active_thread_us=69676 capacity_us=579584 logical_read_bytes=410640384 logical_write_bytes=205320192
GGML_CPU_WHOLE_TOKEN_PROFILE kind=op name=MUL family=other calls=10920 wall_us=58621 active_thread_us=66176 capacity_us=514664 logical_read_bytes=79500624 logical_write_bytes=72855552
GGML_CPU_WHOLE_TOKEN_PROFILE kind=op name=RMS_NORM family=other calls=39260 wall_us=208645 active_thread_us=266910 capacity_us=1984544 logical_read_bytes=418840576 logical_write_bytes=418840576
GGML_CPU_WHOLE_TOKEN_PROFILE kind=op name=MUL_MAT family=matrix calls=55640 wall_us=22012707 active_thread_us=168937057 capacity_us=185285160 logical_read_bytes=741526383616 logical_write_bytes=3357425664
GGML_CPU_WHOLE_TOKEN_PROFILE kind=op name=SCALE family=other calls=780 wall_us=16114 active_thread_us=20442 capacity_us=132736 logical_read_bytes=291979264 logical_write_bytes=291979264
GGML_CPU_WHOLE_TOKEN_PROFILE kind=op name=CONT family=copy calls=5590 wall_us=18309 active_thread_us=49132 capacity_us=171024 logical_read_bytes=68440064 logical_write_bytes=68440064
GGML_CPU_WHOLE_TOKEN_PROFILE kind=op name=GET_ROWS family=other calls=390 wall_us=2281 active_thread_us=4003 capacity_us=19600 logical_read_bytes=372141201108 logical_write_bytes=9521152
GGML_CPU_WHOLE_TOKEN_PROFILE kind=op name=SET_ROWS family=copy calls=6240 wall_us=30783 active_thread_us=113478 capacity_us=281976 logical_read_bytes=570668364672 logical_write_bytes=570614087680
GGML_CPU_WHOLE_TOKEN_PROFILE kind=op name=SOFT_MAX family=attention calls=5460 wall_us=1573091 active_thread_us=1988393 capacity_us=12997944 logical_read_bytes=2631444480 logical_write_bytes=2339061760
GGML_CPU_WHOLE_TOKEN_PROFILE kind=op name=ROPE family=attention calls=8580 wall_us=59073 active_thread_us=210647 capacity_us=542200 logical_read_bytes=72152784 logical_write_bytes=70647808
GGML_CPU_WHOLE_TOKEN_PROFILE kind=op name=PAD family=other calls=2600 wall_us=18697 active_thread_us=21226 capacity_us=163768 logical_read_bytes=6307840 logical_write_bytes=12615680
GGML_CPU_WHOLE_TOKEN_PROFILE kind=op name=UNARY family=other calls=5590 wall_us=263346 active_thread_us=273173 capacity_us=2128728 logical_read_bytes=141889536 logical_write_bytes=141889536
GGML_CPU_WHOLE_TOKEN_PROFILE kind=op name=GLU family=other calls=5460 wall_us=359116 active_thread_us=429276 capacity_us=2964592 logical_read_bytes=529858560 logical_write_bytes=264929280
GGML_CPU_WHOLE_TOKEN_PROFILE kind=family name=matrix calls=55640 wall_us=22012707 active_thread_us=168937057 capacity_us=185285160 idle_or_sync_us=16348103 logical_read_bytes=741526383616 logical_write_bytes=3357425664
GGML_CPU_WHOLE_TOKEN_PROFILE kind=family name=attention calls=14040 wall_us=1632164 active_thread_us=2199040 capacity_us=13540144 idle_or_sync_us=11341104 logical_read_bytes=2703597264 logical_write_bytes=2409709568
GGML_CPU_WHOLE_TOKEN_PROFILE kind=family name=copy calls=11830 wall_us=49092 active_thread_us=162610 capacity_us=453000 idle_or_sync_us=290390 logical_read_bytes=570736804736 logical_write_bytes=570682527744
GGML_CPU_WHOLE_TOKEN_PROFILE kind=family name=other calls=81510 wall_us=986177 active_thread_us=1150882 capacity_us=8488216 idle_or_sync_us=7337334 logical_read_bytes=374020217892 logical_write_bytes=1417951232
GGML_CPU_WHOLE_TOKEN_PROFILE kind=total graphs=130 graph_us=24781768 node_wall_us=24680140 active_thread_us=172449589 capacity_us=207766520 idle_or_sync_us=35316931 logical_read_bytes=1688987003508 logical_write_bytes=577867614208
