ggml_vulkan: Found 1 Vulkan devices:
ggml_vulkan: 0 = Intel(R) Iris(R) Xe Graphics (RPL-P) (Intel open-source Mesa driver) | uma: 1 | fp16: 1 | bf16: 0 | fp4: 0 | warp size: 32 | shared memory: 49152 | int dot: 1 | matrix cores: none | tier: 1 (fp16-integer-dot)
load_backend: loaded Vulkan backend from /var/home/agent/workspace/reports/xe-in-memory-perf-20260913/vulkan/libggml-vulkan.so.0.23.0
llama_model_loader: loaded meta data with 49 key-value pairs and 666 tensors from /var/home/agent/workspace/projects/models/gemma-4-e4b-qat-mtp/gemma-4-E4B_q4_0-it.gguf (version GGUF V3 (latest))
llama_model_loader: Dumping metadata keys/values. Note: KV overrides do not apply in this output.
llama_model_loader: - kv   0:                       general.architecture str              = gemma4
llama_model_loader: - kv   1:                               general.type str              = model
llama_model_loader: - kv   2:                     general.sampling.top_k i32              = 64
llama_model_loader: - kv   3:                     general.sampling.top_p f32              = 0.950000
llama_model_loader: - kv   4:                      general.sampling.temp f32              = 1.000000
llama_model_loader: - kv   5:                               general.name str              = Hf
llama_model_loader: - kv   6:                         general.size_label str              = 7.5B
llama_model_loader: - kv   7:                            general.license str              = apache-2.0
llama_model_loader: - kv   8:                       general.license.link str              = https://ai.google.dev/gemma/docs/gemm...
llama_model_loader: - kv   9:                   general.base_model.count u32              = 1
llama_model_loader: - kv  10:                  general.base_model.0.name str              = Gemma 4 E4B It
llama_model_loader: - kv  11:          general.base_model.0.organization str              = Google
llama_model_loader: - kv  12:              general.base_model.0.repo_url str              = https://huggingface.co/google/gemma-4...
llama_model_loader: - kv  13:                               general.tags arr[str,1]       = ["any-to-any"]
llama_model_loader: - kv  14:                         gemma4.block_count u32              = 42
llama_model_loader: - kv  15:                      gemma4.context_length u32              = 131072
llama_model_loader: - kv  16:                    gemma4.embedding_length u32              = 2560
llama_model_loader: - kv  17:                 gemma4.feed_forward_length u32              = 10240
llama_model_loader: - kv  18:                gemma4.attention.head_count u32              = 8
llama_model_loader: - kv  19:             gemma4.attention.head_count_kv u32              = 2
llama_model_loader: - kv  20:                      gemma4.rope.freq_base f32              = 1000000.000000
llama_model_loader: - kv  21:                  gemma4.rope.freq_base_swa f32              = 10000.000000
llama_model_loader: - kv  22:    gemma4.attention.layer_norm_rms_epsilon f32              = 0.000001
llama_model_loader: - kv  23:                gemma4.attention.key_length u32              = 512
llama_model_loader: - kv  24:              gemma4.attention.value_length u32              = 512
llama_model_loader: - kv  25:             gemma4.final_logit_softcapping f32              = 30.000000
llama_model_loader: - kv  26:            gemma4.attention.sliding_window u32              = 512
llama_model_loader: - kv  27:          gemma4.attention.shared_kv_layers u32              = 18
llama_model_loader: - kv  28:    gemma4.embedding_length_per_layer_input u32              = 256
llama_model_loader: - kv  29:    gemma4.attention.sliding_window_pattern arr[bool,42]     = [true, true, true, true, true, false,...
llama_model_loader: - kv  30:            gemma4.attention.key_length_swa u32              = 256
llama_model_loader: - kv  31:          gemma4.attention.value_length_swa u32              = 256
llama_model_loader: - kv  32:                gemma4.rope.dimension_count u32              = 512
llama_model_loader: - kv  33:            gemma4.rope.dimension_count_swa u32              = 256
llama_model_loader: - kv  34:                       tokenizer.ggml.model str              = gemma4
llama_model_loader: - kv  35:                      tokenizer.ggml.tokens arr[str,262144]  = ["<pad>", "<eos>", "<bos>", "<unk>", ...
llama_model_loader: - kv  36:                      tokenizer.ggml.scores arr[f32,262144]  = [-1000.000000, -1000.000000, -1000.00...
llama_model_loader: - kv  37:                  tokenizer.ggml.token_type arr[i32,262144]  = [3, 3, 3, 3, 3, 1, 1, 1, 1, 1, 1, 1, ...
llama_model_loader: - kv  38:                      tokenizer.ggml.merges arr[str,514906]  = ["\n\n\n\n\n\n\n\n\n\n\n\n\n\n\n\n\n\n\n\n\n\n\n\n\n\n\n\n\n\n \n", ...
llama_model_loader: - kv  39:                tokenizer.ggml.bos_token_id u32              = 2
llama_model_loader: - kv  40:                tokenizer.ggml.eos_token_id u32              = 1
llama_model_loader: - kv  41:            tokenizer.ggml.unknown_token_id u32              = 3
llama_model_loader: - kv  42:            tokenizer.ggml.padding_token_id u32              = 0
llama_model_loader: - kv  43:               tokenizer.ggml.mask_token_id u32              = 4
llama_model_loader: - kv  44:                    tokenizer.chat_template str              = {#\n  Template: Google Gemma 4 Canonic...
llama_model_loader: - kv  45:            tokenizer.ggml.add_space_prefix bool             = false
llama_model_loader: - kv  46:               tokenizer.ggml.add_bos_token bool             = true
llama_model_loader: - kv  47:               general.quantization_version u32              = 2
llama_model_loader: - kv  48:                          general.file_type u32              = 2
llama_model_loader: - type  f32:  321 tensors
llama_model_loader: - type  f16:    1 tensors
llama_model_loader: - type q4_0:  342 tensors
llama_model_loader: - type q6_K:    2 tensors
print_info: file format = GGUF V3 (latest)
print_info: file type   = Q4_0
print_info: file size   = 4.79 GiB (5.51 BPW) 
llama_prepare_model_devices: using device Vulkan0 (Intel(R) Iris(R) Xe Graphics (RPL-P)) (0000:00:02.0) - 21474 MiB free
init_tokenizer: initializing tokenizer for type 2
load: 0 unused tokens
load: control token: 258884 '<|video|>' is not marked as EOG
load: control token: 255999 '<|image>' is not marked as EOG
load: control token: 258882 '<image|>' is not marked as EOG
load: control token: 258883 '<audio|>' is not marked as EOG
load: control token:     98 '<|think|>' is not marked as EOG
load: control token:    105 '<|turn>' is not marked as EOG
load: control token: 258880 '<|image|>' is not marked as EOG
load: control token:      2 '<bos>' is not marked as EOG
load: control-looking token:    212 '</s>' was not control-type; this is probably a bug in the model. its type will be overridden
load: control token:      0 '<pad>' is not marked as EOG
load: control-looking token:     50 '<|tool_response>' was not control-type; this is probably a bug in the model. its type will be overridden
load: control token:     46 '<|tool>' is not marked as EOG
load: control token:     47 '<tool|>' is not marked as EOG
load: control token: 256000 '<|audio>' is not marked as EOG
load: control token:      3 '<unk>' is not marked as EOG
load: control token: 258881 '<|audio|>' is not marked as EOG
load: control token:      4 '<mask>' is not marked as EOG
load: printing all EOG tokens:
load:   - 1 ('<eos>')
load:   - 50 ('<|tool_response>')
load:   - 106 ('<turn|>')
load:   - 212 ('</s>')
load: special_eog_ids contains '<|tool_response>', removing '</s>' token from EOG list
load: special tokens cache size = 24
load: token to piece cache size = 1.9445 MB
print_info: arch                  = gemma4
print_info: vocab_only            = 0
print_info: no_alloc              = 0
print_info: n_ctx_train           = 131072
print_info: n_embd_inp            = 2560
print_info: n_embd                = 2560
print_info: n_embd_out            = 2560
print_info: n_layer               = 42
print_info: n_layer_all           = 42
print_info: n_head                = 8
print_info: n_head_kv             = 2
print_info: n_rot                 = 512
print_info: n_swa                 = 512
print_info: is_swa_any            = 1
print_info: non_causal_type       = 1
print_info: n_embd_head_k         = 512
print_info: n_embd_head_v         = 512
print_info: n_gqa                 = 4
print_info: n_embd_k_gqa          = [512, 512, 512, 512, 512, 1024, 512, 512, 512, 512, 512, 1024, 512, 512, 512, 512, 512, 1024, 512, 512, 512, 512, 512, 1024, 512, 512, 512, 512, 512, 1024, 512, 512, 512, 512, 512, 1024, 512, 512, 512, 512, 512, 1024]
print_info: n_embd_v_gqa          = [512, 512, 512, 512, 512, 1024, 512, 512, 512, 512, 512, 1024, 512, 512, 512, 512, 512, 1024, 512, 512, 512, 512, 512, 1024, 512, 512, 512, 512, 512, 1024, 512, 512, 512, 512, 512, 1024, 512, 512, 512, 512, 512, 1024]
print_info: f_norm_eps            = 0.0e+00
print_info: f_norm_rms_eps        = 1.0e-06
print_info: f_clamp_kqv           = 0.0e+00
print_info: f_max_alibi_bias      = 0.0e+00
print_info: f_logit_scale         = 0.0e+00
print_info: f_attn_scale          = 1.0e+00
print_info: f_attn_value_scale    = 0.0000
print_info: n_ff                  = 10240
print_info: n_expert              = 0
print_info: n_expert_used         = 0
print_info: n_expert_groups       = 0
print_info: n_group_used          = 0
print_info: causal attn           = 1
print_info: pooling type          = -1
print_info: rope type             = 2
print_info: rope scaling          = linear
print_info: freq_base_train       = 1000000.0
print_info: freq_scale_train      = 1
print_info: freq_base_swa         = 10000.0
print_info: freq_scale_swa        = 1
print_info: n_embd_head_k_swa     = 256
print_info: n_embd_head_v_swa     = 256
print_info: n_rot_swa             = 256
print_info: n_ctx_orig_yarn       = 131072
print_info: rope_yarn_log_mul     = 0.0000
print_info: rope_finetuned        = unknown
print_info: model type            = E4B
print_info: model params          = 7.46 B
print_info: general.name          = Hf
print_info: vocab type            = BPE
print_info: n_vocab               = 262144
print_info: n_merges              = 514906
print_info: BOS token             = 2 '<bos>'
print_info: EOS token             = 1 '<eos>'
print_info: UNK token             = 3 '<unk>'
print_info: PAD token             = 0 '<pad>'
print_info: MASK token            = 4 '<mask>'
print_info: LF token              = 107 '
'
print_info: EOG token             = 1 '<eos>'
print_info: EOG token             = 50 '<|tool_response>'
print_info: EOG token             = 106 '<turn|>'
print_info: max token length      = 93
load_tensors: loading model tensors, this can take a while... (load_mode = none)
load_tensors: layer   0 assigned to device Vulkan0, is_swa = 1
load_tensors: layer   1 assigned to device Vulkan0, is_swa = 1
load_tensors: layer   2 assigned to device Vulkan0, is_swa = 1
load_tensors: layer   3 assigned to device Vulkan0, is_swa = 1
load_tensors: layer   4 assigned to device Vulkan0, is_swa = 1
load_tensors: layer   5 assigned to device Vulkan0, is_swa = 0
load_tensors: layer   6 assigned to device Vulkan0, is_swa = 1
load_tensors: layer   7 assigned to device Vulkan0, is_swa = 1
load_tensors: layer   8 assigned to device Vulkan0, is_swa = 1
load_tensors: layer   9 assigned to device Vulkan0, is_swa = 1
load_tensors: layer  10 assigned to device Vulkan0, is_swa = 1
load_tensors: layer  11 assigned to device Vulkan0, is_swa = 0
load_tensors: layer  12 assigned to device Vulkan0, is_swa = 1
load_tensors: layer  13 assigned to device Vulkan0, is_swa = 1
load_tensors: layer  14 assigned to device Vulkan0, is_swa = 1
load_tensors: layer  15 assigned to device Vulkan0, is_swa = 1
load_tensors: layer  16 assigned to device Vulkan0, is_swa = 1
load_tensors: layer  17 assigned to device Vulkan0, is_swa = 0
load_tensors: layer  18 assigned to device Vulkan0, is_swa = 1
load_tensors: layer  19 assigned to device Vulkan0, is_swa = 1
load_tensors: layer  20 assigned to device Vulkan0, is_swa = 1
load_tensors: layer  21 assigned to device Vulkan0, is_swa = 1
load_tensors: layer  22 assigned to device Vulkan0, is_swa = 1
load_tensors: layer  23 assigned to device Vulkan0, is_swa = 0
load_tensors: layer  24 assigned to device Vulkan0, is_swa = 1
load_tensors: layer  25 assigned to device Vulkan0, is_swa = 1
load_tensors: layer  26 assigned to device Vulkan0, is_swa = 1
load_tensors: layer  27 assigned to device Vulkan0, is_swa = 1
load_tensors: layer  28 assigned to device Vulkan0, is_swa = 1
load_tensors: layer  29 assigned to device Vulkan0, is_swa = 0
load_tensors: layer  30 assigned to device Vulkan0, is_swa = 1
load_tensors: layer  31 assigned to device Vulkan0, is_swa = 1
load_tensors: layer  32 assigned to device Vulkan0, is_swa = 1
load_tensors: layer  33 assigned to device Vulkan0, is_swa = 1
load_tensors: layer  34 assigned to device Vulkan0, is_swa = 1
load_tensors: layer  35 assigned to device Vulkan0, is_swa = 0
load_tensors: layer  36 assigned to device Vulkan0, is_swa = 1
load_tensors: layer  37 assigned to device Vulkan0, is_swa = 1
load_tensors: layer  38 assigned to device Vulkan0, is_swa = 1
load_tensors: layer  39 assigned to device Vulkan0, is_swa = 1
load_tensors: layer  40 assigned to device Vulkan0, is_swa = 1
load_tensors: layer  41 assigned to device Vulkan0, is_swa = 0
load_tensors: layer  42 assigned to device Vulkan0, is_swa = 0
create_tensor: loading tensor output.weight
create_tensor: loading tensor token_embd.weight
create_tensor: loading tensor token_embd.weight
create_tensor: loading tensor per_layer_token_embd.weight
create_tensor: loading tensor per_layer_model_proj.weight
create_tensor: loading tensor per_layer_proj_norm.weight
create_tensor: loading tensor output_norm.weight
create_tensor: loading tensor blk.0.attn_norm.weight
create_tensor: loading tensor blk.0.attn_q.weight
create_tensor: loading tensor blk.0.attn_k.weight
create_tensor: loading tensor blk.0.attn_v.weight
create_tensor: loading tensor blk.0.attn_output.weight
create_tensor: loading tensor blk.0.attn_q_norm.weight
create_tensor: loading tensor blk.0.attn_k_norm.weight
create_tensor: loading tensor blk.0.post_attention_norm.weight
create_tensor: loading tensor blk.0.layer_output_scale.weight
create_tensor: loading tensor blk.0.ffn_norm.weight
create_tensor: loading tensor blk.0.ffn_gate.weight
create_tensor: loading tensor blk.0.ffn_up.weight
create_tensor: loading tensor blk.0.ffn_down.weight
create_tensor: loading tensor blk.0.post_ffw_norm.weight
create_tensor: loading tensor blk.0.ffn_gate_inp.weight
create_tensor: loading tensor blk.0.inp_gate.weight
create_tensor: loading tensor blk.0.proj.weight
create_tensor: loading tensor blk.0.post_norm.weight
create_tensor: loading tensor blk.1.attn_norm.weight
create_tensor: loading tensor blk.1.attn_q.weight
create_tensor: loading tensor blk.1.attn_k.weight
create_tensor: loading tensor blk.1.attn_v.weight
create_tensor: loading tensor blk.1.attn_output.weight
create_tensor: loading tensor blk.1.attn_q_norm.weight
create_tensor: loading tensor blk.1.attn_k_norm.weight
create_tensor: loading tensor blk.1.post_attention_norm.weight
create_tensor: loading tensor blk.1.layer_output_scale.weight
create_tensor: loading tensor blk.1.ffn_norm.weight
create_tensor: loading tensor blk.1.ffn_gate.weight
create_tensor: loading tensor blk.1.ffn_up.weight
create_tensor: loading tensor blk.1.ffn_down.weight
create_tensor: loading tensor blk.1.post_ffw_norm.weight
create_tensor: loading tensor blk.1.ffn_gate_inp.weight
create_tensor: loading tensor blk.1.inp_gate.weight
create_tensor: loading tensor blk.1.proj.weight
create_tensor: loading tensor blk.1.post_norm.weight
create_tensor: loading tensor blk.2.attn_norm.weight
create_tensor: loading tensor blk.2.attn_q.weight
create_tensor: loading tensor blk.2.attn_k.weight
create_tensor: loading tensor blk.2.attn_v.weight
create_tensor: loading tensor blk.2.attn_output.weight
create_tensor: loading tensor blk.2.attn_q_norm.weight
create_tensor: loading tensor blk.2.attn_k_norm.weight
create_tensor: loading tensor blk.2.post_attention_norm.weight
create_tensor: loading tensor blk.2.layer_output_scale.weight
create_tensor: loading tensor blk.2.ffn_norm.weight
create_tensor: loading tensor blk.2.ffn_gate.weight
create_tensor: loading tensor blk.2.ffn_up.weight
create_tensor: loading tensor blk.2.ffn_down.weight
create_tensor: loading tensor blk.2.post_ffw_norm.weight
create_tensor: loading tensor blk.2.ffn_gate_inp.weight
create_tensor: loading tensor blk.2.inp_gate.weight
create_tensor: loading tensor blk.2.proj.weight
create_tensor: loading tensor blk.2.post_norm.weight
create_tensor: loading tensor blk.3.attn_norm.weight
create_tensor: loading tensor blk.3.attn_q.weight
create_tensor: loading tensor blk.3.attn_k.weight
create_tensor: loading tensor blk.3.attn_v.weight
create_tensor: loading tensor blk.3.attn_output.weight
create_tensor: loading tensor blk.3.attn_q_norm.weight
create_tensor: loading tensor blk.3.attn_k_norm.weight
create_tensor: loading tensor blk.3.post_attention_norm.weight
create_tensor: loading tensor blk.3.layer_output_scale.weight
create_tensor: loading tensor blk.3.ffn_norm.weight
create_tensor: loading tensor blk.3.ffn_gate.weight
create_tensor: loading tensor blk.3.ffn_up.weight
create_tensor: loading tensor blk.3.ffn_down.weight
create_tensor: loading tensor blk.3.post_ffw_norm.weight
create_tensor: loading tensor blk.3.ffn_gate_inp.weight
create_tensor: loading tensor blk.3.inp_gate.weight
create_tensor: loading tensor blk.3.proj.weight
create_tensor: loading tensor blk.3.post_norm.weight
create_tensor: loading tensor blk.4.attn_norm.weight
create_tensor: loading tensor blk.4.attn_q.weight
create_tensor: loading tensor blk.4.attn_k.weight
create_tensor: loading tensor blk.4.attn_v.weight
create_tensor: loading tensor blk.4.attn_output.weight
create_tensor: loading tensor blk.4.attn_q_norm.weight
create_tensor: loading tensor blk.4.attn_k_norm.weight
create_tensor: loading tensor blk.4.post_attention_norm.weight
create_tensor: loading tensor blk.4.layer_output_scale.weight
create_tensor: loading tensor blk.4.ffn_norm.weight
create_tensor: loading tensor blk.4.ffn_gate.weight
create_tensor: loading tensor blk.4.ffn_up.weight
create_tensor: loading tensor blk.4.ffn_down.weight
create_tensor: loading tensor blk.4.post_ffw_norm.weight
create_tensor: loading tensor blk.4.ffn_gate_inp.weight
create_tensor: loading tensor blk.4.inp_gate.weight
create_tensor: loading tensor blk.4.proj.weight
create_tensor: loading tensor blk.4.post_norm.weight
create_tensor: loading tensor blk.5.attn_norm.weight
create_tensor: loading tensor blk.5.attn_q.weight
create_tensor: loading tensor blk.5.attn_k.weight
create_tensor: loading tensor blk.5.attn_v.weight
create_tensor: loading tensor blk.5.attn_output.weight
create_tensor: loading tensor blk.5.attn_q_norm.weight
create_tensor: loading tensor blk.5.attn_k_norm.weight
create_tensor: loading tensor blk.5.post_attention_norm.weight
create_tensor: loading tensor blk.5.layer_output_scale.weight
create_tensor: loading tensor rope_freqs.weight
create_tensor: loading tensor blk.5.ffn_norm.weight
create_tensor: loading tensor blk.5.ffn_gate.weight
create_tensor: loading tensor blk.5.ffn_up.weight
create_tensor: loading tensor blk.5.ffn_down.weight
create_tensor: loading tensor blk.5.post_ffw_norm.weight
create_tensor: loading tensor blk.5.ffn_gate_inp.weight
create_tensor: loading tensor blk.5.inp_gate.weight
create_tensor: loading tensor blk.5.proj.weight
create_tensor: loading tensor blk.5.post_norm.weight
create_tensor: loading tensor blk.6.attn_norm.weight
create_tensor: loading tensor blk.6.attn_q.weight
create_tensor: loading tensor blk.6.attn_k.weight
create_tensor: loading tensor blk.6.attn_v.weight
create_tensor: loading tensor blk.6.attn_output.weight
create_tensor: loading tensor blk.6.attn_q_norm.weight
create_tensor: loading tensor blk.6.attn_k_norm.weight
create_tensor: loading tensor blk.6.post_attention_norm.weight
create_tensor: loading tensor blk.6.layer_output_scale.weight
create_tensor: loading tensor blk.6.ffn_norm.weight
create_tensor: loading tensor blk.6.ffn_gate.weight
create_tensor: loading tensor blk.6.ffn_up.weight
create_tensor: loading tensor blk.6.ffn_down.weight
create_tensor: loading tensor blk.6.post_ffw_norm.weight
create_tensor: loading tensor blk.6.ffn_gate_inp.weight
create_tensor: loading tensor blk.6.inp_gate.weight
create_tensor: loading tensor blk.6.proj.weight
create_tensor: loading tensor blk.6.post_norm.weight
create_tensor: loading tensor blk.7.attn_norm.weight
create_tensor: loading tensor blk.7.attn_q.weight
create_tensor: loading tensor blk.7.attn_k.weight
create_tensor: loading tensor blk.7.attn_v.weight
create_tensor: loading tensor blk.7.attn_output.weight
create_tensor: loading tensor blk.7.attn_q_norm.weight
create_tensor: loading tensor blk.7.attn_k_norm.weight
create_tensor: loading tensor blk.7.post_attention_norm.weight
create_tensor: loading tensor blk.7.layer_output_scale.weight
create_tensor: loading tensor blk.7.ffn_norm.weight
create_tensor: loading tensor blk.7.ffn_gate.weight
create_tensor: loading tensor blk.7.ffn_up.weight
create_tensor: loading tensor blk.7.ffn_down.weight
create_tensor: loading tensor blk.7.post_ffw_norm.weight
create_tensor: loading tensor blk.7.ffn_gate_inp.weight
create_tensor: loading tensor blk.7.inp_gate.weight
create_tensor: loading tensor blk.7.proj.weight
create_tensor: loading tensor blk.7.post_norm.weight
create_tensor: loading tensor blk.8.attn_norm.weight
create_tensor: loading tensor blk.8.attn_q.weight
create_tensor: loading tensor blk.8.attn_k.weight
create_tensor: loading tensor blk.8.attn_v.weight
create_tensor: loading tensor blk.8.attn_output.weight
create_tensor: loading tensor blk.8.attn_q_norm.weight
create_tensor: loading tensor blk.8.attn_k_norm.weight
create_tensor: loading tensor blk.8.post_attention_norm.weight
create_tensor: loading tensor blk.8.layer_output_scale.weight
create_tensor: loading tensor blk.8.ffn_norm.weight
create_tensor: loading tensor blk.8.ffn_gate.weight
create_tensor: loading tensor blk.8.ffn_up.weight
create_tensor: loading tensor blk.8.ffn_down.weight
create_tensor: loading tensor blk.8.post_ffw_norm.weight
create_tensor: loading tensor blk.8.ffn_gate_inp.weight
create_tensor: loading tensor blk.8.inp_gate.weight
create_tensor: loading tensor blk.8.proj.weight
create_tensor: loading tensor blk.8.post_norm.weight
create_tensor: loading tensor blk.9.attn_norm.weight
create_tensor: loading tensor blk.9.attn_q.weight
create_tensor: loading tensor blk.9.attn_k.weight
create_tensor: loading tensor blk.9.attn_v.weight
create_tensor: loading tensor blk.9.attn_output.weight
create_tensor: loading tensor blk.9.attn_q_norm.weight
create_tensor: loading tensor blk.9.attn_k_norm.weight
create_tensor: loading tensor blk.9.post_attention_norm.weight
create_tensor: loading tensor blk.9.layer_output_scale.weight
create_tensor: loading tensor blk.9.ffn_norm.weight
create_tensor: loading tensor blk.9.ffn_gate.weight
create_tensor: loading tensor blk.9.ffn_up.weight
create_tensor: loading tensor blk.9.ffn_down.weight
create_tensor: loading tensor blk.9.post_ffw_norm.weight
create_tensor: loading tensor blk.9.ffn_gate_inp.weight
create_tensor: loading tensor blk.9.inp_gate.weight
create_tensor: loading tensor blk.9.proj.weight
create_tensor: loading tensor blk.9.post_norm.weight
create_tensor: loading tensor blk.10.attn_norm.weight
create_tensor: loading tensor blk.10.attn_q.weight
create_tensor: loading tensor blk.10.attn_k.weight
create_tensor: loading tensor blk.10.attn_v.weight
create_tensor: loading tensor blk.10.attn_output.weight
create_tensor: loading tensor blk.10.attn_q_norm.weight
create_tensor: loading tensor blk.10.attn_k_norm.weight
create_tensor: loading tensor blk.10.post_attention_norm.weight
create_tensor: loading tensor blk.10.layer_output_scale.weight
create_tensor: loading tensor blk.10.ffn_norm.weight
create_tensor: loading tensor blk.10.ffn_gate.weight
create_tensor: loading tensor blk.10.ffn_up.weight
create_tensor: loading tensor blk.10.ffn_down.weight
create_tensor: loading tensor blk.10.post_ffw_norm.weight
create_tensor: loading tensor blk.10.ffn_gate_inp.weight
create_tensor: loading tensor blk.10.inp_gate.weight
create_tensor: loading tensor blk.10.proj.weight
create_tensor: loading tensor blk.10.post_norm.weight
create_tensor: loading tensor blk.11.attn_norm.weight
create_tensor: loading tensor blk.11.attn_q.weight
create_tensor: loading tensor blk.11.attn_k.weight
create_tensor: loading tensor blk.11.attn_v.weight
create_tensor: loading tensor blk.11.attn_output.weight
create_tensor: loading tensor blk.11.attn_q_norm.weight
create_tensor: loading tensor blk.11.attn_k_norm.weight
create_tensor: loading tensor blk.11.post_attention_norm.weight
create_tensor: loading tensor blk.11.layer_output_scale.weight
create_tensor: loading tensor rope_freqs.weight
create_tensor: loading tensor blk.11.ffn_norm.weight
create_tensor: loading tensor blk.11.ffn_gate.weight
create_tensor: loading tensor blk.11.ffn_up.weight
create_tensor: loading tensor blk.11.ffn_down.weight
create_tensor: loading tensor blk.11.post_ffw_norm.weight
create_tensor: loading tensor blk.11.ffn_gate_inp.weight
create_tensor: loading tensor blk.11.inp_gate.weight
create_tensor: loading tensor blk.11.proj.weight
create_tensor: loading tensor blk.11.post_norm.weight
create_tensor: loading tensor blk.12.attn_norm.weight
create_tensor: loading tensor blk.12.attn_q.weight
create_tensor: loading tensor blk.12.attn_k.weight
create_tensor: loading tensor blk.12.attn_v.weight
create_tensor: loading tensor blk.12.attn_output.weight
create_tensor: loading tensor blk.12.attn_q_norm.weight
create_tensor: loading tensor blk.12.attn_k_norm.weight
create_tensor: loading tensor blk.12.post_attention_norm.weight
create_tensor: loading tensor blk.12.layer_output_scale.weight
create_tensor: loading tensor blk.12.ffn_norm.weight
create_tensor: loading tensor blk.12.ffn_gate.weight
create_tensor: loading tensor blk.12.ffn_up.weight
create_tensor: loading tensor blk.12.ffn_down.weight
create_tensor: loading tensor blk.12.post_ffw_norm.weight
create_tensor: loading tensor blk.12.ffn_gate_inp.weight
create_tensor: loading tensor blk.12.inp_gate.weight
create_tensor: loading tensor blk.12.proj.weight
create_tensor: loading tensor blk.12.post_norm.weight
create_tensor: loading tensor blk.13.attn_norm.weight
create_tensor: loading tensor blk.13.attn_q.weight
create_tensor: loading tensor blk.13.attn_k.weight
create_tensor: loading tensor blk.13.attn_v.weight
create_tensor: loading tensor blk.13.attn_output.weight
create_tensor: loading tensor blk.13.attn_q_norm.weight
create_tensor: loading tensor blk.13.attn_k_norm.weight
create_tensor: loading tensor blk.13.post_attention_norm.weight
create_tensor: loading tensor blk.13.layer_output_scale.weight
create_tensor: loading tensor blk.13.ffn_norm.weight
create_tensor: loading tensor blk.13.ffn_gate.weight
create_tensor: loading tensor blk.13.ffn_up.weight
create_tensor: loading tensor blk.13.ffn_down.weight
create_tensor: loading tensor blk.13.post_ffw_norm.weight
create_tensor: loading tensor blk.13.ffn_gate_inp.weight
create_tensor: loading tensor blk.13.inp_gate.weight
create_tensor: loading tensor blk.13.proj.weight
create_tensor: loading tensor blk.13.post_norm.weight
create_tensor: loading tensor blk.14.attn_norm.weight
create_tensor: loading tensor blk.14.attn_q.weight
create_tensor: loading tensor blk.14.attn_k.weight
create_tensor: loading tensor blk.14.attn_v.weight
create_tensor: loading tensor blk.14.attn_output.weight
create_tensor: loading tensor blk.14.attn_q_norm.weight
create_tensor: loading tensor blk.14.attn_k_norm.weight
create_tensor: loading tensor blk.14.post_attention_norm.weight
create_tensor: loading tensor blk.14.layer_output_scale.weight
create_tensor: loading tensor blk.14.ffn_norm.weight
create_tensor: loading tensor blk.14.ffn_gate.weight
create_tensor: loading tensor blk.14.ffn_up.weight
create_tensor: loading tensor blk.14.ffn_down.weight
create_tensor: loading tensor blk.14.post_ffw_norm.weight
create_tensor: loading tensor blk.14.ffn_gate_inp.weight
create_tensor: loading tensor blk.14.inp_gate.weight
create_tensor: loading tensor blk.14.proj.weight
create_tensor: loading tensor blk.14.post_norm.weight
create_tensor: loading tensor blk.15.attn_norm.weight
create_tensor: loading tensor blk.15.attn_q.weight
create_tensor: loading tensor blk.15.attn_k.weight
create_tensor: loading tensor blk.15.attn_v.weight
create_tensor: loading tensor blk.15.attn_output.weight
create_tensor: loading tensor blk.15.attn_q_norm.weight
create_tensor: loading tensor blk.15.attn_k_norm.weight
create_tensor: loading tensor blk.15.post_attention_norm.weight
create_tensor: loading tensor blk.15.layer_output_scale.weight
create_tensor: loading tensor blk.15.ffn_norm.weight
create_tensor: loading tensor blk.15.ffn_gate.weight
create_tensor: loading tensor blk.15.ffn_up.weight
create_tensor: loading tensor blk.15.ffn_down.weight
create_tensor: loading tensor blk.15.post_ffw_norm.weight
create_tensor: loading tensor blk.15.ffn_gate_inp.weight
create_tensor: loading tensor blk.15.inp_gate.weight
create_tensor: loading tensor blk.15.proj.weight
create_tensor: loading tensor blk.15.post_norm.weight
create_tensor: loading tensor blk.16.attn_norm.weight
create_tensor: loading tensor blk.16.attn_q.weight
create_tensor: loading tensor blk.16.attn_k.weight
create_tensor: loading tensor blk.16.attn_v.weight
create_tensor: loading tensor blk.16.attn_output.weight
create_tensor: loading tensor blk.16.attn_q_norm.weight
create_tensor: loading tensor blk.16.attn_k_norm.weight
create_tensor: loading tensor blk.16.post_attention_norm.weight
create_tensor: loading tensor blk.16.layer_output_scale.weight
create_tensor: loading tensor blk.16.ffn_norm.weight
create_tensor: loading tensor blk.16.ffn_gate.weight
create_tensor: loading tensor blk.16.ffn_up.weight
create_tensor: loading tensor blk.16.ffn_down.weight
create_tensor: loading tensor blk.16.post_ffw_norm.weight
create_tensor: loading tensor blk.16.ffn_gate_inp.weight
create_tensor: loading tensor blk.16.inp_gate.weight
create_tensor: loading tensor blk.16.proj.weight
create_tensor: loading tensor blk.16.post_norm.weight
create_tensor: loading tensor blk.17.attn_norm.weight
create_tensor: loading tensor blk.17.attn_q.weight
create_tensor: loading tensor blk.17.attn_k.weight
create_tensor: loading tensor blk.17.attn_v.weight
create_tensor: loading tensor blk.17.attn_output.weight
create_tensor: loading tensor blk.17.attn_q_norm.weight
create_tensor: loading tensor blk.17.attn_k_norm.weight
create_tensor: loading tensor blk.17.post_attention_norm.weight
create_tensor: loading tensor blk.17.layer_output_scale.weight
create_tensor: loading tensor rope_freqs.weight
create_tensor: loading tensor blk.17.ffn_norm.weight
create_tensor: loading tensor blk.17.ffn_gate.weight
create_tensor: loading tensor blk.17.ffn_up.weight
create_tensor: loading tensor blk.17.ffn_down.weight
create_tensor: loading tensor blk.17.post_ffw_norm.weight
create_tensor: loading tensor blk.17.ffn_gate_inp.weight
create_tensor: loading tensor blk.17.inp_gate.weight
create_tensor: loading tensor blk.17.proj.weight
create_tensor: loading tensor blk.17.post_norm.weight
create_tensor: loading tensor blk.18.attn_norm.weight
create_tensor: loading tensor blk.18.attn_q.weight
create_tensor: loading tensor blk.18.attn_k.weight
create_tensor: loading tensor blk.18.attn_v.weight
create_tensor: loading tensor blk.18.attn_output.weight
create_tensor: loading tensor blk.18.attn_q_norm.weight
create_tensor: loading tensor blk.18.attn_k_norm.weight
create_tensor: loading tensor blk.18.post_attention_norm.weight
create_tensor: loading tensor blk.18.layer_output_scale.weight
create_tensor: loading tensor blk.18.ffn_norm.weight
create_tensor: loading tensor blk.18.ffn_gate.weight
create_tensor: loading tensor blk.18.ffn_up.weight
create_tensor: loading tensor blk.18.ffn_down.weight
create_tensor: loading tensor blk.18.post_ffw_norm.weight
create_tensor: loading tensor blk.18.ffn_gate_inp.weight
create_tensor: loading tensor blk.18.inp_gate.weight
create_tensor: loading tensor blk.18.proj.weight
create_tensor: loading tensor blk.18.post_norm.weight
create_tensor: loading tensor blk.19.attn_norm.weight
create_tensor: loading tensor blk.19.attn_q.weight
create_tensor: loading tensor blk.19.attn_k.weight
create_tensor: loading tensor blk.19.attn_v.weight
create_tensor: loading tensor blk.19.attn_output.weight
create_tensor: loading tensor blk.19.attn_q_norm.weight
create_tensor: loading tensor blk.19.attn_k_norm.weight
create_tensor: loading tensor blk.19.post_attention_norm.weight
create_tensor: loading tensor blk.19.layer_output_scale.weight
create_tensor: loading tensor blk.19.ffn_norm.weight
create_tensor: loading tensor blk.19.ffn_gate.weight
create_tensor: loading tensor blk.19.ffn_up.weight
create_tensor: loading tensor blk.19.ffn_down.weight
create_tensor: loading tensor blk.19.post_ffw_norm.weight
create_tensor: loading tensor blk.19.ffn_gate_inp.weight
create_tensor: loading tensor blk.19.inp_gate.weight
create_tensor: loading tensor blk.19.proj.weight
create_tensor: loading tensor blk.19.post_norm.weight
create_tensor: loading tensor blk.20.attn_norm.weight
create_tensor: loading tensor blk.20.attn_q.weight
create_tensor: loading tensor blk.20.attn_k.weight
create_tensor: loading tensor blk.20.attn_v.weight
create_tensor: loading tensor blk.20.attn_output.weight
create_tensor: loading tensor blk.20.attn_q_norm.weight
create_tensor: loading tensor blk.20.attn_k_norm.weight
create_tensor: loading tensor blk.20.post_attention_norm.weight
create_tensor: loading tensor blk.20.layer_output_scale.weight
create_tensor: loading tensor blk.20.ffn_norm.weight
create_tensor: loading tensor blk.20.ffn_gate.weight
create_tensor: loading tensor blk.20.ffn_up.weight
create_tensor: loading tensor blk.20.ffn_down.weight
create_tensor: loading tensor blk.20.post_ffw_norm.weight
create_tensor: loading tensor blk.20.ffn_gate_inp.weight
create_tensor: loading tensor blk.20.inp_gate.weight
create_tensor: loading tensor blk.20.proj.weight
create_tensor: loading tensor blk.20.post_norm.weight
create_tensor: loading tensor blk.21.attn_norm.weight
create_tensor: loading tensor blk.21.attn_q.weight
create_tensor: loading tensor blk.21.attn_k.weight
create_tensor: loading tensor blk.21.attn_v.weight
create_tensor: loading tensor blk.21.attn_output.weight
create_tensor: loading tensor blk.21.attn_q_norm.weight
create_tensor: loading tensor blk.21.attn_k_norm.weight
create_tensor: loading tensor blk.21.post_attention_norm.weight
create_tensor: loading tensor blk.21.layer_output_scale.weight
create_tensor: loading tensor blk.21.ffn_norm.weight
create_tensor: loading tensor blk.21.ffn_gate.weight
create_tensor: loading tensor blk.21.ffn_up.weight
create_tensor: loading tensor blk.21.ffn_down.weight
create_tensor: loading tensor blk.21.post_ffw_norm.weight
create_tensor: loading tensor blk.21.ffn_gate_inp.weight
create_tensor: loading tensor blk.21.inp_gate.weight
create_tensor: loading tensor blk.21.proj.weight
create_tensor: loading tensor blk.21.post_norm.weight
create_tensor: loading tensor blk.22.attn_norm.weight
create_tensor: loading tensor blk.22.attn_q.weight
create_tensor: loading tensor blk.22.attn_k.weight
create_tensor: loading tensor blk.22.attn_v.weight
create_tensor: loading tensor blk.22.attn_output.weight
create_tensor: loading tensor blk.22.attn_q_norm.weight
create_tensor: loading tensor blk.22.attn_k_norm.weight
create_tensor: loading tensor blk.22.post_attention_norm.weight
create_tensor: loading tensor blk.22.layer_output_scale.weight
create_tensor: loading tensor blk.22.ffn_norm.weight
create_tensor: loading tensor blk.22.ffn_gate.weight
create_tensor: loading tensor blk.22.ffn_up.weight
create_tensor: loading tensor blk.22.ffn_down.weight
create_tensor: loading tensor blk.22.post_ffw_norm.weight
create_tensor: loading tensor blk.22.ffn_gate_inp.weight
create_tensor: loading tensor blk.22.inp_gate.weight
create_tensor: loading tensor blk.22.proj.weight
create_tensor: loading tensor blk.22.post_norm.weight
create_tensor: loading tensor blk.23.attn_norm.weight
create_tensor: loading tensor blk.23.attn_q.weight
create_tensor: loading tensor blk.23.attn_k.weight
create_tensor: loading tensor blk.23.attn_v.weight
create_tensor: loading tensor blk.23.attn_output.weight
create_tensor: loading tensor blk.23.attn_q_norm.weight
create_tensor: loading tensor blk.23.attn_k_norm.weight
create_tensor: loading tensor blk.23.post_attention_norm.weight
create_tensor: loading tensor blk.23.layer_output_scale.weight
create_tensor: loading tensor rope_freqs.weight
create_tensor: loading tensor blk.23.ffn_norm.weight
create_tensor: loading tensor blk.23.ffn_gate.weight
create_tensor: loading tensor blk.23.ffn_up.weight
create_tensor: loading tensor blk.23.ffn_down.weight
create_tensor: loading tensor blk.23.post_ffw_norm.weight
create_tensor: loading tensor blk.23.ffn_gate_inp.weight
create_tensor: loading tensor blk.23.inp_gate.weight
create_tensor: loading tensor blk.23.proj.weight
create_tensor: loading tensor blk.23.post_norm.weight
create_tensor: loading tensor blk.24.attn_norm.weight
create_tensor: loading tensor blk.24.attn_q.weight
create_tensor: loading tensor blk.24.attn_k.weight
create_tensor: loading tensor blk.24.attn_v.weight
create_tensor: loading tensor blk.24.attn_output.weight
create_tensor: loading tensor blk.24.attn_q_norm.weight
create_tensor: loading tensor blk.24.attn_k_norm.weight
create_tensor: loading tensor blk.24.post_attention_norm.weight
create_tensor: loading tensor blk.24.layer_output_scale.weight
create_tensor: loading tensor blk.24.ffn_norm.weight
create_tensor: loading tensor blk.24.ffn_gate.weight
create_tensor: loading tensor blk.24.ffn_up.weight
create_tensor: loading tensor blk.24.ffn_down.weight
create_tensor: loading tensor blk.24.post_ffw_norm.weight
create_tensor: loading tensor blk.24.ffn_gate_inp.weight
create_tensor: loading tensor blk.24.inp_gate.weight
create_tensor: loading tensor blk.24.proj.weight
create_tensor: loading tensor blk.24.post_norm.weight
create_tensor: loading tensor blk.25.attn_norm.weight
create_tensor: loading tensor blk.25.attn_q.weight
create_tensor: loading tensor blk.25.attn_k.weight
create_tensor: loading tensor blk.25.attn_v.weight
create_tensor: loading tensor blk.25.attn_output.weight
create_tensor: loading tensor blk.25.attn_q_norm.weight
create_tensor: loading tensor blk.25.attn_k_norm.weight
create_tensor: loading tensor blk.25.post_attention_norm.weight
create_tensor: loading tensor blk.25.layer_output_scale.weight
create_tensor: loading tensor blk.25.ffn_norm.weight
create_tensor: loading tensor blk.25.ffn_gate.weight
create_tensor: loading tensor blk.25.ffn_up.weight
create_tensor: loading tensor blk.25.ffn_down.weight
create_tensor: loading tensor blk.25.post_ffw_norm.weight
create_tensor: loading tensor blk.25.ffn_gate_inp.weight
create_tensor: loading tensor blk.25.inp_gate.weight
create_tensor: loading tensor blk.25.proj.weight
create_tensor: loading tensor blk.25.post_norm.weight
create_tensor: loading tensor blk.26.attn_norm.weight
create_tensor: loading tensor blk.26.attn_q.weight
create_tensor: loading tensor blk.26.attn_k.weight
create_tensor: loading tensor blk.26.attn_v.weight
create_tensor: loading tensor blk.26.attn_output.weight
create_tensor: loading tensor blk.26.attn_q_norm.weight
create_tensor: loading tensor blk.26.attn_k_norm.weight
create_tensor: loading tensor blk.26.post_attention_norm.weight
create_tensor: loading tensor blk.26.layer_output_scale.weight
create_tensor: loading tensor blk.26.ffn_norm.weight
create_tensor: loading tensor blk.26.ffn_gate.weight
create_tensor: loading tensor blk.26.ffn_up.weight
create_tensor: loading tensor blk.26.ffn_down.weight
create_tensor: loading tensor blk.26.post_ffw_norm.weight
create_tensor: loading tensor blk.26.ffn_gate_inp.weight
create_tensor: loading tensor blk.26.inp_gate.weight
create_tensor: loading tensor blk.26.proj.weight
create_tensor: loading tensor blk.26.post_norm.weight
create_tensor: loading tensor blk.27.attn_norm.weight
create_tensor: loading tensor blk.27.attn_q.weight
create_tensor: loading tensor blk.27.attn_k.weight
create_tensor: loading tensor blk.27.attn_v.weight
create_tensor: loading tensor blk.27.attn_output.weight
create_tensor: loading tensor blk.27.attn_q_norm.weight
create_tensor: loading tensor blk.27.attn_k_norm.weight
create_tensor: loading tensor blk.27.post_attention_norm.weight
create_tensor: loading tensor blk.27.layer_output_scale.weight
create_tensor: loading tensor blk.27.ffn_norm.weight
create_tensor: loading tensor blk.27.ffn_gate.weight
create_tensor: loading tensor blk.27.ffn_up.weight
create_tensor: loading tensor blk.27.ffn_down.weight
create_tensor: loading tensor blk.27.post_ffw_norm.weight
create_tensor: loading tensor blk.27.ffn_gate_inp.weight
create_tensor: loading tensor blk.27.inp_gate.weight
create_tensor: loading tensor blk.27.proj.weight
create_tensor: loading tensor blk.27.post_norm.weight
create_tensor: loading tensor blk.28.attn_norm.weight
create_tensor: loading tensor blk.28.attn_q.weight
create_tensor: loading tensor blk.28.attn_k.weight
create_tensor: loading tensor blk.28.attn_v.weight
create_tensor: loading tensor blk.28.attn_output.weight
create_tensor: loading tensor blk.28.attn_q_norm.weight
create_tensor: loading tensor blk.28.attn_k_norm.weight
create_tensor: loading tensor blk.28.post_attention_norm.weight
create_tensor: loading tensor blk.28.layer_output_scale.weight
create_tensor: loading tensor blk.28.ffn_norm.weight
create_tensor: loading tensor blk.28.ffn_gate.weight
create_tensor: loading tensor blk.28.ffn_up.weight
create_tensor: loading tensor blk.28.ffn_down.weight
create_tensor: loading tensor blk.28.post_ffw_norm.weight
create_tensor: loading tensor blk.28.ffn_gate_inp.weight
create_tensor: loading tensor blk.28.inp_gate.weight
create_tensor: loading tensor blk.28.proj.weight
create_tensor: loading tensor blk.28.post_norm.weight
create_tensor: loading tensor blk.29.attn_norm.weight
create_tensor: loading tensor blk.29.attn_q.weight
create_tensor: loading tensor blk.29.attn_k.weight
create_tensor: loading tensor blk.29.attn_v.weight
create_tensor: loading tensor blk.29.attn_output.weight
create_tensor: loading tensor blk.29.attn_q_norm.weight
create_tensor: loading tensor blk.29.attn_k_norm.weight
create_tensor: loading tensor blk.29.post_attention_norm.weight
create_tensor: loading tensor blk.29.layer_output_scale.weight
create_tensor: loading tensor rope_freqs.weight
create_tensor: loading tensor blk.29.ffn_norm.weight
create_tensor: loading tensor blk.29.ffn_gate.weight
create_tensor: loading tensor blk.29.ffn_up.weight
create_tensor: loading tensor blk.29.ffn_down.weight
create_tensor: loading tensor blk.29.post_ffw_norm.weight
create_tensor: loading tensor blk.29.ffn_gate_inp.weight
create_tensor: loading tensor blk.29.inp_gate.weight
create_tensor: loading tensor blk.29.proj.weight
create_tensor: loading tensor blk.29.post_norm.weight
create_tensor: loading tensor blk.30.attn_norm.weight
create_tensor: loading tensor blk.30.attn_q.weight
create_tensor: loading tensor blk.30.attn_k.weight
create_tensor: loading tensor blk.30.attn_v.weight
create_tensor: loading tensor blk.30.attn_output.weight
create_tensor: loading tensor blk.30.attn_q_norm.weight
create_tensor: loading tensor blk.30.attn_k_norm.weight
create_tensor: loading tensor blk.30.post_attention_norm.weight
create_tensor: loading tensor blk.30.layer_output_scale.weight
create_tensor: loading tensor blk.30.ffn_norm.weight
create_tensor: loading tensor blk.30.ffn_gate.weight
create_tensor: loading tensor blk.30.ffn_up.weight
create_tensor: loading tensor blk.30.ffn_down.weight
create_tensor: loading tensor blk.30.post_ffw_norm.weight
create_tensor: loading tensor blk.30.ffn_gate_inp.weight
create_tensor: loading tensor blk.30.inp_gate.weight
create_tensor: loading tensor blk.30.proj.weight
create_tensor: loading tensor blk.30.post_norm.weight
create_tensor: loading tensor blk.31.attn_norm.weight
create_tensor: loading tensor blk.31.attn_q.weight
create_tensor: loading tensor blk.31.attn_k.weight
create_tensor: loading tensor blk.31.attn_v.weight
create_tensor: loading tensor blk.31.attn_output.weight
create_tensor: loading tensor blk.31.attn_q_norm.weight
create_tensor: loading tensor blk.31.attn_k_norm.weight
create_tensor: loading tensor blk.31.post_attention_norm.weight
create_tensor: loading tensor blk.31.layer_output_scale.weight
create_tensor: loading tensor blk.31.ffn_norm.weight
create_tensor: loading tensor blk.31.ffn_gate.weight
create_tensor: loading tensor blk.31.ffn_up.weight
create_tensor: loading tensor blk.31.ffn_down.weight
create_tensor: loading tensor blk.31.post_ffw_norm.weight
create_tensor: loading tensor blk.31.ffn_gate_inp.weight
create_tensor: loading tensor blk.31.inp_gate.weight
create_tensor: loading tensor blk.31.proj.weight
create_tensor: loading tensor blk.31.post_norm.weight
create_tensor: loading tensor blk.32.attn_norm.weight
create_tensor: loading tensor blk.32.attn_q.weight
create_tensor: loading tensor blk.32.attn_k.weight
create_tensor: loading tensor blk.32.attn_v.weight
create_tensor: loading tensor blk.32.attn_output.weight
create_tensor: loading tensor blk.32.attn_q_norm.weight
create_tensor: loading tensor blk.32.attn_k_norm.weight
create_tensor: loading tensor blk.32.post_attention_norm.weight
create_tensor: loading tensor blk.32.layer_output_scale.weight
create_tensor: loading tensor blk.32.ffn_norm.weight
create_tensor: loading tensor blk.32.ffn_gate.weight
create_tensor: loading tensor blk.32.ffn_up.weight
create_tensor: loading tensor blk.32.ffn_down.weight
create_tensor: loading tensor blk.32.post_ffw_norm.weight
create_tensor: loading tensor blk.32.ffn_gate_inp.weight
create_tensor: loading tensor blk.32.inp_gate.weight
create_tensor: loading tensor blk.32.proj.weight
create_tensor: loading tensor blk.32.post_norm.weight
create_tensor: loading tensor blk.33.attn_norm.weight
create_tensor: loading tensor blk.33.attn_q.weight
create_tensor: loading tensor blk.33.attn_k.weight
create_tensor: loading tensor blk.33.attn_v.weight
create_tensor: loading tensor blk.33.attn_output.weight
create_tensor: loading tensor blk.33.attn_q_norm.weight
create_tensor: loading tensor blk.33.attn_k_norm.weight
create_tensor: loading tensor blk.33.post_attention_norm.weight
create_tensor: loading tensor blk.33.layer_output_scale.weight
create_tensor: loading tensor blk.33.ffn_norm.weight
create_tensor: loading tensor blk.33.ffn_gate.weight
create_tensor: loading tensor blk.33.ffn_up.weight
create_tensor: loading tensor blk.33.ffn_down.weight
create_tensor: loading tensor blk.33.post_ffw_norm.weight
create_tensor: loading tensor blk.33.ffn_gate_inp.weight
create_tensor: loading tensor blk.33.inp_gate.weight
create_tensor: loading tensor blk.33.proj.weight
create_tensor: loading tensor blk.33.post_norm.weight
create_tensor: loading tensor blk.34.attn_norm.weight
create_tensor: loading tensor blk.34.attn_q.weight
create_tensor: loading tensor blk.34.attn_k.weight
create_tensor: loading tensor blk.34.attn_v.weight
create_tensor: loading tensor blk.34.attn_output.weight
create_tensor: loading tensor blk.34.attn_q_norm.weight
create_tensor: loading tensor blk.34.attn_k_norm.weight
create_tensor: loading tensor blk.34.post_attention_norm.weight
create_tensor: loading tensor blk.34.layer_output_scale.weight
create_tensor: loading tensor blk.34.ffn_norm.weight
create_tensor: loading tensor blk.34.ffn_gate.weight
create_tensor: loading tensor blk.34.ffn_up.weight
create_tensor: loading tensor blk.34.ffn_down.weight
create_tensor: loading tensor blk.34.post_ffw_norm.weight
create_tensor: loading tensor blk.34.ffn_gate_inp.weight
create_tensor: loading tensor blk.34.inp_gate.weight
create_tensor: loading tensor blk.34.proj.weight
create_tensor: loading tensor blk.34.post_norm.weight
create_tensor: loading tensor blk.35.attn_norm.weight
create_tensor: loading tensor blk.35.attn_q.weight
create_tensor: loading tensor blk.35.attn_k.weight
create_tensor: loading tensor blk.35.attn_v.weight
create_tensor: loading tensor blk.35.attn_output.weight
create_tensor: loading tensor blk.35.attn_q_norm.weight
create_tensor: loading tensor blk.35.attn_k_norm.weight
create_tensor: loading tensor blk.35.post_attention_norm.weight
create_tensor: loading tensor blk.35.layer_output_scale.weight
create_tensor: loading tensor rope_freqs.weight
create_tensor: loading tensor blk.35.ffn_norm.weight
create_tensor: loading tensor blk.35.ffn_gate.weight
create_tensor: loading tensor blk.35.ffn_up.weight
create_tensor: loading tensor blk.35.ffn_down.weight
create_tensor: loading tensor blk.35.post_ffw_norm.weight
create_tensor: loading tensor blk.35.ffn_gate_inp.weight
create_tensor: loading tensor blk.35.inp_gate.weight
create_tensor: loading tensor blk.35.proj.weight
create_tensor: loading tensor blk.35.post_norm.weight
create_tensor: loading tensor blk.36.attn_norm.weight
create_tensor: loading tensor blk.36.attn_q.weight
create_tensor: loading tensor blk.36.attn_k.weight
create_tensor: loading tensor blk.36.attn_v.weight
create_tensor: loading tensor blk.36.attn_output.weight
create_tensor: loading tensor blk.36.attn_q_norm.weight
create_tensor: loading tensor blk.36.attn_k_norm.weight
create_tensor: loading tensor blk.36.post_attention_norm.weight
create_tensor: loading tensor blk.36.layer_output_scale.weight
create_tensor: loading tensor blk.36.ffn_norm.weight
create_tensor: loading tensor blk.36.ffn_gate.weight
create_tensor: loading tensor blk.36.ffn_up.weight
create_tensor: loading tensor blk.36.ffn_down.weight
create_tensor: loading tensor blk.36.post_ffw_norm.weight
create_tensor: loading tensor blk.36.ffn_gate_inp.weight
create_tensor: loading tensor blk.36.inp_gate.weight
create_tensor: loading tensor blk.36.proj.weight
create_tensor: loading tensor blk.36.post_norm.weight
create_tensor: loading tensor blk.37.attn_norm.weight
create_tensor: loading tensor blk.37.attn_q.weight
create_tensor: loading tensor blk.37.attn_k.weight
create_tensor: loading tensor blk.37.attn_v.weight
create_tensor: loading tensor blk.37.attn_output.weight
create_tensor: loading tensor blk.37.attn_q_norm.weight
create_tensor: loading tensor blk.37.attn_k_norm.weight
create_tensor: loading tensor blk.37.post_attention_norm.weight
create_tensor: loading tensor blk.37.layer_output_scale.weight
create_tensor: loading tensor blk.37.ffn_norm.weight
create_tensor: loading tensor blk.37.ffn_gate.weight
create_tensor: loading tensor blk.37.ffn_up.weight
create_tensor: loading tensor blk.37.ffn_down.weight
create_tensor: loading tensor blk.37.post_ffw_norm.weight
create_tensor: loading tensor blk.37.ffn_gate_inp.weight
create_tensor: loading tensor blk.37.inp_gate.weight
create_tensor: loading tensor blk.37.proj.weight
create_tensor: loading tensor blk.37.post_norm.weight
create_tensor: loading tensor blk.38.attn_norm.weight
create_tensor: loading tensor blk.38.attn_q.weight
create_tensor: loading tensor blk.38.attn_k.weight
create_tensor: loading tensor blk.38.attn_v.weight
create_tensor: loading tensor blk.38.attn_output.weight
create_tensor: loading tensor blk.38.attn_q_norm.weight
create_tensor: loading tensor blk.38.attn_k_norm.weight
create_tensor: loading tensor blk.38.post_attention_norm.weight
create_tensor: loading tensor blk.38.layer_output_scale.weight
create_tensor: loading tensor blk.38.ffn_norm.weight
create_tensor: loading tensor blk.38.ffn_gate.weight
create_tensor: loading tensor blk.38.ffn_up.weight
create_tensor: loading tensor blk.38.ffn_down.weight
create_tensor: loading tensor blk.38.post_ffw_norm.weight
create_tensor: loading tensor blk.38.ffn_gate_inp.weight
create_tensor: loading tensor blk.38.inp_gate.weight
create_tensor: loading tensor blk.38.proj.weight
create_tensor: loading tensor blk.38.post_norm.weight
create_tensor: loading tensor blk.39.attn_norm.weight
create_tensor: loading tensor blk.39.attn_q.weight
create_tensor: loading tensor blk.39.attn_k.weight
create_tensor: loading tensor blk.39.attn_v.weight
create_tensor: loading tensor blk.39.attn_output.weight
create_tensor: loading tensor blk.39.attn_q_norm.weight
create_tensor: loading tensor blk.39.attn_k_norm.weight
create_tensor: loading tensor blk.39.post_attention_norm.weight
create_tensor: loading tensor blk.39.layer_output_scale.weight
create_tensor: loading tensor blk.39.ffn_norm.weight
create_tensor: loading tensor blk.39.ffn_gate.weight
create_tensor: loading tensor blk.39.ffn_up.weight
create_tensor: loading tensor blk.39.ffn_down.weight
create_tensor: loading tensor blk.39.post_ffw_norm.weight
create_tensor: loading tensor blk.39.ffn_gate_inp.weight
create_tensor: loading tensor blk.39.inp_gate.weight
create_tensor: loading tensor blk.39.proj.weight
create_tensor: loading tensor blk.39.post_norm.weight
create_tensor: loading tensor blk.40.attn_norm.weight
create_tensor: loading tensor blk.40.attn_q.weight
create_tensor: loading tensor blk.40.attn_k.weight
create_tensor: loading tensor blk.40.attn_v.weight
create_tensor: loading tensor blk.40.attn_output.weight
create_tensor: loading tensor blk.40.attn_q_norm.weight
create_tensor: loading tensor blk.40.attn_k_norm.weight
create_tensor: loading tensor blk.40.post_attention_norm.weight
create_tensor: loading tensor blk.40.layer_output_scale.weight
create_tensor: loading tensor blk.40.ffn_norm.weight
create_tensor: loading tensor blk.40.ffn_gate.weight
create_tensor: loading tensor blk.40.ffn_up.weight
create_tensor: loading tensor blk.40.ffn_down.weight
create_tensor: loading tensor blk.40.post_ffw_norm.weight
create_tensor: loading tensor blk.40.ffn_gate_inp.weight
create_tensor: loading tensor blk.40.inp_gate.weight
create_tensor: loading tensor blk.40.proj.weight
create_tensor: loading tensor blk.40.post_norm.weight
create_tensor: loading tensor blk.41.attn_norm.weight
create_tensor: loading tensor blk.41.attn_q.weight
create_tensor: loading tensor blk.41.attn_k.weight
create_tensor: loading tensor blk.41.attn_v.weight
create_tensor: loading tensor blk.41.attn_output.weight
create_tensor: loading tensor blk.41.attn_q_norm.weight
create_tensor: loading tensor blk.41.attn_k_norm.weight
create_tensor: loading tensor blk.41.post_attention_norm.weight
create_tensor: loading tensor blk.41.layer_output_scale.weight
create_tensor: loading tensor rope_freqs.weight
create_tensor: loading tensor blk.41.ffn_norm.weight
create_tensor: loading tensor blk.41.ffn_gate.weight
create_tensor: loading tensor blk.41.ffn_up.weight
create_tensor: loading tensor blk.41.ffn_down.weight
create_tensor: loading tensor blk.41.post_ffw_norm.weight
create_tensor: loading tensor blk.41.ffn_gate_inp.weight
create_tensor: loading tensor blk.41.inp_gate.weight
create_tensor: loading tensor blk.41.proj.weight
create_tensor: loading tensor blk.41.post_norm.weight
create_tensor: loading tensor blk.0.attn_q.scale
create_tensor: loading tensor blk.0.attn_k.scale
create_tensor: loading tensor blk.0.attn_v.scale
create_tensor: loading tensor blk.0.attn_output.scale
create_tensor: loading tensor blk.0.ffn_gate.scale
create_tensor: loading tensor blk.0.ffn_down.scale
create_tensor: loading tensor blk.0.ffn_up.scale
create_tensor: loading tensor blk.0.attn_q.input_scale
create_tensor: loading tensor blk.0.attn_k.input_scale
create_tensor: loading tensor blk.0.attn_v.input_scale
create_tensor: loading tensor blk.0.attn_output.input_scale
create_tensor: loading tensor blk.0.ffn_gate.input_scale
create_tensor: loading tensor blk.0.ffn_down.input_scale
create_tensor: loading tensor blk.0.ffn_up.input_scale
create_tensor: loading tensor blk.1.attn_q.scale
create_tensor: loading tensor blk.1.attn_k.scale
create_tensor: loading tensor blk.1.attn_v.scale
create_tensor: loading tensor blk.1.attn_output.scale
create_tensor: loading tensor blk.1.ffn_gate.scale
create_tensor: loading tensor blk.1.ffn_down.scale
create_tensor: loading tensor blk.1.ffn_up.scale
create_tensor: loading tensor blk.1.attn_q.input_scale
create_tensor: loading tensor blk.1.attn_k.input_scale
create_tensor: loading tensor blk.1.attn_v.input_scale
create_tensor: loading tensor blk.1.attn_output.input_scale
create_tensor: loading tensor blk.1.ffn_gate.input_scale
create_tensor: loading tensor blk.1.ffn_down.input_scale
create_tensor: loading tensor blk.1.ffn_up.input_scale
create_tensor: loading tensor blk.2.attn_q.scale
create_tensor: loading tensor blk.2.attn_k.scale
create_tensor: loading tensor blk.2.attn_v.scale
create_tensor: loading tensor blk.2.attn_output.scale
create_tensor: loading tensor blk.2.ffn_gate.scale
create_tensor: loading tensor blk.2.ffn_down.scale
create_tensor: loading tensor blk.2.ffn_up.scale
create_tensor: loading tensor blk.2.attn_q.input_scale
create_tensor: loading tensor blk.2.attn_k.input_scale
create_tensor: loading tensor blk.2.attn_v.input_scale
create_tensor: loading tensor blk.2.attn_output.input_scale
create_tensor: loading tensor blk.2.ffn_gate.input_scale
create_tensor: loading tensor blk.2.ffn_down.input_scale
create_tensor: loading tensor blk.2.ffn_up.input_scale
create_tensor: loading tensor blk.3.attn_q.scale
create_tensor: loading tensor blk.3.attn_k.scale
create_tensor: loading tensor blk.3.attn_v.scale
create_tensor: loading tensor blk.3.attn_output.scale
create_tensor: loading tensor blk.3.ffn_gate.scale
create_tensor: loading tensor blk.3.ffn_down.scale
create_tensor: loading tensor blk.3.ffn_up.scale
create_tensor: loading tensor blk.3.attn_q.input_scale
create_tensor: loading tensor blk.3.attn_k.input_scale
create_tensor: loading tensor blk.3.attn_v.input_scale
create_tensor: loading tensor blk.3.attn_output.input_scale
create_tensor: loading tensor blk.3.ffn_gate.input_scale
create_tensor: loading tensor blk.3.ffn_down.input_scale
create_tensor: loading tensor blk.3.ffn_up.input_scale
create_tensor: loading tensor blk.4.attn_q.scale
create_tensor: loading tensor blk.4.attn_k.scale
create_tensor: loading tensor blk.4.attn_v.scale
create_tensor: loading tensor blk.4.attn_output.scale
create_tensor: loading tensor blk.4.ffn_gate.scale
create_tensor: loading tensor blk.4.ffn_down.scale
create_tensor: loading tensor blk.4.ffn_up.scale
create_tensor: loading tensor blk.4.attn_q.input_scale
create_tensor: loading tensor blk.4.attn_k.input_scale
create_tensor: loading tensor blk.4.attn_v.input_scale
create_tensor: loading tensor blk.4.attn_output.input_scale
create_tensor: loading tensor blk.4.ffn_gate.input_scale
create_tensor: loading tensor blk.4.ffn_down.input_scale
create_tensor: loading tensor blk.4.ffn_up.input_scale
create_tensor: loading tensor blk.5.attn_q.scale
create_tensor: loading tensor blk.5.attn_k.scale
create_tensor: loading tensor blk.5.attn_v.scale
create_tensor: loading tensor blk.5.attn_output.scale
create_tensor: loading tensor blk.5.ffn_gate.scale
create_tensor: loading tensor blk.5.ffn_down.scale
create_tensor: loading tensor blk.5.ffn_up.scale
create_tensor: loading tensor blk.5.attn_q.input_scale
create_tensor: loading tensor blk.5.attn_k.input_scale
create_tensor: loading tensor blk.5.attn_v.input_scale
create_tensor: loading tensor blk.5.attn_output.input_scale
create_tensor: loading tensor blk.5.ffn_gate.input_scale
create_tensor: loading tensor blk.5.ffn_down.input_scale
create_tensor: loading tensor blk.5.ffn_up.input_scale
create_tensor: loading tensor blk.6.attn_q.scale
create_tensor: loading tensor blk.6.attn_k.scale
create_tensor: loading tensor blk.6.attn_v.scale
create_tensor: loading tensor blk.6.attn_output.scale
create_tensor: loading tensor blk.6.ffn_gate.scale
create_tensor: loading tensor blk.6.ffn_down.scale
create_tensor: loading tensor blk.6.ffn_up.scale
create_tensor: loading tensor blk.6.attn_q.input_scale
create_tensor: loading tensor blk.6.attn_k.input_scale
create_tensor: loading tensor blk.6.attn_v.input_scale
create_tensor: loading tensor blk.6.attn_output.input_scale
create_tensor: loading tensor blk.6.ffn_gate.input_scale
create_tensor: loading tensor blk.6.ffn_down.input_scale
create_tensor: loading tensor blk.6.ffn_up.input_scale
create_tensor: loading tensor blk.7.attn_q.scale
create_tensor: loading tensor blk.7.attn_k.scale
create_tensor: loading tensor blk.7.attn_v.scale
create_tensor: loading tensor blk.7.attn_output.scale
create_tensor: loading tensor blk.7.ffn_gate.scale
create_tensor: loading tensor blk.7.ffn_down.scale
create_tensor: loading tensor blk.7.ffn_up.scale
create_tensor: loading tensor blk.7.attn_q.input_scale
create_tensor: loading tensor blk.7.attn_k.input_scale
create_tensor: loading tensor blk.7.attn_v.input_scale
create_tensor: loading tensor blk.7.attn_output.input_scale
create_tensor: loading tensor blk.7.ffn_gate.input_scale
create_tensor: loading tensor blk.7.ffn_down.input_scale
create_tensor: loading tensor blk.7.ffn_up.input_scale
create_tensor: loading tensor blk.8.attn_q.scale
create_tensor: loading tensor blk.8.attn_k.scale
create_tensor: loading tensor blk.8.attn_v.scale
create_tensor: loading tensor blk.8.attn_output.scale
create_tensor: loading tensor blk.8.ffn_gate.scale
create_tensor: loading tensor blk.8.ffn_down.scale
create_tensor: loading tensor blk.8.ffn_up.scale
create_tensor: loading tensor blk.8.attn_q.input_scale
create_tensor: loading tensor blk.8.attn_k.input_scale
create_tensor: loading tensor blk.8.attn_v.input_scale
create_tensor: loading tensor blk.8.attn_output.input_scale
create_tensor: loading tensor blk.8.ffn_gate.input_scale
create_tensor: loading tensor blk.8.ffn_down.input_scale
create_tensor: loading tensor blk.8.ffn_up.input_scale
create_tensor: loading tensor blk.9.attn_q.scale
create_tensor: loading tensor blk.9.attn_k.scale
create_tensor: loading tensor blk.9.attn_v.scale
create_tensor: loading tensor blk.9.attn_output.scale
create_tensor: loading tensor blk.9.ffn_gate.scale
create_tensor: loading tensor blk.9.ffn_down.scale
create_tensor: loading tensor blk.9.ffn_up.scale
create_tensor: loading tensor blk.9.attn_q.input_scale
create_tensor: loading tensor blk.9.attn_k.input_scale
create_tensor: loading tensor blk.9.attn_v.input_scale
create_tensor: loading tensor blk.9.attn_output.input_scale
create_tensor: loading tensor blk.9.ffn_gate.input_scale
create_tensor: loading tensor blk.9.ffn_down.input_scale
create_tensor: loading tensor blk.9.ffn_up.input_scale
create_tensor: loading tensor blk.10.attn_q.scale
create_tensor: loading tensor blk.10.attn_k.scale
create_tensor: loading tensor blk.10.attn_v.scale
create_tensor: loading tensor blk.10.attn_output.scale
create_tensor: loading tensor blk.10.ffn_gate.scale
create_tensor: loading tensor blk.10.ffn_down.scale
create_tensor: loading tensor blk.10.ffn_up.scale
create_tensor: loading tensor blk.10.attn_q.input_scale
create_tensor: loading tensor blk.10.attn_k.input_scale
create_tensor: loading tensor blk.10.attn_v.input_scale
create_tensor: loading tensor blk.10.attn_output.input_scale
create_tensor: loading tensor blk.10.ffn_gate.input_scale
create_tensor: loading tensor blk.10.ffn_down.input_scale
create_tensor: loading tensor blk.10.ffn_up.input_scale
create_tensor: loading tensor blk.11.attn_q.scale
create_tensor: loading tensor blk.11.attn_k.scale
create_tensor: loading tensor blk.11.attn_v.scale
create_tensor: loading tensor blk.11.attn_output.scale
create_tensor: loading tensor blk.11.ffn_gate.scale
create_tensor: loading tensor blk.11.ffn_down.scale
create_tensor: loading tensor blk.11.ffn_up.scale
create_tensor: loading tensor blk.11.attn_q.input_scale
create_tensor: loading tensor blk.11.attn_k.input_scale
create_tensor: loading tensor blk.11.attn_v.input_scale
create_tensor: loading tensor blk.11.attn_output.input_scale
create_tensor: loading tensor blk.11.ffn_gate.input_scale
create_tensor: loading tensor blk.11.ffn_down.input_scale
create_tensor: loading tensor blk.11.ffn_up.input_scale
create_tensor: loading tensor blk.12.attn_q.scale
create_tensor: loading tensor blk.12.attn_k.scale
create_tensor: loading tensor blk.12.attn_v.scale
create_tensor: loading tensor blk.12.attn_output.scale
create_tensor: loading tensor blk.12.ffn_gate.scale
create_tensor: loading tensor blk.12.ffn_down.scale
create_tensor: loading tensor blk.12.ffn_up.scale
create_tensor: loading tensor blk.12.attn_q.input_scale
create_tensor: loading tensor blk.12.attn_k.input_scale
create_tensor: loading tensor blk.12.attn_v.input_scale
create_tensor: loading tensor blk.12.attn_output.input_scale
create_tensor: loading tensor blk.12.ffn_gate.input_scale
create_tensor: loading tensor blk.12.ffn_down.input_scale
create_tensor: loading tensor blk.12.ffn_up.input_scale
create_tensor: loading tensor blk.13.attn_q.scale
create_tensor: loading tensor blk.13.attn_k.scale
create_tensor: loading tensor blk.13.attn_v.scale
create_tensor: loading tensor blk.13.attn_output.scale
create_tensor: loading tensor blk.13.ffn_gate.scale
create_tensor: loading tensor blk.13.ffn_down.scale
create_tensor: loading tensor blk.13.ffn_up.scale
create_tensor: loading tensor blk.13.attn_q.input_scale
create_tensor: loading tensor blk.13.attn_k.input_scale
create_tensor: loading tensor blk.13.attn_v.input_scale
create_tensor: loading tensor blk.13.attn_output.input_scale
create_tensor: loading tensor blk.13.ffn_gate.input_scale
create_tensor: loading tensor blk.13.ffn_down.input_scale
create_tensor: loading tensor blk.13.ffn_up.input_scale
create_tensor: loading tensor blk.14.attn_q.scale
create_tensor: loading tensor blk.14.attn_k.scale
create_tensor: loading tensor blk.14.attn_v.scale
create_tensor: loading tensor blk.14.attn_output.scale
create_tensor: loading tensor blk.14.ffn_gate.scale
create_tensor: loading tensor blk.14.ffn_down.scale
create_tensor: loading tensor blk.14.ffn_up.scale
create_tensor: loading tensor blk.14.attn_q.input_scale
create_tensor: loading tensor blk.14.attn_k.input_scale
create_tensor: loading tensor blk.14.attn_v.input_scale
create_tensor: loading tensor blk.14.attn_output.input_scale
create_tensor: loading tensor blk.14.ffn_gate.input_scale
create_tensor: loading tensor blk.14.ffn_down.input_scale
create_tensor: loading tensor blk.14.ffn_up.input_scale
create_tensor: loading tensor blk.15.attn_q.scale
create_tensor: loading tensor blk.15.attn_k.scale
create_tensor: loading tensor blk.15.attn_v.scale
create_tensor: loading tensor blk.15.attn_output.scale
create_tensor: loading tensor blk.15.ffn_gate.scale
create_tensor: loading tensor blk.15.ffn_down.scale
create_tensor: loading tensor blk.15.ffn_up.scale
create_tensor: loading tensor blk.15.attn_q.input_scale
create_tensor: loading tensor blk.15.attn_k.input_scale
create_tensor: loading tensor blk.15.attn_v.input_scale
create_tensor: loading tensor blk.15.attn_output.input_scale
create_tensor: loading tensor blk.15.ffn_gate.input_scale
create_tensor: loading tensor blk.15.ffn_down.input_scale
create_tensor: loading tensor blk.15.ffn_up.input_scale
create_tensor: loading tensor blk.16.attn_q.scale
create_tensor: loading tensor blk.16.attn_k.scale
create_tensor: loading tensor blk.16.attn_v.scale
create_tensor: loading tensor blk.16.attn_output.scale
create_tensor: loading tensor blk.16.ffn_gate.scale
create_tensor: loading tensor blk.16.ffn_down.scale
create_tensor: loading tensor blk.16.ffn_up.scale
create_tensor: loading tensor blk.16.attn_q.input_scale
create_tensor: loading tensor blk.16.attn_k.input_scale
create_tensor: loading tensor blk.16.attn_v.input_scale
create_tensor: loading tensor blk.16.attn_output.input_scale
create_tensor: loading tensor blk.16.ffn_gate.input_scale
create_tensor: loading tensor blk.16.ffn_down.input_scale
create_tensor: loading tensor blk.16.ffn_up.input_scale
create_tensor: loading tensor blk.17.attn_q.scale
create_tensor: loading tensor blk.17.attn_k.scale
create_tensor: loading tensor blk.17.attn_v.scale
create_tensor: loading tensor blk.17.attn_output.scale
create_tensor: loading tensor blk.17.ffn_gate.scale
create_tensor: loading tensor blk.17.ffn_down.scale
create_tensor: loading tensor blk.17.ffn_up.scale
create_tensor: loading tensor blk.17.attn_q.input_scale
create_tensor: loading tensor blk.17.attn_k.input_scale
create_tensor: loading tensor blk.17.attn_v.input_scale
create_tensor: loading tensor blk.17.attn_output.input_scale
create_tensor: loading tensor blk.17.ffn_gate.input_scale
create_tensor: loading tensor blk.17.ffn_down.input_scale
create_tensor: loading tensor blk.17.ffn_up.input_scale
create_tensor: loading tensor blk.18.attn_q.scale
create_tensor: loading tensor blk.18.attn_k.scale
create_tensor: loading tensor blk.18.attn_v.scale
create_tensor: loading tensor blk.18.attn_output.scale
create_tensor: loading tensor blk.18.ffn_gate.scale
create_tensor: loading tensor blk.18.ffn_down.scale
create_tensor: loading tensor blk.18.ffn_up.scale
create_tensor: loading tensor blk.18.attn_q.input_scale
create_tensor: loading tensor blk.18.attn_k.input_scale
create_tensor: loading tensor blk.18.attn_v.input_scale
create_tensor: loading tensor blk.18.attn_output.input_scale
create_tensor: loading tensor blk.18.ffn_gate.input_scale
create_tensor: loading tensor blk.18.ffn_down.input_scale
create_tensor: loading tensor blk.18.ffn_up.input_scale
create_tensor: loading tensor blk.19.attn_q.scale
create_tensor: loading tensor blk.19.attn_k.scale
create_tensor: loading tensor blk.19.attn_v.scale
create_tensor: loading tensor blk.19.attn_output.scale
create_tensor: loading tensor blk.19.ffn_gate.scale
create_tensor: loading tensor blk.19.ffn_down.scale
create_tensor: loading tensor blk.19.ffn_up.scale
create_tensor: loading tensor blk.19.attn_q.input_scale
create_tensor: loading tensor blk.19.attn_k.input_scale
create_tensor: loading tensor blk.19.attn_v.input_scale
create_tensor: loading tensor blk.19.attn_output.input_scale
create_tensor: loading tensor blk.19.ffn_gate.input_scale
create_tensor: loading tensor blk.19.ffn_down.input_scale
create_tensor: loading tensor blk.19.ffn_up.input_scale
create_tensor: loading tensor blk.20.attn_q.scale
create_tensor: loading tensor blk.20.attn_k.scale
create_tensor: loading tensor blk.20.attn_v.scale
create_tensor: loading tensor blk.20.attn_output.scale
create_tensor: loading tensor blk.20.ffn_gate.scale
create_tensor: loading tensor blk.20.ffn_down.scale
create_tensor: loading tensor blk.20.ffn_up.scale
create_tensor: loading tensor blk.20.attn_q.input_scale
create_tensor: loading tensor blk.20.attn_k.input_scale
create_tensor: loading tensor blk.20.attn_v.input_scale
create_tensor: loading tensor blk.20.attn_output.input_scale
create_tensor: loading tensor blk.20.ffn_gate.input_scale
create_tensor: loading tensor blk.20.ffn_down.input_scale
create_tensor: loading tensor blk.20.ffn_up.input_scale
create_tensor: loading tensor blk.21.attn_q.scale
create_tensor: loading tensor blk.21.attn_k.scale
create_tensor: loading tensor blk.21.attn_v.scale
create_tensor: loading tensor blk.21.attn_output.scale
create_tensor: loading tensor blk.21.ffn_gate.scale
create_tensor: loading tensor blk.21.ffn_down.scale
create_tensor: loading tensor blk.21.ffn_up.scale
create_tensor: loading tensor blk.21.attn_q.input_scale
create_tensor: loading tensor blk.21.attn_k.input_scale
create_tensor: loading tensor blk.21.attn_v.input_scale
create_tensor: loading tensor blk.21.attn_output.input_scale
create_tensor: loading tensor blk.21.ffn_gate.input_scale
create_tensor: loading tensor blk.21.ffn_down.input_scale
create_tensor: loading tensor blk.21.ffn_up.input_scale
create_tensor: loading tensor blk.22.attn_q.scale
create_tensor: loading tensor blk.22.attn_k.scale
create_tensor: loading tensor blk.22.attn_v.scale
create_tensor: loading tensor blk.22.attn_output.scale
create_tensor: loading tensor blk.22.ffn_gate.scale
create_tensor: loading tensor blk.22.ffn_down.scale
create_tensor: loading tensor blk.22.ffn_up.scale
create_tensor: loading tensor blk.22.attn_q.input_scale
create_tensor: loading tensor blk.22.attn_k.input_scale
create_tensor: loading tensor blk.22.attn_v.input_scale
create_tensor: loading tensor blk.22.attn_output.input_scale
create_tensor: loading tensor blk.22.ffn_gate.input_scale
create_tensor: loading tensor blk.22.ffn_down.input_scale
create_tensor: loading tensor blk.22.ffn_up.input_scale
create_tensor: loading tensor blk.23.attn_q.scale
create_tensor: loading tensor blk.23.attn_k.scale
create_tensor: loading tensor blk.23.attn_v.scale
create_tensor: loading tensor blk.23.attn_output.scale
create_tensor: loading tensor blk.23.ffn_gate.scale
create_tensor: loading tensor blk.23.ffn_down.scale
create_tensor: loading tensor blk.23.ffn_up.scale
create_tensor: loading tensor blk.23.attn_q.input_scale
create_tensor: loading tensor blk.23.attn_k.input_scale
create_tensor: loading tensor blk.23.attn_v.input_scale
create_tensor: loading tensor blk.23.attn_output.input_scale
create_tensor: loading tensor blk.23.ffn_gate.input_scale
create_tensor: loading tensor blk.23.ffn_down.input_scale
create_tensor: loading tensor blk.23.ffn_up.input_scale
create_tensor: loading tensor blk.24.attn_q.scale
create_tensor: loading tensor blk.24.attn_output.scale
create_tensor: loading tensor blk.24.ffn_gate.scale
create_tensor: loading tensor blk.24.ffn_down.scale
create_tensor: loading tensor blk.24.ffn_up.scale
create_tensor: loading tensor blk.24.attn_q.input_scale
create_tensor: loading tensor blk.24.attn_output.input_scale
create_tensor: loading tensor blk.24.ffn_gate.input_scale
create_tensor: loading tensor blk.24.ffn_down.input_scale
create_tensor: loading tensor blk.24.ffn_up.input_scale
create_tensor: loading tensor blk.25.attn_q.scale
create_tensor: loading tensor blk.25.attn_output.scale
create_tensor: loading tensor blk.25.ffn_gate.scale
create_tensor: loading tensor blk.25.ffn_down.scale
create_tensor: loading tensor blk.25.ffn_up.scale
create_tensor: loading tensor blk.25.attn_q.input_scale
create_tensor: loading tensor blk.25.attn_output.input_scale
create_tensor: loading tensor blk.25.ffn_gate.input_scale
create_tensor: loading tensor blk.25.ffn_down.input_scale
create_tensor: loading tensor blk.25.ffn_up.input_scale
create_tensor: loading tensor blk.26.attn_q.scale
create_tensor: loading tensor blk.26.attn_output.scale
create_tensor: loading tensor blk.26.ffn_gate.scale
create_tensor: loading tensor blk.26.ffn_down.scale
create_tensor: loading tensor blk.26.ffn_up.scale
create_tensor: loading tensor blk.26.attn_q.input_scale
create_tensor: loading tensor blk.26.attn_output.input_scale
create_tensor: loading tensor blk.26.ffn_gate.input_scale
create_tensor: loading tensor blk.26.ffn_down.input_scale
create_tensor: loading tensor blk.26.ffn_up.input_scale
create_tensor: loading tensor blk.27.attn_q.scale
create_tensor: loading tensor blk.27.attn_output.scale
create_tensor: loading tensor blk.27.ffn_gate.scale
create_tensor: loading tensor blk.27.ffn_down.scale
create_tensor: loading tensor blk.27.ffn_up.scale
create_tensor: loading tensor blk.27.attn_q.input_scale
create_tensor: loading tensor blk.27.attn_output.input_scale
create_tensor: loading tensor blk.27.ffn_gate.input_scale
create_tensor: loading tensor blk.27.ffn_down.input_scale
create_tensor: loading tensor blk.27.ffn_up.input_scale
create_tensor: loading tensor blk.28.attn_q.scale
create_tensor: loading tensor blk.28.attn_output.scale
create_tensor: loading tensor blk.28.ffn_gate.scale
create_tensor: loading tensor blk.28.ffn_down.scale
create_tensor: loading tensor blk.28.ffn_up.scale
create_tensor: loading tensor blk.28.attn_q.input_scale
create_tensor: loading tensor blk.28.attn_output.input_scale
create_tensor: loading tensor blk.28.ffn_gate.input_scale
create_tensor: loading tensor blk.28.ffn_down.input_scale
create_tensor: loading tensor blk.28.ffn_up.input_scale
create_tensor: loading tensor blk.29.attn_q.scale
create_tensor: loading tensor blk.29.attn_output.scale
create_tensor: loading tensor blk.29.ffn_gate.scale
create_tensor: loading tensor blk.29.ffn_down.scale
create_tensor: loading tensor blk.29.ffn_up.scale
create_tensor: loading tensor blk.29.attn_q.input_scale
create_tensor: loading tensor blk.29.attn_output.input_scale
create_tensor: loading tensor blk.29.ffn_gate.input_scale
create_tensor: loading tensor blk.29.ffn_down.input_scale
create_tensor: loading tensor blk.29.ffn_up.input_scale
create_tensor: loading tensor blk.30.attn_q.scale
create_tensor: loading tensor blk.30.attn_output.scale
create_tensor: loading tensor blk.30.ffn_gate.scale
create_tensor: loading tensor blk.30.ffn_down.scale
create_tensor: loading tensor blk.30.ffn_up.scale
create_tensor: loading tensor blk.30.attn_q.input_scale
create_tensor: loading tensor blk.30.attn_output.input_scale
create_tensor: loading tensor blk.30.ffn_gate.input_scale
create_tensor: loading tensor blk.30.ffn_down.input_scale
create_tensor: loading tensor blk.30.ffn_up.input_scale
create_tensor: loading tensor blk.31.attn_q.scale
create_tensor: loading tensor blk.31.attn_output.scale
create_tensor: loading tensor blk.31.ffn_gate.scale
create_tensor: loading tensor blk.31.ffn_down.scale
create_tensor: loading tensor blk.31.ffn_up.scale
create_tensor: loading tensor blk.31.attn_q.input_scale
create_tensor: loading tensor blk.31.attn_output.input_scale
create_tensor: loading tensor blk.31.ffn_gate.input_scale
create_tensor: loading tensor blk.31.ffn_down.input_scale
create_tensor: loading tensor blk.31.ffn_up.input_scale
create_tensor: loading tensor blk.32.attn_q.scale
create_tensor: loading tensor blk.32.attn_output.scale
create_tensor: loading tensor blk.32.ffn_gate.scale
create_tensor: loading tensor blk.32.ffn_down.scale
create_tensor: loading tensor blk.32.ffn_up.scale
create_tensor: loading tensor blk.32.attn_q.input_scale
create_tensor: loading tensor blk.32.attn_output.input_scale
create_tensor: loading tensor blk.32.ffn_gate.input_scale
create_tensor: loading tensor blk.32.ffn_down.input_scale
create_tensor: loading tensor blk.32.ffn_up.input_scale
create_tensor: loading tensor blk.33.attn_q.scale
create_tensor: loading tensor blk.33.attn_output.scale
create_tensor: loading tensor blk.33.ffn_gate.scale
create_tensor: loading tensor blk.33.ffn_down.scale
create_tensor: loading tensor blk.33.ffn_up.scale
create_tensor: loading tensor blk.33.attn_q.input_scale
create_tensor: loading tensor blk.33.attn_output.input_scale
create_tensor: loading tensor blk.33.ffn_gate.input_scale
create_tensor: loading tensor blk.33.ffn_down.input_scale
create_tensor: loading tensor blk.33.ffn_up.input_scale
create_tensor: loading tensor blk.34.attn_q.scale
create_tensor: loading tensor blk.34.attn_output.scale
create_tensor: loading tensor blk.34.ffn_gate.scale
create_tensor: loading tensor blk.34.ffn_down.scale
create_tensor: loading tensor blk.34.ffn_up.scale
create_tensor: loading tensor blk.34.attn_q.input_scale
create_tensor: loading tensor blk.34.attn_output.input_scale
create_tensor: loading tensor blk.34.ffn_gate.input_scale
create_tensor: loading tensor blk.34.ffn_down.input_scale
create_tensor: loading tensor blk.34.ffn_up.input_scale
create_tensor: loading tensor blk.35.attn_q.scale
create_tensor: loading tensor blk.35.attn_output.scale
create_tensor: loading tensor blk.35.ffn_gate.scale
create_tensor: loading tensor blk.35.ffn_down.scale
create_tensor: loading tensor blk.35.ffn_up.scale
create_tensor: loading tensor blk.35.attn_q.input_scale
create_tensor: loading tensor blk.35.attn_output.input_scale
create_tensor: loading tensor blk.35.ffn_gate.input_scale
create_tensor: loading tensor blk.35.ffn_down.input_scale
create_tensor: loading tensor blk.35.ffn_up.input_scale
create_tensor: loading tensor blk.36.attn_q.scale
create_tensor: loading tensor blk.36.attn_output.scale
create_tensor: loading tensor blk.36.ffn_gate.scale
create_tensor: loading tensor blk.36.ffn_down.scale
create_tensor: loading tensor blk.36.ffn_up.scale
create_tensor: loading tensor blk.36.attn_q.input_scale
create_tensor: loading tensor blk.36.attn_output.input_scale
create_tensor: loading tensor blk.36.ffn_gate.input_scale
create_tensor: loading tensor blk.36.ffn_down.input_scale
create_tensor: loading tensor blk.36.ffn_up.input_scale
create_tensor: loading tensor blk.37.attn_q.scale
create_tensor: loading tensor blk.37.attn_output.scale
create_tensor: loading tensor blk.37.ffn_gate.scale
create_tensor: loading tensor blk.37.ffn_down.scale
create_tensor: loading tensor blk.37.ffn_up.scale
create_tensor: loading tensor blk.37.attn_q.input_scale
create_tensor: loading tensor blk.37.attn_output.input_scale
create_tensor: loading tensor blk.37.ffn_gate.input_scale
create_tensor: loading tensor blk.37.ffn_down.input_scale
create_tensor: loading tensor blk.37.ffn_up.input_scale
create_tensor: loading tensor blk.38.attn_q.scale
create_tensor: loading tensor blk.38.attn_output.scale
create_tensor: loading tensor blk.38.ffn_gate.scale
create_tensor: loading tensor blk.38.ffn_down.scale
create_tensor: loading tensor blk.38.ffn_up.scale
create_tensor: loading tensor blk.38.attn_q.input_scale
create_tensor: loading tensor blk.38.attn_output.input_scale
create_tensor: loading tensor blk.38.ffn_gate.input_scale
create_tensor: loading tensor blk.38.ffn_down.input_scale
create_tensor: loading tensor blk.38.ffn_up.input_scale
create_tensor: loading tensor blk.39.attn_q.scale
create_tensor: loading tensor blk.39.attn_output.scale
create_tensor: loading tensor blk.39.ffn_gate.scale
create_tensor: loading tensor blk.39.ffn_down.scale
create_tensor: loading tensor blk.39.ffn_up.scale
create_tensor: loading tensor blk.39.attn_q.input_scale
create_tensor: loading tensor blk.39.attn_output.input_scale
create_tensor: loading tensor blk.39.ffn_gate.input_scale
create_tensor: loading tensor blk.39.ffn_down.input_scale
create_tensor: loading tensor blk.39.ffn_up.input_scale
create_tensor: loading tensor blk.40.attn_q.scale
create_tensor: loading tensor blk.40.attn_output.scale
create_tensor: loading tensor blk.40.ffn_gate.scale
create_tensor: loading tensor blk.40.ffn_down.scale
create_tensor: loading tensor blk.40.ffn_up.scale
create_tensor: loading tensor blk.40.attn_q.input_scale
create_tensor: loading tensor blk.40.attn_output.input_scale
create_tensor: loading tensor blk.40.ffn_gate.input_scale
create_tensor: loading tensor blk.40.ffn_down.input_scale
create_tensor: loading tensor blk.40.ffn_up.input_scale
create_tensor: loading tensor blk.41.attn_q.scale
create_tensor: loading tensor blk.41.attn_output.scale
create_tensor: loading tensor blk.41.ffn_gate.scale
create_tensor: loading tensor blk.41.ffn_down.scale
create_tensor: loading tensor blk.41.ffn_up.scale
create_tensor: loading tensor blk.41.attn_q.input_scale
create_tensor: loading tensor blk.41.attn_output.input_scale
create_tensor: loading tensor blk.41.ffn_gate.input_scale
create_tensor: loading tensor blk.41.ffn_down.input_scale
create_tensor: loading tensor blk.41.ffn_up.input_scale
load_tensors: offloading output layer to GPU
load_tensors: offloading 41 repeating layers to GPU
load_tensors: offloaded 43/43 layers to GPU
load_tensors:      Vulkan0 model buffer size =  2696.04 MiB
load_tensors:  Vulkan_Host model buffer size =  2730.00 MiB
load_all_data: using async uploads for device Vulkan0, buffer type Vulkan0, backend Vulkan0
.........................................load_all_data: buffer type Vulkan_Host is not the default buffer type for device Vulkan0 for async uploads
..
llama_context: constructing llama_context
llama_context: n_seq_max             = 1
llama_context: n_ctx                 = 8192
llama_context: n_ctx_seq             = 8192
llama_context: n_batch               = 256
llama_context: n_ubatch              = 256
llama_context: causal_attn           = 1
llama_context: flash_attn            = disabled
llama_context: kv_unified            = false
llama_context: freq_base             = 1000000.0
llama_context: freq_scale            = 1
llama_context: n_rs_seq              = 0
llama_context: n_outputs_max         = 256
llama_context: n_outputs_max_per_seq = 256
llama_context: n_ctx_seq (8192) < n_ctx_train (131072) -- the full capacity of the model will not be utilized
set_abort_callback: call
llama_context: Vulkan_Host  output buffer size =     1.00 MiB
llama_kv_cache_iswa: creating non-SWA KV cache, size = 8192 cells
llama_kv_cache: the V embeddings have different sizes across layers and FA is not enabled - padding V cache to 1024
llama_kv_cache: layer   0: filtered
llama_kv_cache: layer   1: filtered
llama_kv_cache: layer   2: filtered
llama_kv_cache: layer   3: filtered
llama_kv_cache: layer   4: filtered
llama_kv_cache: layer   5: dev = Vulkan0
llama_kv_cache: layer   6: filtered
llama_kv_cache: layer   7: filtered
llama_kv_cache: layer   8: filtered
llama_kv_cache: layer   9: filtered
llama_kv_cache: layer  10: filtered
llama_kv_cache: layer  11: dev = Vulkan0
llama_kv_cache: layer  12: filtered
llama_kv_cache: layer  13: filtered
llama_kv_cache: layer  14: filtered
llama_kv_cache: layer  15: filtered
llama_kv_cache: layer  16: filtered
llama_kv_cache: layer  17: dev = Vulkan0
llama_kv_cache: layer  18: filtered
llama_kv_cache: layer  19: filtered
llama_kv_cache: layer  20: filtered
llama_kv_cache: layer  21: filtered
llama_kv_cache: layer  22: filtered
llama_kv_cache: layer  23: dev = Vulkan0
llama_kv_cache: layer  24: does not have KV cache
llama_kv_cache: layer  25: does not have KV cache
llama_kv_cache: layer  26: does not have KV cache
llama_kv_cache: layer  27: does not have KV cache
llama_kv_cache: layer  28: does not have KV cache
llama_kv_cache: layer  29: does not have KV cache
llama_kv_cache: layer  30: does not have KV cache
llama_kv_cache: layer  31: does not have KV cache
llama_kv_cache: layer  32: does not have KV cache
llama_kv_cache: layer  33: does not have KV cache
llama_kv_cache: layer  34: does not have KV cache
llama_kv_cache: layer  35: does not have KV cache
llama_kv_cache: layer  36: does not have KV cache
llama_kv_cache: layer  37: does not have KV cache
llama_kv_cache: layer  38: does not have KV cache
llama_kv_cache: layer  39: does not have KV cache
llama_kv_cache: layer  40: does not have KV cache
llama_kv_cache: layer  41: does not have KV cache
llama_kv_cache: reusing layers:
llama_kv_cache: - layer   0: no reuse
llama_kv_cache: - layer   1: no reuse
llama_kv_cache: - layer   2: no reuse
llama_kv_cache: - layer   3: no reuse
llama_kv_cache: - layer   4: no reuse
llama_kv_cache: - layer   5: no reuse
llama_kv_cache: - layer   6: no reuse
llama_kv_cache: - layer   7: no reuse
llama_kv_cache: - layer   8: no reuse
llama_kv_cache: - layer   9: no reuse
llama_kv_cache: - layer  10: no reuse
llama_kv_cache: - layer  11: no reuse
llama_kv_cache: - layer  12: no reuse
llama_kv_cache: - layer  13: no reuse
llama_kv_cache: - layer  14: no reuse
llama_kv_cache: - layer  15: no reuse
llama_kv_cache: - layer  16: no reuse
llama_kv_cache: - layer  17: no reuse
llama_kv_cache: - layer  18: no reuse
llama_kv_cache: - layer  19: no reuse
llama_kv_cache: - layer  20: no reuse
llama_kv_cache: - layer  21: no reuse
llama_kv_cache: - layer  22: no reuse
llama_kv_cache: - layer  23: no reuse
llama_kv_cache: - layer  24: filtered
llama_kv_cache: - layer  25: filtered
llama_kv_cache: - layer  26: filtered
llama_kv_cache: - layer  27: filtered
llama_kv_cache: - layer  28: filtered
llama_kv_cache: - layer  29: reuse layer 23, is_swa = 0
llama_kv_cache: - layer  30: filtered
llama_kv_cache: - layer  31: filtered
llama_kv_cache: - layer  32: filtered
llama_kv_cache: - layer  33: filtered
llama_kv_cache: - layer  34: filtered
llama_kv_cache: - layer  35: reuse layer 23, is_swa = 0
llama_kv_cache: - layer  36: filtered
llama_kv_cache: - layer  37: filtered
llama_kv_cache: - layer  38: filtered
llama_kv_cache: - layer  39: filtered
llama_kv_cache: - layer  40: filtered
llama_kv_cache: - layer  41: reuse layer 23, is_swa = 0
llama_kv_cache:    Vulkan0 KV buffer size =   128.00 MiB
llama_kv_cache: size =  128.00 MiB (  8192 cells,   4 layers,  1/1 seqs), K (f16):   64.00 MiB, V (f16):   64.00 MiB
llama_kv_cache: attn_rot_k = 0, n_embd_head_k_all = 512
llama_kv_cache: attn_rot_v = 0, n_embd_head_k_all = 512
llama_kv_cache_iswa: creating     SWA KV cache, size = 768 cells
llama_kv_cache: the V embeddings have different sizes across layers and FA is not enabled - padding V cache to 1024
llama_kv_cache: layer   0: dev = Vulkan0
llama_kv_cache: layer   1: dev = Vulkan0
llama_kv_cache: layer   2: dev = Vulkan0
llama_kv_cache: layer   3: dev = Vulkan0
llama_kv_cache: layer   4: dev = Vulkan0
llama_kv_cache: layer   5: filtered
llama_kv_cache: layer   6: dev = Vulkan0
llama_kv_cache: layer   7: dev = Vulkan0
llama_kv_cache: layer   8: dev = Vulkan0
llama_kv_cache: layer   9: dev = Vulkan0
llama_kv_cache: layer  10: dev = Vulkan0
llama_kv_cache: layer  11: filtered
llama_kv_cache: layer  12: dev = Vulkan0
llama_kv_cache: layer  13: dev = Vulkan0
llama_kv_cache: layer  14: dev = Vulkan0
llama_kv_cache: layer  15: dev = Vulkan0
llama_kv_cache: layer  16: dev = Vulkan0
llama_kv_cache: layer  17: filtered
llama_kv_cache: layer  18: dev = Vulkan0
llama_kv_cache: layer  19: dev = Vulkan0
llama_kv_cache: layer  20: dev = Vulkan0
llama_kv_cache: layer  21: dev = Vulkan0
llama_kv_cache: layer  22: dev = Vulkan0
llama_kv_cache: layer  23: filtered
llama_kv_cache: layer  24: does not have KV cache
llama_kv_cache: layer  25: does not have KV cache
llama_kv_cache: layer  26: does not have KV cache
llama_kv_cache: layer  27: does not have KV cache
llama_kv_cache: layer  28: does not have KV cache
llama_kv_cache: layer  29: does not have KV cache
llama_kv_cache: layer  30: does not have KV cache
llama_kv_cache: layer  31: does not have KV cache
llama_kv_cache: layer  32: does not have KV cache
llama_kv_cache: layer  33: does not have KV cache
llama_kv_cache: layer  34: does not have KV cache
llama_kv_cache: layer  35: does not have KV cache
llama_kv_cache: layer  36: does not have KV cache
llama_kv_cache: layer  37: does not have KV cache
llama_kv_cache: layer  38: does not have KV cache
llama_kv_cache: layer  39: does not have KV cache
llama_kv_cache: layer  40: does not have KV cache
llama_kv_cache: layer  41: does not have KV cache
llama_kv_cache: reusing layers:
llama_kv_cache: - layer   0: no reuse
llama_kv_cache: - layer   1: no reuse
llama_kv_cache: - layer   2: no reuse
llama_kv_cache: - layer   3: no reuse
llama_kv_cache: - layer   4: no reuse
llama_kv_cache: - layer   5: no reuse
llama_kv_cache: - layer   6: no reuse
llama_kv_cache: - layer   7: no reuse
llama_kv_cache: - layer   8: no reuse
llama_kv_cache: - layer   9: no reuse
llama_kv_cache: - layer  10: no reuse
llama_kv_cache: - layer  11: no reuse
llama_kv_cache: - layer  12: no reuse
llama_kv_cache: - layer  13: no reuse
llama_kv_cache: - layer  14: no reuse
llama_kv_cache: - layer  15: no reuse
llama_kv_cache: - layer  16: no reuse
llama_kv_cache: - layer  17: no reuse
llama_kv_cache: - layer  18: no reuse
llama_kv_cache: - layer  19: no reuse
llama_kv_cache: - layer  20: no reuse
llama_kv_cache: - layer  21: no reuse
llama_kv_cache: - layer  22: no reuse
llama_kv_cache: - layer  23: no reuse
llama_kv_cache: - layer  24: reuse layer 22, is_swa = 1
llama_kv_cache: - layer  25: reuse layer 22, is_swa = 1
llama_kv_cache: - layer  26: reuse layer 22, is_swa = 1
llama_kv_cache: - layer  27: reuse layer 22, is_swa = 1
llama_kv_cache: - layer  28: reuse layer 22, is_swa = 1
llama_kv_cache: - layer  29: filtered
llama_kv_cache: - layer  30: reuse layer 22, is_swa = 1
llama_kv_cache: - layer  31: reuse layer 22, is_swa = 1
llama_kv_cache: - layer  32: reuse layer 22, is_swa = 1
llama_kv_cache: - layer  33: reuse layer 22, is_swa = 1
llama_kv_cache: - layer  34: reuse layer 22, is_swa = 1
llama_kv_cache: - layer  35: filtered
llama_kv_cache: - layer  36: reuse layer 22, is_swa = 1
llama_kv_cache: - layer  37: reuse layer 22, is_swa = 1
llama_kv_cache: - layer  38: reuse layer 22, is_swa = 1
llama_kv_cache: - layer  39: reuse layer 22, is_swa = 1
llama_kv_cache: - layer  40: reuse layer 22, is_swa = 1
llama_kv_cache: - layer  41: filtered
llama_kv_cache:    Vulkan0 KV buffer size =    45.00 MiB
llama_kv_cache: size =   45.00 MiB (   768 cells,  20 layers,  1/1 seqs), K (f16):   15.00 MiB, V (f16):   30.00 MiB
llama_kv_cache: attn_rot_k = 0, n_embd_head_k_all = 256
llama_kv_cache: attn_rot_v = 0, n_embd_head_k_all = 256
llama_context: enumerating backends
llama_context: backend_ptrs.size() = 2
sched_reserve: reserving ...
sched_reserve: max_nodes = 5336
sched_reserve: reserving full memory module
sched_reserve: worst-case: n_tokens = 256, n_seqs = 1, n_outputs = 1
resolve_fused_ops: resolving fused DeepSeek V4 HC support:
graph_reserve: reserving a graph for ubatch with n_tokens =    1, n_seqs =  1, n_outputs =    1
resolve_fused_ops: fused DeepSeek V4 HC pre enabled
graph_reserve: reserving a graph for ubatch with n_tokens =    1, n_seqs =  1, n_outputs =    1
resolve_fused_ops: fused DeepSeek V4 HC comb enabled
graph_reserve: reserving a graph for ubatch with n_tokens =    1, n_seqs =  1, n_outputs =    1
resolve_fused_ops: fused DeepSeek V4 HC post enabled
graph_reserve: reserving a graph for ubatch with n_tokens =  256, n_seqs =  1, n_outputs =  256
graph_reserve: reserving a graph for ubatch with n_tokens =    1, n_seqs =  1, n_outputs =    1
graph_reserve: reserving a graph for ubatch with n_tokens =  256, n_seqs =  1, n_outputs =  256
sched_reserve:    Vulkan0 compute buffer size =   284.26 MiB
sched_reserve: Vulkan_Host compute buffer size =    28.27 MiB
sched_reserve: graph nodes  = 2057
sched_reserve: graph splits = 2
sched_reserve: reserve took 21.40 ms, sched copies = 1
llama_model_loader: loaded meta data with 49 key-value pairs and 666 tensors from /var/home/agent/workspace/projects/models/gemma-4-e4b-qat-mtp/gemma-4-E4B_q4_0-it.gguf (version GGUF V3 (latest))
llama_model_loader: Dumping metadata keys/values. Note: KV overrides do not apply in this output.
llama_model_loader: - kv   0:                       general.architecture str              = gemma4
llama_model_loader: - kv   1:                               general.type str              = model
llama_model_loader: - kv   2:                     general.sampling.top_k i32              = 64
llama_model_loader: - kv   3:                     general.sampling.top_p f32              = 0.950000
llama_model_loader: - kv   4:                      general.sampling.temp f32              = 1.000000
llama_model_loader: - kv   5:                               general.name str              = Hf
llama_model_loader: - kv   6:                         general.size_label str              = 7.5B
llama_model_loader: - kv   7:                            general.license str              = apache-2.0
llama_model_loader: - kv   8:                       general.license.link str              = https://ai.google.dev/gemma/docs/gemm...
llama_model_loader: - kv   9:                   general.base_model.count u32              = 1
llama_model_loader: - kv  10:                  general.base_model.0.name str              = Gemma 4 E4B It
llama_model_loader: - kv  11:          general.base_model.0.organization str              = Google
llama_model_loader: - kv  12:              general.base_model.0.repo_url str              = https://huggingface.co/google/gemma-4...
llama_model_loader: - kv  13:                               general.tags arr[str,1]       = ["any-to-any"]
llama_model_loader: - kv  14:                         gemma4.block_count u32              = 42
llama_model_loader: - kv  15:                      gemma4.context_length u32              = 131072
llama_model_loader: - kv  16:                    gemma4.embedding_length u32              = 2560
llama_model_loader: - kv  17:                 gemma4.feed_forward_length u32              = 10240
llama_model_loader: - kv  18:                gemma4.attention.head_count u32              = 8
llama_model_loader: - kv  19:             gemma4.attention.head_count_kv u32              = 2
llama_model_loader: - kv  20:                      gemma4.rope.freq_base f32              = 1000000.000000
llama_model_loader: - kv  21:                  gemma4.rope.freq_base_swa f32              = 10000.000000
llama_model_loader: - kv  22:    gemma4.attention.layer_norm_rms_epsilon f32              = 0.000001
llama_model_loader: - kv  23:                gemma4.attention.key_length u32              = 512
llama_model_loader: - kv  24:              gemma4.attention.value_length u32              = 512
llama_model_loader: - kv  25:             gemma4.final_logit_softcapping f32              = 30.000000
llama_model_loader: - kv  26:            gemma4.attention.sliding_window u32              = 512
llama_model_loader: - kv  27:          gemma4.attention.shared_kv_layers u32              = 18
llama_model_loader: - kv  28:    gemma4.embedding_length_per_layer_input u32              = 256
llama_model_loader: - kv  29:    gemma4.attention.sliding_window_pattern arr[bool,42]     = [true, true, true, true, true, false,...
llama_model_loader: - kv  30:            gemma4.attention.key_length_swa u32              = 256
llama_model_loader: - kv  31:          gemma4.attention.value_length_swa u32              = 256
llama_model_loader: - kv  32:                gemma4.rope.dimension_count u32              = 512
llama_model_loader: - kv  33:            gemma4.rope.dimension_count_swa u32              = 256
llama_model_loader: - kv  34:                       tokenizer.ggml.model str              = gemma4
llama_model_loader: - kv  35:                      tokenizer.ggml.tokens arr[str,262144]  = ["<pad>", "<eos>", "<bos>", "<unk>", ...
llama_model_loader: - kv  36:                      tokenizer.ggml.scores arr[f32,262144]  = [-1000.000000, -1000.000000, -1000.00...
llama_model_loader: - kv  37:                  tokenizer.ggml.token_type arr[i32,262144]  = [3, 3, 3, 3, 3, 1, 1, 1, 1, 1, 1, 1, ...
llama_model_loader: - kv  38:                      tokenizer.ggml.merges arr[str,514906]  = ["\n\n\n\n\n\n\n\n\n\n\n\n\n\n\n\n\n\n\n\n\n\n\n\n\n\n\n\n\n\n \n", ...
llama_model_loader: - kv  39:                tokenizer.ggml.bos_token_id u32              = 2
llama_model_loader: - kv  40:                tokenizer.ggml.eos_token_id u32              = 1
llama_model_loader: - kv  41:            tokenizer.ggml.unknown_token_id u32              = 3
llama_model_loader: - kv  42:            tokenizer.ggml.padding_token_id u32              = 0
llama_model_loader: - kv  43:               tokenizer.ggml.mask_token_id u32              = 4
llama_model_loader: - kv  44:                    tokenizer.chat_template str              = {#\n  Template: Google Gemma 4 Canonic...
llama_model_loader: - kv  45:            tokenizer.ggml.add_space_prefix bool             = false
llama_model_loader: - kv  46:               tokenizer.ggml.add_bos_token bool             = true
llama_model_loader: - kv  47:               general.quantization_version u32              = 2
llama_model_loader: - kv  48:                          general.file_type u32              = 2
llama_model_loader: - type  f32:  321 tensors
llama_model_loader: - type  f16:    1 tensors
llama_model_loader: - type q4_0:  342 tensors
llama_model_loader: - type q6_K:    2 tensors
print_info: file format = GGUF V3 (latest)
print_info: file type   = Q4_0
print_info: file size   = 4.79 GiB (5.51 BPW) 
llama_prepare_model_devices: using device Vulkan0 (Intel(R) Iris(R) Xe Graphics (RPL-P)) (0000:00:02.0) - 17943 MiB free
init_tokenizer: initializing tokenizer for type 2
load: 0 unused tokens
load: control token: 258884 '<|video|>' is not marked as EOG
load: control token: 255999 '<|image>' is not marked as EOG
load: control token: 258882 '<image|>' is not marked as EOG
load: control token: 258883 '<audio|>' is not marked as EOG
load: control token:     98 '<|think|>' is not marked as EOG
load: control token:    105 '<|turn>' is not marked as EOG
load: control token: 258880 '<|image|>' is not marked as EOG
load: control token:      2 '<bos>' is not marked as EOG
load: control-looking token:    212 '</s>' was not control-type; this is probably a bug in the model. its type will be overridden
load: control token:      0 '<pad>' is not marked as EOG
load: control-looking token:     50 '<|tool_response>' was not control-type; this is probably a bug in the model. its type will be overridden
load: control token:     46 '<|tool>' is not marked as EOG
load: control token:     47 '<tool|>' is not marked as EOG
load: control token: 256000 '<|audio>' is not marked as EOG
load: control token:      3 '<unk>' is not marked as EOG
load: control token: 258881 '<|audio|>' is not marked as EOG
load: control token:      4 '<mask>' is not marked as EOG
load: printing all EOG tokens:
load:   - 1 ('<eos>')
load:   - 50 ('<|tool_response>')
load:   - 106 ('<turn|>')
load:   - 212 ('</s>')
load: special_eog_ids contains '<|tool_response>', removing '</s>' token from EOG list
load: special tokens cache size = 24
load: token to piece cache size = 1.9445 MB
print_info: arch                  = gemma4
print_info: vocab_only            = 0
print_info: no_alloc              = 0
print_info: n_ctx_train           = 131072
print_info: n_embd_inp            = 2560
print_info: n_embd                = 2560
print_info: n_embd_out            = 2560
print_info: n_layer               = 42
print_info: n_layer_all           = 42
print_info: n_head                = 8
print_info: n_head_kv             = 2
print_info: n_rot                 = 512
print_info: n_swa                 = 512
print_info: is_swa_any            = 1
print_info: non_causal_type       = 1
print_info: n_embd_head_k         = 512
print_info: n_embd_head_v         = 512
print_info: n_gqa                 = 4
print_info: n_embd_k_gqa          = [512, 512, 512, 512, 512, 1024, 512, 512, 512, 512, 512, 1024, 512, 512, 512, 512, 512, 1024, 512, 512, 512, 512, 512, 1024, 512, 512, 512, 512, 512, 1024, 512, 512, 512, 512, 512, 1024, 512, 512, 512, 512, 512, 1024]
print_info: n_embd_v_gqa          = [512, 512, 512, 512, 512, 1024, 512, 512, 512, 512, 512, 1024, 512, 512, 512, 512, 512, 1024, 512, 512, 512, 512, 512, 1024, 512, 512, 512, 512, 512, 1024, 512, 512, 512, 512, 512, 1024, 512, 512, 512, 512, 512, 1024]
print_info: f_norm_eps            = 0.0e+00
print_info: f_norm_rms_eps        = 1.0e-06
print_info: f_clamp_kqv           = 0.0e+00
print_info: f_max_alibi_bias      = 0.0e+00
print_info: f_logit_scale         = 0.0e+00
print_info: f_attn_scale          = 1.0e+00
print_info: f_attn_value_scale    = 0.0000
print_info: n_ff                  = 10240
print_info: n_expert              = 0
print_info: n_expert_used         = 0
print_info: n_expert_groups       = 0
print_info: n_group_used          = 0
print_info: causal attn           = 1
print_info: pooling type          = -1
print_info: rope type             = 2
print_info: rope scaling          = linear
print_info: freq_base_train       = 1000000.0
print_info: freq_scale_train      = 1
print_info: freq_base_swa         = 10000.0
print_info: freq_scale_swa        = 1
print_info: n_embd_head_k_swa     = 256
print_info: n_embd_head_v_swa     = 256
print_info: n_rot_swa             = 256
print_info: n_ctx_orig_yarn       = 131072
print_info: rope_yarn_log_mul     = 0.0000
print_info: rope_finetuned        = unknown
print_info: model type            = E4B
print_info: model params          = 7.46 B
print_info: general.name          = Hf
print_info: vocab type            = BPE
print_info: n_vocab               = 262144
print_info: n_merges              = 514906
print_info: BOS token             = 2 '<bos>'
print_info: EOS token             = 1 '<eos>'
print_info: UNK token             = 3 '<unk>'
print_info: PAD token             = 0 '<pad>'
print_info: MASK token            = 4 '<mask>'
print_info: LF token              = 107 '
'
print_info: EOG token             = 1 '<eos>'
print_info: EOG token             = 50 '<|tool_response>'
print_info: EOG token             = 106 '<turn|>'
print_info: max token length      = 93
load_tensors: loading model tensors, this can take a while... (load_mode = none)
load_tensors: layer   0 assigned to device CPU, is_swa = 1
load_tensors: layer   1 assigned to device CPU, is_swa = 1
load_tensors: layer   2 assigned to device CPU, is_swa = 1
load_tensors: layer   3 assigned to device CPU, is_swa = 1
load_tensors: layer   4 assigned to device CPU, is_swa = 1
load_tensors: layer   5 assigned to device CPU, is_swa = 0
load_tensors: layer   6 assigned to device CPU, is_swa = 1
load_tensors: layer   7 assigned to device CPU, is_swa = 1
load_tensors: layer   8 assigned to device CPU, is_swa = 1
load_tensors: layer   9 assigned to device CPU, is_swa = 1
load_tensors: layer  10 assigned to device CPU, is_swa = 1
load_tensors: layer  11 assigned to device CPU, is_swa = 0
load_tensors: layer  12 assigned to device CPU, is_swa = 1
load_tensors: layer  13 assigned to device CPU, is_swa = 1
load_tensors: layer  14 assigned to device CPU, is_swa = 1
load_tensors: layer  15 assigned to device CPU, is_swa = 1
load_tensors: layer  16 assigned to device CPU, is_swa = 1
load_tensors: layer  17 assigned to device CPU, is_swa = 0
load_tensors: layer  18 assigned to device CPU, is_swa = 1
load_tensors: layer  19 assigned to device CPU, is_swa = 1
load_tensors: layer  20 assigned to device CPU, is_swa = 1
load_tensors: layer  21 assigned to device CPU, is_swa = 1
load_tensors: layer  22 assigned to device CPU, is_swa = 1
load_tensors: layer  23 assigned to device CPU, is_swa = 0
load_tensors: layer  24 assigned to device CPU, is_swa = 1
load_tensors: layer  25 assigned to device CPU, is_swa = 1
load_tensors: layer  26 assigned to device CPU, is_swa = 1
load_tensors: layer  27 assigned to device CPU, is_swa = 1
load_tensors: layer  28 assigned to device CPU, is_swa = 1
load_tensors: layer  29 assigned to device CPU, is_swa = 0
load_tensors: layer  30 assigned to device CPU, is_swa = 1
load_tensors: layer  31 assigned to device CPU, is_swa = 1
load_tensors: layer  32 assigned to device CPU, is_swa = 1
load_tensors: layer  33 assigned to device CPU, is_swa = 1
load_tensors: layer  34 assigned to device CPU, is_swa = 1
load_tensors: layer  35 assigned to device CPU, is_swa = 0
load_tensors: layer  36 assigned to device CPU, is_swa = 1
load_tensors: layer  37 assigned to device CPU, is_swa = 1
load_tensors: layer  38 assigned to device CPU, is_swa = 1
load_tensors: layer  39 assigned to device CPU, is_swa = 1
load_tensors: layer  40 assigned to device CPU, is_swa = 1
load_tensors: layer  41 assigned to device CPU, is_swa = 0
load_tensors: layer  42 assigned to device CPU, is_swa = 0
create_tensor: loading tensor output.weight
create_tensor: loading tensor token_embd.weight
create_tensor: loading tensor token_embd.weight
create_tensor: loading tensor per_layer_token_embd.weight
create_tensor: loading tensor per_layer_model_proj.weight
create_tensor: loading tensor per_layer_proj_norm.weight
create_tensor: loading tensor output_norm.weight
create_tensor: loading tensor blk.0.attn_norm.weight
create_tensor: loading tensor blk.0.attn_q.weight
create_tensor: loading tensor blk.0.attn_k.weight
create_tensor: loading tensor blk.0.attn_v.weight
create_tensor: loading tensor blk.0.attn_output.weight
create_tensor: loading tensor blk.0.attn_q_norm.weight
create_tensor: loading tensor blk.0.attn_k_norm.weight
create_tensor: loading tensor blk.0.post_attention_norm.weight
create_tensor: loading tensor blk.0.layer_output_scale.weight
create_tensor: loading tensor blk.0.ffn_norm.weight
create_tensor: loading tensor blk.0.ffn_gate.weight
create_tensor: loading tensor blk.0.ffn_up.weight
create_tensor: loading tensor blk.0.ffn_down.weight
create_tensor: loading tensor blk.0.post_ffw_norm.weight
create_tensor: loading tensor blk.0.ffn_gate_inp.weight
create_tensor: loading tensor blk.0.inp_gate.weight
create_tensor: loading tensor blk.0.proj.weight
create_tensor: loading tensor blk.0.post_norm.weight
create_tensor: loading tensor blk.1.attn_norm.weight
create_tensor: loading tensor blk.1.attn_q.weight
create_tensor: loading tensor blk.1.attn_k.weight
create_tensor: loading tensor blk.1.attn_v.weight
create_tensor: loading tensor blk.1.attn_output.weight
create_tensor: loading tensor blk.1.attn_q_norm.weight
create_tensor: loading tensor blk.1.attn_k_norm.weight
create_tensor: loading tensor blk.1.post_attention_norm.weight
create_tensor: loading tensor blk.1.layer_output_scale.weight
create_tensor: loading tensor blk.1.ffn_norm.weight
create_tensor: loading tensor blk.1.ffn_gate.weight
create_tensor: loading tensor blk.1.ffn_up.weight
create_tensor: loading tensor blk.1.ffn_down.weight
create_tensor: loading tensor blk.1.post_ffw_norm.weight
create_tensor: loading tensor blk.1.ffn_gate_inp.weight
create_tensor: loading tensor blk.1.inp_gate.weight
create_tensor: loading tensor blk.1.proj.weight
create_tensor: loading tensor blk.1.post_norm.weight
create_tensor: loading tensor blk.2.attn_norm.weight
create_tensor: loading tensor blk.2.attn_q.weight
create_tensor: loading tensor blk.2.attn_k.weight
create_tensor: loading tensor blk.2.attn_v.weight
create_tensor: loading tensor blk.2.attn_output.weight
create_tensor: loading tensor blk.2.attn_q_norm.weight
create_tensor: loading tensor blk.2.attn_k_norm.weight
create_tensor: loading tensor blk.2.post_attention_norm.weight
create_tensor: loading tensor blk.2.layer_output_scale.weight
create_tensor: loading tensor blk.2.ffn_norm.weight
create_tensor: loading tensor blk.2.ffn_gate.weight
create_tensor: loading tensor blk.2.ffn_up.weight
create_tensor: loading tensor blk.2.ffn_down.weight
create_tensor: loading tensor blk.2.post_ffw_norm.weight
create_tensor: loading tensor blk.2.ffn_gate_inp.weight
create_tensor: loading tensor blk.2.inp_gate.weight
create_tensor: loading tensor blk.2.proj.weight
create_tensor: loading tensor blk.2.post_norm.weight
create_tensor: loading tensor blk.3.attn_norm.weight
create_tensor: loading tensor blk.3.attn_q.weight
create_tensor: loading tensor blk.3.attn_k.weight
create_tensor: loading tensor blk.3.attn_v.weight
create_tensor: loading tensor blk.3.attn_output.weight
create_tensor: loading tensor blk.3.attn_q_norm.weight
create_tensor: loading tensor blk.3.attn_k_norm.weight
create_tensor: loading tensor blk.3.post_attention_norm.weight
create_tensor: loading tensor blk.3.layer_output_scale.weight
create_tensor: loading tensor blk.3.ffn_norm.weight
create_tensor: loading tensor blk.3.ffn_gate.weight
create_tensor: loading tensor blk.3.ffn_up.weight
create_tensor: loading tensor blk.3.ffn_down.weight
create_tensor: loading tensor blk.3.post_ffw_norm.weight
create_tensor: loading tensor blk.3.ffn_gate_inp.weight
create_tensor: loading tensor blk.3.inp_gate.weight
create_tensor: loading tensor blk.3.proj.weight
create_tensor: loading tensor blk.3.post_norm.weight
create_tensor: loading tensor blk.4.attn_norm.weight
create_tensor: loading tensor blk.4.attn_q.weight
create_tensor: loading tensor blk.4.attn_k.weight
create_tensor: loading tensor blk.4.attn_v.weight
create_tensor: loading tensor blk.4.attn_output.weight
create_tensor: loading tensor blk.4.attn_q_norm.weight
create_tensor: loading tensor blk.4.attn_k_norm.weight
create_tensor: loading tensor blk.4.post_attention_norm.weight
create_tensor: loading tensor blk.4.layer_output_scale.weight
create_tensor: loading tensor blk.4.ffn_norm.weight
create_tensor: loading tensor blk.4.ffn_gate.weight
create_tensor: loading tensor blk.4.ffn_up.weight
create_tensor: loading tensor blk.4.ffn_down.weight
create_tensor: loading tensor blk.4.post_ffw_norm.weight
create_tensor: loading tensor blk.4.ffn_gate_inp.weight
create_tensor: loading tensor blk.4.inp_gate.weight
create_tensor: loading tensor blk.4.proj.weight
create_tensor: loading tensor blk.4.post_norm.weight
create_tensor: loading tensor blk.5.attn_norm.weight
create_tensor: loading tensor blk.5.attn_q.weight
create_tensor: loading tensor blk.5.attn_k.weight
create_tensor: loading tensor blk.5.attn_v.weight
create_tensor: loading tensor blk.5.attn_output.weight
create_tensor: loading tensor blk.5.attn_q_norm.weight
create_tensor: loading tensor blk.5.attn_k_norm.weight
create_tensor: loading tensor blk.5.post_attention_norm.weight
create_tensor: loading tensor blk.5.layer_output_scale.weight
create_tensor: loading tensor rope_freqs.weight
create_tensor: loading tensor blk.5.ffn_norm.weight
create_tensor: loading tensor blk.5.ffn_gate.weight
create_tensor: loading tensor blk.5.ffn_up.weight
create_tensor: loading tensor blk.5.ffn_down.weight
create_tensor: loading tensor blk.5.post_ffw_norm.weight
create_tensor: loading tensor blk.5.ffn_gate_inp.weight
create_tensor: loading tensor blk.5.inp_gate.weight
create_tensor: loading tensor blk.5.proj.weight
create_tensor: loading tensor blk.5.post_norm.weight
create_tensor: loading tensor blk.6.attn_norm.weight
create_tensor: loading tensor blk.6.attn_q.weight
create_tensor: loading tensor blk.6.attn_k.weight
create_tensor: loading tensor blk.6.attn_v.weight
create_tensor: loading tensor blk.6.attn_output.weight
create_tensor: loading tensor blk.6.attn_q_norm.weight
create_tensor: loading tensor blk.6.attn_k_norm.weight
create_tensor: loading tensor blk.6.post_attention_norm.weight
create_tensor: loading tensor blk.6.layer_output_scale.weight
create_tensor: loading tensor blk.6.ffn_norm.weight
create_tensor: loading tensor blk.6.ffn_gate.weight
create_tensor: loading tensor blk.6.ffn_up.weight
create_tensor: loading tensor blk.6.ffn_down.weight
create_tensor: loading tensor blk.6.post_ffw_norm.weight
create_tensor: loading tensor blk.6.ffn_gate_inp.weight
create_tensor: loading tensor blk.6.inp_gate.weight
create_tensor: loading tensor blk.6.proj.weight
create_tensor: loading tensor blk.6.post_norm.weight
create_tensor: loading tensor blk.7.attn_norm.weight
create_tensor: loading tensor blk.7.attn_q.weight
create_tensor: loading tensor blk.7.attn_k.weight
create_tensor: loading tensor blk.7.attn_v.weight
create_tensor: loading tensor blk.7.attn_output.weight
create_tensor: loading tensor blk.7.attn_q_norm.weight
create_tensor: loading tensor blk.7.attn_k_norm.weight
create_tensor: loading tensor blk.7.post_attention_norm.weight
create_tensor: loading tensor blk.7.layer_output_scale.weight
create_tensor: loading tensor blk.7.ffn_norm.weight
create_tensor: loading tensor blk.7.ffn_gate.weight
create_tensor: loading tensor blk.7.ffn_up.weight
create_tensor: loading tensor blk.7.ffn_down.weight
create_tensor: loading tensor blk.7.post_ffw_norm.weight
create_tensor: loading tensor blk.7.ffn_gate_inp.weight
create_tensor: loading tensor blk.7.inp_gate.weight
create_tensor: loading tensor blk.7.proj.weight
create_tensor: loading tensor blk.7.post_norm.weight
create_tensor: loading tensor blk.8.attn_norm.weight
create_tensor: loading tensor blk.8.attn_q.weight
create_tensor: loading tensor blk.8.attn_k.weight
create_tensor: loading tensor blk.8.attn_v.weight
create_tensor: loading tensor blk.8.attn_output.weight
create_tensor: loading tensor blk.8.attn_q_norm.weight
create_tensor: loading tensor blk.8.attn_k_norm.weight
create_tensor: loading tensor blk.8.post_attention_norm.weight
create_tensor: loading tensor blk.8.layer_output_scale.weight
create_tensor: loading tensor blk.8.ffn_norm.weight
create_tensor: loading tensor blk.8.ffn_gate.weight
create_tensor: loading tensor blk.8.ffn_up.weight
create_tensor: loading tensor blk.8.ffn_down.weight
create_tensor: loading tensor blk.8.post_ffw_norm.weight
create_tensor: loading tensor blk.8.ffn_gate_inp.weight
create_tensor: loading tensor blk.8.inp_gate.weight
create_tensor: loading tensor blk.8.proj.weight
create_tensor: loading tensor blk.8.post_norm.weight
create_tensor: loading tensor blk.9.attn_norm.weight
create_tensor: loading tensor blk.9.attn_q.weight
create_tensor: loading tensor blk.9.attn_k.weight
create_tensor: loading tensor blk.9.attn_v.weight
create_tensor: loading tensor blk.9.attn_output.weight
create_tensor: loading tensor blk.9.attn_q_norm.weight
create_tensor: loading tensor blk.9.attn_k_norm.weight
create_tensor: loading tensor blk.9.post_attention_norm.weight
create_tensor: loading tensor blk.9.layer_output_scale.weight
create_tensor: loading tensor blk.9.ffn_norm.weight
create_tensor: loading tensor blk.9.ffn_gate.weight
create_tensor: loading tensor blk.9.ffn_up.weight
create_tensor: loading tensor blk.9.ffn_down.weight
create_tensor: loading tensor blk.9.post_ffw_norm.weight
create_tensor: loading tensor blk.9.ffn_gate_inp.weight
create_tensor: loading tensor blk.9.inp_gate.weight
create_tensor: loading tensor blk.9.proj.weight
create_tensor: loading tensor blk.9.post_norm.weight
create_tensor: loading tensor blk.10.attn_norm.weight
create_tensor: loading tensor blk.10.attn_q.weight
create_tensor: loading tensor blk.10.attn_k.weight
create_tensor: loading tensor blk.10.attn_v.weight
create_tensor: loading tensor blk.10.attn_output.weight
create_tensor: loading tensor blk.10.attn_q_norm.weight
create_tensor: loading tensor blk.10.attn_k_norm.weight
create_tensor: loading tensor blk.10.post_attention_norm.weight
create_tensor: loading tensor blk.10.layer_output_scale.weight
create_tensor: loading tensor blk.10.ffn_norm.weight
create_tensor: loading tensor blk.10.ffn_gate.weight
create_tensor: loading tensor blk.10.ffn_up.weight
create_tensor: loading tensor blk.10.ffn_down.weight
create_tensor: loading tensor blk.10.post_ffw_norm.weight
create_tensor: loading tensor blk.10.ffn_gate_inp.weight
create_tensor: loading tensor blk.10.inp_gate.weight
create_tensor: loading tensor blk.10.proj.weight
create_tensor: loading tensor blk.10.post_norm.weight
create_tensor: loading tensor blk.11.attn_norm.weight
create_tensor: loading tensor blk.11.attn_q.weight
create_tensor: loading tensor blk.11.attn_k.weight
create_tensor: loading tensor blk.11.attn_v.weight
create_tensor: loading tensor blk.11.attn_output.weight
create_tensor: loading tensor blk.11.attn_q_norm.weight
create_tensor: loading tensor blk.11.attn_k_norm.weight
create_tensor: loading tensor blk.11.post_attention_norm.weight
create_tensor: loading tensor blk.11.layer_output_scale.weight
create_tensor: loading tensor rope_freqs.weight
create_tensor: loading tensor blk.11.ffn_norm.weight
create_tensor: loading tensor blk.11.ffn_gate.weight
create_tensor: loading tensor blk.11.ffn_up.weight
create_tensor: loading tensor blk.11.ffn_down.weight
create_tensor: loading tensor blk.11.post_ffw_norm.weight
create_tensor: loading tensor blk.11.ffn_gate_inp.weight
create_tensor: loading tensor blk.11.inp_gate.weight
create_tensor: loading tensor blk.11.proj.weight
create_tensor: loading tensor blk.11.post_norm.weight
create_tensor: loading tensor blk.12.attn_norm.weight
create_tensor: loading tensor blk.12.attn_q.weight
create_tensor: loading tensor blk.12.attn_k.weight
create_tensor: loading tensor blk.12.attn_v.weight
create_tensor: loading tensor blk.12.attn_output.weight
create_tensor: loading tensor blk.12.attn_q_norm.weight
create_tensor: loading tensor blk.12.attn_k_norm.weight
create_tensor: loading tensor blk.12.post_attention_norm.weight
create_tensor: loading tensor blk.12.layer_output_scale.weight
create_tensor: loading tensor blk.12.ffn_norm.weight
create_tensor: loading tensor blk.12.ffn_gate.weight
create_tensor: loading tensor blk.12.ffn_up.weight
create_tensor: loading tensor blk.12.ffn_down.weight
create_tensor: loading tensor blk.12.post_ffw_norm.weight
create_tensor: loading tensor blk.12.ffn_gate_inp.weight
create_tensor: loading tensor blk.12.inp_gate.weight
create_tensor: loading tensor blk.12.proj.weight
create_tensor: loading tensor blk.12.post_norm.weight
create_tensor: loading tensor blk.13.attn_norm.weight
create_tensor: loading tensor blk.13.attn_q.weight
create_tensor: loading tensor blk.13.attn_k.weight
create_tensor: loading tensor blk.13.attn_v.weight
create_tensor: loading tensor blk.13.attn_output.weight
create_tensor: loading tensor blk.13.attn_q_norm.weight
create_tensor: loading tensor blk.13.attn_k_norm.weight
create_tensor: loading tensor blk.13.post_attention_norm.weight
create_tensor: loading tensor blk.13.layer_output_scale.weight
create_tensor: loading tensor blk.13.ffn_norm.weight
create_tensor: loading tensor blk.13.ffn_gate.weight
create_tensor: loading tensor blk.13.ffn_up.weight
create_tensor: loading tensor blk.13.ffn_down.weight
create_tensor: loading tensor blk.13.post_ffw_norm.weight
create_tensor: loading tensor blk.13.ffn_gate_inp.weight
create_tensor: loading tensor blk.13.inp_gate.weight
create_tensor: loading tensor blk.13.proj.weight
create_tensor: loading tensor blk.13.post_norm.weight
create_tensor: loading tensor blk.14.attn_norm.weight
create_tensor: loading tensor blk.14.attn_q.weight
create_tensor: loading tensor blk.14.attn_k.weight
create_tensor: loading tensor blk.14.attn_v.weight
create_tensor: loading tensor blk.14.attn_output.weight
create_tensor: loading tensor blk.14.attn_q_norm.weight
create_tensor: loading tensor blk.14.attn_k_norm.weight
create_tensor: loading tensor blk.14.post_attention_norm.weight
create_tensor: loading tensor blk.14.layer_output_scale.weight
create_tensor: loading tensor blk.14.ffn_norm.weight
create_tensor: loading tensor blk.14.ffn_gate.weight
create_tensor: loading tensor blk.14.ffn_up.weight
create_tensor: loading tensor blk.14.ffn_down.weight
create_tensor: loading tensor blk.14.post_ffw_norm.weight
create_tensor: loading tensor blk.14.ffn_gate_inp.weight
create_tensor: loading tensor blk.14.inp_gate.weight
create_tensor: loading tensor blk.14.proj.weight
create_tensor: loading tensor blk.14.post_norm.weight
create_tensor: loading tensor blk.15.attn_norm.weight
create_tensor: loading tensor blk.15.attn_q.weight
create_tensor: loading tensor blk.15.attn_k.weight
create_tensor: loading tensor blk.15.attn_v.weight
create_tensor: loading tensor blk.15.attn_output.weight
create_tensor: loading tensor blk.15.attn_q_norm.weight
create_tensor: loading tensor blk.15.attn_k_norm.weight
create_tensor: loading tensor blk.15.post_attention_norm.weight
create_tensor: loading tensor blk.15.layer_output_scale.weight
create_tensor: loading tensor blk.15.ffn_norm.weight
create_tensor: loading tensor blk.15.ffn_gate.weight
create_tensor: loading tensor blk.15.ffn_up.weight
create_tensor: loading tensor blk.15.ffn_down.weight
create_tensor: loading tensor blk.15.post_ffw_norm.weight
create_tensor: loading tensor blk.15.ffn_gate_inp.weight
create_tensor: loading tensor blk.15.inp_gate.weight
create_tensor: loading tensor blk.15.proj.weight
create_tensor: loading tensor blk.15.post_norm.weight
create_tensor: loading tensor blk.16.attn_norm.weight
create_tensor: loading tensor blk.16.attn_q.weight
create_tensor: loading tensor blk.16.attn_k.weight
create_tensor: loading tensor blk.16.attn_v.weight
create_tensor: loading tensor blk.16.attn_output.weight
create_tensor: loading tensor blk.16.attn_q_norm.weight
create_tensor: loading tensor blk.16.attn_k_norm.weight
create_tensor: loading tensor blk.16.post_attention_norm.weight
create_tensor: loading tensor blk.16.layer_output_scale.weight
create_tensor: loading tensor blk.16.ffn_norm.weight
create_tensor: loading tensor blk.16.ffn_gate.weight
create_tensor: loading tensor blk.16.ffn_up.weight
create_tensor: loading tensor blk.16.ffn_down.weight
create_tensor: loading tensor blk.16.post_ffw_norm.weight
create_tensor: loading tensor blk.16.ffn_gate_inp.weight
create_tensor: loading tensor blk.16.inp_gate.weight
create_tensor: loading tensor blk.16.proj.weight
create_tensor: loading tensor blk.16.post_norm.weight
create_tensor: loading tensor blk.17.attn_norm.weight
create_tensor: loading tensor blk.17.attn_q.weight
create_tensor: loading tensor blk.17.attn_k.weight
create_tensor: loading tensor blk.17.attn_v.weight
create_tensor: loading tensor blk.17.attn_output.weight
create_tensor: loading tensor blk.17.attn_q_norm.weight
create_tensor: loading tensor blk.17.attn_k_norm.weight
create_tensor: loading tensor blk.17.post_attention_norm.weight
create_tensor: loading tensor blk.17.layer_output_scale.weight
create_tensor: loading tensor rope_freqs.weight
create_tensor: loading tensor blk.17.ffn_norm.weight
create_tensor: loading tensor blk.17.ffn_gate.weight
create_tensor: loading tensor blk.17.ffn_up.weight
create_tensor: loading tensor blk.17.ffn_down.weight
create_tensor: loading tensor blk.17.post_ffw_norm.weight
create_tensor: loading tensor blk.17.ffn_gate_inp.weight
create_tensor: loading tensor blk.17.inp_gate.weight
create_tensor: loading tensor blk.17.proj.weight
create_tensor: loading tensor blk.17.post_norm.weight
create_tensor: loading tensor blk.18.attn_norm.weight
create_tensor: loading tensor blk.18.attn_q.weight
create_tensor: loading tensor blk.18.attn_k.weight
create_tensor: loading tensor blk.18.attn_v.weight
create_tensor: loading tensor blk.18.attn_output.weight
create_tensor: loading tensor blk.18.attn_q_norm.weight
create_tensor: loading tensor blk.18.attn_k_norm.weight
create_tensor: loading tensor blk.18.post_attention_norm.weight
create_tensor: loading tensor blk.18.layer_output_scale.weight
create_tensor: loading tensor blk.18.ffn_norm.weight
create_tensor: loading tensor blk.18.ffn_gate.weight
create_tensor: loading tensor blk.18.ffn_up.weight
create_tensor: loading tensor blk.18.ffn_down.weight
create_tensor: loading tensor blk.18.post_ffw_norm.weight
create_tensor: loading tensor blk.18.ffn_gate_inp.weight
create_tensor: loading tensor blk.18.inp_gate.weight
create_tensor: loading tensor blk.18.proj.weight
create_tensor: loading tensor blk.18.post_norm.weight
create_tensor: loading tensor blk.19.attn_norm.weight
create_tensor: loading tensor blk.19.attn_q.weight
create_tensor: loading tensor blk.19.attn_k.weight
create_tensor: loading tensor blk.19.attn_v.weight
create_tensor: loading tensor blk.19.attn_output.weight
create_tensor: loading tensor blk.19.attn_q_norm.weight
create_tensor: loading tensor blk.19.attn_k_norm.weight
create_tensor: loading tensor blk.19.post_attention_norm.weight
create_tensor: loading tensor blk.19.layer_output_scale.weight
create_tensor: loading tensor blk.19.ffn_norm.weight
create_tensor: loading tensor blk.19.ffn_gate.weight
create_tensor: loading tensor blk.19.ffn_up.weight
create_tensor: loading tensor blk.19.ffn_down.weight
create_tensor: loading tensor blk.19.post_ffw_norm.weight
create_tensor: loading tensor blk.19.ffn_gate_inp.weight
create_tensor: loading tensor blk.19.inp_gate.weight
create_tensor: loading tensor blk.19.proj.weight
create_tensor: loading tensor blk.19.post_norm.weight
create_tensor: loading tensor blk.20.attn_norm.weight
create_tensor: loading tensor blk.20.attn_q.weight
create_tensor: loading tensor blk.20.attn_k.weight
create_tensor: loading tensor blk.20.attn_v.weight
create_tensor: loading tensor blk.20.attn_output.weight
create_tensor: loading tensor blk.20.attn_q_norm.weight
create_tensor: loading tensor blk.20.attn_k_norm.weight
create_tensor: loading tensor blk.20.post_attention_norm.weight
create_tensor: loading tensor blk.20.layer_output_scale.weight
create_tensor: loading tensor blk.20.ffn_norm.weight
create_tensor: loading tensor blk.20.ffn_gate.weight
create_tensor: loading tensor blk.20.ffn_up.weight
create_tensor: loading tensor blk.20.ffn_down.weight
create_tensor: loading tensor blk.20.post_ffw_norm.weight
create_tensor: loading tensor blk.20.ffn_gate_inp.weight
create_tensor: loading tensor blk.20.inp_gate.weight
create_tensor: loading tensor blk.20.proj.weight
create_tensor: loading tensor blk.20.post_norm.weight
create_tensor: loading tensor blk.21.attn_norm.weight
create_tensor: loading tensor blk.21.attn_q.weight
create_tensor: loading tensor blk.21.attn_k.weight
create_tensor: loading tensor blk.21.attn_v.weight
create_tensor: loading tensor blk.21.attn_output.weight
create_tensor: loading tensor blk.21.attn_q_norm.weight
create_tensor: loading tensor blk.21.attn_k_norm.weight
create_tensor: loading tensor blk.21.post_attention_norm.weight
create_tensor: loading tensor blk.21.layer_output_scale.weight
create_tensor: loading tensor blk.21.ffn_norm.weight
create_tensor: loading tensor blk.21.ffn_gate.weight
create_tensor: loading tensor blk.21.ffn_up.weight
create_tensor: loading tensor blk.21.ffn_down.weight
create_tensor: loading tensor blk.21.post_ffw_norm.weight
create_tensor: loading tensor blk.21.ffn_gate_inp.weight
create_tensor: loading tensor blk.21.inp_gate.weight
create_tensor: loading tensor blk.21.proj.weight
create_tensor: loading tensor blk.21.post_norm.weight
create_tensor: loading tensor blk.22.attn_norm.weight
create_tensor: loading tensor blk.22.attn_q.weight
create_tensor: loading tensor blk.22.attn_k.weight
create_tensor: loading tensor blk.22.attn_v.weight
create_tensor: loading tensor blk.22.attn_output.weight
create_tensor: loading tensor blk.22.attn_q_norm.weight
create_tensor: loading tensor blk.22.attn_k_norm.weight
create_tensor: loading tensor blk.22.post_attention_norm.weight
create_tensor: loading tensor blk.22.layer_output_scale.weight
create_tensor: loading tensor blk.22.ffn_norm.weight
create_tensor: loading tensor blk.22.ffn_gate.weight
create_tensor: loading tensor blk.22.ffn_up.weight
create_tensor: loading tensor blk.22.ffn_down.weight
create_tensor: loading tensor blk.22.post_ffw_norm.weight
create_tensor: loading tensor blk.22.ffn_gate_inp.weight
create_tensor: loading tensor blk.22.inp_gate.weight
create_tensor: loading tensor blk.22.proj.weight
create_tensor: loading tensor blk.22.post_norm.weight
create_tensor: loading tensor blk.23.attn_norm.weight
create_tensor: loading tensor blk.23.attn_q.weight
create_tensor: loading tensor blk.23.attn_k.weight
create_tensor: loading tensor blk.23.attn_v.weight
create_tensor: loading tensor blk.23.attn_output.weight
create_tensor: loading tensor blk.23.attn_q_norm.weight
create_tensor: loading tensor blk.23.attn_k_norm.weight
create_tensor: loading tensor blk.23.post_attention_norm.weight
create_tensor: loading tensor blk.23.layer_output_scale.weight
create_tensor: loading tensor rope_freqs.weight
create_tensor: loading tensor blk.23.ffn_norm.weight
create_tensor: loading tensor blk.23.ffn_gate.weight
create_tensor: loading tensor blk.23.ffn_up.weight
create_tensor: loading tensor blk.23.ffn_down.weight
create_tensor: loading tensor blk.23.post_ffw_norm.weight
create_tensor: loading tensor blk.23.ffn_gate_inp.weight
create_tensor: loading tensor blk.23.inp_gate.weight
create_tensor: loading tensor blk.23.proj.weight
create_tensor: loading tensor blk.23.post_norm.weight
create_tensor: loading tensor blk.24.attn_norm.weight
create_tensor: loading tensor blk.24.attn_q.weight
create_tensor: loading tensor blk.24.attn_k.weight
create_tensor: loading tensor blk.24.attn_v.weight
create_tensor: loading tensor blk.24.attn_output.weight
create_tensor: loading tensor blk.24.attn_q_norm.weight
create_tensor: loading tensor blk.24.attn_k_norm.weight
create_tensor: loading tensor blk.24.post_attention_norm.weight
create_tensor: loading tensor blk.24.layer_output_scale.weight
create_tensor: loading tensor blk.24.ffn_norm.weight
create_tensor: loading tensor blk.24.ffn_gate.weight
create_tensor: loading tensor blk.24.ffn_up.weight
create_tensor: loading tensor blk.24.ffn_down.weight
create_tensor: loading tensor blk.24.post_ffw_norm.weight
create_tensor: loading tensor blk.24.ffn_gate_inp.weight
create_tensor: loading tensor blk.24.inp_gate.weight
create_tensor: loading tensor blk.24.proj.weight
create_tensor: loading tensor blk.24.post_norm.weight
create_tensor: loading tensor blk.25.attn_norm.weight
create_tensor: loading tensor blk.25.attn_q.weight
create_tensor: loading tensor blk.25.attn_k.weight
create_tensor: loading tensor blk.25.attn_v.weight
create_tensor: loading tensor blk.25.attn_output.weight
create_tensor: loading tensor blk.25.attn_q_norm.weight
create_tensor: loading tensor blk.25.attn_k_norm.weight
create_tensor: loading tensor blk.25.post_attention_norm.weight
create_tensor: loading tensor blk.25.layer_output_scale.weight
create_tensor: loading tensor blk.25.ffn_norm.weight
create_tensor: loading tensor blk.25.ffn_gate.weight
create_tensor: loading tensor blk.25.ffn_up.weight
create_tensor: loading tensor blk.25.ffn_down.weight
create_tensor: loading tensor blk.25.post_ffw_norm.weight
create_tensor: loading tensor blk.25.ffn_gate_inp.weight
create_tensor: loading tensor blk.25.inp_gate.weight
create_tensor: loading tensor blk.25.proj.weight
create_tensor: loading tensor blk.25.post_norm.weight
create_tensor: loading tensor blk.26.attn_norm.weight
create_tensor: loading tensor blk.26.attn_q.weight
create_tensor: loading tensor blk.26.attn_k.weight
create_tensor: loading tensor blk.26.attn_v.weight
create_tensor: loading tensor blk.26.attn_output.weight
create_tensor: loading tensor blk.26.attn_q_norm.weight
create_tensor: loading tensor blk.26.attn_k_norm.weight
create_tensor: loading tensor blk.26.post_attention_norm.weight
create_tensor: loading tensor blk.26.layer_output_scale.weight
create_tensor: loading tensor blk.26.ffn_norm.weight
create_tensor: loading tensor blk.26.ffn_gate.weight
create_tensor: loading tensor blk.26.ffn_up.weight
create_tensor: loading tensor blk.26.ffn_down.weight
create_tensor: loading tensor blk.26.post_ffw_norm.weight
create_tensor: loading tensor blk.26.ffn_gate_inp.weight
create_tensor: loading tensor blk.26.inp_gate.weight
create_tensor: loading tensor blk.26.proj.weight
create_tensor: loading tensor blk.26.post_norm.weight
create_tensor: loading tensor blk.27.attn_norm.weight
create_tensor: loading tensor blk.27.attn_q.weight
create_tensor: loading tensor blk.27.attn_k.weight
create_tensor: loading tensor blk.27.attn_v.weight
create_tensor: loading tensor blk.27.attn_output.weight
create_tensor: loading tensor blk.27.attn_q_norm.weight
create_tensor: loading tensor blk.27.attn_k_norm.weight
create_tensor: loading tensor blk.27.post_attention_norm.weight
create_tensor: loading tensor blk.27.layer_output_scale.weight
create_tensor: loading tensor blk.27.ffn_norm.weight
create_tensor: loading tensor blk.27.ffn_gate.weight
create_tensor: loading tensor blk.27.ffn_up.weight
create_tensor: loading tensor blk.27.ffn_down.weight
create_tensor: loading tensor blk.27.post_ffw_norm.weight
create_tensor: loading tensor blk.27.ffn_gate_inp.weight
create_tensor: loading tensor blk.27.inp_gate.weight
create_tensor: loading tensor blk.27.proj.weight
create_tensor: loading tensor blk.27.post_norm.weight
create_tensor: loading tensor blk.28.attn_norm.weight
create_tensor: loading tensor blk.28.attn_q.weight
create_tensor: loading tensor blk.28.attn_k.weight
create_tensor: loading tensor blk.28.attn_v.weight
create_tensor: loading tensor blk.28.attn_output.weight
create_tensor: loading tensor blk.28.attn_q_norm.weight
create_tensor: loading tensor blk.28.attn_k_norm.weight
create_tensor: loading tensor blk.28.post_attention_norm.weight
create_tensor: loading tensor blk.28.layer_output_scale.weight
create_tensor: loading tensor blk.28.ffn_norm.weight
create_tensor: loading tensor blk.28.ffn_gate.weight
create_tensor: loading tensor blk.28.ffn_up.weight
create_tensor: loading tensor blk.28.ffn_down.weight
create_tensor: loading tensor blk.28.post_ffw_norm.weight
create_tensor: loading tensor blk.28.ffn_gate_inp.weight
create_tensor: loading tensor blk.28.inp_gate.weight
create_tensor: loading tensor blk.28.proj.weight
create_tensor: loading tensor blk.28.post_norm.weight
create_tensor: loading tensor blk.29.attn_norm.weight
create_tensor: loading tensor blk.29.attn_q.weight
create_tensor: loading tensor blk.29.attn_k.weight
create_tensor: loading tensor blk.29.attn_v.weight
create_tensor: loading tensor blk.29.attn_output.weight
create_tensor: loading tensor blk.29.attn_q_norm.weight
create_tensor: loading tensor blk.29.attn_k_norm.weight
create_tensor: loading tensor blk.29.post_attention_norm.weight
create_tensor: loading tensor blk.29.layer_output_scale.weight
create_tensor: loading tensor rope_freqs.weight
create_tensor: loading tensor blk.29.ffn_norm.weight
create_tensor: loading tensor blk.29.ffn_gate.weight
create_tensor: loading tensor blk.29.ffn_up.weight
create_tensor: loading tensor blk.29.ffn_down.weight
create_tensor: loading tensor blk.29.post_ffw_norm.weight
create_tensor: loading tensor blk.29.ffn_gate_inp.weight
create_tensor: loading tensor blk.29.inp_gate.weight
create_tensor: loading tensor blk.29.proj.weight
create_tensor: loading tensor blk.29.post_norm.weight
create_tensor: loading tensor blk.30.attn_norm.weight
create_tensor: loading tensor blk.30.attn_q.weight
create_tensor: loading tensor blk.30.attn_k.weight
create_tensor: loading tensor blk.30.attn_v.weight
create_tensor: loading tensor blk.30.attn_output.weight
create_tensor: loading tensor blk.30.attn_q_norm.weight
create_tensor: loading tensor blk.30.attn_k_norm.weight
create_tensor: loading tensor blk.30.post_attention_norm.weight
create_tensor: loading tensor blk.30.layer_output_scale.weight
create_tensor: loading tensor blk.30.ffn_norm.weight
create_tensor: loading tensor blk.30.ffn_gate.weight
create_tensor: loading tensor blk.30.ffn_up.weight
create_tensor: loading tensor blk.30.ffn_down.weight
create_tensor: loading tensor blk.30.post_ffw_norm.weight
create_tensor: loading tensor blk.30.ffn_gate_inp.weight
create_tensor: loading tensor blk.30.inp_gate.weight
create_tensor: loading tensor blk.30.proj.weight
create_tensor: loading tensor blk.30.post_norm.weight
create_tensor: loading tensor blk.31.attn_norm.weight
create_tensor: loading tensor blk.31.attn_q.weight
create_tensor: loading tensor blk.31.attn_k.weight
create_tensor: loading tensor blk.31.attn_v.weight
create_tensor: loading tensor blk.31.attn_output.weight
create_tensor: loading tensor blk.31.attn_q_norm.weight
create_tensor: loading tensor blk.31.attn_k_norm.weight
create_tensor: loading tensor blk.31.post_attention_norm.weight
create_tensor: loading tensor blk.31.layer_output_scale.weight
create_tensor: loading tensor blk.31.ffn_norm.weight
create_tensor: loading tensor blk.31.ffn_gate.weight
create_tensor: loading tensor blk.31.ffn_up.weight
create_tensor: loading tensor blk.31.ffn_down.weight
create_tensor: loading tensor blk.31.post_ffw_norm.weight
create_tensor: loading tensor blk.31.ffn_gate_inp.weight
create_tensor: loading tensor blk.31.inp_gate.weight
create_tensor: loading tensor blk.31.proj.weight
create_tensor: loading tensor blk.31.post_norm.weight
create_tensor: loading tensor blk.32.attn_norm.weight
create_tensor: loading tensor blk.32.attn_q.weight
create_tensor: loading tensor blk.32.attn_k.weight
create_tensor: loading tensor blk.32.attn_v.weight
create_tensor: loading tensor blk.32.attn_output.weight
create_tensor: loading tensor blk.32.attn_q_norm.weight
create_tensor: loading tensor blk.32.attn_k_norm.weight
create_tensor: loading tensor blk.32.post_attention_norm.weight
create_tensor: loading tensor blk.32.layer_output_scale.weight
create_tensor: loading tensor blk.32.ffn_norm.weight
create_tensor: loading tensor blk.32.ffn_gate.weight
create_tensor: loading tensor blk.32.ffn_up.weight
create_tensor: loading tensor blk.32.ffn_down.weight
create_tensor: loading tensor blk.32.post_ffw_norm.weight
create_tensor: loading tensor blk.32.ffn_gate_inp.weight
create_tensor: loading tensor blk.32.inp_gate.weight
create_tensor: loading tensor blk.32.proj.weight
create_tensor: loading tensor blk.32.post_norm.weight
create_tensor: loading tensor blk.33.attn_norm.weight
create_tensor: loading tensor blk.33.attn_q.weight
create_tensor: loading tensor blk.33.attn_k.weight
create_tensor: loading tensor blk.33.attn_v.weight
create_tensor: loading tensor blk.33.attn_output.weight
create_tensor: loading tensor blk.33.attn_q_norm.weight
create_tensor: loading tensor blk.33.attn_k_norm.weight
create_tensor: loading tensor blk.33.post_attention_norm.weight
create_tensor: loading tensor blk.33.layer_output_scale.weight
create_tensor: loading tensor blk.33.ffn_norm.weight
create_tensor: loading tensor blk.33.ffn_gate.weight
create_tensor: loading tensor blk.33.ffn_up.weight
create_tensor: loading tensor blk.33.ffn_down.weight
create_tensor: loading tensor blk.33.post_ffw_norm.weight
create_tensor: loading tensor blk.33.ffn_gate_inp.weight
create_tensor: loading tensor blk.33.inp_gate.weight
create_tensor: loading tensor blk.33.proj.weight
create_tensor: loading tensor blk.33.post_norm.weight
create_tensor: loading tensor blk.34.attn_norm.weight
create_tensor: loading tensor blk.34.attn_q.weight
create_tensor: loading tensor blk.34.attn_k.weight
create_tensor: loading tensor blk.34.attn_v.weight
create_tensor: loading tensor blk.34.attn_output.weight
create_tensor: loading tensor blk.34.attn_q_norm.weight
create_tensor: loading tensor blk.34.attn_k_norm.weight
create_tensor: loading tensor blk.34.post_attention_norm.weight
create_tensor: loading tensor blk.34.layer_output_scale.weight
create_tensor: loading tensor blk.34.ffn_norm.weight
create_tensor: loading tensor blk.34.ffn_gate.weight
create_tensor: loading tensor blk.34.ffn_up.weight
create_tensor: loading tensor blk.34.ffn_down.weight
create_tensor: loading tensor blk.34.post_ffw_norm.weight
create_tensor: loading tensor blk.34.ffn_gate_inp.weight
create_tensor: loading tensor blk.34.inp_gate.weight
create_tensor: loading tensor blk.34.proj.weight
create_tensor: loading tensor blk.34.post_norm.weight
create_tensor: loading tensor blk.35.attn_norm.weight
create_tensor: loading tensor blk.35.attn_q.weight
create_tensor: loading tensor blk.35.attn_k.weight
create_tensor: loading tensor blk.35.attn_v.weight
create_tensor: loading tensor blk.35.attn_output.weight
create_tensor: loading tensor blk.35.attn_q_norm.weight
create_tensor: loading tensor blk.35.attn_k_norm.weight
create_tensor: loading tensor blk.35.post_attention_norm.weight
create_tensor: loading tensor blk.35.layer_output_scale.weight
create_tensor: loading tensor rope_freqs.weight
create_tensor: loading tensor blk.35.ffn_norm.weight
create_tensor: loading tensor blk.35.ffn_gate.weight
create_tensor: loading tensor blk.35.ffn_up.weight
create_tensor: loading tensor blk.35.ffn_down.weight
create_tensor: loading tensor blk.35.post_ffw_norm.weight
create_tensor: loading tensor blk.35.ffn_gate_inp.weight
create_tensor: loading tensor blk.35.inp_gate.weight
create_tensor: loading tensor blk.35.proj.weight
create_tensor: loading tensor blk.35.post_norm.weight
create_tensor: loading tensor blk.36.attn_norm.weight
create_tensor: loading tensor blk.36.attn_q.weight
create_tensor: loading tensor blk.36.attn_k.weight
create_tensor: loading tensor blk.36.attn_v.weight
create_tensor: loading tensor blk.36.attn_output.weight
create_tensor: loading tensor blk.36.attn_q_norm.weight
create_tensor: loading tensor blk.36.attn_k_norm.weight
create_tensor: loading tensor blk.36.post_attention_norm.weight
create_tensor: loading tensor blk.36.layer_output_scale.weight
create_tensor: loading tensor blk.36.ffn_norm.weight
create_tensor: loading tensor blk.36.ffn_gate.weight
create_tensor: loading tensor blk.36.ffn_up.weight
create_tensor: loading tensor blk.36.ffn_down.weight
create_tensor: loading tensor blk.36.post_ffw_norm.weight
create_tensor: loading tensor blk.36.ffn_gate_inp.weight
create_tensor: loading tensor blk.36.inp_gate.weight
create_tensor: loading tensor blk.36.proj.weight
create_tensor: loading tensor blk.36.post_norm.weight
create_tensor: loading tensor blk.37.attn_norm.weight
create_tensor: loading tensor blk.37.attn_q.weight
create_tensor: loading tensor blk.37.attn_k.weight
create_tensor: loading tensor blk.37.attn_v.weight
create_tensor: loading tensor blk.37.attn_output.weight
create_tensor: loading tensor blk.37.attn_q_norm.weight
create_tensor: loading tensor blk.37.attn_k_norm.weight
create_tensor: loading tensor blk.37.post_attention_norm.weight
create_tensor: loading tensor blk.37.layer_output_scale.weight
create_tensor: loading tensor blk.37.ffn_norm.weight
create_tensor: loading tensor blk.37.ffn_gate.weight
create_tensor: loading tensor blk.37.ffn_up.weight
create_tensor: loading tensor blk.37.ffn_down.weight
create_tensor: loading tensor blk.37.post_ffw_norm.weight
create_tensor: loading tensor blk.37.ffn_gate_inp.weight
create_tensor: loading tensor blk.37.inp_gate.weight
create_tensor: loading tensor blk.37.proj.weight
create_tensor: loading tensor blk.37.post_norm.weight
create_tensor: loading tensor blk.38.attn_norm.weight
create_tensor: loading tensor blk.38.attn_q.weight
create_tensor: loading tensor blk.38.attn_k.weight
create_tensor: loading tensor blk.38.attn_v.weight
create_tensor: loading tensor blk.38.attn_output.weight
create_tensor: loading tensor blk.38.attn_q_norm.weight
create_tensor: loading tensor blk.38.attn_k_norm.weight
create_tensor: loading tensor blk.38.post_attention_norm.weight
create_tensor: loading tensor blk.38.layer_output_scale.weight
create_tensor: loading tensor blk.38.ffn_norm.weight
create_tensor: loading tensor blk.38.ffn_gate.weight
create_tensor: loading tensor blk.38.ffn_up.weight
create_tensor: loading tensor blk.38.ffn_down.weight
create_tensor: loading tensor blk.38.post_ffw_norm.weight
create_tensor: loading tensor blk.38.ffn_gate_inp.weight
create_tensor: loading tensor blk.38.inp_gate.weight
create_tensor: loading tensor blk.38.proj.weight
create_tensor: loading tensor blk.38.post_norm.weight
create_tensor: loading tensor blk.39.attn_norm.weight
create_tensor: loading tensor blk.39.attn_q.weight
create_tensor: loading tensor blk.39.attn_k.weight
create_tensor: loading tensor blk.39.attn_v.weight
create_tensor: loading tensor blk.39.attn_output.weight
create_tensor: loading tensor blk.39.attn_q_norm.weight
create_tensor: loading tensor blk.39.attn_k_norm.weight
create_tensor: loading tensor blk.39.post_attention_norm.weight
create_tensor: loading tensor blk.39.layer_output_scale.weight
create_tensor: loading tensor blk.39.ffn_norm.weight
create_tensor: loading tensor blk.39.ffn_gate.weight
create_tensor: loading tensor blk.39.ffn_up.weight
create_tensor: loading tensor blk.39.ffn_down.weight
create_tensor: loading tensor blk.39.post_ffw_norm.weight
create_tensor: loading tensor blk.39.ffn_gate_inp.weight
create_tensor: loading tensor blk.39.inp_gate.weight
create_tensor: loading tensor blk.39.proj.weight
create_tensor: loading tensor blk.39.post_norm.weight
create_tensor: loading tensor blk.40.attn_norm.weight
create_tensor: loading tensor blk.40.attn_q.weight
create_tensor: loading tensor blk.40.attn_k.weight
create_tensor: loading tensor blk.40.attn_v.weight
create_tensor: loading tensor blk.40.attn_output.weight
create_tensor: loading tensor blk.40.attn_q_norm.weight
create_tensor: loading tensor blk.40.attn_k_norm.weight
create_tensor: loading tensor blk.40.post_attention_norm.weight
create_tensor: loading tensor blk.40.layer_output_scale.weight
create_tensor: loading tensor blk.40.ffn_norm.weight
create_tensor: loading tensor blk.40.ffn_gate.weight
create_tensor: loading tensor blk.40.ffn_up.weight
create_tensor: loading tensor blk.40.ffn_down.weight
create_tensor: loading tensor blk.40.post_ffw_norm.weight
create_tensor: loading tensor blk.40.ffn_gate_inp.weight
create_tensor: loading tensor blk.40.inp_gate.weight
create_tensor: loading tensor blk.40.proj.weight
create_tensor: loading tensor blk.40.post_norm.weight
create_tensor: loading tensor blk.41.attn_norm.weight
create_tensor: loading tensor blk.41.attn_q.weight
create_tensor: loading tensor blk.41.attn_k.weight
create_tensor: loading tensor blk.41.attn_v.weight
create_tensor: loading tensor blk.41.attn_output.weight
create_tensor: loading tensor blk.41.attn_q_norm.weight
create_tensor: loading tensor blk.41.attn_k_norm.weight
create_tensor: loading tensor blk.41.post_attention_norm.weight
create_tensor: loading tensor blk.41.layer_output_scale.weight
create_tensor: loading tensor rope_freqs.weight
create_tensor: loading tensor blk.41.ffn_norm.weight
create_tensor: loading tensor blk.41.ffn_gate.weight
create_tensor: loading tensor blk.41.ffn_up.weight
create_tensor: loading tensor blk.41.ffn_down.weight
create_tensor: loading tensor blk.41.post_ffw_norm.weight
create_tensor: loading tensor blk.41.ffn_gate_inp.weight
create_tensor: loading tensor blk.41.inp_gate.weight
create_tensor: loading tensor blk.41.proj.weight
create_tensor: loading tensor blk.41.post_norm.weight
create_tensor: loading tensor blk.0.attn_q.scale
create_tensor: loading tensor blk.0.attn_k.scale
create_tensor: loading tensor blk.0.attn_v.scale
create_tensor: loading tensor blk.0.attn_output.scale
create_tensor: loading tensor blk.0.ffn_gate.scale
create_tensor: loading tensor blk.0.ffn_down.scale
create_tensor: loading tensor blk.0.ffn_up.scale
create_tensor: loading tensor blk.0.attn_q.input_scale
create_tensor: loading tensor blk.0.attn_k.input_scale
create_tensor: loading tensor blk.0.attn_v.input_scale
create_tensor: loading tensor blk.0.attn_output.input_scale
create_tensor: loading tensor blk.0.ffn_gate.input_scale
create_tensor: loading tensor blk.0.ffn_down.input_scale
create_tensor: loading tensor blk.0.ffn_up.input_scale
create_tensor: loading tensor blk.1.attn_q.scale
create_tensor: loading tensor blk.1.attn_k.scale
create_tensor: loading tensor blk.1.attn_v.scale
create_tensor: loading tensor blk.1.attn_output.scale
create_tensor: loading tensor blk.1.ffn_gate.scale
create_tensor: loading tensor blk.1.ffn_down.scale
create_tensor: loading tensor blk.1.ffn_up.scale
create_tensor: loading tensor blk.1.attn_q.input_scale
create_tensor: loading tensor blk.1.attn_k.input_scale
create_tensor: loading tensor blk.1.attn_v.input_scale
create_tensor: loading tensor blk.1.attn_output.input_scale
create_tensor: loading tensor blk.1.ffn_gate.input_scale
create_tensor: loading tensor blk.1.ffn_down.input_scale
create_tensor: loading tensor blk.1.ffn_up.input_scale
create_tensor: loading tensor blk.2.attn_q.scale
create_tensor: loading tensor blk.2.attn_k.scale
create_tensor: loading tensor blk.2.attn_v.scale
create_tensor: loading tensor blk.2.attn_output.scale
create_tensor: loading tensor blk.2.ffn_gate.scale
create_tensor: loading tensor blk.2.ffn_down.scale
create_tensor: loading tensor blk.2.ffn_up.scale
create_tensor: loading tensor blk.2.attn_q.input_scale
create_tensor: loading tensor blk.2.attn_k.input_scale
create_tensor: loading tensor blk.2.attn_v.input_scale
create_tensor: loading tensor blk.2.attn_output.input_scale
create_tensor: loading tensor blk.2.ffn_gate.input_scale
create_tensor: loading tensor blk.2.ffn_down.input_scale
create_tensor: loading tensor blk.2.ffn_up.input_scale
create_tensor: loading tensor blk.3.attn_q.scale
create_tensor: loading tensor blk.3.attn_k.scale
create_tensor: loading tensor blk.3.attn_v.scale
create_tensor: loading tensor blk.3.attn_output.scale
create_tensor: loading tensor blk.3.ffn_gate.scale
create_tensor: loading tensor blk.3.ffn_down.scale
create_tensor: loading tensor blk.3.ffn_up.scale
create_tensor: loading tensor blk.3.attn_q.input_scale
create_tensor: loading tensor blk.3.attn_k.input_scale
create_tensor: loading tensor blk.3.attn_v.input_scale
create_tensor: loading tensor blk.3.attn_output.input_scale
create_tensor: loading tensor blk.3.ffn_gate.input_scale
create_tensor: loading tensor blk.3.ffn_down.input_scale
create_tensor: loading tensor blk.3.ffn_up.input_scale
create_tensor: loading tensor blk.4.attn_q.scale
create_tensor: loading tensor blk.4.attn_k.scale
create_tensor: loading tensor blk.4.attn_v.scale
create_tensor: loading tensor blk.4.attn_output.scale
create_tensor: loading tensor blk.4.ffn_gate.scale
create_tensor: loading tensor blk.4.ffn_down.scale
create_tensor: loading tensor blk.4.ffn_up.scale
create_tensor: loading tensor blk.4.attn_q.input_scale
create_tensor: loading tensor blk.4.attn_k.input_scale
create_tensor: loading tensor blk.4.attn_v.input_scale
create_tensor: loading tensor blk.4.attn_output.input_scale
create_tensor: loading tensor blk.4.ffn_gate.input_scale
create_tensor: loading tensor blk.4.ffn_down.input_scale
create_tensor: loading tensor blk.4.ffn_up.input_scale
create_tensor: loading tensor blk.5.attn_q.scale
create_tensor: loading tensor blk.5.attn_k.scale
create_tensor: loading tensor blk.5.attn_v.scale
create_tensor: loading tensor blk.5.attn_output.scale
create_tensor: loading tensor blk.5.ffn_gate.scale
create_tensor: loading tensor blk.5.ffn_down.scale
create_tensor: loading tensor blk.5.ffn_up.scale
create_tensor: loading tensor blk.5.attn_q.input_scale
create_tensor: loading tensor blk.5.attn_k.input_scale
create_tensor: loading tensor blk.5.attn_v.input_scale
create_tensor: loading tensor blk.5.attn_output.input_scale
create_tensor: loading tensor blk.5.ffn_gate.input_scale
create_tensor: loading tensor blk.5.ffn_down.input_scale
create_tensor: loading tensor blk.5.ffn_up.input_scale
create_tensor: loading tensor blk.6.attn_q.scale
create_tensor: loading tensor blk.6.attn_k.scale
create_tensor: loading tensor blk.6.attn_v.scale
create_tensor: loading tensor blk.6.attn_output.scale
create_tensor: loading tensor blk.6.ffn_gate.scale
create_tensor: loading tensor blk.6.ffn_down.scale
create_tensor: loading tensor blk.6.ffn_up.scale
create_tensor: loading tensor blk.6.attn_q.input_scale
create_tensor: loading tensor blk.6.attn_k.input_scale
create_tensor: loading tensor blk.6.attn_v.input_scale
create_tensor: loading tensor blk.6.attn_output.input_scale
create_tensor: loading tensor blk.6.ffn_gate.input_scale
create_tensor: loading tensor blk.6.ffn_down.input_scale
create_tensor: loading tensor blk.6.ffn_up.input_scale
create_tensor: loading tensor blk.7.attn_q.scale
create_tensor: loading tensor blk.7.attn_k.scale
create_tensor: loading tensor blk.7.attn_v.scale
create_tensor: loading tensor blk.7.attn_output.scale
create_tensor: loading tensor blk.7.ffn_gate.scale
create_tensor: loading tensor blk.7.ffn_down.scale
create_tensor: loading tensor blk.7.ffn_up.scale
create_tensor: loading tensor blk.7.attn_q.input_scale
create_tensor: loading tensor blk.7.attn_k.input_scale
create_tensor: loading tensor blk.7.attn_v.input_scale
create_tensor: loading tensor blk.7.attn_output.input_scale
create_tensor: loading tensor blk.7.ffn_gate.input_scale
create_tensor: loading tensor blk.7.ffn_down.input_scale
create_tensor: loading tensor blk.7.ffn_up.input_scale
create_tensor: loading tensor blk.8.attn_q.scale
create_tensor: loading tensor blk.8.attn_k.scale
create_tensor: loading tensor blk.8.attn_v.scale
create_tensor: loading tensor blk.8.attn_output.scale
create_tensor: loading tensor blk.8.ffn_gate.scale
create_tensor: loading tensor blk.8.ffn_down.scale
create_tensor: loading tensor blk.8.ffn_up.scale
create_tensor: loading tensor blk.8.attn_q.input_scale
create_tensor: loading tensor blk.8.attn_k.input_scale
create_tensor: loading tensor blk.8.attn_v.input_scale
create_tensor: loading tensor blk.8.attn_output.input_scale
create_tensor: loading tensor blk.8.ffn_gate.input_scale
create_tensor: loading tensor blk.8.ffn_down.input_scale
create_tensor: loading tensor blk.8.ffn_up.input_scale
create_tensor: loading tensor blk.9.attn_q.scale
create_tensor: loading tensor blk.9.attn_k.scale
create_tensor: loading tensor blk.9.attn_v.scale
create_tensor: loading tensor blk.9.attn_output.scale
create_tensor: loading tensor blk.9.ffn_gate.scale
create_tensor: loading tensor blk.9.ffn_down.scale
create_tensor: loading tensor blk.9.ffn_up.scale
create_tensor: loading tensor blk.9.attn_q.input_scale
create_tensor: loading tensor blk.9.attn_k.input_scale
create_tensor: loading tensor blk.9.attn_v.input_scale
create_tensor: loading tensor blk.9.attn_output.input_scale
create_tensor: loading tensor blk.9.ffn_gate.input_scale
create_tensor: loading tensor blk.9.ffn_down.input_scale
create_tensor: loading tensor blk.9.ffn_up.input_scale
create_tensor: loading tensor blk.10.attn_q.scale
create_tensor: loading tensor blk.10.attn_k.scale
create_tensor: loading tensor blk.10.attn_v.scale
create_tensor: loading tensor blk.10.attn_output.scale
create_tensor: loading tensor blk.10.ffn_gate.scale
create_tensor: loading tensor blk.10.ffn_down.scale
create_tensor: loading tensor blk.10.ffn_up.scale
create_tensor: loading tensor blk.10.attn_q.input_scale
create_tensor: loading tensor blk.10.attn_k.input_scale
create_tensor: loading tensor blk.10.attn_v.input_scale
create_tensor: loading tensor blk.10.attn_output.input_scale
create_tensor: loading tensor blk.10.ffn_gate.input_scale
create_tensor: loading tensor blk.10.ffn_down.input_scale
create_tensor: loading tensor blk.10.ffn_up.input_scale
create_tensor: loading tensor blk.11.attn_q.scale
create_tensor: loading tensor blk.11.attn_k.scale
create_tensor: loading tensor blk.11.attn_v.scale
create_tensor: loading tensor blk.11.attn_output.scale
create_tensor: loading tensor blk.11.ffn_gate.scale
create_tensor: loading tensor blk.11.ffn_down.scale
create_tensor: loading tensor blk.11.ffn_up.scale
create_tensor: loading tensor blk.11.attn_q.input_scale
create_tensor: loading tensor blk.11.attn_k.input_scale
create_tensor: loading tensor blk.11.attn_v.input_scale
create_tensor: loading tensor blk.11.attn_output.input_scale
create_tensor: loading tensor blk.11.ffn_gate.input_scale
create_tensor: loading tensor blk.11.ffn_down.input_scale
create_tensor: loading tensor blk.11.ffn_up.input_scale
create_tensor: loading tensor blk.12.attn_q.scale
create_tensor: loading tensor blk.12.attn_k.scale
create_tensor: loading tensor blk.12.attn_v.scale
create_tensor: loading tensor blk.12.attn_output.scale
create_tensor: loading tensor blk.12.ffn_gate.scale
create_tensor: loading tensor blk.12.ffn_down.scale
create_tensor: loading tensor blk.12.ffn_up.scale
create_tensor: loading tensor blk.12.attn_q.input_scale
create_tensor: loading tensor blk.12.attn_k.input_scale
create_tensor: loading tensor blk.12.attn_v.input_scale
create_tensor: loading tensor blk.12.attn_output.input_scale
create_tensor: loading tensor blk.12.ffn_gate.input_scale
create_tensor: loading tensor blk.12.ffn_down.input_scale
create_tensor: loading tensor blk.12.ffn_up.input_scale
create_tensor: loading tensor blk.13.attn_q.scale
create_tensor: loading tensor blk.13.attn_k.scale
create_tensor: loading tensor blk.13.attn_v.scale
create_tensor: loading tensor blk.13.attn_output.scale
create_tensor: loading tensor blk.13.ffn_gate.scale
create_tensor: loading tensor blk.13.ffn_down.scale
create_tensor: loading tensor blk.13.ffn_up.scale
create_tensor: loading tensor blk.13.attn_q.input_scale
create_tensor: loading tensor blk.13.attn_k.input_scale
create_tensor: loading tensor blk.13.attn_v.input_scale
create_tensor: loading tensor blk.13.attn_output.input_scale
create_tensor: loading tensor blk.13.ffn_gate.input_scale
create_tensor: loading tensor blk.13.ffn_down.input_scale
create_tensor: loading tensor blk.13.ffn_up.input_scale
create_tensor: loading tensor blk.14.attn_q.scale
create_tensor: loading tensor blk.14.attn_k.scale
create_tensor: loading tensor blk.14.attn_v.scale
create_tensor: loading tensor blk.14.attn_output.scale
create_tensor: loading tensor blk.14.ffn_gate.scale
create_tensor: loading tensor blk.14.ffn_down.scale
create_tensor: loading tensor blk.14.ffn_up.scale
create_tensor: loading tensor blk.14.attn_q.input_scale
create_tensor: loading tensor blk.14.attn_k.input_scale
create_tensor: loading tensor blk.14.attn_v.input_scale
create_tensor: loading tensor blk.14.attn_output.input_scale
create_tensor: loading tensor blk.14.ffn_gate.input_scale
create_tensor: loading tensor blk.14.ffn_down.input_scale
create_tensor: loading tensor blk.14.ffn_up.input_scale
create_tensor: loading tensor blk.15.attn_q.scale
create_tensor: loading tensor blk.15.attn_k.scale
create_tensor: loading tensor blk.15.attn_v.scale
create_tensor: loading tensor blk.15.attn_output.scale
create_tensor: loading tensor blk.15.ffn_gate.scale
create_tensor: loading tensor blk.15.ffn_down.scale
create_tensor: loading tensor blk.15.ffn_up.scale
create_tensor: loading tensor blk.15.attn_q.input_scale
create_tensor: loading tensor blk.15.attn_k.input_scale
create_tensor: loading tensor blk.15.attn_v.input_scale
create_tensor: loading tensor blk.15.attn_output.input_scale
create_tensor: loading tensor blk.15.ffn_gate.input_scale
create_tensor: loading tensor blk.15.ffn_down.input_scale
create_tensor: loading tensor blk.15.ffn_up.input_scale
create_tensor: loading tensor blk.16.attn_q.scale
create_tensor: loading tensor blk.16.attn_k.scale
create_tensor: loading tensor blk.16.attn_v.scale
create_tensor: loading tensor blk.16.attn_output.scale
create_tensor: loading tensor blk.16.ffn_gate.scale
create_tensor: loading tensor blk.16.ffn_down.scale
create_tensor: loading tensor blk.16.ffn_up.scale
create_tensor: loading tensor blk.16.attn_q.input_scale
create_tensor: loading tensor blk.16.attn_k.input_scale
create_tensor: loading tensor blk.16.attn_v.input_scale
create_tensor: loading tensor blk.16.attn_output.input_scale
create_tensor: loading tensor blk.16.ffn_gate.input_scale
create_tensor: loading tensor blk.16.ffn_down.input_scale
create_tensor: loading tensor blk.16.ffn_up.input_scale
create_tensor: loading tensor blk.17.attn_q.scale
create_tensor: loading tensor blk.17.attn_k.scale
create_tensor: loading tensor blk.17.attn_v.scale
create_tensor: loading tensor blk.17.attn_output.scale
create_tensor: loading tensor blk.17.ffn_gate.scale
create_tensor: loading tensor blk.17.ffn_down.scale
create_tensor: loading tensor blk.17.ffn_up.scale
create_tensor: loading tensor blk.17.attn_q.input_scale
create_tensor: loading tensor blk.17.attn_k.input_scale
create_tensor: loading tensor blk.17.attn_v.input_scale
create_tensor: loading tensor blk.17.attn_output.input_scale
create_tensor: loading tensor blk.17.ffn_gate.input_scale
create_tensor: loading tensor blk.17.ffn_down.input_scale
create_tensor: loading tensor blk.17.ffn_up.input_scale
create_tensor: loading tensor blk.18.attn_q.scale
create_tensor: loading tensor blk.18.attn_k.scale
create_tensor: loading tensor blk.18.attn_v.scale
create_tensor: loading tensor blk.18.attn_output.scale
create_tensor: loading tensor blk.18.ffn_gate.scale
create_tensor: loading tensor blk.18.ffn_down.scale
create_tensor: loading tensor blk.18.ffn_up.scale
create_tensor: loading tensor blk.18.attn_q.input_scale
create_tensor: loading tensor blk.18.attn_k.input_scale
create_tensor: loading tensor blk.18.attn_v.input_scale
create_tensor: loading tensor blk.18.attn_output.input_scale
create_tensor: loading tensor blk.18.ffn_gate.input_scale
create_tensor: loading tensor blk.18.ffn_down.input_scale
create_tensor: loading tensor blk.18.ffn_up.input_scale
create_tensor: loading tensor blk.19.attn_q.scale
create_tensor: loading tensor blk.19.attn_k.scale
create_tensor: loading tensor blk.19.attn_v.scale
create_tensor: loading tensor blk.19.attn_output.scale
create_tensor: loading tensor blk.19.ffn_gate.scale
create_tensor: loading tensor blk.19.ffn_down.scale
create_tensor: loading tensor blk.19.ffn_up.scale
create_tensor: loading tensor blk.19.attn_q.input_scale
create_tensor: loading tensor blk.19.attn_k.input_scale
create_tensor: loading tensor blk.19.attn_v.input_scale
create_tensor: loading tensor blk.19.attn_output.input_scale
create_tensor: loading tensor blk.19.ffn_gate.input_scale
create_tensor: loading tensor blk.19.ffn_down.input_scale
create_tensor: loading tensor blk.19.ffn_up.input_scale
create_tensor: loading tensor blk.20.attn_q.scale
create_tensor: loading tensor blk.20.attn_k.scale
create_tensor: loading tensor blk.20.attn_v.scale
create_tensor: loading tensor blk.20.attn_output.scale
create_tensor: loading tensor blk.20.ffn_gate.scale
create_tensor: loading tensor blk.20.ffn_down.scale
create_tensor: loading tensor blk.20.ffn_up.scale
create_tensor: loading tensor blk.20.attn_q.input_scale
create_tensor: loading tensor blk.20.attn_k.input_scale
create_tensor: loading tensor blk.20.attn_v.input_scale
create_tensor: loading tensor blk.20.attn_output.input_scale
create_tensor: loading tensor blk.20.ffn_gate.input_scale
create_tensor: loading tensor blk.20.ffn_down.input_scale
create_tensor: loading tensor blk.20.ffn_up.input_scale
create_tensor: loading tensor blk.21.attn_q.scale
create_tensor: loading tensor blk.21.attn_k.scale
create_tensor: loading tensor blk.21.attn_v.scale
create_tensor: loading tensor blk.21.attn_output.scale
create_tensor: loading tensor blk.21.ffn_gate.scale
create_tensor: loading tensor blk.21.ffn_down.scale
create_tensor: loading tensor blk.21.ffn_up.scale
create_tensor: loading tensor blk.21.attn_q.input_scale
create_tensor: loading tensor blk.21.attn_k.input_scale
create_tensor: loading tensor blk.21.attn_v.input_scale
create_tensor: loading tensor blk.21.attn_output.input_scale
create_tensor: loading tensor blk.21.ffn_gate.input_scale
create_tensor: loading tensor blk.21.ffn_down.input_scale
create_tensor: loading tensor blk.21.ffn_up.input_scale
create_tensor: loading tensor blk.22.attn_q.scale
create_tensor: loading tensor blk.22.attn_k.scale
create_tensor: loading tensor blk.22.attn_v.scale
create_tensor: loading tensor blk.22.attn_output.scale
create_tensor: loading tensor blk.22.ffn_gate.scale
create_tensor: loading tensor blk.22.ffn_down.scale
create_tensor: loading tensor blk.22.ffn_up.scale
create_tensor: loading tensor blk.22.attn_q.input_scale
create_tensor: loading tensor blk.22.attn_k.input_scale
create_tensor: loading tensor blk.22.attn_v.input_scale
create_tensor: loading tensor blk.22.attn_output.input_scale
create_tensor: loading tensor blk.22.ffn_gate.input_scale
create_tensor: loading tensor blk.22.ffn_down.input_scale
create_tensor: loading tensor blk.22.ffn_up.input_scale
create_tensor: loading tensor blk.23.attn_q.scale
create_tensor: loading tensor blk.23.attn_k.scale
create_tensor: loading tensor blk.23.attn_v.scale
create_tensor: loading tensor blk.23.attn_output.scale
create_tensor: loading tensor blk.23.ffn_gate.scale
create_tensor: loading tensor blk.23.ffn_down.scale
create_tensor: loading tensor blk.23.ffn_up.scale
create_tensor: loading tensor blk.23.attn_q.input_scale
create_tensor: loading tensor blk.23.attn_k.input_scale
create_tensor: loading tensor blk.23.attn_v.input_scale
create_tensor: loading tensor blk.23.attn_output.input_scale
create_tensor: loading tensor blk.23.ffn_gate.input_scale
create_tensor: loading tensor blk.23.ffn_down.input_scale
create_tensor: loading tensor blk.23.ffn_up.input_scale
create_tensor: loading tensor blk.24.attn_q.scale
create_tensor: loading tensor blk.24.attn_output.scale
create_tensor: loading tensor blk.24.ffn_gate.scale
create_tensor: loading tensor blk.24.ffn_down.scale
create_tensor: loading tensor blk.24.ffn_up.scale
create_tensor: loading tensor blk.24.attn_q.input_scale
create_tensor: loading tensor blk.24.attn_output.input_scale
create_tensor: loading tensor blk.24.ffn_gate.input_scale
create_tensor: loading tensor blk.24.ffn_down.input_scale
create_tensor: loading tensor blk.24.ffn_up.input_scale
create_tensor: loading tensor blk.25.attn_q.scale
create_tensor: loading tensor blk.25.attn_output.scale
create_tensor: loading tensor blk.25.ffn_gate.scale
create_tensor: loading tensor blk.25.ffn_down.scale
create_tensor: loading tensor blk.25.ffn_up.scale
create_tensor: loading tensor blk.25.attn_q.input_scale
create_tensor: loading tensor blk.25.attn_output.input_scale
create_tensor: loading tensor blk.25.ffn_gate.input_scale
create_tensor: loading tensor blk.25.ffn_down.input_scale
create_tensor: loading tensor blk.25.ffn_up.input_scale
create_tensor: loading tensor blk.26.attn_q.scale
create_tensor: loading tensor blk.26.attn_output.scale
create_tensor: loading tensor blk.26.ffn_gate.scale
create_tensor: loading tensor blk.26.ffn_down.scale
create_tensor: loading tensor blk.26.ffn_up.scale
create_tensor: loading tensor blk.26.attn_q.input_scale
create_tensor: loading tensor blk.26.attn_output.input_scale
create_tensor: loading tensor blk.26.ffn_gate.input_scale
create_tensor: loading tensor blk.26.ffn_down.input_scale
create_tensor: loading tensor blk.26.ffn_up.input_scale
create_tensor: loading tensor blk.27.attn_q.scale
create_tensor: loading tensor blk.27.attn_output.scale
create_tensor: loading tensor blk.27.ffn_gate.scale
create_tensor: loading tensor blk.27.ffn_down.scale
create_tensor: loading tensor blk.27.ffn_up.scale
create_tensor: loading tensor blk.27.attn_q.input_scale
create_tensor: loading tensor blk.27.attn_output.input_scale
create_tensor: loading tensor blk.27.ffn_gate.input_scale
create_tensor: loading tensor blk.27.ffn_down.input_scale
create_tensor: loading tensor blk.27.ffn_up.input_scale
create_tensor: loading tensor blk.28.attn_q.scale
create_tensor: loading tensor blk.28.attn_output.scale
create_tensor: loading tensor blk.28.ffn_gate.scale
create_tensor: loading tensor blk.28.ffn_down.scale
create_tensor: loading tensor blk.28.ffn_up.scale
create_tensor: loading tensor blk.28.attn_q.input_scale
create_tensor: loading tensor blk.28.attn_output.input_scale
create_tensor: loading tensor blk.28.ffn_gate.input_scale
create_tensor: loading tensor blk.28.ffn_down.input_scale
create_tensor: loading tensor blk.28.ffn_up.input_scale
create_tensor: loading tensor blk.29.attn_q.scale
create_tensor: loading tensor blk.29.attn_output.scale
create_tensor: loading tensor blk.29.ffn_gate.scale
create_tensor: loading tensor blk.29.ffn_down.scale
create_tensor: loading tensor blk.29.ffn_up.scale
create_tensor: loading tensor blk.29.attn_q.input_scale
create_tensor: loading tensor blk.29.attn_output.input_scale
create_tensor: loading tensor blk.29.ffn_gate.input_scale
create_tensor: loading tensor blk.29.ffn_down.input_scale
create_tensor: loading tensor blk.29.ffn_up.input_scale
create_tensor: loading tensor blk.30.attn_q.scale
create_tensor: loading tensor blk.30.attn_output.scale
create_tensor: loading tensor blk.30.ffn_gate.scale
create_tensor: loading tensor blk.30.ffn_down.scale
create_tensor: loading tensor blk.30.ffn_up.scale
create_tensor: loading tensor blk.30.attn_q.input_scale
create_tensor: loading tensor blk.30.attn_output.input_scale
create_tensor: loading tensor blk.30.ffn_gate.input_scale
create_tensor: loading tensor blk.30.ffn_down.input_scale
create_tensor: loading tensor blk.30.ffn_up.input_scale
create_tensor: loading tensor blk.31.attn_q.scale
create_tensor: loading tensor blk.31.attn_output.scale
create_tensor: loading tensor blk.31.ffn_gate.scale
create_tensor: loading tensor blk.31.ffn_down.scale
create_tensor: loading tensor blk.31.ffn_up.scale
create_tensor: loading tensor blk.31.attn_q.input_scale
create_tensor: loading tensor blk.31.attn_output.input_scale
create_tensor: loading tensor blk.31.ffn_gate.input_scale
create_tensor: loading tensor blk.31.ffn_down.input_scale
create_tensor: loading tensor blk.31.ffn_up.input_scale
create_tensor: loading tensor blk.32.attn_q.scale
create_tensor: loading tensor blk.32.attn_output.scale
create_tensor: loading tensor blk.32.ffn_gate.scale
create_tensor: loading tensor blk.32.ffn_down.scale
create_tensor: loading tensor blk.32.ffn_up.scale
create_tensor: loading tensor blk.32.attn_q.input_scale
create_tensor: loading tensor blk.32.attn_output.input_scale
create_tensor: loading tensor blk.32.ffn_gate.input_scale
create_tensor: loading tensor blk.32.ffn_down.input_scale
create_tensor: loading tensor blk.32.ffn_up.input_scale
create_tensor: loading tensor blk.33.attn_q.scale
create_tensor: loading tensor blk.33.attn_output.scale
create_tensor: loading tensor blk.33.ffn_gate.scale
create_tensor: loading tensor blk.33.ffn_down.scale
create_tensor: loading tensor blk.33.ffn_up.scale
create_tensor: loading tensor blk.33.attn_q.input_scale
create_tensor: loading tensor blk.33.attn_output.input_scale
create_tensor: loading tensor blk.33.ffn_gate.input_scale
create_tensor: loading tensor blk.33.ffn_down.input_scale
create_tensor: loading tensor blk.33.ffn_up.input_scale
create_tensor: loading tensor blk.34.attn_q.scale
create_tensor: loading tensor blk.34.attn_output.scale
create_tensor: loading tensor blk.34.ffn_gate.scale
create_tensor: loading tensor blk.34.ffn_down.scale
create_tensor: loading tensor blk.34.ffn_up.scale
create_tensor: loading tensor blk.34.attn_q.input_scale
create_tensor: loading tensor blk.34.attn_output.input_scale
create_tensor: loading tensor blk.34.ffn_gate.input_scale
create_tensor: loading tensor blk.34.ffn_down.input_scale
create_tensor: loading tensor blk.34.ffn_up.input_scale
create_tensor: loading tensor blk.35.attn_q.scale
create_tensor: loading tensor blk.35.attn_output.scale
create_tensor: loading tensor blk.35.ffn_gate.scale
create_tensor: loading tensor blk.35.ffn_down.scale
create_tensor: loading tensor blk.35.ffn_up.scale
create_tensor: loading tensor blk.35.attn_q.input_scale
create_tensor: loading tensor blk.35.attn_output.input_scale
create_tensor: loading tensor blk.35.ffn_gate.input_scale
create_tensor: loading tensor blk.35.ffn_down.input_scale
create_tensor: loading tensor blk.35.ffn_up.input_scale
create_tensor: loading tensor blk.36.attn_q.scale
create_tensor: loading tensor blk.36.attn_output.scale
create_tensor: loading tensor blk.36.ffn_gate.scale
create_tensor: loading tensor blk.36.ffn_down.scale
create_tensor: loading tensor blk.36.ffn_up.scale
create_tensor: loading tensor blk.36.attn_q.input_scale
create_tensor: loading tensor blk.36.attn_output.input_scale
create_tensor: loading tensor blk.36.ffn_gate.input_scale
create_tensor: loading tensor blk.36.ffn_down.input_scale
create_tensor: loading tensor blk.36.ffn_up.input_scale
create_tensor: loading tensor blk.37.attn_q.scale
create_tensor: loading tensor blk.37.attn_output.scale
create_tensor: loading tensor blk.37.ffn_gate.scale
create_tensor: loading tensor blk.37.ffn_down.scale
create_tensor: loading tensor blk.37.ffn_up.scale
create_tensor: loading tensor blk.37.attn_q.input_scale
create_tensor: loading tensor blk.37.attn_output.input_scale
create_tensor: loading tensor blk.37.ffn_gate.input_scale
create_tensor: loading tensor blk.37.ffn_down.input_scale
create_tensor: loading tensor blk.37.ffn_up.input_scale
create_tensor: loading tensor blk.38.attn_q.scale
create_tensor: loading tensor blk.38.attn_output.scale
create_tensor: loading tensor blk.38.ffn_gate.scale
create_tensor: loading tensor blk.38.ffn_down.scale
create_tensor: loading tensor blk.38.ffn_up.scale
create_tensor: loading tensor blk.38.attn_q.input_scale
create_tensor: loading tensor blk.38.attn_output.input_scale
create_tensor: loading tensor blk.38.ffn_gate.input_scale
create_tensor: loading tensor blk.38.ffn_down.input_scale
create_tensor: loading tensor blk.38.ffn_up.input_scale
create_tensor: loading tensor blk.39.attn_q.scale
create_tensor: loading tensor blk.39.attn_output.scale
create_tensor: loading tensor blk.39.ffn_gate.scale
create_tensor: loading tensor blk.39.ffn_down.scale
create_tensor: loading tensor blk.39.ffn_up.scale
create_tensor: loading tensor blk.39.attn_q.input_scale
create_tensor: loading tensor blk.39.attn_output.input_scale
create_tensor: loading tensor blk.39.ffn_gate.input_scale
create_tensor: loading tensor blk.39.ffn_down.input_scale
create_tensor: loading tensor blk.39.ffn_up.input_scale
create_tensor: loading tensor blk.40.attn_q.scale
create_tensor: loading tensor blk.40.attn_output.scale
create_tensor: loading tensor blk.40.ffn_gate.scale
create_tensor: loading tensor blk.40.ffn_down.scale
create_tensor: loading tensor blk.40.ffn_up.scale
create_tensor: loading tensor blk.40.attn_q.input_scale
create_tensor: loading tensor blk.40.attn_output.input_scale
create_tensor: loading tensor blk.40.ffn_gate.input_scale
create_tensor: loading tensor blk.40.ffn_down.input_scale
create_tensor: loading tensor blk.40.ffn_up.input_scale
create_tensor: loading tensor blk.41.attn_q.scale
create_tensor: loading tensor blk.41.attn_output.scale
create_tensor: loading tensor blk.41.ffn_gate.scale
create_tensor: loading tensor blk.41.ffn_down.scale
create_tensor: loading tensor blk.41.ffn_up.scale
create_tensor: loading tensor blk.41.attn_q.input_scale
create_tensor: loading tensor blk.41.attn_output.input_scale
create_tensor: loading tensor blk.41.ffn_gate.input_scale
create_tensor: loading tensor blk.41.ffn_down.input_scale
create_tensor: loading tensor blk.41.ffn_up.input_scale
load_tensors: offloading 0 repeating layers to GPU
load_tensors: offloaded 0/43 layers to GPU
load_tensors:  Vulkan_Host model buffer size =  5426.81 MiB
load_all_data: buffer type Vulkan_Host is not the default buffer type for device Vulkan0 for async uploads
............................................
llama_context: constructing llama_context
llama_context: n_seq_max             = 1
llama_context: n_ctx                 = 8192
llama_context: n_ctx_seq             = 8192
llama_context: n_batch               = 256
llama_context: n_ubatch              = 256
llama_context: causal_attn           = 1
llama_context: flash_attn            = disabled
llama_context: kv_unified            = false
llama_context: freq_base             = 1000000.0
llama_context: freq_scale            = 1
llama_context: n_rs_seq              = 0
llama_context: n_outputs_max         = 256
llama_context: n_outputs_max_per_seq = 256
llama_context: n_ctx_seq (8192) < n_ctx_train (131072) -- the full capacity of the model will not be utilized
set_abort_callback: call
llama_context:        CPU  output buffer size =     1.00 MiB
llama_kv_cache_iswa: creating non-SWA KV cache, size = 8192 cells
llama_kv_cache: the V embeddings have different sizes across layers and FA is not enabled - padding V cache to 1024
llama_kv_cache: layer   0: filtered
llama_kv_cache: layer   1: filtered
llama_kv_cache: layer   2: filtered
llama_kv_cache: layer   3: filtered
llama_kv_cache: layer   4: filtered
llama_kv_cache: layer   5: dev = CPU
llama_kv_cache: layer   6: filtered
llama_kv_cache: layer   7: filtered
llama_kv_cache: layer   8: filtered
llama_kv_cache: layer   9: filtered
llama_kv_cache: layer  10: filtered
llama_kv_cache: layer  11: dev = CPU
llama_kv_cache: layer  12: filtered
llama_kv_cache: layer  13: filtered
llama_kv_cache: layer  14: filtered
llama_kv_cache: layer  15: filtered
llama_kv_cache: layer  16: filtered
llama_kv_cache: layer  17: dev = CPU
llama_kv_cache: layer  18: filtered
llama_kv_cache: layer  19: filtered
llama_kv_cache: layer  20: filtered
llama_kv_cache: layer  21: filtered
llama_kv_cache: layer  22: filtered
llama_kv_cache: layer  23: dev = CPU
llama_kv_cache: layer  24: does not have KV cache
llama_kv_cache: layer  25: does not have KV cache
llama_kv_cache: layer  26: does not have KV cache
llama_kv_cache: layer  27: does not have KV cache
llama_kv_cache: layer  28: does not have KV cache
llama_kv_cache: layer  29: does not have KV cache
llama_kv_cache: layer  30: does not have KV cache
llama_kv_cache: layer  31: does not have KV cache
llama_kv_cache: layer  32: does not have KV cache
llama_kv_cache: layer  33: does not have KV cache
llama_kv_cache: layer  34: does not have KV cache
llama_kv_cache: layer  35: does not have KV cache
llama_kv_cache: layer  36: does not have KV cache
llama_kv_cache: layer  37: does not have KV cache
llama_kv_cache: layer  38: does not have KV cache
llama_kv_cache: layer  39: does not have KV cache
llama_kv_cache: layer  40: does not have KV cache
llama_kv_cache: layer  41: does not have KV cache
llama_kv_cache: reusing layers:
llama_kv_cache: - layer   0: no reuse
llama_kv_cache: - layer   1: no reuse
llama_kv_cache: - layer   2: no reuse
llama_kv_cache: - layer   3: no reuse
llama_kv_cache: - layer   4: no reuse
llama_kv_cache: - layer   5: no reuse
llama_kv_cache: - layer   6: no reuse
llama_kv_cache: - layer   7: no reuse
llama_kv_cache: - layer   8: no reuse
llama_kv_cache: - layer   9: no reuse
llama_kv_cache: - layer  10: no reuse
llama_kv_cache: - layer  11: no reuse
llama_kv_cache: - layer  12: no reuse
llama_kv_cache: - layer  13: no reuse
llama_kv_cache: - layer  14: no reuse
llama_kv_cache: - layer  15: no reuse
llama_kv_cache: - layer  16: no reuse
llama_kv_cache: - layer  17: no reuse
llama_kv_cache: - layer  18: no reuse
llama_kv_cache: - layer  19: no reuse
llama_kv_cache: - layer  20: no reuse
llama_kv_cache: - layer  21: no reuse
llama_kv_cache: - layer  22: no reuse
llama_kv_cache: - layer  23: no reuse
llama_kv_cache: - layer  24: filtered
llama_kv_cache: - layer  25: filtered
llama_kv_cache: - layer  26: filtered
llama_kv_cache: - layer  27: filtered
llama_kv_cache: - layer  28: filtered
llama_kv_cache: - layer  29: reuse layer 23, is_swa = 0
llama_kv_cache: - layer  30: filtered
llama_kv_cache: - layer  31: filtered
llama_kv_cache: - layer  32: filtered
llama_kv_cache: - layer  33: filtered
llama_kv_cache: - layer  34: filtered
llama_kv_cache: - layer  35: reuse layer 23, is_swa = 0
llama_kv_cache: - layer  36: filtered
llama_kv_cache: - layer  37: filtered
llama_kv_cache: - layer  38: filtered
llama_kv_cache: - layer  39: filtered
llama_kv_cache: - layer  40: filtered
llama_kv_cache: - layer  41: reuse layer 23, is_swa = 0
llama_kv_cache:        CPU KV buffer size =   128.00 MiB
llama_kv_cache: size =  128.00 MiB (  8192 cells,   4 layers,  1/1 seqs), K (f16):   64.00 MiB, V (f16):   64.00 MiB
llama_kv_cache: attn_rot_k = 0, n_embd_head_k_all = 512
llama_kv_cache: attn_rot_v = 0, n_embd_head_k_all = 512
llama_kv_cache_iswa: creating     SWA KV cache, size = 768 cells
llama_kv_cache: the V embeddings have different sizes across layers and FA is not enabled - padding V cache to 1024
llama_kv_cache: layer   0: dev = CPU
llama_kv_cache: layer   1: dev = CPU
llama_kv_cache: layer   2: dev = CPU
llama_kv_cache: layer   3: dev = CPU
llama_kv_cache: layer   4: dev = CPU
llama_kv_cache: layer   5: filtered
llama_kv_cache: layer   6: dev = CPU
llama_kv_cache: layer   7: dev = CPU
llama_kv_cache: layer   8: dev = CPU
llama_kv_cache: layer   9: dev = CPU
llama_kv_cache: layer  10: dev = CPU
llama_kv_cache: layer  11: filtered
llama_kv_cache: layer  12: dev = CPU
llama_kv_cache: layer  13: dev = CPU
llama_kv_cache: layer  14: dev = CPU
llama_kv_cache: layer  15: dev = CPU
llama_kv_cache: layer  16: dev = CPU
llama_kv_cache: layer  17: filtered
llama_kv_cache: layer  18: dev = CPU
llama_kv_cache: layer  19: dev = CPU
llama_kv_cache: layer  20: dev = CPU
llama_kv_cache: layer  21: dev = CPU
llama_kv_cache: layer  22: dev = CPU
llama_kv_cache: layer  23: filtered
llama_kv_cache: layer  24: does not have KV cache
llama_kv_cache: layer  25: does not have KV cache
llama_kv_cache: layer  26: does not have KV cache
llama_kv_cache: layer  27: does not have KV cache
llama_kv_cache: layer  28: does not have KV cache
llama_kv_cache: layer  29: does not have KV cache
llama_kv_cache: layer  30: does not have KV cache
llama_kv_cache: layer  31: does not have KV cache
llama_kv_cache: layer  32: does not have KV cache
llama_kv_cache: layer  33: does not have KV cache
llama_kv_cache: layer  34: does not have KV cache
llama_kv_cache: layer  35: does not have KV cache
llama_kv_cache: layer  36: does not have KV cache
llama_kv_cache: layer  37: does not have KV cache
llama_kv_cache: layer  38: does not have KV cache
llama_kv_cache: layer  39: does not have KV cache
llama_kv_cache: layer  40: does not have KV cache
llama_kv_cache: layer  41: does not have KV cache
llama_kv_cache: reusing layers:
llama_kv_cache: - layer   0: no reuse
llama_kv_cache: - layer   1: no reuse
llama_kv_cache: - layer   2: no reuse
llama_kv_cache: - layer   3: no reuse
llama_kv_cache: - layer   4: no reuse
llama_kv_cache: - layer   5: no reuse
llama_kv_cache: - layer   6: no reuse
llama_kv_cache: - layer   7: no reuse
llama_kv_cache: - layer   8: no reuse
llama_kv_cache: - layer   9: no reuse
llama_kv_cache: - layer  10: no reuse
llama_kv_cache: - layer  11: no reuse
llama_kv_cache: - layer  12: no reuse
llama_kv_cache: - layer  13: no reuse
llama_kv_cache: - layer  14: no reuse
llama_kv_cache: - layer  15: no reuse
llama_kv_cache: - layer  16: no reuse
llama_kv_cache: - layer  17: no reuse
llama_kv_cache: - layer  18: no reuse
llama_kv_cache: - layer  19: no reuse
llama_kv_cache: - layer  20: no reuse
llama_kv_cache: - layer  21: no reuse
llama_kv_cache: - layer  22: no reuse
llama_kv_cache: - layer  23: no reuse
llama_kv_cache: - layer  24: reuse layer 22, is_swa = 1
llama_kv_cache: - layer  25: reuse layer 22, is_swa = 1
llama_kv_cache: - layer  26: reuse layer 22, is_swa = 1
llama_kv_cache: - layer  27: reuse layer 22, is_swa = 1
llama_kv_cache: - layer  28: reuse layer 22, is_swa = 1
llama_kv_cache: - layer  29: filtered
llama_kv_cache: - layer  30: reuse layer 22, is_swa = 1
llama_kv_cache: - layer  31: reuse layer 22, is_swa = 1
llama_kv_cache: - layer  32: reuse layer 22, is_swa = 1
llama_kv_cache: - layer  33: reuse layer 22, is_swa = 1
llama_kv_cache: - layer  34: reuse layer 22, is_swa = 1
llama_kv_cache: - layer  35: filtered
llama_kv_cache: - layer  36: reuse layer 22, is_swa = 1
llama_kv_cache: - layer  37: reuse layer 22, is_swa = 1
llama_kv_cache: - layer  38: reuse layer 22, is_swa = 1
llama_kv_cache: - layer  39: reuse layer 22, is_swa = 1
llama_kv_cache: - layer  40: reuse layer 22, is_swa = 1
llama_kv_cache: - layer  41: filtered
llama_kv_cache:        CPU KV buffer size =    45.00 MiB
llama_kv_cache: size =   45.00 MiB (   768 cells,  20 layers,  1/1 seqs), K (f16):   15.00 MiB, V (f16):   30.00 MiB
llama_kv_cache: attn_rot_k = 0, n_embd_head_k_all = 256
llama_kv_cache: attn_rot_v = 0, n_embd_head_k_all = 256
llama_context: enumerating backends
llama_context: backend_ptrs.size() = 2
sched_reserve: reserving ...
sched_reserve: max_nodes = 5336
sched_reserve: reserving full memory module
sched_reserve: worst-case: n_tokens = 256, n_seqs = 1, n_outputs = 1
resolve_fused_ops: resolving fused DeepSeek V4 HC support:
graph_reserve: reserving a graph for ubatch with n_tokens =    1, n_seqs =  1, n_outputs =    1
resolve_fused_ops: fused DeepSeek V4 HC pre enabled
graph_reserve: reserving a graph for ubatch with n_tokens =    1, n_seqs =  1, n_outputs =    1
resolve_fused_ops: fused DeepSeek V4 HC comb enabled
graph_reserve: reserving a graph for ubatch with n_tokens =    1, n_seqs =  1, n_outputs =    1
resolve_fused_ops: fused DeepSeek V4 HC post enabled
graph_reserve: reserving a graph for ubatch with n_tokens =  256, n_seqs =  1, n_outputs =  256
graph_reserve: reserving a graph for ubatch with n_tokens =    1, n_seqs =  1, n_outputs =    1
graph_reserve: reserving a graph for ubatch with n_tokens =  256, n_seqs =  1, n_outputs =  256
sched_reserve: Vulkan_Host compute buffer size =   263.50 MiB
sched_reserve: graph nodes  = 2057
sched_reserve: graph splits = 1
sched_reserve: reserve took 3.17 ms, sched copies = 1
~llama_context:    Vulkan0 compute buffer size is 284.2559 MiB, matches expectation of 284.2559 MiB
~llama_context: Vulkan_Host compute buffer size is  28.2735 MiB, matches expectation of  28.2735 MiB
llama_model_loader: loaded meta data with 51 key-value pairs and 49 tensors from /var/home/agent/workspace/projects/models/gemma-4-e4b-qat-mtp/gemma-4-E4B-it-qat-assistant-MTP-Q8_0.gguf (version GGUF V3 (latest))
llama_model_loader: Dumping metadata keys/values. Note: KV overrides do not apply in this output.
llama_model_loader: - kv   0:                       general.architecture str              = gemma4-assistant
llama_model_loader: - kv   1:                               general.type str              = model
llama_model_loader: - kv   2:                     general.sampling.top_k i32              = 64
llama_model_loader: - kv   3:                     general.sampling.top_p f32              = 0.950000
llama_model_loader: - kv   4:                      general.sampling.temp f32              = 1.000000
llama_model_loader: - kv   5:                               general.name str              = 65892304d4eb7762acc45257a327885f7535e584
llama_model_loader: - kv   6:                           general.finetune str              = 65892304d4eb7762acc45257a327885f7535e584
llama_model_loader: - kv   7:                         general.size_label str              = 78M
llama_model_loader: - kv   8:                            general.license str              = apache-2.0
llama_model_loader: - kv   9:                       general.license.link str              = https://ai.google.dev/gemma/docs/gemm...
llama_model_loader: - kv  10:                   general.base_model.count u32              = 1
llama_model_loader: - kv  11:                  general.base_model.0.name str              = Gemma 4 E4B It Assistant
llama_model_loader: - kv  12:          general.base_model.0.organization str              = Google
llama_model_loader: - kv  13:              general.base_model.0.repo_url str              = https://huggingface.co/google/gemma-4...
llama_model_loader: - kv  14:                               general.tags arr[str,1]       = ["any-to-any"]
llama_model_loader: - kv  15:               gemma4-assistant.block_count u32              = 4
llama_model_loader: - kv  16:            gemma4-assistant.context_length u32              = 131072
llama_model_loader: - kv  17:          gemma4-assistant.embedding_length u32              = 256
llama_model_loader: - kv  18:       gemma4-assistant.feed_forward_length u32              = 2048
llama_model_loader: - kv  19:      gemma4-assistant.attention.head_count u32              = 4
llama_model_loader: - kv  20:   gemma4-assistant.attention.head_count_kv u32              = 2
llama_model_loader: - kv  21:            gemma4-assistant.rope.freq_base f32              = 1000000.000000
llama_model_loader: - kv  22:        gemma4-assistant.rope.freq_base_swa f32              = 10000.000000
llama_model_loader: - kv  23: gemma4-assistant.attention.layer_norm_rms_epsilon f32              = 0.000001
llama_model_loader: - kv  24:      gemma4-assistant.attention.key_length u32              = 512
llama_model_loader: - kv  25:    gemma4-assistant.attention.value_length u32              = 512
llama_model_loader: - kv  26:                          general.file_type u32              = 7
llama_model_loader: - kv  27:  gemma4-assistant.attention.sliding_window u32              = 512
llama_model_loader: - kv  28: gemma4-assistant.attention.shared_kv_layers u32              = 4
llama_model_loader: - kv  29: gemma4-assistant.embedding_length_per_layer_input u32              = 0
llama_model_loader: - kv  30: gemma4-assistant.attention.sliding_window_pattern arr[bool,4]      = [true, true, true, false]
llama_model_loader: - kv  31:  gemma4-assistant.attention.key_length_swa u32              = 256
llama_model_loader: - kv  32: gemma4-assistant.attention.value_length_swa u32              = 256
llama_model_loader: - kv  33:      gemma4-assistant.rope.dimension_count u32              = 512
llama_model_loader: - kv  34:  gemma4-assistant.rope.dimension_count_swa u32              = 256
llama_model_loader: - kv  35:      gemma4-assistant.embedding_length_out u32              = 2560
llama_model_loader: - kv  36:      gemma4-assistant.nextn_predict_layers u32              = 4
llama_model_loader: - kv  37:               general.quantization_version u32              = 2
llama_model_loader: - kv  38:                       tokenizer.ggml.model str              = gemma4
llama_model_loader: - kv  39:                      tokenizer.ggml.tokens arr[str,262144]  = ["<pad>", "<eos>", "<bos>", "<unk>", ...
llama_model_loader: - kv  40:                      tokenizer.ggml.scores arr[f32,262144]  = [-1000.000000, -1000.000000, -1000.00...
llama_model_loader: - kv  41:                  tokenizer.ggml.token_type arr[i32,262144]  = [3, 3, 3, 3, 3, 1, 1, 1, 1, 1, 1, 1, ...
llama_model_loader: - kv  42:                      tokenizer.ggml.merges arr[str,514906]  = ["\n\n\n\n\n\n\n\n\n\n\n\n\n\n\n\n\n\n\n\n\n\n\n\n\n\n\n\n\n\n \n", ...
llama_model_loader: - kv  43:                tokenizer.ggml.bos_token_id u32              = 2
llama_model_loader: - kv  44:                tokenizer.ggml.eos_token_id u32              = 1
llama_model_loader: - kv  45:            tokenizer.ggml.unknown_token_id u32              = 3
llama_model_loader: - kv  46:            tokenizer.ggml.padding_token_id u32              = 0
llama_model_loader: - kv  47:               tokenizer.ggml.mask_token_id u32              = 4
llama_model_loader: - kv  48:                    tokenizer.chat_template str              = {%- macro format_parameters(propertie...
llama_model_loader: - kv  49:            tokenizer.ggml.add_space_prefix bool             = false
llama_model_loader: - kv  50:               tokenizer.ggml.add_bos_token bool             = true
llama_model_loader: - type  f32:   26 tensors
llama_model_loader: - type q8_0:   23 tensors
print_info: file format = GGUF V3 (latest)
print_info: file type   = Q8_0
print_info: file size   = 79.05 MiB (8.50 BPW) 
llama_prepare_model_devices: using device Vulkan0 (Intel(R) Iris(R) Xe Graphics (RPL-P)) (0000:00:02.0) - 17996 MiB free
init_tokenizer: initializing tokenizer for type 2
load: 0 unused tokens
load: control token:      2 '<bos>' is not marked as EOG
load: control-looking token:    212 '</s>' was not control-type; this is probably a bug in the model. its type will be overridden
load: control token:      0 '<pad>' is not marked as EOG
load: control-looking token:     50 '<|tool_response>' was not control-type; this is probably a bug in the model. its type will be overridden
load: control-looking token:    106 '<turn|>' was not control-type; this is probably a bug in the model. its type will be overridden
load: control token:      3 '<unk>' is not marked as EOG
load: control token:      4 '<mask>' is not marked as EOG
load: printing all EOG tokens:
load:   - 1 ('<eos>')
load:   - 50 ('<|tool_response>')
load:   - 106 ('<turn|>')
load:   - 212 ('</s>')
load: special_eog_ids contains '<|tool_response>', removing '</s>' token from EOG list
load: special tokens cache size = 13
load: token to piece cache size = 1.9445 MB
print_info: arch                  = gemma4-assistant
print_info: vocab_only            = 0
print_info: no_alloc              = 0
print_info: n_ctx_train           = 131072
print_info: n_embd_inp            = 2560
print_info: n_embd                = 256
print_info: n_embd_out            = 2560
print_info: n_layer               = 0
print_info: n_layer_all           = 4
print_info: n_head                = 4
print_info: n_head_kv             = 2
print_info: n_rot                 = 512
print_info: n_swa                 = 512
print_info: is_swa_any            = 1
print_info: non_causal_type       = 0
print_info: n_embd_head_k         = 512
print_info: n_embd_head_v         = 512
print_info: n_gqa                 = 2
print_info: n_embd_k_gqa          = [512, 512, 512, 1024]
print_info: n_embd_v_gqa          = [512, 512, 512, 1024]
print_info: f_norm_eps            = 0.0e+00
print_info: f_norm_rms_eps        = 1.0e-06
print_info: f_clamp_kqv           = 0.0e+00
print_info: f_max_alibi_bias      = 0.0e+00
print_info: f_logit_scale         = 0.0e+00
print_info: f_attn_scale          = 1.0e+00
print_info: f_attn_value_scale    = 0.0000
print_info: n_ff                  = 2048
print_info: n_expert              = 0
print_info: n_expert_used         = 0
print_info: n_expert_groups       = 0
print_info: n_group_used          = 0
print_info: causal attn           = 1
print_info: pooling type          = -1
print_info: rope type             = 2
print_info: rope scaling          = linear
print_info: freq_base_train       = 1000000.0
print_info: freq_scale_train      = 1
print_info: freq_base_swa         = 10000.0
print_info: freq_scale_swa        = 1
print_info: n_embd_head_k_swa     = 256
print_info: n_embd_head_v_swa     = 256
print_info: n_rot_swa             = 256
print_info: n_ctx_orig_yarn       = 131072
print_info: rope_yarn_log_mul     = 0.0000
print_info: rope_finetuned        = unknown
print_info: model type            = ?B
print_info: model params          = 77.99 M
print_info: general.name          = 65892304d4eb7762acc45257a327885f7535e584
print_info: vocab type            = BPE
print_info: n_vocab               = 262144
print_info: n_merges              = 514906
print_info: BOS token             = 2 '<bos>'
print_info: EOS token             = 1 '<eos>'
print_info: UNK token             = 3 '<unk>'
print_info: PAD token             = 0 '<pad>'
print_info: MASK token            = 4 '<mask>'
print_info: LF token              = 107 '
'
print_info: EOG token             = 1 '<eos>'
print_info: EOG token             = 50 '<|tool_response>'
print_info: EOG token             = 106 '<turn|>'
print_info: max token length      = 93
load_tensors: loading model tensors, this can take a while... (load_mode = none)
load_tensors: layer   0 assigned to device CPU, is_swa = 1
load_tensors: layer   1 assigned to device CPU, is_swa = 1
load_tensors: layer   2 assigned to device CPU, is_swa = 1
load_tensors: layer   3 assigned to device CPU, is_swa = 0
load_tensors: layer   4 assigned to device CPU, is_swa = 0
create_tensor: loading tensor token_embd.weight
create_tensor: loading tensor token_embd.weight
create_tensor: loading tensor output_norm.weight
create_tensor: loading tensor masked_embd_centroids.weight
create_tensor: loading tensor masked_embd_ordering
create_tensor: loading tensor nextn.post_projection.weight
create_tensor: loading tensor nextn.pre_projection.weight
create_tensor: loading tensor blk.0.attn_norm.weight
create_tensor: loading tensor blk.0.attn_q.weight
create_tensor: loading tensor blk.0.attn_output.weight
create_tensor: loading tensor blk.0.attn_q_norm.weight
create_tensor: loading tensor blk.0.post_attention_norm.weight
create_tensor: loading tensor blk.0.layer_output_scale.weight
create_tensor: loading tensor blk.0.ffn_norm.weight
create_tensor: loading tensor blk.0.ffn_gate.weight
create_tensor: loading tensor blk.0.ffn_up.weight
create_tensor: loading tensor blk.0.ffn_down.weight
create_tensor: loading tensor blk.0.post_ffw_norm.weight
create_tensor: loading tensor blk.1.attn_norm.weight
create_tensor: loading tensor blk.1.attn_q.weight
create_tensor: loading tensor blk.1.attn_output.weight
create_tensor: loading tensor blk.1.attn_q_norm.weight
create_tensor: loading tensor blk.1.post_attention_norm.weight
create_tensor: loading tensor blk.1.layer_output_scale.weight
create_tensor: loading tensor blk.1.ffn_norm.weight
create_tensor: loading tensor blk.1.ffn_gate.weight
create_tensor: loading tensor blk.1.ffn_up.weight
create_tensor: loading tensor blk.1.ffn_down.weight
create_tensor: loading tensor blk.1.post_ffw_norm.weight
create_tensor: loading tensor blk.2.attn_norm.weight
create_tensor: loading tensor blk.2.attn_q.weight
create_tensor: loading tensor blk.2.attn_output.weight
create_tensor: loading tensor blk.2.attn_q_norm.weight
create_tensor: loading tensor blk.2.post_attention_norm.weight
create_tensor: loading tensor blk.2.layer_output_scale.weight
create_tensor: loading tensor blk.2.ffn_norm.weight
create_tensor: loading tensor blk.2.ffn_gate.weight
create_tensor: loading tensor blk.2.ffn_up.weight
create_tensor: loading tensor blk.2.ffn_down.weight
create_tensor: loading tensor blk.2.post_ffw_norm.weight
create_tensor: loading tensor blk.3.attn_norm.weight
create_tensor: loading tensor blk.3.attn_q.weight
create_tensor: loading tensor blk.3.attn_output.weight
create_tensor: loading tensor blk.3.attn_q_norm.weight
create_tensor: loading tensor blk.3.post_attention_norm.weight
create_tensor: loading tensor blk.3.layer_output_scale.weight
create_tensor: loading tensor rope_freqs.weight
create_tensor: loading tensor blk.3.ffn_norm.weight
create_tensor: loading tensor blk.3.ffn_gate.weight
create_tensor: loading tensor blk.3.ffn_up.weight
create_tensor: loading tensor blk.3.ffn_down.weight
create_tensor: loading tensor blk.3.post_ffw_norm.weight
create_tensor: loading tensor blk.0.attn_q.scale
create_tensor: loading tensor blk.0.attn_output.scale
create_tensor: loading tensor blk.0.ffn_gate.scale
create_tensor: loading tensor blk.0.ffn_down.scale
create_tensor: loading tensor blk.0.ffn_up.scale
create_tensor: loading tensor blk.0.attn_q.input_scale
create_tensor: loading tensor blk.0.attn_output.input_scale
create_tensor: loading tensor blk.0.ffn_gate.input_scale
create_tensor: loading tensor blk.0.ffn_down.input_scale
create_tensor: loading tensor blk.0.ffn_up.input_scale
create_tensor: loading tensor blk.1.attn_q.scale
create_tensor: loading tensor blk.1.attn_output.scale
create_tensor: loading tensor blk.1.ffn_gate.scale
create_tensor: loading tensor blk.1.ffn_down.scale
create_tensor: loading tensor blk.1.ffn_up.scale
create_tensor: loading tensor blk.1.attn_q.input_scale
create_tensor: loading tensor blk.1.attn_output.input_scale
create_tensor: loading tensor blk.1.ffn_gate.input_scale
create_tensor: loading tensor blk.1.ffn_down.input_scale
create_tensor: loading tensor blk.1.ffn_up.input_scale
create_tensor: loading tensor blk.2.attn_q.scale
create_tensor: loading tensor blk.2.attn_output.scale
create_tensor: loading tensor blk.2.ffn_gate.scale
create_tensor: loading tensor blk.2.ffn_down.scale
create_tensor: loading tensor blk.2.ffn_up.scale
create_tensor: loading tensor blk.2.attn_q.input_scale
create_tensor: loading tensor blk.2.attn_output.input_scale
create_tensor: loading tensor blk.2.ffn_gate.input_scale
create_tensor: loading tensor blk.2.ffn_down.input_scale
create_tensor: loading tensor blk.2.ffn_up.input_scale
create_tensor: loading tensor blk.3.attn_q.scale
create_tensor: loading tensor blk.3.attn_output.scale
create_tensor: loading tensor blk.3.ffn_gate.scale
create_tensor: loading tensor blk.3.ffn_down.scale
create_tensor: loading tensor blk.3.ffn_up.scale
create_tensor: loading tensor blk.3.attn_q.input_scale
create_tensor: loading tensor blk.3.attn_output.input_scale
create_tensor: loading tensor blk.3.ffn_gate.input_scale
create_tensor: loading tensor blk.3.ffn_down.input_scale
create_tensor: loading tensor blk.3.ffn_up.input_scale
load_tensors: offloading 0 repeating layers to GPU
load_tensors: offloaded 0/5 layers to GPU
load_tensors:  Vulkan_Host model buffer size =    79.13 MiB
load_all_data: buffer type Vulkan_Host is not the default buffer type for device Vulkan0 for async uploads
..............
llama_context: constructing llama_context
llama_context: n_seq_max             = 1
llama_context: n_ctx                 = 8192
llama_context: n_ctx_seq             = 8192
llama_context: n_batch               = 256
llama_context: n_ubatch              = 256
llama_context: causal_attn           = 1
llama_context: flash_attn            = disabled
llama_context: kv_unified            = false
llama_context: freq_base             = 1000000.0
llama_context: freq_scale            = 1
llama_context: n_rs_seq              = 0
llama_context: n_outputs_max         = 256
llama_context: n_outputs_max_per_seq = 256
llama_context: n_ctx_seq (8192) < n_ctx_train (131072) -- the full capacity of the model will not be utilized
set_abort_callback: call
llama_context:        CPU  output buffer size =     1.00 MiB
llama_kv_cache_iswa: creating non-SWA KV cache, size = 8192 cells
llama_kv_cache: the V embeddings have different sizes across layers and FA is not enabled - padding V cache to 1024
llama_kv_cache: layer   0: filtered
llama_kv_cache: layer   1: filtered
llama_kv_cache: layer   2: filtered
llama_kv_cache: layer   3: sharing with layer 41. k = 0x7ff6a6df1000, v = 0x7ff6a7df1000
llama_kv_cache: size =   32.00 MiB (  8192 cells,   1 layers,  1/1 seqs), K (f16):   16.00 MiB, V (f16):   16.00 MiB
llama_kv_cache: attn_rot_k = 0, n_embd_head_k_all = 512
llama_kv_cache: attn_rot_v = 0, n_embd_head_k_all = 512
llama_kv_cache_iswa: creating     SWA KV cache, size = 768 cells
llama_kv_cache: the V embeddings have different sizes across layers and FA is not enabled - padding V cache to 1024
llama_kv_cache: layer   0: sharing with layer 40. k = 0x7ff8131bf000, v = 0x7ff81327f000
llama_kv_cache: layer   1: sharing with layer 40. k = 0x7ff8131bf000, v = 0x7ff81327f000
llama_kv_cache: layer   2: sharing with layer 40. k = 0x7ff8131bf000, v = 0x7ff81327f000
llama_kv_cache: layer   3: filtered
llama_kv_cache: size =    6.75 MiB (   768 cells,   3 layers,  1/1 seqs), K (f16):    2.25 MiB, V (f16):    4.50 MiB
llama_kv_cache: attn_rot_k = 0, n_embd_head_k_all = 256
llama_kv_cache: attn_rot_v = 0, n_embd_head_k_all = 256
llama_context: enumerating backends
llama_context: backend_ptrs.size() = 2
sched_reserve: reserving ...
sched_reserve: max_nodes = 1024
sched_reserve: reserving full memory module
sched_reserve: worst-case: n_tokens = 256, n_seqs = 1, n_outputs = 1
resolve_fused_ops: resolving fused DeepSeek V4 HC support:
graph_reserve: reserving a graph for ubatch with n_tokens =    1, n_seqs =  1, n_outputs =    1
resolve_fused_ops: fused DeepSeek V4 HC pre enabled
graph_reserve: reserving a graph for ubatch with n_tokens =    1, n_seqs =  1, n_outputs =    1
resolve_fused_ops: fused DeepSeek V4 HC comb enabled
graph_reserve: reserving a graph for ubatch with n_tokens =    1, n_seqs =  1, n_outputs =    1
resolve_fused_ops: fused DeepSeek V4 HC post enabled
graph_reserve: reserving a graph for ubatch with n_tokens =  256, n_seqs =  1, n_outputs =  256
graph_reserve: reserving a graph for ubatch with n_tokens =    1, n_seqs =  1, n_outputs =    1
graph_reserve: reserving a graph for ubatch with n_tokens =  256, n_seqs =  1, n_outputs =  256
sched_reserve: Vulkan_Host compute buffer size =   259.00 MiB
sched_reserve: graph nodes  = 138
sched_reserve: graph splits = 1
sched_reserve: reserve took 0.59 ms, sched copies = 1
set_embeddings_nextn: value = 1, masked = 0
set_embeddings_nextn: value = 1, masked = 1
sched_reserve: reserving ...
sched_reserve: max_nodes = 5336
sched_reserve: reserving full memory module
sched_reserve: worst-case: n_tokens = 256, n_seqs = 1, n_outputs = 1
graph_reserve: reserving a graph for ubatch with n_tokens =  256, n_seqs =  1, n_outputs =  256
graph_reserve: reserving a graph for ubatch with n_tokens =    1, n_seqs =  1, n_outputs =    1
graph_reserve: reserving a graph for ubatch with n_tokens =  256, n_seqs =  1, n_outputs =  256
sched_reserve: Vulkan_Host compute buffer size =   263.50 MiB
sched_reserve: graph nodes  = 2057
sched_reserve: graph splits = 1
sched_reserve: reserve took 2.78 ms, sched copies = 1
~llama_context:    Vulkan0 compute buffer size is   0.0000 MiB, matches expectation of   0.0000 MiB
~llama_context: Vulkan_Host compute buffer size is 259.0000 MiB, matches expectation of 259.0000 MiB
~llama_context:    Vulkan0 compute buffer size is   0.0000 MiB, matches expectation of   0.0000 MiB
~llama_context: Vulkan_Host compute buffer size is 263.5039 MiB, matches expectation of 263.5039 MiB
