epoch	phase	elapsed	rss_kib	pss_kib	read_bytes	minflt	majflt	blkio_ticks	mem_available_kib	swap_free_kib	pswpin_delta	pswpout_delta	pgmaj_delta
1785492405	startup	0	7144	8739	0	2597	0	0	30535596	8388604	0	0	0
1785492406	startup	1	108844	104272	0	104700	0	0	30212040	8388604	0	0	0
1785492407	startup	2	13363656	13367623	0	619349	0	0	28880324	8388604	0	0	0
1785492408	startup	3	13525696	13521092	0	653318	0	0	28722576	8388604	0	0	0
1785492408	request	3	13525856	13523242	0	654755	0	0	28704408	8388604	0	0	0
1785492418	request	13	13622548	13617882	0	720851	0	0	28673484	8388604	0	0	0
1785492429	request	24	13734004	13729334	0	737763	0	0	28677448	8388604	0	0	0
1785492439	request	34	13734092	13729422	0	737785	0	0	28731884	8388604	0	0	0
1785492449	request	44	13734112	13729447	0	737791	0	0	28785748	8388604	0	0	0
1785492459	request	54	13754444	13749777	0	742873	0	0	28770392	8388604	0	0	0
1785492469	request	64	13754484	13749816	0	742883	0	0	28776740	8388604	0	0	0
1785492479	request	74	13754484	13749814	0	742883	0	0	28776920	8388604	0	0	0
1785492489	request	84	13754716	13750046	0	742941	0	0	28776440	8388604	0	0	0
1785492500	request	95	13754716	13750046	0	742941	0	0	28776976	8388604	0	0	0
1785492510	request	105	13754716	13750050	0	742941	0	0	28776944	8388604	0	0	0
1785492520	request	115	13754724	13750054	0	742943	0	0	28776188	8388604	0	0	0
1785492530	request	125	13754940	13750272	0	742997	0	0	28775948	8388604	0	0	0
1785492540	request	135	13754940	13750274	0	742997	0	0	28774860	8388604	0	0	0
1785492550	request	145	13754940	13750273	0	742997	0	0	28774956	8388604	0	0	0
1785492561	request	156	13754948	13750278	0	742999	0	0	28774592	8388604	0	0	0
1785492571	request	166	13754948	13750282	0	742999	0	0	28775188	8388604	0	0	0
1785492581	request	176	13755112	13750442	0	743040	0	0	28775392	8388604	0	0	0
1785492591	request	186	13755112	13750447	0	743040	0	0	28774888	8388604	0	0	0
1785492601	request	196	13755120	13750450	0	743042	0	0	28774636	8388604	0	0	0
1785492611	request	206	13755120	13750455	0	743042	0	0	28775992	8388604	0	0	0
1785492621	request	216	13755136	13750473	0	743046	0	0	28775744	8388604	0	0	0
1785492632	request	227	13755144	13750477	0	743048	0	0	28776628	8388604	0	0	0
1785492642	request	237	13755152	13750489	0	743050	0	0	28776172	8388604	0	0	0
1785492652	request	247	13755152	13750489	0	743050	0	0	28775620	8388604	0	0	0
1785492662	request	257	13755152	13750488	0	743050	0	0	28775116	8388604	0	0	0
1785492672	request	267	13755156	13750491	0	743051	0	0	28774848	8388604	0	0	0
1785492682	request	277	13755160	13750493	0	743052	0	0	28778216	8388604	0	0	0
1785492692	request	287	13755160	13750498	0	743052	0	0	28777212	8388604	0	0	0
1785492703	request	298	13755160	13750498	0	743052	0	0	28776900	8388604	0	0	0
1785492713	request	308	13755160	13750495	0	743052	0	0	28777180	8388604	0	0	0
1785492723	request	318	13755160	13750493	0	743052	0	0	28777564	8388604	0	0	0
1785492733	request	328	13755160	13750493	0	743052	0	0	28777316	8388604	0	0	0
1785492743	request	338	13755168	13750504	0	743054	0	0	28776368	8388604	0	0	0
1785492753	request	348	13755168	13750501	0	743054	0	0	28769976	8388604	0	0	0
1785492763	request	358	13755168	13750501	0	743054	0	0	28769708	8388604	0	0	0
1785492774	request	369	13755168	13750501	0	743054	0	0	28769708	8388604	0	0	0
1785492784	request	379	13755168	13750501	0	743054	0	0	28769204	8388604	0	0	0
1785492794	request	389	13755168	13750504	0	743054	0	0	28768964	8388604	0	0	0
1785492804	request	399	13755168	13750501	0	743054	0	0	28768600	8388604	0	0	0
1785492814	request	409	13755168	13750501	0	743054	0	0	28769988	8388604	0	0	0
1785492824	request	419	13755168	13750505	0	743054	0	0	28769772	8388604	0	0	0
1785492835	request	430	13755168	13750503	0	743054	0	0	28769620	8388604	0	0	0
1785492845	request	440	13755180	13750513	0	743057	0	0	28773096	8388604	0	0	0
1785492855	request	450	13755180	13750516	0	743057	0	0	28773096	8388604	0	0	0
1785492865	request	460	13755180	13750516	0	743057	0	0	28773012	8388604	0	0	0
1785492875	request	470	13755180	13750518	0	743057	0	0	28773928	8388604	0	0	0
1785492885	request	480	13755180	13750513	0	743057	0	0	28773676	8388604	0	0	0
1785492895	request	490	13755180	13750517	0	743057	0	0	28773976	8388604	0	0	0
1785492906	request	501	13755180	13750515	0	743057	0	0	28773724	8388604	0	0	0
1785492916	request	511	13755188	13750526	0	743059	0	0	28776464	8388604	0	0	0
1785492926	request	521	13755188	13750524	0	743059	0	0	28776012	8388604	0	0	0
1785492936	request	531	13755188	13750524	0	743059	0	0	28775840	8388604	0	0	0
1785492946	request	541	13755188	13750526	0	743059	0	0	28775336	8388604	0	0	0
1785492956	request	551	13755188	13750526	0	743059	0	0	28774100	8388604	0	0	0
1785492966	request	561	13755188	13750524	0	743059	0	0	28774712	8388604	0	0	0
1785492977	request	572	13755188	13750522	0	743059	0	0	28774208	8388604	0	0	0
1785492987	request	582	13755188	13750527	0	743059	0	0	28772412	8388604	0	0	0
1785492997	request	592	13755188	13750525	0	743059	0	0	28771100	8388604	0	0	0
1785493007	request	602	13755188	13750524	0	743059	0	0	28771088	8388604	0	0	0
1785493017	request	612	13755188	13750524	0	743059	0	0	28770336	8388604	0	0	0
1785493027	request	622	13755188	13750525	0	743059	0	0	28770980	8388604	0	0	0
1785493038	request	633	13755188	13750524	0	743059	0	0	28772432	8388604	0	0	0
1785493048	request	643	13755188	13750524	0	743059	0	0	28772248	8388604	0	0	0
1785493058	request	653	13755188	13750524	0	743059	0	0	28771880	8388604	0	0	0
1785493068	request	663	13755188	13750527	0	743059	0	0	28771908	8388604	0	0	0
1785493078	request	673	13755188	13750525	0	743059	0	0	28771656	8388604	0	0	0
1785493088	request	683	13755188	13750522	0	743059	0	0	28772084	8388604	0	0	0
1785493098	request	693	13755188	13750527	0	743059	0	0	28768816	8388604	0	0	3
1785493109	request	704	13755188	13750526	0	743059	0	0	28767920	8388604	0	0	3
1785493119	request	714	13755188	13750523	0	743059	0	0	28768504	8388604	0	0	3
1785493129	request	724	13755188	13750526	0	743059	0	0	28767748	8388604	0	0	3
1785493139	request	734	13755188	13750524	0	743059	0	0	28768012	8388604	0	0	3
1785493149	request	744	13755188	13750521	0	743059	0	0	28767652	8388604	0	0	3
1785493159	request	754	13755188	13750522	0	743059	0	0	28768920	8388604	0	0	3
1785493169	request	764	13755188	13750524	0	743059	0	0	28768740	8388604	0	0	3
1785493180	request	775	13755188	13750523	0	743059	0	0	28768740	8388604	0	0	3
1785493190	request	785	13755188	13750525	0	743059	0	0	28769148	8388604	0	0	3
1785493200	request	795	13755188	13750525	0	743059	0	0	28769012	8388604	0	0	3
1785493210	request	805	13755188	13750532	0	743059	0	0	28770900	8388604	0	0	3
1785493220	request	815	13755196	13750539	0	743061	0	0	28770300	8388604	0	0	3
1785493230	request	825	13755196	13750539	0	743061	0	0	28770480	8388604	0	0	3
1785493241	request	836	13755196	13750536	0	743061	0	0	28769400	8388604	0	0	3
1785493251	request	846	13755196	13750536	0	743061	0	0	28769052	8388604	0	0	3
1785493261	request	856	13755196	13750539	0	743061	0	0	28769400	8388604	0	0	3
1785493271	request	866	13755196	13750539	0	743061	0	0	28768020	8388604	0	0	3
1785493281	request	876	13755196	13750541	0	743061	0	0	28767932	8388604	0	0	3
1785493291	request	886	13755196	13750542	0	743061	0	0	28768144	8388604	0	0	3
1785493301	request	896	13755196	13750540	0	743061	0	0	28767640	8388604	0	0	3
1785493312	request	907	13755196	13750539	0	743061	0	0	28766432	8388604	0	0	3
1785493322	request	917	13755196	13750540	0	743061	0	0	28766068	8388604	0	0	3
1785493332	request	927	13755196	13750539	0	743061	0	0	28765856	8388604	0	0	3
1785493342	request	937	13755196	13750540	0	743061	0	0	28766688	8388604	0	0	3
1785493352	request	947	13755196	13750537	0	743061	0	0	28765980	8388604	0	0	3
1785493362	request	957	13755196	13750539	0	743061	0	0	28765728	8388604	0	0	3
1785493372	request	967	13755196	13750541	0	743061	0	0	28762580	8388604	0	0	3
1785493383	request	978	13755196	13750538	0	743061	0	0	28760720	8388604	0	0	3
1785493393	request	988	13757244	13752589	0	743573	0	0	28760648	8388604	0	0	3
1785493403	request	998	13757244	13752584	0	743573	0	0	28761124	8388604	0	0	3
1785493413	request	1008	13757244	13752585	0	743573	0	0	28761148	8388604	0	0	3
1785493423	request	1018	13757244	13752587	0	743573	0	0	28760896	8388604	0	0	3
1785493433	request	1028	13757244	13752587	0	743573	0	0	28769360	8388604	0	0	3
1785493443	request	1038	13757244	13752589	0	743573	0	0	28758928	8388604	0	0	3
1785493454	request	1049	13757244	13752587	0	743573	0	0	28760496	8388604	0	0	3
1785493464	request	1059	13757244	13752585	0	743573	0	0	28760244	8388604	0	0	3
1785493474	request	1069	13757252	13752596	0	743575	0	0	28760372	8388604	0	0	3
1785493484	request	1079	13759300	13754645	0	744087	0	0	28760020	8388604	0	0	3
1785493494	request	1089	13759300	13754642	0	744087	0	0	28767748	8388604	0	0	3
1785493504	request	1099	13759308	13754652	0	744089	0	0	28767244	8388604	0	0	3
1785493515	request	1110	13759308	13754644	0	744089	0	0	28768788	8388604	0	0	3
1785493525	request	1120	13759308	13754644	0	744089	0	0	28768284	8388604	0	0	3
1785493535	request	1130	13759308	13754643	0	744089	0	0	28768284	8388604	0	0	3
1785493545	request	1140	13759308	13754645	0	744089	0	0	28767836	8388604	0	0	3
1785493555	request	1150	13759308	13754642	0	744089	0	0	28776056	8388604	0	0	3
1785493565	request	1160	13759308	13754642	0	744089	0	0	28775340	8388604	0	0	3
1785493575	request	1170	13759308	13754642	0	744089	0	0	28775256	8388604	0	0	3
1785493586	request	1181	13759316	13754648	0	744091	0	0	28775004	8388604	0	0	3
1785493596	request	1191	13759316	13754652	0	744091	0	0	28774752	8388604	0	0	3
1785493606	request	1201	13759316	13754650	0	744091	0	0	28774412	8388604	0	0	3
1785493616	request	1211	13759316	13754650	0	744091	0	0	28773912	8388604	0	0	3
1785493626	request	1221	13759316	13754651	0	744091	0	0	28773856	8388604	0	0	3
1785493636	request	1231	13759316	13754651	0	744091	0	0	28774968	8388604	0	0	3
1785493647	request	1242	13759316	13754648	0	744091	0	0	28774716	8388604	0	0	3
1785493657	request	1252	13759316	13754652	0	744091	0	0	28774940	8388604	0	0	3
1785493667	request	1262	13759316	13754650	0	744091	0	0	28774816	8388604	0	0	3
1785493677	request	1272	13759316	13754648	0	744091	0	0	28774340	8388604	0	0	3
1785493687	request	1282	13759324	13754659	0	744093	0	0	28774532	8388604	0	0	3
1785493697	request	1292	13759324	13754658	0	744093	0	0	28774660	8388604	0	0	3
1785493707	request	1302	13759324	13754656	0	744093	0	0	28774920	8388604	0	0	3
1785493718	request	1313	13759324	13754659	0	744093	0	0	28775176	8388604	0	0	3
1785493728	request	1323	13759324	13754658	0	744093	0	0	28774924	8388604	0	0	3
1785493738	request	1333	13759324	13754659	0	744093	0	0	28774292	8388604	0	0	3
1785493748	request	1343	13759324	13754658	0	744093	0	0	28774956	8388604	0	0	3
1785493758	request	1353	13759324	13754661	0	744093	0	0	28773444	8388604	0	0	3
1785493768	request	1363	13759324	13754656	0	744093	0	0	28773208	8388604	0	0	3
1785493779	request	1374	13759324	13754660	0	744093	0	0	28772212	8388604	0	0	3
1785493789	request	1384	13759324	13754658	0	744093	0	0	28772464	8388604	0	0	3
1785493799	request	1394	13759324	13754660	0	744093	0	0	28772948	8388604	0	0	3
1785493809	request	1404	13759324	13754658	0	744093	0	0	28772192	8388604	0	0	3
1785493819	request	1414	13759324	13754664	0	744093	0	0	28773896	8388604	0	0	3
1785493829	request	1424	13759324	13754661	0	744093	0	0	28773612	8388604	0	0	3
1785493839	request	1434	13759324	13754661	0	744093	0	0	28773616	8388604	0	0	3
1785493850	request	1445	13759324	13754663	0	744093	0	0	28773876	8388604	0	0	3
1785493860	request	1455	13759324	13754664	0	744093	0	0	28773204	8388604	0	0	3
1785493870	request	1465	13759324	13754663	0	744093	0	0	28773076	8388604	0	0	3
1785493880	request	1475	13759324	13754661	0	744093	0	0	28773328	8388604	0	0	3
1785493890	request	1485	13759324	13754663	0	744093	0	0	28775948	8388604	0	0	3
1785493900	request	1495	13759324	13754662	0	744093	0	0	28775432	8388604	0	0	3
1785493911	request	1506	13759324	13754662	0	744093	0	0	28775540	8388604	0	0	3
1785493921	request	1516	13759324	13754662	0	744093	0	0	28775540	8388604	0	0	3
1785493931	request	1526	13759324	13754659	0	744093	0	0	28777168	8388604	0	0	3
1785493941	request	1536	13759324	13754663	0	744093	0	0	28776664	8388604	0	0	3
1785493951	request	1546	13759324	13754662	0	744093	0	0	28776664	8388604	0	0	3
1785493961	request	1556	13759324	13754662	0	744093	0	0	28775364	8388604	0	0	3
1785493971	request	1566	13759324	13754662	0	744093	0	0	28776208	8388604	0	0	3
1785493982	request	1577	13759324	13754659	0	744093	0	0	28775412	8388604	0	0	3
1785493992	request	1587	13759324	13754664	0	744093	0	0	28775468	8388604	0	0	3
1785494002	request	1597	13759324	13754664	0	744093	0	0	28774460	8388604	0	0	3
1785494012	request	1607	13759324	13754661	0	744093	0	0	28774648	8388604	0	0	3
1785494022	request	1617	13759324	13754664	0	744093	0	0	28773884	8388604	0	0	3
1785494032	request	1627	13759324	13754662	0	744093	0	0	28773380	8388604	0	0	3
1785494043	request	1638	13759324	13754659	0	744093	0	0	28774904	8388604	0	0	3
1785494053	request	1648	13759324	13754662	0	744093	0	0	28775268	8388604	0	0	3
1785494063	request	1658	13759324	13754663	0	744093	0	0	28776164	8388604	0	0	3
1785494073	request	1668	13759324	13754663	0	744093	0	0	28776164	8388604	0	0	3
1785494083	request	1678	13759332	13754670	0	744095	0	0	28775660	8388604	0	0	3
1785494093	request	1688	13759332	13754670	0	744095	0	0	28774152	8388604	0	0	3
1785494103	request	1698	13759332	13754667	0	744095	0	0	28774424	8388604	0	0	3
1785494114	request	1709	13759332	13754669	0	744095	0	0	28778228	8388604	0	0	3
1785494124	request	1719	13759332	13754669	0	744095	0	0	28776852	8388604	0	0	3
1785494134	request	1729	13759332	13754672	0	744095	0	0	28775576	8388604	0	0	3
1785494144	request	1739	13759332	13754673	0	744095	0	0	28773320	8388604	0	0	3
1785494154	request	1749	13759332	13754672	0	744095	0	0	28771196	8388604	0	0	3
1785494164	request	1759	13759332	13754671	0	744095	0	0	28770944	8388604	0	0	3
1785494174	request	1769	13759332	13754671	0	744095	0	0	28770692	8388604	0	0	3
1785494185	request	1780	13759332	13754671	0	744095	0	0	28770928	8388604	0	0	3
1785494195	request	1790	13759332	13754671	0	744095	0	0	28770672	8388604	0	0	3
1785494205	request	1800	13759332	13754668	0	744095	0	0	28770836	8388604	0	0	3
1785494215	request	1810	13759332	13754670	0	744095	0	0	28771108	8388604	0	0	3
1785494225	request	1820	13759332	13754673	0	744095	0	0	28770616	8388604	0	0	3
1785494235	request	1830	13759332	13754672	0	744095	0	0	28770616	8388604	0	0	3
1785494246	request	1841	13759332	13754670	0	744095	0	0	28770616	8388604	0	0	3
1785494256	request	1851	13759332	13754672	0	744095	0	0	28771256	8388604	0	0	3
1785494266	request	1861	13759332	13754667	0	744095	0	0	28770112	8388604	0	0	3
1785494276	request	1871	13759332	13754668	0	744095	0	0	28768884	8388604	0	0	3
1785494286	request	1881	13759332	13754672	0	744095	0	0	28769344	8388604	0	0	3
1785494296	request	1891	13759332	13754671	0	744095	0	0	28769124	8388604	0	0	3
1785494306	request	1901	13759332	13754671	0	744095	0	0	28769044	8388604	0	0	3
1785494317	request	1912	13759332	13754671	0	744095	0	0	28768776	8388604	0	0	3
1785494327	request	1922	13759332	13754671	0	744095	0	0	28768300	8388604	0	0	3
1785494337	request	1932	13759332	13754669	0	744095	0	0	28769132	8388604	0	0	3
1785494347	request	1942	13759332	13754670	0	744095	0	0	28769296	8388604	0	0	3
1785494357	request	1952	13759332	13754670	0	744095	0	0	28770072	8388604	0	0	3
1785494367	request	1962	13759332	13754671	0	744095	0	0	28769568	8388604	0	0	3
1785494378	request	1973	13759332	13754671	0	744095	0	0	28769552	8388604	0	0	3
1785494388	request	1983	13759332	13754671	0	744095	0	0	28770344	8388604	0	0	3
1785494398	request	1993	13759332	13754667	0	744095	0	0	28772744	8388604	0	0	3
1785494408	request	2003	13759332	13754669	0	744095	0	0	28772204	8388604	0	0	3
1785494418	request	2013	13759332	13754668	0	744095	0	0	28773444	8388604	0	0	3
1785494428	request	2023	13759332	13754670	0	744095	0	0	28772944	8388604	0	0	3
1785494438	request	2033	13759332	13754672	0	744095	0	0	28772724	8388604	0	0	3
1785494449	request	2044	13759340	13754680	0	744097	0	0	28773072	8388604	0	0	3
1785494459	request	2054	13759340	13754680	0	744097	0	0	28772832	8388604	0	0	3
1785494469	request	2064	13759340	13754681	0	744097	0	0	28771784	8388604	0	0	3
1785494479	request	2074	13759340	13754678	0	744097	0	0	28771676	8388604	0	0	3
1785494489	request	2084	13759340	13754678	0	744097	0	0	28764808	8388604	0	0	3
1785494499	request	2094	13759340	13754677	0	744097	0	0	28765524	8388604	0	0	3
1785494510	request	2105	13759340	13754681	0	744097	0	0	28766280	8388604	0	0	3
1785494520	request	2115	13759340	13754680	0	744097	0	0	28766324	8388604	0	0	3
1785494530	request	2125	13759340	13754678	0	744097	0	0	28766212	8388604	0	0	3
1785494540	request	2135	13759340	13754681	0	744097	0	0	28766292	8388604	0	0	3
1785494550	request	2145	13759340	13754680	0	744097	0	0	28765536	8388604	0	0	3
1785494560	request	2155	13759340	13754680	0	744097	0	0	28765536	8388604	0	0	3
1785494570	request	2165	13759340	13754681	0	744097	0	0	28765016	8388604	0	0	3
1785494581	request	2176	13759340	13754680	0	744097	0	0	28772608	8388604	0	0	3
1785494591	request	2186	13759340	13754678	0	744097	0	0	28773180	8388604	0	0	3
1785494601	request	2196	13759340	13754678	0	744097	0	0	28772676	8388604	0	0	3
1785494611	request	2206	13759340	13754680	0	744097	0	0	28772404	8388604	0	0	3
1785494621	request	2216	13759340	13754678	0	744097	0	0	28771620	8388604	0	0	3
1785494631	request	2226	13759340	13754678	0	744097	0	0	28771864	8388604	0	0	3
1785494642	request	2237	13759340	13754682	0	744097	0	0	28771348	8388604	0	0	3
1785494652	request	2247	13759340	13754681	0	744097	0	0	28771348	8388604	0	0	3
1785494662	request	2257	13759340	13754678	0	744097	0	0	28770936	8388604	0	0	3
1785494672	request	2267	13759348	13754688	0	744099	0	0	28770704	8388604	0	0	3
1785494682	request	2277	13759348	13754690	0	744099	0	0	28769032	8388604	0	0	3
1785494692	request	2287	13759348	13754689	0	744099	0	0	28769636	8388604	0	0	3
1785494702	request	2297	13759348	13754691	0	744099	0	0	28769848	8388604	0	0	3
1785494713	request	2308	13759348	13754689	0	744099	0	0	28769484	8388604	0	0	3
1785494723	request	2318	13759348	13754687	0	744099	0	0	28772844	8388604	0	0	3
1785494733	request	2328	13759356	13754695	0	744101	0	0	28771640	8388604	0	0	3
1785494743	request	2338	13759356	13754690	0	744101	0	0	28770428	8388604	0	0	3
1785494753	request	2348	13759356	13754693	0	744101	0	0	28769784	8388604	0	0	3
1785494763	request	2358	13759356	13754693	0	744101	0	0	28770172	8388604	0	0	3
1785494773	request	2368	13759356	13754690	0	744101	0	0	28770172	8388604	0	0	3
1785494784	request	2379	13759356	13754693	0	744101	0	0	28769680	8388604	0	0	3
1785494794	request	2389	13759356	13754694	0	744101	0	0	28770532	8388604	0	0	3
1785494804	request	2399	13759356	13754690	0	744101	0	0	28770380	8388604	0	0	3
1785494814	request	2409	13759356	13754694	0	744101	0	0	28770092	8388604	0	0	3
1785494824	request	2419	13759364	13754698	0	744103	0	0	28770344	8388604	0	0	3
1785494834	request	2429	13759364	13754700	0	744103	0	0	28769872	8388604	0	0	3
1785494845	request	2440	13759364	13754696	0	744103	0	0	28770088	8388604	0	0	3
1785494855	request	2450	13759364	13754701	0	744103	0	0	28769832	8388604	0	0	3
1785494865	request	2460	13759364	13754700	0	744103	0	0	28769360	8388604	0	0	3
1785494875	request	2470	13759364	13754698	0	744103	0	0	28769264	8388604	0	0	3
1785494885	request	2480	13759364	13754698	0	744103	0	0	28770088	8388604	0	0	3
1785494895	request	2490	13759364	13754699	0	744103	0	0	28769544	8388604	0	0	3
1785494905	request	2500	13759364	13754698	0	744103	0	0	28769912	8388604	0	0	3
1785494916	request	2511	13759364	13754700	0	744103	0	0	28769252	8388604	0	0	3
1785494926	request	2521	13759364	13754701	0	744103	0	0	28769160	8388604	0	0	3
1785494936	request	2531	13759364	13754698	0	744103	0	0	28769780	8388604	0	0	3
1785494946	request	2541	13759364	13754698	0	744103	0	0	28769396	8388604	0	0	3
1785494956	request	2551	13759364	13754700	0	744103	0	0	28769656	8388604	0	0	3
1785494966	request	2561	13759364	13754698	0	744103	0	0	28768820	8388604	0	0	3
1785494976	request	2571	13759364	13754698	0	744103	0	0	28769576	8388604	0	0	3
1785494987	request	2582	13759364	13754701	0	744103	0	0	28768188	8388604	0	0	3
1785494997	request	2592	13759364	13754701	0	744103	0	0	28768152	8388604	0	0	3
1785495007	request	2602	13759364	13754698	0	744103	0	0	28767708	8388604	0	0	3
1785495017	request	2612	13759364	13754696	0	744103	0	0	28768128	8388604	0	0	3
1785495027	request	2622	13759364	13754699	0	744103	0	0	28767072	8388604	0	0	3
1785495037	request	2632	13759364	13754699	0	744103	0	0	28767368	8388604	0	0	3
1785495047	request	2642	13759364	13754700	0	744103	0	0	28767860	8388604	0	0	3
1785495058	request	2653	13759364	13754701	0	744103	0	0	28768248	8388604	0	0	3
1785495068	request	2663	13759364	13754701	0	744103	0	0	28759420	8388604	0	0	3
1785495078	request	2673	13759364	13754701	0	744103	0	0	28759056	8388604	0	0	3
1785495088	request	2683	13759364	13754701	0	744103	0	0	28759520	8388604	0	0	3
1785495098	request	2693	13759364	13754702	0	744103	0	0	28760476	8388604	0	0	3
1785495108	request	2703	13759364	13754703	0	744103	0	0	28759480	8388604	0	0	3
1785495118	request	2713	13759364	13754704	0	744103	0	0	28759384	8388604	0	0	3
1785495129	request	2724	13759364	13754699	0	744103	0	0	28759132	8388604	0	0	3
1785495139	request	2734	13759364	13754701	0	744103	0	0	28758880	8388604	0	0	3
1785495149	request	2744	13759364	13754702	0	744103	0	0	28758880	8388604	0	0	3
1785495159	request	2754	13759364	13754701	0	744103	0	0	28758956	8388604	0	0	3
1785495169	request	2764	13759364	13754699	0	744103	0	0	28758816	8388604	0	0	3
1785495179	request	2774	13759364	13754701	0	744103	0	0	28758588	8388604	0	0	3
1785495190	request	2785	13759364	13754702	0	744103	0	0	28759252	8388604	0	0	3
1785495200	request	2795	13759364	13754699	0	744103	0	0	28759664	8388604	0	0	3
1785495210	request	2805	13759364	13754699	0	744103	0	0	28759412	8388604	0	0	3
1785495220	request	2815	13759364	13754699	0	744103	0	0	28759444	8388604	0	0	3
1785495230	request	2825	13759364	13754702	0	744103	0	0	28758868	8388604	0	0	3
1785495240	request	2835	13759364	13754702	0	744103	0	0	28763700	8388604	0	0	3
1785495250	request	2845	13759364	13754699	0	744103	0	0	28762760	8388604	0	0	3
1785495261	request	2856	13759364	13754703	0	744103	0	0	28763768	8388604	0	0	3
1785495271	request	2866	13759364	13754699	0	744103	0	0	28764272	8388604	0	0	3
1785495281	request	2876	13759364	13754699	0	744103	0	0	28764228	8388604	0	0	3
1785495291	request	2886	13759364	13754702	0	744103	0	0	28764292	8388604	0	0	3
1785495301	request	2896	13759364	13754702	0	744103	0	0	28766072	8388604	0	0	3
1785495311	request	2906	13759364	13754699	0	744103	0	0	28766040	8388604	0	0	3
1785495322	request	2917	13759364	13754710	0	744103	0	0	28766032	8388604	0	0	3
1785495332	request	2927	13759364	13754709	0	744103	0	0	28765028	8388604	0	0	3
1785495342	request	2937	13759364	13754707	0	744103	0	0	28765684	8388604	0	0	3
1785495352	request	2947	13759364	13754707	0	744103	0	0	28764912	8388604	0	0	3
1785495362	request	2957	13759364	13754708	0	744103	0	0	28766560	8388604	0	0	3
1785495372	request	2967	13759364	13754709	0	744103	0	0	28765816	8388604	0	0	3
1785495382	request	2977	13759364	13754709	0	744103	0	0	28764796	8388604	0	0	3
1785495393	request	2988	13759364	13754704	0	744103	0	0	28764920	8388604	0	0	3
1785495403	request	2998	13759364	13754704	0	744103	0	0	28765024	8388604	0	0	3
1785495413	request	3008	13759372	13754709	0	744105	0	0	28764784	8388604	0	0	3
1785495423	request	3018	13759372	13754711	0	744105	0	0	28765332	8388604	0	0	3
1785495433	request	3028	13759372	13754711	0	744105	0	0	28764564	8388604	0	0	3
1785495443	request	3038	13759372	13754710	0	744105	0	0	28761212	8388604	0	0	3
1785495454	request	3049	13759372	13754709	0	744105	0	0	28760680	8388604	0	0	3
1785495464	request	3059	13759372	13754708	0	744105	0	0	28760440	8388604	0	0	3
1785495474	request	3069	13759372	13754712	0	744107	0	0	28756928	8388604	0	0	3
1785495484	request	3079	13759372	13754709	0	744107	0	0	28758364	8388604	0	0	3
1785495494	request	3089	13759372	13754708	0	744107	0	0	28758868	8388604	0	0	3
1785495504	request	3099	13759372	13754712	0	744107	0	0	28758728	8388604	0	0	3
1785495514	request	3109	13759372	13754711	0	744107	0	0	28759300	8388604	0	0	3
1785495525	request	3120	13759372	13754711	0	744107	0	0	28758924	8388604	0	0	3
1785495535	request	3130	13759372	13754711	0	744107	0	0	28758924	8388604	0	0	3
1785495545	request	3140	13759372	13754711	0	744107	0	0	28758268	8388604	0	0	3
1785495555	request	3150	13759372	13754711	0	744107	0	0	28758644	8388604	0	0	3
1785495565	request	3160	13759372	13754711	0	744107	0	0	28758396	8388604	0	0	3
1785495575	request	3170	13759372	13754712	0	744107	0	0	28758212	8388604	0	0	3
1785495586	request	3181	13759372	13754712	0	744107	0	0	28758004	8388604	0	0	3
1785495596	request	3191	13759372	13754710	0	744107	0	0	28756520	8388604	0	0	3
1785495606	request	3201	13759372	13754708	0	744107	0	0	28756488	8388604	0	0	3
1785495616	request	3211	13759372	13754709	0	744107	0	0	28765176	8388604	0	0	3
1785495626	request	3221	13759372	13754705	0	744107	0	0	28764652	8388604	0	0	3
1785495636	request	3231	13759372	13754708	0	744107	0	0	28764072	8388604	0	0	3
1785495646	request	3241	13759372	13754704	0	744107	0	0	28763704	8388604	0	0	3
1785495657	request	3252	13759372	13754708	0	744107	0	0	28763820	8388604	0	0	3
1785495667	request	3262	13759372	13754707	0	744107	0	0	28763908	8388604	0	0	3
1785495677	request	3272	13759372	13754706	0	744107	0	0	28763152	8388604	0	0	3
1785495687	request	3282	13759372	13754708	0	744107	0	0	28763112	8388604	0	0	3
1785495697	request	3292	13759388	13754725	0	744111	0	0	28764104	8388604	0	0	3
1785495707	request	3302	13759388	13754725	0	744111	0	0	28764388	8388604	0	0	3
1785495718	request	3313	13759388	13754726	0	744111	0	0	28764976	8388604	0	0	3
1785495728	request	3323	13759388	13754726	0	744111	0	0	28765552	8388604	0	0	3
1785495738	request	3333	13759404	13754743	0	744115	0	0	28765028	8388604	0	0	3
1785495748	request	3343	13759404	13754742	0	744115	0	0	28764316	8388604	0	0	3
1785495758	request	3353	13759404	13754742	0	744115	0	0	28764568	8388604	0	0	3
1785495768	request	3363	13759404	13754740	0	744115	0	0	28764896	8388604	0	0	3
1785495778	request	3373	13759404	13754741	0	744115	0	0	28764872	8388604	0	0	3
1785495789	request	3384	13759404	13754741	0	744115	0	0	28764368	8388604	0	0	3
1785495799	request	3394	13759404	13754741	0	744115	0	0	28764024	8388604	0	0	3
1785495809	request	3404	13759404	13754740	0	744115	0	0	28764276	8388604	0	0	3
1785495819	request	3414	13759404	13754738	0	744115	0	0	28765208	8388604	0	0	3
1785495829	request	3424	13759404	13754741	0	744115	0	0	28764696	8388604	0	0	3
1785495839	request	3434	13759404	13754738	0	744115	0	0	28763688	8388604	0	0	3
1785495849	request	3444	13759404	13754738	0	744115	0	0	28763120	8388604	0	0	3
1785495860	request	3455	13759404	13754741	0	744115	0	0	28763504	8388604	0	0	3
1785495870	request	3465	13759404	13754742	0	744115	0	0	28762524	8388604	0	0	3
1785495880	request	3475	13759404	13754739	0	744115	0	0	28749820	8388604	0	0	3
1785495890	request	3485	13759404	13754739	0	744115	0	0	28736524	8388604	0	0	3
1785495900	request	3495	13759404	13754706	0	744115	0	0	28467896	8388604	0	0	3
1785495910	request	3505	13759404	13754707	0	744115	0	0	28410800	8388604	0	0	3
1785495921	request	3516	13759404	13754706	0	744115	0	0	28468208	8388604	0	0	3
1785495931	request	3526	13759404	13754707	0	744115	0	0	28494076	8388604	0	0	3
1785495941	request	3536	13759404	13754708	0	744115	0	0	28489976	8388604	0	0	3
1785495951	request	3546	13759404	13754708	0	744115	0	0	28529688	8388604	0	0	3
1785495961	request	3556	13759404	13754706	0	744115	0	0	28538624	8388604	0	0	3
1785495971	request	3566	13759404	13754719	0	744115	0	0	28479752	8388604	0	0	3
1785495981	request	3576	13759404	13754722	0	744115	0	0	28620300	8388604	0	0	3
1785495992	request	3587	13759404	13754738	0	744115	0	0	28737876	8388604	0	0	3
1785496002	request	3597	13759404	13754740	0	744115	0	0	28749052	8388604	0	0	3
1785496012	request	3607	13759404	13754716	0	744115	0	0	28604528	8388604	0	0	3
1785496022	request	3617	13759404	13754716	0	744115	0	0	28582696	8388604	0	0	3
1785496032	request	3627	13759404	13754716	0	744115	0	0	28601072	8388604	0	0	3
1785496042	request	3637	13759404	13754716	0	744115	0	0	28621600	8388604	0	0	3
1785496052	request	3647	13759484	13754796	0	744135	0	0	28627784	8388604	0	0	3
1785496063	request	3658	13759484	13754797	0	744135	0	0	28627268	8388604	0	0	3
1785496073	request	3668	13759484	13754798	0	744135	0	0	28663400	8388604	0	0	3
1785496083	request	3678	13759484	13754798	0	744135	0	0	28673224	8388604	0	0	3
1785496093	request	3688	13759484	13754798	0	744135	0	0	28647844	8388604	0	0	3
1785496103	request	3698	13759484	13754796	0	744135	0	0	28653304	8388604	0	0	3
1785496113	request	3708	13759484	13754796	0	744135	0	0	28616356	8388604	0	0	3
1785496124	request	3719	13759484	13754822	0	744135	0	0	28717128	8388604	0	0	4
1785496134	request	3729	13759484	13754799	0	744135	0	0	28606428	8388604	0	0	4
1785496144	request	3739	13759484	13754798	0	744135	0	0	28605704	8388604	0	0	4
1785496154	request	3749	13759484	13754797	0	744135	0	0	28646932	8388604	0	0	4
1785496164	request	3759	13759484	13754799	0	744135	0	0	28651276	8388604	0	0	4
1785496174	request	3769	13759484	13754797	0	744135	0	0	28652664	8388604	0	0	4
1785496184	request	3779	13759484	13754799	0	744135	0	0	28652900	8388604	0	0	4
1785496195	request	3790	13759484	13754798	0	744135	0	0	28657168	8388604	0	0	4
1785496205	request	3800	13759484	13754799	0	744135	0	0	28657420	8388604	0	0	4
1785496215	request	3810	13759484	13754797	0	744135	0	0	28678548	8388604	0	0	4
1785496225	request	3820	13761508	13756846	0	744641	0	0	28765976	8388604	0	0	4
1785496235	request	3830	13761508	13756821	0	744641	0	0	28575300	8388604	0	0	4
1785496245	request	3840	13761508	13756849	0	744641	0	0	28720164	8388604	0	0	4
1785496256	request	3851	13761508	13756848	0	744641	0	0	28744188	8388604	0	0	5
1785496266	request	3861	13761508	13756848	0	744641	0	0	28743620	8388604	0	0	5
1785496276	request	3871	13761508	13756848	0	744641	0	0	28754936	8388604	0	0	5
1785496286	request	3881	13761508	13756851	0	744641	0	0	28719944	8388604	0	0	5
1785496296	request	3891	13761508	13756845	0	744641	0	0	28772104	8388604	0	0	5
1785496306	request	3901	13761508	13756844	0	744641	0	0	28774424	8388604	0	0	5
1785496316	request	3911	13761508	13756846	0	744641	0	0	28773508	8388604	0	0	5
1785496327	request	3922	13761508	13756844	0	744641	0	0	28773396	8388604	0	0	5
1785496337	request	3932	13761508	13756848	0	744641	0	0	28772828	8388604	0	0	5
1785496347	request	3942	13761508	13756847	0	744641	0	0	28767136	8388604	0	0	5
1785496357	request	3952	13761508	13756844	0	744641	0	0	28766496	8388604	0	0	5
1785496367	request	3962	13761508	13756844	0	744641	0	0	28765456	8388604	0	0	5
1785496377	request	3972	13761508	13756847	0	744641	0	0	28766256	8388604	0	0	5
1785496387	request	3982	13761508	13756847	0	744641	0	0	28770536	8388604	0	0	5
1785496398	request	3993	13761516	13756855	0	744643	0	0	28770144	8388604	0	0	5
1785496408	request	4003	13763564	13758905	0	745155	0	0	28769892	8388604	0	0	5
1785496418	request	4013	13763564	13758902	0	745155	0	0	28770040	8388604	0	0	5
1785496428	request	4023	13763564	13758905	0	745155	0	0	28769684	8388604	0	0	5
1785496438	request	4033	13763564	13758903	0	745155	0	0	28769516	8388604	0	0	5
1785496448	request	4043	13763564	13758905	0	745155	0	0	28770032	8388604	0	0	5
1785496458	request	4053	13763564	13758902	0	745155	0	0	28769452	8388604	0	0	5
1785496469	request	4064	13763564	13758902	0	745155	0	0	28768960	8388604	0	0	5
1785496479	request	4074	13763564	13758903	0	745155	0	0	28768984	8388604	0	0	5
1785496489	request	4084	13763564	13758903	0	745155	0	0	28768400	8388604	0	0	5
1785496499	request	4094	13763564	13758903	0	745155	0	0	28768172	8388604	0	0	5
1785496509	request	4104	13763564	13758905	0	745155	0	0	28767972	8388604	0	0	5
1785496519	request	4114	13763564	13758904	0	745155	0	0	28767616	8388604	0	0	5
1785496530	request	4125	13763564	13758901	0	745155	0	0	28767756	8388604	0	0	5
1785496540	request	4135	13763564	13758902	0	745155	0	0	28766752	8388604	0	0	5
1785496550	request	4145	13763564	13758907	0	745155	0	0	28765720	8388604	0	0	5
1785496560	request	4155	13763564	13758905	0	745155	0	0	28766156	8388604	0	0	5
1785496570	request	4165	13763564	13758905	0	745155	0	0	28766508	8388604	0	0	5
1785496580	request	4175	13763564	13758906	0	745155	0	0	28765996	8388604	0	0	5
1785496591	request	4186	13763564	13758901	0	745155	0	0	28765828	8388604	0	0	5
1785496601	request	4196	13763564	13758905	0	745155	0	0	28765392	8388604	0	0	5
1785496611	request	4206	13763564	13758905	0	745155	0	0	28764516	8388604	0	0	5
1785496621	request	4216	13763564	13758903	0	745155	0	0	28764948	8388604	0	0	5
1785496631	request	4226	13763564	13758902	0	745155	0	0	28759024	8388604	0	0	5
1785496641	request	4236	13763564	13758906	0	745155	0	0	28758640	8388604	0	0	5
1785496651	request	4246	13763564	13758906	0	745155	0	0	28759200	8388604	0	0	5
1785496662	request	4257	13763564	13758902	0	745155	0	0	28759192	8388604	0	0	5
1785496672	request	4267	13763564	13758902	0	745155	0	0	28757040	8388604	0	0	5
1785496682	request	4277	13763564	13758906	0	745155	0	0	28757184	8388604	0	0	5
1785496692	request	4287	13763564	13758906	0	745155	0	0	28756380	8388604	0	0	5
1785496702	request	4297	13763564	13758905	0	745155	0	0	28759492	8388604	0	0	5
1785496712	request	4307	13763564	13758903	0	745155	0	0	28759344	8388604	0	0	5
1785496723	request	4318	13763564	13758906	0	745155	0	0	28766828	8388604	0	0	5
1785496733	request	4328	13763564	13758903	0	745155	0	0	28766744	8388604	0	0	5
1785496743	request	4338	13763564	13758906	0	745155	0	0	28766592	8388604	0	0	5
1785496753	request	4348	13763564	13758906	0	745155	0	0	28765872	8388604	0	0	5
1785496763	request	4358	13763564	13758905	0	745155	0	0	28764972	8388604	0	0	5
1785496773	request	4368	13763564	13758902	0	745155	0	0	28764560	8388604	0	0	5
1785496783	request	4378	13763564	13758906	0	745155	0	0	28765076	8388604	0	0	5
1785496794	request	4389	13763564	13758905	0	745155	0	0	28765284	8388604	0	0	5
1785496804	request	4399	13763564	13758905	0	745155	0	0	28765040	8388604	0	0	5
1785496814	request	4409	13763564	13758903	0	745155	0	0	28764788	8388604	0	0	5
1785496824	request	4419	13763564	13758904	0	745155	0	0	28763380	8388604	0	0	5
1785496834	request	4429	13763564	13758903	0	745155	0	0	28764104	8388604	0	0	5
1785496844	request	4439	13763564	13758903	0	745155	0	0	28763092	8388604	0	0	5
1785496855	request	4450	13763564	13758900	0	745155	0	0	28763332	8388604	0	0	5
1785496865	request	4460	13763564	13758900	0	745155	0	0	28763108	8388604	0	0	5
1785496875	request	4470	13763564	13758902	0	745155	0	0	28762716	8388604	0	0	5
1785496885	request	4480	13763564	13758902	0	745155	0	0	28763776	8388604	0	0	5
1785496895	request	4490	13763564	13758903	0	745155	0	0	28762160	8388604	0	0	5
1785496905	request	4500	13763564	13758901	0	745155	0	0	28762648	8388604	0	0	5
1785496915	request	4510	13763572	13758908	0	745157	0	0	28762684	8388604	0	0	5
1785496926	request	4521	13763572	13758909	0	745157	0	0	28761000	8388604	0	0	5
1785496936	request	4531	13763572	13758909	0	745157	0	0	28761308	8388604	0	0	5
1785496946	request	4541	13763572	13758909	0	745157	0	0	28761120	8388604	0	0	5
1785496956	request	4551	13763572	13758909	0	745157	0	0	28761404	8388604	0	0	5
1785496966	request	4561	13763572	13758909	0	745157	0	0	28761640	8388604	0	0	5
1785496976	request	4571	13763572	13758909	0	745157	0	0	28761344	8388604	0	0	5
1785496987	request	4582	13763572	13758910	0	745157	0	0	28761876	8388604	0	0	5
1785496997	request	4592	13763572	13758910	0	745157	0	0	28761620	8388604	0	0	5
1785497007	request	4602	13763572	13758907	0	745157	0	0	28762244	8388604	0	0	5
1785497017	request	4612	13763572	13758906	0	745157	0	0	28761740	8388604	0	0	5
1785497027	request	4622	13763572	13758911	0	745157	0	0	28759704	8388604	0	0	5
1785497037	request	4632	13763572	13758909	0	745157	0	0	28759392	8388604	0	0	5
1785497047	request	4642	13763572	13758907	0	745157	0	0	28760968	8388604	0	0	5
1785497058	request	4653	13763572	13758911	0	745157	0	0	28760204	8388604	0	0	5
1785497068	request	4663	13763572	13758906	0	745157	0	0	28758944	8388604	0	0	5
1785497078	request	4673	13763572	13758909	0	745157	0	0	28758796	8388604	0	0	5
1785497088	request	4683	13763572	13758910	0	745157	0	0	28759160	8388604	0	0	5
1785497098	request	4693	13763572	13758907	0	745157	0	0	28759048	8388604	0	0	5
1785497108	request	4703	13763572	13758911	0	745157	0	0	28759228	8388604	0	0	5
1785497119	request	4714	13763572	13758906	0	745157	0	0	28759204	8388604	0	0	5
1785497129	request	4724	13763572	13758909	0	745157	0	0	28760464	8388604	0	0	5
1785497139	request	4734	13763572	13758909	0	745157	0	0	28760100	8388604	0	0	5
1785497149	request	4744	13763572	13758911	0	745157	0	0	28759888	8388604	0	0	5
1785497159	request	4754	13763572	13758912	0	745157	0	0	28760148	8388604	0	0	5
1785497169	request	4764	13763572	13758910	0	745157	0	0	28759312	8388604	0	0	5
1785497179	request	4774	13763572	13758910	0	745157	0	0	28758996	8388604	0	0	5
1785497190	request	4785	13763572	13758910	0	745157	0	0	28758076	8388604	0	0	5
1785497200	request	4795	13763572	13758910	0	745157	0	0	28759252	8388604	0	0	5
1785497210	request	4805	13763572	13758908	0	745157	0	0	28760008	8388604	0	0	5
1785497220	request	4815	13763572	13758910	0	745157	0	0	28761036	8388604	0	0	5
1785497230	request	4825	13763572	13758910	0	745157	0	0	28760052	8388604	0	0	5
1785497240	request	4835	13763572	13758911	0	745157	0	0	28760380	8388604	0	0	5
1785497250	request	4845	13763572	13758911	0	745157	0	0	28761764	8388604	0	0	5
1785497261	request	4856	13763572	13758910	0	745157	0	0	28760908	8388604	0	0	5
1785497271	request	4866	13763572	13758911	0	745157	0	0	28759676	8388604	0	0	5
1785497281	request	4876	13763572	13758910	0	745157	0	0	28759940	8388604	0	0	5
1785497291	request	4886	13763572	13758911	0	745157	0	0	28759548	8388604	0	0	5
1785497301	request	4896	13763572	13758910	0	745157	0	0	28759200	8388604	0	0	5
1785497311	request	4906	13763572	13758913	0	745157	0	0	28758932	8388604	0	0	5
1785497322	request	4917	13763572	13758911	0	745157	0	0	28759460	8388604	0	0	5
1785497332	request	4927	13763572	13758908	0	745157	0	0	28759664	8388604	0	0	5
1785497342	request	4937	13763572	13758910	0	745157	0	0	28759492	8388604	0	0	5
1785497352	request	4947	13763572	13758910	0	745157	0	0	28759604	8388604	0	0	5
1785497362	request	4957	13763572	13758910	0	745157	0	0	28759796	8388604	0	0	5
1785497372	request	4967	13763572	13758910	0	745157	0	0	28760204	8388604	0	0	5
1785497382	request	4977	13763572	13758910	0	745157	0	0	28758452	8388604	0	0	5
1785497393	request	4988	13763572	13758912	0	745157	0	0	28758788	8388604	0	0	5
1785497403	request	4998	13763572	13758908	0	745157	0	0	28758076	8388604	0	0	5
1785497413	request	5008	13763572	13758908	0	745157	0	0	28757776	8388604	0	0	5
1785497423	request	5018	13763572	13758909	0	745157	0	0	28759448	8388604	0	0	5
1785497433	request	5028	13763572	13758906	0	745157	0	0	28759320	8388604	0	0	5
1785497443	request	5038	13763572	13758908	0	745157	0	0	28757956	8388604	0	0	5
1785497454	request	5049	13763572	13758905	0	745157	0	0	28760744	8388604	0	0	5
1785497464	request	5059	13763572	13758906	0	745157	0	0	28760016	8388604	0	0	5
1785497474	request	5069	13763572	13758904	0	745157	0	0	28760268	8388604	0	0	5
1785497484	request	5079	13763572	13758903	0	745157	0	0	28759836	8388604	0	0	5
1785497494	request	5089	13763572	13758906	0	745157	0	0	28759360	8388604	0	0	5
1785497504	request	5099	13763572	13758906	0	745157	0	0	28758852	8388604	0	0	5
1785497514	request	5109	13763572	13758905	0	745157	0	0	28759340	8388604	0	0	5
1785497525	request	5120	13763572	13758903	0	745157	0	0	28758596	8388604	0	0	5
1785497535	request	5130	13763572	13758904	0	745157	0	0	28757836	8388604	0	0	5
1785497545	request	5140	13763572	13758906	0	745157	0	0	28756964	8388604	0	0	5
1785497555	request	5150	13763572	13758904	0	745157	0	0	28757076	8388604	0	0	5
1785497565	request	5160	13763572	13758906	0	745157	0	0	28757780	8388604	0	0	5
1785497575	request	5170	13763572	13758906	0	745157	0	0	28756532	8388604	0	0	5
1785497585	request	5180	13763572	13758907	0	745157	0	0	28756076	8388604	0	0	5
1785497596	request	5191	13763572	13758907	0	745157	0	0	28756740	8388604	0	0	5
1785497606	request	5201	13763572	13758905	0	745157	0	0	28746208	8388604	0	0	5
1785497616	request	5211	13763572	13758904	0	745157	0	0	28746824	8388604	0	0	5
1785497626	request	5221	13763572	13758906	0	745157	0	0	28747992	8388604	0	0	5
1785497636	request	5231	13763572	13758906	0	745157	0	0	28747392	8388604	0	0	5
1785497646	request	5241	13763572	13758908	0	745157	0	0	28751656	8388604	0	0	5
1785497657	request	5252	13763572	13758905	0	745157	0	0	28751164	8388604	0	0	5
1785497667	request	5262	13763572	13758906	0	745157	0	0	28751260	8388604	0	0	5
1785497677	request	5272	13763572	13758904	0	745157	0	0	28750812	8388604	0	0	5
1785497687	request	5282	13763572	13758906	0	745157	0	0	28750232	8388604	0	0	5
1785497697	request	5292	13763572	13758908	0	745157	0	0	28749952	8388604	0	0	5
1785497707	request	5302	13763572	13758904	0	745157	0	0	28750100	8388604	0	0	5
1785497717	request	5312	13763580	13758915	0	745159	0	0	28750364	8388604	0	0	5
1785497728	request	5323	13763580	13758917	0	745159	0	0	28751308	8388604	0	0	5
1785497738	request	5333	13763580	13758915	0	745159	0	0	28751272	8388604	0	0	5
1785497748	request	5343	13763580	13758919	0	745159	0	0	28750908	8388604	0	0	5
1785497758	request	5353	13763580	13758920	0	745159	0	0	28751248	8388604	0	0	5
1785497768	request	5363	13763580	13758919	0	745159	0	0	28757948	8388604	0	0	5
1785497778	request	5373	13763580	13758921	0	745159	0	0	28757944	8388604	0	0	5
1785497789	request	5384	13763580	13758919	0	745159	0	0	28757852	8388604	0	0	5
1785497799	request	5394	13763580	13758920	0	745159	0	0	28758264	8388604	0	0	5
1785497809	request	5404	13763580	13758918	0	745159	0	0	28758804	8388604	0	0	5
1785497819	request	5414	13763580	13758920	0	745159	0	0	28758216	8388604	0	0	5
1785497829	request	5424	13763580	13758920	0	745159	0	0	28759184	8388604	0	0	5
1785497839	request	5434	13763580	13758918	0	745159	0	0	28759692	8388604	0	0	5
1785497849	request	5444	13763580	13758922	0	745159	0	0	28758824	8388604	0	0	5
1785497860	request	5455	13763580	13758918	0	745159	0	0	28758708	8388604	0	0	5
1785497870	request	5465	13763580	13758921	0	745159	0	0	28758824	8388604	0	0	5
1785497880	request	5475	13763580	13758920	0	745159	0	0	28758572	8388604	0	0	5
1785497890	request	5485	13763580	13758918	0	745159	0	0	28758164	8388604	0	0	5
1785497900	request	5495	13763580	13758923	0	745159	0	0	28758392	8388604	0	0	5
1785497910	request	5505	13763580	13758921	0	745159	0	0	28757160	8388604	0	0	5
1785497921	request	5516	13763580	13758921	0	745159	0	0	28756908	8388604	0	0	5
1785497931	request	5526	13763580	13758918	0	745159	0	0	28755016	8388604	0	0	5
1785497941	request	5536	13763580	13758921	0	745159	0	0	28754512	8388604	0	0	5
1785497951	request	5546	13763580	13758923	0	745159	0	0	28753768	8388604	0	0	5
1785497961	request	5556	13763580	13758921	0	745159	0	0	28753732	8388604	0	0	5
1785497971	request	5566	13763580	13758920	0	745159	0	0	28753228	8388604	0	0	5
1785497981	request	5576	13763580	13758921	0	745159	0	0	28752976	8388604	0	0	5
1785497992	request	5587	13763580	13758918	0	745159	0	0	28753400	8388604	0	0	5
1785498002	request	5597	13763580	13758922	0	745159	0	0	28752644	8388604	0	0	5
1785498012	request	5607	13763580	13758921	0	745159	0	0	28752896	8388604	0	0	5
1785498022	request	5617	13763580	13758921	0	745159	0	0	28753128	8388604	0	0	5
1785498032	request	5627	13763580	13758917	0	745159	0	0	28753892	8388604	0	0	5
1785498042	request	5637	13763580	13758919	0	745159	0	0	28753648	8388604	0	0	5
1785498053	request	5648	13763580	13758918	0	745159	0	0	28753148	8388604	0	0	5
1785498063	request	5658	13763580	13758918	0	745159	0	0	28752044	8388604	0	0	5
1785498073	request	5668	13763580	13758918	0	745159	0	0	28752044	8388604	0	0	5
1785498083	request	5678	13763580	13758921	0	745159	0	0	28752148	8388604	0	0	5
1785498093	request	5688	13763580	13758918	0	745159	0	0	28751948	8388604	0	0	5
1785498103	request	5698	13763580	13758915	0	745159	0	0	28752728	8388604	0	0	5
1785498113	request	5708	13763580	13758917	0	745159	0	0	28752480	8388604	0	0	5
1785498124	request	5719	13763580	13758917	0	745159	0	0	28752396	8388604	0	0	5
1785498134	request	5729	13763580	13758916	0	745159	0	0	28752660	8388604	0	0	5
1785498144	request	5739	13763580	13758917	0	745159	0	0	28752156	8388604	0	0	5
1785498154	request	5749	13763580	13758916	0	745159	0	0	28751564	8388604	0	0	5
1785498164	request	5759	13763580	13758916	0	745159	0	0	28751316	8388604	0	0	5
1785498174	request	5769	13763580	13758917	0	745159	0	0	28751176	8388604	0	0	5
1785498184	request	5779	13763580	13758916	0	745159	0	0	28763820	8388604	0	0	5
1785498195	request	5790	13763580	13758917	0	745159	0	0	28763064	8388604	0	0	5
1785498205	request	5800	13763588	13758925	0	745161	0	0	28763568	8388604	0	0	5
1785498215	request	5810	13763588	13758928	0	745161	0	0	28763312	8388604	0	0	5
1785498225	request	5820	13763588	13758926	0	745161	0	0	28765040	8388604	0	0	5
1785498235	request	5830	13763588	13758925	0	745161	0	0	28764780	8388604	0	0	5
1785498245	request	5840	13763588	13758925	0	745161	0	0	28764024	8388604	0	0	5
1785498255	request	5850	13763588	13758925	0	745161	0	0	28763252	8388604	0	0	5
1785498266	request	5861	13763588	13758925	0	745161	0	0	28763504	8388604	0	0	5
1785498276	request	5871	13763588	13758927	0	745161	0	0	28763308	8388604	0	0	5
1785498286	request	5881	13763588	13758922	0	745161	0	0	28762656	8388604	0	0	5
1785498296	request	5891	13763588	13758923	0	745161	0	0	28761912	8388604	0	0	5
1785498306	request	5901	13763588	13758925	0	745161	0	0	28761660	8388604	0	0	5
1785498316	request	5911	13763588	13758923	0	745161	0	0	28761104	8388604	0	0	5
1785498327	request	5922	13763588	13758922	0	745161	0	0	28762904	8388604	0	0	5
1785498337	request	5932	13763588	13758927	0	745161	0	0	28762652	8388604	0	0	5
1785498347	request	5942	13763588	13758924	0	745161	0	0	28761812	8388604	0	0	5
1785498357	request	5952	13763588	13758927	0	745161	0	0	28760800	8388604	0	0	5
1785498367	request	5962	13763588	13758927	0	745161	0	0	28760552	8388604	0	0	5
1785498377	request	5972	13763588	13758924	0	745161	0	0	28759680	8388604	0	0	5
1785498387	request	5982	13763588	13758924	0	745161	0	0	28759540	8388604	0	0	5
1785498398	request	5993	13763588	13758924	0	745161	0	0	28759416	8388604	0	0	5
1785498408	request	6003	13763588	13758925	0	745161	0	0	28758828	8388604	0	0	5
1785498418	request	6013	13763588	13758923	0	745161	0	0	28758084	8388604	0	0	5
1785498428	request	6023	13763588	13758926	0	745161	0	0	28758340	8388604	0	0	5
1785498438	request	6033	13763588	13758925	0	745161	0	0	28752572	8388604	0	0	5
1785498448	request	6043	13763588	13758925	0	745161	0	0	28751800	8388604	0	0	5
1785498459	request	6054	13763588	13758925	0	745161	0	0	28751044	8388604	0	0	5
1785498469	request	6064	13763588	13758924	0	745161	0	0	28751056	8388604	0	0	5
1785498479	request	6074	13763588	13758926	0	745161	0	0	28750620	8388604	0	0	5
1785498489	request	6084	13763588	13758923	0	745161	0	0	28750696	8388604	0	0	5
1785498499	request	6094	13763588	13758925	0	745161	0	0	28750456	8388604	0	0	5
1785498509	request	6104	13763588	13758923	0	745161	0	0	28750492	8388604	0	0	5
1785498519	request	6114	13763588	13758926	0	745161	0	0	28750884	8388604	0	0	5
1785498530	request	6125	13763588	13758926	0	745161	0	0	28750832	8388604	0	0	5
1785498540	request	6135	13763588	13758926	0	745161	0	0	28750632	8388604	0	0	5
1785498550	request	6145	13763588	13758925	0	745161	0	0	28758452	8388604	0	0	5
1785498560	request	6155	13763588	13758922	0	745161	0	0	28757948	8388604	0	0	5
1785498570	request	6165	13763588	13758926	0	745161	0	0	28758136	8388604	0	0	5
1785498580	request	6175	13763588	13758925	0	745161	0	0	28758136	8388604	0	0	5
1785498590	request	6185	13763588	13758928	0	745161	0	0	28757632	8388604	0	0	5
1785498601	request	6196	13763588	13758925	0	745161	0	0	28757128	8388604	0	0	5
1785498611	request	6206	13763588	13758926	0	745161	0	0	28756944	8388604	0	0	5
1785498621	request	6216	13763588	13758925	0	745161	0	0	28757320	8388604	0	0	5
1785498631	request	6226	13763588	13758927	0	745161	0	0	28757612	8388604	0	0	5
1785498641	request	6236	13763588	13758929	0	745161	0	0	28758548	8388604	0	0	5
1785498651	request	6246	13763588	13758924	0	745161	0	0	28758552	8388604	0	0	5
1785498662	request	6257	13763588	13758924	0	745161	0	0	28758380	8388604	0	0	5
1785498672	request	6267	13763588	13758926	0	745161	0	0	28758156	8388604	0	0	5
1785498682	request	6277	13763588	13758927	0	745161	0	0	28758012	8388604	0	0	5
1785498692	request	6287	13763588	13758927	0	745161	0	0	28757004	8388604	0	0	5
1785498702	request	6297	13763588	13758927	0	745161	0	0	28756876	8388604	0	0	5
1785498712	request	6307	13763588	13758928	0	745161	0	0	28750876	8388604	0	0	5
1785498722	request	6317	13763588	13758925	0	745161	0	0	28751512	8388604	0	0	5
1785498733	request	6328	13763588	13758930	0	745161	0	0	28747112	8388604	0	0	5
1785498743	request	6338	13763588	13758929	0	745161	0	0	28746356	8388604	0	0	5
1785498753	request	6348	13763588	13758928	0	745161	0	0	28746292	8388604	0	0	5
1785498763	request	6358	13763588	13758928	0	745161	0	0	28746456	8388604	0	0	5
1785498773	request	6368	13763588	13758928	0	745161	0	0	28746460	8388604	0	0	5
1785498783	request	6378	13763588	13758927	0	745161	0	0	28745936	8388604	0	0	5
1785498794	request	6389	13763588	13758930	0	745161	0	0	28746156	8388604	0	0	5
1785498804	request	6399	13763588	13758925	0	745161	0	0	28745888	8388604	0	0	5
1785498814	request	6409	13763588	13758928	0	745161	0	0	28745636	8388604	0	0	5
1785498824	request	6419	13763588	13758928	0	745161	0	0	28745396	8388604	0	0	5
1785498834	request	6429	13763588	13758925	0	745161	0	0	28745520	8388604	0	0	5
1785498844	request	6439	13763588	13758928	0	745161	0	0	28759208	8388604	0	0	5
1785498854	request	6449	13763588	13758925	0	745161	0	0	28758732	8388604	0	0	5
1785498865	request	6460	13763588	13758929	0	745161	0	0	28759220	8388604	0	0	5
1785498875	request	6470	13763588	13758928	0	745161	0	0	28759704	8388604	0	0	5
1785498885	request	6480	13763588	13758929	0	745161	0	0	28759564	8388604	0	0	5
1785498895	request	6490	13763588	13758929	0	745161	0	0	28759624	8388604	0	0	5
1785498905	request	6500	13763588	13758925	0	745161	0	0	28758628	8388604	0	0	5
1785498915	request	6510	13763588	13758928	0	745161	0	0	28757872	8388604	0	0	5
1785498926	request	6521	13763588	13758927	0	745161	0	0	28758108	8388604	0	0	5
1785498936	request	6531	13763588	13758929	0	745161	0	0	28759336	8388604	0	0	5
1785498946	request	6541	13763588	13758929	0	745161	0	0	28759352	8388604	0	0	5
1785498956	request	6551	13763588	13758928	0	745161	0	0	28759596	8388604	0	0	5
1785498966	request	6561	13763588	13758925	0	745161	0	0	28759292	8388604	0	0	5
1785498976	request	6571	13763588	13758926	0	745161	0	0	28759040	8388604	0	0	5
1785498987	request	6582	13763588	13758928	0	745161	0	0	28758788	8388604	0	0	5
1785498997	request	6592	13763588	13758928	0	745161	0	0	28758520	8388604	0	0	5
1785499007	request	6602	13763588	13758929	0	745161	0	0	28757848	8388604	0	0	5
1785499017	request	6612	13763588	13758929	0	745161	0	0	28757456	8388604	0	0	5
1785499027	request	6622	13763588	13758929	0	745161	0	0	28758252	8388604	0	0	5
1785499037	request	6632	13763588	13758928	0	745161	0	0	28757496	8388604	0	0	5
1785499047	request	6642	13763588	13758928	0	745161	0	0	28756992	8388604	0	0	5
1785499058	request	6653	13763588	13758929	0	745161	0	0	28757676	8388604	0	0	5
1785499068	request	6663	13763588	13758926	0	745161	0	0	28757424	8388604	0	0	5
1785499078	request	6673	13763588	13758930	0	745161	0	0	28756668	8388604	0	0	5
1785499088	request	6683	13763588	13758928	0	745161	0	0	28756376	8388604	0	0	5
1785499098	request	6693	13763588	13758926	0	745161	0	0	28756492	8388604	0	0	5
1785499108	request	6703	13763588	13758929	0	745161	0	0	28757112	8388604	0	0	5
1785499119	request	6714	13763588	13758928	0	745161	0	0	28751360	8388604	0	0	5
1785499129	request	6724	13763588	13758929	0	745161	0	0	28747908	8388604	0	0	5
1785499139	request	6734	13763588	13758926	0	745161	0	0	28747656	8388604	0	0	5
1785499149	request	6744	13763588	13758928	0	745161	0	0	28747404	8388604	0	0	5
1785499159	request	6754	13763588	13758929	0	745161	0	0	28746936	8388604	0	0	5
1785499169	request	6764	13763596	13758937	0	745163	0	0	28747168	8388604	0	0	5
1785499180	request	6775	13763596	13758934	0	745163	0	0	28746016	8388604	0	0	5
1785499190	request	6785	13763596	13758934	0	745163	0	0	28746736	8388604	0	0	5
1785499200	request	6795	13763596	13758937	0	745163	0	0	28747476	8388604	0	0	5
1785499210	request	6805	13763596	13758934	0	745163	0	0	28755260	8388604	0	0	5
1785499220	request	6815	13763596	13758939	0	745163	0	0	28754988	8388604	0	0	5
1785499230	request	6825	13763596	13758930	0	745163	0	0	28756460	8388604	0	0	5
1785499240	request	6835	13763596	13758930	0	745163	0	0	28755840	8388604	0	0	5
1785499251	request	6846	13763596	13758929	0	745163	0	0	28755316	8388604	0	0	5
1785499261	request	6856	13763596	13758934	0	745163	0	0	28754576	8388604	0	0	5
1785499271	request	6866	13763596	13758932	0	745163	0	0	28754328	8388604	0	0	5
1785499281	request	6876	13763596	13758931	0	745163	0	0	28754056	8388604	0	0	5
1785499291	request	6886	13763596	13758933	0	745163	0	0	28754128	8388604	0	0	5
1785499301	request	6896	13763596	13758929	0	745163	0	0	28754188	8388604	0	0	5
1785499312	request	6907	13763596	13758930	0	745163	0	0	28755144	8388604	0	0	5
1785499322	request	6917	13763596	13758931	0	745163	0	0	28754636	8388604	0	0	5
1785499332	request	6927	13763596	13758932	0	745163	0	0	28755460	8388604	0	0	5
1785499342	request	6937	13763596	13758934	0	745163	0	0	28754708	8388604	0	0	5
1785499352	request	6947	13763596	13758932	0	745163	0	0	28755256	8388604	0	0	5
1785499362	request	6957	13763596	13758931	0	745163	0	0	28755552	8388604	0	0	5
1785499372	request	6967	13763596	13758931	0	745163	0	0	28755312	8388604	0	0	5
1785499383	request	6978	13763596	13758932	0	745163	0	0	28754932	8388604	0	0	5
1785499393	request	6988	13763596	13758931	0	745163	0	0	28756320	8388604	0	0	5
1785499403	request	6998	13763596	13758934	0	745163	0	0	28757468	8388604	0	0	5
1785499413	request	7008	13763596	13758931	0	745163	0	0	28755728	8388604	0	0	5
1785499423	request	7018	13763596	13758931	0	745163	0	0	28756028	8388604	0	0	5
1785499433	request	7028	13763596	13758934	0	745163	0	0	28756028	8388604	0	0	5
1785499444	request	7039	13763596	13758932	0	745163	0	0	28755444	8388604	0	0	5
1785499454	request	7049	13763596	13758929	0	745163	0	0	28755444	8388604	0	0	5
1785499464	request	7059	13763596	13758929	0	745163	0	0	28755400	8388604	0	0	5
1785499474	request	7069	13763596	13758931	0	745163	0	0	28755384	8388604	0	0	5
1785499484	request	7079	13763596	13758929	0	745163	0	0	28755616	8388604	0	0	5
1785499494	request	7089	13763596	13758931	0	745163	0	0	28756760	8388604	0	0	5
1785499504	request	7099	13763596	13758931	0	745163	0	0	28756428	8388604	0	0	5
1785499515	request	7110	13763596	13758931	0	745163	0	0	28756316	8388604	0	0	5
1785499525	request	7120	13763596	13758929	0	745163	0	0	28755812	8388604	0	0	5
1785499535	request	7130	13763596	13758941	0	745163	0	0	28758636	8388604	0	0	5
1785499545	request	7140	13763596	13758941	0	745163	0	0	28759568	8388604	0	0	5
1785499555	request	7150	13763596	13758939	0	745163	0	0	28757552	8388604	0	0	5
1785499565	request	7160	13763596	13758936	0	745163	0	0	28757296	8388604	0	0	5
1785499576	request	7171	13763596	13758938	0	745163	0	0	28753256	8388604	0	0	5
1785499586	request	7181	13763596	13758938	0	745163	0	0	28757580	8388604	0	0	5
1785499596	request	7191	13763596	13758938	0	745163	0	0	28756716	8388604	0	0	5
1785499606	request	7201	13763600	13758943	0	745164	0	0	28757896	8388604	0	0	5
1785499616	request	7211	13763600	13758945	0	745164	0	0	28757144	8388604	0	0	5
1785499626	request	7221	13763600	13758940	0	745164	0	0	28757248	8388604	0	0	5
1785499637	request	7232	13763600	13758943	0	745164	0	0	28756976	8388604	0	0	5
1785499647	request	7242	13763600	13758944	0	745164	0	0	28757588	8388604	0	0	5
1785499657	request	7252	13763600	13758944	0	745164	0	0	28757336	8388604	0	0	5
1785499667	request	7262	13763600	13758940	0	745164	0	0	28758176	8388604	0	0	5
1785499677	request	7272	13763600	13758942	0	745164	0	0	28758428	8388604	0	0	5
1785499687	request	7282	13763600	13758944	0	745164	0	0	28758428	8388604	0	0	5
1785499697	request	7292	13763600	13758943	0	745164	0	0	28757364	8388604	0	0	5
1785499708	request	7303	13763600	13758944	0	745164	0	0	28756656	8388604	0	0	5
1785499718	request	7313	13763600	13758943	0	745164	0	0	28756656	8388604	0	0	5
1785499728	request	7323	13763600	13758943	0	745164	0	0	28756468	8388604	0	0	5
1785499738	request	7333	13763600	13758944	0	745164	0	0	28756752	8388604	0	0	5
1785499748	request	7343	13763600	13758945	0	745164	0	0	28757608	8388604	0	0	5
1785499758	request	7353	13763600	13758944	0	745164	0	0	28757104	8388604	0	0	5
1785499769	request	7364	13763600	13758942	0	745164	0	0	28756776	8388604	0	0	5
1785499779	request	7374	13763600	13758945	0	745164	0	0	28756020	8388604	0	0	5
1785499789	request	7384	13763600	13758943	0	745164	0	0	28755516	8388604	0	0	5
1785499799	request	7394	13763600	13758940	0	745164	0	0	28751428	8388604	0	0	5
1785499809	request	7404	13763600	13758945	0	745164	0	0	28750924	8388604	0	0	5
1785499819	request	7414	13763600	13758942	0	745164	0	0	28750224	8388604	0	0	5
1785499829	request	7424	13763600	13758944	0	745164	0	0	28750136	8388604	0	0	5
1785499840	request	7435	13763600	13758939	0	745164	0	0	28750336	8388604	0	0	5
1785499850	request	7445	13763600	13758937	0	745164	0	0	28726708	8388604	0	0	5
1785499860	request	7455	13763600	13758903	0	745164	0	0	28484428	8388604	0	0	5
1785499870	request	7465	13763600	13758901	0	745164	0	0	28454392	8388604	0	0	5
1785499880	request	7475	13763600	13758902	0	745164	0	0	28484388	8388604	0	0	5
1785499890	request	7485	13763600	13758902	0	745164	0	0	28461284	8388604	0	0	5
1785499901	request	7496	13763600	13758901	0	745164	0	0	28478992	8388604	0	0	5
1785499911	request	7506	13763600	13758900	0	745164	0	0	28519196	8388604	0	0	5
1785499921	request	7516	13763600	13758901	0	745164	0	0	28519028	8388604	0	0	5
1785499931	request	7526	13763600	13758914	0	745164	0	0	28637920	8388604	0	0	5
1785499941	request	7536	13763600	13758918	0	745164	0	0	28652880	8388604	0	0	5
1785499951	request	7546	13763600	13758938	0	745164	0	0	28749612	8388604	0	0	5
1785499961	request	7556	13763600	13758921	0	745164	0	0	28599944	8388604	0	0	5
1785499972	request	7567	13763600	13758920	0	745164	0	0	28625536	8388604	0	0	5
1785499982	request	7577	13763600	13758919	0	745164	0	0	28644224	8388604	0	0	5
1785499992	request	7587	13763600	13758936	0	745164	0	0	28744632	8388604	0	0	5
1785500002	request	7597	13763600	13758915	0	745164	0	0	28597920	8388604	0	0	5
1785500012	request	7607	13763600	13758918	0	745164	0	0	28618540	8388604	0	0	5
1785500022	request	7617	13763600	13758917	0	745164	0	0	28624004	8388604	0	0	5
1785500033	request	7628	13763600	13758918	0	745164	0	0	28653660	8388604	0	0	5
1785500043	request	7638	13763600	13758918	0	745164	0	0	28654660	8388604	0	0	5
1785500053	request	7648	13763600	13758915	0	745164	0	0	28644952	8388604	0	0	5
1785500063	request	7658	13763600	13758939	0	745164	0	0	28735204	8388604	0	0	5
1785500073	request	7668	13763600	13758918	0	745164	0	0	28622472	8388604	0	0	5
1785500083	request	7678	13763600	13758936	0	745164	0	0	28705720	8388604	0	0	5
1785500093	request	7688	13763600	13758904	0	745164	0	0	28640680	8388604	0	0	5
1785500104	request	7699	13763600	13758936	0	745164	0	0	28754140	8388604	0	0	5
1785500114	request	7709	13763600	13758918	0	745164	0	0	28616276	8388604	0	0	5
1785500124	request	7719	13763600	13758935	0	745164	0	0	28728200	8388604	0	0	5
1785500134	request	7729	13763600	13758912	0	745164	0	0	28639488	8388604	0	0	5
1785500144	request	7739	13763600	13758913	0	745164	0	0	28647684	8388604	0	0	5
1785500154	request	7749	13763600	13758911	0	745164	0	0	28664396	8388604	0	0	5
1785500165	request	7760	13763600	13758935	0	745164	0	0	28749884	8388604	0	0	5
1785500175	request	7770	13763608	13758946	0	745166	0	0	28709452	8388604	0	0	5
1785500185	request	7780	13763608	13758946	0	745166	0	0	28751636	8388604	0	0	5
1785500195	request	7790	13763608	13758921	0	745166	0	0	28629168	8388604	0	0	5
1785500205	request	7800	13763608	13758945	0	745166	0	0	28736376	8388604	0	0	5
1785500215	request	7810	13763608	13758904	0	745166	0	0	28525996	8388604	0	0	5
1785500225	request	7820	13763608	13758900	0	745166	0	0	28342280	8388604	0	0	5
1785500236	request	7831	13763608	13758902	0	745166	0	0	28363676	8388604	0	0	5
1785500246	request	7841	13763608	13758904	0	745166	0	0	28360360	8388604	0	0	5
1785500256	request	7851	13763608	13758917	0	745166	0	0	28476988	8388604	0	0	5
1785500266	request	7861	13763608	13758918	0	745166	0	0	28498632	8388604	0	0	5
1785500276	request	7871	13763608	13758917	0	745166	0	0	28526664	8388604	0	0	5
1785500286	request	7881	13763608	13758944	0	745166	0	0	28572432	8388604	0	0	5
1785500296	request	7891	13763608	13758948	0	745166	0	0	28590884	8388604	0	0	5
1785500307	request	7902	13763608	13758949	0	745166	0	0	28564896	8388604	0	0	5
1785500317	request	7912	13763608	13758948	0	745166	0	0	28573560	8388604	0	0	5
1785500327	request	7922	13763608	13758947	0	745166	0	0	28572728	8388604	0	0	5
1785500337	request	7932	13763608	13758944	0	745166	0	0	28572224	8388604	0	0	5
1785500347	request	7942	13763608	13758947	0	745166	0	0	28570776	8388604	0	0	5
1785500357	request	7952	13763608	13758947	0	745166	0	0	28571912	8388604	0	0	5
1785500368	request	7963	13763608	13758948	0	745166	0	0	28619264	8388604	0	0	5
1785500378	request	7973	13763608	13758947	0	745166	0	0	28619424	8388604	0	0	5
1785500388	request	7983	13763608	13758944	0	745166	0	0	28619488	8388604	0	0	5
1785500398	request	7993	13763608	13758946	0	745166	0	0	28618792	8388604	0	0	5
1785500408	request	8003	13763608	13758947	0	745166	0	0	28617776	8388604	0	0	5
1785500418	request	8013	13763608	13758947	0	745166	0	0	28624272	8388604	0	0	5
1785500428	request	8023	13763608	13758944	0	745166	0	0	28623772	8388604	0	0	5
1785500439	request	8034	13763608	13758944	0	745166	0	0	28624960	8388604	0	0	5
1785500449	request	8044	13763608	13758947	0	745166	0	0	28624824	8388604	0	0	5
1785500459	request	8054	13763608	13758947	0	745166	0	0	28624412	8388604	0	0	5
1785500469	request	8064	13763608	13758944	0	745166	0	0	28621896	8388604	0	0	5
1785500479	request	8074	13763608	13758948	0	745166	0	0	28621640	8388604	0	0	5
1785500489	request	8084	13763608	13758944	0	745166	0	0	28621388	8388604	0	0	5
1785500500	request	8095	13763608	13758948	0	745166	0	0	28613664	8388604	0	0	5
1785500510	request	8105	13763608	13758946	0	745166	0	0	28613356	8388604	0	0	5
1785500520	request	8115	13763608	13758947	0	745166	0	0	28612100	8388604	0	0	5
1785500530	request	8125	13763608	13758944	0	745166	0	0	28611372	8388604	0	0	5
1785500540	request	8135	13763608	13758946	0	745166	0	0	28623236	8388604	0	0	5
1785500550	request	8145	13763608	13758945	0	745166	0	0	28623648	8388604	0	0	5
1785500560	request	8155	13763608	13758946	0	745166	0	0	28623884	8388604	0	0	5
1785500571	request	8166	13763608	13758944	0	745166	0	0	28623660	8388604	0	0	5
1785500581	request	8176	13763608	13758949	0	745166	0	0	28623908	8388604	0	0	5
1785500591	request	8186	13763608	13758943	0	745166	0	0	28622996	8388604	0	0	5
1785500601	request	8196	13763608	13758949	0	745166	0	0	28622936	8388604	0	0	5
1785500611	request	8206	13763608	13758947	0	745166	0	0	28622232	8388604	0	0	5
1785500621	request	8216	13763608	13758944	0	745166	0	0	28621540	8388604	0	0	5
1785500631	request	8226	13763608	13758946	0	745166	0	0	28620388	8388604	0	0	5
1785500642	request	8237	13763608	13758947	0	745166	0	0	28619548	8388604	0	0	5
1785500652	request	8247	13763608	13758948	0	745166	0	0	28619228	8388604	0	0	5
1785500662	request	8257	13763608	13758946	0	745166	0	0	28619908	8388604	0	0	5
1785500672	request	8267	13763608	13758947	0	745166	0	0	28619636	8388604	0	0	5
1785500682	request	8277	13763608	13758947	0	745166	0	0	28618960	8388604	0	0	5
1785500692	request	8287	13763608	13758944	0	745166	0	0	28619212	8388604	0	0	5
1785500703	request	8298	13763608	13758946	0	745166	0	0	28618932	8388604	0	0	5
1785500713	request	8308	13763608	13758947	0	745166	0	0	28617924	8388604	0	0	5
1785500723	request	8318	13763608	13758944	0	745166	0	0	28619140	8388604	0	0	5
1785500733	request	8328	13763608	13758947	0	745166	0	0	28618908	8388604	0	0	5
1785500743	request	8338	13763608	13758942	0	745166	0	0	28621564	8388604	0	0	5
1785500753	request	8348	13763608	13758943	0	745166	0	0	28621512	8388604	0	0	5
1785500764	request	8359	13763608	13758942	0	745166	0	0	28622308	8388604	0	0	5
1785500774	request	8369	13763608	13758942	0	745166	0	0	28622208	8388604	0	0	5
1785500784	request	8379	13763608	13758942	0	745166	0	0	28621820	8388604	0	0	5
1785500794	request	8389	13763608	13758942	0	745166	0	0	28621860	8388604	0	0	5
1785500804	request	8399	13763608	13758939	0	745166	0	0	28621856	8388604	0	0	5
1785500814	request	8409	13763608	13758942	0	745166	0	0	28622108	8388604	0	0	5
1785500824	request	8419	13763608	13758942	0	745166	0	0	28621368	8388604	0	0	5
1785500835	request	8430	13763608	13758942	0	745166	0	0	28619868	8388604	0	0	5
1785500845	request	8440	13763608	13758945	0	745166	0	0	28619368	8388604	0	0	5
1785500855	request	8450	13763608	13758944	0	745166	0	0	28619116	8388604	0	0	5
1785500865	request	8460	13763608	13758942	0	745166	0	0	28618860	8388604	0	0	5
1785500875	request	8470	13765656	13760993	0	745678	0	0	28617244	8388604	0	0	5
1785500885	request	8480	13765656	13760990	0	745678	0	0	28618004	8388604	0	0	5
1785500896	request	8491	13765656	13760987	0	745678	0	0	28617484	8388604	0	0	5
1785500906	request	8501	13765656	13760988	0	745678	0	0	28617788	8388604	0	0	5
1785500916	request	8511	13765656	13760990	0	745678	0	0	28617536	8388604	0	0	5
1785500926	request	8521	13765656	13760992	0	745678	0	0	28617028	8388604	0	0	5
1785500936	request	8531	13765656	13760991	0	745678	0	0	28617256	8388604	0	0	5
1785500946	request	8541	13765656	13760987	0	745678	0	0	28616512	8388604	0	0	5
1785500956	request	8551	13765656	13760988	0	745678	0	0	28615280	8388604	0	0	5
1785500967	request	8562	13765656	13760990	0	745678	0	0	28616744	8388604	0	0	5
1785500977	request	8572	13765656	13760990	0	745678	0	0	28617316	8388604	0	0	5
1785500987	request	8582	13765656	13760988	0	745678	0	0	28618348	8388604	0	0	5
1785500997	request	8592	13765656	13760991	0	745678	0	0	28617508	8388604	0	0	5
1785501007	request	8602	13765656	13760988	0	745678	0	0	28618216	8388604	0	0	5
1785501017	request	8612	13765656	13760991	0	745678	0	0	28617460	8388604	0	0	5
1785501028	request	8623	13765656	13760988	0	745678	0	0	28617860	8388604	0	0	5
1785501038	request	8633	13765656	13760990	0	745678	0	0	28617924	8388604	0	0	5
1785501048	request	8643	13765656	13760990	0	745678	0	0	28618084	8388604	0	0	5
1785501058	request	8653	13765656	13760993	0	745678	0	0	28617184	8388604	0	0	5
1785501068	request	8663	13765656	13760995	0	745678	0	0	28618360	8388604	0	0	5
1785501078	request	8673	13765656	13760993	0	745678	0	0	28617856	8388604	0	0	5
1785501089	request	8684	13765656	13760993	0	745678	0	0	28617336	8388604	0	0	5
1785501099	request	8694	13765656	13760993	0	745678	0	0	28618000	8388604	0	0	5
1785501109	request	8704	13765656	13760993	0	745678	0	0	28617496	8388604	0	0	5
1785501119	request	8714	13765656	13760993	0	745678	0	0	28615572	8388604	0	0	5
1785501129	request	8724	13765656	13760993	0	745678	0	0	28615028	8388604	0	0	5
1785501139	request	8734	13767704	13763039	0	746190	0	0	28613004	8388604	0	0	5
1785501149	request	8744	13767704	13763043	0	746190	0	0	28613048	8388604	0	0	5
1785501160	request	8755	13767704	13763039	0	746190	0	0	28613424	8388604	0	0	5
1785501170	request	8765	13767704	13763041	0	746190	0	0	28613172	8388604	0	0	5
1785501180	request	8775	13767704	13763040	0	746190	0	0	28612888	8388604	0	0	5
1785501190	request	8785	13767704	13763038	0	746190	0	0	28612368	8388604	0	0	5
1785501200	request	8795	13767704	13763043	0	746190	0	0	28612100	8388604	0	0	5
1785501210	request	8805	13767704	13763040	0	746190	0	0	28611516	8388604	0	0	5
1785501221	request	8816	13767704	13763039	0	746190	0	0	28611860	8388604	0	0	5
1785501231	request	8826	13767704	13763038	0	746190	0	0	28611852	8388604	0	0	5
1785501241	request	8836	13767704	13763041	0	746190	0	0	28611520	8388604	0	0	5
1785501251	request	8846	13767704	13763042	0	746190	0	0	28611528	8388604	0	0	5
1785501261	request	8856	13767704	13763038	0	746190	0	0	28611520	8388604	0	0	5
1785501271	request	8866	13767704	13763042	0	746190	0	0	28612088	8388604	0	0	5
1785501281	request	8876	13767704	13763039	0	746190	0	0	28611820	8388604	0	0	5
1785501292	request	8887	13767704	13763039	0	746190	0	0	28603456	8388604	0	0	5
1785501302	request	8897	13767704	13763041	0	746190	0	0	28603300	8388604	0	0	5
1785501312	request	8907	13767704	13763041	0	746190	0	0	28604372	8388604	0	0	5
1785501322	request	8917	13767704	13763041	0	746190	0	0	28604768	8388604	0	0	5
1785501332	request	8927	13767704	13763041	0	746190	0	0	28604516	8388604	0	0	5
1785501342	request	8937	13767728	13763075	0	746196	0	0	28605116	8388604	0	0	5
1785501353	request	8948	13767728	13763074	0	746196	0	0	28604024	8388604	0	0	5
1785501363	request	8958	13767728	13763068	0	746196	0	0	28604368	8388604	0	0	5
1785501373	request	8968	13767728	13763069	0	746196	0	0	28603740	8388604	0	0	5
1785501383	request	8978	13767728	13763068	0	746196	0	0	28603504	8388604	0	0	5
1785501393	request	8988	13767728	13763069	0	746196	0	0	28603748	8388604	0	0	5
1785501403	request	8998	13767728	13763066	0	746196	0	0	28604476	8388604	0	0	5
1785501413	request	9008	13767728	13763070	0	746196	0	0	28604888	8388604	0	0	5
1785501424	request	9019	13767752	13763091	0	746202	0	0	28604640	8388604	0	0	5
1785501434	request	9029	13767880	13763221	0	746234	0	0	28599456	8388604	0	0	5
1785501444	request	9039	13767880	13763224	0	746234	0	0	28602656	8388604	0	0	5
1785501454	request	9049	13767880	13763222	0	746234	0	0	28603376	8388604	0	0	5
1785501464	request	9059	13767880	13763218	0	746234	0	0	28602528	8388604	0	0	5
1785501474	request	9069	13767880	13763221	0	746234	0	0	28603312	8388604	0	0	5
1785501485	request	9080	13767880	13763222	0	746234	0	0	28602832	8388604	0	0	5
1785501495	request	9090	13768008	13763349	0	746266	0	0	28601956	8388604	0	0	5
1785501505	request	9100	13768008	13763349	0	746266	0	0	28601648	8388604	0	0	5
1785501515	request	9110	13768008	13763350	0	746266	0	0	28602704	8388604	0	0	5
1785501525	request	9120	13768016	13763360	0	746268	0	0	28602452	8388604	0	0	5
1785501535	request	9130	13768016	13763357	0	746268	0	0	28602200	8388604	0	0	5
1785501545	request	9140	13768016	13763358	0	746268	0	0	28602204	8388604	0	0	5
1785501556	request	9151	13768144	13763485	0	746300	0	0	28602380	8388604	0	0	5
1785501566	request	9161	13768144	13763485	0	746300	0	0	28601636	8388604	0	0	5
1785501576	request	9171	13768144	13763486	0	746300	0	0	28601860	8388604	0	0	5
1785501586	request	9181	13768144	13763485	0	746300	0	0	28601832	8388604	0	0	5
1785501596	request	9191	13768144	13763485	0	746300	0	0	28603016	8388604	0	0	5
1785501606	request	9201	13768144	13763483	0	746300	0	0	28602436	8388604	0	0	5
1785501617	request	9212	13768272	13763613	0	746332	0	0	28602184	8388604	0	0	5
1785501627	request	9222	13768272	13763614	0	746332	0	0	28602732	8388604	0	0	5
1785501637	request	9232	13768272	13763615	0	746332	0	0	28611472	8388604	0	0	5
1785501647	request	9242	13768272	13763613	0	746332	0	0	28603916	8388604	0	0	5
1785501657	request	9252	13768272	13763618	0	746332	0	0	28604188	8388604	0	0	5
1785501667	request	9262	13768272	13763619	0	746332	0	0	28605252	8388604	0	0	5
1785501677	request	9272	13768400	13763745	0	746364	0	0	28604252	8388604	0	0	5
1785501688	request	9283	13768656	13764002	0	746428	0	0	28604552	8388604	0	0	5
1785501698	request	9293	13768912	13764259	0	746492	0	0	28611700	8388604	0	0	5
1785501708	request	9303	13768912	13764257	0	746492	0	0	28611448	8388604	0	0	5
1785501718	request	9313	13768912	13764256	0	746492	0	0	28611448	8388604	0	0	5
1785501728	request	9323	13768912	13764254	0	746492	0	0	28611480	8388604	0	0	5
1785501738	request	9333	13768912	13764255	0	746492	0	0	28611524	8388604	0	0	5
1785501749	request	9344	13768912	13764254	0	746492	0	0	28611580	8388604	0	0	5
1785501759	request	9354	13768912	13764258	0	746492	0	0	28612504	8388604	0	0	5
1785501769	request	9364	13769040	13764382	0	746524	0	0	28612796	8388604	0	0	5
1785501779	request	9374	13769040	13764387	0	746524	0	0	28612304	8388604	0	0	5
1785501789	request	9384	13769040	13764386	0	746524	0	0	28612112	8388604	0	0	5
1785501799	request	9394	13769040	13764386	0	746524	0	0	28612104	8388604	0	0	5
1785501810	request	9405	13769040	13764386	0	746524	0	0	28611172	8388604	0	0	5
1785501820	request	9415	13769040	13764385	0	746524	0	0	28610684	8388604	0	0	5
1785501830	request	9425	13769168	13764515	0	746556	0	0	28610724	8388604	0	0	5
1785501840	request	9435	13769168	13764514	0	746556	0	0	28610232	8388604	0	0	5
1785501850	request	9445	13769168	13764512	0	746556	0	0	28610408	8388604	0	0	5
1785501860	request	9455	13769168	13764510	0	746556	0	0	28609944	8388604	0	0	5
1785501870	request	9465	13769168	13764514	0	746556	0	0	28609008	8388604	0	0	5
1785501881	request	9476	13769168	13764514	0	746556	0	0	28609552	8388604	0	0	5
1785501891	request	9486	13769296	13764643	0	746588	0	0	28609552	8388604	0	0	5
1785501901	request	9496	13769296	13764643	0	746588	0	0	28609692	8388604	0	0	5
1785501911	request	9506	13769296	13764640	0	746588	0	0	28609188	8388604	0	0	5
1785501921	request	9516	13769296	13764640	0	746588	0	0	28608936	8388604	0	0	5
1785501931	request	9526	13769296	13764643	0	746588	0	0	28608416	8388604	0	0	5
1785501942	request	9537	13769296	13764635	0	746588	0	0	28611364	8388604	0	0	5
1785501952	request	9547	13769424	13764763	0	746620	0	0	28611980	8388604	0	0	5
1785501962	request	9557	13769552	13764889	0	746652	0	0	28611272	8388604	0	0	5
1785501972	request	9567	13769808	13765145	0	746716	0	0	28611504	8388604	0	0	5
1785501982	request	9577	13769936	13765272	0	746748	0	0	28611380	8388604	0	0	5
1785501992	request	9587	13769936	13765274	0	746748	0	0	28611632	8388604	0	0	5
1785502002	request	9597	13769936	13765274	0	746748	0	0	28611620	8388604	0	0	5
1785502013	request	9608	13769936	13765273	0	746748	0	0	28611556	8388604	0	0	5
1785502023	request	9618	13769936	13765276	0	746748	0	0	28611400	8388604	0	0	5
1785502033	request	9628	13769936	13765276	0	746748	0	0	28611492	8388604	0	0	5
1785502043	request	9638	13770064	13765403	0	746780	0	0	28611500	8388604	0	0	5
1785502053	request	9648	13770064	13765401	0	746780	0	0	28611160	8388604	0	0	5
1785502063	request	9658	13770064	13765403	0	746780	0	0	28610152	8388604	0	0	5
1785502074	request	9669	13770064	13765403	0	746780	0	0	28611160	8388604	0	0	5
1785502084	request	9679	13770064	13765403	0	746780	0	0	28603096	8388604	0	0	5
1785502094	request	9689	13770064	13765401	0	746780	0	0	28603640	8388604	0	0	5
1785502104	request	9699	13770192	13765529	0	746812	0	0	28603388	8388604	0	0	5
1785502114	request	9709	13770192	13765531	0	746812	0	0	28602920	8388604	0	0	5
1785502124	request	9719	13770192	13765529	0	746812	0	0	28602644	8388604	0	0	5
1785502135	request	9730	13770192	13765531	0	746812	0	0	28602280	8388604	0	0	5
1785502145	request	9740	13770192	13765532	0	746812	0	0	28602292	8388604	0	0	5
1785502155	request	9750	13770192	13765532	0	746812	0	0	28601776	8388604	0	0	5
1785502165	request	9760	13770192	13765532	0	746812	0	0	28602156	8388604	0	0	5
1785502175	request	9770	13770320	13765659	0	746844	0	0	28601448	8388604	0	0	5
1785502185	request	9780	13770320	13765657	0	746844	0	0	28601600	8388604	0	0	5
1785502195	request	9790	13770320	13765659	0	746844	0	0	28600844	8388604	0	0	5
1785502206	request	9801	13770320	13765662	0	746844	0	0	28601396	8388604	0	0	5
1785502216	request	9811	13770320	13765662	0	746844	0	0	28609244	8388604	0	0	5
1785502226	request	9821	13770320	13765660	0	746844	0	0	28601384	8388604	0	0	5
1785502236	request	9831	13770448	13765788	0	746876	0	0	28598760	8388604	0	0	5
1785502246	request	9841	13770704	13766047	0	746940	0	0	28601156	8388604	0	0	5
1785502256	request	9851	13770960	13766299	0	747004	0	0	28601148	8388604	0	0	5
1785502267	request	9862	13770960	13766302	0	747004	0	0	28602824	8388604	0	0	5
1785502277	request	9872	13770960	13766303	0	747004	0	0	28603904	8388604	0	0	5
1785502287	request	9882	13770960	13766304	0	747004	0	0	28603788	8388604	0	0	5
1785502297	request	9892	13770960	13766302	0	747004	0	0	28604216	8388604	0	0	5
1785502307	request	9902	13770960	13766302	0	747004	0	0	28604284	8388604	0	0	5
1785502317	request	9912	13770960	13766301	0	747004	0	0	28604376	8388604	0	0	5
1785502327	request	9922	13771088	13766428	0	747036	0	0	28605328	8388604	0	0	5
1785502338	request	9933	13771088	13766426	0	747036	0	0	28613192	8388604	0	0	5
1785502348	request	9943	13771088	13766426	0	747036	0	0	28612924	8388604	0	0	5
1785502358	request	9953	13771088	13766430	0	747036	0	0	28612480	8388604	0	0	5
1785502368	request	9963	13771088	13766429	0	747036	0	0	28612480	8388604	0	0	5
1785502378	request	9973	13771088	13766429	0	747036	0	0	28613104	8388604	0	0	5
1785502388	request	9983	13771216	13766559	0	747068	0	0	28607360	8388604	0	0	5
1785502399	request	9994	13771216	13766554	0	747068	0	0	28605708	8388604	0	0	5
1785502409	request	10004	13771216	13766554	0	747068	0	0	28606072	8388604	0	0	5
1785502419	request	10014	13771216	13766559	0	747068	0	0	28605456	8388604	0	0	5
1785502429	request	10024	13771216	13766554	0	747068	0	0	28610816	8388604	0	0	5
1785502439	request	10034	13771216	13766556	0	747068	0	0	28610424	8388604	0	0	5
1785502449	request	10044	13771216	13766556	0	747068	0	0	28610888	8388604	0	0	5
1785502459	request	10054	13771344	13766684	0	747100	0	0	28610400	8388604	0	0	5
1785502470	request	10065	13771344	13766684	0	747100	0	0	28611880	8388604	0	0	5
1785502480	request	10075	13771344	13766684	0	747100	0	0	28611564	8388604	0	0	5
1785502490	request	10085	13771344	13766684	0	747100	0	0	28611832	8388604	0	0	5
1785502500	request	10095	13771344	13766683	0	747100	0	0	28611340	8388604	0	0	5
1785502510	request	10105	13771344	13766682	0	747100	0	0	28611472	8388604	0	0	5
1785502520	request	10115	13771472	13766810	0	747132	0	0	28611372	8388604	0	0	5
1785502531	request	10126	13771728	13767068	0	747196	0	0	28611632	8388604	0	0	5
1785502541	request	10136	13771856	13767190	0	747228	0	0	28611680	8388604	0	0	5
1785502551	request	10146	13771984	13767320	0	747260	0	0	28611444	8388604	0	0	5
1785502561	request	10156	13771984	13767322	0	747260	0	0	28611236	8388604	0	0	5
1785502571	request	10166	13771984	13767320	0	747260	0	0	28612104	8388604	0	0	5
1785502581	request	10176	13771984	13767320	0	747260	0	0	28612356	8388604	0	0	5
1785502591	request	10186	13771984	13767319	0	747260	0	0	28612860	8388604	0	0	5
1785502602	request	10197	13771984	13767319	0	747260	0	0	28612824	8388604	0	0	5
1785502612	request	10207	13772112	13767448	0	747292	0	0	28603588	8388604	0	0	5
1785502622	request	10217	13772112	13767447	0	747292	0	0	28605172	8388604	0	0	5
1785502632	request	10227	13772112	13767449	0	747292	0	0	28604896	8388604	0	0	5
1785502642	request	10237	13772112	13767447	0	747292	0	0	28605120	8388604	0	0	5
1785502652	request	10247	13772112	13767445	0	747292	0	0	28605132	8388604	0	0	5
1785502663	request	10258	13772112	13767447	0	747292	0	0	28604956	8388604	0	0	5
1785502673	request	10268	13772112	13767447	0	747292	0	0	28603580	8388604	0	0	5
1785502683	request	10278	13772240	13767575	0	747324	0	0	28604528	8388604	0	0	5
1785502693	request	10288	13772240	13767573	0	747324	0	0	28604276	8388604	0	0	5
1785502703	request	10298	13772240	13767573	0	747324	0	0	28605300	8388604	0	0	5
1785502713	request	10308	13772240	13767575	0	747324	0	0	28605944	8388604	0	0	5
1785502724	request	10319	13772240	13767575	0	747324	0	0	28605896	8388604	0	0	5
1785502734	request	10329	13772240	13767576	0	747324	0	0	28605124	8388604	0	0	5
1785502744	request	10339	13772368	13767704	0	747356	0	0	28614616	8388604	0	0	5
1785502754	request	10349	13772368	13767701	0	747356	0	0	28611680	8388604	0	0	5
1785502764	request	10359	13772368	13767705	0	747356	0	0	28611648	8388604	0	0	5
1785502774	request	10369	13772368	13767704	0	747356	0	0	28611468	8388604	0	0	5
1785502784	request	10379	13772368	13767705	0	747356	0	0	28606160	8388604	0	0	5
1785502795	request	10390	13772368	13767701	0	747356	0	0	28612472	8388604	0	0	5
1785502805	request	10400	13772368	13767703	0	747356	0	0	28611956	8388604	0	0	5
1785502815	request	10410	13772624	13767959	0	747420	0	0	28611948	8388604	0	0	5
1785502825	request	10420	13772752	13768085	0	747452	0	0	28611696	8388604	0	0	5
1785502835	request	10430	13773008	13768344	0	747516	0	0	28611164	8388604	0	0	5
1785502845	request	10440	13773008	13768343	0	747516	0	0	28611612	8388604	0	0	5
1785502856	request	10451	13773008	13768345	0	747516	0	0	28611616	8388604	0	0	5
1785502866	request	10461	13773008	13768340	0	747516	0	0	28611096	8388604	0	0	5
1785502876	request	10471	13773008	13768345	0	747516	0	0	28611308	8388604	0	0	5
1785502886	request	10481	13773008	13768340	0	747516	0	0	28610816	8388604	0	0	5
1785502896	request	10491	13773008	13768343	0	747516	0	0	28610804	8388604	0	0	5
1785502906	request	10501	13773136	13768470	0	747548	0	0	28610568	8388604	0	0	5
1785502916	request	10511	13773136	13768472	0	747548	0	0	28612240	8388604	0	0	5
1785502927	request	10522	13773136	13768469	0	747548	0	0	28611740	8388604	0	0	5
1785502937	request	10532	13773136	13768471	0	747548	0	0	28611536	8388604	0	0	5
1785502947	request	10542	13773136	13768469	0	747548	0	0	28611720	8388604	0	0	5
1785502957	request	10552	13773136	13768469	0	747548	0	0	28611792	8388604	0	0	5
1785502967	request	10562	13773264	13768601	0	747580	0	0	28612244	8388604	0	0	5
1785502977	request	10572	13773264	13768597	0	747580	0	0	28611500	8388604	0	0	5
1785502988	request	10583	13773264	13768602	0	747580	0	0	28611248	8388604	0	0	5
1785502998	request	10593	13773264	13768600	0	747580	0	0	28610472	8388604	0	0	5
1785503008	request	10603	13773264	13768600	0	747580	0	0	28610476	8388604	0	0	5
1785503018	request	10613	13773264	13768599	0	747580	0	0	28610488	8388604	0	0	5
1785503028	request	10623	13773264	13768597	0	747580	0	0	28610860	8388604	0	0	5
1785503038	request	10633	13773392	13768730	0	747612	0	0	28610668	8388604	0	0	5
1785503049	request	10644	13773392	13768727	0	747612	0	0	28610184	8388604	0	0	5
1785503059	request	10654	13773392	13768728	0	747612	0	0	28609840	8388604	0	0	5
1785503069	request	10664	13773392	13768728	0	747612	0	0	28609916	8388604	0	0	5
1785503079	request	10674	13773392	13768727	0	747612	0	0	28610000	8388604	0	0	5
1785503089	request	10684	13773392	13768725	0	747612	0	0	28609656	8388604	0	0	5
1785503099	request	10694	13773392	13768728	0	747612	0	0	28610684	8388604	0	0	5
1785503109	request	10704	13773648	13768981	0	747676	0	0	28610460	8388604	0	0	5
1785503120	request	10715	13773904	13769240	0	747740	0	0	28610536	8388604	0	0	5
1785503130	request	10725	13774032	13769365	0	747772	0	0	28610660	8388604	0	0	5
1785503140	request	10735	13774032	13769365	0	747772	0	0	28611528	8388604	0	0	5
1785503150	request	10745	13774032	13769371	0	747772	0	0	28613696	8388604	0	0	5
1785503160	request	10755	13774032	13769372	0	747772	0	0	28613564	8388604	0	0	5
1785503170	request	10765	13774032	13769372	0	747772	0	0	28613312	8388604	0	0	5
1785503181	request	10776	13774032	13769370	0	747772	0	0	28613060	8388604	0	0	5
1785503191	request	10786	13774032	13769370	0	747772	0	0	28612572	8388604	0	0	5
1785503201	request	10796	13774160	13769500	0	747804	0	0	28612828	8388604	0	0	5
1785503211	request	10806	13774160	13769498	0	747804	0	0	28612924	8388604	0	0	5
1785503221	request	10816	13774160	13769499	0	747804	0	0	28613220	8388604	0	0	5
1785503231	request	10826	13774160	13769499	0	747804	0	0	28612972	8388604	0	0	5
1785503242	request	10837	13774160	13769500	0	747804	0	0	28612468	8388604	0	0	5
1785503252	request	10847	13774160	13769500	0	747804	0	0	28613100	8388604	0	0	5
1785503262	request	10857	13774288	13769626	0	747836	0	0	28613100	8388604	0	0	5
1785503272	request	10867	13774288	13769628	0	747836	0	0	28612596	8388604	0	0	5
1785503282	request	10877	13774288	13769627	0	747836	0	0	28612400	8388604	0	0	5
1785503292	request	10887	13774288	13769627	0	747836	0	0	28404156	8388604	0	0	5
1785503303	request	10898	13774288	13769625	0	747836	0	0	28607740	8388604	0	0	5
1785503313	request	10908	13774288	13769629	0	747836	0	0	28607924	8388604	0	0	5
1785503323	request	10918	13774288	13769628	0	747836	0	0	28608044	8388604	0	0	5
1785503333	request	10928	13774416	13769755	0	747868	0	0	28607048	8388604	0	0	5
1785503343	request	10938	13774416	13769755	0	747868	0	0	28606824	8388604	0	0	5
1785503353	request	10948	13774416	13769755	0	747868	0	0	28606572	8388604	0	0	5
1785503363	request	10958	13774416	13769757	0	747868	0	0	28605576	8388604	0	0	5
1785503374	request	10969	13774424	13769763	0	747870	0	0	28606428	8388604	0	0	5
1785503384	request	10979	13774424	13769761	0	747870	0	0	28606160	8388604	0	0	5
1785503394	request	10989	13774424	13769761	0	747870	0	0	28606524	8388604	0	0	5
1785503404	request	10999	13774552	13769891	0	747902	0	0	28606188	8388604	0	0	5
1785503414	request	11009	13774808	13770150	0	747966	0	0	28605620	8388604	0	0	5
1785503424	request	11019	13775064	13770405	0	748030	0	0	28606508	8388604	0	0	5
1785503435	request	11030	13775064	13770404	0	748030	0	0	28606700	8388604	0	0	5
1785503445	request	11040	13775064	13770403	0	748030	0	0	28605424	8388604	0	0	5
1785503455	request	11050	13775064	13770403	0	748030	0	0	28605768	8388604	0	0	5
1785503465	request	11060	13775064	13770396	0	748030	0	0	28610140	8388604	0	0	5
1785503475	request	11070	13775064	13770399	0	748030	0	0	28609624	8388604	0	0	5
1785503485	request	11080	13775064	13770399	0	748030	0	0	28609904	8388604	0	0	5
1785503496	request	11091	13775192	13770526	0	748062	0	0	28608896	8388604	0	0	5
1785503506	request	11101	13775192	13770527	0	748062	0	0	28609648	8388604	0	0	5
1785503516	request	11111	13775192	13770527	0	748062	0	0	28609452	8388604	0	0	5
1785503526	request	11121	13775192	13770527	0	748062	0	0	28609228	8388604	0	0	5
1785503536	request	11131	13775192	13770524	0	748062	0	0	28609356	8388604	0	0	5
1785503546	request	11141	13775192	13770527	0	748062	0	0	28611120	8388604	0	0	5
1785503556	request	11151	13775192	13770527	0	748062	0	0	28610624	8388604	0	0	5
1785503567	request	11162	13775320	13770652	0	748094	0	0	28610876	8388604	0	0	5
1785503577	request	11172	13775320	13770654	0	748094	0	0	28610892	8388604	0	0	5
1785503587	request	11182	13775320	13770652	0	748094	0	0	28610148	8388604	0	0	5
1785503597	request	11192	13775320	13770655	0	748094	0	0	28609792	8388604	0	0	5
1785503607	request	11202	13775320	13770655	0	748094	0	0	28609944	8388604	0	0	5
1785503617	request	11212	13775320	13770654	0	748094	0	0	28609536	8388604	0	0	5
1785503628	request	11223	13775320	13770654	0	748094	0	0	28609284	8388604	0	0	5
1785503638	request	11233	13775448	13770782	0	748126	0	0	28610108	8388604	0	0	5
1785503648	request	11243	13775448	13770780	0	748126	0	0	28609352	8388604	0	0	5
1785503658	request	11253	13775448	13770780	0	748126	0	0	28608472	8388604	0	0	5
1785503668	request	11263	13775448	13770783	0	748126	0	0	28607872	8388604	0	0	5
1785503678	request	11273	13775448	13770783	0	748126	0	0	28608844	8388604	0	0	5
1785503688	request	11283	13775448	13770784	0	748126	0	0	28608592	8388604	0	0	5
1785503699	request	11294	13775448	13770783	0	748158	0	0	28608980	8388604	0	0	5
1785503709	request	11304	13775704	13771038	0	748190	0	0	28609768	8388604	0	0	5
1785503719	request	11314	13775960	13771292	0	748254	0	0	28609528	8388604	0	0	5
1785503729	request	11324	13776088	13771420	0	748286	0	0	28601684	8388604	0	0	5
1785503739	request	11334	13776088	13771422	0	748286	0	0	28602916	8388604	0	0	5
1785503749	request	11344	13776088	13771422	0	748286	0	0	28602144	8388604	0	0	5
1785503760	request	11355	13776088	13771420	0	748286	0	0	28602220	8388604	0	0	5
1785503770	request	11365	13776088	13771423	0	748286	0	0	28605208	8388604	0	0	5
1785503780	request	11375	13776088	13771423	0	748286	0	0	28604116	8388604	0	0	5
1785503790	request	11385	13776088	13771423	0	748286	0	0	28603724	8388604	0	0	5
1785503800	request	11395	13776216	13771551	0	748318	0	0	28603612	8388604	0	0	5
1785503810	request	11405	13776216	13771554	0	748318	0	0	28585200	8388604	0	0	5
1785503820	request	11415	13776216	13771509	0	748318	0	0	28333372	8388604	0	0	5
1785503831	request	11426	13776216	13771511	0	748318	0	0	28331596	8388604	0	0	5
1785503841	request	11436	13776216	13771509	0	748318	0	0	28366680	8388604	0	0	5
1785503851	request	11446	13776216	13771509	0	748318	0	0	28381228	8388604	0	0	5
1785503861	request	11456	13776216	13771509	0	748318	0	0	28361336	8388604	0	0	5
1785503871	request	11466	13776344	13771637	0	748350	0	0	28378588	8388604	0	0	5
1785503881	request	11476	13776344	13771637	0	748350	0	0	28371844	8388604	0	0	5
1785503892	request	11487	13776344	13771638	0	748350	0	0	28353900	8388604	0	0	5
1785503902	request	11497	13776344	13771650	0	748350	0	0	28447544	8388604	0	0	5
1785503912	request	11507	13776344	13771649	0	748350	0	0	28470696	8388604	0	0	5
1785503922	request	11517	13776344	13771648	0	748350	0	0	28477096	8388604	0	0	5
1785503932	request	11527	13776344	13771649	0	748350	0	0	28469840	8388604	0	0	5
1785503942	request	11537	13776472	13771812	0	748382	0	0	28574288	8388604	0	0	5
1785503952	request	11547	13776472	13771808	0	748382	0	0	28564964	8388604	0	0	5
1785503963	request	11558	13776472	13771787	0	748382	0	0	28456152	8388604	0	0	5
1785503973	request	11568	13776472	13771786	0	748382	0	0	28494352	8388604	0	0	5
1785503983	request	11578	13776472	13771789	0	748382	0	0	28502540	8388604	0	0	5
1785503993	request	11588	13776472	13771788	0	748382	0	0	28488188	8388604	0	0	5
1785504003	request	11598	13776472	13771786	0	748382	0	0	28490232	8388604	0	0	5
1785504013	request	11608	13776600	13771916	0	748414	0	0	28497172	8388604	0	0	5
1785504023	request	11618	13776856	13772173	0	748478	0	0	28505760	8388604	0	0	5
1785504034	request	11629	13776984	13772300	0	748510	0	0	28507496	8388604	0	0	5
1785504044	request	11639	13777112	13772428	0	748542	0	0	28480964	8388604	0	0	5
1785504054	request	11649	13777112	13772450	0	748542	0	0	28594924	8388604	0	0	5
1785504064	request	11659	13777112	13772427	0	748542	0	0	28444560	8388604	0	0	5
1785504074	request	11669	13777112	13772423	0	748542	0	0	28467920	8388604	0	0	5
1785504084	request	11679	13777112	13772424	0	748542	0	0	28487316	8388604	0	0	5
1785504095	request	11690	13777112	13772426	0	748542	0	0	28469712	8388604	0	0	5
1785504105	request	11700	13777112	13772448	0	748542	0	0	28572104	8388604	0	0	5
1785504115	request	11710	13777240	13772575	0	748574	0	0	28576440	8388604	0	0	5
1785504125	request	11720	13777240	13772547	0	748574	0	0	28380268	8388604	0	0	5
1785504135	request	11730	13777240	13772576	0	748574	0	0	28516008	8388604	0	0	5
1785504145	request	11740	13777240	13772572	0	748574	0	0	28527068	8388604	0	0	5
1785504155	request	11750	13777240	13772574	0	748574	0	0	28526716	8388604	0	0	5
1785504166	request	11761	13777240	13772573	0	748574	0	0	28580484	8388604	0	0	5
1785504176	request	11771	13777240	13772530	0	748574	0	0	28336028	8388604	0	0	5
1785504186	request	11781	13777368	13772658	0	748606	0	0	28348700	8388604	0	0	5
1785504196	request	11791	13777368	13772659	0	748606	0	0	28355152	8388604	0	0	5
1785504206	request	11801	13777368	13772658	0	748606	0	0	28384584	8388604	0	0	5
1785504216	request	11811	13777368	13772658	0	748606	0	0	28382936	8388604	0	0	5
1785504227	request	11822	13777368	13772658	0	748606	0	0	28350256	8388604	0	0	5
1785504237	request	11832	13777368	13772679	0	748606	0	0	28457324	8388604	0	0	5
1785504247	request	11842	13777368	13772679	0	748606	0	0	28466464	8388604	0	0	5
1785504257	request	11852	13777496	13772807	0	748638	0	0	28479100	8388604	0	0	5
1785504267	request	11862	13777496	13772806	0	748638	0	0	28467444	8388604	0	0	5
1785504277	request	11872	13777496	13772807	0	748638	0	0	28503808	8388604	0	0	5
1785504287	request	11882	13777496	13772806	0	748638	0	0	28489536	8388604	0	0	5
1785504298	request	11893	13777496	13772828	0	748638	0	0	28561776	8388604	0	0	5
1785504308	request	11903	13777496	13772830	0	748638	0	0	28571184	8388604	0	0	5
1785504318	request	11913	13777496	13772828	0	748638	0	0	28567176	8388604	0	0	5
1785504328	request	11923	13777624	13772960	0	748670	0	0	28563620	8388604	0	0	5
1785504338	request	11933	13777752	13773088	0	748702	0	0	28563472	8388604	0	0	5
1785504348	request	11943	13778008	13773342	0	748766	0	0	28610216	8388604	0	0	5
1785504358	request	11953	13778136	13773470	0	748798	0	0	28609496	8388604	0	0	5
1785504369	request	11964	13778136	13773473	0	748798	0	0	28609088	8388604	0	0	5
1785504379	request	11974	13778136	13773473	0	748798	0	0	28608452	8388604	0	0	5
1785504389	request	11984	13778136	13773471	0	748798	0	0	28615940	8388604	0	0	5
1785504399	request	11994	13778136	13773473	0	748798	0	0	28615956	8388604	0	0	5
1785504409	request	12004	13778136	13773473	0	748798	0	0	28615624	8388604	0	0	5
1785504419	request	12014	13778136	13773474	0	748798	0	0	28614868	8388604	0	0	5
1785504430	request	12025	13778264	13773603	0	748830	0	0	28614856	8388604	0	0	5
1785504440	request	12035	13778264	13773599	0	748830	0	0	28614832	8388604	0	0	5
1785504450	request	12045	13778264	13773605	0	748830	0	0	28615296	8388604	0	0	5
1785504460	request	12055	13778264	13773604	0	748830	0	0	28614540	8388604	0	0	5
1785504470	request	12065	13778264	13773606	0	748830	0	0	28613560	8388604	0	0	5
1785504480	request	12075	13778264	13773602	0	748830	0	0	28614684	8388604	0	0	5
1785504490	request	12085	13778264	13773605	0	748830	0	0	28614432	8388604	0	0	5
1785504501	request	12096	13778392	13773734	0	748862	0	0	28614328	8388604	0	0	5
1785504511	request	12106	13778392	13773732	0	748862	0	0	28612980	8388604	0	0	5
1785504521	request	12116	13778392	13773732	0	748862	0	0	28612984	8388604	0	0	5
1785504531	request	12126	13778392	13773733	0	748862	0	0	28612732	8388604	0	0	5
1785504541	request	12136	13778392	13773730	0	748862	0	0	28612472	8388604	0	0	5
1785504551	request	12146	13778392	13773730	0	748862	0	0	28612472	8388604	0	0	5
1785504562	request	12157	13778392	13773733	0	748862	0	0	28603656	8388604	0	0	5
1785504572	request	12167	13778520	13773863	0	748894	0	0	28603160	8388604	0	0	5
1785504582	request	12177	13778520	13773861	0	748894	0	0	28603028	8388604	0	0	5
1785504592	request	12187	13778520	13773863	0	748894	0	0	28603788	8388604	0	0	5
1785504602	request	12197	13778520	13773860	0	748894	0	0	28607328	8388604	0	0	5
1785504612	request	12207	13778520	13773861	0	748894	0	0	28607616	8388604	0	0	5
1785504623	request	12218	13778520	13773858	0	748894	0	0	28607124	8388604	0	0	5
1785504633	request	12228	13778520	13773858	0	748894	0	0	28608332	8388604	0	0	5
1785504643	request	12238	13778648	13773988	0	748926	0	0	28608316	8388604	0	0	5
1785504653	request	12248	13778776	13774117	0	748990	0	0	28609452	8388604	0	0	5
1785504663	request	12258	13779032	13774372	0	749022	0	0	28609204	8388604	0	0	5
1785504673	request	12268	13779160	13774498	0	749054	0	0	28609644	8388604	0	0	5
1785504683	request	12278	13779160	13774497	0	749054	0	0	28609532	8388604	0	0	5
1785504694	request	12289	13779160	13774493	0	749054	0	0	28610188	8388604	0	0	5
1785504704	request	12299	13779160	13774496	0	749054	0	0	28610532	8388604	0	0	5
1785504714	request	12309	13779160	13774496	0	749054	0	0	28610280	8388604	0	0	5
1785504724	request	12319	13779160	13774495	0	749054	0	0	28601316	8388604	0	0	5
1785504734	request	12329	13779160	13774498	0	749054	0	0	28603540	8388604	0	0	5
1785504744	request	12339	13779288	13774620	0	749086	0	0	28603260	8388604	0	0	5
1785504755	request	12350	13779288	13774623	0	749086	0	0	28603332	8388604	0	0	5
1785504765	request	12360	13779288	13774620	0	749086	0	0	28603204	8388604	0	0	5
1785504775	request	12370	13779288	13774623	0	749086	0	0	28612684	8388604	0	0	5
1785504785	request	12380	13779288	13774622	0	749086	0	0	28613048	8388604	0	0	5
1785504795	request	12390	13779288	13774620	0	749086	0	0	28609956	8388604	0	0	5
1785504805	request	12400	13779288	13774623	0	749086	0	0	28606660	8388604	0	0	5
1785504815	request	12410	13779416	13774749	0	749118	0	0	28605904	8388604	0	0	5
1785504826	request	12421	13779416	13774750	0	749118	0	0	28605148	8388604	0	0	5
1785504836	request	12431	13779416	13774748	0	749118	0	0	28605448	8388604	0	0	5
1785504846	request	12441	13779416	13774750	0	749118	0	0	28605564	8388604	0	0	5
1785504856	request	12451	13779416	13774751	0	749118	0	0	28605540	8388604	0	0	5
1785504866	request	12461	13779416	13774753	0	749118	0	0	28611712	8388604	0	0	5
1785504876	request	12471	13779416	13774749	0	749118	0	0	28611796	8388604	0	0	5
1785504887	request	12482	13779544	13774877	0	749150	0	0	28618552	8388604	0	0	5
1785504897	request	12492	13779544	13774877	0	749150	0	0	28616836	8388604	0	0	5
1785504907	request	12502	13779544	13774881	0	749150	0	0	28616836	8388604	0	0	5
1785504917	request	12512	13779544	13774880	0	749150	0	0	28616080	8388604	0	0	5
1785504927	request	12522	13779544	13774878	0	749150	0	0	28615808	8388604	0	0	5
1785504937	request	12532	13779544	13774877	0	749150	0	0	28616284	8388604	0	0	5
1785504948	request	12543	13779544	13774878	0	749150	0	0	28616292	8388604	0	0	5
1785504958	request	12553	13779672	13775006	0	749182	0	0	28615224	8388604	0	0	5
1785504968	request	12563	13779800	13775138	0	749214	0	0	28615700	8388604	0	0	5
1785504978	request	12573	13780056	13775394	0	749278	0	0	28615268	8388604	0	0	5
1785504988	request	12583	13780184	13775523	0	749310	0	0	28614760	8388604	0	0	5
1785504998	request	12593	13780184	13775524	0	749310	0	0	28613156	8388604	0	0	5
1785505008	request	12603	13780184	13775520	0	749310	0	0	28613156	8388604	0	0	5
1785505019	request	12614	13780184	13775522	0	749310	0	0	28613156	8388604	0	0	5
1785505029	request	12624	13780184	13775520	0	749310	0	0	28612396	8388604	0	0	5
1785505039	request	12634	13780184	13775524	0	749310	0	0	28613236	8388604	0	0	5
1785505049	request	12644	13780184	13775526	0	749310	0	0	28612980	8388604	0	0	5
1785505059	request	12654	13780312	13775652	0	749342	0	0	28612892	8388604	0	0	5
1785505069	request	12664	13780312	13775654	0	749342	0	0	28613636	8388604	0	0	5
1785505079	request	12674	13780312	13775653	0	749342	0	0	28613396	8388604	0	0	5
1785505090	request	12685	13780312	13775652	0	749342	0	0	28613132	8388604	0	0	5
1785505100	request	12695	13780312	13775652	0	749342	0	0	28612628	8388604	0	0	5
1785505110	request	12705	13780312	13775654	0	749342	0	0	28611892	8388604	0	0	5
1785505120	request	12715	13780312	13775654	0	749342	0	0	28611132	8388604	0	0	5
1785505130	request	12725	13780312	13775654	0	749342	0	0	28604032	8388604	0	0	5
1785505140	request	12735	13780440	13775780	0	749374	0	0	28604052	8388604	0	0	5
1785505151	request	12746	13780440	13775778	0	749374	0	0	28604348	8388604	0	0	5
1785505161	request	12756	13780440	13775780	0	749374	0	0	28604716	8388604	0	0	5
1785505171	request	12766	13780440	13775777	0	749374	0	0	28612740	8388604	0	0	5
1785505181	request	12776	13780440	13775780	0	749374	0	0	28611744	8388604	0	0	5
1785505191	request	12786	13780440	13775780	0	749374	0	0	28603744	8388604	0	0	5
1785505201	request	12796	13780440	13775782	0	749374	0	0	28603060	8388604	0	0	5
1785505211	request	12806	13780568	13775908	0	749406	0	0	28602584	8388604	0	0	5
1785505222	request	12817	13780568	13775908	0	749406	0	0	28603452	8388604	0	0	5
1785505232	request	12827	13780568	13775909	0	749406	0	0	28608928	8388604	0	0	5
1785505242	request	12837	13780568	13775906	0	749406	0	0	28609328	8388604	0	0	5
1785505252	request	12847	13780568	13775908	0	749406	0	0	28609808	8388604	0	0	5
1785505262	request	12857	13780568	13775906	0	749406	0	0	28609204	8388604	0	0	5
1785505272	request	12867	13780568	13775912	0	749406	0	0	28610080	8388604	0	0	5
1785505283	request	12878	13780696	13776035	0	749438	0	0	28608808	8388604	0	0	5
1785505293	request	12888	13780952	13776292	0	749502	0	0	28608980	8388604	0	0	5
1785505303	request	12898	13781080	13776417	0	749534	0	0	28608812	8388604	0	0	5
1785505313	request	12908	13781208	13776547	0	749566	0	0	28608544	8388604	0	0	5
1785505323	request	12918	13781208	13776547	0	749566	0	0	28608944	8388604	0	0	5
1785505333	request	12928	13781208	13776545	0	749566	0	0	28609124	8388604	0	0	5
1785505343	request	12938	13781208	13776549	0	749566	0	0	28608604	8388604	0	0	5
1785505354	request	12949	13781208	13776545	0	749566	0	0	28608808	8388604	0	0	5
1785505364	request	12959	13781208	13776548	0	749566	0	0	28610020	8388604	0	0	5
1785505374	request	12969	13781208	13776548	0	749566	0	0	28609776	8388604	0	0	5
1785505384	request	12979	13781336	13776676	0	749598	0	0	28609508	8388604	0	0	5
1785505394	request	12989	13781336	13776675	0	749598	0	0	28611272	8388604	0	0	5
1785505404	request	12999	13781336	13776673	0	749598	0	0	28611020	8388604	0	0	5
1785505415	request	13010	13781336	13776676	0	749598	0	0	28610248	8388604	0	0	5
1785505425	request	13020	13781336	13776677	0	749598	0	0	28610500	8388604	0	0	5
1785505435	request	13030	13781336	13776674	0	749598	0	0	28610072	8388604	0	0	5
1785505445	request	13040	13781336	13776673	0	749598	0	0	28610768	8388604	0	0	5
1785505455	request	13050	13781464	13776805	0	749630	0	0	28611124	8388604	0	0	5
1785505465	request	13060	13781464	13776804	0	749630	0	0	28611904	8388604	0	0	5
1785505475	request	13070	13781464	13776803	0	749630	0	0	28609172	8388604	0	0	5
1785505486	request	13081	13781464	13776802	0	749630	0	0	28612604	8388604	0	0	5
1785505496	request	13091	13781464	13776801	0	749630	0	0	28612856	8388604	0	0	5
1785505506	request	13101	13781464	13776804	0	749630	0	0	28613092	8388604	0	0	5
1785505516	request	13111	13781464	13776801	0	749630	0	0	28613148	8388604	0	0	5
1785505526	request	13121	13781464	13776803	0	749630	0	0	28612448	8388604	0	0	5
1785505536	request	13131	13781592	13776932	0	749662	0	0	28611312	8388604	0	0	5
1785505547	request	13142	13781592	13776932	0	749662	0	0	28610920	8388604	0	0	5
1785505557	request	13152	13781592	13776932	0	749662	0	0	28610344	8388604	0	0	5
1785505567	request	13162	13781592	13776933	0	749662	0	0	28610396	8388604	0	0	5
1785505577	request	13172	13781592	13776937	0	749662	0	0	28614004	8388604	0	0	5
1785505587	request	13182	13781592	13776937	0	749662	0	0	28613260	8388604	0	0	5
1785505597	request	13192	13781592	13776938	0	749662	0	0	28613556	8388604	0	0	5
1785505608	request	13203	13781720	13777065	0	749694	0	0	28612704	8388604	0	0	5
1785505618	request	13213	13781976	13777316	0	749758	0	0	28612524	8388604	0	0	5
1785505628	request	13223	13782104	13777450	0	749790	0	0	28612604	8388604	0	0	5
1785505638	request	13233	13782232	13777573	0	749822	0	0	28612336	8388604	0	0	5
1785505648	request	13243	13782232	13777570	0	749822	0	0	28611076	8388604	0	0	5
1785505658	request	13253	13782232	13777569	0	749822	0	0	28610336	8388604	0	0	5
1785505668	request	13263	13782232	13777571	0	749822	0	0	28610504	8388604	0	0	5
1785505679	request	13274	13782232	13777573	0	749822	0	0	28610280	8388604	0	0	5
1785505689	request	13284	13782232	13777569	0	749822	0	0	28610312	8388604	0	0	5
1785505699	request	13294	13782232	13777573	0	749822	0	0	28610052	8388604	0	0	5
1785505709	request	13304	13782360	13777701	0	749854	0	0	28609816	8388604	0	0	5
1785505719	request	13314	13782360	13777701	0	749854	0	0	28610264	8388604	0	0	5
1785505729	request	13324	13782360	13777703	0	749854	0	0	28610012	8388604	0	0	5
1785505740	request	13335	13782360	13777701	0	749854	0	0	28611680	8388604	0	0	5
1785505750	request	13345	13782360	13777700	0	749854	0	0	28611428	8388604	0	0	5
1785505760	request	13355	13782360	13777697	0	749854	0	0	28612340	8388604	0	0	5
1785505770	request	13365	13782360	13777702	0	749854	0	0	28611156	8388604	0	0	5
1785505780	request	13375	13782360	13777703	0	749854	0	0	28610288	8388604	0	0	5
1785505790	request	13385	13782488	13777829	0	749886	0	0	28608960	8388604	0	0	5
1785505800	request	13395	13782488	13777828	0	749886	0	0	28609224	8388604	0	0	5
1785505811	request	13406	13782488	13777827	0	749886	0	0	28608912	8388604	0	0	5
1785505821	request	13416	13782488	13777825	0	749886	0	0	28608632	8388604	0	0	5
1785505831	request	13426	13782488	13777828	0	749886	0	0	28608660	8388604	0	0	5
1785505841	request	13436	13782488	13777825	0	749886	0	0	28608408	8388604	0	0	5
1785505851	request	13446	13782488	13777829	0	749886	0	0	28608968	8388604	0	0	5
1785505861	request	13456	13782616	13777957	0	749918	0	0	28610460	8388604	0	0	5
1785505872	request	13467	13782616	13777950	0	749918	0	0	28612380	8388604	0	0	5
1785505882	request	13477	13782616	13777952	0	749918	0	0	28613264	8388604	0	0	5
1785505892	request	13487	13782616	13777948	0	749918	0	0	28612372	8388604	0	0	5
1785505902	request	13497	13782616	13777951	0	749918	0	0	28612120	8388604	0	0	5
1785505912	request	13507	13782616	13777950	0	749918	0	0	28600004	8388604	0	0	5
1785505922	request	13517	13782616	13777948	0	749918	0	0	28600684	8388604	0	0	5
1785505933	request	13528	13782744	13778078	0	749950	0	0	28601888	8388604	0	0	5
1785505943	request	13538	13782872	13778206	0	749982	0	0	28601700	8388604	0	0	5
1785505953	request	13548	13783128	13778459	0	750046	0	0	28601852	8388604	0	0	5
1785505963	request	13558	13783256	13778587	0	750078	0	0	28601328	8388604	0	0	5
1785505973	request	13568	13783256	13778588	0	750078	0	0	28601444	8388604	0	0	5
1785505983	request	13578	13783256	13778590	0	750078	0	0	28600952	8388604	0	0	5
1785505993	request	13588	13783256	13778587	0	750078	0	0	28600940	8388604	0	0	5
1785506004	request	13599	13783256	13778590	0	750078	0	0	28600688	8388604	0	0	5
1785506014	request	13609	13783256	13778588	0	750078	0	0	28600548	8388604	0	0	5
1785506024	request	13619	13783256	13778587	0	750078	0	0	28601152	8388604	0	0	5
1785506034	request	13629	13783256	13778591	0	750078	0	0	28600836	8388604	0	0	5
1785506044	request	13639	13783384	13778715	0	750110	0	0	28600584	8388604	0	0	5
1785506054	request	13649	13783384	13778718	0	750110	0	0	28600160	8388604	0	0	5
1785506065	request	13660	13783384	13778718	0	750110	0	0	28600796	8388604	0	0	5
1785506075	request	13670	13783384	13778718	0	750110	0	0	28601048	8388604	0	0	5
1785506085	request	13680	13783384	13778718	0	750110	0	0	28599952	8388604	0	0	5
1785506095	request	13690	13783384	13778719	0	750110	0	0	28600000	8388604	0	0	5
1785506105	request	13700	13783384	13778716	0	750110	0	0	28599528	8388604	0	0	5
1785506115	request	13710	13783512	13778841	0	750142	0	0	28599292	8388604	0	0	5
1785506125	request	13720	13783512	13778846	0	750142	0	0	28598712	8388604	0	0	5
1785506136	request	13731	13783512	13778843	0	750142	0	0	28598528	8388604	0	0	5
1785506146	request	13741	13783512	13778846	0	750142	0	0	28598036	8388604	0	0	5
1785506156	request	13751	13783512	13778845	0	750142	0	0	28596684	8388604	0	0	5
1785506166	request	13761	13783512	13778846	0	750142	0	0	28598244	8388604	0	0	5
1785506176	request	13771	13783512	13778846	0	750142	0	0	28604748	8388604	0	0	5
1785506186	request	13781	13783512	13778843	0	750142	0	0	28605348	8388604	0	0	5
1785506197	request	13792	13783640	13778972	0	750174	0	0	28605332	8388604	0	0	5
1785506207	request	13802	13783640	13778975	0	750174	0	0	28604876	8388604	0	0	5
1785506217	request	13812	13783640	13778972	0	750174	0	0	28604768	8388604	0	0	5
1785506227	request	13822	13783640	13778972	0	750174	0	0	28604520	8388604	0	0	5
1785506237	request	13832	13783640	13778975	0	750174	0	0	28604772	8388604	0	0	5
1785506247	request	13842	13783640	13778972	0	750174	0	0	28604996	8388604	0	0	5
1785506258	request	13853	13783640	13778974	0	750174	0	0	28604996	8388604	0	0	5
1785506268	request	13863	13783768	13779103	0	750206	0	0	28604496	8388604	0	0	5
1785506278	request	13873	13783896	13779233	0	750238	0	0	28605972	8388604	0	0	5
1785506288	request	13883	13784152	13779488	0	750302	0	0	28606764	8388604	0	0	5
1785506298	request	13893	13784280	13779616	0	750334	0	0	28606512	8388604	0	0	5
1785506308	request	13903	13784280	13779617	0	750334	0	0	28606260	8388604	0	0	5
1785506319	request	13914	13784280	13779616	0	750334	0	0	28606056	8388604	0	0	5
1785506329	request	13924	13784280	13779616	0	750334	0	0	28605320	8388604	0	0	5
1785506339	request	13934	13784280	13779616	0	750334	0	0	28605844	8388604	0	0	5
1785506349	request	13944	13784280	13779616	0	750334	0	0	28605624	8388604	0	0	5
1785506359	request	13954	13784280	13779614	0	750334	0	0	28605372	8388604	0	0	5
1785506369	request	13964	13784280	13779616	0	750334	0	0	28605372	8388604	0	0	5
1785506379	request	13974	13784408	13779744	0	750366	0	0	28605104	8388604	0	0	5
1785506390	request	13985	13784408	13779740	0	750366	0	0	28605180	8388604	0	0	5
1785506400	request	13995	13784408	13779740	0	750366	0	0	28605432	8388604	0	0	5
1785506410	request	14005	13784408	13779745	0	750366	0	0	28605588	8388604	0	0	5
1785506420	request	14015	13784408	13779743	0	750366	0	0	28606184	8388604	0	0	5
1785506430	request	14025	13784408	13779743	0	750366	0	0	28606516	8388604	0	0	5
1785506440	request	14035	13784408	13779740	0	750366	0	0	28599296	8388604	0	0	5
1785506451	request	14046	13784536	13779868	0	750398	0	0	28599296	8388604	0	0	5
1785506461	request	14056	13784536	13779868	0	750398	0	0	28601428	8388604	0	0	5
1785506471	request	14066	13784536	13779873	0	750398	0	0	28601208	8388604	0	0	5
1785506481	request	14076	13784536	13779869	0	750398	0	0	28599160	8388604	0	0	5
1785506491	request	14086	13784536	13779870	0	750398	0	0	28598912	8388604	0	0	5
1785506501	request	14096	13784536	13779872	0	750398	0	0	28599388	8388604	0	0	5
1785506511	request	14106	13784536	13779870	0	750398	0	0	28604720	8388604	0	0	5
1785506522	request	14117	13784536	13779870	0	750398	0	0	28604720	8388604	0	0	5
1785506532	request	14127	13784664	13779998	0	750430	0	0	28604472	8388604	0	0	5
1785506542	request	14137	13784664	13779997	0	750430	0	0	28604472	8388604	0	0	5
1785506552	request	14147	13784664	13779998	0	750430	0	0	28605708	8388604	0	0	5
1785506562	request	14157	13784664	13780001	0	750430	0	0	28605216	8388604	0	0	5
1785506572	request	14167	13784664	13779998	0	750430	0	0	28604972	8388604	0	0	5
1785506583	request	14178	13784664	13780000	0	750430	0	0	28604500	8388604	0	0	5
1785506593	request	14188	13784664	13779998	0	750430	0	0	28604596	8388604	0	0	5
1785506603	request	14198	13784792	13780128	0	750462	0	0	28604328	8388604	0	0	5
1785506613	request	14208	13784920	13780257	0	750494	0	0	28604088	8388604	0	0	5
1785506623	request	14218	13785176	13780513	0	750558	0	0	28604304	8388604	0	0	5
1785506633	request	14228	13785304	13780638	0	750590	0	0	28604120	8388604	0	0	5
1785506644	request	14239	13785304	13780638	0	750590	0	0	28604120	8388604	0	0	5
1785506654	request	14249	13785304	13780638	0	750590	0	0	28603980	8388604	0	0	5
1785506664	request	14259	13785304	13780638	0	750590	0	0	28604432	8388604	0	0	5
1785506674	request	14269	13785304	13780638	0	750590	0	0	28604456	8388604	0	0	5
1785506684	request	14279	13785304	13780641	0	750590	0	0	28604932	8388604	0	0	5
1785506694	request	14289	13785304	13780643	0	750590	0	0	28603820	8388604	0	0	5
1785506704	request	14299	13785304	13780640	0	750590	0	0	28603288	8388604	0	0	5
1785506715	request	14310	13785432	13780769	0	750622	0	0	28604320	8388604	0	0	5
1785506725	request	14320	13785432	13780766	0	750622	0	0	28604556	8388604	0	0	5
1785506735	request	14330	13785432	13780768	0	750622	0	0	28604780	8388604	0	0	5
1785506745	request	14340	13785432	13780768	0	750622	0	0	28604224	8388604	0	0	5
1785506755	request	14350	13785432	13780771	0	750622	0	0	28604860	8388604	0	0	5
1785506765	request	14360	13785432	13780768	0	750622	0	0	28605672	8388604	0	0	5
1785506776	request	14371	13785432	13780768	0	750622	0	0	28602960	8388604	0	0	5
1785506786	request	14381	13785432	13780769	0	750622	0	0	28603384	8388604	0	0	5
1785506796	request	14391	13785560	13780895	0	750654	0	0	28603360	8388604	0	0	5
1785506806	request	14401	13785560	13780897	0	750654	0	0	28603864	8388604	0	0	5
1785506816	request	14411	13785560	13780894	0	750654	0	0	28603868	8388604	0	0	5
1785506826	request	14421	13785560	13780891	0	750654	0	0	28603380	8388604	0	0	5
1785506837	request	14432	13785560	13780894	0	750654	0	0	28603352	8388604	0	0	5
1785506847	request	14442	13785560	13780892	0	750654	0	0	28604216	8388604	0	0	5
1785506857	request	14452	13785560	13780892	0	750654	0	0	28603712	8388604	0	0	5
1785506867	request	14462	13785688	13781022	0	750686	0	0	28603996	8388604	0	0	5
1785506877	request	14472	13785688	13781021	0	750686	0	0	28604276	8388604	0	0	5
1785506887	request	14482	13785688	13781019	0	750686	0	0	28604024	8388604	0	0	5
1785506897	request	14492	13785688	13781021	0	750686	0	0	28603688	8388604	0	0	5
1785506908	request	14503	13785688	13781022	0	750686	0	0	28603764	8388604	0	0	5
1785506918	request	14513	13785688	13781019	0	750686	0	0	28603764	8388604	0	0	5
1785506928	request	14523	13785688	13781023	0	750686	0	0	28603808	8388604	0	0	5
1785506938	request	14533	13785688	13781022	0	750686	0	0	28603748	8388604	0	0	5
1785506948	request	14543	13787864	13783196	0	751230	0	0	28601640	8388604	0	0	5
1785506958	request	14553	13788120	13783453	0	751294	0	0	28601476	8388604	0	0	5
1785506968	request	14563	13788248	13783581	0	751326	0	0	28601224	8388604	0	0	5
1785506979	request	14574	13788376	13783709	0	751358	0	0	28601728	8388604	0	0	5
1785506989	request	14584	13788376	13783709	0	751358	0	0	28601644	8388604	0	0	5
1785506999	request	14594	13788376	13783709	0	751358	0	0	28601644	8388604	0	0	5
1785507009	request	14604	13788376	13783710	0	751358	0	0	28601392	8388604	0	0	5
1785507019	request	14614	13788376	13783711	0	751358	0	0	28601468	8388604	0	0	5
1785507029	request	14624	13788376	13783712	0	751358	0	0	28600912	8388604	0	0	5
1785507040	request	14635	13788376	13783709	0	751358	0	0	28601024	8388604	0	0	5
1785507050	request	14645	13788376	13783712	0	751358	0	0	28601048	8388604	0	0	5
1785507060	request	14655	13788504	13783839	0	751390	0	0	28602328	8388604	0	0	5
1785507070	request	14665	13788504	13783837	0	751390	0	0	28603000	8388604	0	0	5
1785507080	request	14675	13788504	13783834	0	751390	0	0	28605548	8388604	0	0	5
1785507090	request	14685	13788504	13783836	0	751390	0	0	28606604	8388604	0	0	5
1785507101	request	14696	13788504	13783836	0	751390	0	0	28605596	8388604	0	0	5
1785507111	request	14706	13788504	13783836	0	751390	0	0	28606524	8388604	0	0	5
1785507121	request	14716	13788504	13783836	0	751390	0	0	28605432	8388604	0	0	5
1785507131	request	14726	13788504	13783835	0	751390	0	0	28605880	8388604	0	0	5
1785507141	request	14736	13788632	13783962	0	751422	0	0	28606140	8388604	0	0	5
1785507151	request	14746	13788632	13783965	0	751422	0	0	28603348	8388604	0	0	5
1785507161	request	14756	13788632	13783961	0	751422	0	0	28602596	8388604	0	0	5
1785507172	request	14767	13788632	13783964	0	751422	0	0	28602344	8388604	0	0	5
1785507182	request	14777	13788632	13783964	0	751422	0	0	28602508	8388604	0	0	5
1785507192	request	14787	13788632	13783965	0	751422	0	0	28602688	8388604	0	0	5
1785507202	request	14797	13788632	13783961	0	751422	0	0	28601932	8388604	0	0	5
1785507212	request	14807	13788760	13784092	0	751454	0	0	28601440	8388604	0	0	5
1785507222	request	14817	13788760	13784089	0	751454	0	0	28601120	8388604	0	0	5
1785507233	request	14828	13788760	13784089	0	751454	0	0	28601420	8388604	0	0	5
1785507243	request	14838	13788760	13784089	0	751454	0	0	28601424	8388604	0	0	5
1785507253	request	14848	13788760	13784093	0	751454	0	0	28601840	8388604	0	0	5
1785507263	request	14858	13788760	13784089	0	751454	0	0	28601844	8388604	0	0	5
1785507273	request	14868	13788760	13784092	0	751454	0	0	28601832	8388604	0	0	5
1785507283	request	14878	13788760	13784089	0	751454	0	0	28601756	8388604	0	0	5
1785507293	request	14888	13788888	13784220	0	751486	0	0	28601832	8388604	0	0	5
1785507304	request	14899	13789016	13784349	0	751518	0	0	28601496	8388604	0	0	5
1785507314	request	14909	13789272	13784604	0	751582	0	0	28601336	8388604	0	0	5
1785507324	request	14919	13789400	13784731	0	751614	0	0	28601712	8388604	0	0	5
1785507334	request	14929	13789400	13784731	0	751614	0	0	28601748	8388604	0	0	5
1785507344	request	14939	13789400	13784729	0	751614	0	0	28601408	8388604	0	0	5
1785507354	request	14949	13789400	13784733	0	751614	0	0	28600832	8388604	0	0	5
1785507365	request	14960	13789400	13784733	0	751614	0	0	28601192	8388604	0	0	5
1785507375	request	14970	13789400	13784732	0	751614	0	0	28599892	8388604	0	0	5
1785507385	request	14980	13789400	13784738	0	751614	0	0	28603384	8388604	0	0	5
1785507395	request	14990	13789400	13784738	0	751614	0	0	28602380	8388604	0	0	5
1785507405	request	15000	13789528	13784866	0	751646	0	0	28602384	8388604	0	0	5
1785507415	request	15010	13789528	13784866	0	751646	0	0	28592620	8388604	0	0	5
1785507426	request	15021	13789528	13784866	0	751646	0	0	28594176	8388604	0	0	5
1785507436	request	15031	13789528	13784863	0	751646	0	0	28594640	8388604	0	0	5
1785507446	request	15041	13789528	13784868	0	751646	0	0	28586876	8388604	0	0	5
1785507456	request	15051	13789528	13784866	0	751646	0	0	28586888	8388604	0	0	5
1785507466	request	15061	13789528	13784865	0	751646	0	0	28587532	8388604	0	0	5
1785507476	request	15071	13789528	13784866	0	751646	0	0	28586724	8388604	0	0	5
1785507486	request	15081	13789656	13784991	0	751678	0	0	28586032	8388604	0	0	5
1785507497	request	15092	13789656	13784994	0	751678	0	0	28585780	8388604	0	0	5
1785507507	request	15102	13789656	13784991	0	751678	0	0	28586616	8388604	0	0	5
1785507517	request	15112	13789656	13784995	0	751678	0	0	28586212	8388604	0	0	5
1785507527	request	15122	13789656	13784993	0	751678	0	0	28591848	8388604	0	0	5
1785507537	request	15132	13789656	13784996	0	751678	0	0	28591976	8388604	0	0	5
1785507547	request	15142	13789656	13784991	0	751678	0	0	28592088	8388604	0	0	5
1785507558	request	15153	13789656	13784993	0	751678	0	0	28591724	8388604	0	0	5
1785507568	request	15163	13789784	13785124	0	751710	0	0	28591224	8388604	0	0	5
1785507578	request	15173	13789784	13785122	0	751710	0	0	28594848	8388604	0	0	5
1785507588	request	15183	13789784	13785123	0	751710	0	0	28595764	8388604	0	0	5
1785507598	request	15193	13789784	13785121	0	751710	0	0	28596684	8388604	0	0	5
1785507608	request	15203	13789784	13785122	0	751710	0	0	28596340	8388604	0	0	5
1785507619	request	15214	13789784	13785122	0	751710	0	0	28592352	8388604	0	0	5
1785507629	request	15224	13789784	13785124	0	751710	0	0	28591848	8388604	0	0	5
1785507639	request	15234	13789784	13785119	0	751710	0	0	28591972	8388604	0	0	5
1785507649	request	15244	13790040	13785377	0	751774	0	0	28591472	8388604	0	0	5
1785507659	request	15254	13790168	13785505	0	751806	0	0	28591048	8388604	0	0	5
1785507669	request	15264	13790424	13785761	0	751870	0	0	28591052	8388604	0	0	5
1785507679	request	15274	13790424	13785756	0	751870	0	0	28591440	8388604	0	0	5
1785507690	request	15285	13790424	13785757	0	751870	0	0	28590992	8388604	0	0	5
1785507700	request	15295	13790424	13785756	0	751870	0	0	28590476	8388604	0	0	5
1785507710	request	15305	13790424	13785758	0	751870	0	0	28589724	8388604	0	0	5
1785507720	request	15315	13790424	13785758	0	751870	0	0	28590204	8388604	0	0	5
1785507730	request	15325	13790424	13785759	0	751870	0	0	28590036	8388604	0	0	5
1785507740	request	15335	13790424	13785757	0	751870	0	0	28589284	8388604	0	0	5
1785507751	request	15346	13790552	13785884	0	751902	0	0	28589772	8388604	0	0	5
1785507761	request	15356	13790552	13785885	0	751902	0	0	28596224	8388604	0	0	5
1785507771	request	15366	13790552	13785885	0	751902	0	0	28548592	8388604	0	0	5
1785507781	request	15376	13790552	13785887	0	751902	0	0	28581160	8388604	0	0	5
1785507791	request	15386	13790552	13785846	0	751902	0	0	28320780	8388604	0	0	5
1785507801	request	15396	13790552	13785843	0	751902	0	0	28345624	8388604	0	0	5
1785507811	request	15406	13790552	13785845	0	751902	0	0	28390244	8388604	0	0	5
1785507822	request	15417	13790552	13785845	0	751902	0	0	28375908	8388604	0	0	5
1785507832	request	15427	13790552	13785846	0	751902	0	0	28369252	8388604	0	0	5
1785507842	request	15437	13790680	13785949	0	751934	0	0	28380472	8388604	0	0	5
1785507852	request	15447	13790680	13785974	0	751934	0	0	28375752	8388604	0	0	5
1785507862	request	15457	13790680	13785973	0	751934	0	0	28388132	8388604	0	0	5
1785507872	request	15467	13790680	13786014	0	751934	0	0	28571864	8388604	0	0	5
1785507882	request	15477	13790680	13785985	0	751934	0	0	28335768	8388604	0	0	5
1785507893	request	15488	13790680	13785992	0	751934	0	0	28446572	8388604	0	0	5
1785507903	request	15498	13790680	13785991	0	751934	0	0	28450152	8388604	0	0	5
1785507913	request	15508	13790680	13785993	0	751934	0	0	28475204	8388604	0	0	5
1785507923	request	15518	13790808	13786139	0	751966	0	0	28581844	8388604	0	0	5
1785507933	request	15528	13790808	13786120	0	751966	0	0	28488524	8388604	0	0	5
1785507943	request	15538	13790808	13786142	0	751966	0	0	28576648	8388604	0	0	5
1785507954	request	15549	13790808	13786121	0	751966	0	0	28468040	8388604	0	0	5
1785507964	request	15559	13790808	13786118	0	751966	0	0	28470632	8388604	0	0	5
1785507974	request	15569	13790808	13786117	0	751966	0	0	28471444	8388604	0	0	5
1785507984	request	15579	13790808	13786120	0	751966	0	0	28473068	8388604	0	0	5
1785507994	request	15589	13790808	13786123	0	751966	0	0	28492260	8388604	0	0	5
1785508004	request	15599	13790936	13786251	0	751998	0	0	28493760	8388604	0	0	5
1785508014	request	15609	13791064	13786380	0	752030	0	0	28498776	8388604	0	0	5
1785508025	request	15620	13791320	13786655	0	752094	0	0	28580208	8388604	0	0	5
1785508035	request	15630	13791448	13786765	0	752126	0	0	28455048	8388604	0	0	5
1785508045	request	15640	13791448	13786765	0	752126	0	0	28451820	8388604	0	0	5
1785508055	request	15650	13791448	13786766	0	752126	0	0	28467804	8388604	0	0	5
1785508065	request	15660	13791448	13786768	0	752126	0	0	28467760	8388604	0	0	5
1785508075	request	15670	13791448	13786766	0	752126	0	0	28492920	8388604	0	0	5
1785508086	request	15681	13791448	13786768	0	752126	0	0	28476672	8388604	0	0	5
1785508096	request	15691	13791448	13786789	0	752126	0	0	28573172	8388604	0	0	5
1785508106	request	15701	13791448	13786766	0	752126	0	0	28473940	8388604	0	0	5
1785508116	request	15711	13791576	13786893	0	752158	0	0	28481336	8388604	0	0	5
1785508126	request	15721	13791576	13786917	0	752158	0	0	28579080	8388604	0	0	5
1785508136	request	15731	13791576	13786918	0	752158	0	0	28572108	8388604	0	0	5
1785508146	request	15741	13791576	13786872	0	752158	0	0	28319232	8388604	0	0	5
1785508157	request	15752	13791576	13786873	0	752158	0	0	28347040	8388604	0	0	5
1785508167	request	15762	13791576	13786873	0	752158	0	0	28261156	8388604	0	0	5
1785508177	request	15772	13791576	13786873	0	752158	0	0	28273244	8388604	0	0	5
1785508187	request	15782	13791576	13786873	0	752158	0	0	28347240	8388604	0	0	5
1785508197	request	15792	13791576	13786872	0	752158	0	0	28357912	8388604	0	0	5
1785508207	request	15802	13791704	13787002	0	752190	0	0	28316864	8388604	0	0	5
1785508218	request	15813	13791704	13787011	0	752190	0	0	28465472	8388604	0	0	5
1785508228	request	15823	13791704	13787016	0	752190	0	0	28472248	8388604	0	0	5
1785508238	request	15833	13791704	13787012	0	752190	0	0	28455904	8388604	0	0	5
1785508248	request	15843	13791704	13787013	0	752190	0	0	28473048	8388604	0	0	5
1785508258	request	15853	13791704	13787013	0	752190	0	0	28456788	8388604	0	0	5
1785508268	request	15863	13791704	13787043	0	752190	0	0	28553596	8388604	0	0	15
1785508278	request	15873	13791704	13787015	0	752190	0	0	28430216	8388604	0	0	15
1785508289	request	15884	13791832	13787134	0	752222	0	0	28448620	8388604	0	0	15
1785508299	request	15894	13791832	13787134	0	752222	0	0	28463972	8388604	0	0	15
1785508309	request	15904	13791832	13787166	0	752222	0	0	28542188	8388604	0	0	15
1785508319	request	15914	13791832	13787166	0	752222	0	0	28555092	8388604	0	0	15
1785508329	request	15924	13791832	13787166	0	752222	0	0	28548444	8388604	0	0	15
1785508339	request	15934	13791832	13787167	0	752222	0	0	28561220	8388604	0	0	15
1785508349	request	15944	13791832	13787166	0	752222	0	0	28561684	8388604	0	0	15
1785508360	request	15955	13791832	13787166	0	752222	0	0	28545988	8388604	0	0	15
1785508370	request	15965	13791960	13787294	0	752254	0	0	28542192	8388604	0	0	15
1785508380	request	15975	13792088	13787422	0	752286	0	0	28479612	8388604	0	0	15
1785508390	request	15985	13792344	13787678	0	752350	0	0	28560484	8388604	0	0	15
1785508400	request	15995	13792472	13787807	0	752382	0	0	28561488	8388604	0	0	15
1785508410	request	16005	13792472	13787798	0	752382	0	0	28535212	8388604	0	0	15
1785508421	request	16016	13792472	13787797	0	752382	0	0	28533644	8388604	0	0	15
1785508431	request	16026	13792472	13787797	0	752382	0	0	28533644	8388604	0	0	15
1785508441	request	16036	13792472	13787798	0	752382	0	0	28530564	8388604	0	0	15
1785508451	request	16046	13792472	13787795	0	752382	0	0	28529768	8388604	0	0	15
1785508461	request	16056	13792472	13787797	0	752382	0	0	28574796	8388604	0	0	15
1785508471	request	16066	13792472	13787797	0	752382	0	0	28574872	8388604	0	0	15
1785508481	request	16076	13792600	13787925	0	752414	0	0	28574604	8388604	0	0	15
1785508492	request	16087	13792600	13787923	0	752414	0	0	28574364	8388604	0	0	15
1785508502	request	16097	13792600	13787926	0	752414	0	0	28574436	8388604	0	0	15
1785508512	request	16107	13792600	13787923	0	752414	0	0	28574420	8388604	0	0	15
1785508522	request	16117	13792600	13787925	0	752414	0	0	28574056	8388604	0	0	15
1785508532	request	16127	13792600	13787927	0	752414	0	0	28572164	8388604	0	0	15
1785508542	request	16137	13792600	13787927	0	752414	0	0	28571896	8388604	0	0	15
1785508553	request	16148	13792600	13787923	0	752414	0	0	28571896	8388604	0	0	15
1785508563	request	16158	13792600	13787922	0	752414	0	0	28571988	8388604	0	0	15
1785508573	request	16168	13792728	13788051	0	752446	0	0	28571484	8388604	0	0	15
1785508583	request	16178	13792728	13788060	0	752446	0	0	28575480	8388604	0	0	15
1785508593	request	16188	13792728	13788059	0	752446	0	0	28575644	8388604	0	0	15
1785508603	request	16198	13792728	13788057	0	752446	0	0	28575628	8388604	0	0	15
1785508613	request	16208	13792728	13788058	0	752446	0	0	28575204	8388604	0	0	15
1785508624	request	16219	13792728	13788058	0	752446	0	0	28574048	8388604	0	0	15
1785508634	request	16229	13792728	13788061	0	752446	0	0	28573700	8388604	0	0	15
1785508644	request	16239	13792728	13788060	0	752446	0	0	28567192	8388604	0	0	15
1785508654	request	16249	13792856	13788189	0	752478	0	0	28565940	8388604	0	0	15
1785508664	request	16259	13792856	13788188	0	752478	0	0	28565376	8388604	0	0	15
1785508674	request	16269	13792856	13788190	0	752478	0	0	28566736	8388604	0	0	15
1785508685	request	16280	13792856	13788189	0	752478	0	0	28558180	8388604	0	0	15
1785508695	request	16290	13792856	13788189	0	752478	0	0	28557912	8388604	0	0	15
1785508705	request	16300	13792856	13788191	0	752478	0	0	28558044	8388604	0	0	15
1785508715	request	16310	13792856	13788188	0	752478	0	0	28557300	8388604	0	0	15
1785508725	request	16320	13792856	13788189	0	752478	0	0	28563936	8388604	0	0	15
1785508735	request	16330	13792984	13788317	0	752510	0	0	28563652	8388604	0	0	15
1785508745	request	16340	13793112	13788445	0	752542	0	0	28563224	8388604	0	0	15
1785508756	request	16351	13793368	13788700	0	752606	0	0	28562720	8388604	0	0	15
1785508766	request	16361	13793496	13788828	0	752638	0	0	28562632	8388604	0	0	15
1785508776	request	16371	13793496	13788829	0	752638	0	0	28561876	8388604	0	0	15
1785508786	request	16381	13793496	13788828	0	752638	0	0	28561372	8388604	0	0	15
1785508796	request	16391	13793496	13788829	0	752638	0	0	28561104	8388604	0	0	15
1785508806	request	16401	13793496	13788826	0	752638	0	0	28561104	8388604	0	0	15
1785508817	request	16412	13793496	13788828	0	752638	0	0	28561108	8388604	0	0	15
1785508827	request	16422	13793496	13788829	0	752638	0	0	28562652	8388604	0	0	15
1785508837	request	16432	13793496	13788828	0	752638	0	0	28562148	8388604	0	0	15
1785508847	request	16442	13793624	13788956	0	752670	0	0	28560776	8388604	0	0	15
1785508857	request	16452	13793624	13788959	0	752670	0	0	28559904	8388604	0	0	15
1785508867	request	16462	13793624	13788959	0	752670	0	0	28559884	8388604	0	0	15
1785508878	request	16473	13793624	13788955	0	752670	0	0	28560224	8388604	0	0	15
1785508888	request	16483	13793624	13788963	0	752670	0	0	28560860	8388604	0	0	15
1785508898	request	16493	13793624	13788960	0	752670	0	0	28561080	8388604	0	0	15
1785508908	request	16503	13793624	13788962	0	752670	0	0	28560080	8388604	0	0	15
1785508918	request	16513	13793624	13788962	0	752670	0	0	28560128	8388604	0	0	15
1785508928	request	16523	13793624	13788962	0	752670	0	0	28560640	8388604	0	0	15
1785508939	request	16534	13793752	13789089	0	752702	0	0	28561016	8388604	0	0	15
1785508949	request	16544	13793752	13789090	0	752702	0	0	28561628	8388604	0	0	15
1785508959	request	16554	13793752	13789090	0	752702	0	0	28559872	8388604	0	0	15
1785508969	request	16564	13793752	13789093	0	752702	0	0	28559104	8388604	0	0	15
1785508979	request	16574	13793752	13789091	0	752702	0	0	28558124	8388604	0	0	15
1785508989	request	16584	13793752	13789091	0	752702	0	0	28558332	8388604	0	0	15
1785508999	request	16594	13793752	13789087	0	752702	0	0	28557952	8388604	0	0	15
1785509010	request	16605	13793752	13789092	0	752702	0	0	28559352	8388604	0	0	15
1785509020	request	16615	13793880	13789218	0	752734	0	0	28558356	8388604	0	0	15
1785509030	request	16625	13793880	13789215	0	752734	0	0	28558372	8388604	0	0	15
1785509040	request	16635	13793880	13789218	0	752734	0	0	28558624	8388604	0	0	15
1785509050	request	16645	13793880	13789219	0	752734	0	0	28558580	8388604	0	0	15
1785509060	request	16655	13793880	13789215	0	752734	0	0	28557992	8388604	0	0	15
1785509071	request	16666	13793880	13789220	0	752734	0	0	28558596	8388604	0	0	15
1785509081	request	16676	13793880	13789220	0	752734	0	0	28557840	8388604	0	0	15
1785509091	request	16686	13793880	13789218	0	752734	0	0	28557584	8388604	0	0	15
1785509101	request	16696	13794008	13789345	0	752766	0	0	28560084	8388604	0	0	15
1785509111	request	16706	13794136	13789476	0	752798	0	0	28560088	8388604	0	0	15
1785509121	request	16716	13794264	13789602	0	752862	0	0	28559756	8388604	0	0	15
1785509131	request	16726	13794520	13789855	0	752894	0	0	28559944	8388604	0	0	15
1785509142	request	16737	13794520	13789858	0	752894	0	0	28559328	8388604	0	0	15
1785509152	request	16747	13794520	13789857	0	752894	0	0	28567228	8388604	0	0	15
1785509162	request	16757	13794520	13789858	0	752894	0	0	28566736	8388604	0	0	15
1785509172	request	16767	13794520	13789858	0	752894	0	0	28566988	8388604	0	0	15
1785509182	request	16777	13794520	13789858	0	752894	0	0	28565976	8388604	0	0	15
1785509192	request	16787	13794520	13789862	0	752894	0	0	28568960	8388604	0	0	15
1785509203	request	16798	13794520	13789859	0	752894	0	0	28568832	8388604	0	0	15
1785509213	request	16808	13794520	13789861	0	752894	0	0	28569412	8388604	0	0	15
1785509223	request	16818	13794648	13789988	0	752926	0	0	28568832	8388604	0	0	15
1785509233	request	16828	13794648	13789986	0	752926	0	0	28567348	8388604	0	0	15
1785509243	request	16838	13794648	13789989	0	752926	0	0	28566820	8388604	0	0	15
1785509253	request	16848	13794648	13789989	0	752926	0	0	28563780	8388604	0	0	15
1785509264	request	16859	13794648	13789989	0	752926	0	0	28563496	8388604	0	0	15
1785509274	request	16869	13794648	13789987	0	752926	0	0	28557700	8388604	0	0	15
1785509284	request	16879	13794648	13789986	0	752926	0	0	28557180	8388604	0	0	15
1785509294	request	16889	13794648	13789989	0	752926	0	0	28557156	8388604	0	0	15
1785509304	request	16899	13794776	13790117	0	752958	0	0	28557016	8388604	0	0	15
1785509314	request	16909	13794776	13790118	0	752958	0	0	28560248	8388604	0	0	15
1785509325	request	16920	13794776	13790114	0	752958	0	0	28560008	8388604	0	0	15
1785509335	request	16930	13794776	13790117	0	752958	0	0	28560276	8388604	0	0	15
1785509345	request	16940	13794776	13790114	0	752958	0	0	28559768	8388604	0	0	15
1785509355	request	16950	13794776	13790117	0	752958	0	0	28560124	8388604	0	0	15
1785509365	request	16960	13794776	13790117	0	752958	0	0	28559880	8388604	0	0	15
1785509375	request	16970	13794776	13790114	0	752958	0	0	28559652	8388604	0	0	15
1785509385	request	16980	13794904	13790246	0	752990	0	0	28555876	8388604	0	0	15
1785509396	request	16991	13794904	13790245	0	752990	0	0	28555992	8388604	0	0	15
1785509406	request	17001	13794904	13790245	0	752990	0	0	28556388	8388604	0	0	15
1785509416	request	17011	13794904	13790244	0	752990	0	0	28555612	8388604	0	0	15
1785509426	request	17021	13794904	13790247	0	752990	0	0	28562984	8388604	0	0	15
1785509436	request	17031	13794904	13790246	0	752990	0	0	28563340	8388604	0	0	15
1785509446	request	17041	13794904	13790245	0	752990	0	0	28554048	8388604	0	0	15
1785509457	request	17052	13794904	13790246	0	752990	0	0	28554184	8388604	0	0	15
1785509467	request	17062	13794904	13790243	0	752990	0	0	28554616	8388604	0	0	15
1785509477	request	17072	13795160	13790498	0	753054	0	0	28554584	8388604	0	0	15
1785509487	request	17082	13795288	13790626	0	753086	0	0	28562048	8388604	0	0	15
1785509497	request	17092	13795416	13790754	0	753118	0	0	28561548	8388604	0	0	15
1785509507	request	17102	13795544	13790885	0	753150	0	0	28564208	8388604	0	0	15
1785509518	request	17113	13795544	13790884	0	753150	0	0	28569408	8388604	0	0	15
1785509528	request	17123	13795544	13790883	0	753150	0	0	28569496	8388604	0	0	15
1785509538	request	17133	13795544	13790881	0	753150	0	0	28569124	8388604	0	0	15
1785509548	request	17143	13795544	13790886	0	753150	0	0	28568732	8388604	0	0	15
1785509558	request	17153	13795544	13790883	0	753150	0	0	28567724	8388604	0	0	15
1785509568	request	17163	13795544	13790885	0	753150	0	0	28567496	8388604	0	0	15
1785509578	request	17173	13795544	13790880	0	753150	0	0	28566872	8388604	0	0	15
1785509589	request	17184	13795672	13791007	0	753182	0	0	28567612	8388604	0	0	15
1785509599	request	17194	13795672	13791010	0	753182	0	0	28568088	8388604	0	0	15
1785509609	request	17204	13795672	13791008	0	753182	0	0	28568476	8388604	0	0	15
1785509619	request	17214	13795672	13791011	0	753182	0	0	28567884	8388604	0	0	15
1785509629	request	17224	13795672	13791009	0	753182	0	0	28561748	8388604	0	0	15
1785509639	request	17234	13795672	13791011	0	753182	0	0	28566496	8388604	0	0	15
1785509650	request	17245	13795672	13791010	0	753182	0	0	28566116	8388604	0	0	15
1785509660	request	17255	13795672	13791007	0	753182	0	0	28565864	8388604	0	0	15
1785509670	request	17265	13795672	13791008	0	753182	0	0	28564980	8388604	0	0	15
1785509680	request	17275	13795800	13791138	0	753214	0	0	28566436	8388604	0	0	15
1785509690	request	17285	13795800	13791136	0	753214	0	0	28565680	8388604	0	0	15
1785509700	request	17295	13795800	13791140	0	753214	0	0	28565420	8388604	0	0	15
1785509710	request	17305	13795800	13791140	0	753214	0	0	28564820	8388604	0	0	15
1785509721	request	17316	13795800	13791137	0	753214	0	0	28565072	8388604	0	0	15
1785509731	request	17326	13795800	13791138	0	753214	0	0	28564748	8388604	0	0	15
1785509741	request	17336	13795800	13791139	0	753214	0	0	28564748	8388604	0	0	15
1785509751	request	17346	13795800	13791138	0	753214	0	0	28564496	8388604	0	0	15
1785509761	request	17356	13795928	13791264	0	753246	0	0	28563992	8388604	0	0	15
1785509771	request	17366	13795928	13791264	0	753246	0	0	28564224	8388604	0	0	15
1785509782	request	17377	13795928	13791266	0	753246	0	0	28564928	8388604	0	0	15
1785509792	request	17387	13795928	13791263	0	753246	0	0	28567044	8388604	0	0	15
1785509802	request	17397	13795928	13791265	0	753246	0	0	28567500	8388604	0	0	15
1785509812	request	17407	13795928	13791261	0	753246	0	0	28567496	8388604	0	0	15
1785509822	request	17417	13795928	13791263	0	753246	0	0	28567248	8388604	0	0	15
1785509832	request	17427	13795928	13791263	0	753246	0	0	28566756	8388604	0	0	15
1785509842	request	17437	13796056	13791394	0	753278	0	0	28566008	8388604	0	0	15
1785509853	request	17448	13796184	13791518	0	753310	0	0	28566140	8388604	0	0	15
1785509863	request	17458	13796312	13791649	0	753342	0	0	28565696	8388604	0	0	15
1785509873	request	17468	13796440	13791776	0	753374	0	0	28565700	8388604	0	0	15
1785509883	request	17478	13796568	13791901	0	753406	0	0	28565632	8388604	0	0	15
1785509893	request	17488	13796568	13791904	0	753406	0	0	28565300	8388604	0	0	15
1785509903	request	17498	13796568	13791906	0	753406	0	0	28565300	8388604	0	0	15
1785509914	request	17509	13796568	13791903	0	753406	0	0	28566840	8388604	0	0	15
1785509924	request	17519	13796568	13791902	0	753406	0	0	28566860	8388604	0	0	15
1785509934	request	17529	13796568	13791905	0	753406	0	0	28567364	8388604	0	0	15
1785509944	request	17539	13796568	13791904	0	753406	0	0	28566608	8388604	0	0	15
1785509954	request	17549	13796568	13791904	0	753406	0	0	28566004	8388604	0	0	15
1785509964	request	17559	13796696	13792032	0	753438	0	0	28565820	8388604	0	0	15
1785509975	request	17570	13796696	13792032	0	753438	0	0	28565868	8388604	0	0	15
1785509985	request	17580	13796696	13792031	0	753438	0	0	28565868	8388604	0	0	15
1785509995	request	17590	13796696	13792029	0	753438	0	0	28566568	8388604	0	0	15
1785510005	request	17600	13796696	13792033	0	753438	0	0	28567396	8388604	0	0	15
1785510015	request	17610	13796696	13792029	0	753438	0	0	28566920	8388604	0	0	15
1785510025	request	17620	13796696	13792032	0	753438	0	0	28566652	8388604	0	0	15
1785510035	request	17630	13796696	13792031	0	753438	0	0	28568164	8388604	0	0	15
1785510046	request	17641	13796696	13792031	0	753438	0	0	28568164	8388604	0	0	15
1785510056	request	17651	13796824	13792160	0	753470	0	0	28568400	8388604	0	0	15
1785510066	request	17661	13796824	13792157	0	753470	0	0	28568148	8388604	0	0	15
1785510076	request	17671	13796824	13792159	0	753470	0	0	28568084	8388604	0	0	15
1785510086	request	17681	13796824	13792162	0	753470	0	0	28568608	8388604	0	0	15
1785510096	request	17691	13796824	13792165	0	753470	0	0	28568040	8388604	0	0	15
1785510106	request	17701	13796824	13792164	0	753470	0	0	28567856	8388604	0	0	15
1785510117	request	17712	13796824	13792162	0	753470	0	0	28568096	8388604	0	0	15
1785510127	request	17722	13796824	13792164	0	753470	0	0	28567896	8388604	0	0	15
1785510137	request	17732	13796952	13792293	0	753502	0	0	28567644	8388604	0	0	15
1785510147	request	17742	13796952	13792292	0	753502	0	0	28520376	8388604	0	0	15
1785510157	request	17752	13796952	13792292	0	753502	0	0	28559992	8388604	0	0	15
1785510167	request	17762	13796952	13792294	0	753502	0	0	28573048	8388604	0	0	15
1785510178	request	17773	13796952	13792290	0	753502	0	0	28573404	8388604	0	0	15
1785510188	request	17783	13796952	13792292	0	753502	0	0	28573488	8388604	0	0	15
1785510198	request	17793	13796952	13792294	0	753502	0	0	28573348	8388604	0	0	15
1785510208	request	17803	13796952	13792293	0	753502	0	0	28573348	8388604	0	0	15
1785510218	request	17813	13796952	13792295	0	753502	0	0	28573224	8388604	0	0	15
1785510228	request	17823	13797080	13792420	0	753534	0	0	28573552	8388604	0	0	15
1785510239	request	17834	13797336	13792677	0	753598	0	0	28572812	8388604	0	0	15
1785510249	request	17844	13797464	13792804	0	753630	0	0	28572544	8388604	0	0	15
1785510259	request	17854	13797592	13792928	0	753662	0	0	28571964	8388604	0	0	15
1785510269	request	17864	13797592	13792930	0	753662	0	0	28571960	8388604	0	0	15
1785510279	request	17874	13797592	13792933	0	753662	0	0	28572012	8388604	0	0	15
1785510289	request	17884	13797592	13792933	0	753662	0	0	28572200	8388604	0	0	15
1785510300	request	17895	13797592	13792930	0	753662	0	0	28571056	8388604	0	0	15
1785510310	request	17905	13797592	13792933	0	753662	0	0	28573152	8388604	0	0	15
1785510320	request	17915	13797592	13792932	0	753662	0	0	28572484	8388604	0	0	15
1785510330	request	17925	13797592	13792935	0	753662	0	0	28572732	8388604	0	0	15
1785510340	request	17935	13797592	13792929	0	753662	0	0	28572732	8388604	0	0	15
1785510350	request	17945	13797720	13793063	0	753694	0	0	28572756	8388604	0	0	15
1785510360	request	17955	13797720	13793060	0	753694	0	0	28573492	8388604	0	0	15
1785510371	request	17966	13797720	13793061	0	753694	0	0	28573024	8388604	0	0	15
1785510381	request	17976	13797720	13793057	0	753694	0	0	28573280	8388604	0	0	15
1785510391	request	17986	13797720	13793059	0	753694	0	0	28573164	8388604	0	0	15
1785510401	request	17996	13797720	13793055	0	753694	0	0	28575140	8388604	0	0	15
1785510411	request	18006	13797720	13793055	0	753694	0	0	28568692	8388604	0	0	15
1785510421	request	18016	13797720	13793054	0	753694	0	0	28570160	8388604	0	0	15
1785510432	request	18027	13797848	13793180	0	753726	0	0	28569400	8388604	0	0	15
1785510442	request	18037	13797848	13793184	0	753726	0	0	28569184	8388604	0	0	15
1785510452	request	18047	13797848	13793183	0	753726	0	0	28568420	8388604	0	0	15
1785510462	request	18057	13797848	13793182	0	753726	0	0	28568528	8388604	0	0	15
1785510472	request	18067	13797848	13793181	0	753726	0	0	28569752	8388604	0	0	15
1785510482	request	18077	13797848	13793183	0	753726	0	0	28568704	8388604	0	0	15
1785510493	request	18088	13797848	13793183	0	753726	0	0	28568324	8388604	0	0	15
1785510503	request	18098	13797848	13793184	0	753726	0	0	28568072	8388604	0	0	15
1785510513	request	18108	13797848	13793182	0	753726	0	0	28567080	8388604	0	0	15
1785510523	request	18118	13797976	13793310	0	753758	0	0	28566532	8388604	0	0	15
1785510533	request	18128	13797976	13793313	0	753758	0	0	28566108	8388604	0	0	15
1785510543	request	18138	13797976	13793311	0	753758	0	0	28565820	8388604	0	0	15
1785510553	request	18148	13797976	13793311	0	753758	0	0	28565320	8388604	0	0	15
1785510564	request	18159	13797976	13793311	0	753758	0	0	28566196	8388604	0	0	15
1785510574	request	18169	13797976	13793312	0	753758	0	0	28565196	8388604	0	0	15
1785510584	request	18179	13797976	13793312	0	753758	0	0	28564220	8388604	0	0	15
1785510594	request	18189	13797976	13793311	0	753758	0	0	28568832	8388604	0	0	15
1785510604	request	18199	13798144	13793481	0	753800	0	0	28569980	8388604	0	0	15
1785510614	request	18209	13798272	13793607	0	753832	0	0	28560132	8388604	0	0	15
1785510625	request	18220	13798400	13793732	0	753864	0	0	28562388	8388604	0	0	15
1785510635	request	18230	13798528	13793865	0	753896	0	0	28563436	8388604	0	0	15
1785510645	request	18240	13798656	13793991	0	753928	0	0	28563760	8388604	0	0	15
1785510655	request	18250	13798656	13793991	0	753928	0	0	28562732	8388604	0	0	15
1785510665	request	18260	13798656	13793990	0	753928	0	0	28562608	8388604	0	0	15
1785510675	request	18270	13798656	13793988	0	753928	0	0	28562500	8388604	0	0	15
1785510686	request	18281	13798656	13793988	0	753928	0	0	28562136	8388604	0	0	15
1785510696	request	18291	13798656	13793988	0	753928	0	0	28561628	8388604	0	0	15
1785510706	request	18301	13798656	13793994	0	753928	0	0	28562300	8388604	0	0	15
1785510716	request	18311	13798656	13793994	0	753928	0	0	28562776	8388604	0	0	15
1785510726	request	18321	13798784	13794123	0	753960	0	0	28565184	8388604	0	0	15
1785510736	request	18331	13798784	13794120	0	753960	0	0	28564936	8388604	0	0	15
1785510746	request	18341	13798784	13794122	0	753960	0	0	28564432	8388604	0	0	15
1785510757	request	18352	13798784	13794120	0	753960	0	0	28563736	8388604	0	0	15
1785510767	request	18362	13798784	13794122	0	753960	0	0	28563724	8388604	0	0	15
1785510777	request	18372	13798784	13794123	0	753960	0	0	28563868	8388604	0	0	15
1785510787	request	18382	13798784	13794120	0	753960	0	0	28570336	8388604	0	0	15
1785510797	request	18392	13798784	13794120	0	753960	0	0	28569948	8388604	0	0	15
1785510807	request	18402	13798784	13794122	0	753960	0	0	28571912	8388604	0	0	15
1785510818	request	18413	13798912	13794248	0	753992	0	0	28571500	8388604	0	0	15
1785510828	request	18423	13798912	13794251	0	753992	0	0	28570972	8388604	0	0	15
1785510838	request	18433	13798912	13794250	0	753992	0	0	28570988	8388604	0	0	15
1785510848	request	18443	13798912	13794253	0	753992	0	0	28571276	8388604	0	0	15
1785510858	request	18453	13798912	13794251	0	753992	0	0	28571228	8388604	0	0	15
1785510868	request	18463	13798912	13794252	0	753992	0	0	28571616	8388604	0	0	15
1785510879	request	18474	13798912	13794251	0	753992	0	0	28571472	8388604	0	0	15
1785510889	request	18484	13798912	13794248	0	753992	0	0	28571528	8388604	0	0	15
1785510899	request	18494	13798912	13794251	0	753992	0	0	28570684	8388604	0	0	15
1785510909	request	18504	13799040	13794376	0	754024	0	0	28571024	8388604	0	0	15
1785510919	request	18514	13799040	13794380	0	754024	0	0	28571096	8388604	0	0	15
1785510929	request	18524	13799040	13794379	0	754024	0	0	28569412	8388604	0	0	15
1785510939	request	18534	13799040	13794376	0	754024	0	0	28568684	8388604	0	0	15
1785510950	request	18545	13799040	13794379	0	754024	0	0	28569320	8388604	0	0	15
1785510960	request	18555	13799040	13794379	0	754024	0	0	28568360	8388604	0	0	15
1785510970	request	18565	13799040	13794380	0	754024	0	0	28569580	8388604	0	0	15
1785510980	request	18575	13799040	13794380	0	754024	0	0	28569460	8388604	0	0	15
1785510990	request	18585	13801176	13796513	0	754558	0	0	28566704	8388604	0	0	15
1785511000	request	18595	13801304	13796650	0	754590	0	0	28566760	8388604	0	0	15
1785511011	request	18606	13801432	13796780	0	754622	0	0	28567308	8388604	0	0	15
1785511021	request	18616	13801560	13796905	0	754654	0	0	28567632	8388604	0	0	15
1785511031	request	18626	13801688	13797027	0	754686	0	0	28567724	8388604	0	0	15
1785511041	request	18636	13801688	13797026	0	754686	0	0	28567220	8388604	0	0	15
1785511051	request	18646	13801688	13797032	0	754686	0	0	28568100	8388604	0	0	15
1785511061	request	18656	13801688	13797029	0	754686	0	0	28567752	8388604	0	0	15
1785511072	request	18667	13801688	13797027	0	754686	0	0	28566744	8388604	0	0	15
1785511082	request	18677	13801688	13797027	0	754686	0	0	28566240	8388604	0	0	15
1785511092	request	18687	13801688	13797027	0	754686	0	0	28566876	8388604	0	0	15
1785511102	request	18697	13801688	13797028	0	754686	0	0	28567064	8388604	0	0	15
1785511112	request	18707	13801816	13797152	0	754718	0	0	28566420	8388604	0	0	15
1785511122	request	18717	13801816	13797157	0	754718	0	0	28566080	8388604	0	0	15
1785511132	request	18727	13801816	13797152	0	754718	0	0	28566168	8388604	0	0	15
1785511143	request	18738	13801816	13797155	0	754718	0	0	28566548	8388604	0	0	15
1785511153	request	18748	13801816	13797155	0	754718	0	0	28566548	8388604	0	0	15
1785511163	request	18758	13801816	13797156	0	754718	0	0	28566348	8388604	0	0	15
1785511173	request	18768	13801816	13797155	0	754718	0	0	28566828	8388604	0	0	15
1785511183	request	18778	13801816	13797155	0	754718	0	0	28566008	8388604	0	0	15
1785511193	request	18788	13801816	13797156	0	754718	0	0	28565584	8388604	0	0	15
1785511204	request	18799	13801944	13797282	0	754750	0	0	28564828	8388604	0	0	15
1785511214	request	18809	13801944	13797283	0	754750	0	0	28568784	8388604	0	0	15
1785511224	request	18819	13801944	13797283	0	754750	0	0	28567712	8388604	0	0	15
1785511234	request	18829	13801944	13797282	0	754750	0	0	28568716	8388604	0	0	15
1785511244	request	18839	13801944	13797282	0	754750	0	0	28568008	8388604	0	0	15
1785511254	request	18849	13801944	13797284	0	754750	0	0	28567472	8388604	0	0	15
1785511264	request	18859	13801944	13797284	0	754750	0	0	28567740	8388604	0	0	15
1785511275	request	18870	13801944	13797284	0	754750	0	0	28567500	8388604	0	0	15
1785511285	request	18880	13801944	13797283	0	754750	0	0	28567400	8388604	0	0	15
1785511295	request	18890	13802072	13797408	0	754782	0	0	28567116	8388604	0	0	15
1785511305	request	18900	13802072	13797405	0	754782	0	0	28567460	8388604	0	0	15
1785511315	request	18910	13802072	13797404	0	754782	0	0	28567456	8388604	0	0	15
1785511325	request	18920	13802072	13797406	0	754782	0	0	28568872	8388604	0	0	15
1785511336	request	18931	13802072	13797404	0	754782	0	0	28568428	8388604	0	0	15
1785511346	request	18941	13802072	13797405	0	754782	0	0	28568288	8388604	0	0	15
1785511356	request	18951	13802072	13797402	0	754782	0	0	28568556	8388604	0	0	15
1785511366	request	18961	13802072	13797403	0	754782	0	0	28570724	8388604	0	0	15
1785511376	request	18971	13802072	13797406	0	754782	0	0	28571224	8388604	0	0	15
1785511386	request	18981	13802200	13797534	0	754814	0	0	28571268	8388604	0	0	15
1785511397	request	18992	13802456	13797791	0	754878	0	0	28570784	8388604	0	0	15
1785511407	request	19002	13802584	13797918	0	754910	0	0	28570360	8388604	0	0	15
1785511417	request	19012	13802712	13798043	0	754942	0	0	28570352	8388604	0	0	15
1785511427	request	19022	13802712	13798047	0	754942	0	0	28570620	8388604	0	0	15
1785511437	request	19032	13802712	13798045	0	754942	0	0	28569232	8388604	0	0	15
1785511447	request	19042	13802712	13798043	0	754942	0	0	28569120	8388604	0	0	15
1785511457	request	19052	13802712	13798048	0	754942	0	0	28568916	8388604	0	0	15
1785511468	request	19063	13802712	13798045	0	754942	0	0	28568968	8388604	0	0	15
1785511478	request	19073	13802712	13798046	0	754942	0	0	28568584	8388604	0	0	15
1785511488	request	19083	13802712	13798046	0	754942	0	0	28568124	8388604	0	0	15
1785511498	request	19093	13802712	13798046	0	754942	0	0	28567412	8388604	0	0	15
1785511508	request	19103	13802840	13798175	0	754974	0	0	28567320	8388604	0	0	15
1785511518	request	19113	13802840	13798174	0	754974	0	0	28566828	8388604	0	0	15
1785511529	request	19124	13802840	13798171	0	754974	0	0	28566940	8388604	0	0	15
1785511539	request	19134	13802840	13798173	0	754974	0	0	28566168	8388604	0	0	15
1785511549	request	19144	13802840	13798174	0	754974	0	0	28566216	8388604	0	0	15
1785511559	request	19154	13802840	13798171	0	754974	0	0	28565712	8388604	0	0	15
1785511569	request	19164	13802840	13798174	0	754974	0	0	28566172	8388604	0	0	15
1785511579	request	19174	13802840	13798171	0	754974	0	0	28557052	8388604	0	0	15
1785511590	request	19185	13802840	13798171	0	754974	0	0	28558164	8388604	0	0	15
1785511600	request	19195	13802968	13798299	0	755006	0	0	28557752	8388604	0	0	15
1785511610	request	19205	13802968	13798308	0	755006	0	0	28564812	8388604	0	0	15
1785511620	request	19215	13802968	13798306	0	755006	0	0	28565712	8388604	0	0	15
1785511630	request	19225	13802968	13798307	0	755006	0	0	28566596	8388604	0	0	15
1785511640	request	19235	13802968	13798312	0	755006	0	0	28566520	8388604	0	0	15
1785511651	request	19246	13802968	13798306	0	755006	0	0	28565524	8388604	0	0	15
1785511661	request	19256	13802968	13798309	0	755006	0	0	28565484	8388604	0	0	15
1785511671	request	19266	13802968	13798310	0	755006	0	0	28564700	8388604	0	0	15
1785511681	request	19276	13802968	13798305	0	755006	0	0	28564004	8388604	0	0	15
1785511691	request	19286	13803096	13798436	0	755038	0	0	28564100	8388604	0	0	15
1785511701	request	19296	13803096	13798435	0	755038	0	0	28559968	8388604	0	0	15
1785511711	request	19306	13803096	13798435	0	755038	0	0	28557960	8388604	0	0	15
1785511722	request	19317	13803096	13798433	0	755038	0	0	28557960	8388604	0	0	15
1785511732	request	19327	13803096	13798434	0	755038	0	0	28503700	8388604	0	0	15
1785511742	request	19337	13803096	13798436	0	755038	0	0	28536528	8388604	0	0	15
1785511752	request	19347	13803096	13798399	0	755038	0	0	28253980	8388604	0	0	15
1785511762	request	19357	13803096	13798399	0	755038	0	0	28257116	8388604	0	0	15
1785511772	request	19367	13803096	13798399	0	755038	0	0	28270892	8388604	0	0	15
1785511783	request	19378	13803628	13798932	0	755171	0	0	28308264	8388604	0	0	15
1785511793	request	19388	13803756	13799059	0	755235	0	0	28319876	8388604	0	0	15
1785511803	request	19398	13804012	13799316	0	755267	0	0	28322312	8388604	0	0	15
1785511813	request	19408	13804140	13799443	0	755299	0	0	28344348	8388604	0	0	15
1785511823	request	19418	13804140	13799443	0	755299	0	0	28350728	8388604	0	0	15
1785511833	request	19428	13804140	13799443	0	755299	0	0	28324384	8388604	0	0	15
1785511843	request	19438	13804140	13799444	0	755299	0	0	28315320	8388604	0	0	15
1785511854	request	19449	13804140	13799443	0	755299	0	0	28364608	8388604	0	0	15
1785511864	request	19459	13804140	13799445	0	755299	0	0	28365388	8388604	0	0	15
1785511874	request	19469	13804140	13799483	0	755299	0	0	28523488	8388604	0	0	15
1785511884	request	19479	13804140	13799438	0	755299	0	0	28293488	8388604	0	0	15
1785511894	request	19489	13804140	13799437	0	755299	0	0	28307860	8388604	0	0	15
1785511904	request	19499	13804268	13799573	0	755331	0	0	28448044	8388604	0	0	15
1785511915	request	19510	13804268	13799576	0	755331	0	0	28450724	8388604	0	0	15
1785511925	request	19520	13804268	13799573	0	755331	0	0	28464924	8388604	0	0	15
1785511935	request	19530	13804268	13799574	0	755331	0	0	28470756	8388604	0	0	15
1785511945	request	19540	13804268	13799601	0	755331	0	0	28526640	8388604	0	0	15
1785511955	request	19550	13804268	13799584	0	755331	0	0	28385376	8388604	0	0	15
1785511965	request	19560	13804268	13799585	0	755331	0	0	28458828	8388604	0	0	15
1785511975	request	19570	13804268	13799577	0	755331	0	0	28429588	8388604	0	0	15
1785511986	request	19581	13804268	13799572	0	755331	0	0	28434852	8388604	0	0	15
1785511996	request	19591	13804268	13799601	0	755331	0	0	28544040	8388604	0	0	15
1785512006	request	19601	13804396	13799710	0	755363	0	0	28418264	8388604	0	0	15
1785512016	request	19611	13804396	13799708	0	755363	0	0	28434044	8388604	0	0	15
1785512026	request	19621	13804396	13799712	0	755363	0	0	28462556	8388604	0	0	15
1785512036	request	19631	13804396	13799715	0	755363	0	0	28296476	8388604	0	0	15
1785512047	request	19642	13804396	13799714	0	755363	0	0	28289512	8388604	0	0	15
1785512057	request	19652	13804396	13799711	0	755363	0	0	28295448	8388604	0	0	15
1785512067	request	19662	13804396	13799714	0	755363	0	0	28437904	8388604	0	0	15
1785512077	request	19672	13804396	13799711	0	755363	0	0	28454164	8388604	0	0	15
1785512087	request	19682	13804396	13799734	0	755363	0	0	28520980	8388604	0	0	15
1785512097	request	19692	13804524	13799861	0	755395	0	0	28539948	8388604	0	0	15
1785512107	request	19702	13804524	13799863	0	755395	0	0	28545444	8388604	0	0	15
1785512118	request	19713	13804524	13799861	0	755395	0	0	28546596	8388604	0	0	15
1785512128	request	19723	13804524	13799863	0	755395	0	0	28521052	8388604	0	0	16
1785512138	request	19733	13804524	13799859	0	755395	0	0	28534812	8388604	0	0	16
1785512148	request	19743	13804524	13799860	0	755395	0	0	28476380	8388604	0	0	16
1785512158	request	19753	13804524	13799860	0	755395	0	0	28500348	8388604	0	0	16
1785512168	request	19763	13804524	13799860	0	755395	0	0	28542452	8388604	0	0	16
1785512179	request	19774	13804524	13799860	0	755395	0	0	28542200	8388604	0	0	16
1785512189	request	19784	13804652	13799988	0	755427	0	0	28541960	8388604	0	0	16
1785512199	request	19794	13804780	13800116	0	755459	0	0	28556076	8388604	0	0	16
1785512209	request	19804	13805036	13800373	0	755523	0	0	28556132	8388604	0	0	16
1785512219	request	19814	13805164	13800497	0	755555	0	0	28556100	8388604	0	0	16
1785512229	request	19824	13805164	13800499	0	755555	0	0	28555236	8388604	0	0	16
1785512239	request	19834	13805164	13800500	0	755555	0	0	28554956	8388604	0	0	16
1785512250	request	19845	13805164	13800499	0	755555	0	0	28554176	8388604	0	0	16
1785512260	request	19855	13805164	13800499	0	755555	0	0	28553676	8388604	0	0	16
1785512270	request	19865	13805164	13800499	0	755555	0	0	28553456	8388604	0	0	16
1785512280	request	19875	13805164	13800502	0	755555	0	0	28553428	8388604	0	0	16
1785512290	request	19885	13805164	13800497	0	755555	0	0	28553920	8388604	0	0	16
1785512300	request	19895	13805164	13800499	0	755555	0	0	28553984	8388604	0	0	16
1785512311	request	19906	13805292	13800628	0	755587	0	0	28554224	8388604	0	0	16
1785512321	request	19916	13805292	13800627	0	755587	0	0	28554224	8388604	0	0	16
1785512331	request	19926	13805292	13800628	0	755587	0	0	28554116	8388604	0	0	16
1785512341	request	19936	13805292	13800628	0	755587	0	0	28553360	8388604	0	0	16
1785512351	request	19946	13805292	13800627	0	755587	0	0	28553416	8388604	0	0	16
1785512361	request	19956	13805292	13800627	0	755587	0	0	28553164	8388604	0	0	16
1785512372	request	19967	13805292	13800628	0	755587	0	0	28553352	8388604	0	0	16
1785512382	request	19977	13805292	13800629	0	755587	0	0	28552324	8388604	0	0	16
1785512392	request	19987	13805292	13800628	0	755587	0	0	28552524	8388604	0	0	16
1785512402	request	19997	13805420	13800756	0	755619	0	0	28553900	8388604	0	0	16
1785512412	request	20007	13805420	13800756	0	755619	0	0	28553780	8388604	0	0	16
1785512422	request	20017	13805420	13800756	0	755619	0	0	28553536	8388604	0	0	16
1785512432	request	20027	13805420	13800756	0	755619	0	0	28554440	8388604	0	0	16
1785512443	request	20038	13805420	13800758	0	755619	0	0	28553168	8388604	0	0	16
1785512453	request	20048	13805420	13800758	0	755619	0	0	28553064	8388604	0	0	16
1785512463	request	20058	13805420	13800755	0	755619	0	0	28552572	8388604	0	0	16
1785512473	request	20068	13805420	13800753	0	755619	0	0	28552568	8388604	0	0	16
1785512483	request	20078	13805420	13800756	0	755619	0	0	28552064	8388604	0	0	16
1785512493	request	20088	13805548	13800883	0	755651	0	0	28551092	8388604	0	0	16
1785512504	request	20099	13805548	13800881	0	755651	0	0	28551696	8388604	0	0	16
1785512514	request	20109	13805548	13800886	0	755651	0	0	28555164	8388604	0	0	16
1785512524	request	20119	13805548	13800887	0	755651	0	0	28554776	8388604	0	0	16
1785512534	request	20129	13805548	13800886	0	755651	0	0	28554772	8388604	0	0	16
1785512544	request	20139	13805548	13800884	0	755651	0	0	28555004	8388604	0	0	16
1785512554	request	20149	13805548	13800883	0	755651	0	0	28554812	8388604	0	0	16
1785512565	request	20160	13805548	13800883	0	755651	0	0	28554336	8388604	0	0	16
1785512575	request	20170	13805548	13800886	0	755651	0	0	28554064	8388604	0	0	16
1785512585	request	20180	13805676	13801013	0	755683	0	0	28553240	8388604	0	0	16
1785512595	request	20190	13805804	13801138	0	755715	0	0	28553432	8388604	0	0	16
1785512605	request	20200	13805932	13801266	0	755747	0	0	28553600	8388604	0	0	16
1785512615	request	20210	13806060	13801397	0	755779	0	0	28553584	8388604	0	0	16
1785512625	request	20220	13806188	13801527	0	755811	0	0	28553836	8388604	0	0	16
1785512636	request	20231	13806188	13801525	0	755811	0	0	28551228	8388604	0	0	16
1785512646	request	20241	13806188	13801526	0	755811	0	0	28550492	8388604	0	0	16
1785512656	request	20251	13806188	13801524	0	755811	0	0	28550044	8388604	0	0	16
1785512666	request	20261	13806188	13801523	0	755811	0	0	28549628	8388604	0	0	16
1785512676	request	20271	13806188	13801522	0	755811	0	0	28549304	8388604	0	0	16
1785512686	request	20281	13806188	13801525	0	755811	0	0	28549116	8388604	0	0	16
1785512697	request	20292	13806188	13801525	0	755811	0	0	28550180	8388604	0	0	16
1785512707	request	20302	13806188	13801524	0	755811	0	0	28550952	8388604	0	0	16
1785512717	request	20312	13806316	13801651	0	755843	0	0	28551040	8388604	0	0	16
1785512727	request	20322	13806316	13801655	0	755843	0	0	28552128	8388604	0	0	16
1785512737	request	20332	13806316	13801650	0	755843	0	0	28553044	8388604	0	0	16
1785512747	request	20342	13806316	13801653	0	755843	0	0	28552552	8388604	0	0	16
1785512758	request	20353	13806316	13801653	0	755843	0	0	28552960	8388604	0	0	16
1785512768	request	20363	13806316	13801651	0	755843	0	0	28553736	8388604	0	0	16
1785512778	request	20373	13806316	13801655	0	755843	0	0	28554096	8388604	0	0	16
1785512788	request	20383	13806316	13801654	0	755843	0	0	28554376	8388604	0	0	16
1785512798	request	20393	13806316	13801650	0	755843	0	0	28553844	8388604	0	0	16
1785512808	request	20403	13806444	13801779	0	755875	0	0	28556532	8388604	0	0	16
1785512818	request	20413	13806444	13801780	0	755875	0	0	28556036	8388604	0	0	16
1785512829	request	20424	13806444	13801777	0	755875	0	0	28555384	8388604	0	0	16
1785512839	request	20434	13806444	13801777	0	755875	0	0	28556392	8388604	0	0	16
1785512849	request	20444	13806444	13801777	0	755875	0	0	28556224	8388604	0	0	16
1785512859	request	20454	13806444	13801779	0	755875	0	0	28555368	8388604	0	0	16
1785512869	request	20464	13806444	13801779	0	755875	0	0	28555712	8388604	0	0	16
1785512879	request	20474	13806444	13801778	0	755875	0	0	28555240	8388604	0	0	16
1785512890	request	20485	13806444	13801779	0	755875	0	0	28554988	8388604	0	0	16
1785512900	request	20495	13806572	13801906	0	755907	0	0	28554624	8388604	0	0	16
1785512910	request	20505	13806572	13801904	0	755907	0	0	28556196	8388604	0	0	16
1785512920	request	20515	13806572	13801906	0	755907	0	0	28555672	8388604	0	0	16
1785512930	request	20525	13806572	13801906	0	755907	0	0	28554388	8388604	0	0	16
1785512940	request	20535	13806588	13801920	0	755911	0	0	28554124	8388604	0	0	16
1785512950	request	20545	13806588	13801922	0	755911	0	0	28553620	8388604	0	0	16
1785512961	request	20556	13806596	13801932	0	755913	0	0	28553700	8388604	0	0	16
1785512971	request	20566	13806596	13801931	0	755913	0	0	28554020	8388604	0	0	16
1785512981	request	20576	13806604	13801936	0	755915	0	0	28553548	8388604	0	0	16
1785512991	request	20586	13806732	13802069	0	755947	0	0	28553748	8388604	0	0	16
1785513001	request	20596	13806860	13802194	0	755979	0	0	28554856	8388604	0	0	16
1785513011	request	20606	13806988	13802320	0	756011	0	0	28554728	8388604	0	0	16
1785513022	request	20617	13807124	13802456	0	756045	0	0	28554648	8388604	0	0	16
1785513032	request	20627	13807252	13802588	0	756077	0	0	28554300	8388604	0	0	16
1785513042	request	20637	13807252	13802587	0	756077	0	0	28554704	8388604	0	0	16
1785513052	request	20647	13807252	13802584	0	756077	0	0	28554424	8388604	0	0	16
1785513062	request	20657	13807252	13802587	0	756077	0	0	28554056	8388604	0	0	16
1785513072	request	20667	13807252	13802587	0	756077	0	0	28554300	8388604	0	0	16
1785513082	request	20677	13807252	13802584	0	756077	0	0	28554336	8388604	0	0	16
1785513093	request	20688	13807252	13802584	0	756077	0	0	28554884	8388604	0	0	16
1785513103	request	20698	13807252	13802586	0	756077	0	0	28553872	8388604	0	0	16
1785513113	request	20708	13807252	13802589	0	756077	0	0	28546900	8388604	0	0	16
1785513123	request	20718	13807380	13802717	0	756109	0	0	28547352	8388604	0	0	16
1785513133	request	20728	13807380	13802715	0	756109	0	0	28548828	8388604	0	0	16
1785513143	request	20738	13807380	13802713	0	756109	0	0	28548580	8388604	0	0	16
1785513154	request	20749	13807380	13802713	0	756109	0	0	28547556	8388604	0	0	16
1785513164	request	20759	13807380	13802716	0	756109	0	0	28547304	8388604	0	0	16
1785513174	request	20769	13807380	13802720	0	756109	0	0	28546544	8388604	0	0	16
1785513184	request	20779	13807380	13802718	0	756109	0	0	28553156	8388604	0	0	16
1785513194	request	20789	13807380	13802718	0	756109	0	0	28552212	8388604	0	0	16
1785513204	request	20799	13807380	13802720	0	756109	0	0	28551972	8388604	0	0	16
1785513215	request	20810	13807508	13802845	0	756141	0	0	28551004	8388604	0	0	16
1785513225	request	20820	13807508	13802843	0	756141	0	0	28550752	8388604	0	0	16
1785513235	request	20830	13807508	13802846	0	756141	0	0	28551432	8388604	0	0	16
1785513245	request	20840	13807508	13802843	0	756141	0	0	28551508	8388604	0	0	16
1785513255	request	20850	13807508	13802843	0	756141	0	0	28551240	8388604	0	0	16
1785513265	request	20860	13807508	13802848	0	756141	0	0	28546704	8388604	0	0	16
1785513275	request	20870	13807508	13802843	0	756141	0	0	28546148	8388604	0	0	16
1785513286	request	20881	13807508	13802846	0	756141	0	0	28540932	8388604	0	0	24
1785513296	request	20891	13807508	13802845	0	756141	0	0	28541672	8388604	0	0	28
1785513306	request	20901	13807636	13802975	0	756173	0	0	28547940	8388604	0	0	28
1785513316	request	20911	13807636	13802976	0	756173	0	0	28548360	8388604	0	0	28
1785513326	request	20921	13807636	13802975	0	756173	0	0	28548876	8388604	0	0	28
1785513336	request	20931	13807636	13802971	0	756173	0	0	28549096	8388604	0	0	28
1785513347	request	20942	13807640	13802975	0	756174	0	0	28548856	8388604	0	0	28
1785513357	request	20952	13807640	13802975	0	756174	0	0	28548604	8388604	0	0	28
1785513367	request	20962	13807640	13802974	0	756174	0	0	28549500	8388604	0	0	28
1785513377	request	20972	13807640	13802977	0	756174	0	0	28549900	8388604	0	0	28
1785513387	request	20982	13807640	13802977	0	756174	0	0	28549396	8388604	0	0	28
1785513397	request	20992	13807640	13802979	0	756174	0	0	28549352	8388604	0	0	28
1785513408	request	21003	13807768	13803105	0	756206	0	0	28551264	8388604	0	0	28
1785513418	request	21013	13807896	13803233	0	756238	0	0	28550984	8388604	0	0	28
1785513428	request	21023	13808152	13803491	0	756302	0	0	28550564	8388604	0	0	28
1785513438	request	21033	13808280	13803620	0	756334	0	0	28549560	8388604	0	0	28
1785513448	request	21043	13808280	13803619	0	756334	0	0	28548564	8388604	0	0	28
1785513458	request	21053	13808280	13803622	0	756334	0	0	28548060	8388604	0	0	28
1785513468	request	21063	13808280	13803617	0	756334	0	0	28547908	8388604	0	0	28
1785513479	request	21074	13808280	13803619	0	756334	0	0	28549008	8388604	0	0	28
1785513489	request	21084	13808280	13803619	0	756334	0	0	28549120	8388604	0	0	28
1785513499	request	21094	13808280	13803619	0	756334	0	0	28548872	8388604	0	0	28
1785513509	request	21104	13808280	13803615	0	756334	0	0	28548608	8388604	0	0	28
1785513519	request	21114	13808280	13803619	0	756334	0	0	28548560	8388604	0	0	28
1785513529	request	21124	13808280	13803618	0	756334	0	0	28547552	8388604	0	0	28
1785513540	request	21135	13808408	13803746	0	756366	0	0	28547632	8388604	0	0	28
1785513550	request	21145	13808408	13803746	0	756366	0	0	28548128	8388604	0	0	28
1785513560	request	21155	13808408	13803744	0	756366	0	0	28547372	8388604	0	0	28
1785513570	request	21165	13808408	13803749	0	756366	0	0	28548980	8388604	0	0	28
1785513580	request	21175	13808408	13803743	0	756366	0	0	28549832	8388604	0	0	28
1785513590	request	21185	13808408	13803747	0	756366	0	0	28549052	8388604	0	0	28
1785513601	request	21196	13808408	13803747	0	756366	0	0	28548680	8388604	0	0	28
1785513611	request	21206	13808408	13803744	0	756366	0	0	28548708	8388604	0	0	28
1785513621	request	21216	13808408	13803746	0	756366	0	0	28550876	8388604	0	0	28
1785513631	request	21226	13808536	13803874	0	756398	0	0	28550624	8388604	0	0	28
1785513641	request	21236	13808536	13803874	0	756398	0	0	28550492	8388604	0	0	28
1785513651	request	21246	13808536	13803874	0	756398	0	0	28550240	8388604	0	0	28
1785513661	request	21256	13808536	13803872	0	756398	0	0	28551412	8388604	0	0	28
1785513672	request	21267	13808536	13803873	0	756398	0	0	28551144	8388604	0	0	28
1785513682	request	21277	13808536	13803875	0	756398	0	0	28550904	8388604	0	0	28
1785513692	request	21287	13808536	13803875	0	756398	0	0	28551656	8388604	0	0	28
1785513702	request	21297	13808536	13803875	0	756398	0	0	28552252	8388604	0	0	28
1785513712	request	21307	13808536	13803873	0	756398	0	0	28553004	8388604	0	0	28
1785513722	request	21317	13808664	13804001	0	756430	0	0	28552252	8388604	0	0	28
1785513733	request	21328	13808664	13804002	0	756430	0	0	28552488	8388604	0	0	28
1785513743	request	21338	13808664	13804004	0	756430	0	0	28551944	8388604	0	0	28
1785513753	request	21348	13808664	13804001	0	756430	0	0	28552612	8388604	0	0	28
1785513763	request	21358	13808664	13804001	0	756430	0	0	28552596	8388604	0	0	28
1785513773	request	21368	13808664	13804001	0	756430	0	0	28554468	8388604	0	0	28
1785513783	request	21378	13808664	13803999	0	756430	0	0	28554212	8388604	0	0	28
1785513794	request	21389	13808664	13803999	0	756430	0	0	28554452	8388604	0	0	28
1785513804	request	21399	13808664	13804002	0	756430	0	0	28553712	8388604	0	0	28
1785513814	request	21409	13808664	13804004	0	756430	0	0	28553460	8388604	0	0	28
1785513824	request	21419	13808792	13804130	0	756462	0	0	28553580	8388604	0	0	28
1785513834	request	21429	13809048	13804388	0	756526	0	0	28554356	8388604	0	0	28
1785513844	request	21439	13809176	13804513	0	756558	0	0	28554356	8388604	0	0	28
1785513854	request	21449	13809436	13804774	0	756627	0	0	28554356	8388604	0	0	28
1785513865	request	21460	13809444	13804781	0	756629	0	0	28553584	8388604	0	0	28
1785513875	request	21470	13809444	13804779	0	756630	0	0	28553500	8388604	0	0	28
1785513885	request	21480	13809448	13804785	0	756630	0	0	28553008	8388604	0	0	28
1785513895	request	21490	13809448	13804783	0	756630	0	0	28552992	8388604	0	0	28
1785513905	request	21500	13809448	13804785	0	756630	0	0	28553752	8388604	0	0	28
1785513915	request	21510	13809452	13804789	0	756631	0	0	28552596	8388604	0	0	28
1785513926	request	21521	13809452	13804787	0	756631	0	0	28552196	8388604	0	0	28
1785513936	request	21531	13809452	13804792	0	756631	0	0	28553952	8388604	0	0	28
1785513946	request	21541	13932048	13927384	0	787294	0	0	28432740	8388604	0	0	28
1785513956	request	21551	13932048	13927386	0	787294	0	0	28432896	8388604	0	0	28
1785513966	request	21561	13932048	13927386	0	787294	0	0	28432908	8388604	0	0	28
1785513976	request	21571	13932048	13927383	0	787294	0	0	28432656	8388604	0	0	28
1785513986	request	21581	13932048	13927386	0	787294	0	0	28432248	8388604	0	0	28
1785513997	request	21592	13932048	13927386	0	787294	0	0	28432516	8388604	0	0	28
1785514007	request	21602	13932048	13927385	0	787294	0	0	28431800	8388604	0	0	28
1785514017	request	21612	13932048	13927390	0	787294	0	0	28431408	8388604	0	0	28
1785514027	request	21622	13932048	13927390	0	787294	0	0	28429116	8388604	0	0	28
1785514037	request	21632	13932304	13927643	0	787358	0	0	28428108	8388604	0	0	28
1785514047	request	21642	14066448	14061789	0	820879	0	0	28291512	8388604	0	0	28
1785514058	request	21653	14066448	14061789	0	820879	0	0	28292112	8388604	0	0	28
1785514068	request	21663	14066448	14061791	0	820879	0	0	28291748	8388604	0	0	28
1785514078	after	21673	14066640	14062048	0	820882	0	0	28293256	8388604	0	0	28
