epoch	phase	elapsed	rss_kib	pss_kib	vm_swap_kib	read_bytes	minflt	majflt	mem_available_kib	swap_free_kib	pswpin_delta	pswpout_delta	pgmaj_delta	pkg_temp_mC
1787039374	before	0	28672288	28667946	71360	21920268288	2929202	442456	21208964	8012808	10	0	11	43000
1787039374	request	0	28672288	28668266	71332	21920505856	2930327	442535	21203544	8015568	924	0	1405	46000
1787039376	request	2	28749968	28745618	61888	21930160128	2946940	444827	21137568	8022532	2440	0	2444	61000
1787039377	request	3	28749968	28745619	61888	21930160128	2946940	444827	21135024	8023264	2623	0	2627	71000
1787039378	request	4	28749968	28745619	61888	21930160128	2946940	444827	21134520	8023328	2639	0	2643	66000
1787039379	request	5	28749968	28745618	61888	21930160128	2946940	444827	21132588	8023992	2775	0	2809	70000
1787039381	request	7	28749968	28745619	61888	21930160128	2946940	444827	21123748	8024340	2862	0	2896	66000
1787039382	request	8	28749968	28745620	61888	21930160128	2946940	444827	21129388	8025268	3135	0	3312	61000
1787039383	request	9	28749968	28745618	61888	21930160128	2946940	444827	21126788	8026308	3354	0	3389	67000
1787039384	request	10	28749968	28745619	61888	21930160128	2946940	444827	21125144	8026368	3369	0	3404	69000
1787039386	request	12	28749968	28745619	61888	21930160128	2946940	444827	21124736	8026496	3401	0	3436	70000
1787039387	request	13	28749968	28745619	61888	21930160128	2946940	444827	21170400	8026636	3436	0	3471	72000
1787039388	request	14	28749968	28745620	61888	21930160128	2946944	444827	21163604	8026824	3483	0	3518	68000
1787039389	request	15	28749968	28745619	61888	21930160128	2946944	444827	21159568	8028200	3827	0	3862	72000
1787039391	request	17	28749968	28745620	61888	21930160128	2946944	444827	21158064	8028244	3838	0	3873	64000
1787039392	request	18	28749968	28745619	61888	21930160128	2946944	444827	21156088	8028292	3850	0	3885	66000
1787039393	request	19	28749968	28745618	61888	21930160128	2946944	444827	21154736	8028708	3933	0	3968	71000
1787039394	request	20	28749968	28745618	61888	21930160128	2946944	444827	21142844	8030424	4356	0	4404	73000
1787039396	request	22	28749968	28745619	61888	21930160128	2946944	444827	21142404	8030444	4361	0	4409	72000
1787039397	request	23	28749968	28745618	61888	21930160128	2946944	444827	21142152	8030520	4380	0	4428	70000
1787039398	request	24	28749968	28745618	61888	21930160128	2946944	444827	21134788	8030560	4390	0	4438	70000
1787039400	request	26	28749968	28745619	61888	21930160128	2946944	444827	21139784	8030616	4404	0	4452	75000
1787039401	request	27	28749968	28745618	61888	21930160128	2946944	444827	21138032	8030684	4421	0	4469	76000
1787039402	request	28	28749968	28745619	61888	21930160128	2946944	444827	21136696	8030736	4434	0	4482	72000
1787039403	request	29	28749968	28745619	61888	21930160128	2946944	444827	21134912	8030776	4444	0	4492	74000
1787039405	request	31	28749968	28745681	61876	21930172416	2946945	444830	21133160	8030904	4469	0	4534	72000
1787039406	request	32	28750028	28745680	61876	21930172416	2946945	444830	21128124	8030996	4492	0	4555	77000
1787039407	request	33	28750028	28745681	61876	21930172416	2946945	444830	21139320	8031020	4498	0	4561	73000
1787039409	request	35	28750028	28745679	61876	21930172416	2946949	444830	21135028	8031188	4540	0	4603	76000
1787039410	request	36	28750028	28745685	61872	21930176512	2946949	444834	21134544	8031332	4561	0	4642	73000
1787039411	request	37	28750032	28745684	61872	21930176512	2946949	444834	21133816	8031364	4569	0	4650	74000
1787039412	request	38	28761768	28757420	61872	21930176512	2950404	444834	21127280	8031388	4575	0	4656	75000
1787039414	request	40	28761768	28757420	61872	21930176512	2950404	444834	21126032	8031396	4577	0	4658	76000
1787039415	request	41	28761768	28757420	61872	21930176512	2950404	444834	21125780	8031404	4579	0	4660	77000
1787039416	request	42	28761768	28757420	61872	21930176512	2950404	444834	21125024	8031560	4618	0	4699	73000
1787039417	request	43	28761768	28757419	61872	21930176512	2950404	444834	21124040	8031572	4621	0	4702	71000
1787039419	request	45	28761768	28757421	61872	21930176512	2950404	444834	21123360	8031600	4628	0	4709	77000
1787039420	request	46	28761768	28757421	61872	21930176512	2950404	444834	21122116	8031636	4637	0	4718	74000
1787039421	request	47	28761768	28757421	61872	21930176512	2950404	444834	21115852	8036884	5944	0	6036	77000
1787039423	request	49	28761768	28757419	61872	21930176512	2950404	444834	21115392	8036884	5944	0	6036	71000
1787039424	request	50	28761768	28757420	61872	21930176512	2950404	444834	21114400	8037256	6028	0	6129	77000
1787039425	request	51	28761768	28757420	61872	21930176512	2950404	444834	21113324	8037480	6084	0	6185	76000
1787039426	request	52	28761768	28757419	61872	21930176512	2950404	444834	21112328	8037488	6086	0	6187	76000
1787039428	request	54	28761768	28757420	61872	21930176512	2950404	444834	21112380	8037524	6095	0	6196	81000
1787039429	request	55	28761768	28757420	61872	21930176512	2950404	444834	21111788	8097372	20834	0	21108	79000
1787039430	request	56	28761768	28757419	61872	21930176512	2950404	444834	21102248	8103668	21744	0	22018	77000
1787039431	request	57	28761768	28757419	61872	21930176512	2950404	444834	21099884	8103672	21745	0	22019	78000
1787039433	request	59	28761768	28757419	61872	21930176512	2950404	444834	21098104	8103688	21749	0	22023	77000
1787039434	request	60	28761768	28757419	61872	21930176512	2950404	444834	21096340	8103692	21750	0	22024	76000
1787039435	request	61	28761768	28757420	61872	21930176512	2950404	444834	21096088	8103696	21751	0	22025	78000
1787039437	request	63	28761768	28757419	61872	21930176512	2950404	444834	21094604	8103704	21753	0	22027	80000
1787039438	request	64	28761768	28757419	61872	21930176512	2950404	444834	21094072	8103708	21754	0	22028	76000
1787039439	request	65	28761768	28757420	61872	21930176512	2950404	444834	21093712	8103712	21755	0	22029	77000
1787039440	request	66	28761768	28757419	61872	21930176512	2950404	444834	21092540	8103712	21755	0	22029	74000
1787039442	request	68	28761768	28757419	61872	21930176512	2950404	444834	21092004	8104012	21830	0	22105	77000
1787039443	request	69	28761768	28757419	61872	21930176512	2950404	444834	21090160	8104040	21837	0	22112	77000
1787039444	request	70	28761768	28757421	61872	21930176512	2950404	444834	21088060	8104088	21848	0	22124	78000
1787039446	request	72	28761768	28757419	61872	21930176512	2950404	444834	21089520	8104096	21849	0	22126	81000
1787039447	request	73	28761768	28757420	61872	21930176512	2950404	444834	21088992	8104096	21849	0	22126	77000
1787039448	request	74	28761768	28757419	61872	21930176512	2950404	444834	21088120	8104104	21851	0	22128	78000
1787039449	request	75	28761768	28757419	61872	21930176512	2950404	444834	21087140	8104140	21860	0	22137	73000
1787039451	request	77	28762024	28757675	61872	21930176512	2950408	444834	21085892	8104144	21861	0	22138	75000
1787039452	request	78	28762024	28757675	61872	21930176512	2950408	444834	21084564	8104144	21861	0	22138	83000
1787039453	request	79	28762024	28757675	61872	21930176512	2950408	444834	21083948	8104144	21861	0	22138	77000
1787039454	request	80	28762024	28757675	61872	21930176512	2950408	444834	21083840	8104144	21861	0	22138	78000
1787039456	request	82	28762024	28757676	61872	21930176512	2950408	444834	21083840	8104172	21868	0	22145	81000
1787039457	request	83	28762024	28757674	61872	21930176512	2950408	444834	21082888	8104184	21871	0	22148	80000
1787039458	request	84	28762024	28757674	61872	21930176512	2950408	444834	21070972	8110120	23344	0	23636	77000
1787039459	request	85	28762024	28757675	61872	21930176512	2950408	444834	21071448	8110624	23470	0	23762	79000
1787039461	request	87	28762024	28757676	61872	21930176512	2950408	444834	21070412	8110668	23481	0	23773	83000
1787039462	request	88	28762024	28757676	61872	21930176512	2950408	444834	21075504	8110668	23481	0	23773	82000
1787039463	request	89	28762024	28757675	61872	21930176512	2950408	444834	21074120	8110740	23499	0	23791	83000
1787039464	request	90	28762024	28757676	61872	21930176512	2950408	444834	21074628	8111312	23642	0	23934	80000
1787039466	request	92	28762024	28757674	61872	21930176512	2950408	444834	21072540	8111312	23642	0	23934	78000
1787039467	request	93	28762024	28757675	61872	21930176512	2950408	444834	21072264	8111312	23642	0	23934	79000
1787039468	request	94	28762024	28757675	61872	21930176512	2950408	444834	21072980	8111312	23642	0	23934	75000
1787039470	request	96	28762024	28757675	61872	21930176512	2950408	444834	21073708	8111312	23642	0	23934	78000
1787039471	request	97	28762024	28757675	61872	21930176512	2950408	444834	21073528	8111312	23642	0	23934	76000
1787039472	request	98	28762024	28757675	61872	21930176512	2950408	444834	21072584	8111312	23642	0	23934	79000
1787039473	request	99	28762024	28757674	61872	21930176512	2950408	444834	21058172	8113356	24151	0	24477	86000
1787039475	request	101	28762024	28757674	61872	21930176512	2950408	444834	21055084	8113584	24198	0	24534	78000
1787039476	request	102	28762024	28757675	61872	21930176512	2950408	444834	21055084	8113616	24206	0	24542	80000
1787039477	request	103	28762024	28757676	61872	21930176512	2950408	444834	21054340	8113656	24216	0	24552	81000
1787039479	request	105	28762024	28757675	61872	21930176512	2950408	444834	21054544	8113716	24231	0	24567	83000
1787039480	request	106	28762024	28757675	61872	21930176512	2950408	444834	21054464	8113764	24243	0	24579	77000
1787039481	request	107	28762024	28757676	61872	21930176512	2950408	444834	21054000	8114224	24356	0	24694	79000
1787039483	request	109	28762024	28757676	61872	21930176512	2950408	444834	21054940	8114540	24435	0	24773	77000
1787039484	request	110	28762024	28757675	61872	21930176512	2950408	444834	21056472	8114540	24435	0	24773	82000
1787039485	request	111	28762024	28757675	61872	21930176512	2950408	444834	21056472	8114540	24435	0	24773	78000
1787039486	request	112	28762024	28757676	61872	21930176512	2950408	444834	21055968	8114544	24436	0	24774	82000
1787039488	request	114	28762268	28757918	61872	21930176512	2950412	444834	21045696	8115144	24586	0	24924	79000
1787039489	request	115	28762268	28757920	61872	21930176512	2950412	444834	21045484	8115148	24587	0	24925	82000
1787039490	request	116	28762268	28757919	61872	21930176512	2950412	444834	21043856	8115268	24617	0	24955	76000
1787039492	request	118	28762268	28757918	61872	21930176512	2950412	444834	21041364	8115432	24658	0	24996	82000
1787039493	request	119	28762268	28757919	61872	21930176512	2950412	444834	21041048	8115440	24660	0	24998	83000
1787039494	request	120	28762268	28757918	61872	21930176512	2950412	444834	21038952	8115440	24660	0	24998	82000
1787039495	request	121	28762268	28757919	61872	21930176512	2950412	444834	21038308	8115440	24660	0	24998	83000
1787039497	request	123	28762268	28757920	61872	21930176512	2950412	444834	21037668	8115440	24660	0	24998	82000
1787039498	request	124	28762268	28757919	61872	21930176512	2950412	444834	21037668	8115444	24661	0	24999	81000
1787039499	request	125	28762268	28757918	61872	21930176512	2950412	444834	21038460	8115444	24661	0	24999	82000
1787039501	request	127	28762268	28757918	61872	21930176512	2950412	444834	21047664	8115780	24745	0	25083	86000
1787039502	request	128	28762268	28757920	61872	21930176512	2950412	444834	21044120	8115788	24747	0	25085	83000
1787039503	request	129	28762268	28757920	61872	21930176512	2950412	444834	21044848	8115820	24755	0	25093	83000
1787039505	request	131	28762268	28757919	61872	21930176512	2950412	444834	21041272	8115912	24778	0	25116	80000
1787039506	request	132	28762268	28757919	61872	21930176512	2950412	444834	21040892	8115924	24781	0	25119	78000
1787039507	request	133	28762268	28757919	61872	21930176512	2950412	444834	21044920	8116076	24819	0	25157	82000
1787039508	request	134	28762268	28757919	61872	21930176512	2950412	444834	21045636	8116076	24819	0	25157	84000
1787039510	request	136	28762268	28757919	61872	21930176512	2950412	444834	21045144	8116084	24822	0	25160	85000
1787039511	request	137	28762268	28757919	61872	21930176512	2950412	444834	21042180	8116272	24868	0	25206	82000
1787039512	request	138	28762268	28757919	61872	21930176512	2950412	444834	21057668	8117348	24886	0	25224	86000
1787039514	request	140	28762268	28757919	61872	21930176512	2950412	444834	21057176	8117348	24886	0	25224	79000
1787039515	request	141	28762268	28757920	61872	21930176512	2950412	444834	21056704	8117348	24886	0	25224	82000
1787039516	request	142	28762268	28757919	61872	21930176512	2950412	444834	21056720	8117356	24888	0	25226	82000
1787039518	request	144	28762268	28757920	61872	21930176512	2950412	444834	21055976	8117356	24888	0	25226	78000
1787039519	request	145	28762268	28757919	61872	21930176512	2950412	444834	21055724	8117356	24888	0	25226	78000
1787039520	request	146	28762268	28757918	61872	21930176512	2950412	444834	21055472	8117368	24888	0	25226	80000
1787039521	request	147	28762268	28757918	61872	21930176512	2950412	444834	21055220	8117376	24890	0	25228	81000
1787039523	request	149	28762268	28757919	61872	21930176512	2950412	444834	21054836	8117384	24892	0	25230	79000
1787039524	request	150	28762268	28757920	61872	21930176512	2950412	444834	21054988	8117388	24893	0	25231	85000
1787039525	request	151	28762268	28757918	61872	21930176512	2950412	444834	21055108	8117388	24893	0	25231	87000
1787039527	request	153	28762396	28758047	61872	21930176512	2950414	444834	21055208	8117388	24893	0	25231	84000
1787039528	request	154	28762396	28758048	61872	21930176512	2950414	444834	21055208	8117388	24893	0	25231	82000
1787039529	request	155	28762396	28758048	61872	21930176512	2950414	444834	21055208	8117388	24893	0	25231	84000
1787039530	request	156	28762396	28758046	61872	21930176512	2950414	444834	21051900	8117484	24916	0	25255	82000
1787039532	request	158	28762396	28758048	61872	21930176512	2950414	444834	21051348	8117484	24916	0	25255	81000
1787039533	request	159	28762396	28758047	61872	21930176512	2950414	444834	21051348	8117484	24916	0	25255	83000
1787039534	request	160	28762396	28758046	61872	21930176512	2950414	444834	21051020	8117484	24916	0	25255	83000
1787039536	request	162	28762396	28758047	61872	21930176512	2950414	444834	21050680	8117484	24916	0	25255	82000
1787039537	request	163	28762396	28758047	61872	21930176512	2950414	444834	21050352	8117484	24916	0	25255	79000
1787039538	request	164	28762396	28758047	61872	21930176512	2950414	444834	21050128	8117488	24917	0	25256	83000
1787039539	request	165	28762396	28758048	61872	21930176512	2950414	444834	21050672	8117488	24917	0	25256	80000
1787039541	request	167	28762396	28758047	61872	21930176512	2950414	444834	21050848	8117488	24917	0	25256	80000
1787039542	request	168	28762396	28758047	61872	21930176512	2950414	444834	21050344	8117516	24924	0	25263	80000
1787039543	request	169	28762396	28758046	61872	21930176512	2950414	444834	21050092	8117552	24933	0	25272	82000
1787039545	request	171	28762396	28758046	61872	21930176512	2950414	444834	21050344	8117556	24934	0	25273	88000
1787039546	request	172	28762396	28758046	61872	21930176512	2950414	444834	21052224	8117676	24964	0	25303	84000
1787039547	request	173	28762396	28758047	61872	21930176512	2950414	444834	21052692	8117688	24967	0	25306	85000
1787039548	request	174	28762396	28758047	61872	21930176512	2950414	444834	21052692	8117692	24968	0	25307	84000
1787039550	request	176	28762396	28758047	61872	21930176512	2950414	444834	21052200	8117708	24972	0	25311	87000
1787039551	request	177	28762396	28758048	61872	21930176512	2950414	444834	21052144	8117720	24975	0	25314	81000
1787039552	request	178	28762396	28758047	61872	21930176512	2950414	444834	21052184	8117756	24984	0	25323	82000
1787039553	request	179	28762396	28758047	61872	21930176512	2950414	444834	21052184	8117772	24988	0	25327	77000
1787039555	request	181	28762396	28758047	61872	21930176512	2950414	444834	21052592	8117780	24990	0	25329	79000
1787039556	request	182	28762396	28758047	61872	21930176512	2950414	444834	21051596	8117796	24994	0	25333	83000
1787039557	request	183	28762396	28758048	61872	21930176512	2950414	444834	21048972	8118008	25047	0	25386	88000
1787039558	request	184	28762396	28758046	61872	21930176512	2950414	444834	21048516	8118008	25047	0	25386	82000
1787039560	request	186	28762396	28758047	61872	21930176512	2950414	444834	21048732	8118012	25048	0	25387	79000
1787039561	request	187	28762396	28758047	61872	21930176512	2950414	444834	21048820	8118016	25049	0	25388	85000
1787039562	request	188	28762396	28758047	61872	21930176512	2950414	444834	21044268	8119144	25331	0	25670	82000
1787039563	request	189	28762396	28757994	61872	21930176512	2950414	444834	20995376	8119192	25343	0	25693	84000
1787039565	request	191	28762396	28758047	61872	21930176512	2950432	444834	21038824	8119212	25348	0	25700	82000
1787039566	request	192	28762460	28758112	61872	21930176512	2950433	444834	21038104	8119216	25349	0	25701	83000
1787039567	request	193	28762460	28758112	61872	21930176512	2950433	444834	21037348	8119216	25349	0	25701	78000
1787039569	request	195	28762460	28758112	61872	21930176512	2950433	444834	21037056	8119216	25349	0	25701	83000
1787039570	request	196	28762460	28758112	61872	21930176512	2950433	444834	21036932	8119220	25350	0	25702	80000
1787039571	request	197	28762460	28758111	61872	21930176512	2950433	444834	21038044	8119220	25350	0	25702	83000
1787039572	request	198	28762460	28758111	61872	21930176512	2950433	444834	21039480	8119220	25350	0	25702	80000
1787039574	request	200	28762460	28758110	61872	21930176512	2950433	444834	21040008	8119220	25350	0	25702	81000
1787039575	request	201	28762460	28758112	61872	21930176512	2950433	444834	21040960	8119220	25350	0	25702	87000
1787039576	request	202	28762460	28758112	61872	21930176512	2950433	444834	21043928	8119220	25350	0	25702	87000
1787039578	request	204	28762460	28758110	61872	21930176512	2950433	444834	21043892	8119220	25350	0	25702	82000
1787039579	request	205	28762460	28758111	61872	21930176512	2950433	444834	21044916	8119220	25350	0	25702	82000
1787039580	request	206	28762460	28758112	61872	21930176512	2950433	444834	21045772	8119220	25350	0	25702	87000
1787039581	request	207	28762460	28758112	61872	21930176512	2950433	444834	21043656	8119220	25350	0	25702	82000
1787039583	request	209	28762460	28758112	61872	21930176512	2950433	444834	21043516	8119224	25351	0	25703	83000
1787039584	request	210	28762460	28758110	61872	21930176512	2950433	444834	21043264	8119228	25352	0	25704	82000
1787039585	request	211	28762460	28758111	61872	21930176512	2950433	444834	21035048	8119280	25365	0	25717	84000
1787039587	request	213	28762460	28758110	61872	21930176512	2950433	444834	21034556	8119280	25365	0	25717	83000
1787039588	request	214	28762460	28758110	61872	21930176512	2950433	444834	21036344	8119296	25369	0	25721	84000
1787039589	request	215	28762460	28758111	61872	21930176512	2950433	444834	21037080	8119296	25369	0	25721	83000
1787039591	request	217	28762460	28758110	61872	21930176512	2950433	444834	21036576	8119300	25370	0	25722	87000
1787039592	request	218	28762460	28758111	61872	21930176512	2950433	444834	21037336	8119300	25370	0	25722	85000
1787039593	request	219	28762460	28758111	61872	21930176512	2950433	444834	21037640	8119304	25371	0	25723	85000
1787039594	request	220	28762460	28758111	61872	21930176512	2950433	444834	21037436	8119316	25374	0	25726	83000
1787039596	request	222	28762460	28758111	61872	21930176512	2950433	444834	21037004	8119324	25376	0	25728	82000
1787039597	request	223	28762460	28758111	61872	21930176512	2950433	444834	21035428	8119436	25404	0	25756	81000
1787039598	request	224	28762460	28758111	61872	21930176512	2950433	444834	21035780	8119464	25411	0	25763	89000
1787039600	request	226	28762460	28758111	61872	21930176512	2950433	444834	21035576	8119468	25412	0	25764	84000
1787039601	request	227	28762460	28758111	61872	21930176512	2950433	444834	21036248	8119468	25412	0	25764	86000
1787039602	request	228	28762460	28758111	61872	21930176512	2950433	444834	21035828	8119476	25414	0	25766	84000
1787039603	request	229	28762460	28758110	61872	21930176512	2950433	444834	21035216	8119604	25446	0	25798	87000
1787039605	request	231	28762460	28758111	61872	21930176512	2950436	444834	21036516	8119624	25451	0	25803	89000
1787039606	request	232	28762652	28758303	61872	21930176512	2950436	444834	21035500	8119632	25453	0	25805	87000
1787039607	request	233	28762652	28758304	61872	21930176512	2950436	444834	21035844	8119640	25455	0	25807	83000
1787039609	request	235	28762652	28758303	61872	21930176512	2950436	444834	21034648	8119644	25456	0	25808	90000
1787039610	request	236	28762652	28758302	61872	21930176512	2950436	444834	21034524	8119664	25461	0	25813	88000
1787039611	request	237	28762652	28758303	61872	21930176512	2950436	444834	21033776	8119676	25464	0	25816	88000
1787039612	request	238	28762652	28758303	61872	21930176512	2950436	444834	21032472	8119684	25466	0	25818	88000
1787039613	request	239	28762652	28758302	61872	21930176512	2950436	444834	21033180	8119692	25468	0	25820	86000
1787039615	request	241	28762652	28758303	61872	21930176512	2950436	444834	21043928	8119712	25473	0	25825	86000
1787039616	request	242	28762652	28758303	61872	21930176512	2950436	444834	21044552	8119712	25473	0	25825	84000
1787039617	request	243	28762652	28758304	61872	21930176512	2950436	444834	21043576	8119712	25473	0	25825	82000
1787039619	request	245	28762652	28758303	61872	21930176512	2950436	444834	21044136	8119724	25476	0	25828	85000
1787039620	request	246	28762652	28758302	61872	21930176512	2950436	444834	21036560	8119768	25487	0	25839	84000
1787039621	request	247	28762652	28758303	61872	21930176512	2950436	444834	21037620	8119768	25487	0	25839	84000
1787039622	request	248	28762652	28758303	61872	21930176512	2950436	444834	21038692	8119768	25487	0	25839	84000
1787039624	request	250	28762652	28758303	61872	21930176512	2950436	444834	21039336	8119776	25489	0	25841	89000
1787039625	request	251	28762652	28758303	61872	21930176512	2950436	444834	21038088	8119776	25489	0	25841	89000
1787039626	request	252	28762652	28758304	61872	21930176512	2950436	444834	21038200	8119776	25489	0	25841	89000
1787039628	request	254	28762652	28758304	61872	21930176512	2950436	444834	21039028	8119776	25489	0	25841	84000
1787039629	request	255	28762652	28758303	61872	21930176512	2950436	444834	21038180	8119776	25489	0	25841	88000
1787039630	request	256	28762652	28758303	61872	21930176512	2950436	444834	21037304	8119776	25489	0	25841	86000
1787039631	request	257	28762652	28758303	61872	21930176512	2950436	444834	21037796	8119780	25490	0	25842	78000
1787039633	request	259	28762652	28758303	61872	21930176512	2950436	444834	21037480	8119784	25491	0	25843	85000
1787039634	request	260	28762652	28758302	61872	21930176512	2950436	444834	21037696	8119792	25493	0	25845	83000
1787039635	request	261	28762652	28758303	61872	21930176512	2950436	444834	21038368	8119792	25493	0	25845	80000
1787039636	request	262	28762652	28758303	61872	21930176512	2950436	444834	21038216	8119792	25493	0	25845	84000
1787039638	request	264	28762652	28758303	61872	21930176512	2950436	444834	21038468	8119792	25493	0	25845	83000
1787039639	request	265	28762652	28758303	61872	21930176512	2950436	444834	21039752	8119792	25493	0	25845	84000
1787039640	request	266	28762652	28758303	61872	21930176512	2950436	444834	21039632	8119792	25493	0	25845	82000
1787039641	request	267	28762652	28758304	61872	21930176512	2950436	444834	21038052	8119792	25493	0	25845	86000
1787039643	request	269	28762652	28758303	61872	21930176512	2950436	444834	21037884	8119792	25493	0	25845	88000
1787039644	request	270	28762652	28758304	61872	21930176512	2950436	444834	21037128	8119792	25493	0	25845	90000
1787039645	request	271	28762652	28758302	61872	21930176512	2950437	444834	21029736	8119824	25501	0	25853	86000
1787039647	request	273	28762716	28758368	61872	21930176512	2950437	444834	21043904	8119836	25504	0	25856	83000
1787039648	request	274	28762716	28758368	61872	21930176512	2950437	444834	21043400	8119848	25507	0	25859	89000
1787039649	request	275	28762716	28758368	61872	21930176512	2950437	444834	21043764	8119848	25507	0	25859	90000
1787039650	request	276	28762716	28758367	61872	21930176512	2950437	444834	21044832	8119848	25507	0	25859	88000
1787039652	request	278	28762716	28758368	61872	21930176512	2950437	444834	21044376	8119848	25507	0	25859	83000
1787039653	request	279	28762716	28758367	61872	21930176512	2950437	444834	21044136	8119848	25507	0	25859	84000
1787039654	request	280	28762716	28758368	61872	21930176512	2950437	444834	21044136	8119852	25508	0	25860	89000
1787039656	request	282	28762716	28758366	61872	21930176512	2950437	444834	21044552	8119852	25508	0	25860	92000
1787039657	request	283	28762716	28758366	61872	21930176512	2950437	444834	21045288	8119856	25509	0	25861	86000
1787039658	request	284	28762716	28758368	61872	21930176512	2950437	444834	21045588	8119860	25510	0	25862	92000
1787039659	request	285	28762716	28758366	61872	21930176512	2950437	444834	21045860	8119860	25510	0	25862	83000
1787039661	request	287	28762716	28758366	61872	21930176512	2950437	444834	21045356	8119860	25510	0	25862	86000
1787039662	request	288	28762716	28758366	61872	21930176512	2950437	444834	21045500	8119860	25510	0	25862	86000
1787039663	request	289	28762716	28758365	61872	21930176512	2950437	444834	21045780	8119864	25511	0	25879	81000
1787039664	request	290	28762716	28758365	61872	21930176512	2950437	444834	21045036	8119864	25511	0	25879	90000
1787039666	request	292	28762716	28758366	61872	21930176512	2950437	444834	21042824	8119956	25534	0	25902	90000
1787039667	request	293	28762716	28758365	61872	21930176512	2950437	444834	21042668	8119956	25534	0	25902	88000
1787039668	request	294	28762716	28758366	61872	21930176512	2950437	444834	21043172	8119956	25534	0	25902	89000
1787039670	request	296	28762716	28758365	61872	21930176512	2950437	444834	21042608	8119960	25535	0	25903	85000
1787039671	request	297	28762716	28758365	61872	21930176512	2950437	444834	21041828	8120008	25547	0	25915	89000
1787039672	request	298	28762716	28758365	61872	21930176512	2950437	444834	21041416	8120008	25547	0	25915	88000
1787039673	request	299	28762716	28758365	61872	21930176512	2950437	444834	21041492	8120008	25547	0	25915	89000
1787039675	request	301	28762716	28758365	61872	21930176512	2950437	444834	21041252	8120008	25547	0	25915	84000
1787039676	request	302	28762716	28758365	61872	21930176512	2950437	444834	21041504	8120008	25547	0	25915	83000
1787039677	request	303	28762716	28758365	61872	21930176512	2950437	444834	21041788	8120008	25547	0	25915	85000
1787039679	request	305	28762716	28758367	61872	21930176512	2950437	444834	21042128	8120008	25547	0	25915	84000
1787039680	request	306	28762716	28758365	61872	21930176512	2950437	444834	21041876	8120008	25547	0	25915	83000
1787039681	request	307	28762716	28758367	61872	21930176512	2950437	444834	21041512	8120008	25547	0	25915	84000
1787039682	request	308	28762716	28758365	61872	21930176512	2950437	444834	21041720	8120008	25547	0	25915	85000
1787039684	request	310	28762716	28758367	61872	21930176512	2950437	444834	21041468	8120012	25548	0	25916	84000
1787039685	request	311	28762716	28758367	61872	21930176512	2950437	444834	21043060	8120012	25548	0	25916	83000
1787039686	request	312	28762716	28758366	61872	21930176512	2950437	444834	21046912	8120032	25553	0	25921	82000
1787039688	request	314	28762716	28758365	61872	21930176512	2950437	444834	21047064	8120032	25553	0	25921	87000
1787039689	request	315	28762716	28758365	61872	21930176512	2950437	444834	21046560	8120032	25553	0	25921	90000
1787039690	request	316	28762716	28758367	61872	21930176512	2950437	444834	21046812	8120032	25553	0	25921	90000
1787039691	request	317	28762716	28758336	61872	21930176512	2950437	444834	21042668	8120036	25554	0	25948	83000
1787039693	request	319	28762716	28758367	61872	21930176512	2950437	444834	21041512	8120048	25557	0	25951	89000
1787039694	request	320	28762716	28758367	61872	21930176512	2950437	444834	21045984	8120048	25557	0	25951	86000
1787039695	request	321	28762716	28758365	61872	21930176512	2950437	444834	21045720	8120048	25557	0	25951	88000
1787039697	request	323	28762716	28758365	61872	21930176512	2950437	444834	21045884	8120048	25557	0	25951	86000
1787039698	request	324	28762716	28758365	61872	21930176512	2950437	444834	21045764	8120048	25557	0	25951	86000
1787039699	request	325	28762716	28758366	61872	21930176512	2950437	444834	21045148	8120048	25557	0	25951	85000
1787039700	request	326	28762716	28758367	61872	21930176512	2950437	444834	21044016	8120172	25588	0	25982	85000
1787039702	request	328	28762716	28758365	61872	21930176512	2950437	444834	21043776	8120172	25588	0	25982	83000
1787039703	request	329	28762716	28758366	61872	21930176512	2950437	444834	21044364	8120172	25588	0	25982	86000
1787039704	request	330	28762716	28758367	61872	21930176512	2950437	444834	21044116	8120172	25588	0	25982	89000
1787039705	request	331	28762716	28758366	61872	21930176512	2950437	444834	21045428	8120172	25588	0	25982	84000
1787039707	request	333	28762716	28758365	61872	21930176512	2950437	444834	21045680	8120172	25588	0	25982	84000
1787039708	request	334	28762716	28758364	61872	21930176512	2950437	444834	21045572	8120172	25588	0	25982	85000
1787039709	request	335	28762716	28758365	61872	21930176512	2950437	444834	21045080	8120172	25588	0	25982	84000
1787039711	request	337	28762716	28758364	61872	21930176512	2950437	444834	21044832	8120172	25588	0	25982	86000
1787039712	request	338	28762716	28758364	61872	21930176512	2950437	444834	21037496	8120184	25591	0	25985	85000
1787039713	request	339	28762716	28758364	61872	21930176512	2950437	444834	21040556	8120192	25593	0	25987	78000
1787039714	request	340	28762716	28758366	61872	21930176512	2950437	444834	21040052	8120192	25593	0	25987	84000
1787039716	request	342	28762716	28758366	61872	21930176512	2950437	444834	21040052	8120192	25593	0	25987	84000
1787039717	request	343	28762716	28758364	61872	21930176512	2950437	444834	21039324	8120192	25593	0	25987	86000
1787039718	request	344	28762716	28758366	61872	21930176512	2950437	444834	21039328	8120192	25593	0	25987	85000
1787039720	request	346	28762716	28758366	61872	21930176512	2950437	444834	21038596	8120192	25593	0	25987	86000
1787039721	request	347	28762716	28758361	61872	21930176512	2950437	444834	21037236	8120192	25593	0	25987	85000
1787039722	request	348	28762716	28758361	61872	21930176512	2950437	444834	21035728	8120192	25593	0	25987	83000
1787039723	request	349	28762716	28758363	61872	21930176512	2950437	444834	21039060	8120216	25598	0	25992	83000
1787039725	request	351	28762716	28758364	61872	21930176512	2950437	444834	21040860	8120216	25598	0	25992	85000
1787039726	request	352	28762716	28758364	61872	21930176512	2950437	444834	21039040	8120216	25598	0	25992	82000
1787039727	request	353	28762780	28758427	61872	21930176512	2950438	444834	21039452	8120216	25598	0	25992	85000
1787039729	request	355	28762780	28758428	61872	21930176512	2950438	444834	21039200	8120216	25598	0	25992	83000
1787039730	request	356	28762780	28758427	61872	21930176512	2950438	444834	21038948	8120216	25598	0	25992	86000
1787039731	request	357	28762780	28758427	61872	21930176512	2950438	444834	21037948	8120216	25598	0	25992	84000
1787039733	request	359	28762780	28758427	61872	21930176512	2950438	444834	21037712	8120216	25598	0	25992	82000
1787039734	request	360	28762780	28758427	61872	21930176512	2950438	444834	21029604	8120280	25614	0	26013	79000
1787039735	request	361	28762780	28758427	61872	21930176512	2950438	444834	21034152	8120284	25615	0	26014	84000
1787039736	request	362	28762780	28758428	61872	21930176512	2950438	444834	21033920	8120284	25615	0	26014	84000
1787039738	request	364	28762780	28758427	61872	21930176512	2950438	444834	21034456	8120284	25615	0	26014	83000
1787039739	request	365	28762780	28758428	61872	21930176512	2950438	444834	21034232	8120284	25615	0	26014	85000
1787039740	request	366	28762780	28758427	61872	21930176512	2950438	444834	21034232	8120284	25615	0	26014	85000
1787039742	request	368	28762780	28758427	61872	21930176512	2950438	444834	21034484	8120284	25615	0	26014	86000
1787039743	request	369	28762780	28758429	61872	21930176512	2950438	444834	21033708	8120308	25621	0	26036	85000
1787039744	request	370	28762780	28758428	61872	21930176512	2950438	444834	21035236	8120308	25621	0	26036	85000
1787039745	request	371	28762780	28758427	61872	21930176512	2950438	444834	21035236	8120308	25621	0	26036	85000
1787039747	request	373	28762780	28758427	61872	21930176512	2950438	444834	21022916	8121236	25853	0	26268	80000
1787039748	request	374	28762780	28758428	61872	21930176512	2950438	444834	21026712	8121236	25853	0	26268	86000
1787039749	request	375	28762780	28758429	61872	21930176512	2950438	444834	21026644	8121236	25853	0	26268	77000
1787039750	request	376	28762780	28758428	61872	21930176512	2950438	444834	21026172	8121236	25853	0	26268	89000
1787039752	request	378	28762780	28758428	61872	21930176512	2950438	444834	21023256	8121268	25861	0	26276	83000
1787039753	request	379	28762780	28758427	61872	21930176512	2950438	444834	21023572	8121268	25861	0	26276	89000
1787039754	request	380	28762780	28758427	61872	21930176512	2950438	444834	21024420	8121268	25861	0	26276	87000
1787039756	request	382	28762780	28758427	61872	21930176512	2950438	444834	21027272	8121288	25866	0	26281	88000
1787039757	request	383	28762780	28758427	61872	21930176512	2950438	444834	21032564	8121288	25866	0	26281	88000
1787039758	request	384	28762780	28758429	61872	21930176512	2950438	444834	21031808	8121288	25866	0	26281	92000
1787039759	request	385	28762780	28758427	61872	21930176512	2950438	444834	21031416	8121288	25866	0	26281	89000
1787039761	request	387	28762780	28758427	61872	21930176512	2950438	444834	21031864	8121288	25866	0	26281	85000
1787039762	request	388	28762780	28758428	61872	21930176512	2950438	444834	21034672	8121332	25877	0	26292	86000
1787039763	request	389	28762780	28758427	61872	21930176512	2950438	444834	21034524	8121404	25895	0	26310	83000
1787039764	request	390	28762780	28758428	61872	21930176512	2950438	444834	21035112	8121404	25895	0	26310	90000
1787039766	request	392	28762780	28758427	61872	21930176512	2950438	444834	21035432	8121404	25895	0	26310	86000
1787039767	request	393	28762780	28758429	61872	21930176512	2950438	444834	21035368	8121404	25895	0	26310	89000
1787039768	request	394	28762780	28758427	61872	21930176512	2950438	444834	21037492	8121404	25895	0	26310	87000
1787039769	request	395	28762844	28758491	61872	21930176512	2950439	444834	21037240	8121404	25895	0	26310	88000
1787039771	request	397	28762844	28758491	61872	21930176512	2950439	444834	21036748	8121404	25895	0	26310	87000
1787039772	request	398	28762844	28758491	61872	21930176512	2950439	444834	21035500	8121404	25895	0	26310	83000
1787039773	request	399	28762844	28758493	61872	21930176512	2950439	444834	21034744	8121404	25895	0	26310	89000
1787039774	request	400	28762844	28758491	61872	21930176512	2950439	444834	21028360	8121432	25902	0	26317	86000
1787039776	request	402	28762844	28758492	61872	21930176512	2950439	444834	21026864	8121432	25902	0	26317	84000
1787039777	request	403	28762844	28758492	61872	21930176512	2950439	444834	21026360	8121444	25905	0	26320	85000
1787039778	request	404	28762844	28758491	61872	21930176512	2950439	444834	21027112	8121444	25905	0	26320	86000
1787039780	request	406	28762844	28758492	61872	21930176512	2950439	444834	21026180	8121444	25905	0	26320	86000
1787039781	request	407	28762844	28758491	61872	21930176512	2950439	444834	21025676	8121552	25931	0	26347	85000
1787039782	request	408	28762844	28758491	61872	21930176512	2950439	444834	21029908	8121580	25936	0	26352	88000
1787039783	request	409	28762844	28758492	61872	21930176512	2950439	444834	21029416	8121580	25936	0	26352	86000
1787039785	request	411	28762844	28758491	61872	21930176512	2950439	444834	21030284	8121580	25936	0	26352	85000
1787039786	request	412	28762844	28758492	61872	21930176512	2950439	444834	21030284	8121600	25941	0	26357	82000
1787039787	request	413	28762844	28758491	61872	21930176512	2950439	444834	21030384	8121600	25941	0	26357	81000
1787039789	request	415	28762844	28758492	61872	21930176512	2950439	444834	21031464	8121600	25941	0	26357	86000
1787039790	request	416	28762848	28758495	61868	21930180608	2950439	444835	21032252	8121608	25943	0	26359	87000
1787039791	request	417	28762848	28758496	61868	21930180608	2950439	444835	21031572	8121608	25943	0	26359	85000
1787039792	request	418	28762848	28758496	61868	21930180608	2950439	444835	21031096	8121612	25944	0	26360	89000
1787039794	request	420	28762848	28758496	61868	21930180608	2950439	444835	21030592	8121612	25944	0	26360	89000
1787039795	request	421	28762848	28758495	61868	21930180608	2950439	444835	21030272	8121612	25944	0	26360	91000
1787039796	request	422	28762848	28758495	61868	21930180608	2950439	444835	21030848	8121616	25945	0	26361	89000
1787039798	request	424	28762848	28758496	61868	21930180608	2950439	444835	21030848	8121616	25945	0	26361	82000
1787039799	request	425	28762848	28758495	61868	21930180608	2950439	444835	21020520	8121640	25951	0	26388	92000
1787039800	request	426	28762848	28758495	61868	21930180608	2950439	444835	21026260	8121640	25951	0	26388	85000
1787039801	request	427	28762848	28758496	61868	21930180608	2950439	444835	21025644	8121640	25951	0	26388	90000
1787039803	request	429	28762848	28758495	61868	21930180608	2950439	444835	21030088	8121860	26006	0	26443	83000
1787039804	request	430	28762848	28758497	61868	21930180608	2950439	444835	21030840	8121860	26006	0	26443	90000
1787039805	request	431	28762848	28758495	61868	21930180608	2950439	444835	21033124	8121860	26006	0	26443	88000
1787039807	request	433	28762848	28758495	61868	21930180608	2950439	444835	21034492	8121860	26006	0	26443	89000
1787039808	request	434	28762848	28758496	61868	21930180608	2950439	444835	21035164	8121872	26009	0	26446	86000
1787039809	request	435	28762848	28758495	61868	21930180608	2950439	444835	21035128	8121880	26011	0	26448	86000
1787039810	request	436	28762848	28758496	61868	21930180608	2950439	444835	21035096	8121892	26014	0	26451	88000
1787039812	request	438	28762848	28758495	61868	21930180608	2950439	444835	21034404	8121940	26026	0	26463	90000
1787039813	request	439	28762848	28758495	61868	21930180608	2950439	444835	21034196	8121948	26028	0	26465	84000
1787039814	request	440	28762848	28758495	61868	21930180608	2950439	444835	21033912	8121948	26028	0	26465	86000
1787039816	request	442	28762848	28758494	61868	21930180608	2950439	444835	21033496	8121952	26029	0	26466	87000
1787039817	request	443	28762848	28758494	61868	21930180608	2950439	444835	21033060	8121984	26037	0	26474	83000
1787039818	request	444	28762848	28758494	61868	21930180608	2950439	444835	21032820	8121984	26037	0	26474	90000
1787039819	request	445	28762848	28758495	61868	21930180608	2950439	444835	21032820	8121984	26037	0	26474	86000
1787039821	request	447	28762848	28758493	61868	21930180608	2950439	444835	21034320	8121984	26037	0	26474	82000
1787039822	request	448	28762848	28758495	61868	21930180608	2950439	444835	21034320	8121984	26037	0	26474	83000
1787039823	request	449	28762848	28758494	61868	21930180608	2950439	444835	21036616	8121984	26037	0	26474	85000
1787039825	request	451	28762848	28758493	61868	21930180608	2950439	444835	21035956	8121984	26037	0	26474	84000
1787039826	request	452	28762848	28758493	61868	21930180608	2950439	444835	21035464	8121984	26037	0	26474	83000
1787039827	request	453	28762848	28758493	61868	21930180608	2950439	444835	21034988	8121984	26037	0	26474	83000
1787039829	request	455	28762848	28758494	61868	21930180608	2950439	444835	21035664	8121984	26037	0	26474	86000
1787039830	request	456	28762848	28758494	61868	21930180608	2950439	444835	21035636	8122004	26042	0	26479	85000
1787039831	request	457	28762848	28758495	61868	21930180608	2950439	444835	21034628	8122004	26042	0	26479	81000
1787039832	request	458	28762848	28758495	61868	21930180608	2950439	444835	21035104	8122004	26042	0	26479	85000
1787039834	request	460	28762848	28758494	61868	21930180608	2950439	444835	21034688	8122004	26042	0	26479	86000
1787039835	request	461	28762848	28758494	61868	21930180608	2950439	444835	21034688	8122004	26042	0	26479	87000
1787039836	request	462	28762848	28758494	61868	21930180608	2950439	444835	21033896	8122004	26042	0	26479	90000
1787039838	request	464	28762848	28758495	61868	21930180608	2950439	444835	21033784	8122004	26042	0	26479	83000
1787039839	request	465	28762848	28758494	61868	21930180608	2950439	444835	21033440	8122004	26042	0	26479	86000
1787039840	request	466	28762848	28758495	61868	21930180608	2950439	444835	21033728	8122004	26042	0	26479	87000
1787039842	request	468	28762848	28758494	61868	21930180608	2950439	444835	21033728	8122004	26042	0	26479	90000
1787039843	request	469	28762848	28758495	61868	21930180608	2950439	444835	21034520	8122004	26042	0	26479	89000
1787039844	request	470	28762848	28758494	61868	21930180608	2950439	444835	21034268	8122004	26042	0	26479	89000
1787039845	request	471	28762848	28758494	61868	21930180608	2950439	444835	21034268	8122004	26042	0	26479	92000
1787039847	request	473	28762848	28758494	61868	21930180608	2950439	444835	21034384	8122004	26042	0	26479	85000
1787039848	request	474	28762848	28758495	61868	21930180608	2950439	444835	21034384	8122004	26042	0	26479	90000
1787039849	request	475	28762848	28758494	61868	21930180608	2950439	444835	21034384	8122004	26042	0	26479	81000
1787039851	request	477	28762848	28758494	61868	21930180608	2950439	444835	21034912	8122004	26042	0	26479	83000
1787039852	request	478	28762848	28758495	61868	21930180608	2950439	444835	21035008	8122004	26042	0	26479	89000
1787039853	request	479	28762848	28758494	61868	21930180608	2950439	444835	21035008	8122004	26042	0	26479	88000
1787039855	request	481	28762852	28758498	61864	21930184704	2950439	444836	21034768	8122008	26043	0	26480	92000
1787039856	request	482	28762852	28758499	61864	21930184704	2950439	444836	21033872	8122008	26043	0	26480	86000
1787039857	request	483	28762852	28758498	61864	21930184704	2950439	444836	21033732	8122008	26043	0	26480	85000
1787039858	request	484	28762852	28758499	61864	21930184704	2950439	444836	21033748	8122008	26043	0	26480	86000
1787039860	request	486	28762852	28758498	61864	21930184704	2950439	444836	21033748	8122008	26043	0	26480	86000
1787039861	request	487	28762852	28758499	61864	21930184704	2950439	444836	21035536	8122008	26043	0	26480	85000
1787039862	request	488	28762852	28758498	61864	21930184704	2950439	444836	21036560	8122008	26043	0	26480	86000
1787039864	request	490	28762852	28758498	61864	21930184704	2950439	444836	21036308	8122008	26043	0	26480	85000
1787039865	request	491	28762852	28758497	61864	21930184704	2950439	444836	21035288	8122088	26059	0	26496	88000
1787039866	request	492	28762852	28758497	61864	21930184704	2950439	444836	21035300	8122104	26059	0	26496	85000
1787039867	request	493	28762852	28758498	61864	21930184704	2950439	444836	21035048	8122104	26059	0	26496	90000
1787039869	request	495	28762852	28758498	61864	21930184704	2950439	444836	21035300	8122104	26059	0	26496	83000
1787039870	request	496	28762852	28758497	61864	21930184704	2950439	444836	21035552	8122104	26059	0	26496	89000
1787039871	request	497	28762852	28758498	61864	21930184704	2950439	444836	21036452	8122104	26059	0	26496	89000
1787039873	request	499	28762852	28758498	61864	21930184704	2950439	444836	21037100	8122104	26059	0	26496	81000
1787039874	request	500	28762852	28758499	61864	21930184704	2950439	444836	21036176	8122104	26059	0	26496	90000
1787039875	request	501	28762852	28758497	61864	21930184704	2950439	444836	21035924	8122104	26059	0	26496	85000
1787039876	request	502	28762852	28758497	61864	21930184704	2950439	444836	21035924	8122104	26059	0	26496	86000
1787039878	request	504	28762852	28758498	61864	21930184704	2950439	444836	21035924	8122104	26059	0	26496	85000
1787039879	request	505	28762852	28758498	61864	21930184704	2950439	444836	21035420	8122104	26059	0	26496	83000
1787039880	request	506	28762852	28758499	61864	21930184704	2950439	444836	21035752	8122104	26059	0	26496	84000
1787039882	request	508	28762852	28758499	61864	21930184704	2950439	444836	21035752	8122104	26059	0	26496	86000
1787039883	request	509	28762852	28758498	61864	21930184704	2950439	444836	21037112	8122104	26059	0	26496	90000
1787039884	request	510	28762852	28758497	61864	21930184704	2950439	444836	21037596	8122104	26059	0	26496	90000
1787039886	request	512	28762852	28758498	61864	21930184704	2950439	444836	21037608	8122104	26059	0	26496	82000
1787039887	request	513	28762852	28758497	61864	21930184704	2950439	444836	21037608	8122104	26059	0	26496	86000
1787039888	request	514	28762852	28758498	61864	21930184704	2950439	444836	21036780	8122104	26059	0	26496	89000
1787039889	request	515	28762852	28758498	61864	21930184704	2950439	444836	21036828	8122104	26059	0	26496	89000
1787039891	request	517	28762852	28758498	61864	21930184704	2950439	444836	21038064	8122104	26059	0	26496	80000
1787039892	request	518	28762852	28758498	61864	21930184704	2950439	444836	21037560	8122104	26059	0	26496	87000
1787039893	request	519	28762852	28758498	61864	21930184704	2950439	444836	21038124	8122104	26059	0	26496	84000
1787039895	request	521	28762852	28758500	61864	21930184704	2950439	444836	21037876	8122104	26059	0	26496	86000
1787039896	request	522	28762852	28758498	61864	21930184704	2950439	444836	21037636	8122104	26059	0	26496	81000
1787039897	request	523	28762852	28758499	61864	21930184704	2950439	444836	21039248	8122104	26059	0	26496	87000
1787039898	request	524	28762852	28758498	61864	21930184704	2950439	444836	21039536	8122104	26059	0	26496	85000
1787039900	request	526	28762852	28758498	61864	21930184704	2950439	444836	21039536	8122104	26059	0	26496	89000
1787039901	request	527	28762852	28758498	61864	21930184704	2950439	444836	21039296	8122104	26059	0	26496	85000
1787039902	request	528	28762852	28758498	61864	21930184704	2950439	444836	21039296	8122104	26059	0	26496	90000
1787039904	request	530	28762852	28758498	61864	21930184704	2950439	444836	21040200	8122104	26059	0	26496	87000
1787039905	request	531	28762852	28758500	61864	21930184704	2950439	444836	21040200	8122104	26059	0	26496	88000
1787039906	request	532	28762852	28758497	61864	21930184704	2950439	444836	21040504	8122104	26059	0	26496	84000
1787039907	request	533	28762852	28758498	61864	21930184704	2950439	444836	21041628	8122104	26059	0	26496	84000
1787039909	request	535	28762852	28758497	61864	21930184704	2950439	444836	21041436	8122104	26059	0	26496	86000
1787039910	request	536	28762852	28758498	61864	21930184704	2950439	444836	21041604	8122104	26059	0	26496	89000
1787039911	request	537	28762852	28758499	61864	21930184704	2950439	444836	21041364	8122104	26059	0	26496	86000
1787039912	request	538	28762852	28758498	61864	21930184704	2950439	444836	21041648	8122104	26059	0	26496	84000
1787039914	request	540	28762852	28758498	61864	21930184704	2950439	444836	21041764	8122104	26059	0	26496	90000
1787039915	request	541	28762852	28758498	61864	21930184704	2950439	444836	21041412	8122104	26059	0	26496	86000
1787039916	request	542	28762852	28758499	61864	21930184704	2950439	444836	21041160	8122104	26059	0	26496	83000
1787039918	request	544	28762852	28758497	61864	21930184704	2950439	444836	21040908	8122104	26059	0	26496	86000
1787039919	request	545	28762852	28758497	61864	21930184704	2950439	444836	21040908	8122104	26059	0	26496	86000
1787039920	request	546	28762852	28758497	61864	21930184704	2950439	444836	21040412	8122104	26059	0	26496	87000
1787039922	request	548	28762852	28758498	61864	21930184704	2950439	444836	21039420	8122104	26059	0	26496	89000
1787039923	request	549	28762852	28758498	61864	21930184704	2950439	444836	21039420	8122104	26059	0	26496	86000
1787039924	request	550	28762852	28758499	61864	21930184704	2950439	444836	21040520	8122104	26059	0	26496	87000
1787039925	request	551	28762852	28758498	61864	21930184704	2950439	444836	21040028	8122104	26059	0	26496	84000
1787039927	request	553	28762852	28758499	61864	21930184704	2950439	444836	21040848	8122104	26059	0	26496	84000
1787039928	request	554	28762852	28758499	61864	21930184704	2950439	444836	21040104	8122104	26059	0	26496	86000
1787039929	request	555	28762852	28758498	61864	21930184704	2950439	444836	21041428	8122104	26059	0	26496	88000
1787039931	request	557	28762852	28758498	61864	21930184704	2950439	444836	21042484	8122104	26059	0	26496	88000
1787039932	request	558	28762852	28758499	61864	21930184704	2950439	444836	21041364	8122104	26059	0	26496	90000
1787039933	request	559	28762852	28758499	61864	21930184704	2950439	444836	21040948	8122104	26059	0	26496	85000
1787039934	request	560	28762852	28758497	61864	21930184704	2950439	444836	21040992	8122104	26059	0	26496	87000
1787039936	request	562	28762852	28758498	61864	21930184704	2950439	444836	21041992	8122104	26059	0	26496	83000
1787039937	request	563	28762852	28758498	61864	21930184704	2950439	444836	21041752	8122104	26059	0	26496	83000
1787039938	request	564	28762852	28758499	61864	21930184704	2950439	444836	21043540	8122104	26059	0	26496	90000
1787039939	request	565	28762852	28758499	61864	21930184704	2950439	444836	21043276	8122104	26059	0	26496	86000
1787039941	request	567	28762980	28758626	61864	21930184704	2950441	444836	21043276	8122104	26059	0	26496	83000
1787039942	request	568	28762980	28758626	61864	21930184704	2950441	444836	21043912	8122104	26059	0	26496	86000
1787039943	request	569	28762980	28758627	61864	21930184704	2950441	444836	21045376	8122104	26059	0	26496	84000
1787039945	request	571	28762980	28758626	61864	21930184704	2950441	444836	21045232	8122104	26059	0	26496	84000
1787039946	request	572	28762980	28758626	61864	21930184704	2950441	444836	21045096	8122104	26059	0	26496	88000
1787039947	request	573	28762980	28758627	61864	21930184704	2950441	444836	21045096	8122104	26059	0	26496	85000
1787039949	request	575	28762980	28758625	61864	21930184704	2950441	444836	21044856	8122104	26059	0	26496	81000
1787039950	request	576	28762980	28758626	61864	21930184704	2950441	444836	21044856	8122104	26059	0	26496	84000
1787039951	request	577	28762980	28758626	61864	21930184704	2950441	444836	21044856	8122104	26059	0	26496	89000
1787039953	request	579	28762980	28758626	61864	21930184704	2950441	444836	21044380	8122104	26059	0	26496	89000
1787039954	request	580	28762980	28758626	61864	21930184704	2950441	444836	21044140	8122104	26059	0	26496	85000
1787039955	request	581	28762980	28758627	61864	21930184704	2950441	444836	21044212	8122104	26059	0	26496	86000
1787039956	request	582	28762980	28758626	61864	21930184704	2950441	444836	21043820	8122104	26059	0	26496	90000
1787039958	request	584	28762980	28758627	61864	21930184704	2950441	444836	21043644	8122104	26059	0	26496	84000
1787039959	request	585	28762980	28758627	61864	21930184704	2950441	444836	21043644	8122104	26059	0	26496	87000
1787039960	request	586	28762980	28758626	61864	21930184704	2950441	444836	21043404	8122104	26059	0	26496	87000
1787039962	request	588	28762980	28758627	61864	21930184704	2950441	444836	21042648	8122104	26059	0	26496	86000
1787039963	request	589	28762980	28758625	61864	21930184704	2950441	444836	21041668	8122104	26059	0	26496	92000
1787039964	request	590	28762980	28758626	61864	21930184704	2950441	444836	21042128	8122104	26059	0	26496	84000
1787039965	request	591	28762980	28758626	61864	21930184704	2950441	444836	21042484	8122104	26059	0	26496	85000
1787039967	request	593	28762980	28758626	61864	21930184704	2950441	444836	21042484	8122104	26059	0	26496	82000
1787039968	request	594	28762980	28758627	61864	21930184704	2950441	444836	21042484	8122104	26059	0	26496	86000
1787039969	request	595	28762980	28758627	61864	21930184704	2950441	444836	21042484	8122104	26059	0	26496	85000
1787039971	request	597	28762980	28758627	61864	21930184704	2950441	444836	21042484	8122104	26059	0	26496	88000
1787039972	request	598	28762980	28758626	61864	21930184704	2950441	444836	21042484	8122104	26059	0	26496	83000
1787039973	request	599	28762980	28758626	61864	21930184704	2950441	444836	21042640	8122104	26059	0	26496	88000
1787039975	request	601	28762980	28758626	61864	21930184704	2950441	444836	21042388	8122104	26059	0	26496	88000
1787039976	request	602	28762980	28758627	61864	21930184704	2950441	444836	21042536	8122104	26059	0	26496	82000
1787039977	request	603	28762980	28758627	61864	21930184704	2950441	444836	21043304	8122104	26059	0	26496	86000
1787039978	request	604	28762980	28758626	61864	21930184704	2950441	444836	21042812	8122104	26059	0	26496	90000
1787039980	request	606	28762980	28758626	61864	21930184704	2950441	444836	21042292	8122104	26059	0	26496	83000
1787039981	request	607	28762980	28758626	61864	21930184704	2950441	444836	21042424	8122104	26059	0	26496	84000
1787039982	request	608	28762980	28758626	61864	21930184704	2950441	444836	21040812	8122104	26059	0	26496	88000
1787039984	request	610	28762980	28758626	61864	21930184704	2950443	444836	21040420	8122104	26059	0	26496	87000
1787039985	request	611	28763108	28758754	61864	21930184704	2950443	444836	21040784	8122104	26059	0	26496	83000
1787039986	request	612	28763108	28758755	61864	21930184704	2950443	444836	21040532	8122104	26059	0	26496	89000
1787039988	request	614	28763108	28758754	61864	21930184704	2950443	444836	21041264	8122104	26059	0	26496	85000
1787039989	request	615	28763108	28758754	61864	21930184704	2950443	444836	21041520	8122104	26059	0	26496	83000
1787039990	request	616	28763108	28758754	61864	21930184704	2950443	444836	21041520	8122104	26059	0	26496	86000
1787039991	request	617	28763108	28758755	61864	21930184704	2950443	444836	21041868	8122104	26059	0	26496	85000
1787039993	request	619	28763108	28758755	61864	21930184704	2950443	444836	21041868	8122104	26059	0	26496	86000
1787039994	request	620	28763108	28758754	61864	21930184704	2950443	444836	21042224	8122104	26059	0	26496	85000
1787039995	request	621	28763108	28758753	61864	21930184704	2950443	444836	21041732	8122104	26059	0	26496	88000
1787039997	request	623	28763108	28758753	61864	21930184704	2950443	444836	21041744	8122104	26059	0	26496	89000
1787039998	request	624	28763108	28758753	61864	21930184704	2950443	444836	21041744	8122104	26059	0	26496	88000
1787039999	request	625	28763108	28758755	61864	21930184704	2950443	444836	21044168	8122104	26059	0	26496	86000
1787040001	request	627	28763108	28758753	61864	21930184704	2950443	444836	21043804	8122104	26059	0	26496	87000
1787040002	request	628	28763108	28758753	61864	21930184704	2950443	444836	21043412	8122104	26059	0	26496	86000
1787040003	request	629	28763108	28758754	61864	21930184704	2950443	444836	21043160	8122104	26059	0	26496	92000
1787040004	request	630	28763108	28758753	61864	21930184704	2950443	444836	21042416	8122104	26059	0	26496	89000
1787040006	request	632	28763108	28758755	61864	21930184704	2950443	444836	21042152	8122104	26059	0	26496	88000
1787040007	request	633	28763108	28758754	61864	21930184704	2950443	444836	21044564	8122104	26059	0	26496	86000
1787040008	request	634	28763108	28758754	61864	21930184704	2950443	444836	21044324	8122104	26059	0	26496	89000
1787040010	request	636	28763108	28758754	61864	21930184704	2950443	444836	21044824	8122104	26059	0	26496	85000
1787040011	request	637	28763108	28758755	61864	21930184704	2950443	444836	21044572	8122104	26059	0	26496	86000
1787040012	request	638	28763108	28758754	61864	21930184704	2950443	444836	21045664	8122104	26059	0	26496	90000
1787040014	request	640	28763108	28758754	61864	21930184704	2950443	444836	21044920	8122104	26059	0	26496	86000
1787040015	request	641	28763108	28758754	61864	21930184704	2950443	444836	21044064	8122104	26059	0	26496	84000
1787040016	request	642	28763108	28758754	61864	21930184704	2950443	444836	21043420	8122104	26059	0	26496	89000
1787040017	request	643	28763108	28758754	61864	21930184704	2950443	444836	21041992	8122104	26059	0	26496	83000
1787040019	request	645	28763108	28758754	61864	21930184704	2950443	444836	21041740	8122104	26059	0	26496	90000
1787040020	request	646	28763108	28758754	61864	21930184704	2950443	444836	21041488	8122104	26059	0	26496	86000
1787040021	request	647	28763108	28758754	61864	21930184704	2950443	444836	21040364	8122104	26059	0	26496	86000
1787040023	request	649	28763108	28758754	61864	21930184704	2950443	444836	21040896	8122104	26059	0	26496	85000
1787040024	request	650	28763108	28758754	61864	21930184704	2950443	444836	21039900	8122104	26059	0	26496	86000
1787040025	request	651	28763108	28758754	61864	21930184704	2950443	444836	21039900	8122104	26059	0	26496	78000
1787040026	request	652	28763108	28758754	61864	21930184704	2950443	444836	21039424	8122104	26059	0	26496	90000
1787040028	request	654	28763108	28758754	61864	21930184704	2950443	444836	21039184	8122104	26059	0	26496	84000
1787040029	request	655	28763112	28758758	61860	21930188800	2950443	444837	21039308	8122108	26060	0	26497	83000
1787040030	request	656	28763112	28758758	61860	21930188800	2950443	444837	21040112	8122108	26060	0	26497	85000
1787040032	request	658	28763112	28758758	61860	21930188800	2950443	444837	21039608	8122108	26060	0	26497	85000
1787040033	request	659	28763112	28758758	61860	21930188800	2950443	444837	21040512	8122108	26060	0	26497	85000
1787040034	request	660	28763112	28758759	61860	21930188800	2950443	444837	21040260	8122108	26060	0	26497	88000
1787040035	request	661	28763112	28758758	61860	21930188800	2950443	444837	21040512	8122108	26060	0	26497	86000
1787040037	request	663	28763112	28758758	61860	21930188800	2950443	444837	21040516	8122108	26060	0	26497	85000
1787040038	request	664	28763112	28758758	61860	21930188800	2950443	444837	21041188	8122108	26060	0	26497	88000
1787040039	request	665	28763112	28758758	61860	21930188800	2950443	444837	21041032	8122124	26064	0	26501	89000
1787040041	request	667	28763112	28758758	61860	21930188800	2950443	444837	21040280	8122124	26064	0	26501	89000
1787040042	request	668	28763112	28758758	61860	21930188800	2950443	444837	21040292	8122124	26064	0	26501	86000
1787040043	request	669	28763112	28758757	61860	21930188800	2950443	444837	21040052	8122124	26064	0	26501	89000
1787040045	request	671	28763112	28758758	61860	21930188800	2950443	444837	21039952	8122124	26064	0	26501	84000
1787040046	request	672	28763112	28758759	61860	21930188800	2950443	444837	21040096	8122124	26064	0	26501	86000
1787040047	request	673	28763112	28758758	61860	21930188800	2950443	444837	21040096	8122124	26064	0	26501	86000
1787040048	request	674	28763112	28758759	61860	21930188800	2950443	444837	21039844	8122124	26064	0	26501	88000
1787040050	request	676	28763112	28758758	61860	21930188800	2950443	444837	21039248	8122124	26064	0	26501	83000
1787040051	request	677	28763112	28758758	61860	21930188800	2950443	444837	21039248	8122124	26064	0	26501	86000
1787040052	request	678	28763112	28758759	61860	21930188800	2950443	444837	21039248	8122124	26064	0	26501	90000
1787040054	request	680	28763112	28758758	61860	21930188800	2950443	444837	21039248	8122124	26064	0	26501	85000
1787040055	request	681	28763112	28758758	61860	21930188800	2950443	444837	21038996	8122124	26064	0	26501	82000
1787040056	request	682	28763112	28758759	61860	21930188800	2950443	444837	21038996	8122124	26064	0	26501	90000
1787040058	request	684	28763112	28758757	61860	21930188800	2950443	444837	21040380	8122124	26064	0	26501	88000
1787040059	request	685	28763112	28758757	61860	21930188800	2950443	444837	21040388	8122124	26064	0	26501	88000
1787040060	request	686	28763112	28758757	61860	21930188800	2950443	444837	21040388	8122124	26064	0	26501	86000
1787040061	request	687	28763112	28758757	61860	21930188800	2950443	444837	21039884	8122124	26064	0	26501	85000
1787040063	request	689	28763112	28758757	61860	21930188800	2950443	444837	21039140	8122124	26064	0	26501	85000
1787040064	request	690	28763112	28758759	61860	21930188800	2950443	444837	21039140	8122124	26064	0	26501	86000
1787040065	request	691	28763112	28758757	61860	21930188800	2950443	444837	21040420	8122124	26064	0	26501	83000
1787040067	request	693	28763112	28758757	61860	21930188800	2950443	444837	21040420	8122124	26064	0	26501	88000
1787040068	request	694	28763112	28758757	61860	21930188800	2950443	444837	21040420	8122124	26064	0	26501	86000
1787040069	request	695	28763112	28758757	61860	21930188800	2950443	444837	21040056	8122124	26064	0	26501	86000
1787040070	request	696	28763112	28758757	61860	21930188800	2950443	444837	21039280	8122124	26064	0	26501	86000
1787040072	request	698	28763112	28758757	61860	21930188800	2950443	444837	21037628	8122124	26064	0	26501	90000
1787040073	request	699	28763112	28758757	61860	21930188800	2950443	444837	21037012	8122124	26064	0	26501	88000
1787040074	request	700	28763112	28758757	61860	21930188800	2950443	444837	21036872	8122124	26064	0	26501	83000
1787040076	request	702	28763112	28758757	61860	21930188800	2950443	444837	21036620	8122124	26064	0	26501	85000
1787040077	request	703	28763112	28758757	61860	21930188800	2950443	444837	21036620	8122124	26064	0	26501	87000
1787040078	request	704	28763112	28758757	61860	21930188800	2950443	444837	21036620	8122124	26064	0	26501	84000
1787040079	request	705	28763112	28758757	61860	21930188800	2950443	444837	21035388	8122124	26064	0	26501	89000
1787040081	request	707	28763112	28758758	61860	21930188800	2950443	444837	21035372	8122124	26064	0	26501	86000
1787040082	request	708	28763112	28758757	61860	21930188800	2950443	444837	21034856	8122124	26064	0	26501	84000
1787040083	request	709	28763112	28758757	61860	21930188800	2950443	444837	21034880	8122124	26064	0	26501	88000
1787040085	request	711	28763112	28758757	61860	21930188800	2950443	444837	21034632	8122124	26064	0	26501	86000
1787040086	request	712	28763112	28758757	61860	21930188800	2950443	444837	21034392	8122124	26064	0	26501	89000
1787040087	request	713	28763112	28758757	61860	21930188800	2950443	444837	21034756	8122124	26064	0	26501	83000
1787040088	request	714	28763112	28758757	61860	21930188800	2950443	444837	21034936	8122124	26064	0	26501	88000
1787040090	request	716	28763112	28758758	61860	21930188800	2950443	444837	21035828	8122124	26064	0	26501	85000
1787040091	request	717	28763112	28758758	61860	21930188800	2950443	444837	21035828	8122124	26064	0	26501	88000
1787040092	request	718	28763112	28758757	61860	21930188800	2950443	444837	21035576	8122124	26064	0	26501	89000
1787040094	request	720	28763112	28758757	61860	21930188800	2950443	444837	21035100	8122124	26064	0	26501	86000
1787040095	request	721	28763112	28758757	61860	21930188800	2950443	444837	21034960	8122124	26064	0	26501	85000
1787040096	request	722	28763112	28758758	61860	21930188800	2950443	444837	21034960	8122124	26064	0	26501	87000
1787040097	request	723	28763112	28758757	61860	21930188800	2950443	444837	21036276	8122124	26064	0	26501	86000
1787040099	request	725	28763112	28758757	61860	21930188800	2950443	444837	21036036	8122124	26064	0	26501	86000
1787040100	request	726	28763112	28758757	61860	21930188800	2950443	444837	21036304	8122124	26064	0	26501	83000
1787040101	request	727	28763112	28758757	61860	21930188800	2950443	444837	21036084	8122124	26064	0	26501	85000
1787040103	request	729	28763112	28758757	61860	21930188800	2950443	444837	21036476	8122124	26064	0	26501	90000
1787040104	request	730	28763112	28758757	61860	21930188800	2950443	444837	21036728	8122124	26064	0	26501	85000
1787040105	request	731	28763112	28758758	61860	21930188800	2950443	444837	21037020	8122124	26064	0	26501	89000
1787040107	request	733	28763112	28758757	61860	21930188800	2950443	444837	21036780	8122124	26064	0	26501	89000
1787040108	request	734	28763112	28758757	61860	21930188800	2950443	444837	21036780	8122124	26064	0	26501	86000
1787040109	request	735	28763112	28758757	61860	21930188800	2950443	444837	21036528	8122124	26064	0	26501	83000
1787040110	request	736	28763112	28758757	61860	21930188800	2950443	444837	21036696	8122124	26064	0	26501	84000
1787040112	request	738	28763112	28758758	61860	21930188800	2950443	444837	21036696	8122124	26064	0	26501	83000
1787040113	request	739	28763112	28758758	61860	21930188800	2950443	444837	21036204	8122124	26064	0	26501	86000
1787040114	request	740	28763112	28758757	61860	21930188800	2950443	444837	21035860	8122124	26064	0	26501	90000
1787040116	request	742	28763112	28758758	61860	21930188800	2950443	444837	21037300	8122132	26066	0	26503	85000
1787040117	request	743	28763112	28758757	61860	21930188800	2950443	444837	21037300	8122132	26066	0	26503	88000
1787040118	request	744	28763112	28758757	61860	21930188800	2950443	444837	21037300	8122160	26073	0	26510	85000
1787040119	request	745	28763112	28758759	61860	21930188800	2950443	444837	21037300	8122160	26073	0	26510	82000
1787040121	request	747	28763112	28758759	61860	21930188800	2950443	444837	21037908	8122160	26073	0	26510	85000
1787040122	request	748	28763112	28758757	61860	21930188800	2950443	444837	21037428	8122160	26073	0	26510	87000
1787040123	request	749	28763112	28758758	61860	21930188800	2950443	444837	21037176	8122160	26073	0	26510	92000
1787040125	request	751	28763112	28758757	61860	21930188800	2950443	444837	21037428	8122160	26073	0	26510	84000
1787040126	request	752	28763112	28758757	61860	21930188800	2950443	444837	21036924	8122160	26073	0	26510	86000
1787040127	request	753	28763112	28758757	61860	21930188800	2950443	444837	21036924	8122160	26073	0	26510	86000
1787040128	request	754	28763112	28758758	61860	21930188800	2950443	444837	21036796	8122160	26073	0	26510	88000
1787040130	request	756	28763112	28758757	61860	21930188800	2950443	444837	21036912	8122160	26073	0	26510	85000
1787040131	request	757	28763112	28758757	61860	21930188800	2950443	444837	21037184	8122160	26073	0	26510	84000
1787040132	request	758	28763112	28758757	61860	21930188800	2950443	444837	21036472	8122160	26073	0	26510	88000
1787040134	request	760	28763112	28758757	61860	21930188800	2950443	444837	21037088	8122160	26073	0	26510	86000
1787040135	request	761	28763112	28758757	61860	21930188800	2950443	444837	21037088	8122160	26073	0	26510	89000
1787040136	request	762	28763112	28758757	61860	21930188800	2950443	444837	21037088	8122160	26073	0	26510	83000
1787040137	request	763	28763112	28758757	61860	21930188800	2950443	444837	21038156	8122160	26073	0	26510	86000
1787040139	request	765	28763112	28758757	61860	21930188800	2950443	444837	21037904	8122160	26073	0	26510	85000
1787040140	request	766	28763112	28758757	61860	21930188800	2950443	444837	21037976	8122160	26073	0	26510	87000
1787040141	request	767	28763112	28758758	61860	21930188800	2950443	444837	21037976	8122160	26073	0	26510	86000
1787040143	request	769	28763112	28758757	61860	21930188800	2950443	444837	21039088	8122160	26073	0	26510	86000
1787040144	request	770	28763112	28758757	61860	21930188800	2950443	444837	21038836	8122160	26073	0	26510	86000
1787040145	request	771	28763112	28758758	61860	21930188800	2950443	444837	21038836	8122160	26073	0	26510	88000
1787040146	request	772	28763112	28758757	61860	21930188800	2950443	444837	21038596	8122160	26073	0	26510	89000
1787040148	request	774	28763112	28758758	61860	21930188800	2950443	444837	21038596	8122160	26073	0	26510	84000
1787040149	request	775	28763112	28758757	61860	21930188800	2950443	444837	21038596	8122160	26073	0	26510	88000
1787040150	request	776	28763112	28758757	61860	21930188800	2950443	444837	21038596	8122160	26073	0	26510	85000
1787040152	request	778	28763112	28758757	61860	21930188800	2950443	444837	21038104	8122160	26073	0	26510	90000
1787040153	request	779	28763112	28758757	61860	21930188800	2950443	444837	21037852	8122160	26073	0	26510	85000
1787040154	request	780	28763112	28758757	61860	21930188800	2950443	444837	21037600	8122160	26073	0	26510	90000
1787040156	request	782	28763112	28758758	61860	21930188800	2950443	444837	21037600	8122160	26073	0	26510	90000
1787040157	request	783	28763112	28758757	61860	21930188800	2950443	444837	21037600	8122160	26073	0	26510	85000
1787040158	request	784	28763112	28758757	61860	21930188800	2950443	444837	21037680	8122160	26073	0	26510	86000
1787040159	request	785	28763112	28758757	61860	21930188800	2950443	444837	21037696	8122160	26073	0	26510	89000
1787040161	request	787	28763112	28758759	61860	21930188800	2950443	444837	21037468	8122160	26073	0	26510	88000
1787040162	request	788	28763112	28758758	61860	21930188800	2950443	444837	21036964	8122160	26073	0	26510	88000
1787040163	request	789	28763112	28758757	61860	21930188800	2950443	444837	21037328	8122160	26073	0	26510	85000
1787040165	request	791	28763112	28758757	61860	21930188800	2950443	444837	21037412	8122160	26073	0	26510	84000
1787040166	request	792	28763112	28758758	61860	21930188800	2950443	444837	21037412	8122160	26073	0	26510	89000
1787040167	request	793	28763112	28758759	61860	21930188800	2950443	444837	21037412	8122160	26073	0	26510	84000
1787040169	request	795	28763112	28758758	61860	21930188800	2950443	444837	21037412	8122160	26073	0	26510	83000
1787040170	request	796	28763112	28758757	61860	21930188800	2950443	444837	21037412	8122160	26073	0	26510	90000
1787040171	request	797	28763112	28758755	61860	21930188800	2950443	444837	21037524	8122160	26073	0	26510	88000
1787040173	request	799	28763112	28758758	61860	21930188800	2950443	444837	21037548	8122160	26073	0	26510	88000
1787040174	request	800	28763112	28758757	61860	21930188800	2950443	444837	21037548	8122160	26073	0	26510	88000
1787040175	request	801	28763112	28758758	61860	21930188800	2950443	444837	21037296	8122160	26073	0	26510	86000
1787040176	request	802	28763112	28758759	61860	21930188800	2950443	444837	21037296	8122160	26073	0	26510	84000
1787040178	request	804	28763112	28758757	61860	21930188800	2950443	444837	21037332	8122160	26073	0	26510	82000
1787040179	request	805	28763112	28758758	61860	21930188800	2950443	444837	21037144	8122160	26073	0	26510	84000
1787040180	request	806	28763112	28758758	61860	21930188800	2950443	444837	21037284	8122160	26073	0	26510	89000
1787040182	request	808	28763112	28758757	61860	21930188800	2950443	444837	21038356	8122160	26073	0	26510	83000
1787040183	request	809	28763112	28758757	61860	21930188800	2950443	444837	21038116	8122160	26073	0	26510	87000
1787040184	request	810	28763112	28758758	61860	21930188800	2950443	444837	21038116	8122160	26073	0	26510	86000
1787040185	request	811	28763112	28758757	61860	21930188800	2950443	444837	21038392	8122160	26073	0	26510	84000
1787040187	request	813	28763112	28758757	61860	21930188800	2950443	444837	21038404	8122160	26073	0	26510	84000
1787040188	request	814	28763112	28758758	61860	21930188800	2950443	444837	21038404	8122160	26073	0	26510	84000
1787040189	request	815	28763112	28758757	61860	21930188800	2950443	444837	21038164	8122160	26073	0	26510	88000
1787040191	request	817	28763112	28758757	61860	21930188800	2950443	444837	21038164	8122160	26073	0	26510	87000
1787040192	request	818	28763112	28758759	61860	21930188800	2950443	444837	21038164	8122160	26073	0	26510	83000
1787040193	request	819	28763112	28758757	61860	21930188800	2950443	444837	21037408	8122160	26073	0	26510	88000
1787040195	request	821	28763112	28758757	61860	21930188800	2950443	444837	21037056	8122160	26073	0	26510	87000
1787040196	request	822	28763112	28758757	61860	21930188800	2950443	444837	21036692	8122160	26073	0	26510	86000
1787040197	request	823	28763112	28758757	61860	21930188800	2950443	444837	21037060	8122160	26073	0	26510	85000
1787040198	request	824	28763112	28758757	61860	21930188800	2950443	444837	21037688	8122160	26073	0	26510	90000
1787040200	request	826	28763112	28758758	61860	21930188800	2950443	444837	21039108	8122160	26073	0	26510	84000
1787040201	request	827	28763112	28758759	61860	21930188800	2950443	444837	21039108	8122160	26073	0	26510	88000
1787040202	request	828	28763112	28758757	61860	21930188800	2950443	444837	21038856	8122160	26073	0	26510	87000
1787040204	request	830	28763112	28758758	61860	21930188800	2950443	444837	21038364	8122160	26073	0	26510	88000
1787040205	request	831	28763112	28758757	61860	21930188800	2950443	444837	21038364	8122160	26073	0	26510	85000
1787040206	request	832	28763112	28758758	61860	21930188800	2950443	444837	21038364	8122160	26073	0	26510	86000
1787040207	request	833	28763112	28758757	61860	21930188800	2950443	444837	21037004	8122160	26073	0	26510	85000
1787040209	request	835	28763112	28758757	61860	21930188800	2950443	444837	21037632	8122160	26073	0	26510	84000
1787040210	request	836	28763112	28758757	61860	21930188800	2950443	444837	21036996	8122160	26073	0	26510	89000
1787040211	request	837	28763112	28758757	61860	21930188800	2950443	444837	21037124	8122160	26073	0	26510	87000
1787040213	request	839	28763244	28758889	61792	21930258432	2950444	444854	21036888	8122228	26090	0	26527	86000
1787040214	request	840	28763244	28758889	61792	21930258432	2950444	444854	21036144	8122228	26090	0	26527	82000
1787040215	request	841	28763244	28758890	61792	21930258432	2950444	444854	21035892	8122228	26090	0	26527	86000
1787040216	request	842	28763244	28758889	61792	21930258432	2950444	444854	21035892	8122228	26090	0	26527	86000
1787040218	request	844	28763244	28758890	61792	21930258432	2950444	444854	21036196	8122228	26090	0	26527	85000
1787040219	request	845	28763244	28758889	61792	21930258432	2950444	444854	21036196	8122228	26090	0	26527	85000
1787040220	request	846	28763244	28758889	61792	21930258432	2950444	444854	21036196	8122228	26090	0	26527	84000
1787040222	request	848	28763244	28758889	61792	21930258432	2950444	444854	21037296	8122228	26090	0	26527	86000
1787040223	request	849	28763244	28758889	61792	21930258432	2950444	444854	21037044	8122228	26090	0	26527	88000
1787040224	request	850	28763244	28758889	61792	21930258432	2950444	444854	21036680	8122228	26090	0	26527	88000
1787040225	request	851	28763244	28758889	61792	21930258432	2950444	444854	21037740	8122228	26090	0	26527	90000
1787040227	request	853	28763244	28758889	61792	21930258432	2950444	444854	21037984	8122228	26090	0	26527	86000
1787040228	request	854	28763244	28758889	61792	21930258432	2950444	444854	21037988	8122228	26090	0	26527	86000
1787040229	request	855	28763244	28758889	61792	21930258432	2950444	444854	21037736	8122228	26090	0	26527	86000
1787040231	request	857	28763244	28758889	61792	21930258432	2950444	444854	21039620	8122228	26090	0	26527	90000
1787040232	request	858	28763244	28758889	61792	21930258432	2950444	444854	21040380	8122228	26090	0	26527	83000
1787040233	request	859	28763244	28758890	61792	21930258432	2950444	444854	21039008	8122228	26090	0	26527	89000
1787040235	request	861	28763244	28758890	61792	21930258432	2950444	444854	21039900	8122228	26090	0	26527	83000
1787040236	request	862	28763244	28758890	61792	21930258432	2950444	444854	21038652	8122228	26090	0	26527	86000
1787040237	request	863	28763244	28758890	61792	21930258432	2950444	444854	21038400	8122228	26090	0	26527	89000
1787040238	request	864	28763244	28758889	61792	21930258432	2950444	444854	21038400	8122228	26090	0	26527	88000
1787040240	request	866	28763244	28758889	61792	21930258432	2950444	444854	21038592	8122228	26090	0	26527	83000
1787040241	request	867	28763244	28758890	61792	21930258432	2950444	444854	21038592	8122228	26090	0	26527	83000
1787040242	request	868	28763244	28758889	61792	21930258432	2950444	444854	21038956	8122228	26090	0	26527	86000
1787040244	request	870	28763244	28758889	61792	21930258432	2950444	444854	21038380	8122228	26090	0	26527	86000
1787040245	request	871	28763244	28758889	61792	21930258432	2950444	444854	21037876	8122228	26090	0	26527	89000
1787040246	request	872	28763244	28758889	61792	21930258432	2950444	444854	21037924	8122228	26090	0	26527	85000
1787040247	request	873	28763244	28758889	61792	21930258432	2950444	444854	21037924	8122228	26090	0	26527	84000
1787040249	request	875	28763244	28758890	61792	21930258432	2950444	444854	21037924	8122228	26090	0	26527	84000
1787040250	request	876	28763244	28758890	61792	21930258432	2950444	444854	21039260	8122228	26090	0	26527	84000
1787040251	request	877	28763244	28758889	61792	21930258432	2950444	444854	21039512	8122228	26090	0	26527	86000
1787040253	request	879	28763244	28758889	61792	21930258432	2950444	444854	21039088	8122228	26090	0	26527	90000
1787040254	request	880	28763244	28758889	61792	21930258432	2950444	444854	21042944	8122228	26090	0	26527	88000
1787040255	request	881	28763244	28758889	61792	21930258432	2950444	444854	21042692	8122228	26090	0	26527	90000
1787040257	request	883	28763244	28758891	61792	21930258432	2950444	444854	21042692	8122228	26090	0	26527	84000
1787040258	request	884	28763244	28758889	61792	21930258432	2950444	444854	21042756	8122228	26090	0	26527	86000
1787040259	request	885	28763244	28758890	61792	21930258432	2950444	444854	21042756	8122228	26090	0	26527	85000
1787040260	request	886	28763244	28758891	61792	21930258432	2950444	444854	21044088	8122228	26090	0	26527	88000
1787040262	request	888	28763244	28758890	61792	21930258432	2950444	444854	21043836	8122228	26090	0	26527	86000
1787040263	request	889	28763244	28758889	61792	21930258432	2950444	444854	21043836	8122228	26090	0	26527	87000
1787040264	request	890	28763244	28758890	61792	21930258432	2950444	444854	21043232	8122228	26090	0	26527	86000
1787040266	request	892	28763244	28758889	61792	21930258432	2950444	444854	21043476	8122228	26090	0	26527	88000
1787040267	request	893	28763244	28758889	61792	21930258432	2950444	444854	21042732	8122228	26090	0	26527	85000
1787040268	request	894	28763244	28758890	61792	21930258432	2950444	444854	21042228	8122228	26090	0	26527	84000
1787040269	request	895	28763244	28758889	61792	21930258432	2950444	444854	21042228	8122228	26090	0	26527	92000
1787040271	request	897	28763244	28758890	61792	21930258432	2950444	444854	21042228	8122228	26090	0	26527	83000
1787040272	request	898	28763244	28758889	61792	21930258432	2950444	444854	21042228	8122228	26090	0	26527	87000
1787040273	request	899	28763244	28758890	61792	21930258432	2950444	444854	21041864	8122228	26090	0	26527	88000
1787040275	request	901	28763244	28758889	61792	21930258432	2950444	444854	21043272	8122228	26090	0	26527	88000
1787040276	request	902	28763244	28758889	61792	21930258432	2950444	444854	21043276	8122228	26090	0	26527	90000
1787040277	request	903	28763244	28758891	61792	21930258432	2950444	444854	21043632	8122228	26090	0	26527	85000
1787040278	request	904	28763244	28758889	61792	21930258432	2950444	444854	21044252	8122228	26090	0	26527	88000
1787040280	request	906	28763244	28758890	61792	21930258432	2950444	444854	21044696	8122228	26090	0	26527	83000
1787040281	request	907	28763244	28758890	61792	21930258432	2950444	444854	21044696	8122228	26090	0	26527	87000
1787040282	request	908	28763244	28758891	61792	21930258432	2950444	444854	21044696	8122228	26090	0	26527	86000
1787040284	request	910	28763244	28758889	61792	21930258432	2950444	444854	21044192	8122228	26090	0	26527	83000
1787040285	request	911	28763244	28758890	61792	21930258432	2950444	444854	21044192	8122228	26090	0	26527	90000
1787040286	request	912	28763244	28758890	61792	21930258432	2950444	444854	21044192	8122228	26090	0	26527	84000
1787040288	request	914	28763244	28758889	61792	21930258432	2950444	444854	21044192	8122228	26090	0	26527	86000
1787040289	request	915	28763244	28758889	61792	21930258432	2950444	444854	21043816	8122228	26090	0	26527	84000
1787040290	request	916	28763244	28758890	61792	21930258432	2950444	444854	21043312	8122228	26090	0	26527	83000
1787040291	request	917	28763244	28758889	61792	21930258432	2950444	444854	21043060	8122228	26090	0	26527	86000
1787040293	request	919	28763244	28758890	61792	21930258432	2950444	444854	21044564	8122228	26090	0	26527	89000
1787040294	request	920	28763244	28758889	61792	21930258432	2950444	444854	21043556	8122228	26090	0	26527	90000
1787040295	request	921	28763244	28758889	61792	21930258432	2950444	444854	21043668	8122228	26090	0	26527	83000
1787040297	request	923	28763244	28758889	61792	21930258432	2950444	444854	21043540	8122228	26090	0	26527	88000
1787040298	request	924	28763244	28758889	61792	21930258432	2950444	444854	21042796	8122228	26090	0	26527	83000
1787040299	request	925	28763244	28758889	61792	21930258432	2950444	444854	21042796	8122228	26090	0	26527	85000
1787040301	request	927	28763244	28758889	61792	21930258432	2950444	444854	21042796	8122228	26090	0	26527	83000
1787040302	request	928	28763244	28758889	61792	21930258432	2950444	444854	21042556	8122228	26090	0	26527	83000
1787040303	request	929	28763244	28758889	61792	21930258432	2950444	444854	21041548	8122228	26090	0	26527	90000
1787040304	request	930	28763244	28758889	61792	21930258432	2950444	444854	21041548	8122228	26090	0	26527	84000
1787040306	request	932	28763244	28758889	61792	21930258432	2950444	444854	21041056	8122228	26090	0	26527	88000
1787040307	request	933	28763244	28758890	61792	21930258432	2950444	444854	21040636	8122228	26090	0	26527	84000
1787040308	request	934	28763244	28758889	61792	21930258432	2950444	444854	21042012	8122228	26090	0	26527	84000
1787040310	request	936	28763244	28758889	61792	21930258432	2950444	444854	21042016	8122228	26090	0	26527	86000
1787040311	request	937	28763244	28758890	61792	21930258432	2950444	444854	21042016	8122228	26090	0	26527	88000
1787040312	request	938	28763244	28758890	61792	21930258432	2950444	444854	21042016	8122228	26090	0	26527	89000
1787040314	request	940	28763244	28758890	61792	21930258432	2950444	444854	21042016	8122228	26090	0	26527	84000
1787040315	request	941	28763244	28758890	61792	21930258432	2950444	444854	21041776	8122228	26090	0	26527	82000
1787040316	request	942	28763244	28758889	61792	21930258432	2950444	444854	21041924	8122228	26090	0	26527	84000
1787040317	request	943	28763244	28758890	61792	21930258432	2950444	444854	21041924	8122228	26090	0	26527	88000
1787040319	request	945	28763244	28758889	61792	21930258432	2950444	444854	21041768	8122228	26090	0	26527	85000
1787040320	request	946	28763244	28758889	61792	21930258432	2950444	444854	21042040	8122228	26090	0	26527	88000
1787040321	request	947	28763244	28758889	61792	21930258432	2950444	444854	21041788	8122228	26090	0	26527	84000
1787040323	request	949	28763244	28758890	61792	21930258432	2950444	444854	21042152	8122228	26090	0	26527	84000
1787040324	request	950	28763244	28758891	61792	21930258432	2950444	444854	21043332	8122228	26090	0	26527	88000
1787040325	request	951	28763244	28758889	61792	21930258432	2950444	444854	21043332	8122232	26091	0	26528	82000
1787040326	request	952	28763244	28758890	61792	21930258432	2950444	444854	21043332	8122232	26091	0	26528	86000
1787040328	request	954	28763244	28758890	61792	21930258432	2950444	444854	21043092	8122232	26091	0	26528	83000
1787040329	request	955	28763244	28758889	61792	21930258432	2950444	444854	21043092	8122232	26091	0	26528	88000
1787040330	request	956	28763244	28758890	61792	21930258432	2950444	444854	21043092	8122232	26091	0	26528	84000
1787040332	request	958	28763244	28758890	61792	21930258432	2950444	444854	21042852	8122232	26091	0	26528	85000
1787040333	request	959	28763244	28758890	61792	21930258432	2950444	444854	21042852	8122232	26091	0	26528	88000
1787040334	request	960	28763244	28758890	61792	21930258432	2950444	444854	21042852	8122232	26091	0	26528	90000
1787040336	request	962	28763244	28758890	61792	21930258432	2950444	444854	21042852	8122232	26091	0	26528	90000
1787040337	request	963	28763244	28758890	61792	21930258432	2950444	444854	21043376	8122232	26091	0	26528	87000
1787040338	request	964	28763244	28758890	61792	21930258432	2950444	444854	21043136	8122232	26091	0	26528	83000
1787040339	request	965	28763244	28758890	61792	21930258432	2950444	444854	21042792	8122232	26091	0	26528	86000
1787040341	request	967	28763244	28758890	61792	21930258432	2950444	444854	21042532	8122232	26091	0	26528	85000
1787040342	request	968	28763244	28758890	61792	21930258432	2950444	444854	21042280	8122232	26091	0	26528	85000
1787040343	request	969	28763244	28758891	61792	21930258432	2950444	444854	21041596	8122232	26091	0	26528	87000
1787040345	request	971	28763244	28758890	61792	21930258432	2950444	444854	21041596	8122232	26091	0	26528	86000
1787040346	request	972	28763244	28758890	61792	21930258432	2950444	444854	21041596	8122232	26091	0	26528	88000
1787040347	request	973	28763244	28758890	61792	21930258432	2950444	444854	21041596	8122232	26091	0	26528	85000
1787040349	request	975	28763244	28758890	61792	21930258432	2950444	444854	21041596	8122232	26091	0	26528	88000
1787040350	request	976	28763244	28758890	61792	21930258432	2950444	444854	21043844	8122232	26091	0	26528	84000
1787040351	request	977	28763244	28758891	61792	21930258432	2950444	444854	21043940	8122232	26091	0	26528	86000
1787040352	request	978	28763244	28758890	61792	21930258432	2950444	444854	21044144	8122232	26091	0	26528	86000
1787040354	request	980	28763244	28758890	61792	21930258432	2950444	444854	21041236	8122332	26116	0	26568	86000
1787040355	request	981	28763244	28758889	61792	21930258432	2950444	444854	21040984	8122332	26116	0	26568	87000
1787040356	request	982	28763244	28758889	61792	21930258432	2950444	444854	21040984	8122332	26116	0	26568	84000
1787040358	request	984	28763244	28758889	61792	21930258432	2950444	444854	21040984	8122332	26116	0	26568	89000
1787040359	request	985	28763244	28758890	61792	21930258432	2950444	444854	21042556	8122332	26116	0	26568	84000
1787040360	request	986	28763244	28758890	61792	21930258432	2950444	444854	21041800	8122332	26116	0	26568	90000
1787040362	request	988	28763244	28758890	61792	21930258432	2950444	444854	21041800	8122332	26116	0	26568	86000
1787040363	request	989	28763244	28758890	61792	21930258432	2950444	444854	21041716	8122332	26116	0	26568	86000
1787040364	request	990	28763244	28758892	61792	21930258432	2950444	444854	21041788	8122332	26116	0	26568	83000
1787040365	request	991	28763244	28758892	61792	21930258432	2950444	444854	21041788	8122332	26116	0	26568	84000
1787040367	request	993	28763244	28758891	61792	21930258432	2950444	444854	21041788	8122332	26116	0	26568	89000
1787040368	request	994	28763244	28758891	61792	21930258432	2950444	444854	21041548	8122332	26116	0	26568	90000
1787040369	request	995	28763244	28758892	61792	21930258432	2950444	444854	21041548	8122332	26116	0	26568	92000
1787040371	request	997	28763244	28758892	61792	21930258432	2950444	444854	21041548	8122332	26116	0	26568	89000
1787040372	request	998	28763244	28758891	61792	21930258432	2950444	444854	21041464	8122332	26116	0	26568	84000
1787040373	request	999	28763244	28758893	61792	21930258432	2950444	444854	21041616	8122332	26116	0	26568	88000
1787040374	request	1000	28763244	28758892	61792	21930258432	2950444	444854	21041544	8122332	26116	0	26568	84000
1787040376	request	1002	28763244	28758893	61792	21930258432	2950444	444854	21041580	8122332	26116	0	26569	88000
1787040377	request	1003	28763244	28758891	61792	21930258432	2950444	444854	21041340	8122332	26116	0	26569	84000
1787040378	request	1004	28763244	28758891	61792	21930258432	2950444	444854	21041340	8122332	26116	0	26569	85000
1787040380	request	1006	28763244	28758893	61792	21930258432	2950444	444854	21041676	8122332	26116	0	26569	90000
1787040381	request	1007	28763244	28758891	61792	21930258432	2950444	444854	21041184	8122332	26116	0	26569	84000
1787040382	request	1008	28763244	28758892	61792	21930258432	2950444	444854	21040568	8122332	26116	0	26569	87000
1787040384	request	1010	28763244	28758891	61792	21930258432	2950444	444854	21040328	8122332	26116	0	26569	84000
1787040385	request	1011	28763244	28758892	61792	21930258432	2950444	444854	21040440	8122332	26116	0	26569	87000
1787040386	request	1012	28763244	28758892	61792	21930258432	2950444	444854	21040440	8122332	26116	0	26569	85000
1787040388	request	1014	28763244	28758891	61792	21930258432	2950444	444854	21040076	8122332	26116	0	26569	89000
1787040389	request	1015	28763244	28758892	61792	21930258432	2950444	444854	21039936	8122332	26116	0	26569	85000
1787040390	request	1016	28763244	28758891	61792	21930258432	2950444	444854	21039936	8122332	26116	0	26569	84000
1787040391	request	1017	28763244	28758891	61792	21930258432	2950444	444854	21039936	8122332	26116	0	26569	83000
1787040393	request	1019	28763244	28758891	61792	21930258432	2950444	444854	21039696	8122332	26116	0	26569	93000
1787040394	request	1020	28763244	28758892	61792	21930258432	2950444	444854	21040092	8122332	26116	0	26569	90000
1787040395	request	1021	28763244	28758891	61792	21930258432	2950444	444854	21039852	8122332	26116	0	26569	88000
1787040397	request	1023	28763244	28758891	61792	21930258432	2950444	444854	21039852	8122332	26116	0	26569	84000
1787040398	request	1024	28763244	28758892	61792	21930258432	2950444	444854	21039852	8122332	26116	0	26569	90000
1787040399	request	1025	28763244	28758891	61792	21930258432	2950444	444854	21039360	8122332	26116	0	26569	84000
1787040401	request	1027	28763244	28758893	61792	21930258432	2950444	444854	21038856	8122332	26116	0	26569	86000
1787040402	request	1028	28763244	28758891	61792	21930258432	2950444	444854	21038604	8122332	26116	0	26569	85000
1787040403	request	1029	28763244	28758891	61792	21930258432	2950444	444854	21038604	8122332	26116	0	26569	85000
1787040404	request	1030	28763244	28758891	61792	21930258432	2950444	444854	21038348	8122332	26116	0	26569	79000
1787040406	request	1032	28763244	28758891	61792	21930258432	2950444	444854	21037956	8122332	26116	0	26569	85000
1787040407	request	1033	28763244	28758892	61792	21930258432	2950444	444854	21039012	8122332	26116	0	26569	88000
1787040408	request	1034	28763244	28758892	61792	21930258432	2950444	444854	21039012	8122332	26116	0	26569	89000
1787040410	request	1036	28763244	28758892	61792	21930258432	2950444	444854	21039012	8122332	26116	0	26569	89000
1787040411	request	1037	28763244	28758891	61792	21930258432	2950444	444854	21039012	8122332	26116	0	26569	92000
1787040412	request	1038	28763244	28758891	61792	21930258432	2950444	444854	21038520	8122332	26116	0	26569	84000
1787040413	request	1039	28763244	28758893	61792	21930258432	2950444	444854	21038824	8122332	26116	0	26569	81000
1787040415	request	1041	28763244	28758891	61792	21930258432	2950444	444854	21038968	8122332	26116	0	26569	86000
1787040416	request	1042	28763244	28758891	61792	21930258432	2950444	444854	21039196	8122332	26116	0	26569	87000
1787040417	request	1043	28763244	28758891	61792	21930258432	2950444	444854	21038468	8122332	26116	0	26569	90000
1787040419	request	1045	28763244	28758891	61792	21930258432	2950444	444854	21037544	8122332	26116	0	26569	85000
1787040420	request	1046	28763244	28758892	61792	21930258432	2950444	444854	21037180	8122332	26116	0	26569	94000
1787040421	request	1047	28763244	28758892	61792	21930258432	2950444	444854	21037040	8122332	26116	0	26569	85000
1787040422	request	1048	28763244	28758891	61792	21930258432	2950444	444854	21036788	8122332	26116	0	26569	89000
1787040424	request	1050	28763244	28758891	61792	21930258432	2950444	444854	21037584	8122332	26116	0	26569	80000
1787040425	request	1051	28763244	28758892	61792	21930258432	2950444	444854	21037732	8122332	26116	0	26569	89000
1787040426	request	1052	28763244	28758892	61792	21930258432	2950444	444854	21037480	8122332	26116	0	26569	86000
1787040428	request	1054	28763244	28758891	61792	21930258432	2950444	444854	21037228	8122332	26116	0	26569	84000
1787040429	request	1055	28763244	28758892	61792	21930258432	2950444	444854	21037228	8122332	26116	0	26569	86000
1787040430	request	1056	28763244	28758891	61792	21930258432	2950444	444854	21039232	8122332	26116	0	26569	88000
1787040431	request	1057	28763244	28758891	61792	21930258432	2950444	444854	21039232	8122332	26116	0	26569	86000
1787040433	request	1059	28763244	28758891	61792	21930258432	2950444	444854	21038868	8122332	26116	0	26569	93000
1787040434	request	1060	28763244	28758891	61792	21930258432	2950444	444854	21038548	8122332	26116	0	26569	84000
1787040435	request	1061	28763244	28758891	61792	21930258432	2950444	444854	21037932	8122332	26116	0	26569	92000
1787040437	request	1063	28763244	28758891	61792	21930258432	2950444	444854	21036728	8122332	26116	0	26569	82000
1787040438	request	1064	28763244	28758891	61792	21930258432	2950444	444854	21036476	8122332	26116	0	26569	88000
1787040439	request	1065	28763244	28758891	61792	21930258432	2950444	444854	21035984	8122332	26116	0	26569	87000
1787040441	request	1067	28763244	28758892	61792	21930258432	2950444	444854	21036048	8122332	26116	0	26569	83000
1787040442	request	1068	28763244	28758892	61792	21930258432	2950444	444854	21035556	8122332	26116	0	26569	84000
1787040443	request	1069	28763244	28758891	61792	21930258432	2950444	444854	21035808	8122332	26116	0	26569	84000
1787040444	request	1070	28763244	28758891	61792	21930258432	2950444	444854	21035904	8122332	26116	0	26569	90000
1787040446	request	1072	28763244	28758891	61792	21930258432	2950444	444854	21036976	8122332	26116	0	26569	86000
1787040447	request	1073	28763244	28758891	61792	21930258432	2950444	444854	21036976	8122332	26116	0	26569	86000
1787040448	request	1074	28763244	28758891	61792	21930258432	2950444	444854	21036736	8122332	26116	0	26569	88000
1787040450	request	1076	28763244	28758891	61792	21930258432	2950444	444854	21036736	8122332	26116	0	26569	84000
1787040451	request	1077	28763244	28758890	61792	21930258432	2950444	444854	21036736	8122332	26116	0	26569	88000
1787040452	request	1078	28763244	28758891	61792	21930258432	2950444	444854	21037780	8122332	26116	0	26569	88000
1787040453	request	1079	28763244	28758892	61792	21930258432	2950444	444854	21037780	8122332	26116	0	26569	83000
1787040455	request	1081	28763244	28758891	61792	21930258432	2950444	444854	21037688	8122332	26116	0	26569	86000
1787040456	request	1082	28763244	28758891	61792	21930258432	2950444	444854	21038624	8122332	26116	0	26569	86000
1787040457	request	1083	28763244	28758892	61792	21930258432	2950444	444854	21038956	8122332	26116	0	26569	86000
1787040458	request	1084	28763244	28758891	61792	21930258432	2950444	444854	21039328	8122332	26116	0	26569	84000
1787040460	request	1086	28763244	28758891	61792	21930258432	2950444	444854	21039076	8122332	26116	0	26569	81000
1787040461	request	1087	28763244	28758891	61792	21930258432	2950444	444854	21039304	8122332	26116	0	26569	88000
1787040462	request	1088	28763244	28758891	61792	21930258432	2950444	444854	21038800	8122332	26116	0	26569	84000
1787040464	request	1090	28763244	28758891	61792	21930258432	2950444	444854	21038800	8122332	26116	0	26569	86000
1787040465	request	1091	28763244	28758891	61792	21930258432	2950444	444854	21038184	8122332	26116	0	26569	90000
1787040466	request	1092	28763244	28758892	61792	21930258432	2950444	444854	21039056	8122332	26116	0	26569	81000
1787040467	request	1093	28763244	28758892	61792	21930258432	2950444	444854	21039096	8122332	26116	0	26569	86000
1787040469	request	1095	28763244	28758893	61792	21930258432	2950444	444854	21039172	8122332	26116	0	26569	83000
1787040470	request	1096	28763244	28758891	61792	21930258432	2950444	444854	21038416	8122332	26116	0	26569	85000
1787040471	request	1097	28763244	28758891	61792	21930258432	2950444	444854	21038416	8122332	26116	0	26569	86000
1787040473	request	1099	28763244	28758891	61792	21930258432	2950444	444854	21038176	8122332	26116	0	26569	86000
1787040474	request	1100	28763244	28758891	61792	21930258432	2950444	444854	21037760	8122332	26116	0	26569	83000
1787040475	request	1101	28763244	28758892	61792	21930258432	2950444	444854	21037508	8122332	26116	0	26569	84000
1787040477	request	1103	28763244	28758891	61792	21930258432	2950444	444854	21037636	8122332	26116	0	26569	85000
1787040478	request	1104	28763244	28758893	61792	21930258432	2950444	444854	21037384	8122332	26116	0	26569	90000
1787040479	request	1105	28763244	28758892	61792	21930258432	2950444	444854	21036628	8122332	26116	0	26569	88000
1787040480	request	1106	28763244	28758891	61792	21930258432	2950444	444854	21036628	8122332	26116	0	26569	93000
1787040482	request	1108	28763244	28758891	61792	21930258432	2950444	444854	21036460	8122332	26116	0	26569	86000
1787040483	request	1109	28763244	28758891	61792	21930258432	2950444	444854	21036664	8122332	26116	0	26569	92000
1787040484	request	1110	28763244	28758891	61792	21930258432	2950444	444854	21036172	8122332	26116	0	26569	87000
1787040486	request	1112	28763244	28758892	61792	21930258432	2950444	444854	21035428	8122332	26116	0	26569	92000
1787040487	request	1113	28763244	28758892	61792	21930258432	2950444	444854	21035176	8122332	26116	0	26569	92000
1787040488	request	1114	28763244	28758893	61792	21930258432	2950444	444854	21034936	8122332	26116	0	26569	85000
1787040490	request	1116	28763244	28758893	61792	21930258432	2950444	444854	21034936	8122332	26116	0	26569	88000
1787040491	request	1117	28763244	28758891	61792	21930258432	2950444	444854	21034684	8122332	26116	0	26569	85000
1787040492	request	1118	28763244	28758892	61792	21930258432	2950444	444854	21033928	8122332	26116	0	26569	88000
1787040493	request	1119	28763244	28758891	61792	21930258432	2950444	444854	21033928	8122332	26116	0	26569	86000
1787040495	request	1121	28763244	28758892	61792	21930258432	2950444	444854	21033928	8122332	26116	0	26569	85000
1787040496	request	1122	28763244	28758891	61792	21930258432	2950444	444854	21034700	8122332	26116	0	26569	85000
1787040497	request	1123	28763244	28758891	61792	21930258432	2950444	444854	21034460	8122332	26116	0	26569	84000
1787040499	request	1125	28763244	28758893	61792	21930258432	2950444	444854	21034460	8122332	26116	0	26569	86000
1787040500	request	1126	28763244	28758891	61792	21930258432	2950444	444854	21034460	8122332	26116	0	26569	88000
1787040501	request	1127	28763244	28758891	61792	21930258432	2950444	444854	21034596	8122332	26116	0	26569	87000
1787040503	request	1129	28763244	28758891	61792	21930258432	2950444	444854	21034604	8122332	26116	0	26569	86000
1787040504	request	1130	28763244	28758891	61792	21930258432	2950444	444854	21034604	8122332	26116	0	26569	84000
1787040505	request	1131	28763244	28758891	61792	21930258432	2950444	444854	21034916	8122332	26116	0	26569	86000
1787040506	request	1132	28763244	28758892	61792	21930258432	2950444	444854	21036104	8122332	26116	0	26569	89000
1787040508	request	1134	28763244	28758891	61792	21930258432	2950444	444854	21036280	8122332	26116	0	26569	88000
1787040509	request	1135	28763244	28758892	61792	21930258432	2950444	444854	21036280	8122332	26116	0	26569	93000
1787040510	request	1136	28763244	28758891	61792	21930258432	2950444	444854	21036028	8122332	26116	0	26569	85000
1787040512	request	1138	28763244	28758892	61792	21930258432	2950444	444854	21035524	8122332	26116	0	26569	88000
1787040513	request	1139	28763244	28758891	61792	21930258432	2950444	444854	21035528	8122332	26116	0	26569	90000
1787040514	request	1140	28763244	28758892	61792	21930258432	2950444	444854	21035892	8122332	26116	0	26569	90000
1787040516	request	1142	28763244	28758891	61792	21930258432	2950444	444854	21035740	8122332	26116	0	26569	86000
1787040517	request	1143	28763244	28758891	61792	21930258432	2950444	444854	21035488	8122332	26116	0	26569	86000
1787040518	request	1144	28763244	28758891	61792	21930258432	2950444	444854	21035248	8122332	26116	0	26569	90000
1787040520	request	1146	28763244	28758891	61792	21930258432	2950444	444854	21035500	8122332	26116	0	26569	84000
1787040521	request	1147	28763244	28758891	61792	21930258432	2950444	444854	21035620	8122332	26116	0	26569	86000
1787040522	request	1148	28763244	28758891	61792	21930258432	2950444	444854	21036784	8122332	26116	0	26569	88000
1787040523	request	1149	28763244	28758892	61792	21930258432	2950444	444854	21035928	8122332	26116	0	26569	85000
1787040525	request	1151	28763244	28758891	61792	21930258432	2950444	444854	21037052	8122332	26116	0	26569	90000
1787040526	request	1152	28763244	28758891	61792	21930258432	2950444	444854	21037052	8122332	26116	0	26569	84000
1787040527	request	1153	28763244	28758892	61792	21930258432	2950444	444854	21037384	8122332	26116	0	26569	88000
1787040529	request	1155	28763244	28758892	61792	21930258432	2950444	444854	21037244	8122332	26116	0	26569	87000
1787040530	request	1156	28763244	28758891	61792	21930258432	2950444	444854	21036992	8122332	26116	0	26569	83000
1787040531	request	1157	28763244	28758892	61792	21930258432	2950444	444854	21036740	8122332	26116	0	26569	90000
1787040532	request	1158	28763244	28758891	61792	21930258432	2950444	444854	21036320	8122332	26116	0	26569	85000
1787040534	request	1160	28763244	28758891	61792	21930258432	2950444	444854	21036252	8122332	26116	0	26569	82000
1787040535	request	1161	28763244	28758891	61792	21930258432	2950444	444854	21036616	8122332	26116	0	26569	87000
1787040536	request	1162	28763244	28758892	61792	21930258432	2950444	444854	21037572	8122332	26116	0	26569	85000
1787040538	request	1164	28763244	28758892	61792	21930258432	2950444	444854	21037804	8122332	26116	0	26569	85000
1787040539	request	1165	28763244	28758892	61792	21930258432	2950444	444854	21037956	8122332	26116	0	26569	84000
1787040540	request	1166	28763244	28758893	61792	21930258432	2950444	444854	21037704	8122332	26116	0	26569	86000
1787040541	request	1167	28763244	28758891	61792	21930258432	2950444	444854	21037704	8122332	26116	0	26569	87000
1787040543	request	1169	28763244	28758892	61792	21930258432	2950444	444854	21036948	8122332	26116	0	26569	84000
1787040544	request	1170	28763244	28758891	61792	21930258432	2950444	444854	21036948	8122332	26116	0	26569	87000
1787040545	request	1171	28763244	28758891	61792	21930258432	2950444	444854	21036948	8122332	26116	0	26569	85000
1787040547	request	1173	28763244	28758891	61792	21930258432	2950444	444854	21037128	8122332	26116	0	26569	88000
1787040548	request	1174	28763244	28758892	61792	21930258432	2950444	444854	21036764	8122332	26116	0	26569	89000
1787040549	request	1175	28763244	28758891	61792	21930258432	2950444	444854	21036432	8122332	26116	0	26569	85000
1787040551	request	1177	28763244	28758891	61792	21930258432	2950444	444854	21035940	8122332	26116	0	26569	84000
1787040552	request	1178	28763244	28758892	61792	21930258432	2950444	444854	21035688	8122332	26116	0	26569	83000
1787040553	request	1179	28763244	28758893	61792	21930258432	2950444	444854	21035944	8122332	26116	0	26569	92000
1787040554	request	1180	28763244	28758891	61792	21930258432	2950444	444854	21036840	8122332	26116	0	26569	92000
1787040556	request	1182	28763244	28758891	61792	21930258432	2950444	444854	21036600	8122332	26116	0	26569	84000
1787040557	request	1183	28763244	28758891	61792	21930258432	2950444	444854	21036964	8122332	26116	0	26569	82000
1787040558	request	1184	28763244	28758891	61792	21930258432	2950444	444854	21037144	8122332	26116	0	26569	84000
1787040560	request	1186	28763244	28758891	61792	21930258432	2950444	444854	21037848	8122332	26116	0	26569	90000
1787040561	request	1187	28763244	28758892	61792	21930258432	2950444	444854	21037628	8122332	26116	0	26569	90000
1787040562	request	1188	28763244	28758891	61792	21930258432	2950444	444854	21037484	8122332	26116	0	26569	84000
1787040563	request	1189	28763244	28758891	61792	21930258432	2950444	444854	21037232	8122332	26116	0	26569	88000
1787040565	request	1191	28763244	28758891	61792	21930258432	2950444	444854	21037232	8122332	26116	0	26569	84000
1787040566	request	1192	28763244	28758891	61792	21930258432	2950444	444854	21037100	8122332	26116	0	26569	93000
1787040567	request	1193	28763244	28758891	61792	21930258432	2950444	444854	21036860	8122332	26116	0	26569	84000
1787040569	request	1195	28763244	28758891	61792	21930258432	2950444	444854	21035796	8122332	26116	0	26569	84000
1787040570	request	1196	28763244	28758891	61792	21930258432	2950444	444854	21035544	8122332	26116	0	26569	87000
1787040571	request	1197	28763244	28758891	61792	21930258432	2950444	444854	21036236	8122332	26116	0	26569	86000
1787040573	request	1199	28763244	28758891	61792	21930258432	2950444	444854	21037652	8122332	26116	0	26569	88000
1787040574	request	1200	28763244	28758893	61792	21930258432	2950444	444854	21037148	8122332	26116	0	26569	86000
1787040575	request	1201	28763244	28758891	61792	21930258432	2950444	444854	21036896	8122332	26116	0	26569	86000
1787040576	request	1202	28763244	28758891	61792	21930258432	2950444	444854	21036904	8122332	26116	0	26569	89000
1787040578	request	1204	28763244	28758891	61792	21930258432	2950444	444854	21036652	8122332	26116	0	26569	88000
1787040579	request	1205	28763244	28758891	61792	21930258432	2950444	444854	21036764	8122332	26116	0	26569	86000
1787040580	request	1206	28763244	28758891	61792	21930258432	2950444	444854	21037188	8122332	26116	0	26569	90000
1787040582	request	1208	28763244	28758892	61792	21930258432	2950444	444854	21036936	8122332	26116	0	26569	84000
1787040583	request	1209	28763244	28758891	61792	21930258432	2950444	444854	21036684	8122332	26116	0	26569	86000
1787040584	request	1210	28763244	28758893	61792	21930258432	2950444	444854	21036684	8122332	26116	0	26569	83000
1787040585	request	1211	28763244	28758892	61792	21930258432	2950444	444854	21037956	8122332	26116	0	26569	88000
1787040587	request	1213	28763244	28758892	61792	21930258432	2950444	444854	21037956	8122332	26116	0	26569	88000
1787040588	request	1214	28763244	28758891	61792	21930258432	2950444	444854	21037956	8122332	26116	0	26569	85000
1787040589	request	1215	28763244	28758891	61792	21930258432	2950444	444854	21038744	8122332	26116	0	26569	85000
1787040591	request	1217	28763244	28758891	61792	21930258432	2950444	444854	21038744	8122332	26116	0	26569	85000
1787040592	request	1218	28763244	28758891	61792	21930258432	2950444	444854	21038744	8122332	26116	0	26569	85000
1787040593	request	1219	28763244	28758891	61792	21930258432	2950444	444854	21037524	8122332	26116	0	26569	86000
1787040594	request	1220	28763244	28758891	61792	21930258432	2950444	444854	21037132	8122332	26116	0	26569	85000
1787040596	request	1222	28763244	28758892	61792	21930258432	2950444	444854	21037332	8122332	26116	0	26569	84000
1787040597	request	1223	28763244	28758891	61792	21930258432	2950444	444854	21037696	8122332	26116	0	26569	81000
1787040598	request	1224	28763244	28758893	61792	21930258432	2950444	444854	21038996	8122332	26116	0	26569	84000
1787040600	request	1226	28763244	28758891	61792	21930258432	2950444	444854	21039032	8122332	26116	0	26569	90000
1787040601	request	1227	28763244	28758891	61792	21930258432	2950444	444854	21039128	8122332	26116	0	26569	84000
1787040602	request	1228	28763244	28758892	61792	21930258432	2950444	444854	21038660	8122332	26116	0	26569	92000
1787040604	request	1230	28763244	28758891	61792	21930258432	2950444	444854	21038040	8122332	26116	0	26569	90000
1787040605	request	1231	28763244	28758892	61792	21930258432	2950444	444854	21038292	8122332	26116	0	26569	84000
1787040606	request	1232	28763244	28758891	61792	21930258432	2950444	444854	21038608	8122332	26116	0	26569	90000
1787040607	request	1233	28763244	28758893	61792	21930258432	2950444	444854	21038104	8122332	26116	0	26569	88000
1787040609	request	1235	28763244	28758891	61792	21930258432	2950444	444854	21038744	8122332	26116	0	26569	86000
1787040610	request	1236	28763244	28758893	61792	21930258432	2950444	444854	21040388	8122332	26116	0	26569	87000
1787040611	request	1237	28763244	28758891	61792	21930258432	2950444	444854	21040360	8122332	26116	0	26569	85000
1787040613	request	1239	28763244	28758892	61792	21930258432	2950444	444854	21040120	8122332	26116	0	26569	86000
1787040614	request	1240	28763244	28758892	61792	21930258432	2950444	444854	21039364	8122332	26116	0	26569	92000
1787040615	request	1241	28763244	28758891	61792	21930258432	2950444	444854	21039488	8122332	26116	0	26569	86000
1787040616	request	1242	28763244	28758892	61792	21930258432	2950444	444854	21039248	8122332	26116	0	26569	88000
1787040618	request	1244	28763244	28758891	61792	21930258432	2950444	444854	21039248	8122332	26116	0	26569	83000
1787040619	request	1245	28763244	28758892	61792	21930258432	2950444	444854	21039500	8122332	26116	0	26569	86000
1787040620	request	1246	28763244	28758891	61792	21930258432	2950444	444854	21040388	8122332	26116	0	26569	86000
1787040622	request	1248	28763244	28758893	61792	21930258432	2950444	444854	21040140	8122332	26116	0	26569	86000
1787040623	request	1249	28763244	28758893	61792	21930258432	2950444	444854	21039900	8122332	26116	0	26569	85000
1787040624	request	1250	28763244	28758891	61792	21930258432	2950444	444854	21039660	8122332	26116	0	26569	84000
1787040626	request	1252	28763244	28758891	61792	21930258432	2950444	444854	21039664	8122332	26116	0	26569	90000
1787040627	request	1253	28763244	28758892	61792	21930258432	2950444	444854	21039664	8122332	26116	0	26569	88000
1787040628	request	1254	28763244	28758891	61792	21930258432	2950444	444854	21039812	8122332	26116	0	26569	85000
1787040630	request	1256	28763244	28758893	61792	21930258432	2950444	444854	21039668	8122332	26116	0	26569	86000
1787040631	request	1257	28763244	28758891	61792	21930258432	2950444	444854	21039572	8122332	26116	0	26569	83000
1787040632	request	1258	28763244	28758892	61792	21930258432	2950444	444854	21039416	8122332	26116	0	26569	90000
1787040633	request	1259	28763244	28758892	61792	21930258432	2950444	444854	21039164	8122332	26116	0	26569	87000
1787040635	request	1261	28763244	28758891	61792	21930258432	2950444	444854	21038156	8122332	26116	0	26569	84000
1787040636	request	1262	28763244	28758891	61792	21930258432	2950444	444854	21037552	8122332	26116	0	26569	82000
1787040637	request	1263	28763244	28758893	61792	21930258432	2950444	444854	21037700	8122332	26116	0	26569	83000
1787040639	request	1265	28763244	28758891	61792	21930258432	2950444	444854	21036656	8122332	26116	0	26569	86000
1787040640	request	1266	28763244	28758891	61792	21930258432	2950444	444854	21036064	8122332	26116	0	26569	85000
1787040641	request	1267	28763244	28758892	61792	21930258432	2950444	444854	21035056	8122332	26116	0	26569	84000
1787040642	request	1268	28763244	28758892	61792	21930258432	2950444	444854	21034480	8122332	26116	0	26569	92000
1787040644	request	1270	28763244	28758892	61792	21930258432	2950444	444854	21034480	8122332	26116	0	26569	86000
1787040645	request	1271	28763244	28758892	61792	21930258432	2950444	444854	21034480	8122332	26116	0	26569	84000
1787040646	request	1272	28763244	28758891	61792	21930258432	2950444	444854	21034480	8122332	26116	0	26569	90000
1787040648	request	1274	28763244	28758892	61792	21930258432	2950444	444854	21034552	8122332	26116	0	26569	84000
1787040649	request	1275	28763244	28758892	61792	21930258432	2950444	444854	21034552	8122332	26116	0	26569	84000
1787040650	request	1276	28763244	28758891	61792	21930258432	2950444	444854	21034552	8122332	26116	0	26569	87000
1787040651	request	1277	28763244	28758891	61792	21930258432	2950444	444854	21033808	8122332	26116	0	26569	84000
1787040653	request	1279	28763244	28758892	61792	21930258432	2950444	444854	21033556	8122332	26116	0	26569	81000
1787040654	request	1280	28763244	28758891	61792	21930258432	2950444	444854	21033556	8122332	26116	0	26569	86000
1787040655	request	1281	28763244	28758892	61792	21930258432	2950444	444854	21034484	8122332	26116	0	26569	84000
1787040657	request	1283	28763244	28758891	61792	21930258432	2950444	444854	21034348	8122332	26116	0	26569	88000
1787040658	request	1284	28763244	28758892	61792	21930258432	2950444	444854	21034348	8122332	26116	0	26569	84000
1787040659	request	1285	28763244	28758893	61792	21930258432	2950444	444854	21036000	8122332	26116	0	26569	89000
1787040661	request	1287	28763244	28758891	61792	21930258432	2950444	444854	21035920	8122332	26116	0	26569	86000
1787040662	request	1288	28763244	28758891	61792	21930258432	2950444	444854	21035324	8122332	26116	0	26569	88000
1787040663	request	1289	28763244	28758892	61792	21930258432	2950444	444854	21034628	8122332	26116	0	26569	89000
1787040665	request	1291	28763244	28758893	61792	21930258432	2950444	444854	21034132	8122332	26116	0	26569	85000
1787040666	request	1292	28763244	28758891	61792	21930258432	2950444	444854	21034132	8122332	26116	0	26569	86000
1787040667	request	1293	28763244	28758892	61792	21930258432	2950444	444854	21033908	8122332	26116	0	26569	88000
1787040668	request	1294	28763244	28758892	61792	21930258432	2950444	444854	21033764	8122332	26116	0	26569	80000
1787040670	request	1296	28763244	28758892	61792	21930258432	2950444	444854	21033512	8122332	26116	0	26569	90000
1787040671	request	1297	28763244	28758892	61792	21930258432	2950444	444854	21033764	8122332	26116	0	26569	84000
1787040672	request	1298	28763244	28758892	61792	21930258432	2950444	444854	21033512	8122332	26116	0	26569	86000
1787040674	request	1300	28763244	28758893	61792	21930258432	2950444	444854	21033688	8122332	26116	0	26569	89000
1787040675	request	1301	28763244	28758892	61792	21930258432	2950444	444854	21033448	8122332	26116	0	26569	84000
1787040676	request	1302	28763244	28758892	61792	21930258432	2950444	444854	21033448	8122332	26116	0	26569	86000
1787040678	request	1304	28763244	28758892	61792	21930258432	2950444	444854	21033448	8122332	26116	0	26569	90000
1787040679	request	1305	28763244	28758892	61792	21930258432	2950444	444854	21033700	8122332	26116	0	26569	88000
1787040680	request	1306	28763244	28758892	61792	21930258432	2950444	444854	21034976	8122332	26116	0	26569	88000
1787040681	request	1307	28763244	28758892	61792	21930258432	2950444	444854	21035336	8122332	26116	0	26569	86000
1787040683	request	1309	28763244	28758892	61792	21930258432	2950444	444854	21035548	8122332	26116	0	26569	83000
1787040684	request	1310	28763244	28758891	61792	21930258432	2950444	444854	21035308	8122332	26116	0	26569	87000
1787040685	request	1311	28763244	28758892	61792	21930258432	2950444	444854	21034816	8122332	26116	0	26569	85000
1787040687	request	1313	28763244	28758891	61792	21930258432	2950444	444854	21035384	8122332	26116	0	26569	89000
1787040688	request	1314	28763244	28758893	61792	21930258432	2950444	444854	21035384	8122332	26116	0	26569	83000
1787040689	request	1315	28763244	28758892	61792	21930258432	2950444	444854	21035384	8122332	26116	0	26569	86000
1787040690	request	1316	28763244	28758893	61792	21930258432	2950444	444854	21035996	8122332	26116	0	26569	90000
1787040692	request	1318	28763244	28758892	61792	21930258432	2950444	444854	21035996	8122332	26116	0	26569	83000
1787040693	request	1319	28763244	28758892	61792	21930258432	2950444	444854	21036300	8122332	26116	0	26569	86000
1787040694	request	1320	28763244	28758891	61792	21930258432	2950444	444854	21036012	8122332	26116	0	26569	90000
1787040696	request	1322	28763244	28758891	61792	21930258432	2950444	444854	21036052	8122332	26116	0	26569	86000
1787040697	request	1323	28763244	28758892	61792	21930258432	2950444	444854	21036436	8122332	26116	0	26569	88000
1787040698	request	1324	28763244	28758891	61792	21930258432	2950444	444854	21036436	8122332	26116	0	26569	85000
1787040700	request	1326	28763244	28758893	61792	21930258432	2950444	444854	21036196	8122332	26116	0	26569	93000
1787040701	request	1327	28763244	28758891	61792	21930258432	2950444	444854	21035704	8122332	26116	0	26569	85000
1787040702	request	1328	28763244	28758892	61792	21930258432	2950444	444854	21035704	8122332	26116	0	26569	87000
1787040704	request	1330	28763244	28758893	61792	21930258432	2950444	444854	21035296	8122332	26116	0	26569	88000
1787040705	request	1331	28763244	28758891	61792	21930258432	2950444	444854	21035268	8122332	26116	0	26569	86000
1787040706	request	1332	28763244	28758891	61792	21930258432	2950444	444854	21035028	8122332	26116	0	26569	88000
1787040707	request	1333	28763244	28758891	61792	21930258432	2950444	444854	21035764	8122332	26116	0	26569	84000
1787040709	request	1335	28763244	28758893	61792	21930258432	2950444	444854	21036364	8122332	26116	0	26569	83000
1787040710	request	1336	28763244	28758893	61792	21930258432	2950444	444854	21036112	8122332	26116	0	26569	89000
1787040711	request	1337	28763244	28758892	61792	21930258432	2950444	444854	21036416	8122332	26116	0	26569	86000
1787040713	request	1339	28763244	28758892	61792	21930258432	2950444	444854	21035660	8122332	26116	0	26569	85000
1787040714	request	1340	28763244	28758891	61792	21930258432	2950444	444854	21035660	8122332	26116	0	26569	85000
1787040715	request	1341	28763244	28758891	61792	21930258432	2950444	444854	21035660	8122332	26116	0	26569	83000
1787040717	request	1343	28763244	28758891	61792	21930258432	2950444	444854	21035660	8122332	26116	0	26569	88000
1787040718	request	1344	28763244	28758891	61792	21930258432	2950444	444854	21035420	8122332	26116	0	26569	92000
1787040719	request	1345	28763244	28758893	61792	21930258432	2950444	444854	21035420	8122332	26116	0	26569	86000
1787040720	request	1346	28763244	28758892	61792	21930258432	2950444	444854	21036128	8122332	26116	0	26569	88000
1787040722	request	1348	28763244	28758891	61792	21930258432	2950444	444854	21036128	8122332	26116	0	26569	92000
1787040723	request	1349	28763244	28758891	61792	21930258432	2950444	444854	21035780	8122332	26116	0	26569	86000
1787040724	request	1350	28763244	28758892	61792	21930258432	2950444	444854	21035688	8122332	26116	0	26569	88000
1787040726	request	1352	28763244	28758892	61792	21930258432	2950444	444854	21035152	8122332	26116	0	26569	83000
1787040727	request	1353	28763244	28758891	61792	21930258432	2950444	444854	21035048	8122332	26116	0	26569	83000
1787040728	request	1354	28763244	28758892	61792	21930258432	2950444	444854	21035388	8122332	26116	0	26569	86000
1787040730	request	1356	28763244	28758893	61792	21930258432	2950444	444854	21035904	8122332	26116	0	26569	84000
1787040731	request	1357	28763244	28758893	61792	21930258432	2950444	444854	21035400	8122332	26116	0	26569	84000
1787040732	request	1358	28763244	28758893	61792	21930258432	2950444	444854	21035148	8122332	26116	0	26569	82000
1787040733	request	1359	28763244	28758891	61792	21930258432	2950444	444854	21035512	8122332	26116	0	26569	82000
1787040735	request	1361	28763244	28758891	61792	21930258432	2950444	444854	21035356	8122332	26116	0	26569	90000
1787040736	request	1362	28763244	28758893	61792	21930258432	2950444	444854	21035104	8122332	26116	0	26569	85000
1787040737	request	1363	28763244	28758892	61792	21930258432	2950444	444854	21035280	8122332	26116	0	26569	83000
1787040739	request	1365	28763244	28758892	61792	21930258432	2950444	444854	21034776	8122332	26116	0	26569	86000
1787040740	request	1366	28763244	28758891	61792	21930258432	2950444	444854	21034776	8122332	26116	0	26569	81000
1787040741	request	1367	28763244	28758892	61792	21930258432	2950444	444854	21034776	8122332	26116	0	26569	92000
1787040743	request	1369	28763244	28758893	61792	21930258432	2950444	444854	21035180	8122332	26116	0	26569	84000
1787040744	request	1370	28763244	28758891	61792	21930258432	2950444	444854	21035180	8122332	26116	0	26569	92000
1787040745	request	1371	28763244	28758892	61792	21930258432	2950444	444854	21035180	8122332	26116	0	26569	90000
1787040747	request	1373	28763244	28758893	61792	21930258432	2950444	444854	21034184	8122332	26116	0	26569	84000
1787040748	request	1374	28763244	28758892	61792	21930258432	2950444	444854	21035172	8122332	26116	0	26569	88000
1787040749	request	1375	28763244	28758892	61792	21930258432	2950444	444854	21034932	8122332	26116	0	26569	89000
1787040750	request	1376	28763244	28758893	61792	21930258432	2950444	444854	21034936	8122332	26116	0	26569	89000
1787040752	request	1378	28763244	28758892	61792	21930258432	2950444	444854	21034936	8122332	26116	0	26569	84000
1787040753	request	1379	28763244	28758891	61792	21930258432	2950444	444854	21035508	8122332	26116	0	26569	83000
1787040754	request	1380	28763244	28758893	61792	21930258432	2950444	444854	21034528	8122332	26116	0	26569	85000
1787040756	request	1382	28763244	28758893	61792	21930258432	2950444	444854	21034964	8122332	26116	0	26569	83000
1787040757	request	1383	28763244	28758891	61792	21930258432	2950444	444854	21034964	8122332	26116	0	26569	83000
1787040758	request	1384	28763244	28758892	61792	21930258432	2950444	444854	21034964	8122332	26116	0	26569	86000
1787040760	request	1386	28763244	28758892	61792	21930258432	2950444	444854	21034552	8122332	26116	0	26569	83000
1787040761	request	1387	28763244	28758892	61792	21930258432	2950444	444854	21034768	8122332	26116	0	26569	90000
1787040762	request	1388	28763244	28758892	61792	21930258432	2950444	444854	21034768	8122332	26116	0	26569	88000
1787040763	request	1389	28763244	28758892	61792	21930258432	2950444	444854	21034996	8122332	26116	0	26569	84000
1787040765	request	1391	28763244	28758892	61792	21930258432	2950444	444854	21035096	8122332	26116	0	26569	84000
1787040766	request	1392	28763244	28758891	61792	21930258432	2950444	444854	21034844	8122332	26116	0	26569	87000
1787040767	request	1393	28763244	28758891	61792	21930258432	2950444	444854	21034844	8122332	26116	0	26569	79000
1787040769	request	1395	28763244	28758892	61792	21930258432	2950444	444854	21034592	8122332	26116	0	26569	86000
1787040770	request	1396	28763244	28758892	61792	21930258432	2950444	444854	21034352	8122332	26116	0	26569	84000
1787040771	request	1397	28763244	28758891	61792	21930258432	2950444	444854	21034100	8122332	26116	0	26569	85000
1787040773	request	1399	28763244	28758892	61792	21930258432	2950444	444854	21033860	8122332	26116	0	26569	86000
1787040774	request	1400	28763244	28758892	61792	21930258432	2950444	444854	21035252	8122332	26116	0	26569	83000
1787040775	request	1401	28763244	28758891	61792	21930258432	2950444	444854	21035252	8122332	26116	0	26569	90000
1787040777	request	1403	28763244	28758893	61792	21930258432	2950444	444854	21035000	8122332	26116	0	26569	86000
1787040778	request	1404	28763244	28758893	61792	21930258432	2950444	444854	21035000	8122332	26116	0	26569	88000
1787040779	request	1405	28763244	28758891	61792	21930258432	2950444	444854	21035000	8122332	26116	0	26569	90000
1787040780	request	1406	28763244	28758893	61792	21930258432	2950444	444854	21035364	8122332	26116	0	26569	84000
1787040782	request	1408	28763244	28758892	61792	21930258432	2950444	444854	21035112	8122332	26116	0	26569	88000
1787040783	request	1409	28763244	28758893	61792	21930258432	2950444	444854	21035112	8122332	26116	0	26569	83000
1787040784	request	1410	28763244	28758892	61792	21930258432	2950444	444854	21035256	8122332	26116	0	26569	85000
1787040786	request	1412	28763244	28758893	61792	21930258432	2950444	444854	21035804	8122332	26116	0	26569	84000
1787040787	request	1413	28763244	28758892	61792	21930258432	2950444	444854	21035804	8122332	26116	0	26569	83000
1787040788	request	1414	28763244	28758892	61792	21930258432	2950444	444854	21035648	8122332	26116	0	26569	88000
1787040790	request	1416	28763244	28758891	61792	21930258432	2950444	444854	21035692	8122332	26116	0	26569	84000
1787040791	request	1417	28763244	28758892	61792	21930258432	2950444	444854	21035692	8122332	26116	0	26569	83000
1787040792	request	1418	28763244	28758892	61792	21930258432	2950444	444854	21035692	8122332	26116	0	26569	85000
1787040793	request	1419	28763244	28758892	61792	21930258432	2950444	444854	21035620	8122332	26116	0	26569	85000
1787040795	request	1421	28763244	28758893	61792	21930258432	2950444	444854	21035872	8122332	26116	0	26569	82000
1787040796	request	1422	28763244	28758893	61792	21930258432	2950444	444854	21035872	8122332	26116	0	26569	82000
1787040797	request	1423	28763244	28758892	61792	21930258432	2950444	444854	21035872	8122332	26116	0	26569	84000
1787040799	request	1425	28763244	28758892	61792	21930258432	2950444	444854	21035652	8122332	26116	0	26569	90000
1787040800	request	1426	28763244	28758891	61792	21930258432	2950444	444854	21035400	8122332	26116	0	26569	90000
1787040801	request	1427	28763244	28758893	61792	21930258432	2950444	444854	21035148	8122332	26116	0	26569	84000
1787040803	request	1429	28763244	28758892	61792	21930258432	2950444	444854	21035148	8122332	26116	0	26569	82000
1787040804	request	1430	28763244	28758892	61792	21930258432	2950444	444854	21034908	8122332	26116	0	26569	88000
1787040805	request	1431	28763244	28758892	61792	21930258432	2950444	444854	21034728	8122332	26116	0	26569	84000
1787040807	request	1433	28763244	28758892	61792	21930258432	2950444	444854	21035712	8122332	26116	0	26569	85000
1787040808	request	1434	28763244	28758891	61792	21930258432	2950444	444854	21035772	8122332	26116	0	26569	83000
1787040809	request	1435	28763244	28758892	61792	21930258432	2950444	444854	21036112	8122332	26116	0	26569	81000
1787040810	request	1436	28763244	28758892	61792	21930258432	2950444	444854	21036480	8122332	26116	0	26569	87000
1787040812	request	1438	28763244	28758891	61792	21930258432	2950444	444854	21036200	8122332	26116	0	26569	83000
1787040813	request	1439	28763244	28758892	61792	21930258432	2950444	444854	21035080	8122332	26116	0	26569	88000
1787040814	request	1440	28763244	28758893	61792	21930258432	2950444	444854	21034700	8122332	26116	0	26569	88000
1787040816	request	1442	28763244	28758891	61792	21930258432	2950444	444854	21035984	8122332	26116	0	26569	83000
1787040817	request	1443	28763244	28758891	61792	21930258432	2950444	444854	21035480	8122332	26116	0	26569	86000
1787040818	request	1444	28763244	28758892	61792	21930258432	2950444	444854	21035532	8122332	26116	0	26569	83000
1787040819	request	1445	28763244	28758892	61792	21930258432	2950444	444854	21035628	8122332	26116	0	26569	86000
1787040821	request	1447	28763244	28758893	61792	21930258432	2950444	444854	21035376	8122332	26116	0	26569	87000
1787040822	request	1448	28763244	28758891	61792	21930258432	2950444	444854	21034116	8122332	26116	0	26569	83000
1787040823	request	1449	28763244	28758892	61792	21930258432	2950444	444854	21034296	8122332	26116	0	26569	86000
1787040825	request	1451	28763244	28758893	61792	21930258432	2950444	444854	21034448	8122332	26116	0	26569	88000
1787040826	request	1452	28763244	28758892	61792	21930258432	2950444	444854	21034700	8122332	26116	0	26569	84000
1787040827	request	1453	28763244	28758893	61792	21930258432	2950444	444854	21034792	8122332	26116	0	26569	87000
1787040829	request	1455	28763244	28758892	61792	21930258432	2950444	444854	21034448	8122332	26116	0	26569	83000
1787040830	request	1456	28763244	28758892	61792	21930258432	2950444	444854	21034536	8122332	26116	0	26569	86000
1787040831	request	1457	28763244	28758892	61792	21930258432	2950444	444854	21034832	8122332	26116	0	26569	83000
1787040833	request	1459	28763244	28758892	61792	21930258432	2950444	444854	21034328	8122332	26116	0	26569	83000
1787040834	request	1460	28763244	28758892	61792	21930258432	2950444	444854	21034580	8122332	26116	0	26569	86000
1787040835	request	1461	28763244	28758891	61792	21930258432	2950444	444854	21034580	8122332	26116	0	26569	86000
1787040836	request	1462	28763244	28758892	61792	21930258432	2950444	444854	21034340	8122332	26116	0	26569	86000
1787040838	request	1464	28763244	28758893	61792	21930258432	2950444	444854	21034232	8122332	26116	0	26569	88000
1787040839	request	1465	28763244	28758891	61792	21930258432	2950444	444854	21035008	8122332	26116	0	26569	83000
1787040840	request	1466	28763244	28758892	61792	21930258432	2950444	444854	21035292	8122332	26116	0	26569	88000
1787040842	request	1468	28763244	28758891	61792	21930258432	2950444	444854	21035188	8122332	26116	0	26569	90000
1787040843	request	1469	28763244	28758892	61792	21930258432	2950444	444854	21035188	8122332	26116	0	26569	83000
1787040844	request	1470	28763244	28758892	61792	21930258432	2950444	444854	21036244	8122332	26116	0	26569	88000
1787040846	request	1472	28763244	28758891	61792	21930258432	2950444	444854	21035744	8122332	26116	0	26569	84000
1787040847	request	1473	28763244	28758892	61792	21930258432	2950444	444854	21035816	8122332	26116	0	26569	83000
1787040848	request	1474	28763244	28758893	61792	21930258432	2950444	444854	21036048	8122332	26116	0	26569	84000
1787040849	request	1475	28763244	28758893	61792	21930258432	2950444	444854	21036048	8122332	26116	0	26569	83000
1787040851	request	1477	28763244	28758892	61792	21930258432	2950444	444854	21035996	8122332	26116	0	26569	85000
1787040852	request	1478	28763244	28758893	61792	21930258432	2950444	444854	21035996	8122332	26116	0	26569	86000
1787040853	request	1479	28763244	28758891	61792	21930258432	2950444	444854	21035996	8122332	26116	0	26569	83000
1787040855	request	1481	28763244	28758892	61792	21930258432	2950444	444854	21035996	8122332	26116	0	26569	85000
1787040856	request	1482	28763244	28758891	61792	21930258432	2950444	444854	21035860	8122332	26116	0	26569	85000
1787040857	request	1483	28763244	28758891	61792	21930258432	2950444	444854	21036124	8122332	26116	0	26569	83000
1787040859	request	1485	28763244	28758893	61792	21930258432	2950444	444854	21035392	8122332	26116	0	26569	90000
1787040860	request	1486	28763244	28758892	61792	21930258432	2950444	444854	21035392	8122332	26116	0	26569	90000
1787040861	request	1487	28763244	28758893	61792	21930258432	2950444	444854	21035140	8122332	26116	0	26569	81000
1787040863	request	1489	28763244	28758892	61792	21930258432	2950444	444854	21034028	8122332	26116	0	26569	84000
1787040864	request	1490	28763244	28758892	61792	21930258432	2950444	444854	21035184	8122332	26116	0	26569	84000
1787040865	request	1491	28763244	28758893	61792	21930258432	2950444	444854	21034932	8122332	26116	0	26569	81000
1787040866	request	1492	28763244	28758892	61792	21930258432	2950444	444854	21034964	8122332	26116	0	26569	88000
1787040868	request	1494	28763244	28758892	61792	21930258432	2950444	444854	21034712	8122332	26116	0	26569	83000
1787040869	request	1495	28763244	28758892	61792	21930258432	2950444	444854	21034460	8122332	26116	0	26569	88000
1787040870	request	1496	28763244	28758891	61792	21930258432	2950444	444854	21034460	8122332	26116	0	26569	88000
1787040872	request	1498	28763244	28758893	61792	21930258432	2950444	444854	21036712	8122332	26116	0	26569	83000
1787040873	request	1499	28763244	28758892	61792	21930258432	2950444	444854	21036460	8122332	26116	0	26569	88000
1787040874	request	1500	28763244	28758891	61792	21930258432	2950444	444854	21035704	8122332	26116	0	26569	84000
1787040875	request	1501	28763244	28758891	61792	21930258432	2950444	444854	21035088	8122332	26116	0	26569	88000
1787040877	request	1503	28763244	28758892	61792	21930258432	2950444	444854	21034632	8122332	26116	0	26569	86000
1787040878	request	1504	28763244	28758891	61792	21930258432	2950444	444854	21033764	8122332	26116	0	26569	83000
1787040879	request	1505	28763244	28758891	61792	21930258432	2950444	444854	21033384	8122332	26116	0	26569	92000
1787040881	request	1507	28763244	28758892	61792	21930258432	2950444	444854	21034064	8122332	26116	0	26569	83000
1787040882	request	1508	28763244	28758892	61792	21930258432	2950444	444854	21033908	8122332	26116	0	26569	83000
1787040883	request	1509	28763244	28758891	61792	21930258432	2950444	444854	21033212	8122332	26116	0	26569	86000
1787040884	request	1510	28763244	28758892	61792	21930258432	2950444	444854	21033452	8122332	26116	0	26569	83000
1787040886	request	1512	28763244	28758891	61792	21930258432	2950444	444854	21034320	8122332	26116	0	26569	82000
1787040887	request	1513	28763244	28758891	61792	21930258432	2950444	444854	21034716	8122332	26116	0	26569	86000
1787040888	request	1514	28763244	28758892	61792	21930258432	2950444	444854	21034004	8122332	26116	0	26569	84000
1787040890	request	1516	28763244	28758891	61792	21930258432	2950444	444854	21033736	8122332	26116	0	26569	88000
1787040891	request	1517	28763244	28758892	61792	21930258432	2950444	444854	21033736	8122332	26116	0	26569	83000
1787040892	request	1518	28763244	28758891	61792	21930258432	2950444	444854	21033736	8122332	26116	0	26569	83000
1787040893	request	1519	28763244	28758891	61792	21930258432	2950444	444854	21033952	8122332	26116	0	26569	88000
1787040895	request	1521	28763244	28758892	61792	21930258432	2950444	444854	21033952	8122332	26116	0	26569	88000
1787040896	request	1522	28763244	28758892	61792	21930258432	2950444	444854	21033828	8122332	26116	0	26569	84000
1787040897	request	1523	28763244	28758893	61792	21930258432	2950444	444854	21033464	8122332	26116	0	26569	86000
1787040899	request	1525	28763244	28758892	61792	21930258432	2950444	444854	21034764	8122332	26116	0	26569	83000
1787040900	request	1526	28763244	28758891	61792	21930258432	2950444	444854	21034764	8122332	26116	0	26569	86000
1787040901	request	1527	28763244	28758891	61792	21930258432	2950444	444854	21034148	8122332	26116	0	26569	88000
1787040903	request	1529	28763244	28758892	61792	21930258432	2950444	444854	21034088	8122332	26116	0	26569	85000
1787040904	request	1530	28763244	28758892	61792	21930258432	2950444	444854	21034388	8122332	26116	0	26569	87000
1787040905	request	1531	28763244	28758893	61792	21930258432	2950444	444854	21034388	8122332	26116	0	26569	84000
1787040906	request	1532	28763244	28758892	61792	21930258432	2950444	444854	21034388	8122332	26116	0	26569	86000
1787040908	request	1534	28763244	28758891	61792	21930258432	2950444	444854	21034136	8122332	26116	0	26569	92000
1787040909	request	1535	28763244	28758893	61792	21930258432	2950444	444854	21033884	8122332	26116	0	26569	83000
1787040910	request	1536	28763244	28758891	61792	21930258432	2950444	444854	21035364	8122332	26116	0	26569	85000
1787040912	request	1538	28763244	28758890	61792	21930258432	2950444	444854	21035104	8122332	26116	0	26569	84000
1787040913	request	1539	28763244	28758892	61792	21930258432	2950444	444854	21034948	8122332	26116	0	26569	83000
1787040914	request	1540	28763244	28758890	61792	21930258432	2950444	444854	21034456	8122332	26116	0	26569	89000
1787040916	request	1542	28763244	28758890	61792	21930258432	2950444	444854	21033520	8122332	26116	0	26569	88000
1787040917	request	1543	28763244	28758891	61792	21930258432	2950444	444854	21033724	8122332	26116	0	26569	84000
1787040918	request	1544	28763244	28758891	61792	21930258432	2950444	444854	21033724	8122332	26116	0	26569	89000
1787040920	request	1546	28763244	28758891	61792	21930258432	2950444	444854	21033724	8122332	26116	0	26569	85000
1787040921	request	1547	28763244	28758890	61792	21930258432	2950444	444854	21033700	8122332	26116	0	26569	83000
1787040922	request	1548	28763244	28758890	61792	21930258432	2950444	444854	21033700	8122332	26116	0	26569	87000
1787040923	request	1549	28763244	28758892	61792	21930258432	2950444	444854	21034032	8122332	26116	0	26569	83000
1787040925	request	1551	28763244	28758891	61792	21930258432	2950444	444854	21033976	8122332	26116	0	26569	88000
1787040926	request	1552	28763244	28758891	61792	21930258432	2950444	444854	21034968	8122332	26116	0	26569	88000
1787040927	request	1553	28763244	28758891	61792	21930258432	2950444	444854	21034352	8122332	26116	0	26569	84000
1787040929	request	1555	28763244	28758891	61792	21930258432	2950444	444854	21034388	8122332	26116	0	26569	83000
1787040930	request	1556	28763244	28758891	61792	21930258432	2950444	444854	21034136	8122332	26116	0	26569	84000
1787040931	request	1557	28763244	28758891	61792	21930258432	2950444	444854	21033884	8122332	26116	0	26569	83000
1787040932	request	1558	28763244	28758890	61792	21930258432	2950444	444854	21033884	8122332	26116	0	26569	86000
1787040934	request	1560	28763244	28758890	61792	21930258432	2950444	444854	21033128	8122332	26116	0	26569	89000
1787040935	request	1561	28763244	28758891	61792	21930258432	2950444	444854	21033856	8122332	26116	0	26569	84000
1787040936	request	1562	28763244	28758890	61792	21930258432	2950444	444854	21033656	8122332	26116	0	26569	90000
1787040938	request	1564	28763244	28758891	61792	21930258432	2950444	444854	21033164	8122332	26116	0	26569	83000
1787040939	request	1565	28763244	28758891	61792	21930258432	2950444	444854	21033164	8122332	26116	0	26569	86000
1787040940	request	1566	28763244	28758891	61792	21930258432	2950444	444854	21033692	8122332	26116	0	26569	85000
1787040942	request	1568	28763244	28758891	61792	21930258432	2950444	444854	21032728	8122332	26116	0	26569	84000
1787040943	request	1569	28763244	28758890	61792	21930258432	2950444	444854	21032824	8122332	26116	0	26569	86000
1787040944	request	1570	28763244	28758892	61792	21930258432	2950444	444854	21032328	8122332	26116	0	26569	83000
1787040945	request	1571	28763244	28758891	61792	21930258432	2950444	444854	21032568	8122332	26116	0	26569	83000
1787040947	request	1573	28763244	28758891	61792	21930258432	2950444	444854	21033312	8122332	26116	0	26569	86000
1787040948	request	1574	28763244	28758892	61792	21930258432	2950444	444854	21032948	8122332	26116	0	26569	87000
1787040949	request	1575	28763244	28758891	61792	21930258432	2950444	444854	21032556	8122332	26116	0	26569	84000
1787040951	request	1577	28763244	28758891	61792	21930258432	2950444	444854	21032556	8122332	26116	0	26569	89000
1787040952	request	1578	28763244	28758892	61792	21930258432	2950444	444854	21032724	8122332	26116	0	26569	82000
1787040953	request	1579	28763244	28758890	61792	21930258432	2950444	444854	21032432	8122332	26116	0	26569	86000
1787040955	request	1581	28763244	28758891	61792	21930258432	2950444	444854	21033920	8122332	26116	0	26569	84000
1787040956	request	1582	28763244	28758891	61792	21930258432	2950444	444854	21035180	8122332	26116	0	26569	83000
1787040957	request	1583	28763244	28758892	61792	21930258432	2950444	444854	21034928	8122332	26116	0	26569	89000
1787040958	request	1584	28763244	28758890	61792	21930258432	2950444	444854	21034676	8122332	26116	0	26569	92000
1787040960	request	1586	28763244	28758891	61792	21930258432	2950444	444854	21033680	8122332	26116	0	26569	84000
1787040961	request	1587	28763244	28758891	61792	21930258432	2950444	444854	21035072	8122332	26116	0	26569	90000
1787040962	request	1588	28763244	28758892	61792	21930258432	2950444	444854	21034180	8122332	26116	0	26569	86000
1787040964	request	1590	28763244	28758891	61792	21930258432	2950444	444854	21034180	8122332	26116	0	26569	84000
1787040965	request	1591	28763244	28758891	61792	21930258432	2950444	444854	21034444	8122332	26116	0	26569	87000
1787040966	request	1592	28763244	28758892	61792	21930258432	2950444	444854	21034444	8122332	26116	0	26569	84000
1787040967	request	1593	28763244	28758891	61792	21930258432	2950444	444854	21035044	8122332	26116	0	26569	82000
1787040969	request	1595	28763244	28758893	61792	21930258432	2950444	444854	21035044	8122332	26116	0	26569	86000
1787040970	request	1596	28763244	28758892	61792	21930258432	2950444	444854	21034552	8122332	26116	0	26569	83000
1787040971	request	1597	28763244	28758891	61792	21930258432	2950444	444854	21035392	8122332	26116	0	26569	86000
1787040973	request	1599	28763244	28758891	61792	21930258432	2950444	444854	21035512	8122332	26116	0	26569	85000
1787040974	request	1600	28763244	28758891	61792	21930258432	2950444	444854	21035044	8122332	26116	0	26569	83000
1787040975	request	1601	28763244	28758892	61792	21930258432	2950444	444854	21035140	8122332	26116	0	26569	86000
1787040977	request	1603	28763244	28758891	61792	21930258432	2950444	444854	21035140	8122332	26116	0	26569	86000
1787040978	request	1604	28763244	28758891	61792	21930258432	2950444	444854	21036328	8122332	26116	0	26569	83000
1787040979	request	1605	28763244	28758891	61792	21930258432	2950444	444854	21036076	8122332	26116	0	26569	85000
1787040980	request	1606	28763244	28758891	61792	21930258432	2950444	444854	21036076	8122332	26116	0	26569	90000
1787040982	request	1608	28763244	28758892	61792	21930258432	2950444	444854	21035824	8122332	26116	0	26569	83000
1787040983	request	1609	28763244	28758891	61792	21930258432	2950444	444854	21035824	8122332	26116	0	26569	84000
1787040984	request	1610	28763244	28758891	61792	21930258432	2950444	444854	21034600	8122332	26116	0	26569	83000
1787040986	request	1612	28763244	28758891	61792	21930258432	2950444	444854	21034852	8122332	26116	0	26569	85000
1787040987	request	1613	28763244	28758891	61792	21930258432	2950444	444854	21034612	8122332	26116	0	26569	89000
1787040988	request	1614	28763244	28758891	61792	21930258432	2950444	444854	21034364	8122332	26116	0	26569	83000
1787040990	request	1616	28763244	28758891	61792	21930258432	2950444	444854	21035288	8122332	26116	0	26569	86000
1787040991	request	1617	28763244	28758891	61792	21930258432	2950444	444854	21035424	8122332	26116	0	26569	88000
1787040992	request	1618	28763244	28758891	61792	21930258432	2950444	444854	21034920	8122332	26116	0	26569	83000
1787040993	request	1619	28763244	28758892	61792	21930258432	2950444	444854	21034920	8122332	26116	0	26569	86000
1787040995	request	1621	28763244	28758893	61792	21930258432	2950444	444854	21034920	8122332	26116	0	26569	86000
1787040996	request	1622	28763244	28758892	61792	21930258432	2950444	444854	21034920	8122332	26116	0	26569	83000
1787040997	request	1623	28763244	28758891	61792	21930258432	2950444	444854	21034920	8122332	26116	0	26569	90000
1787040999	request	1625	28763244	28758893	61792	21930258432	2950444	444854	21034556	8122332	26116	0	26569	86000
1787041000	request	1626	28763244	28758893	61792	21930258432	2950444	444854	21034700	8122332	26116	0	26569	83000
1787041001	request	1627	28763244	28758891	61792	21930258432	2950444	444854	21034752	8122332	26116	0	26569	84000
1787041003	request	1629	28763244	28758892	61792	21930258432	2950444	444854	21035604	8122332	26116	0	26569	84000
1787041004	request	1630	28763244	28758891	61792	21930258432	2950444	444854	21036300	8122332	26116	0	26569	83000
1787041005	request	1631	28763244	28758891	61792	21930258432	2950444	444854	21036300	8122332	26116	0	26569	88000
1787041006	request	1632	28763244	28758893	61792	21930258432	2950444	444854	21036684	8122332	26116	0	26569	84000
1787041008	request	1634	28763244	28758893	61792	21930258432	2950444	444854	21037468	8122332	26116	0	26569	88000
1787041009	request	1635	28763244	28758891	61792	21930258432	2950444	444854	21037468	8122332	26116	0	26569	88000
1787041010	request	1636	28763244	28758892	61792	21930258432	2950444	444854	21037468	8122332	26116	0	26569	86000
1787041012	request	1638	28763244	28758892	61792	21930258432	2950444	444854	21037796	8122332	26116	0	26569	90000
1787041013	request	1639	28763244	28758891	61792	21930258432	2950444	444854	21038200	8122332	26116	0	26569	84000
1787041014	request	1640	28763244	28758891	61792	21930258432	2950444	444854	21038200	8122332	26116	0	26569	84000
1787041016	request	1642	28763244	28758892	61792	21930258432	2950444	444854	21038200	8122332	26116	0	26569	83000
1787041017	request	1643	28763244	28758892	61792	21930258432	2950444	444854	21037940	8122332	26116	0	26569	86000
1787041018	request	1644	28763244	28758892	61792	21930258432	2950444	444854	21037940	8122332	26116	0	26569	83000
1787041019	request	1645	28763244	28758891	61792	21930258432	2950444	444854	21038280	8122332	26116	0	26569	88000
1787041021	request	1647	28763244	28758891	61792	21930258432	2950444	444854	21037776	8122332	26116	0	26569	83000
1787041022	request	1648	28763244	28758891	61792	21930258432	2950444	444854	21037976	8122332	26116	0	26569	84000
1787041023	request	1649	28763244	28758892	61792	21930258432	2950444	444854	21037724	8122332	26116	0	26569	85000
1787041025	request	1651	28763244	28758891	61792	21930258432	2950444	444854	21037976	8122332	26116	0	26569	84000
1787041026	request	1652	28763244	28758892	61792	21930258432	2950444	444854	21038512	8122332	26116	0	26569	88000
1787041027	request	1653	28763244	28758892	61792	21930258432	2950444	444854	21038764	8122332	26116	0	26569	88000
1787041029	request	1655	28763244	28758891	61792	21930258432	2950444	444854	21039588	8122332	26116	0	26569	85000
1787041030	request	1656	28763244	28758892	61792	21930258432	2950444	444854	21040024	8122332	26116	0	26569	90000
1787041031	request	1657	28763244	28758893	61792	21930258432	2950444	444854	21040272	8122332	26116	0	26569	87000
1787041032	request	1658	28763244	28758893	61792	21930258432	2950444	444854	21040020	8122332	26116	0	26569	84000
1787041034	request	1660	28763244	28758892	61792	21930258432	2950444	444854	21039528	8122332	26116	0	26569	86000
1787041035	request	1661	28763244	28758891	61792	21930258432	2950444	444854	21040436	8122332	26116	0	26569	89000
1787041036	request	1662	28763244	28758891	61792	21930258432	2950444	444854	21040092	8122332	26116	0	26569	84000
1787041038	request	1664	28763244	28758892	61792	21930258432	2950444	444854	21040008	8122332	26116	0	26569	89000
1787041039	request	1665	28763244	28758892	61792	21930258432	2950444	444854	21039772	8122332	26116	0	26569	89000
1787041040	request	1666	28763244	28758891	61792	21930258432	2950444	444854	21039772	8122332	26116	0	26569	84000
1787041042	request	1668	28763244	28758892	61792	21930258432	2950444	444854	21039724	8122332	26116	0	26569	89000
1787041043	request	1669	28763244	28758891	61792	21930258432	2950444	444854	21039108	8122332	26116	0	26569	86000
1787041044	request	1670	28763244	28758893	61792	21930258432	2950444	444854	21039436	8122332	26116	0	26569	88000
1787041045	request	1671	28763244	28758891	61792	21930258432	2950444	444854	21038932	8122332	26116	0	26569	85000
1787041047	request	1673	28763244	28758892	61792	21930258432	2950444	444854	21038932	8122332	26116	0	26569	83000
1787041048	request	1674	28763244	28758891	61792	21930258432	2950444	444854	21039616	8122332	26116	0	26569	88000
1787041049	request	1675	28763244	28758891	61792	21930258432	2950444	444854	21039236	8122332	26116	0	26569	90000
1787041051	request	1677	28763244	28758892	61792	21930258432	2950444	444854	21038516	8122332	26116	0	26569	84000
1787041052	request	1678	28763244	28758891	61792	21930258432	2950444	444854	21038488	8122332	26116	0	26569	88000
1787041053	request	1679	28763244	28758892	61792	21930258432	2950444	444854	21037228	8122332	26116	0	26569	83000
1787041054	request	1680	28763244	28758892	61792	21930258432	2950444	444854	21036496	8122332	26116	0	26569	84000
1787041056	request	1682	28763244	28758891	61792	21930258432	2950444	444854	21036244	8122332	26116	0	26569	80000
1787041057	request	1683	28763244	28758892	61792	21930258432	2950444	444854	21036388	8122332	26116	0	26569	90000
1787041058	request	1684	28763244	28758891	61792	21930258432	2950444	444854	21036404	8122332	26116	0	26569	85000
1787041060	request	1686	28763308	28758955	61792	21930258432	2950445	444854	21037056	8122332	26116	0	26569	83000
1787041061	request	1687	28763308	28758956	61792	21930258432	2950445	444854	21037084	8122332	26116	0	26569	83000
1787041062	request	1688	28763308	28758957	61792	21930258432	2950445	444854	21037084	8122332	26116	0	26569	83000
1787041064	request	1690	28763308	28758956	61792	21930258432	2950445	444854	21036972	8122332	26116	0	26569	85000
1787041065	request	1691	28763308	28758955	61792	21930258432	2950445	444854	21036492	8122332	26116	0	26569	86000
1787041066	request	1692	28763308	28758955	61792	21930258432	2950445	444854	21036116	8122332	26116	0	26569	89000
1787041067	request	1693	28763308	28758956	61792	21930258432	2950445	444854	21036048	8122332	26116	0	26569	86000
1787041069	request	1695	28763308	28758955	61792	21930258432	2950445	444854	21036868	8122332	26116	0	26569	86000
1787041070	request	1696	28763308	28758955	61792	21930258432	2950445	444854	21036296	8122332	26116	0	26569	84000
1787041071	request	1697	28763308	28758955	61792	21930258432	2950445	444854	21035912	8122332	26116	0	26569	86000
1787041073	request	1699	28763308	28758956	61792	21930258432	2950445	444854	21034400	8122332	26116	0	26569	83000
1787041074	request	1700	28763308	28758955	61792	21930258432	2950445	444854	21033956	8122332	26116	0	26569	89000
1787041075	request	1701	28763308	28758955	61792	21930258432	2950445	444854	21034320	8122332	26116	0	26569	90000
1787041076	request	1702	28763308	28758955	61792	21930258432	2950445	444854	21034068	8122332	26116	0	26569	83000
1787041078	request	1704	28763308	28758955	61792	21930258432	2950445	444854	21034068	8122332	26116	0	26569	84000
1787041079	request	1705	28763308	28758955	61792	21930258432	2950445	444854	21034144	8122332	26116	0	26569	86000
1787041080	request	1706	28763308	28758956	61792	21930258432	2950445	444854	21033892	8122332	26116	0	26569	83000
1787041082	request	1708	28763308	28758956	61792	21930258432	2950445	444854	21033588	8122332	26116	0	26569	88000
1787041083	request	1709	28763308	28758955	61792	21930258432	2950445	444854	21034672	8122332	26116	0	26569	87000
1787041084	request	1710	28763308	28758955	61792	21930258432	2950445	444854	21034924	8122332	26116	0	26569	83000
1787041086	request	1712	28763308	28758955	61792	21930258432	2950445	444854	21034924	8122332	26116	0	26569	84000
1787041087	request	1713	28763308	28758955	61792	21930258432	2950445	444854	21034924	8122332	26116	0	26569	83000
1787041088	request	1714	28763308	28758957	61792	21930258432	2950445	444854	21034936	8122332	26116	0	26569	84000
1787041090	request	1716	28763308	28758957	61792	21930258432	2950445	444854	21036356	8122332	26116	0	26569	84000
1787041091	request	1717	28763308	28758955	61792	21930258432	2950445	444854	21036356	8122332	26116	0	26569	83000
1787041092	request	1718	28763308	28758955	61792	21930258432	2950445	444854	21036112	8122332	26116	0	26569	86000
1787041093	request	1719	28763308	28758955	61792	21930258432	2950445	444854	21036112	8122332	26116	0	26569	90000
1787041095	request	1721	28763308	28758955	61792	21930258432	2950445	444854	21036160	8122332	26116	0	26569	85000
1787041096	request	1722	28763308	28758955	61792	21930258432	2950445	444854	21035544	8122332	26116	0	26569	88000
1787041097	request	1723	28763308	28758957	61792	21930258432	2950445	444854	21036268	8122332	26116	0	26569	87000
1787041099	request	1725	28763308	28758957	61792	21930258432	2950445	444854	21036432	8122332	26116	0	26569	83000
1787041100	request	1726	28763308	28758955	61792	21930258432	2950445	444854	21036180	8122332	26116	0	26569	92000
1787041101	request	1727	28763308	28758957	61792	21930258432	2950445	444854	21035172	8122332	26116	0	26569	85000
1787041102	request	1728	28763308	28758955	61792	21930258432	2950445	444854	21035172	8122332	26116	0	26569	83000
1787041104	request	1730	28763308	28758956	61792	21930258432	2950445	444854	21035172	8122332	26116	0	26569	88000
1787041105	request	1731	28763308	28758956	61792	21930258432	2950445	444854	21035172	8122332	26116	0	26569	85000
1787041106	request	1732	28763308	28758955	61792	21930258432	2950445	444854	21036384	8122332	26116	0	26569	83000
1787041108	request	1734	28763308	28758957	61792	21930258432	2950445	444854	21036132	8122332	26116	0	26569	88000
1787041109	request	1735	28763308	28758955	61792	21930258432	2950445	444854	21036156	8122332	26116	0	26569	87000
1787041110	request	1736	28763308	28758956	61792	21930258432	2950445	444854	21036156	8122332	26116	0	26569	84000
1787041112	request	1738	28763308	28758955	61792	21930258432	2950445	444854	21038024	8122332	26116	0	26569	90000
1787041113	request	1739	28763308	28758955	61792	21930258432	2950445	444854	21037772	8122332	26116	0	26569	83000
1787041114	request	1740	28763308	28758955	61792	21930258432	2950445	444854	21037616	8122332	26116	0	26569	83000
1787041115	request	1741	28763308	28758955	61792	21930258432	2950445	444854	21039232	8122332	26116	0	26569	84000
1787041117	request	1743	28763308	28758955	61792	21930258432	2950445	444854	21038996	8122332	26116	0	26569	83000
1787041118	request	1744	28763308	28758956	61792	21930258432	2950445	444854	21038616	8122332	26116	0	26569	84000
1787041119	request	1745	28763308	28758956	61792	21930258432	2950445	444854	21039588	8122332	26116	0	26569	88000
1787041120	request	1746	28763308	28758956	61792	21930258432	2950445	444854	21039032	8122332	26116	0	26569	84000
1787041122	request	1748	28763308	28758955	61792	21930258432	2950445	444854	21039332	8122332	26116	0	26569	88000
1787041123	request	1749	28763308	28758955	61792	21930258432	2950445	444854	21039080	8122332	26116	0	26569	88000
1787041124	request	1750	28763308	28758956	61792	21930258432	2950445	444854	21038084	8122332	26116	0	26569	84000
1787041126	request	1752	28763308	28758957	61792	21930258432	2950445	444854	21038084	8122332	26116	0	26569	88000
1787041127	request	1753	28763308	28758956	61792	21930258432	2950445	444854	21038084	8122332	26116	0	26569	85000
1787041128	request	1754	28763308	28758957	61792	21930258432	2950445	444854	21037832	8122332	26116	0	26569	83000
1787041130	request	1756	28763308	28758956	61792	21930258432	2950445	444854	21038100	8122332	26116	0	26569	87000
1787041131	request	1757	28763308	28758955	61792	21930258432	2950445	444854	21037600	8122332	26116	0	26569	82000
1787041132	request	1758	28763308	28758956	61792	21930258432	2950445	444854	21037344	8122332	26116	0	26569	83000
1787041134	request	1760	28763308	28758957	61792	21930258432	2950445	444854	21037196	8122332	26116	0	26569	85000
1787041135	request	1761	28763308	28758955	61792	21930258432	2950445	444854	21036692	8122332	26116	0	26569	88000
1787041136	request	1762	28763308	28758956	61792	21930258432	2950445	444854	21037668	8122332	26116	0	26569	86000
1787041137	request	1763	28763308	28758955	61792	21930258432	2950445	444854	21039524	8122332	26116	0	26569	86000
1787041139	request	1765	28763308	28758955	61792	21930258432	2950445	444854	21039836	8122332	26116	0	26569	90000
1787041140	request	1766	28763308	28758955	61792	21930258432	2950445	444854	21039684	8122332	26116	0	26569	83000
1787041141	request	1767	28763308	28758955	61792	21930258432	2950445	444854	21040724	8122332	26116	0	26569	90000
1787041143	request	1769	28763308	28758957	61792	21930258432	2950445	444854	21039716	8122332	26116	0	26569	90000
1787041144	request	1770	28763308	28758957	61792	21930258432	2950445	444854	21040088	8122332	26116	0	26569	83000
1787041145	request	1771	28763308	28758955	61792	21930258432	2950445	444854	21039848	8122332	26116	0	26569	89000
1787041147	request	1773	28763308	28758957	61792	21930258432	2950445	444854	21039428	8122332	26116	0	26569	83000
1787041148	request	1774	28763308	28758957	61792	21930258432	2950445	444854	21039188	8122332	26116	0	26569	86000
1787041149	request	1775	28763308	28758955	61792	21930258432	2950445	444854	21039188	8122332	26116	0	26569	85000
1787041150	request	1776	28763308	28758957	61792	21930258432	2950445	444854	21040856	8122332	26116	0	26569	85000
1787041152	request	1778	28763308	28758956	61792	21930258432	2950445	444854	21040352	8122332	26116	0	26569	82000
1787041153	request	1779	28763308	28758956	61792	21930258432	2950445	444854	21039596	8122332	26116	0	26569	89000
1787041154	request	1780	28763308	28758956	61792	21930258432	2950445	444854	21039344	8122332	26116	0	26569	85000
1787041156	request	1782	28763308	28758956	61792	21930258432	2950445	444854	21040788	8122332	26116	0	26569	87000
1787041157	request	1783	28763308	28758955	61792	21930258432	2950445	444854	21040688	8122332	26116	0	26569	86000
1787041158	request	1784	28763308	28758955	61792	21930258432	2950445	444854	21040688	8122332	26116	0	26569	83000
1787041159	request	1785	28763308	28758955	61792	21930258432	2950445	444854	21041228	8122332	26116	0	26569	88000
1787041161	request	1787	28763308	28758955	61792	21930258432	2950445	444854	21040876	8122336	26117	0	26571	86000
1787041162	request	1788	28763308	28758956	61792	21930258432	2950445	444854	21040500	8122336	26117	0	26571	83000
1787041163	request	1789	28763308	28758955	61792	21930258432	2950445	444854	21040772	8122336	26117	0	26571	86000
1787041165	request	1791	28763308	28758956	61792	21930258432	2950445	444854	21040268	8122336	26117	0	26571	81000
1787041166	request	1792	28763308	28758956	61792	21930258432	2950445	444854	21040192	8122336	26117	0	26571	83000
1787041167	request	1793	28763308	28758956	61792	21930258432	2950445	444854	21040192	8122336	26117	0	26571	88000
1787041168	request	1794	28763308	28758956	61792	21930258432	2950445	444854	21040916	8122336	26117	0	26571	88000
1787041170	request	1796	28763308	28758955	61792	21930258432	2950445	444854	21041868	8122336	26117	0	26571	84000
1787041171	request	1797	28763308	28758957	61792	21930258432	2950445	444854	21041620	8122336	26117	0	26571	83000
1787041172	request	1798	28763308	28758956	61792	21930258432	2950445	444854	21042324	8122336	26117	0	26571	89000
1787041174	request	1800	28763308	28758957	61792	21930258432	2950445	444854	21042072	8122336	26117	0	26571	84000
1787041175	request	1801	28763308	28758956	61792	21930258432	2950445	444854	21042324	8122336	26117	0	26571	90000
1787041176	request	1802	28763308	28758957	61792	21930258432	2950445	444854	21042372	8122336	26117	0	26571	86000
1787041178	request	1804	28763308	28758957	61792	21930258432	2950445	444854	21041532	8122336	26117	0	26571	84000
1787041179	request	1805	28763308	28758955	61792	21930258432	2950445	444854	21041540	8122336	26117	0	26571	83000
1787041180	request	1806	28763308	28758956	61792	21930258432	2950445	444854	21041540	8122336	26117	0	26571	86000
1787041181	request	1807	28763308	28758955	61792	21930258432	2950445	444854	21042196	8122336	26117	0	26571	83000
1787041183	request	1809	28763308	28758955	61792	21930258432	2950445	444854	21041944	8122336	26117	0	26571	88000
1787041184	request	1810	28763308	28758955	61792	21930258432	2950445	444854	21041944	8122336	26117	0	26571	83000
1787041185	request	1811	28763308	28758955	61792	21930258432	2950445	444854	21043004	8122336	26117	0	26571	78000
1787041187	request	1813	28763308	28758955	61792	21930258432	2950445	444854	21043792	8122336	26117	0	26571	89000
1787041188	request	1814	28763308	28758955	61792	21930258432	2950445	444854	21043288	8122336	26117	0	26571	83000
1787041189	request	1815	28763308	28758955	61792	21930258432	2950445	444854	21043036	8122336	26117	0	26571	86000
1787041191	request	1817	28763308	28758955	61792	21930258432	2950445	444854	21043280	8122336	26117	0	26571	88000
1787041192	request	1818	28763308	28758956	61792	21930258432	2950445	444854	21043104	8122336	26117	0	26571	83000
1787041193	request	1819	28763308	28758955	61792	21930258432	2950445	444854	21043200	8122336	26117	0	26571	82000
1787041194	request	1820	28763308	28758955	61792	21930258432	2950445	444854	21044120	8122336	26117	0	26571	81000
1787041196	request	1822	28763308	28758956	61792	21930258432	2950445	444854	21043940	8122336	26117	0	26571	83000
1787041197	request	1823	28763308	28758956	61792	21930258432	2950445	444854	21045000	8122336	26117	0	26571	85000
1787041198	request	1824	28763308	28758956	61792	21930258432	2950445	444854	21045000	8122336	26117	0	26571	89000
1787041200	request	1826	28763308	28758955	61792	21930258432	2950445	444854	21044144	8122336	26117	0	26571	84000
1787041201	request	1827	28763308	28758955	61792	21930258432	2950445	444854	21043752	8122336	26117	0	26571	88000
1787041202	request	1828	28763308	28758957	61792	21930258432	2950445	444854	21043752	8122336	26117	0	26571	90000
1787041203	request	1829	28763308	28758955	61792	21930258432	2950445	444854	21043072	8122336	26117	0	26571	85000
1787041205	request	1831	28763308	28758956	61792	21930258432	2950445	444854	21042852	8122336	26117	0	26571	86000
1787041206	request	1832	28763308	28758956	61792	21930258432	2950445	444854	21043052	8122336	26117	0	26571	88000
1787041207	request	1833	28763308	28758955	61792	21930258432	2950445	444854	21041820	8122336	26117	0	26571	84000
1787041209	request	1835	28763308	28758955	61792	21930258432	2950445	444854	21041548	8122336	26117	0	26571	86000
1787041210	request	1836	28763308	28758955	61792	21930258432	2950445	444854	21041056	8122336	26117	0	26571	89000
1787041211	request	1837	28763308	28758956	61792	21930258432	2950445	444854	21040652	8122336	26117	0	26571	84000
1787041213	request	1839	28763308	28758954	61792	21930258432	2950445	444854	21040660	8122336	26117	0	26571	86000
1787041214	request	1840	28763308	28758955	61792	21930258432	2950445	444854	21040660	8122336	26117	0	26571	88000
1787041215	request	1841	28763308	28758954	61792	21930258432	2950445	444854	21040912	8122336	26117	0	26571	84000
1787041217	request	1843	28763308	28758954	61792	21930258432	2950445	444854	21040420	8122336	26117	0	26571	86000
1787041218	request	1844	28763308	28758955	61792	21930258432	2950445	444854	21040420	8122336	26117	0	26571	85000
1787041219	request	1845	28763308	28758955	61792	21930258432	2950445	444854	21040420	8122336	26117	0	26571	83000
1787041220	request	1846	28763308	28758955	61792	21930258432	2950445	444854	21040420	8122336	26117	0	26571	85000
1787041222	request	1848	28763308	28758955	61792	21930258432	2950445	444854	21040420	8122336	26117	0	26571	88000
1787041223	request	1849	28763308	28758955	61792	21930258432	2950445	444854	21040504	8122336	26117	0	26571	83000
1787041224	request	1850	28763308	28758954	61792	21930258432	2950445	444854	21040552	8122336	26117	0	26571	88000
1787041226	request	1852	28763308	28758955	61792	21930258432	2950445	444854	21040080	8122336	26117	0	26571	86000
1787041227	request	1853	28763308	28758954	61792	21930258432	2950445	444854	21040080	8122336	26117	0	26571	83000
1787041228	request	1854	28763308	28758954	61792	21930258432	2950445	444854	21039840	8122336	26117	0	26571	92000
1787041230	request	1856	28763308	28758956	61792	21930258432	2950445	444854	21041076	8122336	26117	0	26571	90000
1787041231	request	1857	28763308	28758954	61792	21930258432	2950445	444854	21040824	8122336	26117	0	26571	84000
1787041232	request	1858	28763308	28758954	61792	21930258432	2950445	444854	21040824	8122336	26117	0	26571	88000
1787041233	request	1859	28763308	28758954	61792	21930258432	2950445	444854	21040824	8122336	26117	0	26571	83000
1787041235	request	1861	28763308	28758954	61792	21930258432	2950445	444854	21039892	8122336	26117	0	26571	82000
1787041236	request	1862	28763308	28758955	61792	21930258432	2950445	444854	21039528	8122336	26117	0	26571	87000
1787041237	request	1863	28763308	28758954	61792	21930258432	2950445	444854	21039136	8122336	26117	0	26571	84000
1787041239	request	1865	28763308	28758954	61792	21930258432	2950445	444854	21039136	8122336	26117	0	26571	85000
1787041240	request	1866	28763308	28758954	61792	21930258432	2950445	444854	21038532	8122336	26117	0	26571	86000
1787041241	request	1867	28763308	28758954	61792	21930258432	2950445	444854	21038392	8122336	26117	0	26571	85000
1787041243	request	1869	28763308	28758955	61792	21930258432	2950445	444854	21036880	8122336	26117	0	26571	82000
1787041244	request	1870	28763308	28758956	61792	21930258432	2950445	444854	21036852	8122336	26117	0	26571	84000
1787041245	request	1871	28763308	28758955	61792	21930258432	2950445	444854	21036852	8122336	26117	0	26571	83000
1787041247	request	1873	28763308	28758955	61792	21930258432	2950445	444854	21036612	8122336	26117	0	26571	82000
1787041248	request	1874	28763308	28758954	61792	21930258432	2950445	444854	21036736	8122336	26117	0	26571	86000
1787041249	request	1875	28763308	28758954	61792	21930258432	2950445	444854	21036736	8122336	26117	0	26571	83000
1787041250	request	1876	28763308	28758955	61792	21930258432	2950445	444854	21036484	8122336	26117	0	26571	78000
1787041252	request	1878	28763308	28758954	61792	21930258432	2950445	444854	21036244	8122336	26117	0	26571	82000
1787041253	request	1879	28763308	28758955	61792	21930258432	2950445	444854	21036244	8122336	26117	0	26571	83000
1787041254	request	1880	28763308	28758955	61792	21930258432	2950445	444854	21036276	8122336	26117	0	26571	86000
1787041256	request	1882	28763308	28758954	61792	21930258432	2950445	444854	21036276	8122336	26117	0	26571	88000
1787041257	request	1883	28763308	28758954	61792	21930258432	2950445	444854	21036276	8122336	26117	0	26571	83000
1787041258	request	1884	28763308	28758955	61792	21930258432	2950445	444854	21036276	8122336	26117	0	26571	90000
1787041260	request	1886	28763308	28758955	61792	21930258432	2950445	444854	21036400	8122336	26117	0	26571	86000
1787041261	request	1887	28763308	28758955	61792	21930258432	2950445	444854	21036792	8122336	26117	0	26571	83000
1787041262	request	1888	28763308	28758955	61792	21930258432	2950445	444854	21037560	8122336	26117	0	26571	81000
1787041263	request	1889	28763308	28758955	61792	21930258432	2950445	444854	21036584	8122336	26117	0	26571	88000
1787041265	request	1891	28763308	28758956	61792	21930258432	2950445	444854	21036332	8122336	26117	0	26571	84000
1787041266	request	1892	28763308	28758954	61792	21930258432	2950445	444854	21036772	8122336	26117	0	26571	90000
1787041267	request	1893	28763308	28758954	61792	21930258432	2950445	444854	21036520	8122336	26117	0	26571	93000
1787041269	request	1895	28763308	28758956	61792	21930258432	2950445	444854	21036016	8122336	26117	0	26571	83000
1787041270	request	1896	28763308	28758954	61792	21930258432	2950445	444854	21035776	8122336	26117	0	26571	87000
1787041271	request	1897	28763308	28758955	61792	21930258432	2950445	444854	21035048	8122336	26117	0	26571	86000
1787041273	request	1899	28763308	28758955	61792	21930258432	2950445	444854	21035020	8122336	26117	0	26571	83000
1787041274	request	1900	28763308	28758955	61792	21930258432	2950445	444854	21035024	8122336	26117	0	26571	83000
1787041275	request	1901	28763308	28758954	61792	21930258432	2950445	444854	21034544	8122336	26117	0	26571	89000
1787041277	request	1903	28763308	28758954	61792	21930258432	2950445	444854	21033916	8122336	26117	0	26571	85000
1787041278	request	1904	28763308	28758954	61792	21930258432	2950445	444854	21034168	8122336	26117	0	26571	88000
1787041279	request	1905	28763308	28758955	61792	21930258432	2950445	444854	21034168	8122336	26117	0	26571	86000
1787041280	request	1906	28763308	28758956	61792	21930258432	2950445	444854	21033804	8122336	26117	0	26571	86000
1787041282	request	1908	28763308	28758955	61792	21930258432	2950445	444854	21033932	8122336	26117	0	26571	88000
1787041283	request	1909	28763308	28758955	61792	21930258432	2950445	444854	21033932	8122336	26117	0	26571	88000
1787041284	request	1910	28763308	28758956	61792	21930258432	2950445	444854	21033932	8122336	26117	0	26571	85000
1787041286	request	1912	28763308	28758955	61792	21930258432	2950445	444854	21034204	8122336	26117	0	26571	88000
1787041287	request	1913	28763308	28758956	61792	21930258432	2950445	444854	21034452	8122336	26117	0	26571	88000
1787041288	request	1914	28763308	28758955	61792	21930258432	2950445	444854	21034452	8122336	26117	0	26571	84000
1787041289	request	1915	28763308	28758954	61792	21930258432	2950445	444854	21034236	8122336	26117	0	26571	89000
1787041291	request	1917	28763308	28758955	61792	21930258432	2950445	444854	21034236	8122336	26117	0	26571	89000
1787041292	request	1918	28763308	28758954	61792	21930258432	2950445	444854	21034236	8122336	26117	0	26571	84000
1787041293	request	1919	28763308	28758955	61792	21930258432	2950445	444854	21034236	8122336	26117	0	26571	89000
1787041295	request	1921	28763308	28758954	61792	21930258432	2950445	444854	21034384	8122336	26117	0	26571	90000
1787041296	request	1922	28763308	28758955	61792	21930258432	2950445	444854	21034384	8122336	26117	0	26571	85000
1787041297	request	1923	28763308	28758956	61792	21930258432	2950445	444854	21034384	8122336	26117	0	26571	93000
1787041299	request	1925	28763308	28758955	61792	21930258432	2950445	444854	21033892	8122336	26117	0	26571	86000
1787041300	request	1926	28763308	28758955	61792	21930258432	2950445	444854	21033892	8122336	26117	0	26571	84000
1787041301	request	1927	28763308	28758955	61792	21930258432	2950445	444854	21033652	8122336	26117	0	26571	88000
1787041303	request	1929	28763308	28758955	61792	21930258432	2950445	444854	21033652	8122336	26117	0	26571	83000
1787041304	request	1930	28763308	28758955	61792	21930258432	2950445	444854	21033652	8122336	26117	0	26571	83000
1787041305	request	1931	28763308	28758956	61792	21930258432	2950445	444854	21033652	8122336	26117	0	26571	88000
1787041306	request	1932	28763308	28758956	61792	21930258432	2950445	444854	21033160	8122336	26117	0	26571	84000
1787041308	request	1934	28763308	28758956	61792	21930258432	2950445	444854	21033112	8122336	26117	0	26571	84000
1787041309	request	1935	28763308	28758954	61792	21930258432	2950445	444854	21033112	8122336	26117	0	26571	88000
1787041310	request	1936	28763308	28758954	61792	21930258432	2950445	444854	21033112	8122336	26117	0	26571	84000
1787041312	request	1938	28763308	28758955	61792	21930258432	2950445	444854	21032872	8122336	26117	0	26571	82000
1787041313	request	1939	28763308	28758955	61792	21930258432	2950445	444854	21032944	8122336	26117	0	26571	89000
1787041314	request	1940	28763308	28758954	61792	21930258432	2950445	444854	21032944	8122336	26117	0	26571	84000
1787041316	request	1942	28763308	28758955	61792	21930258432	2950445	444854	21032704	8122336	26117	0	26571	83000
1787041317	request	1943	28763308	28758954	61792	21930258432	2950445	444854	21033084	8122336	26117	0	26571	90000
1787041318	request	1944	28763308	28758954	61792	21930258432	2950445	444854	21033224	8122336	26117	0	26571	86000
1787041320	request	1946	28763308	28758955	61792	21930258432	2950445	444854	21032984	8122336	26117	0	26571	84000
1787041321	request	1947	28763308	28758954	61792	21930258432	2950445	444854	21032988	8122336	26117	0	26571	90000
1787041322	request	1948	28763308	28758955	61792	21930258432	2950445	444854	21032988	8122336	26117	0	26571	84000
1787041323	request	1949	28763308	28758955	61792	21930258432	2950445	444854	21033100	8122336	26117	0	26571	88000
1787041325	request	1951	28763308	28758956	61792	21930258432	2950445	444854	21032592	8122336	26117	0	26571	87000
1787041326	request	1952	28763308	28758955	61792	21930258432	2950445	444854	21032340	8122336	26117	0	26571	84000
1787041327	request	1953	28763308	28758954	61792	21930258432	2950445	444854	21032596	8122336	26117	0	26571	85000
1787041329	request	1955	28763308	28758956	61792	21930258432	2950445	444854	21032596	8122336	26117	0	26571	86000
1787041330	request	1956	28763308	28758954	61792	21930258432	2950445	444854	21032356	8122336	26117	0	26571	84000
1787041331	request	1957	28763308	28758955	61792	21930258432	2950445	444854	21032720	8122336	26117	0	26571	82000
1787041333	request	1959	28763308	28758955	61792	21930258432	2950445	444854	21032852	8122336	26117	0	26571	85000
1787041334	request	1960	28763308	28758955	61792	21930258432	2950445	444854	21032852	8122336	26117	0	26571	83000
1787041335	request	1961	28763308	28758956	61792	21930258432	2950445	444854	21032852	8122336	26117	0	26571	82000
1787041337	request	1963	28763308	28758954	61792	21930258432	2950445	444854	21032360	8122336	26117	0	26571	82000
1787041338	request	1964	28763308	28758956	61792	21930258432	2950445	444854	21032360	8122336	26117	0	26571	83000
1787041339	request	1965	28763308	28758956	61792	21930258432	2950445	444854	21032008	8122336	26117	0	26571	84000
1787041340	request	1966	28763308	28758954	61792	21930258432	2950445	444854	21032008	8122336	26117	0	26571	88000
1787041342	request	1968	28763308	28758955	61792	21930258432	2950445	444854	21032008	8122336	26117	0	26571	84000
1787041343	request	1969	28763308	28758955	61792	21930258432	2950445	444854	21032008	8122336	26117	0	26571	83000
1787041344	request	1970	28763308	28758955	61792	21930258432	2950445	444854	21031768	8122336	26117	0	26571	89000
1787041346	request	1972	28763308	28758954	61792	21930258432	2950445	444854	21031768	8122336	26117	0	26571	83000
1787041347	request	1973	28763308	28758954	61792	21930258432	2950445	444854	21031800	8122336	26117	0	26571	85000
1787041348	request	1974	28763308	28758955	61792	21930258432	2950445	444854	21032200	8122336	26117	0	26571	88000
1787041350	request	1976	28763308	28758954	61792	21930258432	2950445	444854	21033436	8122336	26117	0	26571	84000
1787041351	request	1977	28763308	28758955	61792	21930258432	2950445	444854	21033436	8122336	26117	0	26571	89000
1787041352	request	1978	28763308	28758954	61792	21930258432	2950445	444854	21033184	8122336	26117	0	26571	86000
1787041354	request	1980	28763308	28758955	61792	21930258432	2950445	444854	21032864	8122336	26117	0	26571	84000
1787041355	request	1981	28763308	28758955	61792	21930258432	2950445	444854	21033116	8122336	26117	0	26571	86000
1787041356	request	1982	28763308	28758955	61792	21930258432	2950445	444854	21033116	8122336	26117	0	26571	90000
1787041357	request	1983	28763308	28758954	61792	21930258432	2950445	444854	21033116	8122336	26117	0	26571	84000
1787041359	request	1985	28763308	28758956	61792	21930258432	2950445	444854	21033116	8122336	26117	0	26571	88000
1787041360	request	1986	28763308	28758954	61792	21930258432	2950445	444854	21033116	8122336	26117	0	26571	82000
1787041361	request	1987	28763308	28758954	61792	21930258432	2950445	444854	21032132	8122336	26117	0	26571	86000
1787041363	request	1989	28763308	28758955	61792	21930258432	2950445	444854	21032520	8122336	26117	0	26571	86000
1787041364	request	1990	28763372	28759019	61792	21930258432	2950446	444854	21032280	8122336	26117	0	26571	86000
1787041365	request	1991	28763372	28759019	61792	21930258432	2950446	444854	21032280	8122336	26117	0	26571	84000
1787041367	request	1993	28763372	28759018	61792	21930258432	2950446	444854	21032436	8122336	26117	0	26571	86000
1787041368	request	1994	28763372	28759018	61792	21930258432	2950446	444854	21033924	8122336	26117	0	26571	85000
1787041369	request	1995	28763372	28759018	61792	21930258432	2950446	444854	21033676	8122336	26117	0	26571	84000
1787041370	request	1996	28763372	28759019	61792	21930258432	2950446	444854	21033676	8122336	26117	0	26571	81000
1787041372	request	1998	28763372	28759018	61792	21930258432	2950446	444854	21033264	8122336	26117	0	26571	86000
1787041373	request	1999	28763372	28759020	61792	21930258432	2950446	444854	21033352	8122336	26117	0	26571	84000
1787041374	request	2000	28763372	28759018	61792	21930258432	2950446	444854	21033352	8122336	26117	0	26571	86000
1787041376	request	2002	28763372	28759020	61792	21930258432	2950446	444854	21033916	8122336	26117	0	26571	88000
1787041377	request	2003	28763372	28759019	61792	21930258432	2950446	444854	21033484	8122336	26117	0	26571	83000
1787041378	request	2004	28763372	28759020	61792	21930258432	2950446	444854	21033484	8122336	26117	0	26571	84000
1787041380	request	2006	28763372	28759018	61792	21930258432	2950446	444854	21035800	8122336	26117	0	26571	86000
1787041381	request	2007	28763372	28759020	61792	21930258432	2950446	444854	21035672	8122336	26117	0	26571	84000
1787041382	request	2008	28763372	28759018	61792	21930258432	2950446	444854	21035672	8122336	26117	0	26571	87000
1787041383	request	2009	28763372	28759020	61792	21930258432	2950446	444854	21035420	8122336	26117	0	26571	86000
1787041385	request	2011	28763372	28759018	61792	21930258432	2950446	444854	21034928	8122336	26117	0	26571	82000
1787041386	request	2012	28763372	28759019	61792	21930258432	2950446	444854	21034688	8122336	26117	0	26571	81000
1787041387	request	2013	28763372	28759019	61792	21930258432	2950446	444854	21034100	8122336	26117	0	26571	89000
1787041389	request	2015	28763372	28759018	61792	21930258432	2950446	444854	21034700	8122336	26117	0	26571	85000
1787041390	request	2016	28763372	28759018	61792	21930258432	2950446	444854	21034448	8122336	26117	0	26571	85000
1787041391	request	2017	28763372	28759018	61792	21930258432	2950446	444854	21035096	8122336	26117	0	26571	88000
1787041392	request	2018	28763372	28759019	61792	21930258432	2950446	444854	21033992	8122336	26117	0	26571	84000
1787041394	request	2020	28763372	28759020	61792	21930258432	2950446	444854	21033848	8122336	26117	0	26571	83000
1787041395	request	2021	28763372	28759020	61792	21930258432	2950446	444854	21033848	8122336	26117	0	26571	88000
1787041396	request	2022	28763372	28759019	61792	21930258432	2950446	444854	21033608	8122336	26117	0	26571	83000
1787041398	request	2024	28763372	28759020	61792	21930258432	2950446	444854	21033244	8122336	26117	0	26571	82000
1787041399	request	2025	28763372	28759019	61792	21930258432	2950446	444854	21034136	8122336	26117	0	26571	85000
1787041400	request	2026	28763372	28759018	61792	21930258432	2950446	444854	21034136	8122336	26117	0	26571	82000
1787041401	request	2027	28763372	28759019	61792	21930258432	2950446	444854	21033884	8122336	26117	0	26571	82000
1787041403	request	2029	28763372	28759018	61792	21930258432	2950446	444854	21034292	8122336	26117	0	26571	88000
1787041404	request	2030	28763372	28759019	61792	21930258432	2950446	444854	21034088	8122336	26117	0	26571	83000
1787041405	request	2031	28763372	28759018	61792	21930258432	2950446	444854	21034136	8122336	26117	0	26571	84000
1787041407	request	2033	28763372	28759020	61792	21930258432	2950446	444854	21032900	8122336	26117	0	26571	89000
1787041408	request	2034	28763372	28759019	61792	21930258432	2950446	444854	21034516	8122336	26117	0	26571	88000
1787041409	request	2035	28763372	28759019	61792	21930258432	2950446	444854	21034516	8122336	26117	0	26571	83000
1787041410	request	2036	28763372	28759018	61792	21930258432	2950446	444854	21034724	8122336	26117	0	26571	92000
1787041412	request	2038	28763372	28759018	61792	21930258432	2950446	444854	21035552	8122336	26117	0	26571	85000
1787041413	request	2039	28763372	28759020	61792	21930258432	2950446	444854	21034052	8122336	26117	0	26571	84000
1787041414	request	2040	28763372	28759020	61792	21930258432	2950446	444854	21033324	8122336	26117	0	26571	85000
1787041416	request	2042	28763372	28759019	61792	21930258432	2950446	444854	21034656	8122336	26117	0	26571	89000
1787041417	request	2043	28763372	28759019	61792	21930258432	2950446	444854	21034576	8122336	26117	0	26571	84000
1787041418	request	2044	28763372	28759019	61792	21930258432	2950446	444854	21034576	8122336	26117	0	26571	86000
1787041419	request	2045	28763372	28759020	61792	21930258432	2950446	444854	21034576	8122336	26117	0	26571	88000
1787041421	request	2047	28763372	28759018	61792	21930258432	2950446	444854	21033856	8122336	26117	0	26571	83000
1787041422	request	2048	28763372	28759019	61792	21930258432	2950446	444854	21034708	8122336	26117	0	26571	87000
1787041423	request	2049	28763372	28759020	61792	21930258432	2950446	444854	21034476	8122336	26117	0	26571	86000
1787041425	request	2051	28763372	28759020	61792	21930258432	2950446	444854	21034476	8122336	26117	0	26571	84000
1787041426	request	2052	28763372	28759018	61792	21930258432	2950447	444854	21034476	8122336	26117	0	26571	88000
1787041427	request	2053	28763436	28759084	61792	21930258432	2950447	444854	21034476	8122336	26117	0	26571	92000
1787041429	request	2055	28763436	28759083	61792	21930258432	2950447	444854	21034476	8122336	26117	0	26571	84000
1787041430	request	2056	28763436	28759082	61792	21930258432	2950447	444854	21034476	8122336	26117	0	26571	89000
1787041431	request	2057	28763436	28759083	61792	21930258432	2950447	444854	21034476	8122336	26117	0	26571	84000
1787041433	request	2059	28763436	28759082	61792	21930258432	2950447	444854	21034588	8122336	26117	0	26571	84000
1787041434	request	2060	28763436	28759083	61792	21930258432	2950447	444854	21036552	8122336	26117	0	26571	86000
1787041435	request	2061	28763436	28759084	61792	21930258432	2950447	444854	21036552	8122336	26117	0	26571	84000
1787041436	request	2062	28763436	28759082	61792	21930258432	2950447	444854	21036140	8122336	26117	0	26571	83000
1787041438	request	2064	28763436	28759084	61792	21930258432	2950447	444854	21035536	8122336	26117	0	26571	88000
1787041439	request	2065	28763436	28759084	61792	21930258432	2950447	444854	21035792	8122336	26117	0	26571	88000
1787041440	request	2066	28763436	28759083	61792	21930258432	2950447	444854	21035904	8122336	26117	0	26571	84000
1787041442	request	2068	28763436	28759082	61792	21930258432	2950447	444854	21036500	8122336	26117	0	26571	86000
1787041443	request	2069	28763436	28759082	61792	21930258432	2950447	444854	21036500	8122336	26117	0	26571	88000
1787041444	request	2070	28763436	28759082	61792	21930258432	2950447	444854	21036500	8122336	26117	0	26571	83000
1787041445	request	2071	28763436	28759083	61792	21930258432	2950447	444854	21036500	8122336	26117	0	26571	85000
1787041447	request	2073	28763436	28759083	61792	21930258432	2950447	444854	21036248	8122336	26117	0	26571	86000
1787041448	request	2074	28763436	28759082	61792	21930258432	2950447	444854	21036248	8122336	26117	0	26571	83000
1787041449	request	2075	28763436	28759084	61792	21930258432	2950447	444854	21036248	8122336	26117	0	26571	89000
1787041451	request	2077	28763436	28759083	61792	21930258432	2950447	444854	21035188	8122336	26117	0	26571	92000
1787041452	request	2078	28763436	28759083	61792	21930258432	2950447	444854	21035592	8122336	26117	0	26571	84000
1787041453	request	2079	28763436	28759082	61792	21930258432	2950447	444854	21035956	8122336	26117	0	26571	83000
1787041455	request	2081	28763436	28759082	61792	21930258432	2950447	444854	21035224	8122336	26117	0	26571	92000
1787041456	request	2082	28763436	28759084	61792	21930258432	2950447	444854	21034156	8122336	26117	0	26571	83000
1787041457	request	2083	28763436	28759082	61792	21930258432	2950447	444854	21034156	8122336	26117	0	26571	84000
1787041458	request	2084	28763436	28759082	61792	21930258432	2950447	444854	21033792	8122336	26117	0	26571	86000
1787041460	request	2086	28763436	28759083	61792	21930258432	2950447	444854	21033652	8122336	26117	0	26571	83000
1787041461	request	2087	28763436	28759084	61792	21930258432	2950447	444854	21033776	8122336	26117	0	26571	83000
1787041462	request	2088	28763436	28759083	61792	21930258432	2950447	444854	21033928	8122336	26117	0	26571	86000
1787041464	request	2090	28763436	28759082	61792	21930258432	2950447	444854	21035228	8122336	26117	0	26571	88000
1787041465	request	2091	28763436	28759084	61792	21930258432	2950447	444854	21034988	8122336	26117	0	26571	84000
1787041466	request	2092	28763436	28759083	61792	21930258432	2950447	444854	21034988	8122336	26117	0	26571	88000
1787041468	request	2094	28763436	28759082	61792	21930258432	2950447	444854	21034988	8122336	26117	0	26571	83000
1787041469	request	2095	28763436	28759082	61792	21930258432	2950447	444854	21036080	8122336	26117	0	26571	83000
1787041470	request	2096	28763436	28759084	61792	21930258432	2950447	444854	21036152	8122336	26117	0	26571	82000
1787041471	request	2097	28763436	28759083	61792	21930258432	2950447	444854	21036276	8122336	26117	0	26571	90000
1787041473	request	2099	28763436	28759083	61792	21930258432	2950447	444854	21036344	8122336	26117	0	26571	83000
1787041474	request	2100	28763436	28759083	61792	21930258432	2950447	444854	21036092	8122336	26117	0	26571	83000
1787041475	request	2101	28763436	28759083	61792	21930258432	2950447	444854	21035840	8122336	26117	0	26571	87000
1787041477	request	2103	28763436	28759083	61792	21930258432	2950447	444854	21035600	8122336	26117	0	26571	87000
1787041478	request	2104	28763436	28759083	61792	21930258432	2950447	444854	21035600	8122336	26117	0	26571	86000
1787041479	request	2105	28763436	28759083	61792	21930258432	2950447	444854	21035600	8122336	26117	0	26571	82000
1787041481	request	2107	28763436	28759082	61792	21930258432	2950447	444854	21035208	8122336	26117	0	26571	83000
1787041482	request	2108	28763436	28759083	61792	21930258432	2950447	444854	21035240	8122336	26117	0	26571	86000
1787041483	request	2109	28763436	28759084	61792	21930258432	2950447	444854	21035240	8122336	26117	0	26571	86000
1787041484	request	2110	28763436	28759083	61792	21930258432	2950447	444854	21034988	8122336	26117	0	26571	83000
1787041486	request	2112	28763436	28759082	61792	21930258432	2950447	444854	21034484	8122336	26117	0	26571	88000
1787041487	request	2113	28763436	28759082	61792	21930258432	2950447	444854	21034484	8122336	26117	0	26571	84000
1787041488	request	2114	28763436	28759083	61792	21930258432	2950447	444854	21034484	8122336	26117	0	26571	83000
1787041490	request	2116	28763436	28759083	61792	21930258432	2950447	444854	21034484	8122336	26117	0	26571	92000
1787041491	request	2117	28763436	28759082	61792	21930258432	2950447	444854	21035468	8122336	26117	0	26571	90000
1787041492	request	2118	28763436	28759083	61792	21930258432	2950447	444854	21035468	8122336	26117	0	26571	84000
1787041494	request	2120	28763436	28759082	61792	21930258432	2950447	444854	21035732	8122336	26117	0	26571	90000
1787041495	request	2121	28763436	28759082	61792	21930258432	2950447	444854	21035428	8122336	26117	0	26571	84000
1787041496	request	2122	28763436	28759083	61792	21930258432	2950447	444854	21035428	8122336	26117	0	26571	83000
1787041498	request	2124	28763436	28759082	61792	21930258432	2950447	444854	21035428	8122336	26117	0	26571	88000
1787041499	request	2125	28763436	28759082	61792	21930258432	2950447	444854	21035652	8122336	26117	0	26571	82000
1787041500	request	2126	28763436	28759082	61792	21930258432	2950447	444854	21035332	8122336	26117	0	26571	83000
1787041501	request	2127	28763436	28759083	61792	21930258432	2950447	444854	21035244	8122336	26117	0	26571	81000
1787041503	request	2129	28763436	28759083	61792	21930258432	2950447	444854	21036176	8122336	26117	0	26571	88000
1787041504	request	2130	28763436	28759083	61792	21930258432	2950447	444854	21036176	8122336	26117	0	26571	83000
1787041505	request	2131	28763436	28759082	61792	21930258432	2950447	444854	21036176	8122336	26117	0	26571	83000
1787041507	request	2133	28763436	28759083	61792	21930258432	2950447	444854	21036176	8122336	26117	0	26571	83000
1787041508	request	2134	28763436	28759084	61792	21930258432	2950447	444854	21037428	8122336	26117	0	26571	83000
1787041509	request	2135	28763436	28759082	61792	21930258432	2950447	444854	21036168	8122336	26117	0	26571	82000
1787041511	request	2137	28763436	28759083	61792	21930258432	2950447	444854	21036172	8122336	26117	0	26571	90000
1787041512	request	2138	28763436	28759083	61792	21930258432	2950447	444854	21036172	8122336	26117	0	26571	83000
1787041513	request	2139	28763436	28759084	61792	21930258432	2950447	444854	21037464	8122336	26117	0	26571	82000
1787041514	request	2140	28763436	28759085	61792	21930258432	2950447	444854	21036484	8122336	26117	0	26571	87000
1787041516	request	2142	28763436	28759085	61792	21930258432	2950447	444854	21036216	8122336	26117	0	26571	83000
1787041517	request	2143	28763436	28759084	61792	21930258432	2950447	444854	21036216	8122336	26117	0	26571	83000
1787041518	request	2144	28763436	28759084	61792	21930258432	2950447	444854	21036216	8122336	26117	0	26571	88000
1787041520	request	2146	28763436	28759084	61792	21930258432	2950447	444854	21035976	8122336	26117	0	26571	83000
1787041521	request	2147	28763436	28759085	61792	21930258432	2950447	444854	21036272	8122336	26117	0	26571	84000
1787041522	request	2148	28763436	28759084	61792	21930258432	2950447	444854	21035544	8122336	26117	0	26571	87000
1787041524	request	2150	28763436	28759084	61792	21930258432	2950447	444854	21035012	8122336	26117	0	26571	89000
1787041525	request	2151	28763436	28759084	61792	21930258432	2950447	444854	21035012	8122336	26117	0	26571	84000
1787041526	request	2152	28763436	28759084	61792	21930258432	2950447	444854	21034772	8122336	26117	0	26571	84000
1787041527	request	2153	28763436	28759085	61792	21930258432	2950447	444854	21034520	8122336	26117	0	26571	86000
1787041529	request	2155	28763436	28759084	61792	21930258432	2950447	444854	21034792	8122336	26117	0	26571	83000
1787041530	request	2156	28763436	28759086	61792	21930258432	2950447	444854	21034792	8122336	26117	0	26571	87000
1787041531	request	2157	28763436	28759084	61792	21930258432	2950447	444854	21034792	8122336	26117	0	26571	89000
1787041533	request	2159	28763436	28759084	61792	21930258432	2950447	444854	21035724	8122336	26117	0	26571	84000
1787041534	request	2160	28763436	28759085	61792	21930258432	2950447	444854	21036404	8122336	26117	0	26571	84000
1787041535	request	2161	28763436	28759084	61792	21930258432	2950447	444854	21036608	8122336	26117	0	26571	84000
1787041537	request	2163	28763436	28759085	61792	21930258432	2950447	444854	21036416	8122336	26117	0	26571	83000
1787041538	request	2164	28763436	28759083	61792	21930258432	2950447	444854	21035924	8122336	26117	0	26571	86000
1787041539	request	2165	28763436	28759084	61792	21930258432	2950447	444854	21036176	8122336	26117	0	26571	88000
1787041540	request	2166	28763436	28759083	61792	21930258432	2950447	444854	21036264	8122336	26117	0	26571	83000
1787041542	request	2168	28763436	28759085	61792	21930258432	2950447	444854	21038188	8122336	26117	0	26571	86000
1787041543	request	2169	28763436	28759085	61792	21930258432	2950447	444854	21036940	8122336	26117	0	26571	86000
1787041544	request	2170	28763436	28759084	61792	21930258432	2950447	444854	21036688	8122336	26117	0	26571	85000
1787041546	request	2172	28763436	28759084	61792	21930258432	2950447	444854	21036436	8122336	26117	0	26571	89000
1787041547	request	2173	28763436	28759083	61792	21930258432	2950447	444854	21036184	8122336	26117	0	26571	88000
1787041548	request	2174	28763436	28759083	61792	21930258432	2950447	444854	21036200	8122336	26117	0	26571	83000
1787041550	request	2176	28763436	28759084	61792	21930258432	2950447	444854	21036200	8122336	26117	0	26571	81000
1787041551	request	2177	28763436	28759084	61792	21930258432	2950447	444854	21037088	8122336	26117	0	26571	88000
1787041552	request	2178	28763436	28759083	61792	21930258432	2950447	444854	21036836	8122336	26117	0	26571	84000
1787041553	request	2179	28763436	28759083	61792	21930258432	2950447	444854	21036836	8122336	26117	0	26571	84000
1787041555	request	2181	28763516	28759164	61792	21930258432	2950467	444854	21036836	8122336	26117	0	26571	87000
1787041556	request	2182	28763516	28759163	61792	21930258432	2950467	444854	21037688	8122336	26117	0	26571	83000
1787041557	request	2183	28763516	28759164	61792	21930258432	2950467	444854	21037688	8122336	26117	0	26571	83000
1787041559	request	2185	28763516	28759164	61792	21930258432	2950467	444854	21037692	8122336	26117	0	26571	84000
1787041560	request	2186	28763516	28759163	61792	21930258432	2950467	444854	21038328	8122336	26117	0	26571	85000
1787041561	request	2187	28763516	28759164	61792	21930258432	2950467	444854	21039456	8122336	26117	0	26571	85000
1787041562	request	2188	28763516	28759165	61792	21930258432	2950467	444854	21038700	8122336	26117	0	26571	88000
1787041564	request	2190	28763516	28759164	61792	21930258432	2950467	444854	21038456	8122336	26117	0	26571	83000
1787041565	request	2191	28763516	28759164	61792	21930258432	2950467	444854	21038668	8122336	26117	0	26571	83000
1787041566	request	2192	28763516	28759163	61792	21930258432	2950467	444854	21038784	8122336	26117	0	26571	87000
1787041568	request	2194	28763516	28759164	61792	21930258432	2950467	444854	21039148	8122336	26117	0	26571	84000
1787041569	request	2195	28763516	28759165	61792	21930258432	2950467	444854	21039104	8122336	26117	0	26571	83000
1787041570	request	2196	28763516	28759163	61792	21930258432	2950467	444854	21039188	8122336	26117	0	26571	85000
1787041572	request	2198	28763516	28759164	61792	21930258432	2950467	444854	21039600	8122336	26117	0	26571	82000
1787041573	request	2199	28763516	28759163	61792	21930258432	2950467	444854	21038732	8122336	26117	0	26571	84000
1787041574	request	2200	28763516	28759164	61792	21930258432	2950467	444854	21037988	8122336	26117	0	26571	88000
1787041576	request	2202	28763516	28759164	61792	21930258432	2950467	444854	21038620	8122336	26117	0	26571	87000
1787041577	request	2203	28763516	28759163	61792	21930258432	2950467	444854	21038380	8122336	26117	0	26571	85000
1787041578	request	2204	28763516	28759164	61792	21930258432	2950467	444854	21038300	8122336	26117	0	26571	81000
1787041579	request	2205	28763516	28759164	61792	21930258432	2950467	444854	21038416	8122336	26117	0	26571	87000
1787041581	request	2207	28763516	28759163	61792	21930258432	2950467	444854	21038416	8122336	26117	0	26571	85000
1787041582	request	2208	28763516	28759164	61792	21930258432	2950467	444854	21037924	8122336	26117	0	26571	84000
1787041583	request	2209	28763516	28759164	61792	21930258432	2950467	444854	21037516	8122336	26117	0	26571	88000
1787041585	request	2211	28763516	28759164	61792	21930258432	2950467	444854	21037516	8122336	26117	0	26571	86000
1787041586	request	2212	28763516	28759165	61792	21930258432	2950467	444854	21036948	8122336	26117	0	26571	85000
1787041587	request	2213	28763516	28759165	61792	21930258432	2950467	444854	21036948	8122336	26117	0	26571	88000
1787041589	request	2215	28763516	28759164	61792	21930258432	2950467	444854	21036948	8122336	26117	0	26571	90000
1787041590	request	2216	28763516	28759164	61792	21930258432	2950467	444854	21036948	8122336	26117	0	26571	84000
1787041591	request	2217	28763516	28759163	61792	21930258432	2950467	444854	21036708	8122336	26117	0	26571	88000
1787041592	request	2218	28763516	28759163	61792	21930258432	2950467	444854	21036820	8122336	26117	0	26571	89000
1787041594	request	2220	28763516	28759165	61792	21930258432	2950467	444854	21036916	8122336	26117	0	26571	84000
1787041595	request	2221	28763516	28759163	61792	21930258432	2950467	444854	21036216	8122336	26117	0	26571	86000
1787041596	request	2222	28763516	28759164	61792	21930258432	2950467	444854	21036336	8122336	26117	0	26571	86000
1787041598	request	2224	28763516	28759163	61792	21930258432	2950467	444854	21036376	8122336	26117	0	26571	84000
1787041599	request	2225	28763516	28759164	61792	21930258432	2950467	444854	21036724	8122336	26117	0	26571	90000
1787041600	request	2226	28763516	28759164	61792	21930258432	2950467	444854	21036724	8122336	26117	0	26571	92000
1787041602	request	2228	28763516	28759163	61792	21930258432	2950467	444854	21036480	8122336	26117	0	26571	84000
1787041603	request	2229	28763516	28759164	61792	21930258432	2950467	444854	21036228	8122340	26118	0	26572	86000
1787041604	request	2230	28763516	28759165	61792	21930258432	2950467	444854	21035880	8122340	26118	0	26572	89000
1787041605	request	2231	28763516	28759165	61792	21930258432	2950467	444854	21036132	8122340	26118	0	26572	83000
1787041607	request	2233	28763516	28759164	61792	21930258432	2950467	444854	21036136	8122340	26118	0	26572	86000
1787041608	request	2234	28763516	28759164	61792	21930258432	2950467	444854	21036136	8122340	26118	0	26572	89000
1787041609	request	2235	28763516	28759165	61792	21930258432	2950467	444854	21036192	8122340	26118	0	26572	84000
1787041611	request	2237	28763516	28759165	61792	21930258432	2950467	444854	21036192	8122340	26118	0	26572	87000
1787041612	request	2238	28763516	28759165	61792	21930258432	2950467	444854	21036192	8122340	26118	0	26572	85000
1787041613	request	2239	28763516	28759164	61792	21930258432	2950467	444854	21035976	8122340	26118	0	26572	84000
1787041615	request	2241	28763516	28759165	61792	21930258432	2950467	444854	21034880	8122340	26118	0	26572	83000
1787041616	request	2242	28763516	28759164	61792	21930258432	2950467	444854	21035132	8122340	26118	0	26572	89000
1787041617	request	2243	28763516	28759163	61792	21930258432	2950467	444854	21034984	8122340	26118	0	26572	84000
1787041618	request	2244	28763516	28759163	61792	21930258432	2950467	444854	21034732	8122340	26118	0	26572	83000
1787041620	request	2246	28763516	28759163	61792	21930258432	2950467	444854	21035256	8122340	26118	0	26572	81000
1787041621	request	2247	28763516	28759164	61792	21930258432	2950467	444854	21035004	8122340	26118	0	26572	83000
1787041622	request	2248	28763516	28759164	61792	21930258432	2950467	444854	21034752	8122340	26118	0	26572	86000
1787041624	request	2250	28763516	28759164	61792	21930258432	2950467	444854	21035196	8122340	26118	0	26572	88000
1787041625	request	2251	28763516	28759164	61792	21930258432	2950467	444854	21034704	8122340	26118	0	26572	85000
1787041626	request	2252	28763516	28759165	61792	21930258432	2950467	444854	21033844	8122340	26118	0	26572	84000
1787041628	request	2254	28763516	28759165	61792	21930258432	2950467	444854	21033896	8122340	26118	0	26572	83000
1787041629	request	2255	28763516	28759163	61792	21930258432	2950467	444854	21033236	8122340	26118	0	26572	90000
1787041630	request	2256	28763516	28759163	61792	21930258432	2950467	444854	21033844	8122340	26118	0	26572	83000
1787041631	request	2257	28763516	28759163	61792	21930258432	2950467	444854	21033872	8122340	26118	0	26572	88000
1787041633	request	2259	28763516	28759165	61792	21930258432	2950467	444854	21032876	8122340	26118	0	26572	90000
1787041634	request	2260	28763516	28759164	61792	21930258432	2950467	444854	21032876	8122340	26118	0	26572	84000
1787041635	request	2261	28763516	28759164	61792	21930258432	2950467	444854	21032624	8122340	26118	0	26572	89000
1787041637	request	2263	28763516	28759164	61792	21930258432	2950467	444854	21032384	8122340	26118	0	26572	82000
1787041638	request	2264	28763516	28759163	61792	21930258432	2950467	444854	21032384	8122340	26118	0	26572	84000
1787041639	request	2265	28763516	28759164	61792	21930258432	2950467	444854	21032384	8122340	26118	0	26572	84000
1787041641	request	2267	28763516	28759164	61792	21930258432	2950467	444854	21032988	8122340	26118	0	26572	88000
1787041642	request	2268	28763516	28759165	61792	21930258432	2950467	444854	21032736	8122340	26118	0	26572	83000
1787041643	request	2269	28763516	28759164	61792	21930258432	2950467	444854	21032736	8122340	26118	0	26572	83000
1787041645	request	2271	28763516	28759164	61792	21930258432	2950467	444854	21031980	8122340	26118	0	26572	87000
1787041646	request	2272	28763516	28759164	61792	21930258432	2950467	444854	21031980	8122340	26118	0	26572	85000
1787041647	request	2273	28763516	28759163	61792	21930258432	2950467	444854	21032656	8122340	26118	0	26572	83000
1787041648	request	2274	28763516	28759163	61792	21930258432	2950467	444854	21032292	8122340	26118	0	26572	88000
1787041650	request	2276	28763516	28759164	61792	21930258432	2950467	444854	21032492	8122340	26118	0	26572	87000
1787041651	request	2277	28763516	28759163	61792	21930258432	2950467	444854	21032240	8122340	26118	0	26572	85000
1787041652	request	2278	28763516	28759164	61792	21930258432	2950467	444854	21032240	8122340	26118	0	26572	88000
1787041654	request	2280	28763516	28759165	61792	21930258432	2950467	444854	21033068	8122340	26118	0	26572	85000
1787041655	request	2281	28763516	28759165	61792	21930258432	2950467	444854	21032088	8122340	26118	0	26572	84000
1787041656	request	2282	28763516	28759164	61792	21930258432	2950467	444854	21032060	8122340	26118	0	26572	89000
1787041658	request	2284	28763516	28759165	61792	21930258432	2950467	444854	21031560	8122340	26118	0	26572	90000
1787041659	request	2285	28763516	28759165	61792	21930258432	2950467	444854	21031732	8122340	26118	0	26572	84000
1787041660	request	2286	28763516	28759165	61792	21930258432	2950467	444854	21030736	8122340	26118	0	26572	90000
1787041661	request	2287	28763516	28759165	61792	21930258432	2950467	444854	21030736	8122340	26118	0	26572	85000
1787041663	request	2289	28763516	28759165	61792	21930258432	2950467	444854	21030640	8122340	26118	0	26572	84000
1787041664	request	2290	28763516	28759165	61792	21930258432	2950467	444854	21030716	8122340	26118	0	26572	88000
1787041665	request	2291	28763516	28759163	61792	21930258432	2950467	444854	21030968	8122340	26118	0	26572	88000
1787041667	request	2293	28763516	28759163	61792	21930258432	2950467	444854	21031472	8122340	26118	0	26572	83000
1787041668	request	2294	28763516	28759164	61792	21930258432	2950467	444854	21031232	8122340	26118	0	26572	83000
1787041669	request	2295	28763516	28759163	61792	21930258432	2950467	444854	21030980	8122340	26118	0	26572	85000
1787041671	request	2297	28763516	28759164	61792	21930258432	2950467	444854	21031232	8122340	26118	0	26572	83000
1787041672	request	2298	28763516	28759164	61792	21930258432	2950467	444854	21031232	8122340	26118	0	26572	84000
1787041673	request	2299	28763516	28759164	61792	21930258432	2950467	444854	21030728	8122340	26118	0	26572	89000
1787041675	request	2301	28763516	28759164	61792	21930258432	2950467	444854	21031388	8122340	26118	0	26572	83000
1787041676	request	2302	28763516	28759164	61792	21930258432	2950467	444854	21031460	8122340	26118	0	26572	84000
1787041677	request	2303	28763516	28759163	61792	21930258432	2950467	444854	21031568	8122340	26118	0	26572	88000
1787041678	request	2304	28763516	28759164	61792	21930258432	2950467	444854	21031552	8122340	26118	0	26572	88000
1787041680	request	2306	28763516	28759163	61792	21930258432	2950467	444854	21031552	8122340	26118	0	26572	84000
1787041681	request	2307	28763516	28759164	61792	21930258432	2950467	444854	21031188	8122340	26118	0	26572	87000
1787041682	request	2308	28763516	28759165	61792	21930258432	2950467	444854	21033680	8122340	26118	0	26572	90000
1787041684	request	2310	28763516	28759163	61792	21930258432	2950467	444854	21033440	8122340	26118	0	26572	83000
1787041685	request	2311	28763516	28759164	61792	21930258432	2950467	444854	21033440	8122340	26118	0	26572	86000
1787041686	request	2312	28763516	28759164	61792	21930258432	2950467	444854	21032932	8122340	26118	0	26572	88000
1787041688	request	2314	28763516	28759164	61792	21930258432	2950467	444854	21032932	8122340	26118	0	26572	83000
1787041689	request	2315	28763516	28759165	61792	21930258432	2950467	444854	21032488	8122340	26118	0	26572	90000
1787041690	request	2316	28763516	28759164	61792	21930258432	2950467	444854	21033044	8122340	26118	0	26572	84000
1787041691	request	2317	28763516	28759163	61792	21930258432	2950467	444854	21033512	8122340	26118	0	26572	85000
1787041693	request	2319	28763516	28759164	61792	21930258432	2950467	444854	21034648	8122340	26118	0	26572	87000
1787041694	request	2320	28763516	28759165	61792	21930258432	2950467	444854	21033848	8122340	26118	0	26572	92000
1787041695	request	2321	28763516	28759163	61792	21930258432	2950467	444854	21033896	8122340	26118	0	26572	84000
1787041697	request	2323	28763516	28759164	61792	21930258432	2950467	444854	21034208	8122340	26118	0	26572	83000
1787041698	request	2324	28763516	28759164	61792	21930258432	2950467	444854	21033956	8122340	26118	0	26572	86000
1787041699	request	2325	28763516	28759165	61792	21930258432	2950467	444854	21035312	8122340	26118	0	26572	83000
1787041701	request	2327	28763516	28759164	61792	21930258432	2950467	444854	21035060	8122340	26118	0	26572	83000
1787041702	request	2328	28763516	28759163	61792	21930258432	2950467	444854	21035064	8122340	26118	0	26572	90000
1787041703	request	2329	28763516	28759164	61792	21930258432	2950467	444854	21034572	8122340	26118	0	26572	89000
1787041704	request	2330	28763516	28759164	61792	21930258432	2950467	444854	21034824	8122340	26118	0	26572	84000
1787041706	request	2332	28763516	28759164	61792	21930258432	2950467	444854	21034572	8122340	26118	0	26572	87000
1787041707	request	2333	28763516	28759163	61792	21930258432	2950467	444854	21034644	8122340	26118	0	26572	88000
1787041708	request	2334	28763516	28759165	61792	21930258432	2950467	444854	21034324	8122340	26118	0	26572	84000
1787041710	request	2336	28763516	28759165	61792	21930258432	2950467	444854	21034464	8122340	26118	0	26572	87000
1787041711	request	2337	28763516	28759163	61792	21930258432	2950467	444854	21034464	8122344	26119	0	26573	89000
1787041712	request	2338	28763516	28759163	61792	21930258432	2950467	444854	21034100	8122344	26119	0	26573	83000
1787041714	request	2340	28763516	28759165	61792	21930258432	2950467	444854	21035508	8122348	26120	0	26574	89000
1787041715	request	2341	28763516	28759164	61792	21930258432	2950467	444854	21034372	8122348	26120	0	26574	88000
1787041716	request	2342	28763516	28759163	61792	21930258432	2950467	444854	21034232	8122348	26120	0	26574	87000
1787041717	request	2343	28763516	28759164	61792	21930258432	2950467	444854	21034684	8122348	26120	0	26574	86000
1787041719	request	2345	28763516	28759164	61792	21930258432	2950467	444854	21034444	8122348	26120	0	26574	90000
1787041720	request	2346	28763516	28759164	61792	21930258432	2950467	444854	21034676	8122352	26121	0	26575	88000
1787041721	request	2347	28763516	28759164	61792	21930258432	2950467	444854	21034180	8122352	26121	0	26575	84000
1787041723	request	2349	28763516	28759163	61792	21930258432	2950467	444854	21035132	8122352	26121	0	26575	88000
1787041724	request	2350	28763516	28759164	61792	21930258432	2950467	444854	21035232	8122352	26121	0	26575	87000
1787041725	request	2351	28763516	28759164	61792	21930258432	2950467	444854	21034752	8122352	26121	0	26575	83000
1787041726	request	2352	28763516	28759164	61792	21930258432	2950467	444854	21035348	8122352	26121	0	26575	92000
1787041728	request	2354	28763516	28759163	61792	21930258432	2950467	444854	21035048	8122356	26122	0	26576	89000
1787041729	request	2355	28763516	28759164	61792	21930258432	2950467	444854	21035124	8122356	26122	0	26576	84000
1787041730	request	2356	28763516	28759163	61792	21930258432	2950467	444854	21035124	8122356	26122	0	26576	90000
1787041732	request	2358	28763516	28759164	61792	21930258432	2950467	444854	21035124	8122356	26122	0	26576	84000
1787041733	request	2359	28763516	28759164	61792	21930258432	2950467	444854	21035124	8122356	26122	0	26576	84000
1787041734	request	2360	28763516	28759163	61792	21930258432	2950467	444854	21035280	8122356	26122	0	26576	81000
1787041736	request	2362	28763516	28759164	61792	21930258432	2950467	444854	21034628	8122356	26122	0	26576	88000
1787041737	request	2363	28763516	28759165	61792	21930258432	2950467	444854	21035448	8122356	26122	0	26576	84000
1787041738	request	2364	28763516	28759164	61792	21930258432	2950467	444854	21034832	8122360	26123	0	26577	84000
1787041739	request	2365	28763516	28759164	61792	21930258432	2950467	444854	21035028	8122360	26123	0	26577	95000
1787041741	request	2367	28763516	28759163	61792	21930258432	2950467	444854	21035416	8122360	26123	0	26577	82000
1787041742	request	2368	28763516	28759163	61792	21930258432	2950467	444854	21035276	8122360	26123	0	26577	84000
1787041743	request	2369	28763516	28759163	61792	21930258432	2950467	444854	21035628	8122360	26123	0	26577	87000
1787041745	request	2371	28763516	28759163	61792	21930258432	2950467	444854	21035028	8122360	26123	0	26577	87000
1787041746	request	2372	28763516	28759163	61792	21930258432	2950467	444854	21035028	8122360	26123	0	26577	83000
1787041747	request	2373	28763516	28759164	61792	21930258432	2950467	444854	21035028	8122360	26123	0	26577	86000
1787041749	request	2375	28763516	28759163	61792	21930258432	2950467	444854	21034528	8122360	26123	0	26577	83000
1787041750	request	2376	28763516	28759164	61792	21930258432	2950467	444854	21034820	8122364	26124	0	26578	85000
1787041751	request	2377	28763516	28759164	61792	21930258432	2950467	444854	21035692	8122364	26124	0	26578	87000
1787041752	request	2378	28763516	28759165	61792	21930258432	2950467	444854	21036364	8122364	26124	0	26578	85000
1787041754	request	2380	28763516	28759164	61792	21930258432	2950467	444854	21036040	8122364	26124	0	26578	85000
1787041755	request	2381	28763516	28759165	61792	21930258432	2950467	444854	21036040	8122364	26124	0	26578	84000
1787041756	request	2382	28763516	28759164	61792	21930258432	2950467	444854	21035296	8122364	26124	0	26578	90000
1787041758	request	2384	28763516	28759163	61792	21930258432	2950467	444854	21034552	8122364	26124	0	26578	88000
1787041759	request	2385	28763516	28759165	61792	21930258432	2950467	444854	21034484	8122364	26124	0	26578	84000
1787041760	request	2386	28763516	28759165	61792	21930258432	2950467	444854	21034120	8122364	26124	0	26578	90000
1787041762	request	2388	28763516	28759163	61792	21930258432	2950467	444854	21034528	8122368	26125	0	26579	88000
1787041763	request	2389	28763516	28759163	61792	21930258432	2950467	444854	21034684	8122368	26125	0	26579	83000
1787041764	request	2390	28763516	28759164	61792	21930258432	2950467	444854	21034432	8122368	26125	0	26579	90000
1787041765	request	2391	28763516	28759164	61792	21930258432	2950467	444854	21033676	8122376	26127	0	26581	92000
1787041767	request	2393	28763516	28759164	61792	21930258432	2950467	444854	21033424	8122376	26127	0	26581	83000
1787041768	request	2394	28763516	28759163	61792	21930258432	2950467	444854	21035880	8122376	26127	0	26581	81000
1787041769	request	2395	28763516	28759164	61792	21930258432	2950467	444854	21035764	8122380	26128	0	26582	87000
1787041771	request	2397	28763516	28759163	61792	21930258432	2950467	444854	21035752	8122380	26128	0	26582	85000
1787041772	request	2398	28763516	28759164	61792	21930258432	2950467	444854	21035752	8122380	26128	0	26582	84000
1787041773	request	2399	28763516	28759164	61792	21930258432	2950467	444854	21035500	8122380	26128	0	26582	90000
1787041775	request	2401	28763516	28759164	61792	21930258432	2950467	444854	21035752	8122380	26128	0	26582	92000
1787041776	request	2402	28763516	28759163	61792	21930258432	2950467	444854	21035752	8122380	26128	0	26582	84000
1787041777	request	2403	28763516	28759163	61792	21930258432	2950467	444854	21035388	8122380	26128	0	26582	93000
1787041778	request	2404	28763516	28759164	61792	21930258432	2950467	444854	21035400	8122380	26128	0	26582	86000
1787041780	request	2406	28763516	28759165	61792	21930258432	2950467	444854	21034572	8122380	26128	0	26582	85000
1787041781	request	2407	28763516	28759163	61792	21930258432	2950467	444854	21035488	8122380	26128	0	26582	83000
1787041782	request	2408	28763516	28759163	61792	21930258432	2950467	444854	21033864	8122380	26128	0	26582	91000
1787041784	request	2410	28763516	28759163	61792	21930258432	2950467	444854	21032648	8122384	26129	0	26583	83000
1787041785	request	2411	28763516	28759163	61792	21930258432	2950467	444854	21033012	8122384	26129	0	26583	83000
1787041786	request	2412	28763516	28759165	61792	21930258432	2950467	444854	21033012	8122384	26129	0	26583	93000
1787041788	request	2414	28763516	28759163	61792	21930258432	2950467	444854	21033928	8122384	26129	0	26583	83000
1787041789	request	2415	28763516	28759165	61792	21930258432	2950467	444854	21033212	8122396	26132	0	26586	83000
1787041790	request	2416	28763516	28759164	61792	21930258432	2950467	444854	21033212	8122396	26132	0	26586	91000
1787041791	request	2417	28763516	28759164	61792	21930258432	2950467	444854	21034312	8122396	26132	0	26586	90000
1787041793	request	2419	28763516	28759163	61792	21930258432	2950467	444854	21033792	8122396	26132	0	26586	83000
1787041794	request	2420	28763516	28759164	61792	21930258432	2950467	444854	21034056	8122396	26132	0	26586	88000
1787041795	request	2421	28763516	28759164	61792	21930258432	2950467	444854	21033048	8122396	26132	0	26586	93000
1787041797	request	2423	28763516	28759163	61792	21930258432	2950467	444854	21033688	8122396	26132	0	26586	84000
1787041798	request	2424	28763516	28759164	61792	21930258432	2950467	444854	21033688	8122396	26132	0	26586	85000
1787041799	request	2425	28763516	28759163	61792	21930258432	2950467	444854	21033688	8122396	26132	0	26586	90000
1787041801	request	2427	28763516	28759165	61792	21930258432	2950467	444854	21033548	8122396	26132	0	26586	84000
1787041802	request	2428	28763516	28759164	61792	21930258432	2950467	444854	21033548	8122396	26132	0	26586	82000
1787041803	request	2429	28763516	28759164	61792	21930258432	2950467	444854	21033548	8122396	26132	0	26586	87000
1787041805	request	2431	28763516	28759165	61792	21930258432	2950467	444854	21033296	8122396	26132	0	26586	83000
1787041806	request	2432	28763516	28759163	61792	21930258432	2950467	444854	21033056	8122396	26132	0	26586	83000
1787041807	request	2433	28763516	28759164	61792	21930258432	2950467	444854	21032804	8122396	26132	0	26586	92000
1787041808	request	2434	28763516	28759164	61792	21930258432	2950467	444854	21032500	8122396	26132	0	26586	92000
1787041810	request	2436	28763516	28759164	61792	21930258432	2950467	444854	21032152	8122396	26132	0	26586	85000
1787041811	request	2437	28763516	28759164	61792	21930258432	2950467	444854	21032440	8122396	26132	0	26586	89000
1787041812	request	2438	28763516	28759163	61792	21930258432	2950467	444854	21032264	8122396	26132	0	26586	90000
1787041814	request	2440	28763516	28759164	61792	21930258432	2950467	444854	21034860	8122396	26132	0	26586	83000
1787041815	request	2441	28763516	28759163	61792	21930258432	2950467	444854	21035240	8122396	26132	0	26586	88000
1787041816	request	2442	28763516	28759163	61792	21930258432	2950467	444854	21035240	8122396	26132	0	26586	85000
1787041818	request	2444	28763516	28759164	61792	21930258432	2950467	444854	21035188	8122396	26132	0	26586	83000
1787041819	request	2445	28763516	28759163	61792	21930258432	2950467	444854	21034936	8122396	26132	0	26586	81000
1787041820	request	2446	28763612	28759261	61792	21930258432	2950491	444854	21034936	8122396	26132	0	26586	90000
1787041821	request	2447	28763612	28759259	61792	21930258432	2950491	444854	21035104	8122396	26132	0	26586	84000
1787041823	request	2449	28763612	28759261	61792	21930258432	2950491	444854	21036276	8122396	26132	0	26586	84000
1787041824	request	2450	28763612	28759260	61792	21930258432	2950491	444854	21036556	8122396	26132	0	26586	88000
1787041825	request	2451	28763612	28759259	61792	21930258432	2950491	444854	21036052	8122396	26132	0	26586	92000
1787041827	request	2453	28763612	28759260	61792	21930258432	2950491	444854	21035812	8122396	26132	0	26586	83000
1787041828	request	2454	28763612	28759261	61792	21930258432	2950491	444854	21035812	8122396	26132	0	26586	90000
1787041829	request	2455	28763612	28759260	61792	21930258432	2950491	444854	21035812	8122396	26132	0	26586	92000
1787041831	request	2457	28763612	28759259	61792	21930258432	2950491	444854	21035812	8122396	26132	0	26586	83000
1787041832	request	2458	28763612	28759261	61792	21930258432	2950491	444854	21035812	8122396	26132	0	26586	89000
1787041833	request	2459	28763612	28759259	61792	21930258432	2950491	444854	21036892	8122396	26132	0	26586	85000
1787041835	request	2461	28763612	28759259	61792	21930258432	2950491	444854	21036684	8122396	26132	0	26586	83000
1787041836	request	2462	28763612	28759259	61792	21930258432	2950491	444854	21036720	8122396	26132	0	26586	81000
1787041837	request	2463	28763612	28759260	61792	21930258432	2950491	444854	21036720	8122396	26132	0	26586	89000
1787041838	request	2464	28763612	28759261	61792	21930258432	2950491	444854	21038264	8122396	26132	0	26586	84000
1787041840	request	2466	28763612	28759259	61792	21930258432	2950491	444854	21038156	8122396	26132	0	26586	83000
1787041841	request	2467	28763612	28759259	61792	21930258432	2950491	444854	21037552	8122396	26132	0	26586	86000
1787041842	request	2468	28763612	28759259	61792	21930258432	2950491	444854	21037336	8122396	26132	0	26586	88000
1787041844	request	2470	28763612	28759260	61792	21930258432	2950491	444854	21035932	8122396	26132	0	26586	84000
1787041845	request	2471	28763612	28759259	61792	21930258432	2950491	444854	21036448	8122396	26132	0	26586	90000
1787041846	request	2472	28763612	28759260	61792	21930258432	2950491	444854	21035904	8122396	26132	0	26586	87000
1787041848	request	2474	28763612	28759261	61792	21930258432	2950491	444854	21035920	8122396	26132	0	26586	83000
1787041849	request	2475	28763612	28759259	61792	21930258432	2950491	444854	21035920	8122396	26132	0	26586	82000
1787041850	request	2476	28763612	28759260	61792	21930258432	2950491	444854	21035428	8122400	26133	0	26587	88000
1787041851	request	2477	28763612	28759261	61792	21930258432	2950491	444854	21036552	8122400	26133	0	26587	82000
1787041853	request	2479	28763612	28759259	61792	21930258432	2950491	444854	21037656	8122400	26133	0	26587	84000
1787041854	request	2480	28763612	28759261	61792	21930258432	2950491	444854	21037956	8122400	26133	0	26587	89000
1787041855	request	2481	28763612	28759260	61792	21930258432	2950491	444854	21036580	8122400	26133	0	26587	82000
1787041857	request	2483	28763612	28759259	61792	21930258432	2950491	444854	21035600	8122400	26133	0	26587	84000
1787041858	request	2484	28763612	28759259	61792	21930258432	2950491	444854	21035200	8122400	26133	0	26587	86000
1787041859	request	2485	28763612	28759259	61792	21930258432	2950491	444854	21035200	8122400	26133	0	26587	88000
1787041860	request	2486	28763612	28759259	61792	21930258432	2950491	444854	21034192	8122400	26133	0	26587	84000
1787041862	request	2488	28763612	28759261	61792	21930258432	2950491	444854	21034444	8122400	26133	0	26587	85000
1787041863	request	2489	28763612	28759259	61792	21930258432	2950491	444854	21034204	8122400	26133	0	26587	88000
1787041864	request	2490	28763612	28759258	61792	21930258432	2950491	444854	21034560	8122400	26133	0	26587	84000
1787041866	request	2492	28763612	28759258	61792	21930258432	2950491	444854	21034308	8122400	26133	0	26587	84000
1787041867	request	2493	28763612	28759259	61792	21930258432	2950491	444854	21034308	8122400	26133	0	26587	84000
1787041868	request	2494	28763612	28759259	61792	21930258432	2950491	444854	21034308	8122400	26133	0	26587	85000
1787041870	request	2496	28763612	28759259	61792	21930258432	2950491	444854	21036328	8122400	26133	0	26587	83000
1787041871	request	2497	28763612	28759258	61792	21930258432	2950491	444854	21036384	8122400	26133	0	26587	86000
1787041872	request	2498	28763612	28759259	61792	21930258432	2950491	444854	21035880	8122400	26133	0	26587	87000
1787041873	request	2499	28763612	28759259	61792	21930258432	2950491	444854	21036132	8122400	26133	0	26587	84000
1787041875	request	2501	28763612	28759258	61792	21930258432	2950491	444854	21035924	8122400	26133	0	26587	91000
1787041876	request	2502	28763612	28759260	61792	21930258432	2950491	444854	21036152	8122400	26133	0	26587	83000
1787041877	request	2503	28763612	28759259	61792	21930258432	2950491	444854	21036332	8122400	26133	0	26587	84000
1787041879	request	2505	28763612	28759259	61792	21930258432	2950491	444854	21036780	8122400	26133	0	26587	79000
1787041880	request	2506	28763612	28759260	61792	21930258432	2950491	444854	21036288	8122400	26133	0	26587	89000
1787041881	request	2507	28763612	28759259	61792	21930258432	2950491	444854	21036288	8122400	26133	0	26587	86000
1787041883	request	2509	28763612	28759261	61792	21930258432	2950491	444854	21036036	8122400	26133	0	26587	83000
1787041884	request	2510	28763612	28759260	61792	21930258432	2950491	444854	21036036	8122400	26133	0	26587	85000
1787041885	request	2511	28763612	28759260	61792	21930258432	2950491	444854	21035784	8122400	26133	0	26587	91000
1787041886	request	2512	28763612	28759259	61792	21930258432	2950491	444854	21035860	8122400	26133	0	26587	83000
1787041888	request	2514	28763612	28759260	61792	21930258432	2950491	444854	21036184	8122400	26133	0	26587	86000
1787041889	request	2515	28763612	28759258	61792	21930258432	2950491	444854	21036204	8122400	26133	0	26587	88000
1787041890	request	2516	28763612	28759260	61792	21930258432	2950491	444854	21036204	8122400	26133	0	26587	85000
1787041892	request	2518	28763612	28759259	61792	21930258432	2950491	444854	21037024	8122400	26133	0	26587	75000
1787041893	request	2519	28763612	28759260	61792	21930258432	2950491	444854	21037024	8122400	26133	0	26587	85000
1787041894	request	2520	28763612	28759259	61792	21930258432	2950491	444854	21037024	8122400	26133	0	26587	85000
1787041896	request	2522	28763612	28759259	61792	21930258432	2950491	444854	21036884	8122400	26133	0	26587	84000
1787041897	request	2523	28763612	28759260	61792	21930258432	2950491	444854	21036884	8122400	26133	0	26587	86000
1787041898	request	2524	28763612	28759260	61792	21930258432	2950491	444854	21036884	8122400	26133	0	26587	87000
1787041899	request	2525	28763612	28759259	61792	21930258432	2950491	444854	21037160	8122400	26133	0	26587	83000
1787041901	request	2527	28763612	28759259	61792	21930258432	2950491	444854	21036668	8122400	26133	0	26587	84000
1787041902	request	2528	28763612	28759259	61792	21930258432	2950491	444854	21036668	8122400	26133	0	26587	85000
1787041903	request	2529	28763612	28759258	61792	21930258432	2950491	444854	21036668	8122400	26133	0	26587	84000
1787041905	request	2531	28763612	28759259	61792	21930258432	2950491	444854	21036428	8122400	26133	0	26587	88000
1787041906	request	2532	28763612	28759259	61792	21930258432	2950491	444854	21036436	8122400	26133	0	26587	86000
1787041907	request	2533	28763612	28759259	61792	21930258432	2950491	444854	21035932	8122400	26133	0	26587	83000
1787041909	request	2535	28763612	28759259	61792	21930258432	2950491	444854	21037776	8122400	26133	0	26587	83000
1787041910	request	2536	28763612	28759259	61792	21930258432	2950491	444854	21037776	8122400	26133	0	26587	79000
1787041911	request	2537	28763612	28759260	61792	21930258432	2950491	444854	21037776	8122400	26133	0	26587	83000
1787041912	request	2538	28763612	28759259	61792	21930258432	2950491	444854	21038800	8122400	26133	0	26587	83000
1787041914	request	2540	28763612	28759260	61792	21930258432	2950491	444854	21038880	8122400	26133	0	26587	90000
1787041915	request	2541	28763612	28759259	61792	21930258432	2950491	444854	21038780	8122400	26133	0	26587	86000
1787041916	request	2542	28763612	28759259	61792	21930258432	2950491	444854	21038780	8122400	26133	0	26587	82000
1787041918	request	2544	28763612	28759258	61792	21930258432	2950491	444854	21039740	8122400	26133	0	26587	88000
1787041919	request	2545	28763612	28759260	61792	21930258432	2950491	444854	21039740	8122400	26133	0	26587	88000
1787041920	request	2546	28763612	28759260	61792	21930258432	2950491	444854	21039232	8122400	26133	0	26587	85000
1787041922	request	2548	28763612	28759259	61792	21930258432	2950491	444854	21039252	8122400	26133	0	26587	85000
1787041923	request	2549	28763612	28759259	61792	21930258432	2950491	444854	21039000	8122400	26133	0	26587	87000
1787041924	request	2550	28763612	28759260	61792	21930258432	2950491	444854	21039080	8122400	26133	0	26587	83000
1787041925	request	2551	28763612	28759259	61792	21930258432	2950491	444854	21038084	8122400	26133	0	26587	83000
1787041927	request	2553	28763612	28759260	61792	21930258432	2950491	444854	21037832	8122400	26133	0	26587	86000
1787041928	request	2554	28763612	28759260	61792	21930258432	2950491	444854	21037580	8122400	26133	0	26587	88000
1787041929	request	2555	28763612	28759259	61792	21930258432	2950491	444854	21037580	8122400	26133	0	26587	86000
1787041931	request	2557	28763612	28759259	61792	21930258432	2950491	444854	21037104	8122400	26133	0	26587	88000
1787041932	request	2558	28763612	28759259	61792	21930258432	2950491	444854	21037104	8122400	26133	0	26587	90000
1787041933	request	2559	28763612	28759260	61792	21930258432	2950491	444854	21037104	8122400	26133	0	26587	84000
1787041935	request	2561	28763612	28759260	61792	21930258432	2950491	444854	21037216	8122400	26133	0	26587	84000
1787041936	request	2562	28763612	28759259	61792	21930258432	2950491	444854	21037544	8122400	26133	0	26587	88000
1787041937	request	2563	28763612	28759260	61792	21930258432	2950491	444854	21037876	8122400	26133	0	26587	83000
1787041938	request	2564	28763612	28759260	61792	21930258432	2950491	444854	21037856	8122400	26133	0	26587	84000
1787041940	request	2566	28763612	28759259	61792	21930258432	2950491	444854	21037808	8122400	26133	0	26587	88000
1787041941	request	2567	28763612	28759259	61792	21930258432	2950491	444854	21037556	8122400	26133	0	26587	90000
1787041942	request	2568	28763612	28759260	61792	21930258432	2950491	444854	21037556	8122400	26133	0	26587	84000
1787041944	request	2570	28763612	28759259	61792	21930258432	2950491	444854	21037556	8122400	26133	0	26587	90000
1787041945	request	2571	28763612	28759259	61792	21930258432	2950491	444854	21038572	8122400	26133	0	26587	85000
1787041946	request	2572	28763612	28759259	61792	21930258432	2950491	444854	21038068	8122400	26133	0	26587	83000
1787041948	request	2574	28763612	28759260	61792	21930258432	2950491	444854	21037576	8122400	26133	0	26587	83000
1787041949	request	2575	28763612	28759259	61792	21930258432	2950491	444854	21037824	8122400	26133	0	26587	89000
1787041950	request	2576	28763612	28759258	61792	21930258432	2950491	444854	21037824	8122400	26133	0	26587	84000
1787041952	request	2578	28763612	28759259	61792	21930258432	2950491	444854	21037728	8122400	26133	0	26587	86000
1787041953	request	2579	28763612	28759259	61792	21930258432	2950491	444854	21037636	8122400	26133	0	26587	88000
1787041954	request	2580	28763612	28759260	61792	21930258432	2950491	444854	21037028	8122400	26133	0	26587	85000
1787041955	request	2581	28763612	28759259	61792	21930258432	2950491	444854	21037484	8122400	26133	0	26587	84000
1787041957	request	2583	28763612	28759260	61792	21930258432	2950491	444854	21037484	8122400	26133	0	26587	86000
1787041958	request	2584	28763612	28759259	61792	21930258432	2950491	444854	21037484	8122400	26133	0	26587	84000
1787041959	request	2585	28763612	28759259	61792	21930258432	2950491	444854	21037596	8122400	26133	0	26587	83000
1787041961	request	2587	28763612	28759259	61792	21930258432	2950491	444854	21037168	8122400	26133	0	26587	85000
1787041962	request	2588	28763612	28759259	61792	21930258432	2950491	444854	21037168	8122400	26133	0	26587	88000
1787041963	request	2589	28763612	28759260	61792	21930258432	2950491	444854	21036916	8122400	26133	0	26587	84000
1787041965	request	2591	28763612	28759259	61792	21930258432	2950491	444854	21036404	8122400	26133	0	26587	84000
1787041966	request	2592	28763612	28759258	61792	21930258432	2950491	444854	21037324	8122400	26133	0	26587	86000
1787041967	request	2593	28763612	28759259	61792	21930258432	2950491	444854	21037072	8122400	26133	0	26587	88000
1787041968	request	2594	28763612	28759259	61792	21930258432	2950491	444854	21037072	8122400	26133	0	26587	86000
1787041970	request	2596	28763612	28759259	61792	21930258432	2950491	444854	21037552	8122400	26133	0	26587	88000
1787041971	request	2597	28763612	28759260	61792	21930258432	2950491	444854	21037428	8122400	26133	0	26587	90000
1787041972	request	2598	28763612	28759258	61792	21930258432	2950491	444854	21037004	8122400	26133	0	26587	84000
1787041974	request	2600	28763612	28759259	61792	21930258432	2950491	444854	21038388	8122400	26133	0	26587	84000
1787041975	request	2601	28763612	28759259	61792	21930258432	2950491	444854	21037884	8122400	26133	0	26587	92000
1787041976	request	2602	28763612	28759259	61792	21930258432	2950491	444854	21037812	8122400	26133	0	26587	83000
1787041977	request	2603	28763612	28759258	61792	21930258432	2950491	444854	21037308	8122400	26133	0	26587	85000
1787041979	request	2605	28763612	28759260	61792	21930258432	2950491	444854	21037308	8122400	26133	0	26587	86000
1787041980	request	2606	28763612	28759259	61792	21930258432	2950491	444854	21037308	8122400	26133	0	26587	92000
1787041981	request	2607	28763612	28759258	61792	21930258432	2950491	444854	21037308	8122400	26133	0	26587	86000
1787041983	request	2609	28763612	28759259	61792	21930258432	2950491	444854	21038160	8122400	26133	0	26587	90000
1787041984	request	2610	28763612	28759259	61792	21930258432	2950491	444854	21037152	8122400	26133	0	26587	86000
1787041985	request	2611	28763612	28759260	61792	21930258432	2950491	444854	21038476	8122400	26133	0	26587	84000
1787041987	request	2613	28763612	28759260	61792	21930258432	2950491	444854	21039212	8122400	26133	0	26587	84000
1787041988	request	2614	28763612	28759260	61792	21930258432	2950491	444854	21037964	8122400	26133	0	26587	88000
1787041989	request	2615	28763612	28759259	61792	21930258432	2950491	444854	21038228	8122400	26133	0	26587	83000
1787041990	request	2616	28763612	28759260	61792	21930258432	2950491	444854	21038228	8122400	26133	0	26587	84000
1787041992	request	2618	28763612	28759259	61792	21930258432	2950491	444854	21038228	8122400	26133	0	26587	86000
1787041993	request	2619	28763612	28759259	61792	21930258432	2950491	444854	21037976	8122400	26133	0	26587	88000
1787041994	request	2620	28763612	28759259	61792	21930258432	2950491	444854	21037724	8122400	26133	0	26587	84000
1787041996	request	2622	28763612	28759260	61792	21930258432	2950491	444854	21038096	8122400	26133	0	26587	88000
1787041997	request	2623	28763612	28759259	61792	21930258432	2950491	444854	21036596	8122400	26133	0	26587	84000
1787041998	request	2624	28763612	28759260	61792	21930258432	2950491	444854	21036356	8122400	26133	0	26587	84000
1787042000	request	2626	28763612	28759260	61792	21930258432	2950491	444854	21036512	8122400	26133	0	26587	86000
1787042001	request	2627	28763612	28759261	61792	21930258432	2950491	444854	21037120	8122400	26133	0	26587	84000
1787042002	request	2628	28763612	28759259	61792	21930258432	2950491	444854	21037372	8122400	26133	0	26587	84000
1787042004	request	2630	28763612	28759259	61792	21930258432	2950491	444854	21036000	8122400	26133	0	26587	84000
1787042005	request	2631	28763612	28759258	61792	21930258432	2950491	444854	21035476	8122400	26133	0	26587	89000
1787042006	request	2632	28763612	28759259	61792	21930258432	2950491	444854	21036800	8122400	26133	0	26587	85000
1787042007	request	2633	28763612	28759260	61792	21930258432	2950491	444854	21036800	8122400	26133	0	26587	84000
1787042009	request	2635	28763612	28759260	61792	21930258432	2950491	444854	21036548	8122400	26133	0	26587	89000
1787042010	request	2636	28763612	28759260	61792	21930258432	2950491	444854	21037560	8122400	26133	0	26587	90000
1787042011	request	2637	28763612	28759260	61792	21930258432	2950491	444854	21037308	8122400	26133	0	26587	83000
1787042013	request	2639	28763612	28759259	61792	21930258432	2950491	444854	21037672	8122400	26133	0	26587	84000
1787042014	request	2640	28763612	28759259	61792	21930258432	2950491	444854	21038856	8122400	26133	0	26587	90000
1787042015	request	2641	28763612	28759259	61792	21930258432	2950491	444854	21038352	8122400	26133	0	26587	84000
1787042017	request	2643	28763612	28759259	61792	21930258432	2950491	444854	21038040	8122400	26133	0	26587	83000
1787042018	request	2644	28763612	28759258	61792	21930258432	2950491	444854	21038084	8122400	26133	0	26587	86000
1787042019	request	2645	28763612	28759258	61792	21930258432	2950491	444854	21037720	8122400	26133	0	26587	88000
1787042020	request	2646	28763612	28759259	61792	21930258432	2950491	444854	21037592	8122400	26133	0	26587	84000
1787042022	request	2648	28763612	28759258	61792	21930258432	2950491	444854	21037592	8122400	26133	0	26587	87000
1787042023	request	2649	28763612	28759259	61792	21930258432	2950491	444854	21037352	8122400	26133	0	26587	86000
1787042024	request	2650	28763612	28759258	61792	21930258432	2950491	444854	21037352	8122400	26133	0	26587	86000
1787042026	request	2652	28763612	28759258	61792	21930258432	2950491	444854	21036608	8122400	26133	0	26587	83000
1787042027	request	2653	28763612	28759259	61792	21930258432	2950491	444854	21036608	8122400	26133	0	26587	90000
1787042028	request	2654	28763612	28759259	61792	21930258432	2950491	444854	21035992	8122400	26133	0	26587	84000
1787042030	request	2656	28763612	28759259	61792	21930258432	2950491	444854	21035360	8122400	26133	0	26587	84000
1787042031	request	2657	28763612	28759260	61792	21930258432	2950491	444854	21035108	8122400	26133	0	26587	89000
1787042032	request	2658	28763612	28759259	61792	21930258432	2950491	444854	21035108	8122400	26133	0	26587	88000
1787042033	request	2659	28763612	28759260	61792	21930258432	2950491	444854	21033104	8122400	26133	0	26587	85000
1787042035	request	2661	28763612	28759259	61792	21930258432	2950491	444854	21034664	8122400	26133	0	26587	91000
1787042036	request	2662	28763612	28759259	61792	21930258432	2950491	444854	21034664	8122400	26133	0	26587	85000
1787042037	request	2663	28763612	28759258	61792	21930258432	2950491	444854	21034664	8122400	26133	0	26587	85000
1787042039	request	2665	28763612	28759259	61792	21930258432	2950491	444854	21035848	8122400	26133	0	26587	86000
1787042040	request	2666	28763612	28759260	61792	21930258432	2950491	444854	21035848	8122400	26133	0	26587	90000
1787042041	request	2667	28763612	28759259	61792	21930258432	2950491	444854	21036100	8122400	26133	0	26587	86000
1787042043	request	2669	28763612	28759259	61792	21930258432	2950491	444854	21035104	8122400	26133	0	26587	85000
1787042044	request	2670	28763612	28759259	61792	21930258432	2950491	444854	21035136	8122400	26133	0	26587	82000
1787042045	request	2671	28763612	28759259	61792	21930258432	2950491	444854	21035148	8122400	26133	0	26587	86000
1787042047	request	2673	28763612	28759259	61792	21930258432	2950491	444854	21035152	8122400	26133	0	26587	84000
1787042048	request	2674	28763612	28759260	61792	21930258432	2950491	444854	21035188	8122400	26133	0	26587	81000
1787042049	request	2675	28763612	28759259	61792	21930258432	2950491	444854	21035904	8122400	26133	0	26587	88000
1787042050	request	2676	28763612	28759259	61792	21930258432	2950491	444854	21035664	8122400	26133	0	26587	84000
1787042052	request	2678	28763612	28759259	61792	21930258432	2950491	444854	21035424	8122400	26133	0	26587	85000
1787042053	request	2679	28763612	28759259	61792	21930258432	2950491	444854	21035184	8122400	26133	0	26587	86000
1787042054	request	2680	28763612	28759259	61792	21930258432	2950491	444854	21034944	8122400	26133	0	26587	88000
1787042056	request	2682	28763612	28759259	61792	21930258432	2950491	444854	21034692	8122400	26133	0	26587	84000
1787042057	request	2683	28763612	28759260	61792	21930258432	2950491	444854	21034452	8122400	26133	0	26587	88000
1787042058	request	2684	28763612	28759259	61792	21930258432	2950491	444854	21034452	8122400	26133	0	26587	84000
1787042060	request	2686	28763612	28759259	61792	21930258432	2950491	444854	21034656	8122400	26133	0	26587	83000
1787042061	request	2687	28763612	28759259	61792	21930258432	2950491	444854	21036116	8122400	26133	0	26587	82000
1787042062	request	2688	28763612	28759259	61792	21930258432	2950491	444854	21035624	8122400	26133	0	26587	86000
1787042063	request	2689	28763612	28759260	61792	21930258432	2950491	444854	21035224	8122400	26133	0	26587	86000
1787042065	request	2691	28763612	28759259	61792	21930258432	2950491	444854	21034800	8122400	26133	0	26587	85000
1787042066	request	2692	28763612	28759259	61792	21930258432	2950491	444854	21035800	8122400	26133	0	26587	89000
1787042067	request	2693	28763612	28759259	61792	21930258432	2950491	444854	21034616	8122400	26133	0	26587	84000
1787042069	request	2695	28763612	28759259	61792	21930258432	2950491	444854	21034828	8122400	26133	0	26587	84000
1787042070	request	2696	28763612	28759260	61792	21930258432	2950491	444854	21034888	8122400	26133	0	26587	84000
1787042071	request	2697	28763612	28759260	61792	21930258432	2950491	444854	21034648	8122400	26133	0	26587	86000
1787042072	request	2698	28763612	28759259	61792	21930258432	2950491	444854	21034648	8122400	26133	0	26587	84000
1787042074	request	2700	28763612	28759259	61792	21930258432	2950491	444854	21034044	8122400	26133	0	26587	84000
1787042075	request	2701	28763612	28759261	61792	21930258432	2950491	444854	21033652	8122400	26133	0	26587	86000
1787042076	request	2702	28763612	28759259	61792	21930258432	2950491	444854	21033984	8122400	26133	0	26587	89000
1787042078	request	2704	28763612	28759259	61792	21930258432	2950491	444854	21034260	8122400	26133	0	26587	84000
1787042079	request	2705	28763612	28759259	61792	21930258432	2950491	444854	21034272	8122400	26133	0	26587	81000
1787042080	request	2706	28763612	28759260	61792	21930258432	2950491	444854	21034020	8122400	26133	0	26587	88000
1787042082	request	2708	28763612	28759259	61792	21930258432	2950491	444854	21033844	8122400	26133	0	26587	85000
1787042083	request	2709	28763612	28759259	61792	21930258432	2950491	444854	21033604	8122400	26133	0	26587	86000
1787042084	request	2710	28763612	28759259	61792	21930258432	2950491	444854	21034332	8122400	26133	0	26587	89000
1787042086	request	2712	28763612	28759259	61792	21930258432	2950491	444854	21034104	8122400	26133	0	26587	86000
1787042087	request	2713	28763612	28759260	61792	21930258432	2950491	444854	21035328	8122400	26133	0	26587	83000
1787042088	request	2714	28763612	28759260	61792	21930258432	2950491	444854	21035328	8122400	26133	0	26587	90000
1787042089	request	2715	28763612	28759260	61792	21930258432	2950491	444854	21035088	8122400	26133	0	26587	87000
1787042091	request	2717	28763612	28759259	61792	21930258432	2950491	444854	21034740	8122400	26133	0	26587	84000
1787042092	request	2718	28763612	28759260	61792	21930258432	2950491	444854	21034500	8122400	26133	0	26587	86000
1787042093	request	2719	28763612	28759259	61792	21930258432	2950491	444854	21034248	8122400	26133	0	26587	84000
1787042095	request	2721	28763612	28759260	61792	21930258432	2950491	444854	21035328	8122400	26133	0	26587	85000
1787042096	request	2722	28763612	28759259	61792	21930258432	2950491	444854	21035968	8122400	26133	0	26587	86000
1787042097	request	2723	28763708	28759354	61792	21930258432	2950515	444854	21035320	8122400	26133	0	26587	90000
1787042098	request	2724	28763708	28759355	61792	21930258432	2950515	444854	21035104	8122400	26133	0	26587	84000
1787042100	request	2726	28763708	28759356	61792	21930258432	2950515	444854	21034852	8122400	26133	0	26587	83000
1787042101	request	2727	28763708	28759355	61792	21930258432	2950515	444854	21034852	8122400	26133	0	26587	88000
1787042102	request	2728	28763708	28759356	61792	21930258432	2950515	444854	21034600	8122400	26133	0	26587	86000
1787042104	request	2730	28763708	28759354	61792	21930258432	2950515	444854	21034760	8122400	26133	0	26587	84000
1787042105	request	2731	28763708	28759355	61792	21930258432	2950515	444854	21035012	8122400	26133	0	26587	86000
1787042106	request	2732	28763708	28759355	61792	21930258432	2950515	444854	21035012	8122400	26133	0	26587	86000
1787042108	request	2734	28763708	28759355	61792	21930258432	2950515	444854	21035012	8122400	26133	0	26587	85000
1787042109	request	2735	28763708	28759355	61792	21930258432	2950515	444854	21034520	8122400	26133	0	26587	84000
1787042110	request	2736	28763708	28759356	61792	21930258432	2950515	444854	21034520	8122400	26133	0	26587	89000
1787042112	request	2738	28763708	28759355	61792	21930258432	2950515	444854	21034520	8122400	26133	0	26587	82000
1787042113	request	2739	28763708	28759355	61792	21930258432	2950515	444854	21034040	8122400	26133	0	26587	83000
1787042114	request	2740	28763708	28759355	61792	21930258432	2950515	444854	21038148	8122400	26133	0	26587	82000
1787042115	request	2741	28763708	28759354	61792	21930258432	2950515	444854	21038032	8122400	26133	0	26587	88000
1787042117	request	2743	28763708	28759355	61792	21930258432	2950515	444854	21037528	8122400	26133	0	26587	85000
1787042118	request	2744	28763708	28759355	61792	21930258432	2950515	444854	21037288	8122400	26133	0	26587	86000
1787042119	request	2745	28763708	28759355	61792	21930258432	2950515	444854	21037288	8122400	26133	0	26587	85000
1787042121	request	2747	28763708	28759355	61792	21930258432	2950515	444854	21037540	8122400	26133	0	26587	83000
1787042122	request	2748	28763708	28759354	61792	21930258432	2950515	444854	21037288	8122400	26133	0	26587	83000
1787042123	request	2749	28763708	28759355	61792	21930258432	2950515	444854	21037288	8122400	26133	0	26587	84000
1787042125	request	2751	28763708	28759354	61792	21930258432	2950515	444854	21037036	8122400	26133	0	26587	88000
1787042126	request	2752	28763708	28759355	61792	21930258432	2950515	444854	21037036	8122400	26133	0	26587	84000
1787042127	request	2753	28763708	28759355	61792	21930258432	2950515	444854	21037500	8122400	26133	0	26587	78000
1787042128	request	2754	28763708	28759354	61792	21930258432	2950515	444854	21037108	8122400	26133	0	26587	85000
1787042130	request	2756	28763708	28759354	61792	21930258432	2950515	444854	21037260	8122400	26133	0	26587	84000
1787042131	request	2757	28763708	28759356	61792	21930258432	2950515	444854	21037008	8122400	26133	0	26587	84000
1787042132	request	2758	28763708	28759355	61792	21930258432	2950515	444854	21037008	8122400	26133	0	26587	86000
1787042134	request	2760	28763708	28759356	61792	21930258432	2950515	444854	21039212	8122400	26133	0	26587	86000
1787042135	request	2761	28763708	28759354	61792	21930258432	2950515	444854	21039212	8122400	26133	0	26587	85000
1787042136	request	2762	28763708	28759356	61792	21930258432	2950515	444854	21038088	8122400	26133	0	26587	86000
1787042137	request	2763	28763708	28759354	61792	21930258432	2950515	444854	21039408	8122400	26133	0	26587	86000
1787042139	request	2765	28763708	28759354	61792	21930258432	2950515	444854	21039408	8122400	26133	0	26587	86000
1787042140	request	2766	28763708	28759355	61792	21930258432	2950515	444854	21041864	8122400	26133	0	26587	84000
1787042141	request	2767	28763708	28759356	61792	21930258432	2950515	444854	21041616	8122400	26133	0	26587	85000
1787042143	request	2769	28763708	28759355	61792	21930258432	2950515	444854	21041388	8122408	26135	0	26589	88000
1787042144	request	2770	28763708	28759355	61792	21930258432	2950515	444854	21040896	8122416	26137	0	26591	83000
1787042145	request	2771	28763708	28759356	61792	21930258432	2950515	444854	21040896	8122424	26139	0	26593	82000
1787042146	request	2772	28763708	28759356	61792	21930258432	2950515	444854	21040644	8122428	26140	0	26594	89000
1787042148	request	2774	28763708	28759355	61792	21930258432	2950515	444854	21040644	8122444	26144	0	26598	86000
1787042149	request	2775	28763708	28759356	61792	21930258432	2950515	444854	21041780	8122448	26145	0	26599	84000
1787042150	request	2776	28763708	28759355	61792	21930258432	2950515	444854	21041640	8122448	26145	0	26599	90000
1787042152	request	2778	28763708	28759357	61792	21930258432	2950515	444854	21042060	8122448	26145	0	26599	88000
1787042153	request	2779	28763708	28759356	61792	21930258432	2950515	444854	21041808	8122452	26146	0	26600	83000
1787042154	request	2780	28763708	28759356	61792	21930258432	2950515	444854	21041192	8122456	26147	0	26601	85000
1787042156	request	2782	28763708	28759355	61792	21930258432	2950515	444854	21041948	8122456	26147	0	26601	86000
1787042157	request	2783	28763708	28759357	61792	21930258432	2950515	444854	21041556	8122456	26147	0	26601	86000
1787042158	request	2784	28763708	28759355	61792	21930258432	2950515	444854	21042708	8122456	26147	0	26601	84000
1787042159	request	2785	28763708	28759355	61792	21930258432	2950515	444854	21043172	8122456	26147	0	26601	89000
1787042161	request	2787	28763708	28759355	61792	21930258432	2950515	444854	21042704	8122456	26147	0	26601	83000
1787042162	request	2788	28763708	28759356	61792	21930258432	2950515	444854	21041968	8122456	26147	0	26601	84000
1787042163	request	2789	28763708	28759355	61792	21930258432	2950515	444854	21041968	8122456	26147	0	26601	89000
1787042165	request	2791	28763708	28759357	61792	21930258432	2950515	444854	21041712	8122456	26147	0	26601	90000
1787042166	request	2792	28763708	28759356	61792	21930258432	2950515	444854	21041208	8122456	26147	0	26601	85000
1787042167	request	2793	28763708	28759356	61792	21930258432	2950515	444854	21041508	8122456	26147	0	26601	85000
1787042169	request	2795	28763772	28759420	61792	21930258432	2950516	444854	21041508	8122456	26147	0	26601	86000
1787042170	request	2796	28763772	28759421	61792	21930258432	2950516	444854	21041268	8122456	26147	0	26601	84000
1787042171	request	2797	28763772	28759420	61792	21930258432	2950516	444854	21041896	8122456	26147	0	26601	84000
1787042172	request	2798	28763772	28759420	61792	21930258432	2950516	444854	21041896	8122456	26147	0	26601	86000
1787042174	request	2800	28763772	28759420	61792	21930258432	2950516	444854	21041404	8122456	26147	0	26601	89000
1787042175	request	2801	28763772	28759421	61792	21930258432	2950516	444854	21041164	8122456	26147	0	26601	83000
1787042176	request	2802	28763772	28759421	61792	21930258432	2950516	444854	21041168	8122456	26147	0	26601	85000
1787042178	request	2804	28763772	28759420	61792	21930258432	2950516	444854	21040216	8122456	26147	0	26601	89000
1787042179	request	2805	28763772	28759421	61792	21930258432	2950516	444854	21040468	8122456	26147	0	26601	85000
1787042180	request	2806	28763772	28759421	61792	21930258432	2950516	444854	21040776	8122456	26147	0	26601	84000
1787042182	request	2808	28763772	28759420	61792	21930258432	2950516	444854	21040776	8122456	26147	0	26601	86000
1787042183	request	2809	28763772	28759421	61792	21930258432	2950516	444854	21040524	8122456	26147	0	26601	92000
1787042184	request	2810	28763772	28759421	61792	21930258432	2950516	444854	21039768	8122456	26147	0	26601	85000
1787042185	request	2811	28763772	28759420	61792	21930258432	2950516	444854	21039768	8122456	26147	0	26601	88000
1787042187	request	2813	28763772	28759420	61792	21930258432	2950516	444854	21039516	8122456	26147	0	26601	87000
1787042188	request	2814	28763772	28759419	61792	21930258432	2950516	444854	21038772	8122456	26147	0	26601	83000
1787042189	request	2815	28763772	28759421	61792	21930258432	2950516	444854	21038772	8122456	26147	0	26601	84000
1787042191	request	2817	28763772	28759420	61792	21930258432	2950516	444854	21038808	8122456	26147	0	26601	86000
1787042192	request	2818	28763772	28759419	61792	21930258432	2950516	444854	21038808	8122456	26147	0	26601	84000
1787042193	request	2819	28763772	28759420	61792	21930258432	2950516	444854	21039288	8122456	26147	0	26601	84000
1787042195	request	2821	28763772	28759420	61792	21930258432	2950516	444854	21039088	8122456	26147	0	26601	88000
1787042196	request	2822	28763772	28759419	61792	21930258432	2950516	444854	21039660	8122456	26147	0	26601	88000
1787042197	request	2823	28763772	28759421	61792	21930258432	2950516	444854	21039660	8122456	26147	0	26601	84000
1787042198	request	2824	28763772	28759419	61792	21930258432	2950516	444854	21039420	8122456	26147	0	26601	82000
1787042200	request	2826	28763772	28759420	61792	21930258432	2950516	444854	21039168	8122456	26147	0	26601	92000
1787042201	request	2827	28763772	28759419	61792	21930258432	2950516	444854	21039648	8122456	26147	0	26601	83000
1787042202	request	2828	28763772	28759420	61792	21930258432	2950516	444854	21039648	8122456	26147	0	26601	86000
1787042204	request	2830	28763772	28759420	61792	21930258432	2950516	444854	21039408	8122456	26147	0	26601	90000
1787042205	request	2831	28763772	28759420	61792	21930258432	2950516	444854	21040576	8122456	26147	0	26601	92000
1787042206	request	2832	28763772	28759421	61792	21930258432	2950516	444854	21039844	8122456	26147	0	26601	84000
1787042208	request	2834	28763772	28759420	61792	21930258432	2950516	444854	21039844	8122456	26147	0	26601	79000
1787042209	request	2835	28763772	28759421	61792	21930258432	2950516	444854	21039844	8122456	26147	0	26601	87000
1787042210	request	2836	28763772	28759421	61792	21930258432	2950516	444854	21039828	8122456	26147	0	26601	83000
1787042212	request	2838	28763772	28759421	61792	21930258432	2950516	444854	21039320	8122456	26147	0	26601	84000
1787042213	request	2839	28763772	28759420	61792	21930258432	2950516	444854	21039320	8122456	26147	0	26601	90000
1787042214	request	2840	28763772	28759420	61792	21930258432	2950516	444854	21038888	8122456	26147	0	26601	89000
1787042215	request	2841	28763772	28759421	61792	21930258432	2950516	444854	21032036	8123120	26306	0	26767	84000
1787042217	request	2843	28763772	28759421	61792	21930258432	2950516	444854	21036760	8123160	26316	0	26777	84000
1787042218	request	2844	28763772	28759422	61792	21930258432	2950516	444854	21035500	8123160	26316	0	26777	93000
1787042219	request	2845	28763772	28759422	61792	21930258432	2950516	444854	21036104	8123160	26316	0	26777	84000
1787042221	request	2847	28763772	28759421	61792	21930258432	2950516	444854	21036932	8123160	26316	0	26777	83000
1787042222	request	2848	28763772	28759421	61792	21930258432	2950516	444854	21037900	8123160	26316	0	26777	92000
1787042223	request	2849	28763772	28759421	61792	21930258432	2950516	444854	21038400	8123160	26316	0	26777	84000
1787042225	request	2851	28763772	28759422	61792	21930258432	2950516	444854	21039908	8123184	26322	0	26783	83000
1787042226	request	2852	28763772	28759421	61792	21930258432	2950516	444854	21040156	8123184	26322	0	26783	84000
1787042227	request	2853	28763772	28759423	61792	21930258432	2950516	444854	21038796	8123184	26322	0	26783	88000
1787042228	request	2854	28763772	28759422	61792	21930258432	2950516	444854	21038404	8123184	26322	0	26783	83000
1787042230	request	2856	28763772	28759421	61792	21930258432	2950516	444854	21038656	8123184	26322	0	26783	84000
1787042231	request	2857	28763772	28759421	61792	21930258432	2950516	444854	21037912	8123184	26322	0	26783	90000
1787042232	request	2858	28763772	28759420	61792	21930258432	2950516	444854	21036720	8123192	26324	0	26785	86000
1787042234	request	2860	28763772	28759420	61792	21930258432	2950516	444854	21034792	8123192	26324	0	26785	84000
1787042235	request	2861	28763772	28759421	61792	21930258432	2950516	444854	21034680	8123192	26324	0	26785	86000
1787042236	request	2862	28763772	28759420	61792	21930258432	2950516	444854	21034428	8123192	26324	0	26785	85000
1787042238	request	2864	28763772	28759420	61792	21930258432	2950516	444854	21033936	8123192	26324	0	26785	84000
1787042239	request	2865	28763772	28759421	61792	21930258432	2950516	444854	21033684	8123192	26324	0	26785	84000
1787042240	request	2866	28763772	28759420	61792	21930258432	2950516	444854	21033684	8123192	26324	0	26785	83000
1787042241	request	2867	28763772	28759420	61792	21930258432	2950516	444854	21034044	8123192	26324	0	26785	88000
1787042243	request	2869	28763772	28759420	61792	21930258432	2950516	444854	21033736	8123192	26324	0	26785	83000
1787042244	request	2870	28763772	28759420	61792	21930258432	2950516	444854	21032740	8123192	26324	0	26785	82000
1787042245	request	2871	28763772	28759420	61792	21930258432	2950516	444854	21033656	8123192	26324	0	26785	88000
1787042247	request	2873	28763772	28759419	61792	21930258432	2950516	444854	21034276	8123192	26324	0	26785	85000
1787042248	request	2874	28763772	28759420	61792	21930258432	2950516	444854	21034388	8123192	26324	0	26785	87000
1787042249	request	2875	28763772	28759420	61792	21930258432	2950516	444854	21033352	8123192	26324	0	26785	86000
1787042251	request	2877	28763772	28759421	61792	21930258432	2950516	444854	21034108	8123192	26324	0	26785	86000
1787042252	request	2878	28763772	28759420	61792	21930258432	2950516	444854	21033752	8123192	26324	0	26785	80000
1787042253	request	2879	28763772	28759420	61792	21930258432	2950516	444854	21033084	8123192	26324	0	26785	87000
1787042254	request	2880	28763772	28759420	61792	21930258432	2950516	444854	21032720	8123192	26324	0	26785	86000
1787042256	request	2882	28763772	28759420	61792	21930258432	2950516	444854	21032732	8123192	26324	0	26785	84000
1787042257	request	2883	28763772	28759420	61792	21930258432	2950516	444854	21032116	8123192	26324	0	26785	84000
1787042258	request	2884	28763772	28759420	61792	21930258432	2950516	444854	21033192	8123192	26324	0	26785	86000
1787042260	request	2886	28763772	28759419	61792	21930258432	2950516	444854	21033128	8123192	26324	0	26785	86000
1787042261	request	2887	28763772	28759419	61792	21930258432	2950516	444854	21032876	8123192	26324	0	26785	86000
1787042262	request	2888	28763772	28759419	61792	21930258432	2950516	444854	21032712	8123192	26324	0	26785	86000
1787042263	request	2889	28763772	28759421	61792	21930258432	2950516	444854	21031984	8123192	26324	0	26785	86000
1787042265	request	2891	28763772	28759419	61792	21930258432	2950516	444854	21031480	8123192	26324	0	26785	83000
1787042266	request	2892	28763772	28759419	61792	21930258432	2950516	444854	21031480	8123192	26324	0	26785	85000
1787042267	request	2893	28763772	28759421	61792	21930258432	2950516	444854	21031420	8123192	26324	0	26785	88000
1787042269	request	2895	28763772	28759421	61792	21930258432	2950516	444854	21031924	8123192	26324	0	26785	87000
1787042270	request	2896	28763772	28759420	61792	21930258432	2950516	444854	21031944	8123192	26324	0	26785	85000
1787042271	request	2897	28763772	28759420	61792	21930258432	2950516	444854	21031760	8123192	26324	0	26785	88000
1787042273	request	2899	28763772	28759420	61792	21930258432	2950516	444854	21031664	8123192	26324	0	26785	88000
1787042274	request	2900	28763772	28759420	61792	21930258432	2950516	444854	21031272	8123192	26324	0	26785	85000
1787042275	request	2901	28763772	28759420	61792	21930258432	2950516	444854	21031192	8123192	26324	0	26785	85000
1787042276	request	2902	28763772	28759420	61792	21930258432	2950516	444854	21030748	8123192	26324	0	26785	88000
1787042278	request	2904	28763772	28759420	61792	21930258432	2950516	444854	21031000	8123192	26324	0	26785	89000
1787042279	request	2905	28763772	28759419	61792	21930258432	2950516	444854	21032320	8123192	26324	0	26785	84000
1787042280	request	2906	28763772	28759421	61792	21930258432	2950516	444854	21032320	8123192	26324	0	26785	86000
1787042282	request	2908	28763772	28759421	61792	21930258432	2950516	444854	21033400	8123192	26324	0	26785	87000
1787042283	request	2909	28763772	28759420	61792	21930258432	2950516	444854	21032712	8123192	26324	0	26785	83000
1787042284	request	2910	28763772	28759420	61792	21930258432	2950516	444854	21032252	8123192	26324	0	26785	84000
1787042286	request	2912	28763772	28759421	61792	21930258432	2950516	444854	21032252	8123192	26324	0	26785	86000
1787042287	request	2913	28763772	28759421	61792	21930258432	2950516	444854	21032252	8123192	26324	0	26785	82000
1787042288	request	2914	28763772	28759419	61792	21930258432	2950516	444854	21032252	8123192	26324	0	26785	83000
1787042289	request	2915	28763772	28759420	61792	21930258432	2950516	444854	21032252	8123192	26324	0	26785	85000
1787042291	request	2917	28763772	28759420	61792	21930258432	2950516	444854	21032468	8123192	26324	0	26785	88000
1787042292	request	2918	28763772	28759420	61792	21930258432	2950516	444854	21032164	8123192	26324	0	26785	83000
1787042293	request	2919	28763772	28759419	61792	21930258432	2950516	444854	21031784	8123192	26324	0	26785	84000
1787042295	request	2921	28763772	28759420	61792	21930258432	2950516	444854	21031904	8123192	26324	0	26785	88000
1787042296	request	2922	28763772	28759420	61792	21930258432	2950516	444854	21032020	8123192	26324	0	26785	88000
1787042297	request	2923	28763772	28759420	61792	21930258432	2950516	444854	21032200	8123192	26324	0	26785	85000
1787042299	request	2925	28763772	28759420	61792	21930258432	2950516	444854	21032200	8123192	26324	0	26785	86000
1787042300	request	2926	28763772	28759421	61792	21930258432	2950516	444854	21032200	8123192	26324	0	26785	90000
1787042301	request	2927	28763772	28759419	61792	21930258432	2950516	444854	21032532	8123192	26324	0	26785	83000
1787042303	request	2929	28763772	28759420	61792	21930258432	2950516	444854	21032900	8123192	26324	0	26785	83000
1787042304	request	2930	28763772	28759419	61792	21930258432	2950516	444854	21033548	8123192	26324	0	26785	88000
1787042305	request	2931	28763772	28759420	61792	21930258432	2950516	444854	21033044	8123192	26324	0	26785	87000
1787042306	request	2932	28763772	28759420	61792	21930258432	2950516	444854	21033044	8123192	26324	0	26785	87000
1787042308	request	2934	28763772	28759421	61792	21930258432	2950516	444854	21034456	8123192	26324	0	26785	84000
1787042309	request	2935	28763772	28759420	61792	21930258432	2950516	444854	21034580	8123192	26324	0	26785	88000
1787042310	request	2936	28763772	28759421	61792	21930258432	2950516	444854	21034816	8123192	26324	0	26785	85000
1787042311	request	2937	28763772	28759420	61792	21930258432	2950516	444854	21033820	8123192	26324	0	26785	84000
1787042313	request	2939	28763772	28759419	61792	21930258432	2950516	444854	21033980	8123192	26324	0	26785	88000
1787042314	request	2940	28763772	28759419	61792	21930258432	2950516	444854	21034048	8123192	26324	0	26785	86000
1787042315	request	2941	28763772	28759421	61792	21930258432	2950516	444854	21033180	8123192	26324	0	26785	85000
1787042317	request	2943	28763772	28759420	61792	21930258432	2950516	444854	21032916	8123192	26324	0	26785	86000
1787042318	request	2944	28763772	28759421	61792	21930258432	2950516	444854	21033068	8123192	26324	0	26785	88000
1787042319	request	2945	28763772	28759420	61792	21930258432	2950516	444854	21032580	8123192	26324	0	26785	83000
1787042321	request	2947	28763772	28759421	61792	21930258432	2950516	444854	21032328	8123192	26324	0	26785	84000
1787042322	request	2948	28763772	28759420	61792	21930258432	2950516	444854	21031472	8123192	26324	0	26785	92000
1787042323	request	2949	28763772	28759420	61792	21930258432	2950516	444854	21032736	8123192	26324	0	26785	86000
1787042324	request	2950	28763772	28759420	61792	21930258432	2950516	444854	21032624	8123192	26324	0	26785	83000
1787042326	request	2952	28763772	28759421	61792	21930258432	2950516	444854	21032372	8123192	26324	0	26785	84000
1787042327	request	2953	28763772	28759419	61792	21930258432	2950516	444854	21032372	8123192	26324	0	26785	82000
1787042328	request	2954	28763772	28759420	61792	21930258432	2950516	444854	21031880	8123192	26324	0	26785	83000
1787042330	request	2956	28763772	28759420	61792	21930258432	2950516	444854	21031880	8123192	26324	0	26785	84000
1787042331	request	2957	28763772	28759420	61792	21930258432	2950516	444854	21031628	8123192	26324	0	26785	90000
1787042332	request	2958	28763772	28759421	61792	21930258432	2950516	444854	21031136	8123192	26324	0	26785	88000
1787042334	request	2960	28763772	28759420	61792	21930258432	2950516	444854	21031136	8123192	26324	0	26785	84000
1787042335	request	2961	28763772	28759421	61792	21930258432	2950516	444854	21031136	8123192	26324	0	26785	89000
1787042336	request	2962	28763772	28759421	61792	21930258432	2950516	444854	21032032	8123192	26324	0	26785	94000
1787042338	request	2964	28763772	28759419	61792	21930258432	2950516	444854	21031792	8123192	26324	0	26785	83000
1787042339	request	2965	28763772	28759421	61792	21930258432	2950516	444854	21031032	8123192	26324	0	26785	83000
1787042340	request	2966	28763772	28759420	61792	21930258432	2950516	444854	21031232	8123192	26324	0	26785	88000
1787042341	request	2967	28763772	28759420	61792	21930258432	2950516	444854	21031596	8123192	26324	0	26785	87000
1787042343	request	2969	28763772	28759421	61792	21930258432	2950516	444854	21033972	8123192	26324	0	26785	83000
1787042344	request	2970	28763772	28759420	61792	21930258432	2950516	444854	21033480	8123192	26324	0	26785	82000
1787042345	request	2971	28763772	28759420	61792	21930258432	2950516	444854	21033480	8123192	26324	0	26785	92000
1787042347	request	2973	28763772	28759420	61792	21930258432	2950516	444854	21032744	8123192	26324	0	26785	83000
1787042348	request	2974	28763772	28759420	61792	21930258432	2950516	444854	21032604	8123192	26324	0	26785	86000
1787042349	request	2975	28763772	28759420	61792	21930258432	2950516	444854	21033228	8123192	26324	0	26785	88000
1787042351	request	2977	28763772	28759420	61792	21930258432	2950516	444854	21033228	8123192	26324	0	26785	84000
1787042352	request	2978	28763772	28759420	61792	21930258432	2950516	444854	21033732	8123192	26324	0	26785	83000
1787042353	request	2979	28763772	28759419	61792	21930258432	2950516	444854	21033732	8123192	26324	0	26785	80000
1787042354	request	2980	28763772	28759419	61792	21930258432	2950516	444854	21033984	8123192	26324	0	26785	84000
1787042356	request	2982	28763772	28759420	61792	21930258432	2950516	444854	21033984	8123192	26324	0	26785	82000
1787042357	request	2983	28763772	28759421	61792	21930258432	2950516	444854	21033984	8123192	26324	0	26785	86000
1787042358	request	2984	28763772	28759419	61792	21930258432	2950516	444854	21034984	8123192	26324	0	26785	84000
1787042360	request	2986	28763772	28759421	61792	21930258432	2950516	444854	21034584	8123192	26324	0	26785	87000
1787042361	request	2987	28763772	28759421	61792	21930258432	2950516	444854	21034952	8123192	26324	0	26785	84000
1787042362	request	2988	28763772	28759420	61792	21930258432	2950516	444854	21034700	8123192	26324	0	26785	85000
1787042364	request	2990	28763772	28759420	61792	21930258432	2950516	444854	21033792	8123192	26324	0	26785	90000
1787042365	request	2991	28763772	28759420	61792	21930258432	2950516	444854	21033764	8123192	26324	0	26785	83000
1787042366	request	2992	28763772	28759419	61792	21930258432	2950516	444854	21033624	8123192	26324	0	26785	87000
1787042367	request	2993	28763772	28759421	61792	21930258432	2950516	444854	21033604	8123192	26324	0	26785	86000
1787042369	request	2995	28763772	28759420	61792	21930258432	2950516	444854	21033364	8123192	26324	0	26785	89000
1787042370	request	2996	28763772	28759420	61792	21930258432	2950516	444854	21033476	8123192	26324	0	26785	83000
1787042371	request	2997	28763772	28759420	61792	21930258432	2950516	444854	21034360	8123192	26324	0	26785	85000
1787042373	request	2999	28763772	28759420	61792	21930258432	2950516	444854	21034120	8123192	26324	0	26785	87000
1787042374	request	3000	28763772	28759420	61792	21930258432	2950516	444854	21034120	8123192	26324	0	26785	83000
1787042375	request	3001	28763772	28759421	61792	21930258432	2950516	444854	21032860	8123192	26324	0	26785	81000
1787042377	request	3003	28763772	28759420	61792	21930258432	2950516	444854	21033244	8123192	26324	0	26785	87000
1787042378	request	3004	28763772	28759419	61792	21930258432	2950516	444854	21033372	8123192	26324	0	26785	88000
1787042379	request	3005	28763772	28759420	61792	21930258432	2950516	444854	21033372	8123192	26324	0	26785	83000
1787042380	request	3006	28763772	28759421	61792	21930258432	2950516	444854	21033372	8123192	26324	0	26785	83000
1787042382	request	3008	28763772	28759420	61792	21930258432	2950516	444854	21034256	8123192	26324	0	26785	87000
1787042383	request	3009	28763772	28759420	61792	21930258432	2950516	444854	21034256	8123192	26324	0	26785	90000
1787042384	request	3010	28763772	28759421	61792	21930258432	2950516	444854	21033248	8123192	26324	0	26785	83000
1787042386	request	3012	28763772	28759420	61792	21930258432	2950516	444854	21033248	8123192	26324	0	26785	89000
1787042387	request	3013	28763868	28759516	61792	21930258432	2950540	444854	21033248	8123192	26324	0	26785	87000
1787042388	request	3014	28763868	28759516	61792	21930258432	2950540	444854	21033752	8123192	26324	0	26785	84000
1787042390	request	3016	28763868	28759517	61792	21930258432	2950540	444854	21034084	8123192	26324	0	26785	84000
1787042391	request	3017	28763868	28759516	61792	21930258432	2950540	444854	21034324	8123192	26324	0	26785	89000
1787042392	request	3018	28763868	28759515	61792	21930258432	2950540	444854	21034788	8123192	26324	0	26785	86000
1787042393	request	3019	28763868	28759516	61792	21930258432	2950540	444854	21036720	8123192	26324	0	26785	86000
1787042395	request	3021	28763868	28759517	61792	21930258432	2950540	444854	21039104	8123192	26324	0	26785	88000
1787042396	request	3022	28763868	28759516	61792	21930258432	2950540	444854	21038856	8123192	26324	0	26785	86000
1787042397	request	3023	28763868	28759516	61792	21930258432	2950540	444854	21039152	8123192	26324	0	26785	83000
1787042399	request	3025	28763868	28759515	61792	21930258432	2950540	444854	21039152	8123192	26324	0	26785	83000
1787042400	request	3026	28763868	28759516	61792	21930258432	2950540	444854	21039196	8123192	26324	0	26785	83000
1787042401	request	3027	28763868	28759517	61792	21930258432	2950540	444854	21039196	8123192	26324	0	26785	88000
1787042402	request	3028	28763868	28759517	61792	21930258432	2950540	444854	21039196	8123192	26324	0	26785	83000
1787042404	request	3030	28763868	28759516	61792	21930258432	2950540	444854	21038432	8123192	26324	0	26785	83000
1787042405	request	3031	28763868	28759516	61792	21930258432	2950540	444854	21037964	8123192	26324	0	26785	90000
1787042406	request	3032	28763868	28759516	61792	21930258432	2950540	444854	21038396	8123192	26324	0	26785	88000
1787042408	request	3034	28763868	28759515	61792	21930258432	2950540	444854	21038796	8123192	26324	0	26785	84000
1787042409	request	3035	28763868	28759515	61792	21930258432	2950540	444854	21038796	8123192	26324	0	26785	87000
1787042410	request	3036	28763868	28759516	61792	21930258432	2950540	444854	21038556	8123192	26324	0	26785	90000
1787042412	request	3038	28763868	28759517	61792	21930258432	2950540	444854	21038556	8123192	26324	0	26785	84000
1787042413	request	3039	28763868	28759516	61792	21930258432	2950540	444854	21038420	8123192	26324	0	26785	84000
1787042414	request	3040	28763868	28759516	61792	21930258432	2950540	444854	21038832	8123192	26324	0	26785	88000
1787042415	request	3041	28763868	28759516	61792	21930258432	2950540	444854	21037960	8123192	26324	0	26785	85000
1787042417	request	3043	28763868	28759516	61792	21930258432	2950540	444854	21037580	8123192	26324	0	26785	83000
1787042418	request	3044	28763868	28759515	61792	21930258432	2950540	444854	21037992	8123192	26324	0	26785	79000
1787042419	request	3045	28763868	28759516	61792	21930258432	2950540	444854	21038560	8123192	26324	0	26785	89000
1787042421	request	3047	28763868	28759516	61792	21930258432	2950540	444854	21038592	8123192	26324	0	26785	84000
1787042422	request	3048	28763868	28759516	61792	21930258432	2950540	444854	21038592	8123192	26324	0	26785	85000
1787042423	request	3049	28763868	28759517	61792	21930258432	2950540	444854	21038100	8123192	26324	0	26785	92000
1787042425	request	3051	28763868	28759516	61792	21930258432	2950540	444854	21036756	8123192	26324	0	26785	89000
1787042426	request	3052	28763868	28759516	61792	21930258432	2950540	444854	21036364	8123192	26324	0	26785	84000
1787042427	request	3053	28763868	28759516	61792	21930258432	2950540	444854	21036152	8123192	26324	0	26785	87000
1787042429	request	3055	28763868	28759517	61792	21930258432	2950540	444854	21036668	8123192	26324	0	26785	86000
1787042430	request	3056	28763868	28759516	61792	21930258432	2950540	444854	21037060	8123192	26324	0	26785	83000
1787042431	request	3057	28763868	28759517	61792	21930258432	2950540	444854	21037060	8123192	26324	0	26785	85000
1787042432	request	3058	28763868	28759515	61792	21930258432	2950540	444854	21036696	8123192	26324	0	26785	89000
1787042434	request	3060	28763868	28759515	61792	21930258432	2950540	444854	21035512	8123192	26324	0	26785	88000
1787042435	request	3061	28763868	28759515	61792	21930258432	2950540	444854	21034896	8123192	26324	0	26785	83000
1787042436	request	3062	28763868	28759516	61792	21930258432	2950540	444854	21034664	8123192	26324	0	26785	83000
1787042438	request	3064	28763868	28759516	61792	21930258432	2950540	444854	21034132	8123192	26324	0	26785	88000
1787042439	request	3065	28763868	28759515	61792	21930258432	2950540	444854	21034216	8123192	26324	0	26785	83000
1787042440	request	3066	28763868	28759516	61792	21930258432	2950540	444854	21035124	8123192	26324	0	26785	85000
1787042442	request	3068	28763868	28759516	61792	21930258432	2950540	444854	21035056	8123192	26324	0	26785	86000
1787042443	request	3069	28763868	28759516	61792	21930258432	2950540	444854	21035056	8123192	26324	0	26785	91000
1787042444	request	3070	28763868	28759515	61792	21930258432	2950540	444854	21035812	8123192	26324	0	26785	83000
1787042445	request	3071	28763868	28759515	61792	21930258432	2950540	444854	21036380	8123192	26324	0	26785	83000
1787042447	request	3073	28763868	28759516	61792	21930258432	2950540	444854	21037172	8123192	26324	0	26785	85000
1787042448	request	3074	28763868	28759516	61792	21930258432	2950540	444854	21037424	8123192	26324	0	26785	88000
1787042449	request	3075	28763868	28759515	61792	21930258432	2950540	444854	21037424	8123192	26324	0	26785	84000
1787042451	request	3077	28763868	28759516	61792	21930258432	2950540	444854	21037172	8123192	26324	0	26785	86000
1787042452	request	3078	28763868	28759516	61792	21930258432	2950540	444854	21037172	8123192	26324	0	26785	84000
1787042453	request	3079	28763868	28759515	61792	21930258432	2950540	444854	21037172	8123192	26324	0	26785	84000
1787042454	request	3080	28763868	28759516	61792	21930258432	2950540	444854	21036920	8123192	26324	0	26785	84000
1787042456	request	3082	28763868	28759515	61792	21930258432	2950540	444854	21036680	8123192	26324	0	26785	88000
1787042457	request	3083	28763868	28759516	61792	21930258432	2950540	444854	21036680	8123192	26324	0	26785	87000
1787042458	request	3084	28763868	28759516	61792	21930258432	2950540	444854	21037292	8123192	26324	0	26785	85000
1787042460	request	3086	28763868	28759515	61792	21930258432	2950540	444854	21037632	8123192	26324	0	26785	83000
1787042461	request	3087	28763868	28759515	61792	21930258432	2950540	444854	21037632	8123192	26324	0	26785	83000
1787042462	request	3088	28763868	28759517	61792	21930258432	2950540	444854	21037632	8123192	26324	0	26785	84000
1787042464	request	3090	28763868	28759517	61792	21930258432	2950540	444854	21037396	8123192	26324	0	26785	84000
1787042465	request	3091	28763868	28759517	61792	21930258432	2950540	444854	21037396	8123192	26324	0	26785	88000
1787042466	request	3092	28763868	28759514	61792	21930258432	2950540	444854	21037364	8123192	26324	0	26785	90000
1787042468	request	3094	28763868	28759514	61792	21930258432	2950540	444854	21037372	8123192	26324	0	26785	83000
1787042469	request	3095	28763868	28759515	61792	21930258432	2950540	444854	21037268	8123192	26324	0	26785	83000
1787042470	request	3096	28763868	28759514	61792	21930258432	2950540	444854	21037300	8123192	26324	0	26785	89000
1787042471	request	3097	28763868	28759515	61792	21930258432	2950540	444854	21037156	8123192	26324	0	26785	88000
1787042473	request	3099	28763868	28759515	61792	21930258432	2950540	444854	21036416	8123192	26324	0	26785	83000
1787042474	request	3100	28763868	28759514	61792	21930258432	2950540	444854	21036164	8123192	26324	0	26785	83000
1787042475	request	3101	28763868	28759516	61792	21930258432	2950540	444854	21035548	8123192	26324	0	26785	92000
1787042477	request	3103	28763868	28759515	61792	21930258432	2950540	444854	21037504	8123192	26324	0	26785	83000
1787042478	request	3104	28763868	28759514	61792	21930258432	2950540	444854	21037136	8123192	26324	0	26785	84000
1787042479	request	3105	28763868	28759515	61792	21930258432	2950540	444854	21037392	8123192	26324	0	26785	88000
1787042480	request	3106	28763868	28759515	61792	21930258432	2950540	444854	21037392	8123192	26324	0	26785	84000
1787042482	request	3108	28763868	28759515	61792	21930258432	2950540	444854	21037392	8123192	26324	0	26785	85000
1787042483	request	3109	28763868	28759515	61792	21930258432	2950540	444854	21037392	8123192	26324	0	26785	84000
1787042484	request	3110	28763868	28759515	61792	21930258432	2950540	444854	21036900	8123192	26324	0	26785	88000
1787042486	request	3112	28763868	28759516	61792	21930258432	2950540	444854	21036900	8123192	26324	0	26785	82000
1787042487	request	3113	28763868	28759516	61792	21930258432	2950540	444854	21036900	8123192	26324	0	26785	84000
1787042488	request	3114	28763868	28759515	61792	21930258432	2950540	444854	21036648	8123192	26324	0	26785	90000
1787042490	request	3116	28763868	28759515	61792	21930258432	2950540	444854	21036156	8123192	26324	0	26785	82000
1787042491	request	3117	28763868	28759515	61792	21930258432	2950540	444854	21036156	8123192	26324	0	26785	84000
1787042492	request	3118	28763868	28759515	61792	21930258432	2950540	444854	21036156	8123192	26324	0	26785	84000
1787042494	request	3120	28763868	28759515	61792	21930258432	2950540	444854	21036156	8123192	26324	0	26785	88000
1787042495	request	3121	28763868	28759515	61792	21930258432	2950540	444854	21036156	8123192	26324	0	26785	85000
1787042496	request	3122	28763868	28759515	61792	21930258432	2950540	444854	21035176	8123192	26324	0	26785	84000
1787042498	request	3124	28763868	28759515	61792	21930258432	2950540	444854	21035484	8123192	26324	0	26785	88000
1787042499	request	3125	28763868	28759516	61792	21930258432	2950540	444854	21035484	8123192	26324	0	26785	86000
1787042500	request	3126	28763868	28759515	61792	21930258432	2950540	444854	21035484	8123192	26324	0	26785	85000
1787042501	request	3127	28763868	28759516	61792	21930258432	2950540	444854	21036124	8123192	26324	0	26785	85000
1787042503	request	3129	28763868	28759515	61792	21930258432	2950540	444854	21035992	8123192	26324	0	26785	86000
1787042504	request	3130	28763868	28759514	61792	21930258432	2950540	444854	21036496	8123192	26324	0	26785	86000
1787042505	request	3131	28763868	28759514	61792	21930258432	2950540	444854	21036328	8123212	26329	0	26790	84000
1787042507	request	3133	28763868	28759515	61792	21930258432	2950540	444854	21035884	8123212	26329	0	26790	84000
1787042508	request	3134	28763868	28759514	61792	21930258432	2950540	444854	21034256	8123212	26329	0	26790	89000
1787042509	request	3135	28763868	28759515	61792	21930258432	2950540	444854	21034232	8123212	26329	0	26790	84000
1787042511	request	3137	28763868	28759515	61792	21930258432	2950540	444854	21034356	8123212	26329	0	26790	83000
1787042512	request	3138	28763868	28759514	61792	21930258432	2950540	444854	21034356	8123212	26329	0	26790	89000
1787042513	request	3139	28763868	28759514	61792	21930258432	2950540	444854	21034356	8123212	26329	0	26790	88000
1787042515	request	3141	28763868	28759515	61792	21930258432	2950540	444854	21034356	8123212	26329	0	26790	84000
1787042516	request	3142	28763868	28759514	61792	21930258432	2950540	444854	21034592	8123212	26329	0	26790	82000
1787042517	request	3143	28763868	28759514	61792	21930258432	2950540	444854	21034352	8123212	26329	0	26790	88000
1787042518	request	3144	28763868	28759515	61792	21930258432	2950540	444854	21034824	8123212	26329	0	26790	84000
1787042520	request	3146	28763868	28759514	61792	21930258432	2950540	444854	21034364	8123212	26329	0	26790	83000
1787042521	request	3147	28763868	28759515	61792	21930258432	2950540	444854	21034516	8123212	26329	0	26790	88000
1787042522	request	3148	28763868	28759515	61792	21930258432	2950540	444854	21033760	8123212	26329	0	26790	90000
1787042524	request	3150	28763868	28759516	61792	21930258432	2950540	444854	21033004	8123212	26329	0	26790	84000
1787042525	request	3151	28763868	28759515	61792	21930258432	2950540	444854	21033004	8123212	26329	0	26790	84000
1787042526	request	3152	28763868	28759514	61792	21930258432	2950540	444854	21033004	8123212	26329	0	26790	84000
1787042528	request	3154	28763868	28759514	61792	21930258432	2950540	444854	21033376	8123212	26329	0	26790	92000
1787042529	request	3155	28763868	28759515	61792	21930258432	2950540	444854	21034012	8123212	26329	0	26790	83000
1787042530	request	3156	28763868	28759515	61792	21930258432	2950540	444854	21033760	8123212	26329	0	26790	82000
1787042532	request	3158	28763868	28759514	61792	21930258432	2950540	444854	21034016	8123212	26329	0	26790	86000
1787042533	request	3159	28763868	28759515	61792	21930258432	2950540	444854	21034220	8123212	26329	0	26790	83000
1787042534	request	3160	28763868	28759515	61792	21930258432	2950540	444854	21033476	8123212	26329	0	26790	86000
1787042535	request	3161	28763868	28759515	61792	21930258432	2950540	444854	21033524	8123212	26329	0	26790	89000
1787042537	request	3163	28763868	28759515	61792	21930258432	2950540	444854	21032528	8123212	26329	0	26790	88000
1787042538	request	3164	28763868	28759515	61792	21930258432	2950540	444854	21032276	8123212	26329	0	26790	83000
1787042539	request	3165	28763868	28759515	61792	21930258432	2950540	444854	21032388	8123212	26329	0	26790	86000
1787042541	request	3167	28763868	28759515	61792	21930258432	2950540	444854	21032904	8123212	26329	0	26790	90000
1787042542	request	3168	28763868	28759515	61792	21930258432	2950540	444854	21032904	8123212	26329	0	26790	90000
1787042543	request	3169	28763868	28759515	61792	21930258432	2950540	444854	21032652	8123212	26329	0	26790	84000
1787042545	request	3171	28763868	28759514	61792	21930258432	2950540	444854	21032652	8123212	26329	0	26790	86000
1787042546	request	3172	28763868	28759515	61792	21930258432	2950540	444854	21032652	8123212	26329	0	26790	88000
1787042547	request	3173	28763868	28759515	61792	21930258432	2950540	444854	21033016	8123212	26329	0	26790	84000
1787042549	request	3175	28763868	28759515	61792	21930258432	2950540	444854	21033084	8123212	26329	0	26790	83000
1787042550	request	3176	28763868	28759515	61792	21930258432	2950540	444854	21032720	8123212	26329	0	26790	89000
1787042551	request	3177	28763868	28759515	61792	21930258432	2950540	444854	21032912	8123212	26329	0	26790	90000
1787042552	request	3178	28763868	28759514	61792	21930258432	2950540	444854	21033076	8123212	26329	0	26790	84000
1787042554	request	3180	28763868	28759514	61792	21930258432	2950540	444854	21033076	8123212	26329	0	26790	86000
1787042555	request	3181	28763868	28759515	61792	21930258432	2950540	444854	21033396	8123212	26329	0	26790	85000
1787042556	request	3182	28763868	28759516	61792	21930258432	2950540	444854	21033144	8123212	26329	0	26790	84000
1787042558	request	3184	28763868	28759515	61792	21930258432	2950540	444854	21033400	8123212	26329	0	26790	84000
1787042559	request	3185	28763868	28759515	61792	21930258432	2950540	444854	21033548	8123212	26329	0	26790	90000
1787042560	request	3186	28763868	28759515	61792	21930258432	2950540	444854	21033548	8123212	26329	0	26790	93000
1787042562	request	3188	28763868	28759516	61792	21930258432	2950540	444854	21032552	8123212	26329	0	26790	84000
1787042563	request	3189	28763868	28759516	61792	21930258432	2950540	444854	21032552	8123212	26329	0	26790	83000
1787042564	request	3190	28763868	28759514	61792	21930258432	2950540	444854	21032656	8123212	26329	0	26790	88000
1787042566	request	3192	28763868	28759516	61792	21930258432	2950540	444854	21032664	8123212	26329	0	26790	87000
1787042567	request	3193	28763868	28759515	61792	21930258432	2950540	444854	21032664	8123212	26329	0	26790	85000
1787042568	request	3194	28763868	28759515	61792	21930258432	2950540	444854	21032664	8123212	26329	0	26790	89000
1787042569	request	3195	28763868	28759515	61792	21930258432	2950540	444854	21033496	8123212	26329	0	26790	88000
1787042571	request	3197	28763868	28759515	61792	21930258432	2950540	444854	21033568	8123212	26329	0	26790	83000
1787042572	request	3198	28763868	28759515	61792	21930258432	2950540	444854	21033568	8123212	26329	0	26790	84000
1787042573	request	3199	28763868	28759515	61792	21930258432	2950540	444854	21033568	8123212	26329	0	26790	84000
1787042575	request	3201	28763868	28759514	61792	21930258432	2950540	444854	21033568	8123212	26329	0	26790	86000
1787042576	request	3202	28763868	28759515	61792	21930258432	2950540	444854	21033568	8123212	26329	0	26790	83000
1787042577	request	3203	28763868	28759515	61792	21930258432	2950540	444854	21033328	8123212	26329	0	26790	87000
1787042579	request	3205	28763868	28759514	61792	21930258432	2950540	444854	21033340	8123212	26329	0	26790	90000
1787042580	request	3206	28763868	28759516	61792	21930258432	2950540	444854	21032848	8123212	26329	0	26790	88000
1787042581	request	3207	28763868	28759514	61792	21930258432	2950540	444854	21032848	8123212	26329	0	26790	83000
1787042583	request	3209	28763868	28759516	61792	21930258432	2950540	444854	21033348	8123212	26329	0	26790	87000
1787042584	request	3210	28763868	28759515	61792	21930258432	2950540	444854	21034108	8123212	26329	0	26790	85000
1787042585	request	3211	28763868	28759515	61792	21930258432	2950540	444854	21034260	8123212	26329	0	26790	84000
1787042586	request	3212	28763868	28759515	61792	21930258432	2950540	444854	21033768	8123212	26329	0	26790	84000
1787042588	request	3214	28763868	28759516	61792	21930258432	2950540	444854	21033788	8123212	26329	0	26790	86000
1787042589	request	3215	28763868	28759515	61792	21930258432	2950540	444854	21034064	8123212	26329	0	26790	85000
1787042590	request	3216	28763868	28759515	61792	21930258432	2950540	444854	21034380	8123212	26329	0	26790	83000
1787042592	request	3218	28763868	28759514	61792	21930258432	2950540	444854	21034140	8123212	26329	0	26790	82000
1787042593	request	3219	28763868	28759516	61792	21930258432	2950540	444854	21033888	8123212	26329	0	26790	87000
1787042594	request	3220	28763868	28759514	61792	21930258432	2950540	444854	21034176	8123212	26329	0	26790	84000
1787042596	request	3222	28763868	28759515	61792	21930258432	2950540	444854	21033780	8123212	26329	0	26790	84000
1787042597	request	3223	28763868	28759514	61792	21930258432	2950540	444854	21033540	8123212	26329	0	26790	84000
1787042598	request	3224	28763868	28759515	61792	21930258432	2950540	444854	21033536	8123212	26329	0	26790	89000
1787042599	request	3225	28763868	28759515	61792	21930258432	2950540	444854	21033536	8123212	26329	0	26790	84000
1787042601	request	3227	28763868	28759515	61792	21930258432	2950540	444854	21033284	8123212	26329	0	26790	84000
1787042602	request	3228	28763868	28759514	61792	21930258432	2950540	444854	21033284	8123212	26329	0	26790	86000
1787042603	request	3229	28763868	28759516	61792	21930258432	2950540	444854	21032920	8123212	26329	0	26790	80000
1787042605	request	3231	28763868	28759515	61792	21930258432	2950540	444854	21032840	8123212	26329	0	26790	83000
1787042606	request	3232	28763868	28759515	61792	21930258432	2950540	444854	21032604	8123212	26329	0	26790	81000
1787042607	request	3233	28763868	28759516	61792	21930258432	2950540	444854	21032604	8123212	26329	0	26790	89000
1787042609	request	3235	28763868	28759514	61792	21930258432	2950540	444854	21032604	8123212	26329	0	26790	84000
1787042610	request	3236	28763868	28759516	61792	21930258432	2950540	444854	21032604	8123212	26329	0	26790	83000
1787042611	request	3237	28763868	28759515	61792	21930258432	2950540	444854	21032352	8123212	26329	0	26790	87000
1787042613	request	3239	28763868	28759515	61792	21930258432	2950540	444854	21032352	8123212	26329	0	26790	82000
1787042614	request	3240	28763868	28759515	61792	21930258432	2950540	444854	21032112	8123212	26329	0	26790	83000
1787042615	request	3241	28763868	28759515	61792	21930258432	2950540	444854	21032392	8123212	26329	0	26790	83000
1787042616	request	3242	28763868	28759514	61792	21930258432	2950540	444854	21032392	8123212	26329	0	26790	86000
1787042618	request	3244	28763868	28759515	61792	21930258432	2950540	444854	21032392	8123212	26329	0	26790	90000
1787042619	request	3245	28763868	28759515	61792	21930258432	2950540	444854	21032644	8123212	26329	0	26790	83000
1787042620	request	3246	28763868	28759514	61792	21930258432	2950540	444854	21032644	8123212	26329	0	26790	82000
1787042622	request	3248	28763868	28759515	61792	21930258432	2950540	444854	21032644	8123212	26329	0	26790	84000
1787042623	request	3249	28763868	28759515	61792	21930258432	2950540	444854	21032644	8123212	26329	0	26790	83000
1787042624	request	3250	28763868	28759514	61792	21930258432	2950540	444854	21032644	8123212	26329	0	26790	84000
1787042626	request	3252	28763868	28759516	61792	21930258432	2950540	444854	21032644	8123212	26329	0	26790	88000
1787042627	request	3253	28763868	28759516	61792	21930258432	2950540	444854	21032584	8123212	26329	0	26790	87000
1787042628	request	3254	28763868	28759516	61792	21930258432	2950540	444854	21032032	8123212	26329	0	26790	83000
1787042630	request	3256	28763868	28759516	61792	21930258432	2950540	444854	21031776	8123212	26329	0	26790	83000
1787042631	request	3257	28763868	28759515	61792	21930258432	2950540	444854	21031776	8123212	26329	0	26790	86000
1787042632	request	3258	28763868	28759515	61792	21930258432	2950540	444854	21031776	8123212	26329	0	26790	88000
1787042633	request	3259	28763868	28759515	61792	21930258432	2950540	444854	21031352	8123212	26329	0	26790	85000
1787042635	request	3261	28763868	28759515	61792	21930258432	2950540	444854	21032588	8123212	26329	0	26790	82000
1787042636	request	3262	28763868	28759515	61792	21930258432	2950540	444854	21031536	8123212	26329	0	26790	90000
1787042637	request	3263	28763868	28759515	61792	21930258432	2950540	444854	21031144	8123212	26329	0	26790	83000
1787042639	request	3265	28763868	28759516	61792	21930258432	2950540	444854	21030652	8123212	26329	0	26790	84000
1787042640	request	3266	28763868	28759515	61792	21930258432	2950540	444854	21030652	8123212	26329	0	26790	87000
1787042641	request	3267	28763868	28759516	61792	21930258432	2950540	444854	21030652	8123212	26329	0	26790	90000
1787042643	request	3269	28763868	28759515	61792	21930258432	2950540	444854	21030400	8123212	26329	0	26790	85000
1787042644	request	3270	28763868	28759515	61792	21930258432	2950540	444854	21030700	8123212	26329	0	26790	85000
1787042645	request	3271	28763868	28759514	61792	21930258432	2950540	444854	21029972	8123212	26329	0	26790	90000
1787042647	request	3273	28763868	28759515	61792	21930258432	2950540	444854	21029944	8123212	26329	0	26790	90000
1787042648	request	3274	28763868	28759515	61792	21930258432	2950540	444854	21029944	8123212	26329	0	26790	83000
1787042649	request	3275	28763868	28759515	61792	21930258432	2950540	444854	21029704	8123212	26329	0	26790	86000
1787042650	request	3276	28763868	28759514	61792	21930258432	2950540	444854	21029972	8123212	26329	0	26790	86000
1787042652	request	3278	28763868	28759514	61792	21930258432	2950540	444854	21029732	8123212	26329	0	26790	84000
1787042653	request	3279	28763868	28759515	61792	21930258432	2950540	444854	21029736	8123212	26329	0	26790	83000
1787042654	request	3280	28763868	28759516	61792	21930258432	2950540	444854	21029484	8123212	26329	0	26790	85000
1787042656	request	3282	28763868	28759516	61792	21930258432	2950540	444854	21029484	8123212	26329	0	26790	84000
1787042657	request	3283	28763868	28759514	61792	21930258432	2950540	444854	21029600	8123212	26329	0	26790	83000
1787042658	request	3284	28763868	28759515	61792	21930258432	2950540	444854	21029744	8123212	26329	0	26790	83000
1787042660	request	3286	28763868	28759514	61792	21930258432	2950540	444854	21029744	8123212	26329	0	26790	91000
1787042661	request	3287	28763868	28759515	61792	21930258432	2950540	444854	21030340	8123212	26329	0	26790	92000
1787042662	request	3288	28763868	28759515	61792	21930258432	2950540	444854	21030088	8123212	26329	0	26790	84000
1787042664	request	3290	28763868	28759515	61792	21930258432	2950540	444854	21029712	8123212	26329	0	26790	88000
1787042665	request	3291	28763868	28759515	61792	21930258432	2950540	444854	21030200	8123212	26329	0	26790	85000
1787042666	request	3292	28763868	28759514	61792	21930258432	2950540	444854	21030200	8123212	26329	0	26790	84000
1787042667	request	3293	28763868	28759515	61792	21930258432	2950540	444854	21030200	8123212	26329	0	26790	84000
1787042669	request	3295	28763868	28759514	61792	21930258432	2950540	444854	21030868	8123212	26329	0	26790	90000
1787042670	request	3296	28763868	28759515	61792	21930258432	2950540	444854	21030868	8123212	26329	0	26790	84000
1787042671	request	3297	28763868	28759516	61792	21930258432	2950540	444854	21030868	8123212	26329	0	26790	85000
1787042673	request	3299	28763868	28759514	61792	21930258432	2950540	444854	21032316	8123212	26329	0	26790	83000
1787042674	request	3300	28763868	28759515	61792	21930258432	2950540	444854	21032216	8123212	26329	0	26790	90000
1787042675	request	3301	28763868	28759514	61792	21930258432	2950540	444854	21031712	8123212	26329	0	26790	83000
1787042677	request	3303	28763868	28759516	61792	21930258432	2950540	444854	21031712	8123212	26329	0	26790	83000
1787042678	request	3304	28763868	28759515	61792	21930258432	2950540	444854	21031472	8123212	26329	0	26790	84000
1787042679	request	3305	28763868	28759516	61792	21930258432	2950540	444854	21032504	8123212	26329	0	26790	88000
1787042680	request	3306	28763868	28759515	61792	21930258432	2950540	444854	21032504	8123212	26329	0	26790	83000
1787042682	request	3308	28763868	28759516	61792	21930258432	2950540	444854	21033216	8123212	26329	0	26790	84000
1787042683	request	3309	28763868	28759515	61792	21930258432	2950540	444854	21033864	8123212	26329	0	26790	90000
1787042684	request	3310	28763868	28759516	61792	21930258432	2950540	444854	21033584	8123212	26329	0	26790	90000
1787042686	request	3312	28763868	28759515	61792	21930258432	2950540	444854	21032196	8123212	26329	0	26790	84000
1787042687	request	3313	28763868	28759514	61792	21930258432	2950540	444854	21032196	8123212	26329	0	26790	84000
1787042688	request	3314	28763964	28759610	61792	21930258432	2950564	444854	21032196	8123212	26329	0	26790	90000
1787042690	request	3316	28763964	28759612	61792	21930258432	2950564	444854	21032864	8123212	26329	0	26790	84000
1787042691	request	3317	28763964	28759611	61792	21930258432	2950564	444854	21033248	8123212	26329	0	26790	83000
1787042692	request	3318	28763964	28759612	61792	21930258432	2950564	444854	21032996	8123212	26329	0	26790	88000
1787042693	request	3319	28763964	28759612	61792	21930258432	2950564	444854	21033248	8123212	26329	0	26790	85000
1787042695	request	3321	28763964	28759610	61792	21930258432	2950564	444854	21032756	8123212	26329	0	26790	85000
1787042696	request	3322	28763964	28759611	61792	21930258432	2950564	444854	21034424	8123212	26329	0	26790	84000
1787042697	request	3323	28763964	28759611	61792	21930258432	2950564	444854	21033472	8123212	26329	0	26790	89000
1787042699	request	3325	28763964	28759610	61792	21930258432	2950564	444854	21033192	8123212	26329	0	26790	84000
1787042700	request	3326	28763964	28759611	61792	21930258432	2950564	444854	21033192	8123212	26329	0	26790	85000
1787042701	request	3327	28763964	28759610	61792	21930258432	2950564	444854	21033332	8123212	26329	0	26790	84000
1787042703	request	3329	28763964	28759611	61792	21930258432	2950564	444854	21033332	8123212	26329	0	26790	80000
1787042704	request	3330	28763964	28759610	61792	21930258432	2950564	444854	21033636	8123212	26329	0	26790	92000
1787042705	request	3331	28763964	28759612	61792	21930258432	2950564	444854	21033384	8123212	26329	0	26790	84000
1787042706	request	3332	28763964	28759610	61792	21930258432	2950564	444854	21033132	8123212	26329	0	26790	82000
1787042708	request	3334	28763964	28759611	61792	21930258432	2950564	444854	21032684	8123212	26329	0	26790	88000
1787042709	request	3335	28763964	28759611	61792	21930258432	2950564	444854	21034428	8123212	26329	0	26790	84000
1787042710	request	3336	28763964	28759611	61792	21930258432	2950564	444854	21033936	8123212	26329	0	26790	84000
1787042712	request	3338	28763964	28759611	61792	21930258432	2950564	444854	21033192	8123212	26329	0	26790	91000
1787042713	request	3339	28763964	28759610	61792	21930258432	2950564	444854	21032940	8123212	26329	0	26790	83000
1787042714	request	3340	28763964	28759611	61792	21930258432	2950564	444854	21032576	8123212	26329	0	26790	85000
1787042715	request	3341	28763964	28759612	61792	21930258432	2950564	444854	21031944	8123212	26329	0	26790	83000
1787042717	request	3343	28763964	28759611	61792	21930258432	2950564	444854	21034680	8123212	26329	0	26790	85000
1787042718	request	3344	28763964	28759611	61792	21930258432	2950564	444854	21034680	8123212	26329	0	26790	88000
1787042719	request	3345	28763964	28759610	61792	21930258432	2950564	444854	21034440	8123212	26329	0	26790	83000
1787042721	request	3347	28763964	28759611	61792	21930258432	2950564	444854	21034948	8123212	26329	0	26790	86000
1787042722	request	3348	28763964	28759611	61792	21930258432	2950564	444854	21034968	8123212	26329	0	26790	86000
1787042723	request	3349	28763964	28759611	61792	21930258432	2950564	444854	21034968	8123212	26329	0	26790	83000
1787042725	request	3351	28763964	28759611	61792	21930258432	2950564	444854	21034968	8123212	26329	0	26790	84000
1787042726	request	3352	28763964	28759611	61792	21930258432	2950564	444854	21034496	8123212	26329	0	26790	88000
1787042727	request	3353	28763964	28759610	61792	21930258432	2950564	444854	21034100	8123212	26329	0	26790	88000
1787042729	request	3355	28763964	28759612	61792	21930258432	2950564	444854	21034464	8123212	26329	0	26790	84000
1787042730	request	3356	28763964	28759612	61792	21930258432	2950564	444854	21034116	8123212	26329	0	26790	84000
1787042731	request	3357	28763964	28759612	61792	21930258432	2950564	444854	21034268	8123212	26329	0	26790	86000
1787042732	request	3358	28763964	28759610	61792	21930258432	2950564	444854	21034268	8123212	26329	0	26790	84000
1787042734	request	3360	28763964	28759612	61792	21930258432	2950564	444854	21033776	8123212	26329	0	26790	84000
1787042735	request	3361	28763964	28759611	61792	21930258432	2950564	444854	21034904	8123212	26329	0	26790	83000
1787042736	request	3362	28763964	28759611	61792	21930258432	2950564	444854	21034908	8123212	26329	0	26790	88000
1787042738	request	3364	28763964	28759610	61792	21930258432	2950564	444854	21034908	8123212	26329	0	26790	90000
1787042739	request	3365	28763964	28759610	61792	21930258432	2950564	444854	21034908	8123212	26329	0	26790	84000
1787042740	request	3366	28763964	28759611	61792	21930258432	2950564	444854	21035272	8123212	26329	0	26790	82000
1787042741	request	3367	28763964	28759610	61792	21930258432	2950564	444854	21034572	8123212	26329	0	26790	86000
1787042743	request	3369	28763964	28759611	61792	21930258432	2950564	444854	21034576	8123212	26329	0	26790	83000
1787042744	request	3370	28763964	28759611	61792	21930258432	2950564	444854	21034576	8123212	26329	0	26790	83000
1787042745	request	3371	28763964	28759612	61792	21930258432	2950564	444854	21034576	8123212	26329	0	26790	92000
1787042747	request	3373	28763964	28759612	61792	21930258432	2950564	444854	21034336	8123212	26329	0	26790	87000
1787042748	request	3374	28763964	28759611	61792	21930258432	2950564	444854	21034700	8123212	26329	0	26790	83000
1787042749	request	3375	28763964	28759612	61792	21930258432	2950564	444854	21034788	8123212	26329	0	26790	84000
1787042751	request	3377	28763964	28759611	61792	21930258432	2950564	444854	21034788	8123212	26329	0	26790	88000
1787042752	request	3378	28763964	28759610	61792	21930258432	2950564	444854	21034884	8123212	26329	0	26790	88000
1787042753	request	3379	28763964	28759610	61792	21930258432	2950564	444854	21034676	8123212	26329	0	26790	83000
1787042755	request	3381	28763964	28759610	61792	21930258432	2950564	444854	21034184	8123212	26329	0	26790	83000
1787042756	request	3382	28763964	28759611	61792	21930258432	2950564	444854	21033680	8123212	26329	0	26790	88000
1787042757	request	3383	28763964	28759611	61792	21930258432	2950564	444854	21033680	8123212	26329	0	26790	83000
1787042759	request	3385	28763964	28759612	61792	21930258432	2950564	444854	21032776	8123212	26329	0	26790	82000
1787042760	request	3386	28763964	28759610	61792	21930258432	2950564	444854	21034228	8123212	26329	0	26790	93000
1787042761	request	3387	28763964	28759610	61792	21930258432	2950564	444854	21033736	8123212	26329	0	26790	89000
1787042762	request	3388	28763964	28759611	61792	21930258432	2950564	444854	21033484	8123212	26329	0	26790	84000
1787042764	request	3390	28763964	28759612	61792	21930258432	2950564	444854	21033120	8123212	26329	0	26790	84000
1787042765	request	3391	28763964	28759610	61792	21930258432	2950564	444854	21033040	8123212	26329	0	26790	88000
1787042766	request	3392	28763964	28759610	61792	21930258432	2950564	444854	21034076	8123212	26329	0	26790	85000
1787042768	request	3394	28763964	28759611	61792	21930258432	2950564	444854	21034152	8123212	26329	0	26790	84000
1787042769	request	3395	28763964	28759611	61792	21930258432	2950564	444854	21034152	8123212	26329	0	26790	86000
1787042770	request	3396	28763964	28759611	61792	21930258432	2950564	444854	21034232	8123212	26329	0	26790	88000
1787042772	request	3398	28763964	28759610	61792	21930258432	2950564	444854	21034880	8123212	26329	0	26790	84000
1787042773	request	3399	28763964	28759610	61792	21930258432	2950564	444854	21034628	8123212	26329	0	26790	84000
1787042774	request	3400	28763964	28759611	61792	21930258432	2950564	444854	21033620	8123212	26329	0	26790	84000
1787042775	request	3401	28763964	28759611	61792	21930258432	2950564	444854	21033620	8123212	26329	0	26790	85000
1787042777	request	3403	28763964	28759611	61792	21930258432	2950564	444854	21033384	8123212	26329	0	26790	84000
1787042778	request	3404	28763964	28759611	61792	21930258432	2950564	444854	21033384	8123212	26329	0	26790	85000
1787042779	request	3405	28763964	28759612	61792	21930258432	2950564	444854	21033384	8123212	26329	0	26790	87000
1787042781	request	3407	28763964	28759610	61792	21930258432	2950564	444854	21033384	8123212	26329	0	26790	89000
1787042782	request	3408	28763964	28759612	61792	21930258432	2950564	444854	21033564	8123212	26329	0	26790	83000
1787042783	request	3409	28763964	28759611	61792	21930258432	2950564	444854	21034020	8123212	26329	0	26790	83000
1787042785	request	3411	28763964	28759610	61792	21930258432	2950564	444854	21034020	8123212	26329	0	26790	89000
1787042786	request	3412	28763964	28759611	61792	21930258432	2950564	444854	21033768	8123212	26329	0	26790	88000
1787042787	request	3413	28763964	28759611	61792	21930258432	2950564	444854	21033768	8123212	26329	0	26790	85000
1787042788	request	3414	28763964	28759611	61792	21930258432	2950564	444854	21033516	8123212	26329	0	26790	86000
1787042790	request	3416	28763964	28759611	61792	21930258432	2950564	444854	21033276	8123212	26329	0	26790	88000
1787042791	request	3417	28763964	28759611	61792	21930258432	2950564	444854	21032944	8123212	26329	0	26790	83000
1787042792	request	3418	28763964	28759612	61792	21930258432	2950564	444854	21033000	8123212	26329	0	26790	83000
1787042794	request	3420	28763964	28759612	61792	21930258432	2950564	444854	21032760	8123212	26329	0	26790	87000
1787042795	request	3421	28763964	28759610	61792	21930258432	2950564	444854	21032760	8123212	26329	0	26790	88000
1787042796	request	3422	28763964	28759611	61792	21930258432	2950564	444854	21032512	8123212	26329	0	26790	83000
1787042798	request	3424	28763964	28759610	61792	21930258432	2950564	444854	21032272	8123212	26329	0	26790	83000
1787042799	request	3425	28763964	28759611	61792	21930258432	2950564	444854	21032272	8123212	26329	0	26790	89000
1787042800	request	3426	28763964	28759611	61792	21930258432	2950564	444854	21032032	8123212	26329	0	26790	89000
1787042802	request	3428	28763964	28759611	61792	21930258432	2950564	444854	21032484	8123212	26329	0	26790	83000
1787042803	request	3429	28763964	28759612	61792	21930258432	2950564	444854	21032632	8123212	26329	0	26790	84000
1787042804	request	3430	28763964	28759611	61792	21930258432	2950564	444854	21032632	8123212	26329	0	26790	86000
1787042805	request	3431	28763964	28759610	61792	21930258432	2950564	444854	21032632	8123212	26329	0	26790	91000
1787042807	request	3433	28763964	28759611	61792	21930258432	2950564	444854	21032380	8123212	26329	0	26790	84000
1787042808	request	3434	28763964	28759611	61792	21930258432	2950564	444854	21032380	8123212	26329	0	26790	86000
1787042809	request	3435	28763964	28759612	61792	21930258432	2950564	444854	21032128	8123212	26329	0	26790	93000
1787042811	request	3437	28763964	28759611	61792	21930258432	2950564	444854	21031888	8123212	26329	0	26790	85000
1787042812	request	3438	28763964	28759611	61792	21930258432	2950564	444854	21033108	8123212	26329	0	26790	83000
1787042813	request	3439	28763964	28759612	61792	21930258432	2950564	444854	21035292	8123212	26329	0	26790	88000
1787042815	request	3441	28763964	28759610	61792	21930258432	2950564	444854	21036056	8123212	26329	0	26790	89000
1787042816	request	3442	28763964	28759611	61792	21930258432	2950564	444854	21035804	8123212	26329	0	26790	83000
1787042817	request	3443	28763964	28759610	61792	21930258432	2950564	444854	21035900	8123212	26329	0	26790	84000
1787042818	request	3444	28763964	28759610	61792	21930258432	2950564	444854	21035648	8123212	26329	0	26790	90000
1787042820	request	3446	28763964	28759612	61792	21930258432	2950564	444854	21035504	8123212	26329	0	26790	90000
1787042821	request	3447	28763964	28759611	61792	21930258432	2950564	444854	21034888	8123212	26329	0	26790	85000
1787042822	request	3448	28763964	28759611	61792	21930258432	2950564	444854	21034496	8123212	26329	0	26790	84000
1787042824	request	3450	28763964	28759611	61792	21930258432	2950564	444854	21034996	8123212	26329	0	26790	90000
1787042825	request	3451	28763964	28759611	61792	21930258432	2950564	444854	21034868	8123212	26329	0	26790	89000
1787042826	request	3452	28763964	28759610	61792	21930258432	2950564	444854	21035964	8123212	26329	0	26790	84000
1787042828	request	3454	28763964	28759610	61792	21930258432	2950564	444854	21036128	8123212	26329	0	26790	86000
1787042829	request	3455	28763964	28759610	61792	21930258432	2950564	444854	21036128	8123212	26329	0	26790	86000
1787042830	request	3456	28763964	28759610	61792	21930258432	2950564	444854	21036456	8123212	26329	0	26790	83000
1787042832	request	3458	28763964	28759610	61792	21930258432	2950564	444854	21036204	8123212	26329	0	26790	83000
1787042833	request	3459	28763964	28759610	61792	21930258432	2950564	444854	21035588	8123212	26329	0	26790	90000
1787042834	request	3460	28763964	28759610	61792	21930258432	2950564	444854	21034716	8123212	26329	0	26790	84000
1787042835	request	3461	28763964	28759611	61792	21930258432	2950564	444854	21034576	8123212	26329	0	26790	83000
1787042837	request	3463	28763964	28759610	61792	21930258432	2950564	444854	21034576	8123212	26329	0	26790	84000
1787042838	request	3464	28763964	28759610	61792	21930258432	2950564	444854	21034576	8123212	26329	0	26790	89000
1787042839	request	3465	28763964	28759611	61792	21930258432	2950564	444854	21034576	8123212	26329	0	26790	90000
1787042841	request	3467	28763964	28759612	61792	21930258432	2950564	444854	21034828	8123212	26329	0	26790	83000
1787042842	request	3468	28763964	28759611	61792	21930258432	2950564	444854	21034576	8123212	26329	0	26790	84000
1787042843	request	3469	28763964	28759610	61792	21930258432	2950564	444854	21034328	8123212	26329	0	26790	87000
1787042845	request	3471	28763964	28759610	61792	21930258432	2950564	444854	21035516	8123212	26329	0	26790	84000
1787042846	request	3472	28763964	28759610	61792	21930258432	2950564	444854	21037064	8123212	26329	0	26790	85000
1787042847	request	3473	28763964	28759610	61792	21930258432	2950564	444854	21036588	8123212	26329	0	26790	82000
1787042849	request	3475	28763964	28759611	61792	21930258432	2950564	444854	21036348	8123212	26329	0	26790	88000
1787042850	request	3476	28763964	28759612	61792	21930258432	2950564	444854	21036096	8123212	26329	0	26790	83000
1787042851	request	3477	28763964	28759611	61792	21930258432	2950564	444854	21035604	8123212	26329	0	26790	83000
1787042852	request	3478	28763964	28759611	61792	21930258432	2950564	444854	21035888	8123212	26329	0	26790	86000
1787042854	request	3480	28763964	28759611	61792	21930258432	2950564	444854	21035132	8123212	26329	0	26790	88000
1787042855	request	3481	28763964	28759610	61792	21930258432	2950564	444854	21034892	8123212	26329	0	26790	83000
1787042856	request	3482	28763964	28759611	61792	21930258432	2950564	444854	21034904	8123212	26329	0	26790	84000
1787042858	request	3484	28763964	28759612	61792	21930258432	2950564	444854	21035540	8123212	26329	0	26790	88000
1787042859	request	3485	28763964	28759610	61792	21930258432	2950564	444854	21034784	8123212	26329	0	26790	89000
1787042860	request	3486	28763964	28759610	61792	21930258432	2950564	444854	21034532	8123212	26329	0	26790	84000
1787042862	request	3488	28763964	28759611	61792	21930258432	2950564	444854	21035156	8123212	26329	0	26790	83000
1787042863	request	3489	28763964	28759611	61792	21930258432	2950564	444854	21034904	8123212	26329	0	26790	87000
1787042864	request	3490	28763964	28759611	61792	21930258432	2950564	444854	21034136	8123212	26329	0	26790	89000
1787042866	request	3492	28763964	28759611	61792	21930258432	2950564	444854	21034008	8123212	26329	0	26790	84000
1787042867	request	3493	28763964	28759611	61792	21930258432	2950564	444854	21034268	8123212	26329	0	26790	84000
1787042868	request	3494	28763964	28759610	61792	21930258432	2950564	444854	21034268	8123212	26329	0	26790	90000
1787042869	request	3495	28763964	28759612	61792	21930258432	2950564	444854	21034268	8123212	26329	0	26790	83000
1787042871	request	3497	28763964	28759612	61792	21930258432	2950564	444854	21034704	8123212	26329	0	26790	85000
1787042872	request	3498	28763964	28759611	61792	21930258432	2950564	444854	21034072	8123212	26329	0	26790	89000
1787042873	request	3499	28763964	28759610	61792	21930258432	2950564	444854	21033836	8123212	26329	0	26790	82000
1787042875	request	3501	28763964	28759611	61792	21930258432	2950564	444854	21033444	8123212	26329	0	26790	83000
1787042876	request	3502	28763964	28759612	61792	21930258432	2950564	444854	21033684	8123212	26329	0	26790	83000
1787042877	request	3503	28763964	28759611	61792	21930258432	2950564	444854	21033464	8123212	26329	0	26790	84000
1787042879	request	3505	28763964	28759610	61792	21930258432	2950564	444854	21033464	8123212	26329	0	26790	84000
1787042880	request	3506	28763964	28759611	61792	21930258432	2950564	444854	21034608	8123212	26329	0	26790	84000
1787042881	request	3507	28763964	28759611	61792	21930258432	2950564	444854	21034640	8123212	26329	0	26790	83000
1787042882	request	3508	28763964	28759610	61792	21930258432	2950564	444854	21034388	8123212	26329	0	26790	88000
1787042884	request	3510	28763964	28759610	61792	21930258432	2950564	444854	21033380	8123212	26329	0	26790	89000
1787042885	request	3511	28763964	28759611	61792	21930258432	2950564	444854	21033392	8123212	26329	0	26790	86000
1787042886	request	3512	28763964	28759611	61792	21930258432	2950564	444854	21034440	8123212	26329	0	26790	85000
1787042888	request	3514	28763964	28759611	61792	21930258432	2950564	444854	21034236	8123212	26329	0	26790	83000
1787042889	request	3515	28763964	28759611	61792	21930258432	2950564	444854	21034160	8123212	26329	0	26790	86000
1787042890	request	3516	28763964	28759612	61792	21930258432	2950564	444854	21032912	8123212	26329	0	26790	83000
1787042891	request	3517	28763964	28759610	61792	21930258432	2950564	444854	21032912	8123212	26329	0	26790	83000
1787042893	request	3519	28763964	28759610	61792	21930258432	2950564	444854	21032160	8123212	26329	0	26790	89000
1787042894	request	3520	28763964	28759610	61792	21930258432	2950564	444854	21032160	8123212	26329	0	26790	84000
1787042895	request	3521	28763964	28759611	61792	21930258432	2950564	444854	21031668	8123212	26329	0	26790	84000
1787042897	request	3523	28763964	28759612	61792	21930258432	2950564	444854	21031668	8123212	26329	0	26790	82000
1787042898	request	3524	28763964	28759611	61792	21930258432	2950564	444854	21031712	8123212	26329	0	26790	88000
1787042899	request	3525	28763964	28759610	61792	21930258432	2950564	444854	21031964	8123212	26329	0	26790	83000
1787042901	request	3527	28763964	28759611	61792	21930258432	2950564	444854	21031964	8123212	26329	0	26790	84000
1787042902	request	3528	28763964	28759611	61792	21930258432	2950564	444854	21032432	8123212	26329	0	26790	90000
1787042903	request	3529	28763964	28759610	61792	21930258432	2950564	444854	21032432	8123212	26329	0	26790	89000
1787042904	request	3530	28763964	28759610	61792	21930258432	2950564	444854	21032432	8123212	26329	0	26790	83000
1787042906	request	3532	28763964	28759611	61792	21930258432	2950564	444854	21031940	8123212	26329	0	26790	83000
1787042907	request	3533	28763964	28759611	61792	21930258432	2950564	444854	21031700	8123212	26329	0	26790	85000
1787042908	request	3534	28763964	28759611	61792	21930258432	2950564	444854	21031496	8123212	26329	0	26790	84000
1787042910	request	3536	28763964	28759611	61792	21930258432	2950564	444854	21031580	8123212	26329	0	26790	83000
1787042911	request	3537	28763964	28759610	61792	21930258432	2950564	444854	21031580	8123212	26329	0	26790	83000
1787042912	request	3538	28763964	28759610	61792	21930258432	2950564	444854	21031328	8123212	26329	0	26790	90000
1787042914	request	3540	28763964	28759611	61792	21930258432	2950564	444854	21031328	8123212	26329	0	26790	84000
1787042915	request	3541	28763964	28759610	61792	21930258432	2950564	444854	21031328	8123212	26329	0	26790	85000
1787042916	request	3542	28763964	28759610	61792	21930258432	2950564	444854	21030824	8123212	26329	0	26790	83000
1787042918	request	3544	28763964	28759610	61792	21930258432	2950564	444854	21030760	8123212	26329	0	26790	88000
1787042919	request	3545	28763964	28759612	61792	21930258432	2950564	444854	21030760	8123212	26329	0	26790	84000
1787042920	request	3546	28763964	28759610	61792	21930258432	2950564	444854	21030496	8123212	26329	0	26790	84000
1787042922	request	3548	28763964	28759610	61792	21930258432	2950564	444854	21030476	8123212	26329	0	26790	92000
1787042923	request	3549	28763964	28759611	61792	21930258432	2950564	444854	21030936	8123212	26329	0	26790	89000
1787042924	request	3550	28763964	28759611	61792	21930258432	2950564	444854	21032044	8123212	26329	0	26790	83000
1787042925	request	3551	28763964	28759611	61792	21930258432	2950564	444854	21032044	8123212	26329	0	26790	84000
1787042927	request	3553	28763964	28759610	61792	21930258432	2950564	444854	21032028	8123212	26329	0	26790	88000
1787042928	request	3554	28763964	28759611	61792	21930258432	2950564	444854	21032252	8123212	26329	0	26790	92000
1787042929	request	3555	28763964	28759612	61792	21930258432	2950564	444854	21031844	8123212	26329	0	26790	84000
1787042931	request	3557	28763964	28759610	61792	21930258432	2950564	444854	21030696	8123212	26329	0	26790	84000
1787042932	request	3558	28763964	28759611	61792	21930258432	2950564	444854	21030696	8123212	26329	0	26790	84000
1787042933	request	3559	28763964	28759612	61792	21930258432	2950564	444854	21030696	8123212	26329	0	26790	89000
1787042934	request	3560	28763964	28759611	61792	21930258432	2950564	444854	21030696	8123212	26329	0	26790	84000
1787042936	request	3562	28763964	28759611	61792	21930258432	2950564	444854	21030444	8123212	26329	0	26790	84000
1787042937	request	3563	28763964	28759611	61792	21930258432	2950564	444854	21030444	8123212	26329	0	26790	82000
1787042938	request	3564	28763964	28759610	61792	21930258432	2950564	444854	21030192	8123212	26329	0	26790	83000
1787042940	request	3566	28763964	28759610	61792	21930258432	2950564	444854	21030120	8123212	26329	0	26790	83000
1787042941	request	3567	28763964	28759611	61792	21930258432	2950564	444854	21029628	8123212	26329	0	26790	88000
1787042942	request	3568	28763964	28759610	61792	21930258432	2950564	444854	21030244	8123212	26329	0	26790	84000
1787042944	request	3570	28763964	28759610	61792	21930258432	2950564	444854	21030396	8123212	26329	0	26790	83000
1787042945	request	3571	28763964	28759612	61792	21930258432	2950564	444854	21030396	8123212	26329	0	26790	84000
1787042946	request	3572	28763964	28759612	61792	21930258432	2950564	444854	21030396	8123212	26329	0	26790	88000
1787042948	request	3574	28763964	28759611	61792	21930258432	2950564	444854	21030396	8123212	26329	0	26790	86000
1787042949	request	3575	28763964	28759611	61792	21930258432	2950564	444854	21030648	8123212	26329	0	26790	86000
1787042950	request	3576	28763964	28759611	61792	21930258432	2950564	444854	21031476	8123212	26329	0	26790	83000
1787042952	request	3578	28763964	28759611	61792	21930258432	2950564	444854	21030656	8123212	26329	0	26790	89000
1787042953	request	3579	28763964	28759610	61792	21930258432	2950564	444854	21030420	8123212	26329	0	26790	89000
1787042954	request	3580	28763964	28759611	61792	21930258432	2950564	444854	21030904	8123212	26329	0	26790	83000
1787042955	request	3581	28763964	28759612	61792	21930258432	2950564	444854	21030908	8123212	26329	0	26790	85000
1787042957	request	3583	28763964	28759610	61792	21930258432	2950564	444854	21030700	8123212	26329	0	26790	87000
1787042958	request	3584	28763964	28759611	61792	21930258432	2950564	444854	21030448	8123212	26329	0	26790	89000
1787042959	request	3585	28763964	28759611	61792	21930258432	2950564	444854	21030196	8123212	26329	0	26790	83000
1787042961	request	3587	28763964	28759610	61792	21930258432	2950564	444854	21029724	8123212	26329	0	26790	86000
1787042962	request	3588	28763964	28759611	61792	21930258432	2950564	444854	21030624	8123212	26329	0	26790	89000
1787042963	request	3589	28763964	28759611	61792	21930258432	2950564	444854	21030624	8123212	26329	0	26790	83000
1787042965	request	3591	28763964	28759610	61792	21930258432	2950564	444854	21030636	8123212	26329	0	26790	83000
1787042966	request	3592	28763964	28759611	61792	21930258432	2950564	444854	21030636	8123212	26329	0	26790	88000
1787042967	request	3593	28763964	28759611	61792	21930258432	2950564	444854	21031116	8123212	26329	0	26790	88000
1787042969	request	3595	28763964	28759612	61792	21930258432	2950564	444854	21031116	8123212	26329	0	26790	83000
1787042970	request	3596	28763964	28759610	61792	21930258432	2950564	444854	21031156	8123212	26329	0	26790	84000
1787042971	request	3597	28763964	28759611	61792	21930258432	2950564	444854	21031128	8123212	26329	0	26790	93000
1787042972	request	3598	28763964	28759611	61792	21930258432	2950564	444854	21031076	8123212	26329	0	26790	92000
1787042974	request	3600	28763964	28759610	61792	21930258432	2950564	444854	21031076	8123212	26329	0	26790	83000
1787042975	request	3601	28763964	28759610	61792	21930258432	2950564	444854	21030652	8123212	26329	0	26790	83000
1787042976	request	3602	28763964	28759612	61792	21930258432	2950564	444854	21031664	8123212	26329	0	26790	84000
1787042978	request	3604	28763964	28759610	61792	21930258432	2950564	444854	21031472	8123212	26329	0	26790	88000
1787042979	request	3605	28763964	28759612	61792	21930258432	2950564	444854	21031220	8123212	26329	0	26790	83000
1787042980	request	3606	28763964	28759611	61792	21930258432	2950564	444854	21030720	8123212	26329	0	26790	84000
1787042982	request	3608	28763964	28759612	61792	21930258432	2950564	444854	21030468	8123212	26329	0	26790	90000
1787042983	request	3609	28763964	28759610	61792	21930258432	2950564	444854	21030468	8123212	26329	0	26790	86000
1787042984	request	3610	28763964	28759610	61792	21930258432	2950564	444854	21029608	8123212	26329	0	26790	85000
1787042985	request	3611	28763964	28759612	61792	21930258432	2950564	444854	21030044	8123212	26329	0	26790	83000
1787042987	request	3613	28763964	28759610	61792	21930258432	2950564	444854	21030048	8123212	26329	0	26790	88000
1787042988	request	3614	28763964	28759611	61792	21930258432	2950564	444854	21029920	8123212	26329	0	26790	84000
1787042989	request	3615	28763964	28759612	61792	21930258432	2950564	444854	21030276	8123212	26329	0	26790	84000
1787042991	request	3617	28763964	28759610	61792	21930258432	2950564	444854	21030576	8123212	26329	0	26790	86000
1787042992	request	3618	28763964	28759611	61792	21930258432	2950564	444854	21030828	8123212	26329	0	26790	88000
1787042993	request	3619	28763964	28759611	61792	21930258432	2950564	444854	21030324	8123212	26329	0	26790	83000
1787042995	request	3621	28763964	28759610	61792	21930258432	2950564	444854	21029344	8123212	26329	0	26790	84000
1787042996	request	3622	28763964	28759611	61792	21930258432	2950564	444854	21029256	8123212	26329	0	26790	81000
1787042997	request	3623	28763964	28759611	61792	21930258432	2950564	444854	21029256	8123212	26329	0	26790	90000
1787042998	request	3624	28763964	28759611	61792	21930258432	2950564	444854	21030340	8123212	26329	0	26790	84000
1787043000	request	3626	28763964	28759610	61792	21930258432	2950564	444854	21030340	8123212	26329	0	26790	84000
1787043001	request	3627	28764068	28759714	61792	21930258432	2950590	444854	21030340	8123212	26329	0	26790	93000
1787043002	request	3628	28764068	28759714	61792	21930258432	2950590	444854	21030644	8123212	26329	0	26790	89000
1787043004	request	3630	28764068	28759714	61792	21930258432	2950590	444854	21030360	8123212	26329	0	26790	84000
1787043005	request	3631	28764068	28759715	61792	21930258432	2950590	444854	21030612	8123212	26329	0	26790	84000
1787043006	request	3632	28764068	28759716	61792	21930258432	2950590	444854	21030864	8123212	26329	0	26790	88000
1787043008	request	3634	28764068	28759716	61792	21930258432	2950590	444854	21030864	8123212	26329	0	26790	90000
1787043009	request	3635	28764068	28759715	61792	21930258432	2950590	444854	21030624	8123212	26329	0	26790	84000
1787043010	request	3636	28764068	28759714	61792	21930258432	2950590	444854	21030968	8123212	26329	0	26790	83000
1787043012	request	3638	28764068	28759715	61792	21930258432	2950590	444854	21031828	8123212	26329	0	26790	88000
1787043013	request	3639	28764068	28759716	61792	21930258432	2950590	444854	21031532	8123212	26329	0	26790	84000
1787043014	request	3640	28764068	28759716	61792	21930258432	2950590	444854	21031464	8123212	26329	0	26790	86000
1787043015	request	3641	28764068	28759716	61792	21930258432	2950590	444854	21032304	8123212	26329	0	26790	81000
1787043017	request	3643	28764068	28759715	61792	21930258432	2950590	444854	21032480	8123212	26329	0	26790	89000
1787043018	request	3644	28764068	28759717	61792	21930258432	2950590	444854	21034420	8123212	26329	0	26790	84000
1787043019	request	3645	28764068	28759715	61792	21930258432	2950590	444854	21033696	8123212	26329	0	26790	84000
1787043020	request	3646	28764068	28759715	61792	21930258432	2950590	444854	21034400	8123212	26329	0	26790	90000
1787043022	request	3648	28764068	28759716	61792	21930258432	2950590	444854	21034400	8123212	26329	0	26790	86000
1787043023	request	3649	28764068	28759715	61792	21930258432	2950590	444854	21034400	8123212	26329	0	26790	85000
1787043024	request	3650	28764068	28759715	61792	21930258432	2950590	444854	21033152	8123212	26329	0	26790	84000
1787043026	request	3652	28764068	28759715	61792	21930258432	2950590	444854	21033004	8123212	26329	0	26790	83000
1787043027	request	3653	28764068	28759716	61792	21930258432	2950590	444854	21033004	8123212	26329	0	26790	88000
1787043028	request	3654	28764068	28759717	61792	21930258432	2950590	444854	21033872	8123212	26329	0	26790	83000
1787043030	request	3656	28764068	28759717	61792	21930258432	2950590	444854	21034724	8123212	26329	0	26790	83000
1787043031	request	3657	28764068	28759716	61792	21930258432	2950590	444854	21034968	8123212	26329	0	26790	88000
1787043032	request	3658	28764068	28759715	61792	21930258432	2950590	444854	21034968	8123212	26329	0	26790	89000
1787043034	request	3660	28764068	28759716	61792	21930258432	2950590	444854	21034760	8123212	26329	0	26790	84000
1787043035	request	3661	28764068	28759715	61792	21930258432	2950590	444854	21034420	8123212	26329	0	26790	84000
1787043036	request	3662	28764068	28759716	61792	21930258432	2950590	444854	21034420	8123212	26329	0	26790	89000
1787043038	request	3664	28764068	28759716	61792	21930258432	2950590	444854	21034896	8123212	26329	0	26790	82000
1787043039	request	3665	28764068	28759715	61792	21930258432	2950590	444854	21034896	8123212	26329	0	26790	83000
1787043040	request	3666	28764068	28759715	61792	21930258432	2950590	444854	21034752	8123212	26329	0	26790	89000
1787043041	request	3667	28764068	28759717	61792	21930258432	2950590	444854	21034320	8123212	26329	0	26790	93000
1787043043	request	3669	28764068	28759717	61792	21930258432	2950590	444854	21035596	8123212	26329	0	26790	83000
1787043044	request	3670	28764068	28759716	61792	21930258432	2950590	444854	21034336	8123212	26329	0	26790	84000
1787043045	request	3671	28764068	28759717	61792	21930258432	2950590	444854	21034084	8123212	26329	0	26790	86000
1787043047	request	3673	28764068	28759717	61792	21930258432	2950590	444854	21034336	8123212	26329	0	26790	85000
1787043048	request	3674	28764068	28759715	61792	21930258432	2950590	444854	21034972	8123212	26329	0	26790	83000
1787043049	request	3675	28764068	28759715	61792	21930258432	2950590	444854	21034880	8123212	26329	0	26790	85000
1787043051	request	3677	28764068	28759715	61792	21930258432	2950590	444854	21035848	8123212	26329	0	26790	90000
1787043052	request	3678	28764068	28759717	61792	21930258432	2950590	444854	21035596	8123212	26329	0	26790	88000
1787043053	request	3679	28764068	28759717	61792	21930258432	2950590	444854	21035344	8123212	26329	0	26790	84000
1787043054	request	3680	28764068	28759715	61792	21930258432	2950590	444854	21036424	8123212	26329	0	26790	84000
1787043056	request	3682	28764068	28759715	61792	21930258432	2950590	444854	21035680	8123212	26329	0	26790	82000
1787043057	request	3683	28764068	28759716	61792	21930258432	2950590	444854	21035680	8123212	26329	0	26790	89000
1787043058	request	3684	28764068	28759717	61792	21930258432	2950590	444854	21030732	8123296	26350	0	26811	86000
1787043060	request	3686	28764068	28759717	61792	21930258432	2950590	444854	21033828	8123348	26363	0	26824	83000
1787043061	request	3687	28764068	28759718	61792	21930258432	2950590	444854	21033828	8123348	26363	0	26824	86000
1787043062	request	3688	28764068	28759717	61792	21930258432	2950590	444854	21033828	8123348	26363	0	26824	88000
1787043064	request	3690	28764068	28759717	61792	21930258432	2950590	444854	21034936	8123348	26363	0	26824	83000
1787043065	request	3691	28764068	28759717	61792	21930258432	2950590	444854	21034716	8123348	26363	0	26824	83000
1787043066	request	3692	28764068	28759717	61792	21930258432	2950590	444854	21034196	8123348	26363	0	26824	88000
1787043068	request	3694	28764068	28759717	61792	21930258432	2950590	444854	21035228	8123348	26363	0	26824	86000
1787043069	request	3695	28764068	28759718	61792	21930258432	2950590	444854	21035164	8123348	26363	0	26824	83000
1787043070	request	3696	28764068	28759718	61792	21930258432	2950590	444854	21035164	8123348	26363	0	26824	85000
1787043071	request	3697	28764068	28759718	61792	21930258432	2950590	444854	21034548	8123348	26363	0	26824	87000
1787043073	request	3699	28764068	28759718	61792	21930258432	2950590	444854	21034548	8123348	26363	0	26824	84000
1787043074	request	3700	28764068	28759717	61792	21930258432	2950590	444854	21033792	8123348	26363	0	26824	86000
1787043075	request	3701	28764068	28759718	61792	21930258432	2950590	444854	21033052	8123348	26363	0	26824	86000
1787043077	request	3703	28764068	28759717	61792	21930258432	2950590	444854	21032812	8123348	26363	0	26824	86000
1787043078	request	3704	28764068	28759718	61792	21930258432	2950590	444854	21033624	8123348	26363	0	26824	84000
1787043079	request	3705	28764068	28759718	61792	21930258432	2950590	444854	21033624	8123348	26363	0	26824	86000
1787043081	request	3707	28764068	28759718	61792	21930258432	2950590	444854	21033928	8123348	26363	0	26824	89000
1787043082	request	3708	28764068	28759717	61792	21930258432	2950590	444854	21033200	8123348	26363	0	26824	83000
1787043083	request	3709	28764068	28759718	61792	21930258432	2950590	444854	21033200	8123348	26363	0	26824	84000
1787043084	request	3710	28764068	28759718	61792	21930258432	2950590	444854	21035264	8123348	26363	0	26824	85000
1787043086	request	3712	28764068	28759719	61792	21930258432	2950590	444854	21035024	8123348	26363	0	26824	90000
1787043087	request	3713	28764068	28759718	61792	21930258432	2950590	444854	21035024	8123348	26363	0	26824	87000
1787043088	request	3714	28764068	28759719	61792	21930258432	2950590	444854	21036596	8123348	26363	0	26824	84000
1787043090	request	3716	28764068	28759719	61792	21930258432	2950590	444854	21036820	8123348	26363	0	26824	84000
1787043091	request	3717	28764068	28759719	61792	21930258432	2950590	444854	21036568	8123348	26363	0	26824	82000
1787043092	request	3718	28764068	28759718	61792	21930258432	2950590	444854	21036632	8123348	26363	0	26824	86000
1787043094	request	3720	28764068	28759719	61792	21930258432	2950590	444854	21036392	8123348	26363	0	26824	83000
1787043095	request	3721	28764068	28759718	61792	21930258432	2950590	444854	21036392	8123348	26363	0	26824	83000
1787043096	request	3722	28764068	28759717	61792	21930258432	2950590	444854	21036720	8123348	26363	0	26824	90000
1787043098	request	3724	28764068	28759718	61792	21930258432	2950590	444854	21036416	8123348	26363	0	26824	92000
1787043099	request	3725	28764068	28759718	61792	21930258432	2950590	444854	21036416	8123348	26363	0	26824	84000
1787043100	request	3726	28764068	28759719	61792	21930258432	2950590	444854	21036164	8123348	26363	0	26824	84000
1787043102	request	3728	28764068	28759718	61792	21930258432	2950590	444854	21035924	8123348	26363	0	26824	84000
1787043103	request	3729	28764068	28759718	61792	21930258432	2950590	444854	21035672	8123348	26363	0	26824	83000
1787043104	request	3730	28764068	28759718	61792	21930258432	2950590	444854	21035672	8123348	26363	0	26824	83000
1787043105	request	3731	28764068	28759718	61792	21930258432	2950590	444854	21035420	8123348	26363	0	26824	86000
1787043107	request	3733	28764068	28759719	61792	21930258432	2950590	444854	21035444	8123348	26363	0	26824	85000
1787043108	request	3734	28764068	28759717	61792	21930258432	2950590	444854	21035204	8123348	26363	0	26824	83000
1787043109	request	3735	28764068	28759718	61792	21930258432	2950590	444854	21035204	8123348	26363	0	26824	84000
1787043111	request	3737	28764068	28759718	61792	21930258432	2950590	444854	21034840	8123348	26363	0	26824	88000
1787043112	request	3738	28764068	28759719	61792	21930258432	2950590	444854	21036848	8123348	26363	0	26824	82000
1787043113	request	3739	28764068	28759718	61792	21930258432	2950590	444854	21036848	8123348	26363	0	26824	85000
1787043114	request	3740	28764068	28759719	61792	21930258432	2950590	444854	21035704	8123348	26363	0	26824	85000
1787043116	request	3742	28764068	28759718	61792	21930258432	2950590	444854	21035564	8123348	26363	0	26824	88000
1787043117	request	3743	28764068	28759718	61792	21930258432	2950590	444854	21035312	8123348	26363	0	26824	83000
1787043118	request	3744	28764068	28759718	61792	21930258432	2950590	444854	21035312	8123348	26363	0	26824	83000
1787043120	request	3746	28764068	28759719	61792	21930258432	2950590	444854	21036004	8123348	26363	0	26824	84000
1787043121	request	3747	28764068	28759717	61792	21930258432	2950590	444854	21036580	8123348	26363	0	26824	85000
1787043122	request	3748	28764068	28759718	61792	21930258432	2950590	444854	21036116	8123348	26363	0	26824	88000
1787043124	request	3750	28764068	28759718	61792	21930258432	2950590	444854	21036492	8123348	26363	0	26824	84000
1787043125	request	3751	28764068	28759717	61792	21930258432	2950590	444854	21035736	8123348	26363	0	26824	84000
1787043126	request	3752	28764068	28759718	61792	21930258432	2950590	444854	21034616	8123348	26363	0	26824	86000
1787043128	request	3754	28764068	28759717	61792	21930258432	2950590	444854	21034572	8123348	26363	0	26824	90000
1787043129	request	3755	28764068	28759717	61792	21930258432	2950590	444854	21035420	8123348	26363	0	26824	83000
1787043130	request	3756	28764068	28759719	61792	21930258432	2950590	444854	21035172	8123348	26363	0	26824	84000
1787043131	request	3757	28764068	28759717	61792	21930258432	2950590	444854	21036368	8123348	26363	0	26824	88000
1787043133	request	3759	28764068	28759718	61792	21930258432	2950590	444854	21036368	8123348	26363	0	26824	83000
1787043134	request	3760	28764068	28759718	61792	21930258432	2950590	444854	21036572	8123348	26363	0	26824	83000
1787043135	request	3761	28764068	28759717	61792	21930258432	2950590	444854	21036320	8123348	26363	0	26824	82000
1787043137	request	3763	28764068	28759717	61792	21930258432	2950590	444854	21037016	8123348	26363	0	26824	87000
1787043138	request	3764	28764068	28759718	61792	21930258432	2950590	444854	21037016	8123348	26363	0	26824	84000
1787043139	request	3765	28764068	28759717	61792	21930258432	2950590	444854	21037292	8123348	26363	0	26824	84000
1787043141	request	3767	28764068	28759718	61792	21930258432	2950590	444854	21038636	8123348	26363	0	26824	78000
1787043142	request	3768	28764068	28759717	61792	21930258432	2950590	444854	21038648	8123348	26363	0	26824	85000
1787043143	request	3769	28764068	28759718	61792	21930258432	2950590	444854	21038284	8123348	26363	0	26824	85000
1787043144	request	3770	28764068	28759717	61792	21930258432	2950590	444854	21037448	8123348	26363	0	26824	84000
1787043146	request	3772	28764068	28759717	61792	21930258432	2950590	444854	21036204	8123348	26363	0	26824	87000
1787043147	request	3773	28764068	28759717	61792	21930258432	2950590	444854	21036700	8123348	26363	0	26824	86000
1787043148	request	3774	28764068	28759718	61792	21930258432	2950590	444854	21036448	8123348	26363	0	26824	84000
1787043150	request	3776	28764068	28759718	61792	21930258432	2950590	444854	21035692	8123348	26363	0	26824	83000
1787043151	request	3777	28764068	28759718	61792	21930258432	2950590	444854	21035692	8123348	26363	0	26824	89000
1787043152	request	3778	28764068	28759718	61792	21930258432	2950590	444854	21035452	8123348	26363	0	26824	88000
1787043154	request	3780	28764068	28759719	61792	21930258432	2950590	444854	21034948	8123348	26363	0	26824	83000
1787043155	request	3781	28764068	28759717	61792	21930258432	2950590	444854	21034948	8123348	26363	0	26824	83000
1787043156	request	3782	28764068	28759718	61792	21930258432	2950590	444854	21035312	8123348	26363	0	26824	86000
1787043157	request	3783	28764068	28759717	61792	21930258432	2950590	444854	21036556	8123348	26363	0	26824	89000
1787043159	request	3785	28764068	28759717	61792	21930258432	2950590	444854	21036664	8123348	26363	0	26824	83000
1787043160	request	3786	28764068	28759717	61792	21930258432	2950590	444854	21036664	8123348	26363	0	26824	84000
1787043161	request	3787	28764068	28759717	61792	21930258432	2950590	444854	21036412	8123348	26363	0	26824	88000
1787043163	request	3789	28764068	28759718	61792	21930258432	2950590	444854	21036160	8123348	26363	0	26824	84000
1787043164	request	3790	28764068	28759718	61792	21930258432	2950590	444854	21035432	8123348	26363	0	26824	84000
1787043165	request	3791	28764068	28759719	61792	21930258432	2950590	444854	21035404	8123348	26363	0	26824	86000
1787043167	request	3793	28764068	28759717	61792	21930258432	2950590	444854	21036724	8123348	26363	0	26824	88000
1787043168	request	3794	28764068	28759718	61792	21930258432	2950590	444854	21036784	8123348	26363	0	26824	88000
1787043169	request	3795	28764068	28759717	61792	21930258432	2950590	444854	21036056	8123348	26363	0	26824	86000
1787043170	request	3796	28764068	28759717	61792	21930258432	2950590	444854	21035892	8123348	26363	0	26824	85000
1787043172	request	3798	28764068	28759718	61792	21930258432	2950590	444854	21035892	8123348	26363	0	26824	85000
1787043173	request	3799	28764068	28759718	61792	21930258432	2950590	444854	21036144	8123348	26363	0	26824	90000
1787043174	request	3800	28764068	28759717	61792	21930258432	2950590	444854	21035764	8123348	26363	0	26824	85000
1787043176	request	3802	28764068	28759717	61792	21930258432	2950590	444854	21035484	8123348	26363	0	26824	85000
1787043177	request	3803	28764068	28759718	61792	21930258432	2950590	444854	21035236	8123348	26363	0	26824	89000
1787043178	request	3804	28764068	28759717	61792	21930258432	2950590	444854	21035228	8123348	26363	0	26824	86000
1787043180	request	3806	28764068	28759718	61792	21930258432	2950590	444854	21035136	8123348	26363	0	26824	85000
1787043181	request	3807	28764068	28759718	61792	21930258432	2950590	444854	21034632	8123348	26363	0	26824	88000
1787043182	request	3808	28764068	28759717	61792	21930258432	2950590	444854	21034632	8123348	26363	0	26824	86000
1787043184	request	3810	28764068	28759718	61792	21930258432	2950590	444854	21033888	8123348	26363	0	26824	83000
1787043185	request	3811	28764068	28759717	61792	21930258432	2950590	444854	21033636	8123348	26363	0	26824	85000
1787043186	request	3812	28764068	28759718	61792	21930258432	2950590	444854	21033636	8123348	26363	0	26824	81000
1787043187	request	3813	28764068	28759718	61792	21930258432	2950590	444854	21033396	8123348	26363	0	26824	86000
1787043189	request	3815	28764068	28759717	61792	21930258432	2950590	444854	21033748	8123348	26363	0	26824	83000
1787043190	request	3816	28764068	28759718	61792	21930258432	2950590	444854	21033844	8123348	26363	0	26824	85000
1787043191	request	3817	28764068	28759718	61792	21930258432	2950590	444854	21034500	8123348	26363	0	26824	88000
1787043193	request	3819	28764068	28759717	61792	21930258432	2950590	444854	21034664	8123348	26363	0	26824	85000
1787043194	request	3820	28764068	28759718	61792	21930258432	2950590	444854	21034300	8123348	26363	0	26824	83000
1787043195	request	3821	28764068	28759717	61792	21930258432	2950590	444854	21033556	8123348	26363	0	26824	84000
1787043197	request	3823	28764068	28759718	61792	21930258432	2950590	444854	21033416	8123348	26363	0	26824	85000
1787043198	request	3824	28764068	28759717	61792	21930258432	2950590	444854	21033664	8123348	26363	0	26824	86000
1787043199	request	3825	28764068	28759718	61792	21930258432	2950590	444854	21033664	8123348	26363	0	26824	83000
1787043200	request	3826	28764068	28759719	61792	21930258432	2950590	444854	21033424	8123348	26363	0	26824	84000
1787043202	request	3828	28764068	28759718	61792	21930258432	2950590	444854	21033220	8123348	26363	0	26824	85000
1787043203	request	3829	28764068	28759718	61792	21930258432	2950590	444854	21032716	8123348	26363	0	26824	89000
1787043204	request	3830	28764068	28759717	61792	21930258432	2950590	444854	21032212	8123348	26363	0	26824	84000
1787043206	request	3832	28764068	28759717	61792	21930258432	2950590	444854	21032212	8123348	26363	0	26824	85000
1787043207	request	3833	28764068	28759718	61792	21930258432	2950590	444854	21032936	8123348	26363	0	26824	89000
1787043208	request	3834	28764068	28759718	61792	21930258432	2950590	444854	21032452	8123348	26363	0	26824	88000
1787043209	request	3835	28764068	28759718	61792	21930258432	2950590	444854	21032312	8123348	26363	0	26824	86000
1787043211	request	3837	28764068	28759719	61792	21930258432	2950590	444854	21032352	8123348	26363	0	26824	85000
1787043212	request	3838	28764068	28759719	61792	21930258432	2950590	444854	21032112	8123348	26363	0	26824	89000
1787043213	request	3839	28764068	28759717	61792	21930258432	2950590	444854	21032112	8123348	26363	0	26824	87000
1787043215	request	3841	28764068	28759717	61792	21930258432	2950590	444854	21034252	8123348	26363	0	26824	84000
1787043216	request	3842	28764068	28759717	61792	21930258432	2950590	444854	21033496	8123348	26363	0	26824	83000
1787043217	request	3843	28764068	28759718	61792	21930258432	2950590	444854	21033496	8123348	26363	0	26824	92000
1787043219	request	3845	28764068	28759718	61792	21930258432	2950590	444854	21032992	8123348	26363	0	26824	85000
1787043220	request	3846	28764068	28759717	61792	21930258432	2950590	444854	21032992	8123348	26363	0	26824	84000
1787043221	request	3847	28764068	28759718	61792	21930258432	2950590	444854	21033272	8123348	26363	0	26824	84000
1787043223	request	3849	28764068	28759718	61792	21930258432	2950590	444854	21032940	8123348	26363	0	26824	88000
1787043224	request	3850	28764068	28759717	61792	21930258432	2950590	444854	21032940	8123348	26363	0	26824	88000
1787043225	request	3851	28764068	28759717	61792	21930258432	2950590	444854	21032940	8123348	26363	0	26824	83000
1787043226	request	3852	28764068	28759719	61792	21930258432	2950590	444854	21032704	8123348	26363	0	26824	83000
1787043228	request	3854	28764068	28759718	61792	21930258432	2950590	444854	21032452	8123348	26363	0	26824	85000
1787043229	request	3855	28764068	28759718	61792	21930258432	2950590	444854	21032452	8123348	26363	0	26824	88000
1787043230	request	3856	28764068	28759718	61792	21930258432	2950590	444854	21032452	8123348	26363	0	26824	82000
1787043232	request	3858	28764068	28759718	61792	21930258432	2950590	444854	21032360	8123348	26363	0	26824	85000
1787043233	request	3859	28764068	28759718	61792	21930258432	2950590	444854	21032360	8123348	26363	0	26824	88000
1787043234	request	3860	28764068	28759717	61792	21930258432	2950590	444854	21031604	8123348	26363	0	26824	88000
1787043236	request	3862	28764068	28759719	61792	21930258432	2950590	444854	21031352	8123348	26363	0	26824	84000
1787043237	request	3863	28764068	28759718	61792	21930258432	2950590	444854	21031916	8123348	26363	0	26824	88000
1787043238	request	3864	28764068	28759718	61792	21930258432	2950590	444854	21032608	8123348	26363	0	26824	86000
1787043240	request	3866	28764068	28759718	61792	21930258432	2950590	444854	21031864	8123348	26363	0	26824	83000
1787043241	request	3867	28764068	28759719	61792	21930258432	2950590	444854	21032164	8123348	26363	0	26824	84000
1787043242	request	3868	28764068	28759719	61792	21930258432	2950590	444854	21032164	8123348	26363	0	26824	81000
1787043243	request	3869	28764068	28759717	61792	21930258432	2950590	444854	21031972	8123348	26363	0	26824	86000
1787043245	request	3871	28764068	28759718	61792	21930258432	2950590	444854	21031468	8123348	26363	0	26824	83000
1787043246	request	3872	28764068	28759718	61792	21930258432	2950590	444854	21031228	8123348	26363	0	26824	83000
1787043247	request	3873	28764068	28759717	61792	21930258432	2950590	444854	21030976	8123348	26363	0	26824	89000
1787043249	request	3875	28764068	28759719	61792	21930258432	2950590	444854	21031228	8123348	26363	0	26824	88000
1787043250	request	3876	28764068	28759718	61792	21930258432	2950590	444854	21031228	8123348	26363	0	26824	84000
1787043251	request	3877	28764068	28759718	61792	21930258432	2950590	444854	21031340	8123348	26363	0	26824	85000
1787043253	request	3879	28764068	28759717	61792	21930258432	2950590	444854	21032632	8123348	26363	0	26824	85000
1787043254	request	3880	28764068	28759718	61792	21930258432	2950590	444854	21031944	8123348	26363	0	26824	84000
1787043255	request	3881	28764068	28759717	61792	21930258432	2950590	444854	21031664	8123348	26363	0	26824	84000
1787043256	request	3882	28764068	28759718	61792	21930258432	2950590	444854	21031412	8123348	26363	0	26824	84000
1787043258	request	3884	28764068	28759719	61792	21930258432	2950590	444854	21031456	8123348	26363	0	26824	85000
1787043259	request	3885	28764068	28759718	61792	21930258432	2950590	444854	21036552	8125692	26608	0	27069	86000
1787043260	request	3886	28764068	28759718	61792	21930258432	2950590	444854	21038864	8126080	26608	0	27069	84000
1787043262	request	3888	28764068	28759718	61792	21930258432	2950590	444854	21039556	8126392	26608	0	27069	84000
1787043263	request	3889	28764068	28759718	61792	21930258432	2950590	444854	21039304	8126392	26608	0	27069	88000
1787043264	request	3890	28764068	28759718	61792	21930258432	2950590	444854	21038560	8126392	26608	0	27069	89000
1787043266	request	3892	28764068	28759719	61792	21930258432	2950590	444854	21038992	8126392	26608	0	27069	84000
1787043267	request	3893	28764068	28759717	61792	21930258432	2950590	444854	21038488	8126392	26608	0	27069	84000
1787043268	request	3894	28764068	28759718	61792	21930258432	2950590	444854	21038852	8126392	26608	0	27069	90000
1787043270	request	3896	28764068	28759718	61792	21930258432	2950590	444854	21038992	8126392	26608	0	27069	82000
1787043271	request	3897	28764068	28759718	61792	21930258432	2950590	444854	21038896	8126392	26608	0	27069	84000
1787043272	request	3898	28764068	28759717	61792	21930258432	2950590	444854	21039144	8126392	26608	0	27069	83000
1787043273	request	3899	28764068	28759718	61792	21930258432	2950590	444854	21039148	8126392	26608	0	27069	86000
1787043275	request	3901	28764068	28759717	61792	21930258432	2950590	444854	21039276	8126392	26608	0	27069	92000
1787043276	request	3902	28764068	28759718	61792	21930258432	2950590	444854	21039136	8126392	26608	0	27069	84000
1787043277	request	3903	28764068	28759717	61792	21930258432	2950590	444854	21039328	8126392	26608	0	27069	83000
1787043279	request	3905	28764068	28759718	61792	21930258432	2950590	444854	21040004	8126392	26608	0	27069	82000
1787043280	request	3906	28764068	28759718	61792	21930258432	2950590	444854	21039248	8126392	26608	0	27069	84000
1787043281	request	3907	28764068	28759718	61792	21930258432	2950590	444854	21039248	8126392	26608	0	27069	84000
1787043283	request	3909	28764068	28759718	61792	21930258432	2950590	444854	21038504	8126392	26608	0	27069	83000
1787043284	request	3910	28764068	28759717	61792	21930258432	2950590	444854	21038252	8126392	26608	0	27069	86000
1787043285	request	3911	28764068	28759719	61792	21930258432	2950590	444854	21037760	8126392	26608	0	27069	83000
1787043287	request	3913	28764068	28759718	61792	21930258432	2950590	444854	21038012	8126392	26608	0	27069	83000
1787043288	request	3914	28764068	28759719	61792	21930258432	2950590	444854	21038576	8126396	26609	0	27070	84000
1787043289	request	3915	28764068	28759719	61792	21930258432	2950590	444854	21038828	8126404	26611	0	27072	83000
1787043290	request	3916	28764068	28759718	61792	21930258432	2950590	444854	21038968	8126404	26611	0	27072	88000
1787043292	request	3918	28764068	28759717	61792	21930258432	2950590	444854	21038996	8126404	26611	0	27072	83000
1787043293	request	3919	28764068	28759719	61792	21930258432	2950590	444854	21039208	8126404	26611	0	27072	84000
1787043294	request	3920	28764068	28759718	61792	21930258432	2950590	444854	21038200	8126404	26611	0	27072	89000
1787043296	request	3922	28764068	28759718	61792	21930258432	2950590	444854	21038452	8126404	26611	0	27072	81000
1787043297	request	3923	28764068	28759718	61792	21930258432	2950590	444854	21038608	8126404	26611	0	27072	84000
1787043298	request	3924	28764068	28759717	61792	21930258432	2950590	444854	21038860	8126404	26611	0	27072	83000
1787043300	request	3926	28764068	28759718	61792	21930258432	2950590	444854	21038964	8126404	26611	0	27072	91000
1787043301	request	3927	28764068	28759717	61792	21930258432	2950590	444854	21038472	8126404	26611	0	27072	92000
1787043302	request	3928	28764068	28759718	61792	21930258432	2950590	444854	21037980	8126404	26611	0	27072	83000
1787043304	request	3930	28764068	28759719	61792	21930258432	2950590	444854	21037980	8126404	26611	0	27072	84000
1787043305	request	3931	28764068	28759718	61792	21930258432	2950590	444854	21038752	8126404	26611	0	27072	90000
1787043306	request	3932	28764068	28759718	61792	21930258432	2950590	444854	21039416	8126404	26611	0	27072	88000
1787043307	request	3933	28764068	28759718	61792	21930258432	2950590	444854	21038980	8126404	26611	0	27072	84000
1787043309	request	3935	28764068	28759718	61792	21930258432	2950590	444854	21038760	8126404	26611	0	27072	86000
1787043310	request	3936	28764068	28759717	61792	21930258432	2950590	444854	21039420	8126404	26611	0	27072	89000
1787043311	request	3937	28764068	28759718	61792	21930258432	2950590	444854	21039672	8126404	26611	0	27072	82000
1787043313	request	3939	28764068	28759719	61792	21930258432	2950590	444854	21040720	8126404	26611	0	27072	83000
1787043314	request	3940	28764068	28759717	61792	21930258432	2950590	444854	21040468	8126404	26611	0	27072	86000
1787043315	request	3941	28764068	28759718	61792	21930258432	2950590	444854	21041672	8126404	26611	0	27072	92000
1787043316	request	3942	28764068	28759719	61792	21930258432	2950590	444854	21041056	8126404	26611	0	27072	88000
1787043318	request	3944	28764068	28759718	61792	21930258432	2950590	444854	21042412	8126404	26611	0	27072	84000
1787043319	request	3945	28764068	28759717	61792	21930258432	2950590	444854	21044008	8126404	26611	0	27072	83000
1787043320	request	3946	28764068	28759717	61792	21930258432	2950590	444854	21043384	8126404	26611	0	27072	87000
1787043322	request	3948	28764068	28759717	61792	21930258432	2950590	444854	21043132	8126404	26611	0	27072	84000
1787043323	request	3949	28764068	28759717	61792	21930258432	2950590	444854	21042376	8126404	26611	0	27072	84000
1787043324	request	3950	28764068	28759719	61792	21930258432	2950590	444854	21042376	8126404	26611	0	27072	81000
1787043326	request	3952	28764168	28759818	61792	21930258432	2950615	444854	21041888	8126404	26611	0	27072	81000
1787043327	request	3953	28764168	28759818	61792	21930258432	2950615	444854	21041636	8126404	26611	0	27072	86000
1787043328	request	3954	28764168	28759817	61792	21930258432	2950615	444854	21042824	8126404	26611	0	27072	84000
1787043329	request	3955	28764168	28759818	61792	21930258432	2950615	444854	21042896	8126404	26611	0	27072	86000
1787043331	request	3957	28764168	28759818	61792	21930258432	2950615	444854	21042896	8126404	26611	0	27072	87000
1787043332	request	3958	28764168	28759819	61792	21930258432	2950615	444854	21042500	8126404	26611	0	27072	85000
1787043333	request	3959	28764168	28759818	61792	21930258432	2950615	444854	21042500	8126404	26611	0	27072	84000
1787043335	request	3961	28764168	28759817	61792	21930258432	2950615	444854	21041772	8126404	26611	0	27072	86000
1787043336	request	3962	28764168	28759817	61792	21930258432	2950615	444854	21040764	8126404	26611	0	27072	85000
1787043337	request	3963	28764168	28759817	61792	21930258432	2950615	444854	21040748	8126404	26611	0	27072	84000
1787043339	request	3965	28764168	28759817	61792	21930258432	2950615	444854	21040508	8126404	26611	0	27072	83000
1787043340	request	3966	28764168	28759817	61792	21930258432	2950615	444854	21041224	8126404	26611	0	27072	88000
1787043341	request	3967	28764168	28759817	61792	21930258432	2950615	444854	21041224	8126404	26611	0	27072	85000
1787043342	request	3968	28764168	28759818	61792	21930258432	2950615	444854	21041224	8126404	26611	0	27072	84000
1787043344	request	3970	28764168	28759816	61792	21930258432	2950615	444854	21042280	8126404	26611	0	27072	82000
1787043345	request	3971	28764168	28759817	61792	21930258432	2950615	444854	21043664	8126404	26611	0	27072	81000
1787043346	request	3972	28764168	28759816	61792	21930258432	2950615	444854	21044232	8126404	26611	0	27072	88000
1787043348	request	3974	28764168	28759816	61792	21930258432	2950615	444854	21044068	8126404	26611	0	27072	84000
1787043349	request	3975	28764168	28759816	61792	21930258432	2950615	444854	21044068	8126404	26611	0	27072	85000
1787043350	request	3976	28764168	28759818	61792	21930258432	2950615	444854	21043464	8126404	26611	0	27072	89000
1787043352	request	3978	28764168	28759817	61792	21930258432	2950615	444854	21043324	8126404	26611	0	27072	88000
1787043353	request	3979	28764168	28759817	61792	21930258432	2950615	444854	21043084	8126404	26611	0	27072	86000
1787043354	request	3980	28764168	28759817	61792	21930258432	2950615	444854	21043640	8126404	26611	0	27072	84000
1787043355	request	3981	28764168	28759817	61792	21930258432	2950615	444854	21043276	8126404	26611	0	27072	88000
1787043357	request	3983	28764168	28759817	61792	21930258432	2950615	444854	21043796	8126404	26611	0	27072	88000
1787043358	request	3984	28764168	28759817	61792	21930258432	2950615	444854	21044116	8126404	26611	0	27072	84000
1787043359	request	3985	28764168	28759817	61792	21930258432	2950615	444854	21044344	8126404	26611	0	27072	84000
1787043361	request	3987	28764168	28759817	61792	21930258432	2950615	444854	21043872	8126404	26611	0	27072	84000
1787043362	request	3988	28764168	28759817	61792	21930258432	2950615	444854	21043872	8126404	26611	0	27072	88000
1787043363	request	3989	28764168	28759817	61792	21930258432	2950615	444854	21043620	8126404	26611	0	27072	83000
1787043364	request	3990	28764168	28759816	61792	21930258432	2950615	444854	21043256	8126404	26611	0	27072	84000
1787043366	request	3992	28764168	28759818	61792	21930258432	2950615	444854	21043116	8126404	26611	0	27072	88000
1787043367	request	3993	28764168	28759818	61792	21930258432	2950615	444854	21042876	8126404	26611	0	27072	90000
1787043368	request	3994	28764168	28759817	61792	21930258432	2950615	444854	21042988	8126404	26611	0	27072	83000
1787043370	request	3996	28764168	28759817	61792	21930258432	2950615	444854	21043164	8126404	26611	0	27072	84000
1787043371	request	3997	28764168	28759817	61792	21930258432	2950615	444854	21042912	8126404	26611	0	27072	90000
1787043372	request	3998	28764168	28759818	61792	21930258432	2950615	444854	21042744	8126404	26611	0	27072	87000
1787043374	request	4000	28764168	28759817	61792	21930258432	2950615	444854	21042744	8126404	26611	0	27072	85000
1787043375	request	4001	28764168	28759817	61792	21930258432	2950615	444854	21042744	8126404	26611	0	27072	86000
1787043376	request	4002	28764168	28759817	61792	21930258432	2950615	444854	21042504	8126404	26611	0	27072	84000
1787043378	request	4004	28764168	28759817	61792	21930258432	2950615	444854	21042264	8126404	26611	0	27072	92000
1787043379	request	4005	28764168	28759817	61792	21930258432	2950615	444854	21042508	8126404	26611	0	27072	84000
1787043380	request	4006	28764168	28759817	61792	21930258432	2950615	444854	21042608	8126404	26611	0	27072	85000
1787043381	request	4007	28764168	28759817	61792	21930258432	2950615	444854	21042132	8126404	26611	0	27072	91000
1787043383	request	4009	28764168	28759818	61792	21930258432	2950615	444854	21042500	8126404	26611	0	27072	83000
1787043384	request	4010	28764168	28759818	61792	21930258432	2950615	444854	21042864	8126404	26611	0	27072	85000
1787043385	request	4011	28764168	28759817	61792	21930258432	2950615	444854	21042948	8126404	26611	0	27072	84000
1787043387	request	4013	28764168	28759817	61792	21930258432	2950615	444854	21042740	8126404	26611	0	27072	87000
1787043388	request	4014	28764168	28759817	61792	21930258432	2950615	444854	21042740	8126404	26611	0	27072	87000
1787043389	request	4015	28764168	28759817	61792	21930258432	2950615	444854	21044232	8126404	26611	0	27072	83000
1787043391	request	4017	28764168	28759817	61792	21930258432	2950615	444854	21044232	8126404	26611	0	27072	84000
1787043392	request	4018	28764168	28759818	61792	21930258432	2950615	444854	21044232	8126404	26611	0	27072	93000
1787043393	request	4019	28764168	28759818	61792	21930258432	2950615	444854	21044528	8126404	26611	0	27072	88000
1787043395	request	4021	28764168	28759817	61792	21930258432	2950615	444854	21044528	8126404	26611	0	27072	84000
1787043396	request	4022	28764168	28759817	61792	21930258432	2950615	444854	21044288	8126404	26611	0	27072	85000
1787043397	request	4023	28764168	28759818	61792	21930258432	2950615	444854	21044048	8126404	26611	0	27072	89000
1787043398	request	4024	28764168	28759817	61792	21930258432	2950615	444854	21044048	8126404	26611	0	27072	89000
1787043400	request	4026	28764168	28759817	61792	21930258432	2950615	444854	21044300	8126404	26611	0	27072	84000
1787043401	request	4027	28764168	28759818	61792	21930258432	2950615	444854	21044300	8126404	26611	0	27072	86000
1787043402	request	4028	28764168	28759817	61792	21930258432	2950615	444854	21046196	8126476	26629	0	27090	86000
1787043404	request	4030	28764168	28759817	61792	21930258432	2950615	444854	21045068	8126476	26629	0	27090	90000
1787043405	request	4031	28764168	28759819	61792	21930258432	2950615	444854	21044072	8126476	26629	0	27090	84000
1787043406	request	4032	28764168	28759817	61792	21930258432	2950615	444854	21044120	8126476	26629	0	27090	85000
1787043408	request	4034	28764168	28759818	61792	21930258432	2950615	444854	21044120	8126476	26629	0	27090	86000
1787043409	request	4035	28764168	28759817	61792	21930258432	2950615	444854	21044120	8126476	26629	0	27090	90000
1787043410	request	4036	28764168	28759817	61792	21930258432	2950615	444854	21044120	8126476	26629	0	27090	86000
1787043411	request	4037	28764168	28759818	61792	21930258432	2950615	444854	21044224	8126476	26629	0	27090	85000
1787043413	request	4039	28764168	28759817	61792	21930258432	2950615	444854	21043732	8126476	26629	0	27090	88000
1787043414	request	4040	28764168	28759818	61792	21930258432	2950615	444854	21043732	8126476	26629	0	27090	88000
1787043415	request	4041	28764168	28759817	61792	21930258432	2950615	444854	21043484	8126476	26629	0	27090	83000
1787043417	request	4043	28764168	28759817	61792	21930258432	2950615	444854	21043736	8126476	26629	0	27090	84000
1787043418	request	4044	28764168	28759818	61792	21930258432	2950615	444854	21043736	8126476	26629	0	27090	86000
1787043419	request	4045	28764168	28759818	61792	21930258432	2950615	444854	21043496	8126476	26629	0	27090	87000
1787043421	request	4047	28764168	28759817	61792	21930258432	2950615	444854	21043496	8126476	26629	0	27090	83000
1787043422	request	4048	28764168	28759817	61792	21930258432	2950615	444854	21043496	8126476	26629	0	27090	81000
1787043423	request	4049	28764168	28759817	61792	21930258432	2950615	444854	21043700	8126476	26629	0	27090	86000
1787043425	request	4051	28764168	28759817	61792	21930258432	2950615	444854	21043700	8126476	26629	0	27090	86000
1787043426	request	4052	28764168	28759817	61792	21930258432	2950615	444854	21043700	8126476	26629	0	27090	84000
1787043427	request	4053	28764168	28759817	61792	21930258432	2950615	444854	21043208	8126476	26629	0	27090	84000
1787043428	request	4054	28764168	28759817	61792	21930258432	2950615	444854	21042968	8126476	26629	0	27090	86000
1787043430	request	4056	28764168	28759817	61792	21930258432	2950615	444854	21043352	8126476	26629	0	27090	86000
1787043431	request	4057	28764168	28759817	61792	21930258432	2950615	444854	21043352	8126476	26629	0	27090	83000
1787043432	request	4058	28764168	28759818	61792	21930258432	2950615	444854	21043112	8126476	26629	0	27090	85000
1787043434	request	4060	28764168	28759817	61792	21930258432	2950615	444854	21043112	8126476	26629	0	27090	87000
1787043435	request	4061	28764168	28759817	61792	21930258432	2950615	444854	21043112	8126476	26629	0	27090	84000
1787043436	request	4062	28764168	28759817	61792	21930258432	2950615	444854	21042904	8126476	26629	0	27090	83000
1787043438	request	4064	28764168	28759817	61792	21930258432	2950615	444854	21042664	8126476	26629	0	27090	82000
1787043439	request	4065	28764168	28759817	61792	21930258432	2950615	444854	21042836	8126476	26629	0	27090	88000
1787043440	request	4066	28764168	28759817	61792	21930258432	2950615	444854	21044400	8126476	26629	0	27090	87000
1787043442	request	4068	28764168	28759817	61792	21930258432	2950615	444854	21044264	8126476	26629	0	27090	83000
1787043443	request	4069	28764168	28759817	61792	21930258432	2950615	444854	21044024	8126476	26629	0	27090	83000
1787043444	request	4070	28764168	28759817	61792	21930258432	2950615	444854	21044024	8126476	26629	0	27090	85000
1787043445	request	4071	28764168	28759817	61792	21930258432	2950615	444854	21044040	8126476	26629	0	27090	88000
1787043447	request	4073	28764168	28759818	61792	21930258432	2950615	444854	21043788	8126476	26629	0	27090	84000
1787043448	request	4074	28764168	28759818	61792	21930258432	2950615	444854	21043788	8126476	26629	0	27090	84000
1787043449	request	4075	28764168	28759817	61792	21930258432	2950615	444854	21043788	8126476	26629	0	27090	89000
1787043451	request	4077	28764168	28759817	61792	21930258432	2950615	444854	21043788	8126476	26629	0	27090	84000
1787043452	request	4078	28764168	28759817	61792	21930258432	2950615	444854	21043788	8126476	26629	0	27090	84000
1787043453	request	4079	28764168	28759817	61792	21930258432	2950615	444854	21043548	8126476	26629	0	27090	84000
1787043455	request	4081	28764168	28759817	61792	21930258432	2950615	444854	21043296	8126476	26629	0	27090	87000
1787043456	request	4082	28764168	28759817	61792	21930258432	2950615	444854	21043296	8126476	26629	0	27090	86000
1787043457	request	4083	28764168	28759817	61792	21930258432	2950615	444854	21042932	8126476	26629	0	27090	83000
1787043458	request	4084	28764168	28759817	61792	21930258432	2950615	444854	21044172	8126476	26629	0	27090	83000
1787043460	request	4086	28764168	28759817	61792	21930258432	2950615	444854	21044172	8126476	26629	0	27090	83000
1787043461	request	4087	28764168	28759817	61792	21930258432	2950615	444854	21044172	8126476	26629	0	27090	86000
1787043462	request	4088	28764168	28759817	61792	21930258432	2950615	444854	21044324	8126476	26629	0	27090	83000
1787043464	request	4090	28764168	28759818	61792	21930258432	2950615	444854	21044328	8126476	26629	0	27090	85000
1787043465	request	4091	28764168	28759818	61792	21930258432	2950615	444854	21044088	8126476	26629	0	27090	86000
1787043466	request	4092	28764168	28759817	61792	21930258432	2950615	444854	21043848	8126476	26629	0	27090	87000
1787043468	request	4094	28764168	28759819	61792	21930258432	2950615	444854	21044308	8126476	26629	0	27090	83000
1787043469	request	4095	28764168	28759817	61792	21930258432	2950615	444854	21043860	8126476	26629	0	27090	84000
1787043470	request	4096	28764168	28759819	61792	21930258432	2950615	444854	21044120	8126476	26629	0	27090	89000
1787043472	request	4098	28764168	28759817	61792	21930258432	2950615	444854	21043508	8126476	26629	0	27090	88000
1787043473	request	4099	28764168	28759817	61792	21930258432	2950615	444854	21043508	8126476	26629	0	27090	83000
1787043474	request	4100	28764168	28759819	61792	21930258432	2950615	444854	21043508	8126476	26629	0	27090	83000
1787043476	request	4102	28764168	28759818	61792	21930258432	2950615	444854	21043256	8126476	26629	0	27090	89000
1787043477	request	4103	28764168	28759818	61792	21930258432	2950615	444854	21043508	8126476	26629	0	27090	87000
1787043478	request	4104	28764168	28759816	61792	21930258432	2950615	444854	21043508	8126476	26629	0	27090	83000
1787043480	request	4106	28764168	28759816	61792	21930258432	2950615	444854	21043508	8126476	26629	0	27090	83000
1787043481	request	4107	28764168	28759817	61792	21930258432	2950615	444854	21043508	8126476	26629	0	27090	88000
1787043482	request	4108	28764168	28759816	61792	21930258432	2950615	444854	21043508	8126476	26629	0	27090	92000
1787043483	request	4109	28764168	28759817	61792	21930258432	2950615	444854	21043584	8126476	26629	0	27090	84000
1787043485	request	4111	28764168	28759817	61792	21930258432	2950615	444854	21043584	8126476	26629	0	27090	83000
1787043486	request	4112	28764168	28759817	61792	21930258432	2950615	444854	21043584	8126476	26629	0	27090	86000
1787043487	request	4113	28764168	28759817	61792	21930258432	2950615	444854	21043584	8126476	26629	0	27090	86000
1787043489	request	4115	28764168	28759817	61792	21930258432	2950615	444854	21043344	8126476	26629	0	27090	83000
1787043490	request	4116	28764168	28759817	61792	21930258432	2950615	444854	21043344	8126476	26629	0	27090	82000
1787043491	request	4117	28764168	28759817	61792	21930258432	2950615	444854	21044808	8126476	26629	0	27090	86000
1787043493	request	4119	28764168	28759817	61792	21930258432	2950615	444854	21044556	8126476	26629	0	27090	89000
1787043494	request	4120	28764168	28759817	61792	21930258432	2950615	444854	21044316	8126476	26629	0	27090	83000
1787043495	request	4121	28764168	28759818	61792	21930258432	2950615	444854	21044316	8126480	26630	0	27091	84000
1787043496	request	4122	28764168	28759819	61792	21930258432	2950615	444854	21045096	8126480	26630	0	27091	89000
1787043498	request	4124	28764168	28759817	61792	21930258432	2950615	444854	21046008	8126480	26630	0	27091	86000
1787043499	request	4125	28764168	28759817	61792	21930258432	2950615	444854	21046008	8126480	26630	0	27091	84000
1787043500	request	4126	28764168	28759817	61792	21930258432	2950615	444854	21046008	8126480	26630	0	27091	84000
1787043502	request	4128	28764168	28759818	61792	21930258432	2950615	444854	21045680	8126480	26630	0	27091	85000
1787043503	request	4129	28764168	28759818	61792	21930258432	2950615	444854	21046052	8126480	26630	0	27091	88000
1787043504	request	4130	28764168	28759818	61792	21930258432	2950615	444854	21045168	8126480	26630	0	27091	83000
1787043505	request	4131	28764168	28759817	61792	21930258432	2950615	444854	21045228	8126480	26630	0	27091	84000
1787043507	request	4133	28764168	28759817	61792	21930258432	2950615	444854	21044736	8126480	26630	0	27091	87000
1787043508	request	4134	28764168	28759817	61792	21930258432	2950615	444854	21044484	8126480	26630	0	27091	88000
1787043509	request	4135	28764168	28759817	61792	21930258432	2950615	444854	21044176	8126480	26630	0	27091	83000
1787043511	request	4137	28764168	28759817	61792	21930258432	2950615	444854	21043760	8126480	26630	0	27091	83000
1787043512	request	4138	28764168	28759817	61792	21930258432	2950615	444854	21043760	8126480	26630	0	27091	86000
1787043513	request	4139	28764168	28759817	61792	21930258432	2950615	444854	21043156	8126484	26631	0	27092	92000
1787043515	request	4141	28764168	28759817	61792	21930258432	2950615	444854	21043604	8126484	26631	0	27092	84000
1787043516	request	4142	28764168	28759817	61792	21930258432	2950615	444854	21042876	8126484	26631	0	27092	85000
1787043517	request	4143	28764168	28759817	61792	21930258432	2950615	444854	21042848	8126484	26631	0	27092	87000
1787043519	request	4145	28764168	28759816	61792	21930258432	2950615	444854	21042848	8126484	26631	0	27092	87000
1787043520	request	4146	28764168	28759817	61792	21930258432	2950615	444854	21042848	8126484	26631	0	27092	83000
1787043521	request	4147	28764168	28759817	61792	21930258432	2950615	444854	21042596	8126484	26631	0	27092	85000
1787043522	request	4148	28764168	28759817	61792	21930258432	2950615	444854	21043076	8126484	26631	0	27092	83000
1787043524	request	4150	28764168	28759817	61792	21930258432	2950615	444854	21042584	8126484	26631	0	27092	87000
1787043525	request	4151	28764168	28759817	61792	21930258432	2950615	444854	21042584	8126484	26631	0	27092	82000
1787043526	request	4152	28764168	28759817	61792	21930258432	2950615	444854	21042584	8126484	26631	0	27092	85000
1787043528	request	4154	28764168	28759818	61792	21930258432	2950615	444854	21042584	8126484	26631	0	27092	81000
1787043529	request	4155	28764168	28759817	61792	21930258432	2950615	444854	21042584	8126484	26631	0	27092	81000
1787043530	request	4156	28764168	28759818	61792	21930258432	2950615	444854	21042584	8126484	26631	0	27092	86000
1787043532	request	4158	28764168	28759819	61792	21930258432	2950615	444854	21042428	8126484	26631	0	27092	83000
1787043533	request	4159	28764168	28759817	61792	21930258432	2950615	444854	21042416	8126484	26631	0	27092	85000
1787043534	request	4160	28764168	28759819	61792	21930258432	2950615	444854	21042168	8126484	26631	0	27092	86000
1787043535	request	4161	28764168	28759817	61792	21930258432	2950615	444854	21041952	8126484	26631	0	27092	82000
1787043537	request	4163	28764168	28759817	61792	21930258432	2950615	444854	21041784	8126484	26631	0	27092	83000
1787043538	request	4164	28764168	28759818	61792	21930258432	2950615	444854	21041292	8126484	26631	0	27092	88000
1787043539	request	4165	28764168	28759818	61792	21930258432	2950615	444854	21041040	8126484	26631	0	27092	83000
1787043541	request	4167	28764168	28759817	61792	21930258432	2950615	444854	21041040	8126484	26631	0	27092	83000
1787043542	request	4168	28764168	28759817	61792	21930258432	2950615	444854	21040788	8126484	26631	0	27092	86000
1787043543	request	4169	28764168	28759817	61792	21930258432	2950615	444854	21040548	8126484	26631	0	27092	85000
1787043545	request	4171	28764168	28759817	61792	21930258432	2950615	444854	21040056	8126484	26631	0	27092	92000
1787043546	request	4172	28764168	28759817	61792	21930258432	2950615	444854	21040056	8126484	26631	0	27092	83000
1787043547	request	4173	28764168	28759817	61792	21930258432	2950615	444854	21039804	8126484	26631	0	27092	83000
1787043549	request	4175	28764168	28759818	61792	21930258432	2950615	444854	21039804	8126484	26631	0	27092	88000
1787043550	request	4176	28764168	28759818	61792	21930258432	2950615	444854	21040208	8126484	26631	0	27092	86000
1787043551	request	4177	28764168	28759817	61792	21930258432	2950615	444854	21040616	8126484	26631	0	27092	83000
1787043553	request	4179	28764168	28759818	61792	21930258432	2950615	444854	21041884	8126484	26631	0	27092	85000
1787043554	request	4180	28764168	28759817	61792	21930258432	2950615	444854	21042808	8126484	26631	0	27092	83000
1787043555	request	4181	28764168	28759817	61792	21930258432	2950615	444854	21042052	8126484	26631	0	27092	89000
1787043556	request	4182	28764168	28759817	61792	21930258432	2950615	444854	21042052	8126484	26631	0	27092	82000
1787043558	request	4184	28764168	28759817	61792	21930258432	2950615	444854	21041560	8126484	26631	0	27092	83000
1787043559	request	4185	28764168	28759818	61792	21930258432	2950615	444854	21041564	8126484	26631	0	27092	83000
1787043560	request	4186	28764168	28759817	61792	21930258432	2950615	444854	21041324	8126484	26631	0	27092	89000
1787043562	request	4188	28764168	28759817	61792	21930258432	2950615	444854	21041324	8126484	26631	0	27092	82000
1787043563	request	4189	28764168	28759817	61792	21930258432	2950615	444854	21041324	8126484	26631	0	27092	83000
1787043564	request	4190	28764168	28759817	61792	21930258432	2950615	444854	21041324	8126484	26631	0	27092	83000
1787043566	request	4192	28764168	28759817	61792	21930258432	2950615	444854	21040304	8126484	26631	0	27092	86000
1787043567	request	4193	28764168	28759817	61792	21930258432	2950615	444854	21040064	8126484	26631	0	27092	86000
1787043568	request	4194	28764168	28759817	61792	21930258432	2950615	444854	21040064	8126484	26631	0	27092	83000
1787043570	request	4196	28764168	28759818	61792	21930258432	2950615	444854	21039812	8126484	26631	0	27092	82000
1787043571	request	4197	28764168	28759817	61792	21930258432	2950615	444854	21039648	8126484	26631	0	27092	86000
1787043572	request	4198	28764168	28759817	61792	21930258432	2950615	444854	21039648	8126484	26631	0	27092	90000
1787043573	request	4199	28764168	28759817	61792	21930258432	2950615	444854	21039648	8126484	26631	0	27092	84000
1787043575	request	4201	28764168	28759817	61792	21930258432	2950615	444854	21045032	8135112	28545	0	29298	84000
1787043576	request	4202	28764168	28759818	61792	21930258432	2950615	444854	21029208	8142596	30350	0	31168	87000
1787043577	request	4203	28764168	28759817	61792	21930258432	2950615	444854	21027372	8143228	30508	0	31326	86000
1787043579	request	4205	28764168	28759816	61792	21930258432	2950615	444854	21026284	8143228	30508	0	31326	82000
1787043580	request	4206	28764168	28759817	61792	21930258432	2950615	444854	21020820	8144740	30886	0	31704	84000
1787043581	request	4207	28764168	28759817	61792	21930258432	2950615	444854	21020848	8145080	30971	0	31789	87000
1787043582	request	4208	28764168	28759818	61792	21930258432	2950615	444854	21021624	8145080	30971	0	31789	92000
1787043584	request	4210	28764168	28759817	61792	21930258432	2950615	444854	21021372	8145088	30973	0	31791	84000
1787043585	request	4211	28764168	28759817	61792	21930258432	2950615	444854	21020584	8145120	30981	0	31799	86000
1787043586	request	4212	28764168	28759818	61792	21930258432	2950615	444854	21022672	8145124	30982	0	31800	86000
1787043587	request	4213	28764168	28759818	61792	21930258432	2950615	444854	21023252	8145124	30982	0	31800	85000
1787043589	request	4215	28764168	28759817	61792	21930258432	2950615	444854	21023288	8145124	30982	0	31800	84000
1787043590	request	4216	28764168	28759818	61792	21930258432	2950615	444854	21022620	8145140	30982	0	31800	83000
1787043591	request	4217	28764168	28759817	61792	21930258432	2950615	444854	21022368	8145140	30982	0	31800	84000
1787043593	request	4219	28764168	28759817	61792	21930258432	2950615	444854	21022116	8145140	30982	0	31800	86000
1787043594	request	4220	28764168	28759818	61792	21930258432	2950615	444854	21022564	8145140	30982	0	31800	83000
1787043595	request	4221	28764168	28759817	61792	21930258432	2950615	444854	21023404	8145140	30982	0	31800	83000
1787043597	request	4223	28764168	28759817	61792	21930258432	2950615	444854	21016544	8145272	31014	0	31834	84000
1787043598	request	4224	28764168	28759816	61792	21930258432	2950615	444854	21022084	8145272	31014	0	31834	93000
1787043599	request	4225	28764168	28759817	61792	21930258432	2950615	444854	21021976	8145272	31014	0	31834	83000
1787043600	request	4226	28764168	28759817	61792	21930258432	2950615	444854	21021976	8145272	31014	0	31834	84000
1787043602	request	4228	28764168	28759817	61792	21930258432	2950615	444854	21021736	8145272	31014	0	31834	86000
1787043603	request	4229	28764168	28759818	61792	21930258432	2950615	444854	21021736	8145272	31014	0	31834	87000
1787043604	request	4230	28764168	28759817	61792	21930258432	2950615	444854	21021736	8145272	31014	0	31834	83000
1787043606	request	4232	28764168	28759817	61792	21930258432	2950615	444854	21021576	8145272	31014	0	31834	83000
1787043607	request	4233	28764168	28759817	61792	21930258432	2950615	444854	21022156	8145276	31015	0	31835	83000
1787043608	request	4234	28764168	28759817	61792	21930258432	2950615	444854	21021652	8145312	31024	0	31844	84000
1787043610	request	4236	28764168	28759819	61792	21930258432	2950615	444854	21021252	8145320	31026	0	31846	88000
1787043611	request	4237	28764168	28759818	61792	21930258432	2950615	444854	21021000	8145320	31026	0	31846	85000
1787043612	request	4238	28764168	28759817	61792	21930258432	2950615	444854	21020020	8145332	31029	0	31849	86000
1787043613	request	4239	28764168	28759817	61792	21930258432	2950615	444854	21019532	8145332	31029	0	31849	89000
1787043615	request	4241	28764168	28759817	61792	21930258432	2950615	444854	21019040	8145332	31029	0	31849	87000
1787043616	request	4242	28764168	28759817	61792	21930258432	2950615	444854	21019152	8145332	31029	0	31849	84000
1787043617	request	4243	28764168	28759817	61792	21930258432	2950615	444854	21018460	8145340	31031	0	31851	85000
1787043618	request	4244	28764168	28759819	61792	21930258432	2950615	444854	21017968	8145340	31031	0	31851	88000
1787043620	request	4246	28764168	28759818	61792	21930258432	2950615	444854	21022456	8145344	31032	0	31852	88000
1787043621	request	4247	28764168	28759817	61792	21930258432	2950615	444854	21020584	8145344	31032	0	31852	87000
1787043622	request	4248	28764168	28759816	61792	21930258432	2950615	444854	21018932	8145344	31032	0	31852	86000
1787043623	request	4249	28764168	28759818	61792	21930258432	2950615	444854	21019268	8145344	31032	0	31852	86000
1787043625	request	4251	28764168	28759817	61792	21930258432	2950615	444854	21018160	8145348	31033	0	31853	92000
1787043626	request	4252	28764168	28759817	61792	21930258432	2950615	444854	21016104	8145364	31037	0	31857	86000
1787043627	request	4253	28764168	28759817	61792	21930258432	2950615	444854	21009764	8145404	31047	0	31867	84000
1787043629	request	4255	28764168	28759817	61792	21930258432	2950615	444854	21010168	8145404	31047	0	31867	90000
1787043630	request	4256	28764168	28759816	61792	21930258432	2950615	444854	21010464	8145404	31047	0	31867	88000
1787043631	request	4257	28764168	28759817	61792	21930258432	2950615	444854	21009720	8145404	31047	0	31867	83000
1787043632	request	4258	28764168	28759816	61792	21930258432	2950615	444854	21009228	8145404	31047	0	31867	84000
1787043634	request	4260	28764168	28759816	61792	21930258432	2950615	444854	21006016	8145476	31065	0	31885	87000
1787043635	request	4261	28764168	28759816	61792	21930258432	2950615	444854	21006572	8145476	31065	0	31885	88000
1787043636	request	4262	28764168	28759817	61792	21930258432	2950615	444854	21006572	8145476	31065	0	31885	83000
1787043637	request	4263	28764168	28759818	61792	21930258432	2950615	444854	21006208	8145476	31065	0	31885	84000
1787043639	request	4265	28764168	28759816	61792	21930258432	2950615	444854	21006692	8145476	31065	0	31885	84000
1787043640	request	4266	28764168	28759818	61792	21930258432	2950615	444854	21006692	8145508	31073	0	31893	81000
1787043641	request	4267	28764168	28759818	61792	21930258432	2950615	444854	21019336	8145876	31099	0	31919	86000
1787043642	request	4268	28764168	28759817	61792	21930258432	2950615	444854	21019124	8145876	31099	0	31919	86000
1787043644	request	4270	28764168	28759817	61792	21930258432	2950615	444854	21020684	8145876	31099	0	31919	87000
1787043645	request	4271	28764168	28759817	61792	21930258432	2950615	444854	21020368	8145880	31100	0	31920	87000
1787043646	request	4272	28764168	28759817	61792	21930258432	2950615	444854	21020120	8145880	31100	0	31920	88000
1787043648	request	4274	28764168	28759817	61792	21930258432	2950615	444854	21019616	8145880	31100	0	31920	83000
1787043649	request	4275	28764168	28759816	61792	21930258432	2950615	444854	21019616	8145880	31100	0	31920	86000
1787043650	request	4276	28764168	28759817	61792	21930258432	2950615	444854	21019364	8145880	31100	0	31920	89000
1787043652	request	4278	28764168	28759816	61792	21930258432	2950615	444854	21019376	8145880	31100	0	31920	92000
1787043653	request	4279	28764168	28759817	61792	21930258432	2950615	444854	21019688	8145880	31100	0	31920	86000
1787043654	request	4280	28764168	28759816	61792	21930258432	2950615	444854	21019300	8145880	31100	0	31920	85000
1787043655	request	4281	28764168	28759817	61792	21930258432	2950615	444854	21018480	8145892	31103	0	31923	85000
1787043657	request	4283	28764168	28759817	61792	21930258432	2950615	444854	21012208	8145920	31110	0	31930	90000
1787043658	request	4284	28764168	28759816	61792	21930258432	2950615	444854	21012000	8145920	31110	0	31930	83000
1787043659	request	4285	28764168	28759817	61792	21930258432	2950615	444854	21012124	8145920	31110	0	31930	83000
1787043660	request	4286	28764168	28759817	61792	21930258432	2950615	444854	21011968	8145920	31110	0	31930	86000
1787043662	request	4288	28764272	28759921	61788	21930262528	2950640	444855	21010240	8145924	31111	0	31931	87000
1787043663	request	4289	28764272	28759921	61788	21930262528	2950640	444855	21010564	8145948	31117	0	31937	93000
1787043664	request	4290	28764272	28759920	61788	21930262528	2950640	444855	21011468	8145948	31117	0	31937	84000
1787043666	request	4292	28764272	28759921	61788	21930262528	2950640	444855	21011468	8145952	31118	0	31938	83000
1787043667	request	4293	28764272	28759920	61788	21930262528	2950640	444855	21014064	8145952	31118	0	31938	82000
1787043668	request	4294	28764272	28759920	61788	21930262528	2950640	444855	21018328	8145952	31118	0	31938	86000
1787043669	request	4295	28764272	28759920	61788	21930262528	2950640	444855	21018464	8145952	31118	0	31938	86000
1787043671	request	4297	28764272	28759921	61788	21930262528	2950640	444855	21007548	8146076	31149	0	31969	84000
1787043672	request	4298	28764272	28759920	61788	21930262528	2950640	444855	21010512	8146108	31157	0	31977	87000
1787043673	request	4299	28764272	28759920	61788	21930262528	2950640	444855	21010272	8146108	31157	0	31977	86000
1787043675	request	4301	28764272	28759920	61788	21930262528	2950640	444855	21010540	8146108	31157	0	31977	86000
1787043676	request	4302	28764272	28759920	61788	21930262528	2950640	444855	21011060	8146108	31157	0	31977	86000
1787043677	request	4303	28764272	28759920	61788	21930262528	2950640	444855	21011488	8146116	31159	0	31979	87000
1787043679	request	4305	28764272	28759920	61788	21930262528	2950640	444855	21011440	8146116	31159	0	31979	86000
1787043680	request	4306	28764272	28759922	61788	21930262528	2950640	444855	21010684	8146116	31159	0	31979	83000
1787043681	request	4307	28764272	28759920	61788	21930262528	2950640	444855	21010684	8146116	31159	0	31979	83000
1787043682	request	4308	28764272	28759920	61788	21930262528	2950640	444855	21010684	8146116	31159	0	31979	87000
1787043684	request	4310	28764272	28759920	61788	21930262528	2950640	444855	21011080	8146116	31159	0	31979	86000
1787043685	request	4311	28764272	28759920	61788	21930262528	2950640	444855	21010576	8146116	31159	0	31979	83000
1787043686	request	4312	28764272	28759920	61788	21930262528	2950640	444855	21010660	8146116	31159	0	31983	83000
1787043688	request	4314	28764272	28759919	61788	21930262528	2950640	444855	21010824	8146116	31159	0	31983	88000
1787043689	request	4315	28764272	28759919	61788	21930262528	2950640	444855	21012724	8146128	31162	0	31986	90000
1787043690	request	4316	28764272	28759919	61788	21930262528	2950640	444855	21011808	8146128	31162	0	31986	83000
1787043691	request	4317	28764272	28759919	61788	21930262528	2950640	444855	21011760	8146128	31162	0	31986	85000
1787043693	request	4319	28764272	28759919	61788	21930262528	2950640	444855	21012204	8146132	31163	0	31987	89000
1787043694	request	4320	28764272	28759920	61788	21930262528	2950640	444855	21013484	8146132	31163	0	31987	89000
1787043695	request	4321	28764272	28759919	61788	21930262528	2950640	444855	21014164	8146132	31163	0	31987	87000
1787043697	request	4323	28764272	28759918	61788	21930262528	2950640	444855	21016200	8146132	31163	0	31987	83000
1787043698	request	4324	28764272	28759919	61788	21930262528	2950640	444855	21015988	8146132	31163	0	31987	83000
1787043699	request	4325	28764272	28759920	61788	21930262528	2950640	444855	21015736	8146132	31163	0	31987	88000
1787043700	request	4326	28764272	28759919	61788	21930262528	2950640	444855	21015088	8146132	31163	0	31987	90000
1787043702	request	4328	28764272	28759918	61788	21930262528	2950640	444855	21015072	8146132	31163	0	31987	84000
1787043703	request	4329	28764272	28759919	61788	21930262528	2950640	444855	21014580	8146132	31163	0	31987	84000
1787043704	request	4330	28764272	28759919	61788	21930262528	2950640	444855	21013852	8146132	31163	0	31987	86000
1787043706	request	4332	28764272	28759919	61788	21930262528	2950640	444855	21014904	8146132	31163	0	31987	86000
1787043707	request	4333	28764272	28759918	61788	21930262528	2950640	444855	21014664	8146132	31163	0	31987	83000
1787043708	request	4334	28764272	28759918	61788	21930262528	2950640	444855	21013684	8146132	31163	0	31987	83000
1787043710	request	4336	28764272	28759919	61788	21930262528	2950640	444855	21013408	8146132	31163	0	31987	89000
1787043711	request	4337	28764272	28759918	61788	21930262528	2950640	444855	21014036	8146136	31164	0	31988	82000
1787043712	request	4338	28764272	28759919	61788	21930262528	2950640	444855	21014356	8146136	31164	0	31988	84000
1787043714	request	4340	28764272	28759919	61788	21930262528	2950640	444855	21012632	8146136	31164	0	31988	86000
1787043715	request	4341	28764272	28759919	61788	21930262528	2950640	444855	21012488	8146136	31164	0	31988	91000
1787043716	request	4342	28764272	28759919	61788	21930262528	2950640	444855	21011744	8146136	31164	0	31988	82000
1787043717	request	4343	28764272	28759919	61788	21930262528	2950640	444855	21011744	8146136	31164	0	31988	83000
1787043719	request	4345	28764272	28759919	61788	21930262528	2950640	444855	21012444	8146136	31164	0	31988	83000
1787043720	request	4346	28764272	28759919	61788	21930262528	2950640	444855	21012480	8146136	31164	0	31988	86000
1787043721	request	4347	28764272	28759918	61788	21930262528	2950640	444855	21020028	8146160	31169	0	31993	93000
1787043723	request	4349	28764272	28759918	61788	21930262528	2950640	444855	21020740	8146160	31169	0	31993	84000
1787043724	request	4350	28764272	28759919	61788	21930262528	2950640	444855	21020740	8146160	31169	0	31993	84000
1787043725	request	4351	28764272	28759918	61788	21930262528	2950640	444855	21020236	8146160	31169	0	31993	90000
1787043727	request	4353	28764272	28759919	61788	21930262528	2950640	444855	21019464	8146160	31169	0	31993	89000
1787043728	request	4354	28764272	28759918	61788	21930262528	2950640	444855	21019464	8146160	31169	0	31993	83000
1787043729	request	4355	28764272	28759918	61788	21930262528	2950640	444855	21019464	8146160	31169	0	31993	82000
1787043731	request	4357	28764272	28759918	61788	21930262528	2950640	444855	21019592	8146160	31169	0	31993	85000
1787043732	request	4358	28764272	28759919	61788	21930262528	2950640	444855	21019592	8146160	31169	0	31993	86000
1787043733	request	4359	28764272	28759919	61788	21930262528	2950640	444855	21019340	8146160	31169	0	31993	83000
1787043734	request	4360	28764272	28759919	61788	21930262528	2950640	444855	21019088	8146160	31169	0	31993	84000
1787043736	request	4362	28764272	28759919	61788	21930262528	2950640	444855	21019232	8146160	31169	0	31993	85000
1787043737	request	4363	28764272	28759920	61788	21930262528	2950640	444855	21018224	8146160	31169	0	31993	88000
1787043738	request	4364	28764272	28759919	61788	21930262528	2950640	444855	21018224	8146160	31169	0	31993	83000
1787043740	request	4366	28764272	28759919	61788	21930262528	2950640	444855	21018480	8146160	31169	0	31993	83000
1787043741	request	4367	28764272	28759919	61788	21930262528	2950640	444855	21018480	8146160	31169	0	31993	83000
1787043742	request	4368	28764272	28759920	61788	21930262528	2950640	444855	21017988	8146160	31169	0	31993	82000
1787043744	request	4370	28764272	28759918	61788	21930262528	2950640	444855	21017736	8146160	31169	0	31993	82000
1787043745	request	4371	28764272	28759918	61788	21930262528	2950640	444855	21017736	8146160	31169	0	31993	86000
1787043746	request	4372	28764272	28759919	61788	21930262528	2950640	444855	21017652	8146160	31169	0	31993	83000
1787043747	request	4373	28764272	28759920	61788	21930262528	2950640	444855	21017656	8146160	31169	0	31993	91000
1787043749	request	4375	28764272	28759919	61788	21930262528	2950640	444855	21018028	8146160	31169	0	31993	94000
1787043750	request	4376	28764272	28759919	61788	21930262528	2950640	444855	21017776	8146160	31169	0	31993	83000
1787043751	request	4377	28764272	28759918	61788	21930262528	2950640	444855	21017524	8146160	31169	0	31993	85000
1787043753	request	4379	28764272	28759919	61788	21930262528	2950640	444855	21017524	8146160	31169	0	31993	84000
1787043754	request	4380	28764272	28759918	61788	21930262528	2950640	444855	21016780	8146160	31169	0	31993	91000
1787043755	request	4381	28764272	28759920	61788	21930262528	2950640	444855	21016904	8146160	31169	0	31993	87000
1787043757	request	4383	28764272	28759919	61788	21930262528	2950640	444855	21015860	8146160	31169	0	31993	84000
1787043758	request	4384	28764272	28759919	61788	21930262528	2950640	444855	21015860	8146160	31169	0	31993	86000
1787043759	request	4385	28764272	28759918	61788	21930262528	2950640	444855	21015832	8146160	31169	0	31993	82000
1787043761	request	4387	28764272	28759918	61788	21930262528	2950640	444855	21015896	8146160	31169	0	31993	83000
1787043762	request	4388	28764272	28759919	61788	21930262528	2950640	444855	21016172	8146160	31169	0	31993	83000
1787043763	request	4389	28764272	28759918	61788	21930262528	2950640	444855	21016424	8146160	31169	0	31993	83000
1787043764	request	4390	28764272	28759918	61788	21930262528	2950640	444855	21016424	8146160	31169	0	31993	87000
1787043766	request	4392	28764272	28759918	61788	21930262528	2950640	444855	21016184	8146160	31169	0	31993	84000
1787043767	request	4393	28764272	28759918	61788	21930262528	2950640	444855	21016184	8146160	31169	0	31993	83000
1787043768	request	4394	28764272	28759918	61788	21930262528	2950640	444855	21015944	8146160	31169	0	31993	87000
1787043770	request	4396	28764272	28759919	61788	21930262528	2950640	444855	21016724	8146160	31169	0	31993	86000
1787043771	request	4397	28764272	28759918	61788	21930262528	2950640	444855	21016976	8146160	31169	0	31993	86000
1787043772	request	4398	28764272	28759920	61788	21930262528	2950640	444855	21017556	8146160	31169	0	31993	83000
1787043773	request	4399	28764272	28759918	61788	21930262528	2950640	444855	21017556	8146160	31169	0	31993	84000
1787043775	request	4401	28764272	28759919	61788	21930262528	2950640	444855	21017052	8146160	31169	0	31993	87000
1787043776	request	4402	28764272	28759918	61788	21930262528	2950640	444855	21016800	8146160	31169	0	31993	83000
1787043777	request	4403	28764272	28759919	61788	21930262528	2950640	444855	21016560	8146160	31169	0	31993	84000
1787043779	request	4405	28764272	28759920	61788	21930262528	2950640	444855	21016560	8146160	31169	0	31993	82000
1787043780	request	4406	28764272	28759920	61788	21930262528	2950640	444855	21018920	8146160	31169	0	31993	89000
1787043781	request	4407	28764272	28759919	61788	21930262528	2950640	444855	21018920	8146160	31169	0	31993	83000
1787043783	request	4409	28764272	28759918	61788	21930262528	2950640	444855	21018428	8146160	31169	0	31993	83000
1787043784	request	4410	28764272	28759919	61788	21930262528	2950640	444855	21018428	8146160	31169	0	31993	83000
1787043785	request	4411	28764272	28759918	61788	21930262528	2950640	444855	21018428	8146160	31169	0	31993	86000
1787043787	request	4413	28764272	28759919	61788	21930262528	2950640	444855	21018288	8146160	31169	0	31993	87000
1787043788	request	4414	28764272	28759918	61788	21930262528	2950640	444855	21018036	8146160	31169	0	31993	84000
1787043789	request	4415	28764272	28759919	61788	21930262528	2950640	444855	21018036	8146160	31169	0	31993	84000
1787043790	request	4416	28764272	28759920	61788	21930262528	2950640	444855	21017796	8146160	31169	0	31993	88000
1787043792	request	4418	28764272	28759918	61788	21930262528	2950640	444855	21018264	8146160	31169	0	31993	88000
1787043793	request	4419	28764272	28759918	61788	21930262528	2950640	444855	21018012	8146160	31169	0	31993	83000
1787043794	request	4420	28764272	28759919	61788	21930262528	2950640	444855	21018012	8146160	31169	0	31993	83000
1787043796	request	4422	28764272	28759919	61788	21930262528	2950640	444855	21017524	8146160	31169	0	31993	90000
1787043797	request	4423	28764272	28759919	61788	21930262528	2950640	444855	21016780	8146160	31169	0	31993	88000
1787043798	request	4424	28764272	28759919	61788	21930262528	2950640	444855	21016540	8146160	31169	0	31993	83000
1787043800	request	4426	28764272	28759919	61788	21930262528	2950640	444855	21016540	8146160	31169	0	31993	84000
1787043801	request	4427	28764272	28759919	61788	21930262528	2950640	444855	21016540	8146160	31169	0	31993	91000
1787043802	request	4428	28764272	28759919	61788	21930262528	2950640	444855	21016904	8146160	31169	0	31993	92000
1787043804	request	4430	28764272	28759919	61788	21930262528	2950640	444855	21017508	8146160	31169	0	31993	83000
1787043805	request	4431	28764272	28759918	61788	21930262528	2950640	444855	21018264	8146160	31169	0	31993	84000
1787043806	request	4432	28764272	28759919	61788	21930262528	2950640	444855	21018528	8146160	31169	0	31993	89000
1787043807	request	4433	28764272	28759919	61788	21930262528	2950640	444855	21018780	8146160	31169	0	31993	86000
1787043809	request	4435	28764272	28759919	61788	21930262528	2950640	444855	21019164	8146160	31169	0	31993	87000
1787043810	request	4436	28764272	28759919	61788	21930262528	2950640	444855	21019684	8146160	31169	0	31993	84000
1787043811	request	4437	28764272	28759919	61788	21930262528	2950640	444855	21020588	8146160	31169	0	31993	83000
1787043813	request	4439	28764272	28759918	61788	21930262528	2950640	444855	21020272	8146160	31169	0	31993	86000
1787043814	request	4440	28764272	28759918	61788	21930262528	2950640	444855	21020272	8146160	31169	0	31993	85000
1787043815	request	4441	28764272	28759919	61788	21930262528	2950640	444855	21020252	8146160	31169	0	31993	83000
1787043817	request	4443	28764272	28759919	61788	21930262528	2950640	444855	21020004	8146160	31169	0	31993	84000
1787043818	request	4444	28764272	28759919	61788	21930262528	2950640	444855	21019092	8146160	31169	0	31993	93000
1787043819	request	4445	28764272	28759919	61788	21930262528	2950640	444855	21020076	8146160	31169	0	31993	83000
1787043820	request	4446	28764272	28759919	61788	21930262528	2950640	444855	21019320	8146160	31169	0	31993	83000
1787043822	request	4448	28764272	28759918	61788	21930262528	2950640	444855	21019572	8146160	31169	0	31993	83000
1787043823	request	4449	28764272	28759919	61788	21930262528	2950640	444855	21019352	8146160	31169	0	31993	89000
1787043824	request	4450	28764272	28759920	61788	21930262528	2950640	444855	21019432	8146160	31169	0	31993	81000
1787043826	request	4452	28764272	28759918	61788	21930262528	2950640	444855	21019192	8146160	31169	0	31993	83000
1787043827	request	4453	28764272	28759920	61788	21930262528	2950640	444855	21018940	8146160	31169	0	31993	83000
1787043828	request	4454	28764272	28759919	61788	21930262528	2950640	444855	21018940	8146160	31169	0	31993	83000
1787043830	request	4456	28764272	28759919	61788	21930262528	2950640	444855	21018688	8146160	31169	0	31993	90000
1787043831	request	4457	28764272	28759919	61788	21930262528	2950640	444855	21018448	8146160	31169	0	31993	83000
1787043832	request	4458	28764272	28759919	61788	21930262528	2950640	444855	21018196	8146160	31169	0	31993	84000
1787043834	request	4460	28764272	28759920	61788	21930262528	2950640	444855	21018208	8146160	31169	0	31993	86000
1787043835	request	4461	28764272	28759918	61788	21930262528	2950640	444855	21017816	8146160	31169	0	31993	90000
1787043836	request	4462	28764272	28759917	61788	21930262528	2950640	444855	21040104	8146168	31171	0	32021	84000
1787043837	request	4463	28764272	28759918	61788	21930262528	2950640	444855	21009156	8146168	31171	0	32022	83000
1787043839	request	4465	28764192	28759822	61788	21930262528	2950640	444855	20725684	8146168	31171	0	32023	86000
1787043840	request	4466	28764176	28759822	61788	21930262528	2950649	444855	20709636	8146168	31171	0	32023	90000
1787043841	request	4467	28764176	28759823	61788	21930262528	2950649	444855	20604848	8146168	31171	0	32023	89000
1787043843	request	4469	28762872	28758518	61788	21930262528	2950649	444855	20600184	8146168	31171	0	32023	82000
1787043844	request	4470	28373896	28369541	61788	21930262528	2950649	444855	20620408	8146156	31171	3	32026	84000
1787043845	request	4471	28373896	28066401	61788	21930262528	2950649	444855	20592352	8143616	31172	309	32030	83000
1787043846	request	4472	28070756	28066401	61788	21930262528	2950649	444855	20596328	8143636	31177	309	32036	85000
1787043848	request	4474	28070756	28066402	61788	21930262528	2950649	444855	20560848	8143636	31177	309	32037	90000
1787043849	request	4475	28070756	28066401	61788	21930262528	2950649	444855	20512064	8143648	31178	309	32041	83000
1787043850	request	4476	28070756	28066402	61788	21930262528	2950649	444855	20552436	8143648	31178	309	32041	86000
1787043851	request	4477	28044468	28040115	61788	21930262528	2950649	444855	20601124	8142312	31192	505	32055	86000
1787043853	request	4479	28044104	28039751	61788	21930262528	2950649	444855	20192844	8142324	31194	505	32057	88000
1787043854	request	4480	28043168	28038814	61788	21930651648	2950656	444856	20199176	8142220	31194	531	32058	86000
1787043855	request	4481	28043168	28038814	61788	21930651648	2950656	444856	20578804	8142248	31200	531	32066	85000
1787043857	request	4483	28043168	28038814	61788	21930651648	2950656	444856	20566768	8142268	31205	531	32071	84000
1787043858	request	4484	28043168	28038813	61788	21930651648	2950656	444856	20536428	8142268	31205	531	32071	88000
1787043859	request	4485	28043168	28038815	61788	21930651648	2950656	444856	20531304	8142288	31210	531	32076	89000
1787043860	request	4486	28043168	28038814	61788	21930651648	2950656	444856	20537896	8142292	31210	531	32077	83000
1787043862	request	4488	28043168	28038813	61788	21930651648	2950656	444856	20475868	8142292	31210	531	32077	84000
1787043863	request	4489	28043168	28038814	61788	21930651648	2950656	444856	20576684	8142292	31210	531	32078	84000
1787043864	request	4490	28043168	28038814	61788	21930651648	2950656	444856	20543328	8142296	31211	531	32080	93000
1787043866	request	4492	28043168	28038815	61788	21930651648	2950656	444856	20525540	8142304	31212	531	32082	90000
1787043867	request	4493	28043168	28038815	61788	21930651648	2950656	444856	20454060	8142308	31213	531	32083	83000
1787043868	request	4494	28043168	28038814	61788	21930651648	2950656	444856	20455388	8142328	31218	531	32088	86000
1787043869	request	4495	28043168	28038813	61788	21930651648	2950656	444856	20469312	8142328	31218	531	32089	85000
1787043871	request	4497	28043168	28038815	61788	21930651648	2950656	444856	20447956	8142332	31219	531	32090	81000
1787043872	request	4498	28043168	28038814	61788	21930651648	2950656	444856	20464256	8142332	31219	531	32090	89000
1787043873	request	4499	28043168	28038814	61788	21930651648	2950656	444856	20466160	8142332	31219	531	32090	83000
1787043874	request	4500	28043168	28038815	61788	21930651648	2950656	444856	20469916	8142336	31220	531	32091	83000
1787043876	request	4502	28043168	28038814	61788	21930651648	2950656	444856	20476132	8142336	31220	531	32091	89000
1787043877	request	4503	28043168	28038814	61788	21930651648	2950656	444856	20483660	8142336	31220	531	32091	81000
1787043878	request	4504	28043168	28038813	61788	21930651648	2950656	444856	20479212	8142340	31220	531	32092	84000
1787043879	request	4505	28043168	28038813	61788	21930651648	2950656	444856	20488076	8142476	31249	531	32121	84000
1787043881	request	4507	28043168	28038814	61788	21930651648	2950656	444856	20397428	8142728	31311	531	32186	84000
1787043882	request	4508	28043168	28038814	61788	21930651648	2950656	444856	20887748	8146008	31350	531	32225	87000
1787043883	request	4509	28043168	28038815	61788	21930651648	2950656	444856	20892288	8146008	31350	531	32225	86000
1787043885	request	4511	28043168	28038814	61788	21930651648	2950656	444856	20897724	8146008	31350	531	32225	83000
1787043886	request	4512	28043168	28038814	61788	21930651648	2950656	444856	20900600	8146008	31350	531	32225	86000
1787043887	request	4513	28043168	28038815	61788	21930651648	2950656	444856	20894940	8146008	31350	531	32225	89000
1787043889	request	4515	28043168	28038815	61788	21930651648	2950656	444856	20896460	8146008	31350	531	32225	89000
1787043890	request	4516	28043168	28038814	61788	21930651648	2950656	444856	20899292	8146008	31350	531	32225	83000
1787043891	request	4517	28043168	28038815	61788	21930651648	2950656	444856	20899848	8146008	31350	531	32225	83000
1787043893	request	4519	28043168	28038816	61788	21930651648	2950656	444856	20901772	8146008	31350	531	32225	88000
1787043894	request	4520	28043168	28038814	61788	21930651648	2950656	444856	20901164	8146008	31350	531	32225	79000
1787043895	request	4521	28043168	28038816	61788	21930651648	2950656	444856	20902132	8146008	31350	531	32225	82000
1787043896	request	4522	28043168	28038814	61788	21930651648	2950656	444856	20905176	8146008	31350	531	32225	84000
1787043898	request	4524	28043168	28038814	61788	21930651648	2950656	444856	20907972	8146008	31350	531	32225	82000
1787043899	request	4525	28043168	28038815	61788	21930651648	2950656	444856	20908620	8146008	31350	531	32225	92000
1787043900	request	4526	28043168	28038814	61788	21930651648	2950656	444856	20909348	8146008	31350	531	32225	86000
1787043902	request	4528	28043168	28038814	61788	21930651648	2950656	444856	20909724	8146008	31350	531	32225	83000
1787043903	request	4529	28043168	28038815	61788	21930651648	2950656	444856	20910096	8146008	31350	531	32225	83000
1787043904	request	4530	28043168	28038814	61788	21930651648	2950656	444856	20909096	8146008	31350	531	32225	90000
1787043906	request	4532	28043168	28038814	61788	21930651648	2950656	444856	20910256	8146008	31350	531	32225	90000
1787043907	request	4533	28043168	28038814	61788	21930651648	2950656	444856	20909576	8146008	31350	531	32225	82000
1787043908	request	4534	28043168	28038814	61788	21930651648	2950656	444856	20909324	8146008	31350	531	32225	83000
1787043909	request	4535	28043168	28038814	61788	21930651648	2950656	444856	20909808	8146008	31350	531	32225	87000
1787043911	request	4537	28043168	28038815	61788	21930651648	2950656	444856	20912016	8146008	31350	531	32225	85000
1787043912	request	4538	28043168	28038814	61788	21930651648	2950656	444856	20911844	8146008	31350	531	32225	83000
1787043913	request	4539	28043168	28038815	61788	21930651648	2950656	444856	20911164	8146008	31350	531	32225	83000
1787043915	request	4541	28043168	28038816	61788	21930651648	2950656	444856	20911928	8146008	31350	531	32225	84000
1787043916	request	4542	28043168	28038814	61788	21930651648	2950656	444856	20912196	8146008	31350	531	32225	88000
1787043917	request	4543	28043168	28038814	61788	21930651648	2950656	444856	20911440	8146008	31350	531	32225	84000
1787043919	request	4545	28043168	28038816	61788	21930651648	2950656	444856	20911200	8146008	31350	531	32225	84000
1787043920	request	4546	28043168	28038814	61788	21930651648	2950656	444856	20911200	8146008	31350	531	32225	87000
1787043921	request	4547	28043168	28038815	61788	21930651648	2950656	444856	20910948	8146008	31350	531	32225	84000
1787043922	request	4548	28043168	28038814	61788	21930651648	2950656	444856	20910696	8146008	31350	531	32225	84000
1787043924	request	4550	28043168	28038814	61788	21930651648	2950656	444856	20910696	8146008	31350	531	32225	83000
1787043925	request	4551	28043168	28038815	61788	21930651648	2950656	444856	20909968	8146008	31350	531	32225	86000
1787043926	request	4552	28043168	28038813	61788	21930651648	2950656	444856	20909208	8146008	31350	531	32225	90000
1787043928	request	4554	28043168	28038813	61788	21930651648	2950656	444856	20908964	8146008	31350	531	32225	83000
1787043929	request	4555	28043168	28038814	61788	21930651648	2950656	444856	20908964	8146008	31350	531	32225	83000
1787043930	request	4556	28043168	28038814	61788	21930651648	2950656	444856	20908236	8146008	31350	531	32225	84000
1787043931	request	4557	28045828	28041814	61788	21932380160	2950761	444868	20908532	8146008	31350	531	32237	87000
1787043933	request	4559	28046168	28041814	61788	21932380160	2950761	444868	20909968	8146008	31350	531	32237	89000
1787043934	request	4560	28046168	28041814	61788	21932380160	2950761	444868	20910332	8146008	31350	531	32237	84000
1787043935	request	4561	28046168	28041813	61788	21932380160	2950761	444868	20909368	8146008	31350	531	32237	86000
1787043937	request	4563	28046168	28041813	61788	21932380160	2950761	444868	20907696	8146008	31353	531	32240	87000
1787043938	request	4564	28046168	28041813	61788	21932380160	2950761	444868	20908032	8146008	31353	531	32240	85000
1787043939	request	4565	28046168	28041815	61788	21932380160	2950761	444868	20908552	8146008	31353	531	32240	83000
1787043941	request	4567	28046168	28041814	61788	21932380160	2950761	444868	20907796	8146008	31353	531	32240	83000
1787043942	request	4568	28046168	28041814	61788	21932380160	2950761	444868	20908740	8146008	31353	531	32240	86000
1787043943	request	4569	28046168	28041814	61788	21932380160	2950761	444868	20906108	8146008	31353	531	32240	88000
1787043944	request	4570	28046168	28041814	61788	21932380160	2950761	444868	20906100	8146008	31353	531	32240	83000
1787043946	request	4572	28046168	28041814	61788	21932380160	2950761	444868	20906072	8146008	31353	531	32240	84000
1787043947	request	4573	28046168	28041814	61788	21932380160	2950761	444868	20907180	8146008	31353	531	32240	85000
1787043948	request	4574	28046168	28041813	61788	21932380160	2950761	444868	20906952	8146008	31353	531	32240	89000
1787043950	request	4576	28046168	28041814	61788	21932380160	2950761	444868	20906812	8146008	31353	531	32240	83000
1787043951	request	4577	28046168	28041814	61788	21932380160	2950761	444868	20906560	8146008	31353	531	32240	83000
1787043952	request	4578	28046168	28041813	61788	21932380160	2950761	444868	20906560	8146008	31353	531	32240	84000
1787043954	request	4580	28046168	28041814	61788	21932380160	2950761	444868	20906500	8146008	31353	531	32240	88000
1787043955	request	4581	28046168	28041814	61788	21932380160	2950761	444868	20906720	8146008	31353	531	32240	89000
1787043956	request	4582	28046168	28041815	61788	21932380160	2950761	444868	20907252	8146008	31353	531	32240	86000
1787043957	request	4583	28046168	28041815	61788	21932380160	2950761	444868	20906228	8146008	31353	531	32240	83000
1787043959	request	4585	28046168	28041814	61788	21932380160	2950761	444868	20906228	8146008	31353	531	32240	87000
1787043960	request	4586	28046168	28041815	61788	21932380160	2950761	444868	20905344	8146008	31353	531	32240	89000
1787043961	request	4587	28046168	28041814	61788	21932380160	2950761	444868	20905672	8146008	31353	531	32240	82000
1787043962	request	4588	28046168	28041815	61788	21932380160	2950761	444868	20904484	8146008	31353	531	32240	83000
1787043964	request	4590	28046168	28041814	61788	21932380160	2950761	444868	20903984	8146008	31353	531	32240	88000
1787043965	request	4591	28046168	28041814	61788	21932380160	2950761	444868	20903492	8146008	31353	531	32240	86000
1787043966	request	4592	28046168	28041814	61788	21932380160	2950761	444868	20902736	8146008	31353	531	32240	84000
1787043968	request	4594	28046168	28041814	61788	21932380160	2950761	444868	20902484	8146008	31353	531	32240	83000
1787043969	request	4595	28046168	28041815	61788	21932380160	2950761	444868	20902484	8146008	31353	531	32240	86000
1787043970	request	4596	28046168	28041814	61788	21932380160	2950761	444868	20902232	8146008	31353	531	32240	89000
1787043972	request	4598	28046168	28041814	61788	21932380160	2950761	444868	20902272	8146008	31353	531	32240	82000
1787043973	request	4599	28046168	28041814	61788	21932380160	2950761	444868	20903156	8146008	31353	531	32240	84000
1787043974	request	4600	28046168	28041815	61788	21932380160	2950761	444868	20903064	8146008	31353	531	32240	84000
1787043975	request	4601	28046168	28041813	61788	21932380160	2950761	444868	20902476	8146008	31353	531	32240	89000
1787043977	request	4603	28046168	28041813	61788	21932380160	2950761	444868	20902236	8146008	31353	531	32240	85000
1787043978	request	4604	28046168	28041813	61788	21932380160	2950761	444868	20902488	8146008	31353	531	32240	83000
1787043979	request	4605	28046168	28041813	61788	21932380160	2950761	444868	20902348	8146008	31353	531	32240	86000
1787043981	request	4607	28046168	28041813	61788	21932380160	2950761	444868	20902568	8146008	31353	531	32240	89000
1787043982	request	4608	28046168	28041814	61788	21932380160	2950761	444868	20902684	8146008	31353	531	32240	92000
1787043983	request	4609	28046168	28041815	61788	21932380160	2950761	444868	20902584	8146008	31353	531	32240	83000
1787043985	request	4611	28046168	28041813	61788	21932380160	2950761	444868	20901156	8146008	31353	531	32240	83000
1787043986	request	4612	28046168	28041813	61788	21932380160	2950761	444868	20900636	8146008	31353	531	32240	86000
1787043987	request	4613	28046168	28041814	61788	21932380160	2950761	444868	20902320	8146008	31353	531	32240	90000
1787043988	request	4614	28046168	28041815	61788	21932380160	2950761	444868	20902580	8146008	31353	531	32240	83000
1787043990	request	4616	28046168	28041815	61788	21932380160	2950761	444868	20902580	8146008	31353	531	32240	83000
1787043991	request	4617	28046168	28041814	61788	21932380160	2950761	444868	20902580	8146008	31353	531	32240	84000
1787043992	request	4618	28046168	28041815	61788	21932380160	2950761	444868	20902580	8146008	31353	531	32240	93000
1787043994	request	4620	28046168	28041814	61788	21932380160	2950761	444868	20902860	8146008	31353	531	32240	84000
1787043995	request	4621	28046168	28041814	61788	21932380160	2950761	444868	20901852	8146008	31353	531	32240	83000
1787043996	request	4622	28046168	28041816	61788	21932380160	2950761	444868	20903640	8146008	31353	531	32245	86000
1787043997	request	4623	28046168	28041814	61788	21932380160	2950761	444868	20903892	8146008	31353	531	32245	88000
1787043999	request	4625	28046168	28041814	61788	21932380160	2950761	444868	20902912	8146008	31353	531	32245	84000
1787044000	request	4626	28046168	28041815	61788	21932380160	2950761	444868	20903480	8146008	31353	531	32245	83000
1787044001	request	4627	28046168	28041816	61788	21932380160	2950761	444868	20903192	8146008	31353	531	32245	84000
1787044003	request	4629	28046168	28041814	61788	21932380160	2950761	444868	20903256	8146008	31353	531	32245	88000
1787044004	request	4630	28046168	28041815	61788	21932380160	2950761	444868	20903424	8146008	31353	531	32245	83000
1787044005	request	4631	28046168	28041816	61788	21932380160	2950761	444868	20905312	8146008	31353	531	32245	83000
1787044006	request	4632	28046168	28041815	61788	21932380160	2950761	444868	20904188	8146008	31353	531	32245	84000
1787044008	request	4634	28046168	28041815	61788	21932380160	2950761	444868	20903600	8146008	31353	531	32245	84000
1787044009	request	4635	28046168	28041814	61788	21932380160	2950761	444868	20904180	8146008	31353	531	32245	89000
1787044010	request	4636	28046168	28041815	61788	21932380160	2950761	444868	20903940	8146008	31353	531	32245	83000
1787044012	request	4638	28046168	28041814	61788	21932380160	2950761	444868	20903940	8146008	31353	531	32245	82000
1787044013	request	4639	28046168	28041814	61788	21932380160	2950761	444868	20903688	8146008	31353	531	32245	85000
1787044014	request	4640	28046396	28042043	61788	21949046784	2950786	444870	20900412	8146008	31353	531	32247	85000
1787044016	request	4642	28046396	28042042	61788	21949046784	2950786	444870	20900704	8146008	31353	531	32247	88000
1787044017	request	4643	28046396	28042042	61788	21949046784	2950786	444870	20900956	8146008	31353	531	32247	83000
1787044018	request	4644	28046396	28042042	61788	21949046784	2950786	444870	20900956	8146008	31353	531	32247	86000
1787044019	request	4645	28046396	28042044	61788	21949046784	2950786	444870	20900124	8146008	31353	531	32247	86000
1787044021	request	4647	28046396	28042042	61788	21949046784	2950786	444870	20900124	8146008	31353	531	32247	83000
1787044022	request	4648	28046396	28042044	61788	21949046784	2950786	444870	20900124	8146008	31353	531	32247	83000
1787044023	request	4649	28046396	28042042	61788	21949046784	2950786	444870	20900124	8146008	31353	531	32247	83000
1787044025	request	4651	28046396	28042042	61788	21949046784	2950786	444870	20899684	8146008	31353	531	32247	88000
1787044026	request	4652	28046396	28042043	61788	21949046784	2950786	444870	20899684	8146008	31353	531	32247	83000
1787044027	request	4653	28046396	28042044	61788	21949046784	2950786	444870	20899432	8146008	31353	531	32247	83000
1787044029	request	4655	28046396	28042042	61788	21949046784	2950786	444870	20900076	8146008	31353	531	32247	83000
1787044030	request	4656	28046396	28042042	61788	21949046784	2950786	444870	20900076	8146008	31353	531	32247	85000
1787044031	request	4657	28046396	28042043	61788	21949046784	2950786	444870	20899584	8146008	31353	531	32247	88000
1787044032	request	4658	28046396	28042042	61788	21949046784	2950786	444870	20899836	8146008	31353	531	32247	83000
1787044034	request	4660	28046396	28042042	61788	21949046784	2950786	444870	20899836	8146008	31353	531	32247	83000
1787044035	request	4661	28046396	28042042	61788	21949046784	2950786	444870	20900952	8146008	31353	531	32247	82000
1787044036	request	4662	28046396	28042042	61788	21949046784	2950786	444870	20900800	8146008	31353	531	32247	84000
1787044038	request	4664	28046396	28042042	61788	21949046784	2950786	444870	20900556	8146008	31353	531	32247	88000
1787044039	request	4665	28046396	28042043	61788	21949046784	2950786	444870	20899928	8146008	31353	531	32247	83000
1787044040	request	4666	28046396	28042042	61788	21949046784	2950786	444870	20899468	8146008	31353	531	32247	84000
1787044042	request	4668	28046396	28042042	61788	21949046784	2950786	444870	20899244	8146008	31353	531	32247	84000
1787044043	request	4669	28046396	28042042	61788	21949046784	2950786	444870	20899244	8146008	31353	531	32247	85000
1787044044	request	4670	28046396	28042042	61788	21949046784	2950786	444870	20898740	8146008	31353	531	32247	83000
1787044046	request	4672	28046396	28042043	61788	21949046784	2950786	444870	20898740	8146008	31353	531	32247	83000
1787044047	request	4673	28046396	28042042	61788	21949046784	2950786	444870	20898836	8146008	31353	531	32247	87000
1787044048	request	4674	28046396	28042042	61788	21949046784	2950786	444870	20899344	8146008	31353	531	32247	84000
1787044049	request	4675	28046396	28042044	61788	21949046784	2950786	444870	20899104	8146008	31353	531	32247	83000
1787044051	request	4677	28046396	28042042	61788	21949046784	2950786	444870	20898348	8146008	31353	531	32247	82000
1787044052	request	4678	28046396	28042044	61788	21949046784	2950786	444870	20898348	8146008	31353	531	32247	83000
1787044053	request	4679	28046396	28042042	61788	21949046784	2950786	444870	20897984	8146008	31353	531	32247	93000
1787044055	request	4681	28046396	28042044	61788	21949046784	2950786	444870	20897100	8146008	31353	531	32247	83000
1787044056	request	4682	28046396	28042044	61788	21949046784	2950786	444870	20896848	8146008	31353	531	32247	83000
1787044057	request	4683	28046396	28042043	61788	21949046784	2950786	444870	20896644	8146008	31353	531	32247	84000
1787044059	request	4685	28046396	28042042	61788	21949046784	2950786	444870	20897452	8146008	31353	531	32247	83000
1787044060	request	4686	28046396	28042042	61788	21949046784	2950786	444870	20897352	8146008	31353	531	32247	90000
1787044061	request	4687	28046396	28042042	61788	21949046784	2950786	444870	20897100	8146008	31353	531	32247	83000
1787044062	request	4688	28046396	28042044	61788	21949046784	2950786	444870	20897464	8146008	31353	531	32247	84000
1787044064	request	4690	28046396	28042043	61788	21949046784	2950786	444870	20897684	8146008	31353	531	32247	82000
1787044065	request	4691	28046396	28042043	61788	21949046784	2950786	444870	20897180	8146008	31353	531	32247	83000
1787044066	request	4692	28046396	28042043	61788	21949046784	2950786	444870	20896928	8146008	31353	531	32247	83000
1787044068	request	4694	28046396	28042043	61788	21949046784	2950786	444870	20896436	8146008	31353	531	32247	83000
1787044069	request	4695	28046396	28042043	61788	21949046784	2950786	444870	20896436	8146008	31353	531	32247	85000
1787044070	request	4696	28046396	28042043	61788	21949046784	2950786	444870	20896444	8146008	31353	531	32247	86000
1787044071	request	4697	28046396	28042042	61788	21949046784	2950786	444870	20896556	8146008	31353	531	32247	84000
1787044073	request	4699	28046396	28042043	61788	21949046784	2950786	444870	20896912	8146008	31353	531	32247	84000
1787044074	request	4700	28046396	28042042	61788	21949046784	2950786	444870	20896944	8146008	31353	531	32247	84000
1787044075	request	4701	28046396	28042044	61788	21949046784	2950786	444870	20896444	8146008	31353	531	32247	85000
1787044077	request	4703	28046396	28042043	61788	21949046784	2950786	444870	20896444	8146008	31353	531	32247	91000
1787044078	request	4704	28046396	28042043	61788	21949046784	2950786	444870	20896816	8146008	31353	531	32247	82000
1787044079	request	4705	28046396	28042042	61788	21949046784	2950786	444870	20896564	8146008	31353	531	32247	82000
1787044080	request	4706	28046396	28042042	61788	21949046784	2950786	444870	20896864	8146008	31353	531	32247	89000
1787044082	request	4708	28046396	28042042	61788	21949046784	2950786	444870	20896864	8146008	31353	531	32247	89000
1787044083	request	4709	28046396	28042042	61788	21949046784	2950786	444870	20896864	8146008	31353	531	32247	82000
1787044084	request	4710	28046396	28042042	61788	21949046784	2950786	444870	20896864	8146008	31353	531	32247	84000
1787044086	request	4712	28046396	28042043	61788	21949046784	2950786	444870	20896372	8146008	31353	531	32247	85000
1787044087	request	4713	28046396	28042042	61788	21949046784	2950786	444870	20895528	8146008	31353	531	32247	85000
1787044088	request	4714	28046396	28042042	61788	21949046784	2950786	444870	20895388	8146008	31353	531	32247	82000
1787044089	request	4715	28046396	28042043	61788	21949046784	2950786	444870	20895436	8146008	31353	531	32247	83000
1787044091	request	4717	28046396	28042042	61788	21949046784	2950786	444870	20895808	8146008	31353	531	32247	83000
1787044092	request	4718	28046396	28042042	61788	21949046784	2950786	444870	20895192	8146008	31353	531	32247	88000
1787044093	request	4719	28046396	28042043	61788	21949046784	2950786	444870	20894828	8146008	31353	531	32247	86000
1787044095	request	4721	28046396	28042044	61788	21949046784	2950786	444870	20894452	8146008	31353	531	32247	83000
1787044096	request	4722	28046396	28042042	61788	21949046784	2950786	444870	20894452	8146008	31353	531	32247	83000
1787044097	request	4723	28046396	28042042	61788	21949046784	2950786	444870	20894452	8146008	31353	531	32247	93000
1787044099	request	4725	28046396	28042042	61788	21949046784	2950786	444870	20896016	8146008	31353	531	32247	86000
1787044100	request	4726	28046396	28042044	61788	21949046784	2950786	444870	20896016	8146008	31353	531	32247	83000
1787044101	request	4727	28046396	28042044	61788	21949046784	2950786	444870	20895764	8146008	31353	531	32247	83000
1787044103	request	4729	28046396	28042042	61788	21949046784	2950786	444870	20895524	8146008	31353	531	32247	88000
1787044104	request	4730	28046460	28042106	61788	21957431296	2950786	444871	20898648	8146008	31353	531	32248	86000
1787044105	request	4731	28046460	28042107	61788	21957431296	2950786	444871	20898156	8146008	31353	531	32248	82000
1787044106	request	4732	28046460	28042106	61788	21957431296	2950786	444871	20898580	8146008	31353	531	32248	83000
1787044108	request	4734	28046460	28042107	61788	21957431296	2950786	444871	20898088	8146008	31353	531	32248	82000
1787044109	request	4735	28046460	28042106	61788	21957431296	2950786	444871	20897836	8146008	31353	531	32248	88000
1787044110	request	4736	28046460	28042107	61788	21957431296	2950786	444871	20897836	8146008	31353	531	32248	83000
1787044112	request	4738	28046460	28042106	61788	21957431296	2950786	444871	20897836	8146008	31353	531	32248	82000
1787044113	request	4739	28046460	28042106	61788	21957431296	2950786	444871	20897836	8146008	31353	531	32248	82000
1787044114	request	4740	28046460	28042106	61788	21957431296	2950786	444871	20897836	8146008	31353	531	32248	84000
1787044116	request	4742	28046460	28042106	61788	21957431296	2950786	444871	20898044	8146008	31353	531	32248	90000
1787044117	request	4743	28046460	28042107	61788	21957431296	2950786	444871	20897540	8146008	31353	531	32248	83000
1787044118	request	4744	28046460	28042107	61788	21957431296	2950786	444871	20897540	8146008	31353	531	32248	84000
1787044120	request	4746	28046460	28042106	61788	21957431296	2950786	444871	20897300	8146008	31353	531	32248	87000
1787044121	request	4747	28046460	28042107	61788	21957431296	2950786	444871	20896796	8146008	31353	531	32248	89000
1787044122	request	4748	28046460	28042108	61788	21957431296	2950786	444871	20896548	8146008	31353	531	32248	82000
1787044123	request	4749	28046460	28042106	61788	21957431296	2950786	444871	20896548	8146008	31353	531	32248	83000
1787044125	request	4751	28046460	28042106	61788	21957431296	2950786	444871	20896548	8146008	31353	531	32248	89000
1787044126	request	4752	28046460	28042107	61788	21957431296	2950786	444871	20896548	8146008	31353	531	32248	82000
1787044127	request	4753	28046460	28042107	61788	21957431296	2950786	444871	20896548	8146008	31353	531	32248	83000
1787044129	request	4755	28046460	28042108	61788	21957431296	2950786	444871	20896836	8146008	31353	531	32248	83000
1787044130	request	4756	28046460	28042106	61788	21957431296	2950786	444871	20897072	8146008	31353	531	32248	84000
1787044131	request	4757	28046460	28042106	61788	21957431296	2950786	444871	20897364	8146008	31353	531	32248	94000
1787044133	request	4759	28046460	28042107	61788	21957431296	2950786	444871	20898540	8146008	31353	531	32248	84000
1787044134	request	4760	28046460	28042106	61788	21957431296	2950786	444871	20898792	8146008	31353	531	32248	83000
1787044135	request	4761	28046460	28042107	61788	21957431296	2950786	444871	20898552	8146008	31353	531	32248	83000
1787044136	request	4762	28046460	28042106	61788	21957431296	2950786	444871	20898200	8146008	31353	531	32248	88000
1787044138	request	4764	28046460	28042106	61788	21957431296	2950786	444871	20897708	8146008	31353	531	32248	84000
1787044139	request	4765	28046460	28042106	61788	21957431296	2950786	444871	20897708	8146008	31353	531	32248	83000
1787044140	request	4766	28046460	28042106	61788	21957431296	2950786	444871	20897708	8146008	31353	531	32248	86000
1787044142	request	4768	28046460	28042108	61788	21957431296	2950786	444871	20898364	8146008	31353	531	32248	82000
1787044143	request	4769	28046460	28042106	61788	21957431296	2950786	444871	20898180	8146008	31353	531	32248	84000
1787044144	request	4770	28046460	28042108	61788	21957431296	2950786	444871	20898180	8146008	31353	531	32248	83000
1787044145	request	4771	28046460	28042107	61788	21957431296	2950786	444871	20897928	8146008	31353	531	32248	81000
1787044147	request	4773	28046460	28042107	61788	21957431296	2950786	444871	20897436	8146008	31353	531	32248	83000
1787044148	request	4774	28046460	28042107	61788	21957431296	2950786	444871	20897484	8146008	31353	531	32248	83000
1787044149	request	4775	28046460	28042106	61788	21957431296	2950786	444871	20896992	8146008	31353	531	32248	86000
1787044151	request	4777	28046460	28042106	61788	21957431296	2950786	444871	20897488	8146008	31353	531	32248	83000
1787044152	request	4778	28046460	28042106	61788	21957431296	2950786	444871	20897236	8146008	31353	531	32248	83000
1787044153	request	4779	28046460	28042106	61788	21957431296	2950786	444871	20897236	8146008	31353	531	32248	86000
1787044154	request	4780	28046460	28042107	61788	21957431296	2950786	444871	20898512	8146008	31353	531	32248	86000
1787044156	request	4782	28046460	28042106	61788	21957431296	2950786	444871	20899000	8146008	31353	531	32248	83000
1787044157	request	4783	28046460	28042106	61788	21957431296	2950786	444871	20898636	8146008	31353	531	32248	83000
1787044158	request	4784	28046460	28042106	61788	21957431296	2950786	444871	20898244	8146008	31353	531	32248	82000
1787044160	request	4786	28046460	28042107	61788	21957431296	2950786	444871	20898652	8146008	31353	531	32248	86000
1787044161	request	4787	28046460	28042106	61788	21957431296	2950786	444871	20898400	8146008	31353	531	32248	84000
1787044162	request	4788	28046460	28042106	61788	21957431296	2950786	444871	20898256	8146008	31353	531	32248	84000
1787044164	request	4790	28046460	28042106	61788	21957431296	2950786	444871	20898084	8146008	31353	531	32248	83000
1787044165	request	4791	28046460	28042107	61788	21957431296	2950786	444871	20898084	8146008	31353	531	32248	86000
1787044166	request	4792	28046460	28042106	61788	21957431296	2950786	444871	20898084	8146008	31353	531	32248	89000
1787044167	request	4793	28046460	28042106	61788	21957431296	2950786	444871	20898084	8146008	31353	531	32248	84000
1787044169	request	4795	28046460	28042108	61788	21957431296	2950786	444871	20897632	8146008	31353	531	32248	83000
1787044170	request	4796	28046460	28042106	61788	21957431296	2950786	444871	20897632	8146008	31353	531	32248	89000
1787044171	request	4797	28046460	28042106	61788	21957431296	2950786	444871	20897380	8146008	31353	531	32248	93000
1787044173	request	4799	28046460	28042106	61788	21957431296	2950786	444871	20897128	8146008	31353	531	32248	83000
1787044174	request	4800	28046460	28042107	61788	21957431296	2950786	444871	20896888	8146008	31353	531	32248	82000
1787044175	request	4801	28046460	28042106	61788	21957431296	2950786	444871	20896776	8146008	31353	531	32248	79000
1787044177	request	4803	28046460	28042106	61788	21957431296	2950786	444871	20897184	8146008	31353	531	32248	83000
1787044178	request	4804	28046460	28042106	61788	21957431296	2950786	444871	20896932	8146008	31353	531	32248	83000
1787044179	request	4805	28046460	28042108	61788	21957431296	2950786	444871	20896932	8146008	31353	531	32248	83000
1787044180	request	4806	28046460	28042106	61788	21957431296	2950786	444871	20896932	8146008	31353	531	32248	84000
1787044182	request	4808	28046460	28042106	61788	21957431296	2950786	444871	20896932	8146008	31353	531	32248	86000
1787044183	request	4809	28046460	28042107	61788	21957431296	2950786	444871	20896932	8146008	31353	531	32248	89000
1787044184	request	4810	28046460	28042106	61788	21957431296	2950786	444871	20896328	8146008	31353	531	32248	83000
1787044186	request	4812	28046460	28042106	61788	21957431296	2950786	444871	20896820	8146008	31353	531	32248	84000
1787044187	request	4813	28046460	28042106	61788	21957431296	2950786	444871	20897040	8146008	31353	531	32248	85000
1787044188	request	4814	28046460	28042108	61788	21957431296	2950786	444871	20897040	8146008	31353	531	32248	85000
1787044190	request	4816	28046460	28042106	61788	21957431296	2950786	444871	20897040	8146012	31354	531	32249	83000
1787044191	request	4817	28046460	28042107	61788	21957431296	2950786	444871	20896788	8146012	31354	531	32249	83000
1787044192	request	4818	28046460	28042108	61788	21957431296	2950786	444871	20897040	8146012	31354	531	32249	83000
1787044194	request	4820	28046480	28042127	61788	21965819904	2950786	444872	20897128	8146012	31354	531	32250	86000
1787044195	request	4821	28046480	28042127	61788	21965819904	2950786	444872	20896036	8146012	31354	531	32250	83000
1787044196	request	4822	28046480	28042126	61788	21965819904	2950786	444872	20895796	8146012	31354	531	32250	83000
1787044197	request	4823	28046480	28042127	61788	21965819904	2950786	444872	20895796	8146012	31354	531	32250	84000
1787044199	request	4825	28046480	28042126	61788	21965819904	2950786	444872	20895632	8146012	31354	531	32250	87000
1787044200	request	4826	28046480	28042126	61788	21965819904	2950786	444872	20894888	8146012	31354	531	32250	88000
1787044201	request	4827	28046480	28042127	61788	21965819904	2950786	444872	20894736	8146012	31354	531	32250	84000
1787044203	request	4829	28046480	28042126	61788	21965819904	2950786	444872	20894496	8146012	31354	531	32250	84000
1787044204	request	4830	28046480	28042126	61788	21965819904	2950786	444872	20894004	8146012	31354	531	32250	88000
1787044205	request	4831	28046480	28042126	61788	21965819904	2950786	444872	20893764	8146012	31354	531	32250	88000
1787044206	request	4832	28046480	28042128	61788	21965819904	2950786	444872	20893764	8146012	31354	531	32250	84000
1787044208	request	4834	28046480	28042127	61788	21965819904	2950786	444872	20893764	8146012	31354	531	32250	84000
1787044209	request	4835	28046480	28042126	61788	21965819904	2950786	444872	20893764	8146012	31354	531	32250	85000
1787044210	request	4836	28046480	28042127	61788	21965819904	2950786	444872	20893764	8146012	31354	531	32250	88000
1787044212	request	4838	28046480	28042127	61788	21965819904	2950786	444872	20894252	8146012	31354	531	32250	83000
1787044213	request	4839	28046480	28042126	61788	21965819904	2950786	444872	20894252	8146012	31354	531	32250	83000
1787044214	request	4840	28046480	28042126	61788	21965819904	2950786	444872	20894252	8146012	31354	531	32250	83000
1787044216	request	4842	28046480	28042126	61788	21965819904	2950786	444872	20894536	8146012	31354	531	32250	89000
1787044217	request	4843	28046480	28042127	61788	21965819904	2950786	444872	20894296	8146012	31354	531	32250	86000
1787044218	request	4844	28046480	28042126	61788	21965819904	2950786	444872	20894296	8146012	31354	531	32250	84000
1787044219	request	4845	28046480	28042126	61788	21965819904	2950786	444872	20894296	8146012	31354	531	32250	83000
1787044221	request	4847	28046480	28042127	61788	21965819904	2950786	444872	20894568	8146012	31354	531	32250	90000
1787044222	request	4848	28046480	28042127	61788	21965819904	2950786	444872	20894564	8146012	31354	531	32250	82000
1787044223	request	4849	28046480	28042126	61788	21965819904	2950786	444872	20894568	8146012	31354	531	32250	83000
1787044225	request	4851	28046480	28042126	61788	21965819904	2950786	444872	20894804	8146012	31354	531	32250	84000
1787044226	request	4852	28046480	28042126	61788	21965819904	2950786	444872	20894172	8146012	31354	531	32250	91000
1787044227	request	4853	28046480	28042126	61788	21965819904	2950786	444872	20894396	8146012	31354	531	32250	84000
1787044228	request	4854	28046480	28042126	61788	21965819904	2950786	444872	20894396	8146012	31354	531	32250	83000
1787044230	request	4856	28046480	28042126	61788	21965819904	2950786	444872	20894396	8146012	31354	531	32250	84000
1787044231	request	4857	28046480	28042126	61788	21965819904	2950786	444872	20894396	8146012	31354	531	32250	83000
1787044232	request	4858	28046480	28042126	61788	21965819904	2950786	444872	20894396	8146012	31354	531	32250	86000
1787044234	request	4860	28046480	28042126	61788	21965819904	2950786	444872	20894084	8146012	31354	531	32250	81000
1787044235	request	4861	28046480	28042126	61788	21965819904	2950786	444872	20894084	8146012	31354	531	32250	83000
1787044236	request	4862	28046480	28042126	61788	21965819904	2950786	444872	20894448	8146012	31354	531	32250	85000
1787044238	request	4864	28046480	28042126	61788	21965819904	2950786	444872	20896264	8146012	31354	531	32250	83000
1787044239	request	4865	28046480	28042128	61788	21965819904	2950786	444872	20896296	8146012	31354	531	32250	90000
1787044240	request	4866	28046480	28042127	61788	21965819904	2950786	444872	20896452	8146012	31354	531	32250	84000
1787044242	request	4868	28046480	28042126	61788	21965819904	2950786	444872	20896348	8146012	31354	531	32250	84000
1787044243	request	4869	28046480	28042127	61788	21965819904	2950786	444872	20896348	8146012	31354	531	32250	89000
1787044244	request	4870	28046480	28042126	61788	21965819904	2950786	444872	20896836	8146012	31354	531	32250	86000
1787044245	request	4871	28046480	28042127	61788	21965819904	2950786	444872	20896676	8146012	31354	531	32250	84000
1787044247	request	4873	28046480	28042126	61788	21965819904	2950786	444872	20897664	8146012	31354	531	32250	82000
1787044248	request	4874	28046480	28042127	61788	21965819904	2950786	444872	20897048	8146012	31354	531	32250	83000
1787044249	request	4875	28046480	28042127	61788	21965819904	2950786	444872	20896920	8146012	31354	531	32250	84000
1787044251	request	4877	28046480	28042128	61788	21965819904	2950786	444872	20896304	8146012	31354	531	32250	86000
1787044252	request	4878	28046480	28042128	61788	21965819904	2950786	444872	20896164	8146012	31354	531	32250	84000
1787044253	request	4879	28046480	28042128	61788	21965819904	2950786	444872	20896164	8146012	31354	531	32250	84000
1787044255	request	4881	28046480	28042127	61788	21965819904	2950786	444872	20896020	8146012	31354	531	32250	88000
1787044256	request	4882	28046480	28042127	61788	21965819904	2950786	444872	20896064	8146012	31354	531	32250	89000
1787044257	request	4883	28046480	28042127	61788	21965819904	2950786	444872	20896064	8146012	31354	531	32250	83000
1787044258	request	4884	28046480	28042127	61788	21965819904	2950786	444872	20896064	8146012	31354	531	32250	86000
1787044260	request	4886	28046480	28042128	61788	21965819904	2950786	444872	20895068	8146012	31354	531	32250	84000
1787044261	request	4887	28046480	28042126	61788	21965819904	2950786	444872	20893808	8146012	31354	531	32250	90000
1787044262	request	4888	28046480	28042127	61788	21965819904	2950786	444872	20895268	8146012	31354	531	32250	84000
1787044264	request	4890	28046480	28042127	61788	21965819904	2950786	444872	20894996	8146012	31354	531	32250	84000
1787044265	request	4891	28046480	28042127	61788	21965819904	2950786	444872	20895800	8146012	31354	531	32250	83000
1787044266	request	4892	28046480	28042127	61788	21965819904	2950786	444872	20895584	8146012	31354	531	32250	83000
1787044268	request	4894	28046480	28042126	61788	21965819904	2950786	444872	20895332	8146012	31354	531	32250	87000
1787044269	request	4895	28046480	28042126	61788	21965819904	2950786	444872	20895112	8146012	31354	531	32250	83000
1787044270	request	4896	28046480	28042128	61788	21965819904	2950786	444872	20895112	8146012	31354	531	32250	84000
1787044271	request	4897	28046480	28042128	61788	21965819904	2950786	444872	20895112	8146012	31354	531	32250	88000
1787044273	request	4899	28046480	28042126	61788	21965819904	2950786	444872	20894872	8146012	31354	531	32250	93000
1787044274	request	4900	28046480	28042127	61788	21965819904	2950786	444872	20894632	8146012	31354	531	32250	83000
1787044275	request	4901	28046480	28042126	61788	21965819904	2950786	444872	20894884	8146012	31354	531	32250	83000
1787044277	request	4903	28046480	28042126	61788	21965819904	2950786	444872	20894268	8146012	31354	531	32250	88000
1787044278	request	4904	28046480	28042128	61788	21965819904	2950786	444872	20894504	8146012	31354	531	32250	89000
1787044279	request	4905	28046480	28042128	61788	21965819904	2950786	444872	20894360	8146012	31354	531	32250	83000
1787044281	request	4907	28046480	28042127	61788	21965819904	2950786	444872	20894108	8146012	31354	531	32250	86000
1787044282	request	4908	28046480	28042127	61788	21965819904	2950786	444872	20894564	8146012	31354	531	32250	83000
1787044283	request	4909	28046544	28042190	61788	21965819904	2950787	444872	20894564	8146012	31354	531	32250	85000
1787044285	request	4911	28046544	28042192	61788	21965819904	2950787	444872	20894312	8146012	31354	531	32250	90000
1787044286	request	4912	28046544	28042192	61788	21965819904	2950787	444872	20894376	8146012	31354	531	32250	83000
1787044287	request	4913	28046544	28042190	61788	21965819904	2950787	444872	20894124	8146012	31354	531	32250	85000
1787044288	request	4914	28046544	28042190	61788	21965819904	2950787	444872	20894972	8146012	31354	531	32250	85000
1787044290	request	4916	28046544	28042191	61788	21965819904	2950787	444872	20894904	8146012	31354	531	32250	95000
1787044291	request	4917	28046544	28042190	61788	21965819904	2950787	444872	20894864	8146012	31354	531	32250	84000
1787044292	request	4918	28046544	28042191	61788	21965819904	2950787	444872	20895116	8146012	31354	531	32250	83000
1787044294	request	4920	28046544	28042189	61788	21965819904	2950787	444872	20895116	8146012	31354	531	32250	84000
1787044295	request	4921	28046544	28042190	61788	21965819904	2950787	444872	20893868	8146012	31354	531	32250	87000
1787044296	request	4922	28046544	28042189	61788	21965819904	2950787	444872	20893868	8146012	31354	531	32250	83000
1787044298	request	4924	28046544	28042191	61788	21965819904	2950787	444872	20893064	8146012	31354	531	32250	83000
1787044299	request	4925	28046544	28042190	61788	21965819904	2950787	444872	20893568	8146012	31354	531	32250	84000
1787044300	request	4926	28046544	28042189	61788	21965819904	2950787	444872	20893568	8146012	31354	531	32250	86000
1787044301	request	4927	28046544	28042190	61788	21965819904	2950787	444872	20893568	8146012	31354	531	32250	86000
1787044303	request	4929	28046544	28042190	61788	21965819904	2950787	444872	20894960	8146012	31354	531	32250	84000
1787044304	request	4930	28046544	28042191	61788	21965819904	2950787	444872	20894708	8146012	31354	531	32250	84000
1787044305	request	4931	28046544	28042191	61788	21965819904	2950787	444872	20894708	8146012	31354	531	32250	88000
1787044307	request	4933	28046544	28042190	61788	21965819904	2950787	444872	20894708	8146012	31354	531	32250	90000
1787044308	request	4934	28046544	28042190	61788	21965819904	2950787	444872	20896032	8146012	31354	531	32250	84000
1787044309	request	4935	28046544	28042190	61788	21965819904	2950787	444872	20896112	8146012	31354	531	32250	84000
1787044311	request	4937	28046544	28042190	61788	21965819904	2950787	444872	20896528	8146012	31354	531	32250	82000
1787044312	request	4938	28046544	28042190	61788	21965819904	2950787	444872	20895772	8146012	31354	531	32250	90000
1787044313	request	4939	28046544	28042191	61788	21965819904	2950787	444872	20895520	8146012	31354	531	32250	84000
1787044314	request	4940	28046544	28042190	61788	21965819904	2950787	444872	20895520	8146012	31354	531	32250	83000
1787044316	request	4942	28046544	28042190	61788	21965819904	2950787	444872	20895552	8146012	31354	531	32250	84000
1787044317	request	4943	28046544	28042190	61788	21965819904	2950787	444872	20895552	8146012	31354	531	32250	89000
1787044318	request	4944	28046544	28042190	61788	21965819904	2950787	444872	20895648	8146012	31354	531	32250	86000
1787044320	request	4946	28046544	28042189	61788	21965819904	2950787	444872	20895648	8146012	31354	531	32250	85000
1787044321	request	4947	28046544	28042191	61788	21965819904	2950787	444872	20895976	8146012	31354	531	32250	84000
1787044322	request	4948	28046544	28042190	61788	21965819904	2950787	444872	20895976	8146012	31354	531	32250	87000
1787044324	request	4950	28046544	28042190	61788	21965819904	2950787	444872	20897036	8146012	31354	531	32250	89000
1787044325	request	4951	28046544	28042191	61788	21965819904	2950787	444872	20897108	8146012	31354	531	32250	86000
1787044326	request	4952	28046544	28042190	61788	21965819904	2950787	444872	20896964	8146012	31354	531	32250	84000
1787044327	request	4953	28046544	28042190	61788	21965819904	2950787	444872	20896236	8146012	31354	531	32250	84000
1787044329	request	4955	28046544	28042189	61788	21965819904	2950787	444872	20896236	8146012	31354	531	32250	90000
1787044330	request	4956	28046544	28042191	61788	21965819904	2950787	444872	20895396	8146012	31354	531	32250	87000
1787044331	request	4957	28046544	28042190	61788	21965819904	2950787	444872	20895420	8146012	31354	531	32250	83000
1787044333	request	4959	28046544	28042190	61788	21965819904	2950787	444872	20895528	8146012	31354	531	32250	83000
1787044334	request	4960	28046544	28042190	61788	21965819904	2950787	444872	20894772	8146012	31354	531	32250	87000
1787044335	request	4961	28046544	28042190	61788	21965819904	2950787	444872	20894772	8146012	31354	531	32250	84000
1787044336	request	4962	28046544	28042190	61788	21965819904	2950787	444872	20894772	8146012	31354	531	32250	84000
1787044338	request	4964	28046544	28042189	61788	21965819904	2950787	444872	20894772	8146012	31354	531	32250	84000
1787044339	request	4965	28046544	28042191	61788	21965819904	2950787	444872	20894532	8146012	31354	531	32250	85000
1787044340	request	4966	28046544	28042190	61788	21965819904	2950787	444872	20894280	8146012	31354	531	32250	87000
1787044342	request	4968	28046544	28042190	61788	21965819904	2950787	444872	20894280	8146012	31354	531	32250	83000
1787044343	request	4969	28046544	28042189	61788	21965819904	2950787	444872	20894280	8146012	31354	531	32250	84000
1787044344	request	4970	28046544	28042191	61788	21965819904	2950787	444872	20898096	8146012	31354	531	32250	84000
1787044345	request	4971	28046544	28042190	61788	21965819904	2950787	444872	20898004	8146012	31354	531	32250	88000
1787044347	request	4973	28046544	28042190	61788	21965819904	2950787	444872	20898256	8146012	31354	531	32250	83000
1787044348	request	4974	28046544	28042190	61788	21965819904	2950787	444872	20898560	8146012	31354	531	32250	84000
1787044349	request	4975	28046544	28042190	61788	21965819904	2950787	444872	20898656	8146012	31354	531	32250	85000
1787044351	request	4977	28046544	28042189	61788	21965819904	2950787	444872	20899328	8146012	31354	531	32250	89000
1787044352	request	4978	28046544	28042190	61788	21965819904	2950787	444872	20899640	8146012	31354	531	32250	86000
1787044353	request	4979	28046544	28042191	61788	21965819904	2950787	444872	20898884	8146012	31354	531	32250	84000
1787044355	request	4981	28046544	28042189	61788	21965819904	2950787	444872	20899040	8146012	31354	531	32250	84000
1787044356	request	4982	28046544	28042190	61788	21965819904	2950787	444872	20898680	8146012	31354	531	32250	86000
1787044357	request	4983	28046544	28042191	61788	21965819904	2950787	444872	20898048	8146012	31354	531	32250	88000
1787044358	request	4984	28046544	28042190	61788	21965819904	2950787	444872	20897796	8146012	31354	531	32250	88000
1787044360	request	4986	28046544	28042190	61788	21965819904	2950787	444872	20897556	8146012	31354	531	32250	84000
1787044361	request	4987	28046544	28042190	61788	21965819904	2950787	444872	20897556	8146012	31354	531	32250	86000
1787044362	request	4988	28046544	28042191	61788	21965819904	2950787	444872	20897884	8146012	31354	531	32250	88000
1787044364	request	4990	28046544	28042190	61788	21965819904	2950787	444872	20897632	8146012	31354	531	32250	88000
1787044365	request	4991	28046544	28042190	61788	21965819904	2950787	444872	20898848	8146012	31354	531	32250	83000
1787044366	request	4992	28046544	28042190	61788	21965819904	2950787	444872	20898624	8146012	31354	531	32250	83000
1787044367	request	4993	28046544	28042191	61788	21965819904	2950787	444872	20897376	8146012	31354	531	32250	86000
1787044369	request	4995	28046544	28042190	61788	21965819904	2950787	444872	20897148	8146012	31354	531	32250	89000
1787044370	request	4996	28046544	28042191	61788	21965819904	2950787	444872	20897148	8146012	31354	531	32250	83000
1787044371	request	4997	28046544	28042190	61788	21965819904	2950787	444872	20897148	8146012	31354	531	32250	84000
1787044373	request	4999	28046544	28042189	61788	21965819904	2950787	444872	20897148	8146012	31354	531	32250	84000
1787044374	request	5000	28046708	28042355	61788	21974175744	2950812	444873	20897260	8146012	31354	531	32251	87000
1787044375	request	5001	28046708	28042354	61788	21974175744	2950812	444873	20897244	8146012	31354	531	32251	84000
1787044377	request	5003	28046708	28042354	61788	21974175744	2950812	444873	20897244	8146012	31354	531	32251	83000
1787044378	request	5004	28046708	28042354	61788	21974175744	2950812	444873	20896740	8146012	31354	531	32251	87000
1787044379	request	5005	28046708	28042353	61788	21974175744	2950812	444873	20897024	8146012	31354	531	32251	84000
1787044380	request	5006	28046708	28042354	61788	21974175744	2950812	444873	20897072	8146012	31354	531	32251	88000
1787044382	request	5008	28046708	28042355	61788	21974175744	2950812	444873	20896840	8146012	31354	531	32251	84000
1787044383	request	5009	28046708	28042354	61788	21974175744	2950812	444873	20896840	8146012	31354	531	32251	84000
1787044384	request	5010	28046708	28042353	61788	21974175744	2950812	444873	20896632	8146012	31354	531	32251	83000
1787044386	request	5012	28046708	28042353	61788	21974175744	2950812	444873	20896228	8146012	31354	531	32251	84000
1787044387	request	5013	28046708	28042353	61788	21974175744	2950812	444873	20895724	8146012	31354	531	32251	89000
1787044388	request	5014	28046708	28042354	61788	21974175744	2950812	444873	20895120	8146012	31354	531	32251	82000
1787044390	request	5016	28046708	28042354	61788	21974175744	2950812	444873	20897076	8146012	31354	531	32251	84000
1787044391	request	5017	28046708	28042353	61788	21974175744	2950812	444873	20896964	8146012	31354	531	32251	88000
1787044392	request	5018	28046708	28042355	61788	21974175744	2950812	444873	20895620	8146012	31354	531	32251	88000
1787044393	request	5019	28046708	28042353	61788	21974175744	2950812	444873	20895728	8146012	31354	531	32251	83000
1787044395	request	5021	28046708	28042354	61788	21974175744	2950812	444873	20895548	8146012	31354	531	32251	83000
1787044396	request	5022	28046708	28042353	61788	21974175744	2950812	444873	20894820	8146012	31354	531	32251	84000
1787044397	request	5023	28046708	28042353	61788	21974175744	2950812	444873	20894792	8146012	31354	531	32251	90000
1787044399	request	5025	28046708	28042355	61788	21974175744	2950812	444873	20895276	8146012	31354	531	32251	92000
1787044400	request	5026	28046708	28042355	61788	21974175744	2950812	444873	20895528	8146012	31354	531	32251	86000
1787044401	request	5027	28046708	28042354	61788	21974175744	2950812	444873	20895844	8146012	31354	531	32251	85000
1787044403	request	5029	28046708	28042353	61788	21974175744	2950812	444873	20895596	8146012	31354	531	32251	89000
1787044404	request	5030	28046708	28042353	61788	21974175744	2950812	444873	20895596	8146012	31354	531	32251	90000
1787044405	request	5031	28046708	28042355	61788	21974175744	2950812	444873	20894800	8146012	31354	531	32251	84000
1787044406	request	5032	28046708	28042354	61788	21974175744	2950812	444873	20894308	8146012	31354	531	32251	84000
1787044408	request	5034	28046708	28042354	61788	21974175744	2950812	444873	20894560	8146012	31354	531	32251	86000
1787044409	request	5035	28046708	28042354	61788	21974175744	2950812	444873	20894384	8146012	31354	531	32251	93000
1787044410	request	5036	28046708	28042355	61788	21974175744	2950812	444873	20894168	8146012	31354	531	32251	84000
1787044412	request	5038	28046708	28042353	61788	21974175744	2950812	444873	20894364	8146012	31354	531	32251	84000
1787044413	request	5039	28046708	28042355	61788	21974175744	2950812	444873	20894728	8146012	31354	531	32251	86000
1787044414	request	5040	28046708	28042354	61788	21974175744	2950812	444873	20896288	8146012	31354	531	32251	86000
1787044416	request	5042	28046708	28042355	61788	21974175744	2950812	444873	20895544	8146012	31354	531	32251	85000
1787044417	request	5043	28046708	28042354	61788	21974175744	2950812	444873	20895544	8146012	31354	531	32251	84000
1787044418	request	5044	28046708	28042354	61788	21974175744	2950812	444873	20895544	8146012	31354	531	32251	87000
1787044419	request	5045	28046708	28042354	61788	21974175744	2950812	444873	20895392	8146012	31354	531	32251	77000
1787044421	request	5047	28046708	28042353	61788	21974175744	2950812	444873	20895784	8146012	31354	531	32251	89000
1787044422	request	5048	28046708	28042355	61788	21974175744	2950812	444873	20895532	8146012	31354	531	32251	85000
1787044423	request	5049	28046708	28042354	61788	21974175744	2950812	444873	20896140	8146012	31354	531	32251	84000
1787044424	request	5050	28046708	28042354	61788	21974175744	2950812	444873	20896344	8146012	31354	531	32251	84000
1787044426	request	5052	28046708	28042354	61788	21974175744	2950812	444873	20895728	8146012	31354	531	32251	84000
1787044427	request	5053	28046708	28042354	61788	21974175744	2950812	444873	20895728	8146012	31354	531	32251	88000
1787044428	request	5054	28046708	28042354	61788	21974175744	2950812	444873	20895488	8146012	31354	531	32251	84000
1787044430	request	5056	28046708	28042355	61788	21974175744	2950812	444873	20895488	8146012	31354	531	32251	83000
1787044431	request	5057	28046708	28042355	61788	21974175744	2950812	444873	20895488	8146012	31354	531	32251	81000
1787044432	request	5058	28046708	28042354	61788	21974175744	2950812	444873	20895500	8146012	31354	531	32251	85000
1787044434	request	5060	28046708	28042354	61788	21974175744	2950812	444873	20895248	8146012	31354	531	32251	83000
1787044435	request	5061	28046708	28042353	61788	21974175744	2950812	444873	20894520	8146012	31354	531	32251	83000
1787044436	request	5062	28046708	28042355	61788	21974175744	2950812	444873	20894720	8146012	31354	531	32251	85000
1787044437	request	5063	28046708	28042355	61788	21974175744	2950812	444873	20894816	8146012	31354	531	32251	86000
1787044439	request	5065	28046708	28042353	61788	21974175744	2950812	444873	20894816	8146012	31354	531	32251	83000
1787044440	request	5066	28046708	28042355	61788	21974175744	2950812	444873	20895068	8146012	31354	531	32251	83000
1787044441	request	5067	28046708	28042354	61788	21974175744	2950812	444873	20895068	8146012	31354	531	32251	86000
1787044443	request	5069	28046708	28042353	61788	21974175744	2950812	444873	20895572	8146012	31354	531	32251	78000
1787044444	request	5070	28046708	28042354	61788	21974175744	2950812	444873	20895164	8146012	31354	531	32251	89000
1787044445	request	5071	28046708	28042354	61788	21974175744	2950812	444873	20896284	8146012	31354	531	32251	85000
1787044446	request	5072	28046708	28042354	61788	21974175744	2950812	444873	20896512	8146012	31354	531	32251	83000
1787044448	request	5074	28046708	28042354	61788	21974175744	2950812	444873	20896564	8146012	31354	531	32251	83000
1787044449	request	5075	28046708	28042355	61788	21974175744	2950812	444873	20896316	8146012	31354	531	32251	86000
1787044450	request	5076	28046708	28042354	61788	21974175744	2950812	444873	20896460	8146012	31354	531	32251	90000
1787044452	request	5078	28046708	28042354	61788	21974175744	2950812	444873	20896788	8146012	31354	531	32251	83000
1787044453	request	5079	28046708	28042354	61788	21974175744	2950812	444873	20896060	8146012	31354	531	32251	84000
1787044454	request	5080	28046708	28042354	61788	21974175744	2950812	444873	20896044	8146012	31354	531	32251	81000
1787044455	request	5081	28046708	28042354	61788	21974175744	2950812	444873	20895064	8146012	31354	531	32251	86000
1787044457	request	5083	28046708	28042353	61788	21974175744	2950812	444873	20895356	8146012	31354	531	32251	84000
1787044458	request	5084	28046708	28042353	61788	21974175744	2950812	444873	20894548	8146012	31354	531	32251	84000
1787044459	request	5085	28046708	28042355	61788	21974175744	2950812	444873	20894768	8146012	31354	531	32251	85000
1787044461	request	5087	28046708	28042354	61788	21974175744	2950812	444873	20894384	8146012	31354	531	32251	85000
1787044462	request	5088	28046708	28042355	61788	21974175744	2950812	444873	20894152	8146012	31354	531	32251	86000
1787044463	request	5089	28046708	28042353	61788	21974175744	2950812	444873	20893900	8146012	31354	531	32251	83000
1787044465	request	5091	28046708	28042354	61788	21974175744	2950812	444873	20894220	8146012	31354	531	32251	82000
1787044466	request	5092	28046708	28042354	61788	21974175744	2950812	444873	20894220	8146012	31354	531	32251	84000
1787044467	request	5093	28046772	28042418	61788	21974175744	2950813	444873	20894220	8146012	31354	531	32251	88000
1787044468	request	5094	28046772	28042418	61788	21974175744	2950813	444873	20895996	8146012	31354	531	32251	83000
1787044470	request	5096	28046772	28042418	61788	21974175744	2950813	444873	20895616	8146012	31354	531	32251	83000
1787044471	request	5097	28046772	28042417	61788	21974175744	2950813	444873	20895376	8146012	31354	531	32251	85000
1787044472	request	5098	28046772	28042419	61788	21974175744	2950813	444873	20895156	8146012	31354	531	32251	90000
1787044474	request	5100	28046772	28042418	61788	21974175744	2950813	444873	20895476	8146012	31354	531	32251	89000
1787044475	request	5101	28046772	28042418	61788	21974175744	2950813	444873	20895224	8146012	31354	531	32251	83000
1787044476	request	5102	28046772	28042417	61788	21974175744	2950813	444873	20895252	8146012	31354	531	32251	84000
1787044478	request	5104	28046772	28042419	61788	21974175744	2950813	444873	20895252	8146012	31354	531	32251	88000
1787044479	request	5105	28046772	28042418	61788	21974175744	2950813	444873	20895720	8146012	31354	531	32251	85000
1787044480	request	5106	28046772	28042419	61788	21974175744	2950813	444873	20895720	8146012	31354	531	32251	83000
1787044481	request	5107	28046772	28042417	61788	21974175744	2950813	444873	20896296	8146012	31354	531	32251	84000
1787044483	request	5109	28046772	28042417	61788	21974175744	2950813	444873	20896304	8146012	31354	531	32251	85000
1787044484	request	5110	28046772	28042418	61788	21974175744	2950813	444873	20896588	8146012	31354	531	32251	86000
1787044485	request	5111	28046772	28042417	61788	21974175744	2950813	444873	20896224	8146012	31354	531	32251	87000
1787044486	request	5112	28046772	28042418	61788	21974175744	2950813	444873	20896220	8146012	31354	531	32251	83000
1787044488	request	5114	28046772	28042419	61788	21974175744	2950813	444873	20895448	8146012	31354	531	32251	83000
1787044489	request	5115	28046772	28042417	61788	21974175744	2950813	444873	20895448	8146012	31354	531	32251	89000
1787044490	request	5116	28046772	28042417	61788	21974175744	2950813	444873	20895356	8146012	31354	531	32251	93000
1787044492	request	5118	28046772	28042419	61788	21974175744	2950813	444873	20894104	8146012	31354	531	32251	83000
1787044493	request	5119	28046772	28042418	61788	21974175744	2950813	444873	20894104	8146012	31354	531	32251	83000
1787044494	request	5120	28046772	28042418	61788	21974175744	2950813	444873	20894108	8146012	31354	531	32251	87000
1787044496	request	5122	28046772	28042417	61788	21974175744	2950813	444873	20895200	8146012	31354	531	32251	84000
1787044497	request	5123	28046772	28042418	61788	21974175744	2950813	444873	20895240	8146012	31354	531	32251	83000
1787044498	request	5124	28046772	28042419	61788	21974175744	2950813	444873	20895808	8146012	31354	531	32251	83000
1787044499	request	5125	28046772	28042419	61788	21974175744	2950813	444873	20895808	8146012	31354	531	32251	83000
1787044501	request	5127	28046772	28042418	61788	21974175744	2950813	444873	20896156	8146012	31354	531	32251	87000
1787044502	request	5128	28046772	28042418	61788	21974175744	2950813	444873	20895904	8146012	31354	531	32251	88000
1787044503	request	5129	28046772	28042418	61788	21974175744	2950813	444873	20895904	8146012	31354	531	32251	84000
1787044505	request	5131	28046772	28042419	61788	21974175744	2950813	444873	20895748	8146012	31354	531	32251	83000
1787044506	request	5132	28046772	28042419	61788	21974175744	2950813	444873	20895004	8146012	31354	531	32251	82000
1787044507	request	5133	28046772	28042418	61788	21974175744	2950813	444873	20894960	8146012	31354	531	32251	86000
1787044508	request	5134	28046772	28042418	61788	21974175744	2950813	444873	20895564	8146012	31354	531	32251	83000
1787044510	request	5136	28046772	28042418	61788	21974175744	2950813	444873	20896012	8146012	31354	531	32251	83000
1787044511	request	5137	28046772	28042417	61788	21974175744	2950813	444873	20896516	8146012	31354	531	32251	84000
1787044512	request	5138	28046772	28042419	61788	21974175744	2950813	444873	20896816	8146012	31354	531	32251	83000
1787044514	request	5140	28046772	28042418	61788	21974175744	2950813	444873	20897068	8146012	31354	531	32251	86000
1787044515	request	5141	28046772	28042417	61788	21974175744	2950813	444873	20896088	8146012	31354	531	32251	83000
1787044516	request	5142	28046772	28042419	61788	21974175744	2950813	444873	20896312	8146012	31354	531	32251	87000
1787044518	request	5144	28046772	28042417	61788	21974175744	2950813	444873	20897104	8146012	31354	531	32251	80000
1787044519	request	5145	28046772	28042418	61788	21974175744	2950813	444873	20896760	8146012	31354	531	32251	88000
1787044520	request	5146	28046772	28042418	61788	21974175744	2950813	444873	20896256	8146012	31354	531	32251	85000
1787044521	request	5147	28046772	28042418	61788	21974175744	2950813	444873	20896244	8146012	31354	531	32251	84000
1787044523	request	5149	28046772	28042418	61788	21974175744	2950813	444873	20896920	8146012	31354	531	32251	83000
1787044524	request	5150	28046772	28042420	61788	21974175744	2950813	444873	20896920	8146012	31354	531	32251	88000
1787044525	request	5151	28046772	28042418	61788	21974175744	2950813	444873	20896920	8146012	31354	531	32251	88000
1787044527	request	5153	28046772	28042418	61788	21974175744	2950813	444873	20896920	8146012	31354	531	32251	83000
1787044528	request	5154	28046772	28042418	61788	21974175744	2950813	444873	20896668	8146012	31354	531	32251	82000
1787044529	request	5155	28046772	28042420	61788	21974175744	2950813	444873	20896064	8146012	31354	531	32251	85000
1787044530	request	5156	28046772	28042418	61788	21974175744	2950813	444873	20895924	8146012	31354	531	32251	87000
1787044532	request	5158	28046772	28042418	61788	21974175744	2950813	444873	20896728	8146012	31354	531	32251	83000
1787044533	request	5159	28046772	28042419	61788	21974175744	2950813	444873	20896728	8146012	31354	531	32251	83000
1787044534	request	5160	28046772	28042418	61788	21974175744	2950813	444873	20896124	8146012	31354	531	32251	84000
1787044536	request	5162	28046772	28042418	61788	21974175744	2950813	444873	20896352	8146012	31354	531	32251	89000
1787044537	request	5163	28046772	28042418	61788	21974175744	2950813	444873	20895860	8146012	31354	531	32251	88000
1787044538	request	5164	28046772	28042420	61788	21974175744	2950813	444873	20895860	8146012	31354	531	32251	84000
1787044539	request	5165	28046772	28042419	61788	21974175744	2950813	444873	20897424	8146012	31354	531	32251	84000
1787044541	request	5167	28046772	28042419	61788	21974175744	2950813	444873	20897436	8146012	31354	531	32251	85000
1787044542	request	5168	28046772	28042418	61788	21974175744	2950813	444873	20897196	8146012	31354	531	32251	89000
1787044543	request	5169	28046772	28042420	61788	21974175744	2950813	444873	20897560	8146012	31354	531	32251	83000
1787044545	request	5171	28046772	28042419	61788	21974175744	2950813	444873	20897796	8146012	31354	531	32251	83000
1787044546	request	5172	28046772	28042419	61788	21974175744	2950813	444873	20897796	8146012	31354	531	32251	83000
1787044547	request	5173	28046772	28042418	61788	21974175744	2950813	444873	20897544	8146012	31354	531	32251	90000
1787044549	request	5175	28046772	28042418	61788	21974175744	2950813	444873	20898056	8146012	31354	531	32251	86000
1787044550	request	5176	28046772	28042418	61788	21974175744	2950813	444873	20898056	8146012	31354	531	32251	83000
1787044551	request	5177	28046772	28042418	61788	21974175744	2950813	444873	20898056	8146012	31354	531	32251	84000
1787044552	request	5178	28046772	28042419	61788	21974175744	2950813	444873	20896572	8146012	31354	531	32251	82000
1787044554	request	5180	28046772	28042418	61788	21974175744	2950813	444873	20896808	8146012	31354	531	32251	85000
1787044555	request	5181	28046772	28042418	61788	21974175744	2950813	444873	20895928	8146012	31354	531	32251	83000
1787044556	request	5182	28046772	28042418	61788	21974175744	2950813	444873	20895952	8146012	31354	531	32251	86000
1787044558	request	5184	28046772	28042419	61788	21974175744	2950813	444873	20895952	8146012	31354	531	32251	84000
1787044559	request	5185	28046772	28042418	61788	21974175744	2950813	444873	20895712	8146012	31354	531	32251	86000
1787044560	request	5186	28046772	28042420	61788	21974175744	2950813	444873	20895712	8146012	31354	531	32251	88000
1787044562	request	5188	28046772	28042418	61788	21974175744	2950813	444873	20897000	8146012	31354	531	32251	83000
1787044563	request	5189	28046772	28042420	61788	21974175744	2950813	444873	20896904	8146012	31354	531	32251	83000
1787044564	request	5190	28046772	28042419	61788	21974175744	2950813	444873	20896648	8146012	31354	531	32251	86000
1787044565	request	5191	28046772	28042418	61788	21974175744	2950813	444873	20896668	8146012	31354	531	32251	86000
1787044567	request	5193	28046772	28042418	61788	21974175744	2950813	444873	20896936	8146012	31354	531	32251	83000
1787044568	request	5194	28046772	28042418	61788	21974175744	2950813	444873	20896936	8146012	31354	531	32251	83000
1787044569	request	5195	28046772	28042418	61788	21974175744	2950813	444873	20896936	8146012	31354	531	32251	87000
1787044570	request	5196	28046772	28042419	61788	21974175744	2950813	444873	20896684	8146012	31354	531	32251	88000
1787044572	request	5198	28046772	28042419	61788	21974175744	2950813	444873	20896684	8146012	31354	531	32251	85000
1787044573	request	5199	28046772	28042419	61788	21974175744	2950813	444873	20898348	8146012	31354	531	32251	82000
1787044574	request	5200	28046772	28042419	61788	21974175744	2950813	444873	20898100	8146012	31354	531	32251	84000
1787044576	request	5202	28046772	28042421	61788	21974175744	2950813	444873	20897116	8146012	31354	531	32251	86000
1787044577	request	5203	28046772	28042420	61788	21974175744	2950813	444873	20896372	8146012	31354	531	32251	84000
1787044578	request	5204	28046772	28042420	61788	21974175744	2950813	444873	20896372	8146012	31354	531	32251	83000
1787044579	request	5205	28046772	28042421	61788	21974175744	2950813	444873	20896716	8146012	31354	531	32251	85000
1787044581	request	5207	28046772	28042420	61788	21974175744	2950813	444873	20896716	8146012	31354	531	32251	85000
1787044582	request	5208	28046772	28042419	61788	21974175744	2950813	444873	20896224	8146012	31354	531	32251	84000
1787044583	request	5209	28046772	28042419	61788	21974175744	2950813	444873	20896224	8146012	31354	531	32251	88000
1787044585	request	5211	28046772	28042419	61788	21974175744	2950813	444873	20896224	8146012	31354	531	32251	83000
1787044586	request	5212	28046772	28042419	61788	21974175744	2950813	444873	20895972	8146012	31354	531	32251	84000
1787044587	request	5213	28046772	28042420	61788	21974175744	2950813	444873	20895668	8146012	31354	531	32251	83000
1787044589	request	5215	28046772	28042419	61788	21974175744	2950813	444873	20894780	8146012	31354	531	32251	84000
1787044590	request	5216	28046772	28042420	61788	21974175744	2950813	444873	20894748	8146012	31354	531	32251	83000
1787044591	request	5217	28046772	28042420	61788	21974175744	2950813	444873	20895480	8146012	31354	531	32251	83000
1787044593	request	5219	28046772	28042420	61788	21974175744	2950813	444873	20896308	8146012	31354	531	32251	83000
1787044594	request	5220	28046772	28042419	61788	21974175744	2950813	444873	20897000	8146012	31354	531	32251	87000
1787044595	request	5221	28046772	28042419	61788	21974175744	2950813	444873	20896748	8146012	31354	531	32251	85000
1787044596	request	5222	28046772	28042419	61788	21974175744	2950813	444873	20897020	8146012	31354	531	32251	83000
1787044598	request	5224	28046772	28042419	61788	21974175744	2950813	444873	20897860	8146012	31354	531	32251	83000
1787044599	request	5225	28046772	28042420	61788	21974175744	2950813	444873	20898944	8146012	31354	531	32251	78000
1787044600	request	5226	28046772	28042420	61788	21974175744	2950813	444873	20899496	8146012	31354	531	32251	89000
1787044601	request	5227	28046772	28042419	61788	21974175744	2950813	444873	20899496	8146012	31354	531	32251	84000
1787044603	request	5229	28046772	28042419	61788	21974175744	2950813	444873	20899088	8146012	31354	531	32251	83000
1787044604	request	5230	28046772	28042420	61788	21974175744	2950813	444873	20898848	8146012	31354	531	32251	84000
1787044605	request	5231	28046772	28042420	61788	21974175744	2950813	444873	20898848	8146012	31354	531	32251	86000
1787044607	request	5233	28046772	28042419	61788	21974175744	2950813	444873	20898836	8146012	31354	531	32251	89000
1787044608	request	5234	28046772	28042420	61788	21974175744	2950813	444873	20897968	8146012	31354	531	32251	85000
1787044609	request	5235	28046772	28042420	61788	21974175744	2950813	444873	20897588	8146012	31354	531	32251	84000
1787044610	request	5236	28046772	28042421	61788	21974175744	2950813	444873	20897096	8146012	31354	531	32251	87000
1787044612	request	5238	28046772	28042420	61788	21974175744	2950813	444873	20896924	8146012	31354	531	32251	90000
1787044613	request	5239	28046772	28042421	61788	21974175744	2950813	444873	20896924	8146012	31354	531	32251	84000
1787044614	request	5240	28046772	28042420	61788	21974175744	2950813	444873	20896924	8146012	31354	531	32251	85000
1787044616	request	5242	28046772	28042419	61788	21974175744	2950813	444873	20896924	8146012	31354	531	32251	84000
1787044617	request	5243	28046772	28042419	61788	21974175744	2950813	444873	20896924	8146012	31354	531	32251	86000
1787044618	request	5244	28046772	28042419	61788	21974175744	2950813	444873	20896924	8146012	31354	531	32251	89000
1787044620	request	5246	28046772	28042419	61788	21974175744	2950813	444873	20895380	8146012	31354	531	32251	84000
1787044621	request	5247	28046772	28042420	61788	21974175744	2950813	444873	20895204	8146012	31354	531	32251	84000
1787044622	request	5248	28046772	28042420	61788	21974175744	2950813	444873	20895804	8146012	31354	531	32251	83000
1787044623	request	5249	28046772	28042420	61788	21974175744	2950813	444873	20896268	8146012	31354	531	32251	93000
1787044625	request	5251	28046772	28042419	61788	21974175744	2950813	444873	20896792	8146012	31354	531	32251	84000
1787044626	request	5252	28046772	28042420	61788	21974175744	2950813	444873	20897044	8146012	31354	531	32251	83000
1787044627	request	5253	28046772	28042419	61788	21974175744	2950813	444873	20897044	8146012	31354	531	32251	84000
1787044629	request	5255	28046772	28042420	61788	21974175744	2950813	444873	20897472	8146012	31354	531	32251	89000
1787044630	request	5256	28046772	28042419	61788	21974175744	2950813	444873	20897344	8146012	31354	531	32251	82000
1787044631	request	5257	28046772	28042421	61788	21974175744	2950813	444873	20897464	8146012	31354	531	32251	83000
1787044633	request	5259	28046772	28042420	61788	21974175744	2950813	444873	20897212	8146012	31354	531	32251	83000
1787044634	request	5260	28046772	28042421	61788	21974175744	2950813	444873	20897216	8146012	31354	531	32251	84000
1787044635	request	5261	28046772	28042419	61788	21974175744	2950813	444873	20896736	8146012	31354	531	32251	87000
1787044636	request	5262	28046772	28042419	61788	21974175744	2950813	444873	20897288	8146012	31354	531	32251	83000
1787044638	request	5264	28046772	28042419	61788	21974175744	2950813	444873	20897540	8146012	31354	531	32251	83000
1787044639	request	5265	28046772	28042419	61788	21974175744	2950813	444873	20897540	8146012	31354	531	32251	84000
1787044640	request	5266	28046772	28042420	61788	21974175744	2950813	444873	20897540	8146012	31354	531	32251	88000
1787044642	request	5268	28046772	28042419	61788	21974175744	2950813	444873	20897552	8146012	31354	531	32251	83000
1787044643	request	5269	28046772	28042421	61788	21974175744	2950813	444873	20897300	8146012	31354	531	32251	84000
1787044644	request	5270	28046772	28042421	61788	21974175744	2950813	444873	20896304	8146012	31354	531	32251	86000
1787044646	request	5272	28046772	28042419	61788	21974175744	2950813	444873	20897392	8146012	31354	531	32251	86000
1787044647	request	5273	28046772	28042419	61788	21974175744	2950813	444873	20896660	8146012	31354	531	32251	81000
1787044648	request	5274	28046772	28042421	61788	21974175744	2950813	444873	20896660	8146012	31354	531	32251	83000
1787044649	request	5275	28046772	28042419	61788	21974175744	2950813	444873	20896660	8146012	31354	531	32251	84000
1787044651	request	5277	28046772	28042419	61788	21974175744	2950813	444873	20896660	8146012	31354	531	32251	83000
1787044652	request	5278	28046772	28042420	61788	21974175744	2950813	444873	20896108	8146012	31354	531	32251	85000
1787044653	request	5279	28046772	28042419	61788	21974175744	2950813	444873	20895892	8146012	31354	531	32251	82000
1787044655	request	5281	28046772	28042421	61788	21974175744	2950813	444873	20895892	8146012	31354	531	32251	84000
1787044656	request	5282	28046772	28042421	61788	21974175744	2950813	444873	20896004	8146012	31354	531	32251	86000
1787044657	request	5283	28046772	28042419	61788	21974175744	2950813	444873	20897452	8146012	31354	531	32251	83000
1787044658	request	5284	28046772	28042420	61788	21974175744	2950813	444873	20898520	8146012	31354	531	32251	88000
1787044660	request	5286	28046772	28042419	61788	21974175744	2950813	444873	20898604	8146012	31354	531	32251	90000
1787044661	request	5287	28046772	28042419	61788	21974175744	2950813	444873	20898976	8146012	31354	531	32251	84000
1787044662	request	5288	28046772	28042420	61788	21974175744	2950813	444873	20898976	8146012	31354	531	32251	85000
1787044664	request	5290	28046772	28042419	61788	21974175744	2950813	444873	20898020	8146012	31354	531	32251	88000
1787044665	request	5291	28046772	28042420	61788	21974175744	2950813	444873	20898020	8146012	31354	531	32251	88000
1787044666	request	5292	28046772	28042421	61788	21974175744	2950813	444873	20897768	8146012	31354	531	32251	84000
1787044668	request	5294	28046772	28042419	61788	21974175744	2950813	444873	20897276	8146012	31354	531	32251	83000
1787044669	request	5295	28046772	28042419	61788	21974175744	2950813	444873	20897024	8146012	31354	531	32251	84000
1787044670	request	5296	28046772	28042419	61788	21974175744	2950813	444873	20897024	8146012	31354	531	32251	86000
1787044671	request	5297	28046772	28042420	61788	21974175744	2950813	444873	20897240	8146012	31354	531	32251	80000
1787044673	request	5299	28046772	28042420	61788	21974175744	2950813	444873	20897988	8146012	31354	531	32251	84000
1787044674	request	5300	28046772	28042420	61788	21974175744	2950813	444873	20897988	8146012	31354	531	32251	83000
1787044675	request	5301	28046772	28042421	61788	21974175744	2950813	444873	20897484	8146012	31354	531	32251	86000
1787044677	request	5303	28046772	28042420	61788	21974175744	2950813	444873	20896992	8146012	31354	531	32251	89000
1787044678	request	5304	28046772	28042420	61788	21974175744	2950813	444873	20896740	8146012	31354	531	32251	83000
1787044679	request	5305	28046772	28042420	61788	21974175744	2950813	444873	20896740	8146012	31354	531	32251	82000
1787044680	request	5306	28046772	28042419	61788	21974175744	2950813	444873	20896504	8146012	31354	531	32251	83000
1787044682	request	5308	28046772	28042419	61788	21974175744	2950813	444873	20896264	8146012	31354	531	32251	89000
1787044683	request	5309	28046772	28042421	61788	21974175744	2950813	444873	20896264	8146012	31354	531	32251	87000
1787044684	request	5310	28046772	28042419	61788	21974175744	2950813	444873	20895724	8146012	31354	531	32251	86000
1787044686	request	5312	28046772	28042419	61788	21974175744	2950813	444873	20896420	8146012	31354	531	32251	84000
1787044687	request	5313	28046772	28042420	61788	21974175744	2950813	444873	20896052	8146012	31354	531	32251	86000
1787044688	request	5314	28046772	28042420	61788	21974175744	2950813	444873	20895548	8146012	31354	531	32251	90000
1787044690	request	5316	28046772	28042420	61788	21974175744	2950813	444873	20896720	8146012	31354	531	32251	89000
1787044691	request	5317	28046772	28042419	61788	21974175744	2950813	444873	20896312	8146012	31354	531	32251	84000
1787044692	request	5318	28046772	28042419	61788	21974175744	2950813	444873	20896312	8146012	31354	531	32251	83000
1787044693	request	5319	28046772	28042419	61788	21974175744	2950813	444873	20895948	8146012	31354	531	32251	88000
1787044695	request	5321	28046772	28042420	61788	21974175744	2950813	444873	20895064	8146012	31354	531	32251	90000
1787044696	request	5322	28046772	28042419	61788	21974175744	2950813	444873	20894308	8146012	31354	531	32251	84000
1787044697	request	5323	28046772	28042419	61788	21974175744	2950813	444873	20894636	8146012	31354	531	32251	85000
1787044699	request	5325	28046772	28042421	61788	21974175744	2950813	444873	20894144	8146012	31354	531	32251	86000
1787044700	request	5326	28046772	28042419	61788	21974175744	2950813	444873	20894144	8146012	31354	531	32251	86000
1787044701	request	5327	28046772	28042419	61788	21974175744	2950813	444873	20894144	8146012	31354	531	32251	86000
1787044702	request	5328	28046772	28042420	61788	21974175744	2950813	444873	20894144	8146012	31354	531	32251	86000
1787044704	request	5330	28046772	28042419	61788	21974175744	2950813	444873	20895120	8146012	31354	531	32251	85000
1787044705	request	5331	28046772	28042419	61788	21974175744	2950813	444873	20894868	8146012	31354	531	32251	87000
1787044706	request	5332	28046772	28042421	61788	21974175744	2950813	444873	20895064	8146012	31354	531	32251	88000
1787044708	request	5334	28046772	28042419	61788	21974175744	2950813	444873	20894572	8146012	31354	531	32251	83000
1787044709	request	5335	28046772	28042421	61788	21974175744	2950813	444873	20894572	8146012	31354	531	32251	83000
1787044710	request	5336	28046772	28042420	61788	21974175744	2950813	444873	20894320	8146012	31354	531	32251	82000
1787044712	request	5338	28046772	28042419	61788	21974175744	2950813	444873	20894600	8146012	31354	531	32251	88000
1787044713	request	5339	28046772	28042419	61788	21974175744	2950813	444873	20895884	8146012	31354	531	32251	88000
1787044714	request	5340	28046772	28042421	61788	21974175744	2950813	444873	20895632	8146012	31354	531	32251	83000
1787044715	request	5341	28046772	28042419	61788	21974175744	2950813	444873	20895632	8146012	31354	531	32251	85000
1787044717	request	5343	28046772	28042419	61788	21974175744	2950813	444873	20895220	8146012	31354	531	32251	85000
1787044718	request	5344	28046772	28042419	61788	21974175744	2950813	444873	20895232	8146012	31354	531	32251	85000
1787044719	request	5345	28046772	28042419	61788	21974175744	2950813	444873	20895232	8146012	31354	531	32251	83000
1787044721	request	5347	28046772	28042419	61788	21974175744	2950813	444873	20895536	8146012	31354	531	32251	84000
1787044722	request	5348	28046772	28042419	61788	21974175744	2950813	444873	20895888	8146012	31354	531	32251	84000
1787044723	request	5349	28046772	28042420	61788	21974175744	2950813	444873	20895648	8146012	31354	531	32251	87000
1787044724	request	5350	28046772	28042419	61788	21974175744	2950813	444873	20895648	8146012	31354	531	32251	92000
1787044726	request	5352	28046772	28042419	61788	21974175744	2950813	444873	20896104	8146012	31354	531	32251	84000
1787044727	request	5353	28046772	28042419	61788	21974175744	2950813	444873	20896108	8146012	31354	531	32251	85000
1787044728	request	5354	28046772	28042419	61788	21974175744	2950813	444873	20896120	8146012	31354	531	32251	86000
1787044730	request	5356	28046772	28042421	61788	21974175744	2950813	444873	20896468	8146012	31354	531	32251	90000
1787044731	request	5357	28046772	28042419	61788	21974175744	2950813	444873	20896228	8146012	31354	531	32251	83000
1787044732	request	5358	28046772	28042419	61788	21974175744	2950813	444873	20896228	8146012	31354	531	32251	83000
1787044733	request	5359	28046772	28042421	61788	21974175744	2950813	444873	20896228	8146012	31354	531	32251	84000
1787044735	request	5361	28046772	28042421	61788	21974175744	2950813	444873	20896228	8146012	31354	531	32251	86000
1787044736	request	5362	28046772	28042419	61788	21974175744	2950813	444873	20896988	8146012	31354	531	32251	87000
1787044737	request	5363	28046772	28042420	61788	21974175744	2950813	444873	20896628	8146012	31354	531	32251	84000
1787044739	request	5365	28046772	28042421	61788	21974175744	2950813	444873	20896148	8146012	31354	531	32251	84000
1787044740	request	5366	28046772	28042419	61788	21974175744	2950813	444873	20896148	8146012	31354	531	32251	91000
1787044741	request	5367	28046772	28042419	61788	21974175744	2950813	444873	20896148	8146012	31354	531	32251	93000
1787044743	request	5369	28046772	28042421	61788	21974175744	2950813	444873	20895980	8146012	31354	531	32251	84000
1787044744	request	5370	28046772	28042421	61788	21974175744	2950813	444873	20895980	8146012	31354	531	32251	83000
1787044745	request	5371	28046772	28042419	61788	21974175744	2950813	444873	20895980	8146012	31354	531	32251	84000
1787044747	request	5373	28046772	28042419	61788	21974175744	2950838	444873	20896232	8146012	31354	531	32251	82000
1787044748	request	5374	28046872	28042520	61788	21974175744	2950838	444873	20895476	8146012	31354	531	32251	84000
1787044749	request	5375	28046872	28042519	61788	21974175744	2950838	444873	20894780	8146012	31354	531	32251	84000
1787044750	request	5376	28046872	28042519	61788	21974175744	2950838	444873	20894808	8146012	31354	531	32251	84000
1787044752	request	5378	28046872	28042519	61788	21974175744	2950838	444873	20895160	8146012	31354	531	32251	87000
1787044753	request	5379	28046872	28042520	61788	21974175744	2950838	444873	20895160	8146012	31354	531	32251	88000
1787044754	request	5380	28046872	28042519	61788	21974175744	2950838	444873	20895160	8146012	31354	531	32251	84000
1787044756	request	5382	28046872	28042520	61788	21974175744	2950838	444873	20894668	8146012	31354	531	32251	84000
1787044757	request	5383	28046872	28042519	61788	21974175744	2950838	444873	20894416	8146012	31354	531	32251	84000
1787044758	request	5384	28046872	28042519	61788	21974175744	2950838	444873	20894416	8146012	31354	531	32251	83000
1787044760	request	5386	28046872	28042520	61788	21974175744	2950838	444873	20894176	8146012	31354	531	32251	86000
1787044761	request	5387	28046872	28042519	61788	21974175744	2950838	444873	20894428	8146012	31354	531	32251	84000
1787044762	request	5388	28046872	28042520	61788	21974175744	2950838	444873	20894680	8146012	31354	531	32251	84000
1787044763	request	5389	28046872	28042519	61788	21974175744	2950838	444873	20894948	8146012	31354	531	32251	82000
1787044765	request	5391	28046872	28042520	61788	21974175744	2950838	444873	20895564	8146012	31354	531	32251	89000
1787044766	request	5392	28046872	28042519	61788	21974175744	2950838	444873	20895060	8146012	31354	531	32251	82000
1787044767	request	5393	28046872	28042520	61788	21974175744	2950838	444873	20895424	8146012	31354	531	32251	83000
1787044769	request	5395	28046872	28042519	61788	21974175744	2950838	444873	20895252	8146012	31354	531	32251	83000
1787044770	request	5396	28046872	28042519	61788	21974175744	2950838	444873	20895364	8146012	31354	531	32251	90000
1787044771	request	5397	28046872	28042519	61788	21974175744	2950838	444873	20896376	8146012	31354	531	32251	89000
1787044772	request	5398	28046872	28042519	61788	21974175744	2950838	444873	20896124	8146012	31354	531	32251	83000
1787044774	request	5400	28046872	28042519	61788	21974175744	2950838	444873	20895888	8146012	31354	531	32251	83000
1787044775	request	5401	28046872	28042519	61788	21974175744	2950838	444873	20895888	8146012	31354	531	32251	85000
1787044776	request	5402	28046872	28042521	61788	21974175744	2950838	444873	20895384	8146012	31354	531	32251	87000
1787044778	request	5404	28046872	28042519	61788	21974175744	2950838	444873	20895300	8146012	31354	531	32251	87000
1787044779	request	5405	28046872	28042521	61788	21974175744	2950838	444873	20895300	8146012	31354	531	32251	83000
1787044780	request	5406	28046872	28042519	61788	21974175744	2950838	444873	20895212	8146012	31354	531	32251	83000
1787044782	request	5408	28046872	28042519	61788	21974175744	2950838	444873	20895768	8146012	31354	531	32251	88000
1787044783	request	5409	28046872	28042519	61788	21974175744	2950838	444873	20896124	8146012	31354	531	32251	84000
1787044784	request	5410	28046872	28042521	61788	21974175744	2950838	444873	20896124	8146012	31354	531	32251	83000
1787044785	request	5411	28046872	28042519	61788	21974175744	2950838	444873	20896180	8146012	31354	531	32251	83000
1787044787	request	5413	28046872	28042520	61788	21974175744	2950838	444873	20896720	8146012	31354	531	32251	83000
1787044788	request	5414	28046872	28042519	61788	21974175744	2950838	444873	20896720	8146012	31354	531	32251	87000
1787044789	request	5415	28046872	28042519	61788	21974175744	2950838	444873	20896216	8146012	31354	531	32251	87000
1787044791	request	5417	28046872	28042519	61788	21974175744	2950838	444873	20895788	8146012	31354	531	32251	84000
1787044792	request	5418	28046872	28042519	61788	21974175744	2950838	444873	20896156	8146012	31354	531	32251	83000
1787044793	request	5419	28046872	28042519	61788	21974175744	2950838	444873	20895904	8146012	31354	531	32251	90000
1787044794	request	5420	28046872	28042519	61788	21974175744	2950838	444873	20895748	8146012	31354	531	32251	89000
1787044796	request	5422	28046872	28042520	61788	21974175744	2950838	444873	20896296	8146012	31354	531	32251	83000
1787044797	request	5423	28046872	28042519	61788	21974175744	2950838	444873	20895932	8146012	31354	531	32251	83000
1787044798	request	5424	28046872	28042519	61788	21974175744	2950838	444873	20895792	8146012	31354	531	32251	83000
1787044800	request	5426	28046872	28042520	61788	21974175744	2950838	444873	20895132	8146012	31354	531	32251	89000
1787044801	request	5427	28046872	28042519	61788	21974175744	2950838	444873	20895132	8146012	31354	531	32251	87000
1787044802	request	5428	28046872	28042519	61788	21974175744	2950838	444873	20895132	8146012	31354	531	32251	83000
1787044804	request	5430	28046872	28042520	61788	21974175744	2950838	444873	20895400	8146012	31354	531	32251	83000
1787044805	request	5431	28046872	28042520	61788	21974175744	2950838	444873	20895400	8146012	31354	531	32251	88000
1787044806	request	5432	28046872	28042519	61788	21974175744	2950838	444873	20897744	8146012	31354	531	32251	86000
1787044807	request	5433	28046872	28042519	61788	21974175744	2950838	444873	20896736	8146012	31354	531	32251	86000
1787044809	request	5435	28046872	28042520	61788	21974175744	2950838	444873	20896444	8146012	31354	531	32251	83000
1787044810	request	5436	28046872	28042519	61788	21974175744	2950838	444873	20895448	8146012	31354	531	32251	84000
1787044811	request	5437	28046872	28042519	61788	21974175744	2950838	444873	20894720	8146012	31354	531	32251	88000
1787044813	request	5439	28046872	28042519	61788	21974175744	2950838	444873	20894444	8146012	31354	531	32251	89000
1787044814	request	5440	28046872	28042521	61788	21974175744	2950838	444873	20893288	8146012	31354	531	32251	83000
1787044815	request	5441	28046872	28042519	61788	21974175744	2950838	444873	20893420	8146012	31354	531	32251	83000
1787044816	request	5442	28046872	28042519	61788	21974175744	2950838	444873	20893168	8146012	31354	531	32251	85000
1787044818	request	5444	28046872	28042519	61788	21974175744	2950838	444873	20893688	8146012	31354	531	32251	88000
1787044819	request	5445	28046872	28042520	61788	21974175744	2950838	444873	20893436	8146012	31354	531	32251	86000
1787044820	request	5446	28046872	28042520	61788	21974175744	2950838	444873	20893440	8146012	31354	531	32251	84000
1787044822	request	5448	28046872	28042519	61788	21974175744	2950838	444873	20893188	8146012	31354	531	32251	84000
1787044823	request	5449	28046872	28042520	61788	21974175744	2950838	444873	20893548	8146012	31354	531	32251	84000
1787044824	request	5450	28046872	28042519	61788	21974175744	2950838	444873	20894480	8146012	31354	531	32251	89000
1787044825	request	5451	28046872	28042520	61788	21974175744	2950838	444873	20894672	8146012	31354	531	32251	85000
1787044827	request	5453	28046872	28042520	61788	21974175744	2950838	444873	20894240	8146012	31354	531	32251	83000
1787044828	request	5454	28046872	28042519	61788	21974175744	2950838	444873	20894652	8146012	31354	531	32251	84000
1787044829	request	5455	28046872	28042518	61788	21974175744	2950838	444873	20894800	8146012	31354	531	32251	88000
1787044831	request	5457	28046872	28042519	61788	21974175744	2950838	444873	20894800	8146012	31354	531	32251	88000
1787044832	request	5458	28046872	28042519	61788	21974175744	2950838	444873	20894600	8146012	31354	531	32251	84000
1787044833	request	5459	28046872	28042519	61788	21974175744	2950838	444873	20894600	8146012	31354	531	32251	83000
1787044835	request	5461	28046872	28042519	61788	21974175744	2950838	444873	20893844	8146012	31354	531	32251	85000
1787044836	request	5462	28046872	28042521	61788	21974175744	2950838	444873	20894588	8146012	31354	531	32251	88000
1787044837	request	5463	28046872	28042519	61788	21974175744	2950838	444873	20893832	8146012	31354	531	32251	88000
1787044838	request	5464	28046872	28042519	61788	21974175744	2950838	444873	20893832	8146012	31354	531	32251	82000
1787044840	request	5466	28046872	28042519	61788	21974175744	2950838	444873	20896468	8146012	31354	531	32251	84000
1787044841	request	5467	28046872	28042520	61788	21974175744	2950838	444873	20896216	8146012	31354	531	32251	84000
1787044842	request	5468	28046872	28042519	61788	21974175744	2950838	444873	20895976	8146012	31354	531	32251	82000
1787044843	request	5469	28046872	28042520	61788	21974175744	2950838	444873	20895976	8146012	31354	531	32251	83000
1787044845	request	5471	28046872	28042520	61788	21974175744	2950838	444873	20896264	8146012	31354	531	32251	83000
1787044846	request	5472	28046872	28042520	61788	21974175744	2950838	444873	20896000	8146012	31354	531	32251	83000
1787044847	request	5473	28046872	28042519	61788	21974175744	2950838	444873	20895496	8146012	31354	531	32251	88000
1787044849	request	5475	28046872	28042519	61788	21974175744	2950838	444873	20895496	8146012	31354	531	32251	88000
1787044850	request	5476	28046872	28042519	61788	21974175744	2950838	444873	20895244	8146012	31354	531	32251	83000
1787044851	request	5477	28046872	28042519	61788	21974175744	2950838	444873	20894992	8146012	31354	531	32251	84000
1787044853	request	5479	28046872	28042519	61788	21974175744	2950838	444873	20894740	8146012	31354	531	32251	86000
1787044854	request	5480	28046872	28042519	61788	21974175744	2950838	444873	20894504	8146012	31354	531	32251	85000
1787044855	request	5481	28046872	28042519	61788	21974175744	2950838	444873	20894504	8146012	31354	531	32251	82000
1787044857	request	5483	28046872	28042520	61788	21974175744	2950838	444873	20893900	8146012	31354	531	32251	86000
1787044858	request	5484	28046872	28042520	61788	21974175744	2950838	444873	20893772	8146012	31354	531	32251	83000
1787044859	request	5485	28046872	28042520	61788	21974175744	2950838	444873	20893280	8146012	31354	531	32251	87000
1787044860	request	5486	28046872	28042521	61788	21974175744	2950838	444873	20893028	8146016	31355	531	32252	87000
1787044862	request	5488	28046872	28042521	61788	21974175744	2950838	444873	20893028	8146016	31355	531	32252	84000
1787044863	request	5489	28046872	28042519	61788	21974175744	2950838	444873	20893164	8146016	31355	531	32252	84000
1787044864	request	5490	28046872	28042519	61788	21974175744	2950838	444873	20893416	8146016	31355	531	32252	85000
1787044866	request	5492	28046872	28042519	61788	21974175744	2950838	444873	20893884	8146016	31355	531	32252	90000
1787044867	request	5493	28046872	28042520	61788	21974175744	2950838	444873	20893524	8146016	31355	531	32252	83000
1787044868	request	5494	28046872	28042518	61788	21974175744	2950838	444873	20892896	8146016	31355	531	32252	84000
1787044870	request	5496	28046872	28042518	61788	21974175744	2950838	444873	20892896	8146016	31355	531	32252	83000
1787044871	request	5497	28046872	28042519	61788	21974175744	2950838	444873	20892896	8146016	31355	531	32252	89000
1787044872	request	5498	28046872	28042519	61788	21974175744	2950838	444873	20893640	8146016	31355	531	32252	88000
1787044873	request	5499	28046872	28042520	61788	21974175744	2950838	444873	20893388	8146016	31355	531	32252	84000
1787044875	request	5501	28046872	28042519	61788	21974175744	2950838	444873	20893680	8146016	31355	531	32252	83000
1787044876	request	5502	28046872	28042518	61788	21974175744	2950838	444873	20894024	8146016	31355	531	32252	85000
1787044877	request	5503	28046872	28042518	61788	21974175744	2950838	444873	20893368	8146016	31355	531	32252	88000
1787044879	request	5505	28046872	28042520	61788	21974175744	2950838	444873	20893032	8146016	31355	531	32252	82000
1787044880	request	5506	28046872	28042519	61788	21974175744	2950838	444873	20893032	8146016	31355	531	32252	83000
1787044881	request	5507	28046872	28042520	61788	21974175744	2950838	444873	20893032	8146016	31355	531	32252	84000
1787044883	request	5509	28046872	28042519	61788	21974175744	2950838	444873	20893032	8146016	31355	531	32252	90000
1787044884	request	5510	28046872	28042518	61788	21974175744	2950838	444873	20892792	8146016	31355	531	32252	94000
1787044885	request	5511	28046872	28042519	61788	21974175744	2950838	444873	20892748	8146016	31355	531	32252	84000
1787044887	request	5513	28046872	28042518	61788	21974175744	2950838	444873	20892244	8146016	31355	531	32252	83000
1787044888	request	5514	28046872	28042519	61788	21974175744	2950838	444873	20892244	8146016	31355	531	32252	86000
1787044889	request	5515	28046872	28042520	61788	21974175744	2950838	444873	20892840	8146016	31355	531	32252	86000
1787044890	request	5516	28046872	28042519	61788	21974175744	2950838	444873	20893888	8146016	31355	531	32252	92000
1787044892	request	5518	28046872	28042520	61788	21974175744	2950838	444873	20894504	8146016	31355	531	32252	83000
1787044893	request	5519	28046872	28042520	61788	21974175744	2950838	444873	20894832	8146016	31355	531	32252	83000
1787044894	request	5520	28046872	28042519	61788	21974175744	2950838	444873	20894648	8146016	31355	531	32252	88000
1787044895	request	5521	28046872	28042519	61788	21974175744	2950838	444873	20894468	8146016	31355	531	32252	88000
1787044897	request	5523	28046872	28042518	61788	21974175744	2950838	444873	20893488	8146016	31355	531	32252	83000
1787044898	request	5524	28046872	28042518	61788	21974175744	2950838	444873	20893460	8146016	31355	531	32252	83000
1787044899	request	5525	28046872	28042518	61788	21974175744	2950838	444873	20893208	8146016	31355	531	32252	83000
1787044901	request	5527	28046872	28042520	61788	21974175744	2950838	444873	20893832	8146016	31355	531	32252	85000
1787044902	request	5528	28046872	28042519	61788	21974175744	2950838	444873	20893592	8146016	31355	531	32252	87000
1787044903	request	5529	28046872	28042520	61788	21974175744	2950838	444873	20894480	8146016	31355	531	32252	83000
1787044905	request	5531	28046872	28042519	61788	21974175744	2950838	444873	20894480	8146016	31355	531	32252	83000
1787044906	request	5532	28046872	28042519	61788	21974175744	2950838	444873	20894732	8146016	31355	531	32252	82000
1787044907	request	5533	28046872	28042520	61788	21974175744	2950838	444873	20893736	8146016	31355	531	32252	84000
1787044908	request	5534	28046872	28042520	61788	21974175744	2950838	444873	20893988	8146016	31355	531	32252	82000
1787044910	request	5536	28046872	28042519	61788	21974175744	2950838	444873	20893748	8146016	31355	531	32252	84000
1787044911	request	5537	28046872	28042519	61788	21974175744	2950838	444873	20894768	8146016	31355	531	32252	83000
1787044912	request	5538	28046872	28042519	61788	21974175744	2950838	444873	20894768	8146016	31355	531	32252	86000
1787044914	request	5540	28046872	28042520	61788	21974175744	2950838	444873	20894812	8146016	31355	531	32252	82000
1787044915	request	5541	28046872	28042520	61788	21974175744	2950838	444873	20894588	8146016	31355	531	32252	83000
1787044916	request	5542	28046872	28042519	61788	21974175744	2950838	444873	20894336	8146016	31355	531	32252	84000
1787044918	request	5544	28046872	28042520	61788	21974175744	2950838	444873	20896488	8146016	31355	531	32252	83000
1787044919	request	5545	28046872	28042519	61788	21974175744	2950838	444873	20896024	8146016	31355	531	32252	88000
1787044920	request	5546	28046872	28042520	61788	21974175744	2950838	444873	20895772	8146016	31355	531	32252	82000
1787044921	request	5547	28046872	28042518	61788	21974175744	2950838	444873	20895784	8146016	31355	531	32252	83000
1787044923	request	5549	28046872	28042518	61788	21974175744	2950838	444873	20895784	8146016	31355	531	32252	83000
1787044924	request	5550	28046872	28042519	61788	21974175744	2950838	444873	20895532	8146016	31355	531	32252	86000
1787044925	request	5551	28046872	28042519	61788	21974175744	2950838	444873	20895040	8146016	31355	531	32252	88000
1787044927	request	5553	28046872	28042520	61788	21974175744	2950838	444873	20895040	8146016	31355	531	32252	84000
1787044928	request	5554	28046872	28042520	61788	21974175744	2950838	444873	20895040	8146016	31355	531	32252	87000
1787044929	request	5555	28046872	28042519	61788	21974175744	2950838	444873	20896496	8146016	31355	531	32252	84000
1787044931	request	5557	28046872	28042518	61788	21974175744	2950838	444873	20898156	8146016	31355	531	32252	84000
1787044932	request	5558	28046872	28042520	61788	21974175744	2950838	444873	20898156	8146016	31355	531	32252	84000
1787044933	request	5559	28046872	28042519	61788	21974175744	2950838	444873	20897916	8146016	31355	531	32252	83000
1787044934	request	5560	28046872	28042519	61788	21974175744	2950838	444873	20897916	8146016	31355	531	32252	85000
1787044936	request	5562	28046872	28042519	61788	21974175744	2950838	444873	20897664	8146016	31355	531	32252	89000
1787044937	request	5563	28046872	28042520	61788	21974175744	2950838	444873	20896252	8146016	31355	531	32252	86000
1787044938	request	5564	28046872	28042518	61788	21974175744	2950838	444873	20895972	8146016	31355	531	32252	83000
1787044940	request	5566	28046872	28042518	61788	21974175744	2950838	444873	20895972	8146016	31355	531	32252	83000
1787044941	request	5567	28046872	28042519	61788	21974175744	2950838	444873	20896228	8146040	31361	531	32258	86000
1787044942	request	5568	28046872	28042518	61788	21974175744	2950838	444873	20895852	8146040	31361	531	32258	89000
1787044944	request	5570	28046872	28042519	61788	21974175744	2950838	444873	20895268	8146040	31361	531	32258	84000
1787044945	request	5571	28046872	28042520	61788	21974175744	2950838	444873	20895016	8146040	31361	531	32258	84000
1787044946	request	5572	28046872	28042520	61788	21974175744	2950838	444873	20894308	8146040	31361	531	32258	84000
1787044947	request	5573	28046872	28042520	61788	21974175744	2950838	444873	20895764	8146040	31361	531	32258	85000
1787044949	request	5575	28046872	28042519	61788	21974175744	2950838	444873	20895580	8146040	31361	531	32258	89000
1787044950	request	5576	28046872	28042519	61788	21974175744	2950838	444873	20895340	8146040	31361	531	32258	84000
1787044951	request	5577	28046872	28042518	61788	21974175744	2950838	444873	20895340	8146040	31361	531	32258	84000
1787044953	request	5579	28046872	28042519	61788	21974175744	2950838	444873	20894848	8146040	31361	531	32258	83000
1787044954	request	5580	28046872	28042518	61788	21974175744	2950838	444873	20894848	8146040	31361	531	32258	86000
1787044955	request	5581	28046872	28042519	61788	21974175744	2950838	444873	20894848	8146040	31361	531	32258	84000
1787044956	request	5582	28046872	28042519	61788	21974175744	2950838	444873	20894232	8146040	31361	531	32258	81000
1787044958	request	5584	28046872	28042520	61788	21974175744	2950838	444873	20894272	8146040	31361	531	32258	83000
1787044959	request	5585	28046872	28042519	61788	21974175744	2950838	444873	20894552	8146040	31361	531	32258	83000
1787044960	request	5586	28046872	28042520	61788	21974175744	2950838	444873	20894052	8146040	31361	531	32258	90000
1787044962	request	5588	28046872	28042520	61788	21974175744	2950838	444873	20893560	8146040	31361	531	32258	88000
1787044963	request	5589	28046872	28042519	61788	21974175744	2950838	444873	20893560	8146040	31361	531	32258	83000
1787044964	request	5590	28046872	28042518	61788	21974175744	2950838	444873	20893708	8146040	31361	531	32258	84000
1787044965	request	5591	28046872	28042518	61788	21974175744	2950838	444873	20893460	8146040	31361	531	32258	83000
1787044967	request	5593	28046872	28042520	61788	21974175744	2950838	444873	20892928	8146040	31361	531	32258	84000
1787044968	request	5594	28046872	28042520	61788	21974175744	2950838	444873	20892676	8146040	31361	531	32258	86000
1787044969	request	5595	28046872	28042519	61788	21974175744	2950838	444873	20892264	8146040	31361	531	32258	83000
1787044971	request	5597	28046872	28042519	61788	21974175744	2950838	444873	20892264	8146040	31361	531	32258	83000
1787044972	request	5598	28046872	28042518	61788	21974175744	2950838	444873	20892436	8146040	31361	531	32258	84000
1787044973	request	5599	28046872	28042520	61788	21974175744	2950838	444873	20892196	8146040	31361	531	32258	87000
1787044974	request	5600	28046872	28042519	61788	21974175744	2950838	444873	20891856	8146040	31361	531	32258	83000
1787044976	request	5602	28046872	28042518	61788	21974175744	2950838	444873	20891604	8146040	31361	531	32258	83000
1787044977	request	5603	28046872	28042518	61788	21974175744	2950838	444873	20890876	8146040	31361	531	32258	84000
1787044978	request	5604	28046872	28042520	61788	21974175744	2950838	444873	20891524	8146040	31361	531	32258	86000
1787044980	request	5606	28046872	28042519	61788	21974175744	2950838	444873	20891652	8146040	31361	531	32258	82000
1787044981	request	5607	28046872	28042519	61788	21974175744	2950838	444873	20891668	8146040	31361	531	32258	82000
1787044982	request	5608	28046872	28042519	61788	21974175744	2950838	444873	20892936	8146040	31361	531	32258	85000
1787044984	request	5610	28046872	28042520	61788	21974175744	2950838	444873	20893560	8146040	31361	531	32258	83000
1787044985	request	5611	28046872	28042520	61788	21974175744	2950838	444873	20893320	8146040	31361	531	32258	86000
1787044986	request	5612	28046872	28042518	61788	21974175744	2950838	444873	20893320	8146040	31361	531	32258	81000
1787044987	request	5613	28046872	28042518	61788	21974175744	2950838	444873	20893080	8146040	31361	531	32258	83000
1787044989	request	5615	28046872	28042518	61788	21974175744	2950838	444873	20892840	8146040	31361	531	32258	85000
1787044990	request	5616	28046872	28042520	61788	21974175744	2950838	444873	20892952	8146040	31361	531	32258	82000
1787044991	request	5617	28046872	28042518	61788	21974175744	2950838	444873	20893092	8146040	31361	531	32258	85000
1787044993	request	5619	28046872	28042518	61788	21974175744	2950838	444873	20892852	8146040	31361	531	32258	83000
1787044994	request	5620	28046872	28042519	61788	21974175744	2950838	444873	20893104	8146040	31361	531	32258	83000
1787044995	request	5621	28046872	28042520	61788	21974175744	2950838	444873	20893104	8146040	31361	531	32258	83000
1787044996	request	5622	28046872	28042519	61788	21974175744	2950838	444873	20893104	8146040	31361	531	32258	86000
1787044998	request	5624	28046872	28042520	61788	21974175744	2950838	444873	20892612	8146040	31361	531	32258	90000
1787044999	request	5625	28046872	28042519	61788	21974175744	2950838	444873	20892248	8146040	31361	531	32258	84000
1787045000	request	5626	28046872	28042518	61788	21974175744	2950838	444873	20891520	8146040	31361	531	32258	84000
1787045002	request	5628	28046872	28042518	61788	21974175744	2950838	444873	20892036	8146040	31361	531	32258	85000
1787045003	request	5629	28046872	28042518	61788	21974175744	2950838	444873	20891672	8146040	31361	531	32258	89000
1787045004	request	5630	28046872	28042518	61788	21974175744	2950838	444873	20892160	8146040	31361	531	32258	92000
1787045005	request	5631	28046872	28042519	61788	21974175744	2950838	444873	20894820	8146040	31361	531	32258	84000
1787045007	request	5633	28046872	28042518	61788	21974175744	2950838	444873	20893848	8146040	31361	531	32258	83000
1787045008	request	5634	28046872	28042519	61788	21974175744	2950838	444873	20893848	8146040	31361	531	32258	84000
1787045009	request	5635	28046872	28042520	61788	21974175744	2950838	444873	20893984	8146040	31361	531	32258	86000
1787045011	request	5637	28046872	28042519	61788	21974175744	2950838	444873	20893996	8146040	31361	531	32258	83000
1787045012	request	5638	28046872	28042520	61788	21974175744	2950838	444873	20893996	8146040	31361	531	32258	83000
1787045013	request	5639	28046872	28042519	61788	21974175744	2950838	444873	20893996	8146040	31361	531	32258	83000
1787045015	request	5641	28046872	28042518	61788	21974175744	2950838	444873	20893756	8146040	31361	531	32258	82000
1787045016	request	5642	28046872	28042518	61788	21974175744	2950838	444873	20892888	8146040	31361	531	32258	88000
1787045017	request	5643	28046872	28042519	61788	21974175744	2950838	444873	20893940	8146040	31361	531	32258	86000
1787045018	request	5644	28046872	28042520	61788	21974175744	2950838	444873	20893812	8146040	31361	531	32258	83000
1787045020	request	5646	28046872	28042518	61788	21974175744	2950838	444873	20893620	8146040	31361	531	32258	82000
1787045021	request	5647	28046872	28042520	61788	21974175744	2950838	444873	20894536	8146040	31361	531	32258	87000
1787045022	request	5648	28046872	28042520	61788	21974175744	2950838	444873	20894536	8146040	31361	531	32258	84000
1787045024	request	5650	28046872	28042519	61788	21974175744	2950838	444873	20895620	8146040	31361	531	32258	83000
1787045025	request	5651	28046872	28042519	61788	21974175744	2950838	444873	20895620	8146040	31361	531	32258	83000
1787045026	request	5652	28046872	28042520	61788	21974175744	2950838	444873	20895444	8146040	31361	531	32258	88000
1787045027	request	5653	28046872	28042519	61788	21974175744	2950838	444873	20895444	8146040	31361	531	32258	83000
1787045029	request	5655	28046872	28042520	61788	21974175744	2950838	444873	20895204	8146040	31361	531	32258	83000
1787045030	request	5656	28046872	28042520	61788	21974175744	2950838	444873	20894964	8146040	31361	531	32258	83000
1787045031	request	5657	28046872	28042519	61788	21974175744	2950838	444873	20894472	8146040	31361	531	32258	85000
1787045033	request	5659	28046872	28042519	61788	21974175744	2950838	444873	20894472	8146040	31361	531	32258	86000
1787045034	request	5660	28046872	28042519	61788	21974175744	2950838	444873	20894472	8146040	31361	531	32258	88000
1787045035	request	5661	28046872	28042520	61788	21974175744	2950838	444873	20894472	8146040	31361	531	32258	84000
1787045037	request	5663	28046872	28042518	61788	21974175744	2950838	444873	20894476	8146040	31361	531	32258	83000
1787045038	request	5664	28046872	28042518	61788	21974175744	2950838	444873	20893564	8146040	31361	531	32258	86000
1787045039	request	5665	28046872	28042519	61788	21974175744	2950838	444873	20892572	8146040	31361	531	32258	84000
1787045040	request	5666	28046872	28042518	61788	21974175744	2950838	444873	20893208	8146040	31361	531	32258	83000
1787045042	request	5668	28046872	28042519	61788	21974175744	2950838	444873	20893208	8146040	31361	531	32258	84000
1787045043	request	5669	28046872	28042519	61788	21974175744	2950838	444873	20893208	8146040	31361	531	32258	83000
1787045044	request	5670	28046872	28042518	61788	21974175744	2950838	444873	20893208	8146040	31361	531	32258	88000
1787045046	request	5672	28046872	28042520	61788	21974175744	2950838	444873	20892968	8146040	31361	531	32258	88000
1787045047	request	5673	28046872	28042519	61788	21974175744	2950838	444873	20892968	8146040	31361	531	32258	83000
1787045048	request	5674	28046872	28042520	61788	21974175744	2950838	444873	20892968	8146040	31361	531	32258	84000
1787045050	request	5676	28046872	28042519	61788	21974175744	2950838	444873	20892968	8146040	31361	531	32258	83000
1787045051	request	5677	28046872	28042520	61788	21974175744	2950838	444873	20892968	8146040	31361	531	32258	86000
1787045052	request	5678	28046872	28042520	61788	21974175744	2950838	444873	20892968	8146040	31361	531	32258	88000
1787045054	request	5680	28046872	28042519	61788	21974175744	2950838	444873	20892972	8146040	31361	531	32258	84000
1787045055	request	5681	28046872	28042519	61788	21974175744	2950838	444873	20892720	8146040	31361	531	32258	83000
1787045056	request	5682	28046872	28042518	61788	21974175744	2950838	444873	20892468	8146040	31361	531	32258	85000
1787045057	request	5683	28046872	28042519	61788	21974175744	2950838	444873	20892512	8146040	31361	531	32258	88000
1787045059	request	5685	28046872	28042518	61788	21974175744	2950838	444873	20892512	8146040	31361	531	32258	82000
1787045060	request	5686	28046872	28042520	61788	21974175744	2950838	444873	20892260	8146040	31361	531	32258	83000
1787045061	request	5687	28046872	28042519	61788	21974175744	2950838	444873	20892020	8146040	31361	531	32258	84000
1787045063	request	5689	28046872	28042518	61788	21974175744	2950838	444873	20891780	8146040	31361	531	32258	87000
1787045064	request	5690	28046872	28042518	61788	21974175744	2950838	444873	20892576	8146040	31361	531	32258	87000
1787045065	request	5691	28046872	28042520	61788	21974175744	2950838	444873	20892576	8146040	31361	531	32258	83000
1787045067	request	5693	28046872	28042519	61788	21974175744	2950838	444873	20893716	8146040	31361	531	32258	84000
1787045068	request	5694	28046872	28042519	61788	21974175744	2950838	444873	20893716	8146040	31361	531	32258	85000
1787045069	request	5695	28046872	28042519	61788	21974175744	2950838	444873	20893908	8146040	31361	531	32258	86000
1787045070	request	5696	28046872	28042520	61788	21974175744	2950838	444873	20894716	8146040	31361	531	32258	91000
1787045072	request	5698	28046872	28042520	61788	21974175744	2950838	444873	20893912	8146040	31361	531	32258	84000
1787045073	request	5699	28046872	28042519	61788	21974175744	2950838	444873	20893912	8146040	31361	531	32258	83000
1787045074	request	5700	28046872	28042519	61788	21974175744	2950838	444873	20893912	8146040	31361	531	32258	86000
1787045076	request	5702	28046872	28042518	61788	21974175744	2950838	444873	20894808	8146040	31361	531	32258	87000
1787045077	request	5703	28046872	28042519	61788	21974175744	2950838	444873	20894556	8146040	31361	531	32258	82000
1787045078	request	5704	28046872	28042519	61788	21974175744	2950838	444873	20894316	8146040	31361	531	32258	82000
1787045080	request	5706	28046872	28042519	61788	21974175744	2950838	444873	20895836	8146040	31361	531	32258	84000
1787045081	request	5707	28046872	28042518	61788	21974175744	2950838	444873	20895596	8146040	31361	531	32258	89000
1787045082	request	5708	28046872	28042518	61788	21974175744	2950838	444873	20895596	8146040	31361	531	32258	89000
1787045083	request	5709	28046872	28042520	61788	21974175744	2950838	444873	20895596	8146040	31361	531	32258	85000
1787045085	request	5711	28046872	28042519	61788	21974175744	2950838	444873	20895344	8146040	31361	531	32258	83000
1787045086	request	5712	28046872	28042518	61788	21974175744	2950838	444873	20895344	8146040	31361	531	32258	83000
1787045087	request	5713	28046872	28042519	61788	21974175744	2950838	444873	20894616	8146040	31361	531	32258	93000
1787045089	request	5715	28046872	28042519	61788	21974175744	2950838	444873	20894348	8146040	31361	531	32258	92000
1787045090	request	5716	28046872	28042519	61788	21974175744	2950838	444873	20894348	8146040	31361	531	32258	84000
1787045091	request	5717	28046872	28042519	61788	21974175744	2950838	444873	20894348	8146040	31361	531	32258	86000
1787045093	request	5719	28046872	28042519	61788	21974175744	2950838	444873	20894348	8146040	31361	531	32258	86000
1787045094	request	5720	28046872	28042520	61788	21974175744	2950838	444873	20893868	8146040	31361	531	32258	88000
1787045095	request	5721	28046872	28042519	61788	21974175744	2950838	444873	20893616	8146040	31361	531	32258	83000
1787045096	request	5722	28046872	28042518	61788	21974175744	2950838	444873	20893520	8146040	31361	531	32258	83000
1787045098	request	5724	28046872	28042519	61788	21974175744	2950838	444873	20893280	8146040	31361	531	32258	84000
1787045099	request	5725	28046872	28042518	61788	21974175744	2950838	444873	20893220	8146040	31361	531	32258	88000
1787045100	request	5726	28046872	28042518	61788	21974175744	2950838	444873	20893368	8146040	31361	531	32258	89000
1787045102	request	5728	28046872	28042518	61788	21974175744	2950838	444873	20893368	8146040	31361	531	32258	83000
1787045103	request	5729	28046872	28042520	61788	21974175744	2950838	444873	20892996	8146040	31361	531	32258	83000
1787045104	request	5730	28046872	28042519	61788	21974175744	2950838	444873	20892876	8146040	31361	531	32258	86000
1787045106	request	5732	28046872	28042519	61788	21974175744	2950838	444873	20892888	8146040	31361	531	32258	89000
1787045107	request	5733	28046872	28042520	61788	21974175744	2950838	444873	20892636	8146040	31361	531	32258	83000
1787045108	request	5734	28046872	28042519	61788	21974175744	2950838	444873	20891880	8146040	31361	531	32258	83000
1787045109	request	5735	28046872	28042519	61788	21974175744	2950838	444873	20892776	8146040	31361	531	32258	84000
1787045111	request	5737	28046872	28042519	61788	21974175744	2950838	444873	20892968	8146040	31361	531	32258	86000
1787045112	request	5738	28046872	28042519	61788	21974175744	2950838	444873	20892968	8146040	31361	531	32258	83000
1787045113	request	5739	28046872	28042520	61788	21974175744	2950838	444873	20892728	8146040	31361	531	32258	84000
1787045115	request	5741	28046872	28042519	61788	21974175744	2950838	444873	20892980	8146040	31361	531	32258	83000
1787045116	request	5742	28046872	28042519	61788	21974175744	2950838	444873	20892980	8146040	31361	531	32258	83000
1787045117	request	5743	28046872	28042520	61788	21974175744	2950838	444873	20892980	8146040	31361	531	32258	93000
1787045119	request	5745	28046872	28042520	61788	21974175744	2950838	444873	20894044	8146040	31361	531	32258	89000
1787045120	request	5746	28046872	28042518	61788	21974175744	2950838	444873	20893792	8146040	31361	531	32258	84000
1787045121	request	5747	28046872	28042520	61788	21974175744	2950838	444873	20893552	8146040	31361	531	32258	83000
1787045122	request	5748	28046872	28042520	61788	21974175744	2950838	444873	20893692	8146040	31361	531	32258	84000
1787045124	request	5750	28046872	28042519	61788	21974175744	2950838	444873	20895184	8146040	31361	531	32258	85000
1787045125	request	5751	28046872	28042520	61788	21974175744	2950838	444873	20895184	8146040	31361	531	32258	83000
1787045126	request	5752	28046872	28042520	61788	21974175744	2950838	444873	20894428	8146040	31361	531	32258	82000
1787045128	request	5754	28046872	28042519	61788	21974175744	2950838	444873	20894552	8146040	31361	531	32258	83000
1787045129	request	5755	28046872	28042583	61788	21974175744	2950864	444873	20894632	8146040	31361	531	32258	88000
1787045130	request	5756	28047036	28042683	61788	21974175744	2950864	444873	20894632	8146040	31361	531	32258	90000
1787045131	request	5757	28047036	28042684	61788	21974175744	2950864	444873	20894816	8146040	31361	531	32258	85000
1787045133	request	5759	28047036	28042683	61788	21974175744	2950864	444873	20894324	8146040	31361	531	32258	84000
1787045134	request	5760	28047036	28042684	61788	21974175744	2950864	444873	20894620	8146040	31361	531	32258	83000
1787045135	request	5761	28047036	28042683	61788	21974175744	2950864	444873	20894324	8146040	31361	531	32258	88000
1787045137	request	5763	28047036	28042683	61788	21974175744	2950864	444873	20893904	8146040	31361	531	32258	83000
1787045138	request	5764	28047036	28042683	61788	21974175744	2950864	444873	20893904	8146040	31361	531	32258	83000
1787045139	request	5765	28047036	28042683	61788	21974175744	2950864	444873	20893904	8146040	31361	531	32258	83000
1787045141	request	5767	28047036	28042683	61788	21974175744	2950864	444873	20895052	8146040	31361	531	32258	84000
1787045142	request	5768	28047036	28042683	61788	21974175744	2950864	444873	20895420	8146040	31361	531	32258	88000
1787045143	request	5769	28047036	28042684	61788	21974175744	2950864	444873	20895420	8146040	31361	531	32258	83000
1787045144	request	5770	28047036	28042683	61788	21974175744	2950864	444873	20895544	8146040	31361	531	32258	83000
1787045146	request	5772	28047036	28042683	61788	21974175744	2950864	444873	20895704	8146040	31361	531	32258	84000
1787045147	request	5773	28047036	28042683	61788	21974175744	2950864	444873	20894976	8146040	31361	531	32258	84000
1787045148	request	5774	28047036	28042684	61788	21974175744	2950864	444873	20894696	8146040	31361	531	32258	94000
1787045150	request	5776	28047036	28042685	61788	21974175744	2950864	444873	20894204	8146040	31361	531	32258	83000
1787045151	request	5777	28047036	28042683	61788	21974175744	2950864	444873	20893096	8146040	31361	531	32258	84000
1787045152	request	5778	28047036	28042683	61788	21974175744	2950864	444873	20892988	8146040	31361	531	32258	85000
1787045154	request	5780	28047036	28042683	61788	21974175744	2950864	444873	20893492	8146040	31361	531	32258	85000
1787045155	request	5781	28047036	28042684	61788	21974175744	2950864	444873	20893492	8146040	31361	531	32258	87000
1787045156	request	5782	28047036	28042683	61788	21974175744	2950864	444873	20893492	8146040	31361	531	32258	83000
1787045157	request	5783	28047036	28042683	61788	21974175744	2950864	444873	20894584	8146040	31361	531	32258	83000
1787045159	request	5785	28047036	28042683	61788	21974175744	2950864	444873	20894584	8146040	31361	531	32258	85000
1787045160	request	5786	28047036	28042684	61788	21974175744	2950864	444873	20894764	8146040	31361	531	32258	85000
1787045161	request	5787	28047036	28042683	61788	21974175744	2950864	444873	20895032	8146040	31361	531	32258	83000
1787045163	request	5789	28047036	28042684	61788	21974175744	2950864	444873	20895688	8146040	31361	531	32258	84000
1787045164	request	5790	28047036	28042685	61788	21974175744	2950864	444873	20895756	8146040	31361	531	32258	84000
1787045165	request	5791	28047036	28042683	61788	21974175744	2950864	444873	20895504	8146040	31361	531	32258	89000
1787045166	request	5792	28047036	28042685	61788	21974175744	2950864	444873	20896124	8146040	31361	531	32258	89000
1787045168	request	5794	28047036	28042684	61788	21974175744	2950864	444873	20895480	8146040	31361	531	32258	84000
1787045169	request	5795	28047036	28042684	61788	21974175744	2950864	444873	20895520	8146040	31361	531	32258	85000
1787045170	request	5796	28047036	28042684	61788	21974175744	2950864	444873	20895520	8146040	31361	531	32258	83000
1787045172	request	5798	28047036	28042684	61788	21974175744	2950864	444873	20895268	8146040	31361	531	32258	86000
1787045173	request	5799	28047036	28042683	61788	21974175744	2950864	444873	20895268	8146040	31361	531	32258	82000
1787045174	request	5800	28047036	28042684	61788	21974175744	2950864	444873	20895016	8146040	31361	531	32258	83000
1787045176	request	5802	28047036	28042686	61788	21974175744	2950864	444873	20893264	8146040	31361	531	32258	84000
1787045177	request	5803	28047036	28042686	61788	21974175744	2950864	444873	20893388	8146040	31361	531	32258	84000
1787045178	request	5804	28047036	28042684	61788	21974175744	2950864	444873	20894572	8146040	31361	531	32258	88000
1787045180	request	5806	28047036	28042684	61788	21974175744	2950864	444873	20894452	8146040	31361	531	32258	84000
1787045181	request	5807	28047036	28042685	61788	21974175744	2950864	444873	20894212	8146040	31361	531	32258	85000
1787045182	request	5808	28047036	28042684	61788	21974175744	2950864	444873	20895632	8146040	31361	531	32258	84000
1787045183	request	5809	28047036	28042685	61788	21974175744	2950864	444873	20895872	8146040	31361	531	32258	85000
1787045185	request	5811	28047036	28042684	61788	21974175744	2950864	444873	20895632	8146040	31361	531	32258	84000
1787045186	request	5812	28047036	28042685	61788	21974175744	2950864	444873	20895632	8146040	31361	531	32258	83000
1787045187	request	5813	28047036	28042684	61788	21974175744	2950864	444873	20895380	8146040	31361	531	32258	83000
1787045189	request	5815	28047036	28042684	61788	21974175744	2950864	444873	20895852	8146040	31361	531	32258	83000
1787045190	request	5816	28047036	28042684	61788	21974175744	2950864	444873	20896008	8146040	31361	531	32258	82000
1787045191	request	5817	28047036	28042683	61788	21974175744	2950864	444873	20897076	8146040	31361	531	32258	88000
1787045192	request	5818	28047036	28042685	61788	21974175744	2950864	444873	20896844	8146040	31361	531	32258	84000
1787045194	request	5820	28047036	28042683	61788	21974175744	2950864	444873	20897292	8146040	31361	531	32258	83000
1787045195	request	5821	28047036	28042683	61788	21974175744	2950864	444873	20897040	8146040	31361	531	32258	85000
1787045196	request	5822	28047036	28042684	61788	21974175744	2950864	444873	20896536	8146040	31361	531	32258	92000
1787045198	request	5824	28047036	28042684	61788	21974175744	2950864	444873	20896788	8146040	31361	531	32258	83000
1787045199	request	5825	28047036	28042684	61788	21974175744	2950864	444873	20896788	8146040	31361	531	32258	83000
1787045200	request	5826	28047036	28042684	61788	21974175744	2950864	444873	20896040	8146040	31361	531	32258	86000
1787045202	request	5828	28047036	28042684	61788	21974175744	2950864	444873	20896024	8146040	31361	531	32258	84000
1787045203	request	5829	28047036	28042684	61788	21974175744	2950864	444873	20895796	8146040	31361	531	32258	94000
1787045204	request	5830	28047036	28042684	61788	21974175744	2950864	444873	20895556	8146040	31361	531	32258	83000
1787045205	request	5831	28047036	28042683	61788	21974175744	2950864	444873	20896172	8146040	31361	531	32258	86000
1787045207	request	5833	28047036	28042683	61788	21974175744	2950864	444873	20896808	8146040	31361	531	32258	83000
1787045208	request	5834	28047036	28042683	61788	21974175744	2950864	444873	20896556	8146040	31361	531	32258	86000
1787045209	request	5835	28047036	28042685	61788	21974175744	2950864	444873	20896316	8146040	31361	531	32258	80000
1787045211	request	5837	28047036	28042683	61788	21974175744	2950864	444873	20896316	8146040	31361	531	32258	85000
1787045212	request	5838	28047036	28042685	61788	21974175744	2950864	444873	20896004	8146040	31361	531	32258	84000
1787045213	request	5839	28047036	28042683	61788	21974175744	2950864	444873	20896080	8146040	31361	531	32258	84000
1787045214	request	5840	28047036	28042683	61788	21974175744	2950864	444873	20895828	8146040	31361	531	32258	86000
1787045216	request	5842	28047036	28042684	61788	21974175744	2950864	444873	20895828	8146040	31361	531	32258	89000
1787045217	request	5843	28047036	28042683	61788	21974175744	2950864	444873	20895828	8146040	31361	531	32258	83000
1787045218	request	5844	28047036	28042684	61788	21974175744	2950864	444873	20894832	8146040	31361	531	32258	82000
1787045220	request	5846	28047036	28042683	61788	21974175744	2950864	444873	20895112	8146040	31361	531	32258	85000
1787045221	request	5847	28047036	28042684	61788	21974175744	2950864	444873	20895112	8146040	31361	531	32258	86000
1787045222	request	5848	28047036	28042685	61788	21974175744	2950864	444873	20895112	8146040	31361	531	32258	87000
1787045223	request	5849	28047036	28042685	61788	21974175744	2950864	444873	20895112	8146040	31361	531	32258	84000
1787045225	request	5851	28047036	28042683	61788	21974175744	2950864	444873	20895808	8146040	31361	531	32258	83000
1787045226	request	5852	28047036	28042685	61788	21974175744	2950864	444873	20896172	8146040	31361	531	32258	79000
1787045227	request	5853	28047036	28042683	61788	21974175744	2950864	444873	20896652	8146040	31361	531	32258	84000
1787045229	request	5855	28047036	28042684	61788	21974175744	2950864	444873	20896744	8146040	31361	531	32258	84000
1787045230	request	5856	28047036	28042683	61788	21974175744	2950864	444873	20897208	8146040	31361	531	32258	83000
1787045231	request	5857	28047036	28042684	61788	21974175744	2950864	444873	20897208	8146040	31361	531	32258	83000
1787045233	request	5859	28047036	28042685	61788	21974175744	2950864	444873	20896664	8146040	31361	531	32258	84000
1787045234	request	5860	28047036	28042683	61788	21974175744	2950864	444873	20896464	8146040	31361	531	32258	90000
1787045235	request	5861	28047036	28042683	61788	21974175744	2950864	444873	20895972	8146040	31361	531	32258	83000
1787045236	request	5862	28047036	28042685	61788	21974175744	2950864	444873	20894852	8146040	31361	531	32258	84000
1787045238	request	5864	28047036	28042684	61788	21974175744	2950864	444873	20895076	8146040	31361	531	32258	83000
1787045239	request	5865	28047036	28042683	61788	21974175744	2950864	444873	20895836	8146040	31361	531	32258	85000
1787045240	request	5866	28047036	28042685	61788	21974175744	2950864	444873	20895584	8146040	31361	531	32258	86000
1787045242	request	5868	28047036	28042683	61788	21974175744	2950864	444873	20896328	8146040	31361	531	32258	83000
1787045243	request	5869	28047036	28042683	61788	21974175744	2950864	444873	20896076	8146040	31361	531	32258	83000
1787045244	request	5870	28047036	28042684	61788	21974175744	2950864	444873	20896076	8146040	31361	531	32258	82000
1787045245	request	5871	28047036	28042683	61788	21974175744	2950864	444873	20896328	8146040	31361	531	32258	92000
1787045247	request	5873	28047036	28042684	61788	21974175744	2950864	444873	20896076	8146040	31361	531	32258	92000
1787045248	request	5874	28047036	28042683	61788	21974175744	2950864	444873	20896328	8146040	31361	531	32258	83000
1787045249	request	5875	28047036	28042684	61788	21974175744	2950864	444873	20896076	8146040	31361	531	32258	84000
1787045251	request	5877	28047036	28042684	61788	21974175744	2950864	444873	20895500	8146040	31361	531	32258	85000
1787045252	request	5878	28047036	28042685	61788	21974175744	2950864	444873	20895008	8146040	31361	531	32258	88000
1787045253	request	5879	28047036	28042685	61788	21974175744	2950864	444873	20895008	8146040	31361	531	32258	83000
1787045255	request	5881	28047036	28042684	61788	21974175744	2950864	444873	20895232	8146040	31361	531	32258	82000
1787045256	request	5882	28047036	28042684	61788	21974175744	2950864	444873	20895988	8146040	31361	531	32258	83000
1787045257	request	5883	28047036	28042684	61788	21974175744	2950864	444873	20895592	8146040	31361	531	32258	87000
1787045258	request	5884	28047036	28042683	61788	21974175744	2950864	444873	20895228	8146040	31361	531	32258	89000
1787045260	request	5886	28047036	28042683	61788	21974175744	2950864	444873	20895464	8146040	31361	531	32258	83000
1787045261	request	5887	28047036	28042683	61788	21974175744	2950864	444873	20895496	8146040	31361	531	32258	83000
1787045262	request	5888	28047036	28042684	61788	21974175744	2950864	444873	20895496	8146040	31361	531	32258	83000
1787045264	request	5890	28047036	28042684	61788	21974175744	2950864	444873	20896572	8146040	31361	531	32258	87000
1787045265	request	5891	28047036	28042684	61788	21974175744	2950864	444873	20895980	8146040	31361	531	32258	83000
1787045266	request	5892	28047036	28042683	61788	21974175744	2950864	444873	20896020	8146040	31361	531	32258	83000
1787045268	request	5894	28047036	28042685	61788	21974175744	2950864	444873	20896020	8146040	31361	531	32258	83000
1787045269	request	5895	28047036	28042683	61788	21974175744	2950864	444873	20896116	8146040	31361	531	32258	86000
1787045270	request	5896	28047036	28042685	61788	21974175744	2950864	444873	20896116	8146040	31361	531	32258	88000
1787045271	request	5897	28047036	28042683	61788	21974175744	2950864	444873	20896116	8146040	31361	531	32258	84000
1787045273	request	5899	28047036	28042684	61788	21974175744	2950864	444873	20895624	8146040	31361	531	32258	83000
1787045274	request	5900	28047036	28042683	61788	21974175744	2950864	444873	20895372	8146040	31361	531	32258	83000
1787045275	request	5901	28047036	28042683	61788	21974175744	2950864	444873	20895372	8146040	31361	531	32258	88000
1787045277	request	5903	28047036	28042684	61788	21974175744	2950864	444873	20894880	8146040	31361	531	32258	84000
1787045278	request	5904	28047036	28042684	61788	21974175744	2950864	444873	20894880	8146040	31361	531	32258	83000
1787045279	request	5905	28047036	28042683	61788	21974175744	2950864	444873	20894880	8146040	31361	531	32258	83000
1787045281	request	5907	28047036	28042685	61788	21974175744	2950864	444873	20895300	8146040	31361	531	32258	83000
1787045282	request	5908	28047036	28042684	61788	21974175744	2950864	444873	20895060	8146040	31361	531	32258	86000
1787045283	request	5909	28047036	28042684	61788	21974175744	2950864	444873	20895060	8146040	31361	531	32258	86000
1787045284	request	5910	28047036	28042683	61788	21974175744	2950864	444873	20895060	8146040	31361	531	32258	84000
1787045286	request	5912	28047036	28042683	61788	21974175744	2950864	444873	20894580	8146040	31361	531	32258	84000
1787045287	request	5913	28047036	28042684	61788	21974175744	2950864	444873	20895004	8146040	31361	531	32258	83000
1787045288	request	5914	28047036	28042684	61788	21974175744	2950864	444873	20895004	8146040	31361	531	32258	93000
1787045290	request	5916	28047036	28042683	61788	21974175744	2950864	444873	20894752	8146040	31361	531	32258	90000
1787045291	request	5917	28047036	28042683	61788	21974175744	2950864	444873	20894500	8146040	31361	531	32258	83000
1787045292	request	5918	28047036	28042684	61788	21974175744	2950864	444873	20894500	8146040	31361	531	32258	83000
1787045294	request	5920	28047036	28042685	61788	21974175744	2950864	444873	20894008	8146040	31361	531	32258	86000
1787045295	request	5921	28047036	28042685	61788	21974175744	2950864	444873	20894512	8146040	31361	531	32258	87000
1787045296	request	5922	28047036	28042683	61788	21974175744	2950864	444873	20894764	8146040	31361	531	32258	83000
1787045297	request	5923	28047036	28042684	61788	21974175744	2950864	444873	20893912	8146040	31361	531	32258	83000
1787045299	request	5925	28047036	28042684	61788	21974175744	2950864	444873	20893940	8146040	31361	531	32258	83000
1787045300	request	5926	28047036	28042684	61788	21974175744	2950864	444873	20893940	8146040	31361	531	32258	85000
1787045301	request	5927	28047036	28042683	61788	21974175744	2950864	444873	20894304	8146040	31361	531	32258	81000
1787045303	request	5929	28047036	28042683	61788	21974175744	2950864	444873	20894360	8146040	31361	531	32258	84000
1787045304	request	5930	28047036	28042684	61788	21974175744	2950864	444873	20895984	8146040	31361	531	32258	83000
1787045305	request	5931	28047036	28042683	61788	21974175744	2950864	444873	20896348	8146040	31361	531	32258	83000
1787045307	request	5933	28047036	28042683	61788	21974175744	2950864	444873	20897540	8146040	31361	531	32258	90000
1787045308	request	5934	28047036	28042683	61788	21974175744	2950864	444873	20897540	8146040	31361	531	32258	89000
1787045309	request	5935	28047036	28042683	61788	21974175744	2950864	444873	20897048	8146040	31361	531	32258	83000
1787045310	request	5936	28047036	28042683	61788	21974175744	2950864	444873	20897048	8146040	31361	531	32258	84000
1787045312	request	5938	28047036	28042684	61788	21974175744	2950864	444873	20897160	8146040	31361	531	32258	88000
1787045313	request	5939	28047036	28042683	61788	21974175744	2950864	444873	20897160	8146040	31361	531	32258	83000
1787045314	request	5940	28047036	28042684	61788	21974175744	2950864	444873	20897160	8146040	31361	531	32258	82000
1787045316	request	5942	28047036	28042684	61788	21974175744	2950864	444873	20897160	8146040	31361	531	32258	84000
1787045317	request	5943	28047036	28042684	61788	21974175744	2950864	444873	20896920	8146040	31361	531	32258	83000
1787045318	request	5944	28047036	28042683	61788	21974175744	2950864	444873	20896416	8146040	31361	531	32258	85000
1787045320	request	5946	28047036	28042684	61788	21974175744	2950864	444873	20895840	8146040	31361	531	32258	91000
1787045321	request	5947	28047036	28042685	61788	21974175744	2950864	444873	20895980	8146040	31361	531	32258	83000
1787045322	request	5948	28047036	28042684	61788	21974175744	2950864	444873	20895980	8146040	31361	531	32258	84000
1787045323	request	5949	28047036	28042684	61788	21974175744	2950864	444873	20895980	8146040	31361	531	32258	84000
1787045325	request	5951	28047036	28042683	61788	21974175744	2950864	444873	20895980	8146040	31361	531	32258	93000
1787045326	request	5952	28047036	28042683	61788	21974175744	2950864	444873	20894984	8146040	31361	531	32258	88000
1787045327	request	5953	28047036	28042684	61788	21974175744	2950864	444873	20894568	8146040	31361	531	32258	85000
1787045329	request	5955	28047036	28042684	61788	21974175744	2950864	444873	20893560	8146040	31361	531	32258	84000
1787045330	request	5956	28047036	28042683	61788	21974175744	2950864	444873	20894136	8146040	31361	531	32258	85000
1787045331	request	5957	28047036	28042685	61788	21974175744	2950864	444873	20894900	8146040	31361	531	32258	86000
1787045333	request	5959	28047036	28042685	61788	21974175744	2950864	444873	20894896	8146040	31361	531	32258	88000
1787045334	request	5960	28047036	28042683	61788	21974175744	2950864	444873	20894896	8146040	31361	531	32258	84000
1787045335	request	5961	28047036	28042683	61788	21974175744	2950864	444873	20894896	8146040	31361	531	32258	85000
1787045336	request	5962	28047036	28042683	61788	21974175744	2950864	444873	20893888	8146040	31361	531	32258	79000
1787045338	request	5964	28047036	28042684	61788	21974175744	2950864	444873	20893900	8146040	31361	531	32258	89000
1787045339	request	5965	28047036	28042683	61788	21974175744	2950864	444873	20893900	8146040	31361	531	32258	82000
1787045340	request	5966	28047036	28042685	61788	21974175744	2950864	444873	20893900	8146040	31361	531	32258	83000
1787045342	request	5968	28047036	28042685	61788	21974175744	2950864	444873	20893900	8146040	31361	531	32258	83000
1787045343	request	5969	28047036	28042684	61788	21974175744	2950864	444873	20893900	8146040	31361	531	32258	79000
1787045344	request	5970	28047036	28042684	61788	21974175744	2950864	444873	20894096	8146040	31361	531	32258	86000
1787045345	request	5971	28047036	28042684	61788	21974175744	2950864	444873	20893732	8146040	31361	531	32258	85000
1787045347	request	5973	28047036	28042684	61788	21974175744	2950864	444873	20894792	8146040	31361	531	32258	83000
1787045348	request	5974	28047036	28042685	61788	21974175744	2950864	444873	20894540	8146040	31361	531	32258	83000
1787045349	request	5975	28047036	28042683	61788	21974175744	2950864	444873	20894540	8146040	31361	531	32258	89000
1787045351	request	5977	28047036	28042683	61788	21974175744	2950864	444873	20894384	8146040	31361	531	32258	87000
1787045352	request	5978	28047036	28042685	61788	21974175744	2950864	444873	20894144	8146040	31361	531	32258	83000
1787045353	request	5979	28047036	28042684	61788	21974175744	2950864	444873	20894144	8146040	31361	531	32258	83000
1787045355	request	5981	28047036	28042683	61788	21974175744	2950864	444873	20894144	8146040	31361	531	32258	83000
1787045356	request	5982	28047036	28042683	61788	21974175744	2950864	444873	20893892	8146040	31361	531	32258	88000
1787045357	request	5983	28047036	28042685	61788	21974175744	2950864	444873	20894144	8146040	31361	531	32258	90000
1787045358	request	5984	28047036	28042683	61788	21974175744	2950864	444873	20894200	8146040	31361	531	32258	84000
1787045360	request	5986	28047036	28042683	61788	21974175744	2950864	444873	20894648	8146040	31361	531	32258	85000
1787045361	request	5987	28047036	28042683	61788	21974175744	2950864	444873	20894612	8146040	31361	531	32258	86000
1787045362	request	5988	28047036	28042685	61788	21974175744	2950864	444873	20894712	8146040	31361	531	32258	83000
1787045364	request	5990	28047036	28042684	61788	21974175744	2950864	444873	20894712	8146040	31361	531	32258	83000
1787045365	request	5991	28047036	28042685	61788	21974175744	2950864	444873	20895936	8146040	31361	531	32258	84000
1787045366	request	5992	28047036	28042685	61788	21974175744	2950864	444873	20895444	8146040	31361	531	32258	85000
1787045368	request	5994	28047036	28042684	61788	21974175744	2950864	444873	20895444	8146040	31361	531	32258	85000
1787045369	request	5995	28047036	28042684	61788	21974175744	2950864	444873	20895336	8146040	31361	531	32258	88000
1787045370	request	5996	28047036	28042684	61788	21974175744	2950864	444873	20895336	8146040	31361	531	32258	83000
1787045371	request	5997	28047036	28042684	61788	21974175744	2950864	444873	20895588	8146040	31361	531	32258	84000
1787045373	request	5999	28047036	28042684	61788	21974175744	2950864	444873	20895588	8146040	31361	531	32258	83000
1787045374	request	6000	28047036	28042684	61788	21974175744	2950864	444873	20895336	8146040	31361	531	32258	82000
1787045375	request	6001	28047036	28042684	61788	21974175744	2950864	444873	20895084	8146040	31361	531	32258	92000
1787045377	request	6003	28047036	28042683	61788	21974175744	2950864	444873	20896056	8146040	31361	531	32258	84000
1787045378	request	6004	28047036	28042683	61788	21974175744	2950864	444873	20895564	8146040	31361	531	32258	84000
1787045379	request	6005	28047036	28042683	61788	21974175744	2950864	444873	20895568	8146040	31361	531	32258	84000
1787045381	request	6007	28047036	28042685	61788	21974175744	2950864	444873	20897020	8146040	31361	531	32258	88000
1787045382	request	6008	28047036	28042685	61788	21974175744	2950864	444873	20896764	8146040	31361	531	32258	91000
1787045383	request	6009	28047036	28042683	61788	21974175744	2950864	444873	20895896	8146040	31361	531	32258	83000
1787045384	request	6010	28047036	28042684	61788	21974175744	2950864	444873	20895756	8146040	31361	531	32258	84000
1787045386	request	6012	28047036	28042685	61788	21974175744	2950864	444873	20895264	8146040	31361	531	32258	86000
1787045387	request	6013	28047036	28042684	61788	21974175744	2950864	444873	20895024	8146040	31361	531	32258	88000
1787045388	request	6014	28047036	28042684	61788	21974175744	2950864	444873	20895388	8146040	31361	531	32258	83000
1787045390	request	6016	28047036	28042685	61788	21974175744	2950864	444873	20895224	8146040	31361	531	32258	84000
1787045391	request	6017	28047036	28042685	61788	21974175744	2950864	444873	20894972	8146040	31361	531	32258	87000
1787045392	request	6018	28047036	28042683	61788	21974175744	2950864	444873	20895280	8146040	31361	531	32258	83000
1787045393	request	6019	28047036	28042684	61788	21974175744	2950864	444873	20894636	8146040	31361	531	32258	80000
1787045395	request	6021	28047036	28042684	61788	21974175744	2950864	444873	20896556	8146040	31361	531	32258	83000
1787045396	request	6022	28047036	28042684	61788	21974175744	2950864	444873	20897328	8146040	31361	531	32258	84000
1787045397	request	6023	28047036	28042683	61788	21974175744	2950864	444873	20897328	8146040	31361	531	32258	87000
1787045399	request	6025	28047036	28042683	61788	21974175744	2950864	444873	20896836	8146040	31361	531	32258	86000
1787045400	request	6026	28047036	28042685	61788	21974175744	2950864	444873	20896960	8146040	31361	531	32258	91000
1787045401	request	6027	28047036	28042683	61788	21974175744	2950864	444873	20897416	8146040	31361	531	32258	83000
1787045402	request	6028	28047036	28042683	61788	21974175744	2950864	444873	20897136	8146040	31361	531	32258	82000
1787045404	request	6030	28047036	28042683	61788	21974175744	2950864	444873	20898052	8146040	31361	531	32258	81000
1787045405	request	6031	28047036	28042683	61788	21974175744	2950864	444873	20898920	8146040	31361	531	32258	87000
1787045406	request	6032	28047036	28042684	61788	21974175744	2950864	444873	20897912	8146040	31361	531	32258	88000
1787045408	request	6034	28047036	28042684	61788	21974175744	2950864	444873	20897168	8146040	31361	531	32258	83000
1787045409	request	6035	28047036	28042683	61788	21974175744	2950864	444873	20896412	8146040	31361	531	32258	83000
1787045410	request	6036	28047036	28042683	61788	21974175744	2950864	444873	20896464	8146040	31361	531	32258	85000
1787045411	request	6037	28047036	28042683	61788	21974175744	2950864	444873	20895860	8146040	31361	531	32258	83000
1787045413	request	6039	28047036	28042684	61788	21974175744	2950864	444873	20896136	8146040	31361	531	32258	84000
1787045414	request	6040	28047036	28042684	61788	21974175744	2950864	444873	20895928	8146040	31361	531	32258	83000
1787045415	request	6041	28047036	28042683	61788	21974175744	2950864	444873	20894932	8146040	31361	531	32258	84000
1787045417	request	6043	28047036	28042684	61788	21974175744	2950864	444873	20895044	8146040	31361	531	32258	81000
1787045418	request	6044	28047036	28042685	61788	21974175744	2950864	444873	20894396	8146040	31361	531	32258	93000
1787045419	request	6045	28047036	28042683	61788	21974175744	2950864	444873	20894940	8146040	31361	531	32258	84000
1787045421	request	6047	28047036	28042685	61788	21974175744	2950864	444873	20894940	8146040	31361	531	32258	84000
1787045422	request	6048	28047036	28042684	61788	21974175744	2950864	444873	20894700	8146040	31361	531	32258	84000
1787045423	request	6049	28047036	28042683	61788	21974175744	2950864	444873	20895624	8146040	31361	531	32258	85000
1787045424	request	6050	28047036	28042685	61788	21974175744	2950864	444873	20896944	8146040	31361	531	32258	83000
1787045426	request	6052	28047036	28042682	61788	21974175744	2950864	444873	20895852	8146040	31361	531	32258	83000
1787045427	request	6053	28047036	28042683	61788	21974175744	2950864	444873	20895912	8146040	31361	531	32258	83000
1787045428	request	6054	28047036	28042684	61788	21974175744	2950864	444873	20895912	8146040	31361	531	32258	84000
1787045430	request	6056	28047036	28042683	61788	21974175744	2950864	444873	20895796	8146040	31361	531	32258	89000
1787045431	request	6057	28047036	28042683	61788	21974175744	2950864	444873	20895796	8146040	31361	531	32258	88000
1787045432	request	6058	28047036	28042684	61788	21974175744	2950864	444873	20895796	8146040	31361	531	32258	83000
1787045433	request	6059	28047036	28042685	61788	21974175744	2950864	444873	20895796	8146040	31361	531	32258	84000
1787045435	request	6061	28047036	28042684	61788	21974175744	2950864	444873	20895480	8146040	31361	531	32258	83000
1787045436	request	6062	28047036	28042685	61788	21974175744	2950864	444873	20895340	8146040	31361	531	32258	85000
1787045437	request	6063	28047036	28042684	61788	21974175744	2950864	444873	20895340	8146040	31361	531	32258	92000
1787045439	request	6065	28047036	28042685	61788	21974175744	2950864	444873	20896048	8146040	31361	531	32258	83000
1787045440	request	6066	28047036	28042683	61788	21974175744	2950864	444873	20895544	8146040	31361	531	32258	85000
1787045441	request	6067	28047036	28042684	61788	21974175744	2950864	444873	20897140	8146040	31361	531	32258	85000
1787045443	request	6069	28047036	28042684	61788	21974175744	2950864	444873	20898076	8146040	31361	531	32258	89000
1787045444	request	6070	28047036	28042684	61788	21974175744	2950864	444873	20897932	8146040	31361	531	32258	89000
1787045445	request	6071	28047036	28042684	61788	21974175744	2950864	444873	20898184	8146040	31361	531	32258	83000
1787045446	request	6072	28047036	28042684	61788	21974175744	2950864	444873	20899428	8146040	31361	531	32258	83000
1787045448	request	6074	28047036	28042684	61788	21974175744	2950864	444873	20900632	8146040	31361	531	32258	84000
1787045449	request	6075	28047036	28042683	61788	21974175744	2950864	444873	20899628	8146040	31361	531	32258	86000
1787045450	request	6076	28047036	28042683	61788	21974175744	2950864	444873	20898256	8146040	31361	531	32258	90000
1787045452	request	6078	28047036	28042684	61788	21974175744	2950864	444873	20898632	8146040	31361	531	32258	83000
1787045453	request	6079	28047036	28042684	61788	21974175744	2950864	444873	20898380	8146040	31361	531	32258	85000
1787045454	request	6080	28047036	28042685	61788	21974175744	2950864	444873	20897684	8146040	31361	531	32258	84000
1787045455	request	6081	28047036	28042683	61788	21974175744	2950864	444873	20897276	8146040	31361	531	32258	88000
1787045457	request	6083	28047036	28042683	61788	21974175744	2950864	444873	20896268	8146040	31361	531	32258	83000
1787045458	request	6084	28047036	28042684	61788	21974175744	2950864	444873	20895132	8146040	31361	531	32258	84000
1787045459	request	6085	28047036	28042684	61788	21974175744	2950864	444873	20894664	8146040	31361	531	32258	84000
1787045461	request	6087	28047036	28042683	61788	21974175744	2950864	444873	20894200	8146040	31361	531	32258	86000
1787045462	request	6088	28047036	28042685	61788	21974175744	2950864	444873	20894200	8146040	31361	531	32258	85000
1787045463	request	6089	28047036	28042684	61788	21974175744	2950864	444873	20894200	8146040	31361	531	32258	84000
1787045465	request	6091	28047036	28042684	61788	21974175744	2950864	444873	20894460	8146040	31361	531	32258	83000
1787045466	request	6092	28047036	28042684	61788	21974175744	2950864	444873	20894220	8146040	31361	531	32258	84000
1787045467	request	6093	28047036	28042683	61788	21974175744	2950864	444873	20892732	8146040	31361	531	32258	89000
1787045469	request	6095	28047036	28042683	61788	21974175744	2950864	444873	20892704	8146040	31361	531	32258	87000
1787045470	request	6096	28047036	28042685	61788	21974175744	2950864	444873	20892568	8146040	31361	531	32258	85000
1787045471	request	6097	28047036	28042683	61788	21974175744	2950864	444873	20892816	8146040	31361	531	32258	83000
1787045472	request	6098	28047036	28042685	61788	21974175744	2950864	444873	20892820	8146040	31361	531	32258	84000
1787045474	request	6100	28047036	28042684	61788	21974175744	2950864	444873	20893936	8146040	31361	531	32258	86000
1787045475	request	6101	28047036	28042684	61788	21974175744	2950864	444873	20894240	8146040	31361	531	32258	90000
1787045476	request	6102	28047036	28042683	61788	21974175744	2950864	444873	20893964	8146040	31361	531	32258	84000
1787045478	request	6104	28047036	28042684	61788	21974175744	2950864	444873	20894560	8146040	31361	531	32258	85000
1787045479	request	6105	28047036	28042683	61788	21974175744	2950864	444873	20894308	8146040	31361	531	32258	88000
1787045480	request	6106	28047036	28042683	61788	21974175744	2950864	444873	20894816	8146040	31361	531	32258	84000
1787045481	request	6107	28047036	28042683	61788	21974175744	2950864	444873	20894564	8146040	31361	531	32258	84000
1787045483	request	6109	28047036	28042684	61788	21974175744	2950864	444873	20895416	8146040	31361	531	32258	84000
1787045484	request	6110	28047036	28042684	61788	21974175744	2950864	444873	20895052	8146040	31361	531	32258	86000
1787045485	request	6111	28047036	28042683	61788	21974175744	2950864	444873	20894660	8146040	31361	531	32258	82000
1787045486	request	6112	28047036	28042684	61788	21974175744	2950864	444873	20892956	8146040	31361	531	32258	87000
1787045488	request	6114	28047036	28042683	61788	21974175744	2950864	444873	20892956	8146040	31361	531	32258	83000
1787045489	request	6115	28047036	28042683	61788	21974175744	2950864	444873	20893304	8146040	31361	531	32258	84000
1787045490	request	6116	28047036	28042685	61788	21974175744	2950864	444873	20893264	8146040	31361	531	32258	85000
1787045492	request	6118	28047036	28042684	61788	21974175744	2950864	444873	20893704	8146040	31361	531	32258	88000
1787045493	request	6119	28047036	28042684	61788	21974175744	2950864	444873	20893444	8146040	31361	531	32258	86000
1787045494	request	6120	28047036	28042684	61788	21974175744	2950864	444873	20893768	8146040	31361	531	32258	84000
1787045496	request	6122	28047036	28042685	61788	21974175744	2950864	444873	20890836	8146080	31371	531	32269	83000
1787045497	request	6123	28047036	28042686	61788	21974175744	2950864	444873	20890580	8146388	31447	531	32350	86000
1787045498	request	6124	28047036	28042685	61788	21974175744	2950864	444873	20890236	8146388	31447	531	32350	87000
1787045500	request	6126	28047036	28042685	61788	21974175744	2950864	444873	20890712	8146392	31448	531	32351	92000
1787045501	request	6127	28047036	28042686	61788	21974175744	2950864	444873	20892740	8146408	31452	531	32355	87000
1787045502	request	6128	28047036	28042686	61788	21974175744	2950864	444873	20892932	8146408	31452	531	32355	86000
1787045503	request	6129	28047036	28042686	61788	21974175744	2950864	444873	20892844	8146424	31455	531	32358	84000
1787045505	request	6131	28047036	28042686	61788	21974175744	2950864	444873	20892452	8146424	31455	531	32358	90000
1787045506	request	6132	28047036	28042685	61788	21974175744	2950864	444873	20893496	8146424	31455	531	32358	92000
1787045507	request	6133	28047036	28042686	61788	21974175744	2950864	444873	20894180	8146424	31455	531	32358	85000
1787045508	request	6134	28047036	28042686	61788	21974175744	2950864	444873	20892480	8146424	31455	531	32358	87000
1787045510	request	6136	28047036	28042685	61788	21974175744	2950864	444873	20892836	8146424	31455	531	32358	84000
1787045511	request	6137	28047036	28042687	61788	21974175744	2950864	444873	20892836	8146424	31455	531	32358	83000
1787045512	request	6138	28047036	28042685	61788	21974175744	2950864	444873	20892332	8146424	31455	531	32358	88000
1787045514	request	6140	28047036	28042686	61788	21974175744	2950864	444873	20891840	8146424	31455	531	32358	83000
1787045515	request	6141	28047036	28042685	61788	21974175744	2950864	444873	20892072	8146424	31455	531	32358	84000
1787045516	request	6142	28047036	28042687	61788	21974175744	2950864	444873	20893252	8146424	31455	531	32358	86000
1787045517	request	6143	28047036	28042685	61788	21974175744	2950864	444873	20894132	8146424	31455	531	32358	90000
1787045519	request	6145	28047036	28042686	61788	21974175744	2950864	444873	20895108	8146424	31455	531	32358	92000
1787045520	request	6146	28047036	28042685	61788	21974175744	2950864	444873	20895432	8146424	31455	531	32358	86000
1787045521	request	6147	28047036	28042686	61788	21974175744	2950864	444873	20895432	8146424	31455	531	32358	82000
1787045522	request	6148	28047036	28042686	61788	21974175744	2950864	444873	20894500	8146424	31455	531	32358	87000
1787045524	request	6150	28047136	28042786	61788	21974175744	2950889	444873	20895068	8146424	31455	531	32358	90000
1787045525	request	6151	28047136	28042785	61788	21974175744	2950889	444873	20895200	8146424	31455	531	32358	93000
1787045526	request	6152	28047136	28042786	61788	21974175744	2950889	444873	20894696	8146424	31455	531	32358	85000
1787045528	request	6154	28047136	28042785	61788	21974175744	2950889	444873	20895764	8146424	31455	531	32358	84000
1787045529	request	6155	28047136	28042785	61788	21974175744	2950889	444873	20895832	8146428	31456	531	32359	84000
1787045530	request	6156	28047136	28042785	61788	21974175744	2950889	444873	20896824	8146428	31456	531	32359	89000
1787045531	request	6157	28047136	28042786	61788	21974175744	2950889	444873	20897424	8146428	31456	531	32359	90000
1787045532	request	6158	28047136	28042786	61788	21974175744	2950889	444873	20898548	8146428	31456	531	32359	87000
1787045534	request	6160	28047136	28042786	61788	21974175744	2950889	444873	20897356	8146428	31456	531	32359	86000
1787045535	request	6161	28047136	28042785	61788	21974175744	2950889	444873	20896760	8146428	31456	531	32359	87000
1787045536	request	6162	28047136	28042785	61788	21974175744	2950889	444873	20894812	8146428	31456	531	32359	93000
1787045538	request	6164	28047136	28042787	61788	21974175744	2950889	444873	20894364	8146428	31456	531	32359	87000
1787045539	request	6165	28047136	28042786	61788	21974175744	2950889	444873	20893860	8146428	31456	531	32359	88000
1787045540	request	6166	28047136	28042786	61788	21974175744	2950889	444873	20893368	8146428	31456	531	32359	84000
1787045541	request	6167	28047136	28042787	61788	21974175744	2950889	444873	20892624	8146428	31456	531	32359	87000
1787045543	request	6169	28047136	28042786	61788	21974175744	2950889	444873	20891800	8146428	31456	531	32359	90000
1787045544	request	6170	28047136	28042786	61788	21974175744	2950889	444873	20892344	8146428	31456	531	32359	89000
1787045545	request	6171	28047136	28042785	61788	21974175744	2950889	444873	20893076	8146428	31456	531	32360	87000
1787045546	request	6172	28047136	28042785	61788	21974175744	2950889	444873	20892472	8146432	31457	531	32360	83000
1787045548	request	6174	28047136	28042787	61788	21974175744	2950889	444873	20891528	8146432	31457	531	32360	84000
1787045549	request	6175	28047136	28042785	61788	21974175744	2950889	444873	20890740	8146448	31461	531	32364	87000
1787045550	request	6176	28047136	28042786	61788	21974175744	2950889	444873	20890520	8146448	31461	531	32364	93000
1787045552	request	6178	28047136	28042787	61788	21974175744	2950889	444873	20890280	8146448	31461	531	32364	89000
1787045553	request	6179	28047136	28042786	61788	21974175744	2950889	444873	20890028	8146448	31461	531	32364	84000
1787045554	request	6180	28047136	28042785	61788	21974175744	2950889	444873	20891004	8146448	31461	531	32364	84000
1787045555	request	6181	28047136	28042787	61788	21974175744	2950889	444873	20889672	8146448	31461	531	32364	95000
1787045557	request	6183	28047136	28042787	61788	21974175744	2950889	444873	20890480	8146448	31461	531	32364	92000
1787045558	request	6184	28047136	28042786	61788	21974175744	2950889	444873	20890692	8146448	31461	531	32364	84000
1787045559	request	6185	28047136	28042785	61788	21974175744	2950889	444873	20889948	8146448	31461	531	32364	84000
1787045561	request	6187	28047136	28042786	61788	21974175744	2950889	444873	20889444	8146448	31461	531	32364	86000
1787045562	request	6188	28047136	28042785	61788	21974175744	2950889	444873	20888952	8146448	31461	531	32364	94000
1787045563	request	6189	28047136	28042785	61788	21974175744	2950889	444873	20889204	8146448	31461	531	32364	86000
1787045564	request	6190	28047136	28042785	61788	21974175744	2950889	444873	20889068	8146448	31461	531	32364	87000
1787045566	request	6192	28047136	28042786	61788	21974175744	2950889	444873	20890832	8146448	31461	531	32364	86000
1787045567	request	6193	28047136	28042787	61788	21974175744	2950889	444873	20889328	8146448	31461	531	32364	84000
1787045568	request	6194	28047136	28042787	61788	21974175744	2950889	444873	20889144	8146448	31461	531	32364	94000
1787045569	request	6195	28047136	28042786	61788	21974175744	2950889	444873	20889936	8146448	31461	531	32364	87000
1787045571	request	6197	28047136	28042787	61788	21974175744	2950889	444873	20890596	8146448	31461	531	32364	84000
1787045572	request	6198	28047136	28042785	61788	21974175744	2950889	444873	20891020	8146448	31461	531	32364	84000
1787045573	request	6199	28047136	28042785	61788	21974175744	2950889	444873	20890276	8146448	31461	531	32364	85000
1787045574	request	6200	28047136	28042786	61788	21974175744	2950889	444873	20889532	8146468	31466	531	32369	93000
1787045576	request	6202	28047136	28042786	61788	21974175744	2950889	444873	20891076	8146468	31466	531	32369	92000
1787045577	request	6203	28047136	28042786	61788	21974175744	2950889	444873	20890612	8146472	31467	531	32370	87000
1787045578	request	6204	28047136	28042786	61788	21974175744	2950889	444873	20889716	8146476	31468	531	32371	87000
1787045579	request	6205	28047136	28042786	61788	21974175744	2950889	444873	20889708	8146476	31468	531	32371	90000
1787045581	request	6207	28047136	28042786	61788	21974175744	2950889	444873	20889912	8146476	31468	531	32371	92000
1787045582	request	6208	28047136	28042785	61788	21974175744	2950889	444873	20889904	8146480	31469	531	32372	92000
1787045583	request	6209	28047136	28042785	61788	21974175744	2950889	444873	20890400	8146484	31470	531	32373	86000
1787045585	request	6211	28047136	28042787	61788	21974175744	2950889	444873	20890212	8146488	31471	531	32374	84000
1787045586	request	6212	28047136	28042786	61788	21974175744	2950889	444873	20889412	8146488	31471	531	32374	86000
1787045587	request	6213	28047136	28042786	61788	21974175744	2950889	444873	20888408	8146492	31472	531	32375	90000
1787045588	request	6214	28047136	28042785	61788	21974175744	2950889	444873	20888148	8146492	31472	531	32375	93000
1787045590	request	6216	28047136	28042786	61788	21974175744	2950889	444873	20887580	8146492	31472	531	32375	86000
1787045591	request	6217	28047136	28042786	61788	21974175744	2950889	444873	20887440	8146496	31473	531	32376	84000
1787045592	request	6218	28047136	28042786	61788	21974175744	2950889	444873	20887784	8146500	31474	531	32377	84000
1787045593	request	6219	28047136	28042786	61788	21974175744	2950889	444873	20881684	8146648	31510	531	32419	93000
1787045595	request	6221	28047136	28042785	61788	21974175744	2950889	444873	20882080	8146660	31513	531	32422	92000
1787045596	request	6222	28047136	28042785	61788	21974175744	2950889	444873	20882080	8146660	31513	531	32422	85000
1787045597	request	6223	28047136	28042786	61788	21974175744	2950889	444873	20882656	8146660	31513	531	32422	85000
1787045599	request	6225	28047136	28042785	61788	21974175744	2950889	444873	20875984	8146736	31532	531	32441	86000
1787045600	request	6226	28047136	28042785	61788	21974175744	2950889	444873	20876948	8146736	31532	531	32441	87000
1787045601	request	6227	28047136	28042787	61788	21974175744	2950889	444873	20878008	8146764	31539	531	32448	86000
1787045602	request	6228	28047136	28042785	61788	21974175744	2950889	444873	20878820	8146764	31539	531	32448	84000
1787045604	request	6230	28047136	28042785	61788	21974175744	2950889	444873	20878188	8146764	31539	531	32448	84000
1787045605	request	6231	28047136	28042786	61788	21974175744	2950889	444873	20878048	8146764	31539	531	32448	85000
1787045606	request	6232	28047136	28042787	61788	21974175744	2950889	444873	20877704	8146772	31541	531	32450	89000
1787045608	request	6234	28047136	28042785	61788	21974175744	2950889	444873	20877244	8146776	31542	531	32451	84000
1787045609	request	6235	28047136	28042786	61788	21974175744	2950889	444873	20876752	8146776	31542	531	32451	85000
1787045610	request	6236	28047136	28042787	61788	21974175744	2950889	444873	20876756	8146776	31542	531	32451	87000
1787045611	request	6237	28047136	28042786	61788	21974175744	2950889	444873	20877180	8146776	31542	531	32451	86000
1787045613	request	6239	28047136	28042786	61788	21974175744	2950889	444873	20877624	8146780	31543	531	32452	93000
1787045614	request	6240	28047136	28042785	61788	21974175744	2950889	444873	20879096	8146788	31545	531	32454	85000
1787045615	request	6241	28047136	28042787	61788	21974175744	2950889	444873	20879096	8146788	31545	531	32454	85000
1787045617	request	6243	28047136	28042787	61788	21974175744	2950889	444873	20878844	8146788	31545	531	32454	85000
1787045618	request	6244	28047136	28042786	61788	21974175744	2950889	444873	20878528	8146788	31545	531	32454	89000
1787045619	request	6245	28047136	28042787	61788	21974175744	2950889	444873	20881004	8146788	31545	531	32454	88000
1787045621	request	6247	28047136	28042787	61788	21974175744	2950889	444873	20879720	8146872	31566	531	32475	81000
1787045622	request	6248	28047136	28042786	61788	21974175744	2950889	444873	20879344	8146872	31566	531	32475	87000
1787045623	request	6249	28047136	28042786	61788	21974175744	2950889	444873	20878348	8146872	31566	531	32475	84000
1787045624	request	6250	28047136	28042787	61788	21974175744	2950889	444873	20878196	8146872	31566	531	32475	93000
1787045626	request	6252	28047136	28042784	61788	21974175744	2950889	444873	20877944	8146888	31570	531	32479	90000
1787045627	request	6253	28047136	28042784	61788	21974175744	2950889	444873	20877464	8146888	31570	531	32479	85000
1787045628	request	6254	28047136	28042784	61788	21974175744	2950889	444873	20877192	8146888	31570	531	32479	88000
1787045629	request	6255	28047136	28042784	61788	21974175744	2950889	444873	20878536	8146888	31570	531	32479	84000
1787045631	request	6257	28047136	28042784	61788	21974175744	2950889	444873	20878728	8146888	31570	531	32479	88000
1787045632	request	6258	28047136	28042785	61788	21974175744	2950889	444873	20878364	8146888	31570	531	32479	90000
1787045633	request	6259	28047136	28042784	61788	21974175744	2950889	444873	20878252	8146888	31570	531	32479	84000
1787045635	request	6261	28047136	28042785	61788	21974175744	2950889	444873	20879272	8146888	31570	531	32479	84000
1787045636	request	6262	28047136	28042785	61788	21974175744	2950889	444873	20879040	8146888	31570	531	32479	86000
1787045637	request	6263	28047136	28042784	61788	21974175744	2950889	444873	20880420	8146888	31570	531	32479	88000
1787045638	request	6264	28047136	28042785	61788	21974175744	2950889	444873	20879916	8146888	31570	531	32479	84000
1787045640	request	6266	28047136	28042786	61788	21974175744	2950889	444873	20879664	8146888	31570	531	32479	83000
1787045641	request	6267	28047136	28042784	61788	21974175744	2950889	444873	20879172	8146888	31570	531	32479	83000
1787045642	request	6268	28047136	28042784	61788	21974175744	2950889	444873	20879172	8146888	31570	531	32479	80000
1787045644	request	6270	28047136	28042785	61788	21974175744	2950889	444873	20878668	8146888	31570	531	32479	89000
1787045645	request	6271	28047136	28042784	61788	21974175744	2950889	444873	20897188	8146900	31572	531	32481	88000
1787045646	request	6272	28047136	28042784	61788	21974175744	2950889	444873	20897188	8146900	31572	531	32481	84000
1787045648	request	6274	28047136	28042785	61788	21974175744	2950889	444873	20897200	8146900	31572	531	32481	85000
1787045649	request	6275	28047136	28042784	61788	21974175744	2950889	444873	20897200	8146900	31572	531	32481	86000
1787045650	request	6276	28047136	28042784	61788	21974175744	2950889	444873	20897708	8146900	31572	531	32481	85000
1787045651	request	6277	28047136	28042784	61788	21974175744	2950889	444873	20897244	8146900	31572	531	32481	83000
1787045653	request	6279	28047136	28042785	61788	21974175744	2950889	444873	20896904	8146900	31572	531	32481	84000
1787045654	request	6280	28047136	28042784	61788	21974175744	2950889	444873	20896904	8146900	31572	531	32481	84000
1787045655	request	6281	28047136	28042784	61788	21974175744	2950889	444873	20897452	8146900	31572	531	32481	82000
1787045657	request	6283	28047136	28042784	61788	21974175744	2950889	444873	20897648	8146900	31572	531	32481	89000
1787045658	request	6284	28047136	28042784	61788	21974175744	2950889	444873	20897712	8146900	31572	531	32481	84000
1787045659	request	6285	28047136	28042784	61788	21974175744	2950889	444873	20897824	8146900	31572	531	32481	82000
1787045660	request	6286	28047136	28042785	61788	21974175744	2950889	444873	20898704	8146900	31572	531	32481	85000
1787045662	request	6288	28047136	28042784	61788	21974175744	2950889	444873	20899192	8146900	31572	531	32481	92000
1787045663	request	6289	28047136	28042784	61788	21974175744	2950889	444873	20899340	8146900	31572	531	32481	86000
1787045664	request	6290	28047136	28042784	61788	21974175744	2950889	444873	20900516	8146900	31572	531	32481	84000
1787045666	request	6292	28047136	28042784	61788	21974175744	2950889	444873	20899748	8146900	31572	531	32481	84000
1787045667	request	6293	28047136	28042784	61788	21974175744	2950889	444873	20899496	8146900	31572	531	32481	84000
1787045668	request	6294	28047136	28042784	61788	21974175744	2950889	444873	20899244	8146900	31572	531	32481	90000
1787045670	request	6296	28047136	28042784	61788	21974175744	2950889	444873	20898752	8146900	31572	531	32481	86000
1787045671	request	6297	28047136	28042786	61788	21974175744	2950889	444873	20898512	8146900	31572	531	32481	84000
1787045672	request	6298	28047136	28042785	61788	21974175744	2950889	444873	20900276	8146900	31572	531	32481	84000
1787045673	request	6299	28047136	28042784	61788	21974175744	2950889	444873	20899888	8146900	31572	531	32481	85000
1787045675	request	6301	28047136	28042784	61788	21974175744	2950889	444873	20899384	8146900	31572	531	32481	88000
1787045676	request	6302	28047136	28042786	61788	21974175744	2950889	444873	20898656	8146900	31572	531	32481	90000
1787045677	request	6303	28047136	28042785	61788	21974175744	2950889	444873	20898244	8146900	31572	531	32481	83000
1787045679	request	6305	28047136	28042786	61788	21974175744	2950889	444873	20898244	8146900	31572	531	32481	83000
1787045680	request	6306	28047136	28042786	61788	21974175744	2950889	444873	20897992	8146900	31572	531	32481	83000
1787045681	request	6307	28047136	28042785	61788	21974175744	2950889	444873	20897992	8146900	31572	531	32481	89000
1787045683	request	6309	28047136	28042786	61788	21974175744	2950889	444873	20898668	8146900	31572	531	32481	82000
1787045684	request	6310	28047136	28042784	61788	21974175744	2950889	444873	20898528	8146900	31572	531	32481	84000
1787045685	request	6311	28047136	28042784	61788	21974175744	2950889	444873	20898452	8146900	31572	531	32481	86000
1787045687	request	6313	28047136	28042784	61788	21974175744	2950889	444873	20897344	8146900	31572	531	32481	87000
1787045688	request	6314	28047136	28042786	61788	21974175744	2950889	444873	20896724	8146900	31572	531	32481	86000
1787045689	request	6315	28047136	28042784	61788	21974175744	2950889	444873	20896248	8146900	31572	531	32481	83000
1787045690	request	6316	28047136	28042784	61788	21974175744	2950889	444873	20896784	8146900	31572	531	32481	84000
1787045692	request	6318	28047136	28042784	61788	21974175744	2950889	444873	20896900	8146900	31572	531	32481	83000
1787045693	request	6319	28047136	28042784	61788	21974175744	2950889	444873	20896900	8146900	31572	531	32481	85000
1787045694	request	6320	28047136	28042784	61788	21974175744	2950889	444873	20896492	8146900	31572	531	32481	90000
1787045696	request	6322	28047136	28042786	61788	21974175744	2950889	444873	20897668	8146900	31572	531	32481	84000
1787045697	request	6323	28047136	28042784	61788	21974175744	2950889	444873	20896912	8146900	31572	531	32481	85000
1787045698	request	6324	28047136	28042784	61788	21974175744	2950889	444873	20896912	8146900	31572	531	32481	84000
1787045699	request	6325	28047136	28042784	61788	21974175744	2950889	444873	20896912	8146900	31572	531	32481	91000
1787045701	request	6327	28047136	28042785	61788	21974175744	2950889	444873	20896684	8146900	31572	531	32481	89000
1787045702	request	6328	28047136	28042784	61788	21974175744	2950889	444873	20896684	8146900	31572	531	32481	83000
1787045703	request	6329	28047136	28042785	61788	21974175744	2950889	444873	20896688	8146900	31572	531	32481	84000
1787045705	request	6331	28047136	28042785	61788	21974175744	2950889	444873	20898324	8146900	31572	531	32481	85000
1787045706	request	6332	28047136	28042784	61788	21974175744	2950889	444873	20897820	8146900	31572	531	32481	83000
1787045707	request	6333	28047136	28042785	61788	21974175744	2950889	444873	20898072	8146900	31572	531	32481	83000
1787045708	request	6334	28047136	28042785	61788	21974175744	2950889	444873	20897316	8146900	31572	531	32481	84000
1787045710	request	6336	28047136	28042784	61788	21974175744	2950889	444873	20897568	8146900	31572	531	32481	83000
1787045711	request	6337	28047136	28042784	61788	21974175744	2950889	444873	20897568	8146900	31572	531	32481	83000
1787045712	request	6338	28047136	28042785	61788	21974175744	2950889	444873	20897568	8146900	31572	531	32481	88000
1787045714	request	6340	28047136	28042785	61788	21974175744	2950889	444873	20897328	8146900	31572	531	32481	89000
1787045715	request	6341	28047136	28042785	61788	21974175744	2950889	444873	20897300	8146900	31572	531	32481	84000
1787045716	request	6342	28047136	28042785	61788	21974175744	2950889	444873	20895968	8146900	31572	531	32481	86000
1787045717	request	6343	28047136	28042786	61788	21974175744	2950889	444873	20896040	8146900	31572	531	32481	85000
1787045719	request	6345	28047136	28042785	61788	21974175744	2950889	444873	20896040	8146900	31572	531	32481	87000
1787045720	request	6346	28047136	28042785	61788	21974175744	2950889	444873	20896040	8146900	31572	531	32481	88000
1787045721	request	6347	28047136	28042786	61788	21974175744	2950889	444873	20895800	8146900	31572	531	32481	83000
1787045723	request	6349	28047136	28042784	61788	21974175744	2950889	444873	20895804	8146900	31572	531	32481	84000
1787045724	request	6350	28047136	28042784	61788	21974175744	2950889	444873	20895900	8146900	31572	531	32481	84000
1787045725	request	6351	28047200	28042850	61788	21974175744	2950890	444873	20895900	8146900	31572	531	32481	90000
1787045727	request	6353	28047200	28042849	61788	21974175744	2950890	444873	20895916	8146900	31572	531	32481	88000
1787045728	request	6354	28047200	28042848	61788	21974175744	2950890	444873	20895676	8146900	31572	531	32481	84000
1787045729	request	6355	28047200	28042850	61788	21974175744	2950890	444873	20895312	8146900	31572	531	32481	83000
1787045730	request	6356	28047200	28042848	61788	21974175744	2950890	444873	20895048	8146900	31572	531	32481	85000
1787045732	request	6358	28047200	28042848	61788	21974175744	2950890	444873	20894796	8146900	31572	531	32481	87000
1787045733	request	6359	28047200	28042848	61788	21974175744	2950890	444873	20894796	8146900	31572	531	32481	89000
1787045734	request	6360	28047200	28042848	61788	21974175744	2950890	444873	20894796	8146900	31572	531	32481	86000
1787045736	request	6362	28047200	28042848	61788	21974175744	2950890	444873	20895340	8146900	31572	531	32481	84000
1787045737	request	6363	28047200	28042848	61788	21974175744	2950890	444873	20895340	8146900	31572	531	32481	86000
1787045738	request	6364	28047200	28042848	61788	21974175744	2950890	444873	20895352	8146900	31572	531	32481	86000
1787045739	request	6365	28047200	28042848	61788	21974175744	2950890	444873	20895604	8146900	31572	531	32481	88000
1787045741	request	6367	28047200	28042848	61788	21974175744	2950890	444873	20895872	8146900	31572	531	32481	84000
1787045742	request	6368	28047200	28042848	61788	21974175744	2950890	444873	20895872	8146900	31572	531	32481	83000
1787045743	request	6369	28047200	28042849	61788	21974175744	2950890	444873	20896884	8146900	31572	531	32481	84000
1787045745	request	6371	28047200	28042848	61788	21974175744	2950890	444873	20896648	8146900	31572	531	32481	90000
1787045746	request	6372	28047200	28042849	61788	21974175744	2950890	444873	20895304	8146900	31572	531	32481	88000
1787045747	request	6373	28047200	28042850	61788	21974175744	2950890	444873	20894888	8146900	31572	531	32481	87000
1787045749	request	6375	28047200	28042849	61788	21974175744	2950890	444873	20893640	8146900	31572	531	32481	84000
1787045750	request	6376	28047200	28042850	61788	21974175744	2950890	444873	20893644	8146900	31572	531	32481	86000
1787045751	request	6377	28047200	28042848	61788	21974175744	2950890	444873	20894408	8146900	31572	531	32481	93000
1787045752	request	6378	28047200	28042849	61788	21974175744	2950890	444873	20895752	8146900	31572	531	32481	87000
1787045754	request	6380	28047200	28042848	61788	21974175744	2950890	444873	20895520	8146900	31572	531	32481	83000
1787045755	request	6381	28047200	28042848	61788	21974175744	2950890	444873	20895616	8146900	31572	531	32481	83000
1787045756	request	6382	28047200	28042848	61788	21974175744	2950890	444873	20895616	8146900	31572	531	32481	86000
1787045758	request	6384	28047200	28042849	61788	21974175744	2950890	444873	20895580	8146900	31572	531	32481	88000
1787045759	request	6385	28047200	28042849	61788	21974175744	2950890	444873	20895624	8146900	31572	531	32481	84000
1787045760	request	6386	28047200	28042848	61788	21974175744	2950890	444873	20895988	8146900	31572	531	32481	87000
1787045761	request	6387	28047200	28042849	61788	21974175744	2950890	444873	20895196	8146900	31572	531	32481	84000
1787045763	request	6389	28047200	28042848	61788	21974175744	2950890	444873	20895308	8146900	31572	531	32481	89000
1787045764	request	6390	28047200	28042849	61788	21974175744	2950890	444873	20895524	8146900	31572	531	32481	81000
1787045765	request	6391	28047200	28042848	61788	21974175744	2950890	444873	20895524	8146900	31572	531	32481	85000
1787045767	request	6393	28047200	28042848	61788	21974175744	2950890	444873	20895508	8146900	31572	531	32481	84000
1787045768	request	6394	28047200	28042848	61788	21974175744	2950890	444873	20894748	8146900	31572	531	32481	84000
1787045769	request	6395	28047200	28042850	61788	21974175744	2950890	444873	20895116	8146900	31572	531	32481	81000
1787045770	request	6396	28047200	28042849	61788	21974175744	2950890	444873	20896064	8146900	31572	531	32481	89000
1787045772	request	6398	28047200	28042848	61788	21974175744	2950890	444873	20895812	8146900	31572	531	32481	83000
1787045773	request	6399	28047200	28042848	61788	21974175744	2950890	444873	20895812	8146900	31572	531	32481	83000
1787045774	request	6400	28047200	28042850	61788	21974175744	2950890	444873	20896176	8146900	31572	531	32481	85000
1787045776	request	6402	28047200	28042848	61788	21974175744	2950890	444873	20896308	8146900	31572	531	32481	90000
1787045777	request	6403	28047200	28042849	61788	21974175744	2950890	444873	20895348	8146900	31572	531	32481	89000
1787045778	request	6404	28047200	28042847	61788	21974175744	2950890	444873	20895348	8146900	31572	531	32481	83000
1787045779	request	6405	28047200	28042848	61788	21974175744	2950890	444873	20895348	8146900	31572	531	32481	84000
1787045781	request	6407	28047200	28042848	61788	21974175744	2950890	444873	20894756	8146900	31572	531	32481	84000
1787045782	request	6408	28047200	28042848	61788	21974175744	2950890	444873	20894756	8146900	31572	531	32481	78000
1787045783	request	6409	28047200	28042848	61788	21974175744	2950890	444873	20894756	8146900	31572	531	32481	88000
1787045785	request	6411	28047200	28042847	61788	21974175744	2950890	444873	20894756	8146900	31572	531	32481	84000
1787045786	request	6412	28047200	28042848	61788	21974175744	2950890	444873	20895124	8146900	31572	531	32481	84000
1787045787	request	6413	28047200	28042847	61788	21974175744	2950890	444873	20894872	8146900	31572	531	32481	84000
1787045788	request	6414	28047200	28042849	61788	21974175744	2950890	444873	20893876	8146900	31572	531	32481	87000
1787045790	request	6416	28047200	28042848	61788	21974175744	2950890	444873	20894284	8146900	31572	531	32481	89000
1787045791	request	6417	28047200	28042847	61788	21974175744	2950890	444873	20894284	8146900	31572	531	32481	83000
1787045792	request	6418	28047200	28042848	61788	21974175744	2950890	444873	20894284	8146900	31572	531	32481	84000
1787045794	request	6420	28047200	28042848	61788	21974175744	2950890	444873	20893780	8146900	31572	531	32481	83000
1787045795	request	6421	28047200	28042847	61788	21974175744	2950890	444873	20893292	8146900	31572	531	32481	83000
1787045796	request	6422	28047200	28042847	61788	21974175744	2950890	444873	20892812	8146900	31572	531	32481	83000
1787045797	request	6423	28047200	28042848	61788	21974175744	2950890	444873	20892844	8146900	31572	531	32481	83000
1787045799	request	6425	28047200	28042848	61788	21974175744	2950890	444873	20892604	8146900	31572	531	32481	84000
1787045800	request	6426	28047200	28042847	61788	21974175744	2950890	444873	20892424	8146900	31572	531	32481	83000
1787045801	request	6427	28047200	28042849	61788	21974175744	2950890	444873	20892424	8146900	31572	531	32481	86000
1787045803	request	6429	28047200	28042848	61788	21974175744	2950890	444873	20892184	8146900	31572	531	32481	88000
1787045804	request	6430	28047200	28042848	61788	21974175744	2950890	444873	20892184	8146900	31572	531	32481	83000
1787045805	request	6431	28047200	28042847	61788	21974175744	2950890	444873	20892184	8146900	31572	531	32481	83000
1787045807	request	6433	28047200	28042848	61788	21974175744	2950890	444873	20892548	8146900	31572	531	32481	84000
1787045808	request	6434	28047200	28042847	61788	21974175744	2950890	444873	20893048	8146900	31572	531	32481	89000
1787045809	request	6435	28047200	28042847	61788	21974175744	2950890	444873	20893644	8146900	31572	531	32481	88000
1787045810	request	6436	28047200	28042849	61788	21974175744	2950890	444873	20893280	8146900	31572	531	32481	85000
1787045812	request	6438	28047200	28042848	61788	21974175744	2950890	444873	20893200	8146900	31572	531	32481	84000
1787045813	request	6439	28047200	28042848	61788	21974175744	2950890	444873	20892772	8146900	31572	531	32481	83000
1787045814	request	6440	28047200	28042847	61788	21974175744	2950890	444873	20892564	8146900	31572	531	32481	87000
1787045816	request	6442	28047200	28042848	61788	21974175744	2950890	444873	20892596	8146900	31572	531	32481	90000
1787045817	request	6443	28047200	28042848	61788	21974175744	2950890	444873	20892992	8146900	31572	531	32481	83000
1787045818	request	6444	28047200	28042847	61788	21974175744	2950890	444873	20892740	8146900	31572	531	32481	86000
1787045820	request	6446	28047200	28042848	61788	21974175744	2950890	444873	20893472	8146900	31572	531	32481	84000
1787045821	request	6447	28047200	28042847	61788	21974175744	2950890	444873	20893220	8146900	31572	531	32481	93000
1787045822	request	6448	28047200	28042848	61788	21974175744	2950890	444873	20893872	8146900	31572	531	32481	88000
1787045823	request	6449	28047200	28042848	61788	21974175744	2950890	444873	20893620	8146900	31572	531	32481	83000
1787045825	request	6451	28047200	28042848	61788	21974175744	2950890	444873	20894680	8146900	31572	531	32481	85000
1787045826	request	6452	28047200	28042846	61788	21974175744	2950890	444873	20894316	8146900	31572	531	32481	85000
1787045827	request	6453	28047200	28042912	61788	21982380032	2950891	444874	20893312	8146900	31572	531	32482	89000
1787045829	request	6455	28047268	28042917	61788	21982380032	2950891	444874	20893020	8146900	31572	531	32482	84000
1787045830	request	6456	28047268	28042916	61788	21982380032	2950891	444874	20893132	8146900	31572	531	32482	83000
1787045831	request	6457	28047268	28042915	61788	21982380032	2950891	444874	20892880	8146900	31572	531	32482	84000
1787045833	request	6459	28047268	28042915	61788	21982380032	2950891	444874	20892956	8146900	31572	531	32482	84000
1787045834	request	6460	28047268	28042915	61788	21982380032	2950891	444874	20892784	8146900	31572	531	32482	86000
1787045835	request	6461	28047268	28042915	61788	21982380032	2950891	444874	20892544	8146900	31572	531	32482	91000
1787045836	request	6462	28047268	28042915	61788	21982380032	2950891	444874	20892292	8146900	31572	531	32482	84000
1787045838	request	6464	28047268	28042917	61788	21982380032	2950891	444874	20892040	8146900	31572	531	32482	83000
1787045839	request	6465	28047268	28042917	61788	21982380032	2950891	444874	20892040	8146900	31572	531	32482	85000
1787045840	request	6466	28047268	28042916	61788	21982380032	2950891	444874	20892400	8146900	31572	531	32482	87000
1787045842	request	6468	28047268	28042915	61788	21982380032	2950891	444874	20892288	8146900	31572	531	32482	82000
1787045843	request	6469	28047268	28042915	61788	21982380032	2950891	444874	20892288	8146900	31572	531	32482	83000
1787045844	request	6470	28047268	28042915	61788	21982380032	2950891	444874	20892036	8146900	31572	531	32482	86000
1787045846	request	6472	28047268	28042915	61788	21982380032	2950891	444874	20891720	8146900	31572	531	32482	85000
1787045847	request	6473	28047268	28042916	61788	21982380032	2950891	444874	20891644	8146900	31572	531	32482	88000
1787045848	request	6474	28047268	28042915	61788	21982380032	2950891	444874	20891152	8146900	31572	531	32482	88000
1787045849	request	6475	28047268	28042915	61788	21982380032	2950891	444874	20891152	8146900	31572	531	32482	86000
1787045851	request	6477	28047268	28042915	61788	21982380032	2950891	444874	20891144	8146900	31572	531	32482	84000
1787045852	request	6478	28047268	28042915	61788	21982380032	2950891	444874	20890400	8146900	31572	531	32482	86000
1787045853	request	6479	28047268	28042915	61788	21982380032	2950891	444874	20889644	8146900	31572	531	32482	88000
1787045855	request	6481	28047268	28042915	61788	21982380032	2950891	444874	20889644	8146900	31572	531	32482	87000
1787045856	request	6482	28047268	28042916	61788	21982380032	2950891	444874	20889644	8146900	31572	531	32482	86000
1787045857	request	6483	28047268	28042915	61788	21982380032	2950891	444874	20889880	8146900	31572	531	32482	84000
1787045858	request	6484	28047268	28042916	61788	21982380032	2950891	444874	20889992	8146900	31572	531	32482	84000
1787045860	request	6486	28047268	28042916	61788	21982380032	2950891	444874	20890728	8146900	31572	531	32482	88000
1787045861	request	6487	28047268	28042917	61788	21982380032	2950891	444874	20890728	8146900	31572	531	32482	86000
1787045862	request	6488	28047268	28042917	61788	21982380032	2950891	444874	20890728	8146900	31572	531	32482	84000
1787045864	request	6490	28047268	28042916	61788	21982380032	2950891	444874	20892280	8146900	31572	531	32482	84000
1787045865	request	6491	28047268	28042915	61788	21982380032	2950891	444874	20893228	8146900	31572	531	32482	84000
1787045866	request	6492	28047268	28042915	61788	21982380032	2950891	444874	20892988	8146900	31572	531	32482	85000
1787045867	request	6493	28047268	28042916	61788	21982380032	2950891	444874	20892988	8146900	31572	531	32482	88000
1787045869	request	6495	28047268	28042916	61788	21982380032	2950891	444874	20892496	8146900	31572	531	32482	83000
1787045870	request	6496	28047268	28042917	61788	21982380032	2950891	444874	20892496	8146900	31572	531	32482	84000
1787045871	request	6497	28047268	28042915	61788	21982380032	2950891	444874	20891740	8146900	31572	531	32482	86000
1787045873	request	6499	28047268	28042915	61788	21982380032	2950891	444874	20891600	8146900	31572	531	32482	87000
1787045874	request	6500	28047268	28042915	61788	21982380032	2950891	444874	20891348	8146900	31572	531	32482	89000
1787045875	request	6501	28047268	28042916	61788	21982380032	2950891	444874	20891096	8146900	31572	531	32482	81000
1787045877	request	6503	28047268	28042917	61788	21982380032	2950891	444874	20891444	8146900	31572	531	32482	83000
1787045878	request	6504	28047268	28042916	61788	21982380032	2950891	444874	20891180	8146900	31572	531	32482	83000
1787045879	request	6505	28047268	28042916	61788	21982380032	2950891	444874	20891500	8146900	31572	531	32482	90000
1787045880	request	6506	28047268	28042916	61788	21982380032	2950891	444874	20891296	8146900	31572	531	32482	85000
1787045882	request	6508	28047268	28042915	61788	21982380032	2950891	444874	20891076	8146900	31572	531	32482	84000
1787045883	request	6509	28047268	28042915	61788	21982380032	2950891	444874	20891076	8146900	31572	531	32482	85000
1787045884	request	6510	28047268	28042917	61788	21982380032	2950891	444874	20891440	8146900	31572	531	32482	90000
1787045886	request	6512	28047268	28042917	61788	21982380032	2950891	444874	20892048	8146900	31572	531	32482	82000
1787045887	request	6513	28047268	28042917	61788	21982380032	2950891	444874	20891556	8146900	31572	531	32482	83000
1787045888	request	6514	28047268	28042915	61788	21982380032	2950891	444874	20891308	8146900	31572	531	32482	83000
1787045890	request	6516	28047268	28042915	61788	21982380032	2950891	444874	20892236	8146900	31572	531	32482	86000
1787045891	request	6517	28047268	28042917	61788	21982380032	2950891	444874	20892352	8146900	31572	531	32482	84000
1787045892	request	6518	28047268	28042916	61788	21982380032	2950891	444874	20892816	8146900	31572	531	32482	90000
1787045893	request	6519	28047268	28042917	61788	21982380032	2950891	444874	20892200	8146900	31572	531	32482	83000
1787045895	request	6521	28047268	28042917	61788	21982380032	2950891	444874	20891316	8146900	31572	531	32482	84000
1787045896	request	6522	28047268	28042916	61788	21982380032	2950891	444874	20891892	8146900	31572	531	32482	84000
1787045897	request	6523	28047268	28042915	61788	21982380032	2950891	444874	20891904	8146900	31572	531	32482	84000
1787045898	request	6524	28047268	28042915	61788	21982380032	2950891	444874	20891456	8146900	31572	531	32482	88000
1787045900	request	6526	28047268	28042916	61788	21982380032	2950891	444874	20891800	8146900	31572	531	32482	82000
1787045901	request	6527	28047268	28042915	61788	21982380032	2950891	444874	20891876	8146900	31572	531	32482	83000
1787045902	request	6528	28047268	28042915	61788	21982380032	2950891	444874	20891624	8146900	31572	531	32482	83000
1787045904	request	6530	28047268	28042916	61788	21982380032	2950891	444874	20892720	8146900	31572	531	32482	82000
1787045905	request	6531	28047268	28042916	61788	21982380032	2950891	444874	20892876	8146900	31572	531	32482	85000
1787045906	request	6532	28047268	28042915	61788	21982380032	2950891	444874	20892876	8146900	31572	531	32482	88000
1787045907	request	6533	28047268	28042916	61788	21982380032	2950891	444874	20892876	8146900	31572	531	32482	83000
1787045909	request	6535	28047268	28042916	61788	21982380032	2950891	444874	20892696	8146900	31572	531	32482	85000
1787045910	request	6536	28047268	28042916	61788	21982380032	2950891	444874	20892892	8146900	31572	531	32482	86000
1787045911	request	6537	28047268	28042916	61788	21982380032	2950891	444874	20892888	8146900	31572	531	32482	88000
1787045913	request	6539	28047268	28042915	61788	21982380032	2950891	444874	20892888	8146900	31572	531	32482	87000
1787045914	request	6540	28047268	28042916	61788	21982380032	2950891	444874	20892648	8146900	31572	531	32482	83000
1787045915	request	6541	28047268	28042915	61788	21982380032	2950891	444874	20892648	8146900	31572	531	32482	84000
1787045917	request	6543	28047268	28042915	61788	21982380032	2950891	444874	20892284	8146900	31572	531	32482	82000
1787045918	request	6544	28047268	28042915	61788	21982380032	2950891	444874	20891728	8146900	31572	531	32482	82000
1787045919	request	6545	28047268	28042915	61788	21982380032	2950891	444874	20891728	8146900	31572	531	32482	82000
1787045920	request	6546	28047268	28042916	61788	21982380032	2950891	444874	20891728	8146900	31572	531	32482	84000
1787045922	request	6548	28047268	28042916	61788	21982380032	2950891	444874	20891832	8146900	31572	531	32482	84000
1787045923	request	6549	28047268	28042917	61788	21982380032	2950891	444874	20891832	8146900	31572	531	32482	82000
1787045924	request	6550	28047268	28042915	61788	21982380032	2950891	444874	20891340	8146900	31572	531	32482	88000
1787045926	request	6552	28047268	28042916	61788	21982380032	2950891	444874	20891592	8146900	31572	531	32482	83000
1787045927	request	6553	28047268	28042917	61788	21982380032	2950891	444874	20891308	8146900	31572	531	32482	83000
1787045928	request	6554	28047268	28042917	61788	21982380032	2950891	444874	20891308	8146900	31572	531	32482	86000
1787045930	request	6556	28047268	28042915	61788	21982380032	2950891	444874	20892508	8146900	31572	531	32482	86000
1787045931	request	6557	28047496	28043145	61788	21982380032	2950948	444874	20892268	8146900	31572	531	32482	89000
1787045932	request	6558	28047496	28043143	61788	21982380032	2950948	444874	20892520	8146900	31572	531	32482	82000
1787045933	request	6559	28047496	28043144	61788	21982380032	2950948	444874	20892268	8146900	31572	531	32482	83000
1787045935	request	6561	28047496	28043144	61788	21982380032	2950948	444874	20892736	8146900	31572	531	32482	83000
1787045936	request	6562	28047496	28043145	61788	21982380032	2950948	444874	20892988	8146900	31572	531	32482	82000
1787045937	request	6563	28047496	28043145	61788	21982380032	2950948	444874	20893224	8146900	31572	531	32482	90000
1787045939	request	6565	28047496	28043145	61788	21982380032	2950948	444874	20893380	8146900	31572	531	32482	83000
1787045940	request	6566	28047496	28043143	61788	21982380032	2950948	444874	20893380	8146900	31572	531	32482	83000
1787045941	request	6567	28047496	28043145	61788	21982380032	2950948	444874	20893380	8146900	31572	531	32482	85000
1787045943	request	6569	28047496	28043145	61788	21982380032	2950948	444874	20893324	8146900	31572	531	32482	88000
1787045944	request	6570	28047496	28043143	61788	21982380032	2950948	444874	20893444	8146900	31572	531	32482	82000
1787045945	request	6571	28047496	28043145	61788	21982380032	2950948	444874	20893444	8146900	31572	531	32482	82000
1787045946	request	6572	28047496	28043143	61788	21982380032	2950948	444874	20894172	8146900	31572	531	32482	85000
1787045948	request	6574	28047496	28043145	61788	21982380032	2950948	444874	20894172	8146900	31572	531	32482	82000
1787045949	request	6575	28047496	28043144	61788	21982380032	2950948	444874	20893920	8146900	31572	531	32482	79000
1787045950	request	6576	28047496	28043144	61788	21982380032	2950948	444874	20892912	8146900	31572	531	32482	88000
1787045951	request	6577	28047496	28043143	61788	21982380032	2950948	444874	20891916	8146900	31572	531	32482	83000
1787045953	request	6579	28047496	28043145	61788	21982380032	2950948	444874	20891676	8146900	31572	531	32482	84000
1787045954	request	6580	28047496	28043144	61788	21982380032	2950948	444874	20891676	8146900	31572	531	32482	84000
1787045955	request	6581	28047496	28043143	61788	21982380032	2950948	444874	20891820	8146900	31572	531	32482	88000
1787045957	request	6583	28047496	28043145	61788	21982380032	2950948	444874	20892620	8146900	31572	531	32482	89000
1787045958	request	6584	28047496	28043143	61788	21982380032	2950948	444874	20892620	8146900	31572	531	32482	83000
1787045959	request	6585	28047496	28043145	61788	21982380032	2950948	444874	20892620	8146900	31572	531	32482	82000
1787045961	request	6587	28047496	28043144	61788	21982380032	2950948	444874	20892116	8146900	31572	531	32482	85000
1787045962	request	6588	28047496	28043145	61788	21982380032	2950948	444874	20892928	8146900	31572	531	32482	86000
1787045963	request	6589	28047496	28043144	61788	21982380032	2950948	444874	20893480	8146900	31572	531	32482	85000
1787045964	request	6590	28047496	28043144	61788	21982380032	2950948	444874	20893480	8146900	31572	531	32482	83000
1787045966	request	6592	28047496	28043143	61788	21982380032	2950948	444874	20893480	8146900	31572	531	32482	82000
1787045967	request	6593	28047496	28043144	61788	21982380032	2950948	444874	20893480	8146900	31572	531	32482	83000
1787045968	request	6594	28047496	28043143	61788	21982380032	2950948	444874	20892724	8146900	31572	531	32482	83000
1787045970	request	6596	28047496	28043144	61788	21982380032	2950948	444874	20893332	8146900	31572	531	32482	87000
1787045971	request	6597	28047496	28043143	61788	21982380032	2950948	444874	20893332	8146900	31572	531	32482	86000
1787045972	request	6598	28047496	28043144	61788	21982380032	2950948	444874	20894044	8146900	31572	531	32482	83000
1787045973	request	6599	28047496	28043144	61788	21982380032	2950948	444874	20893900	8146900	31572	531	32482	84000
1787045975	request	6601	28047496	28043144	61788	21982380032	2950948	444874	20893252	8146900	31572	531	32482	89000
1787045976	request	6602	28047496	28043145	61788	21982380032	2950948	444874	20893016	8146900	31572	531	32482	85000
1787045977	request	6603	28047496	28043143	61788	21982380032	2950948	444874	20893016	8146900	31572	531	32482	82000
1787045979	request	6605	28047496	28043143	61788	21982380032	2950948	444874	20893712	8146900	31572	531	32482	84000
1787045980	request	6606	28047496	28043144	61788	21982380032	2950948	444874	20894196	8146900	31572	531	32482	83000
1787045981	request	6607	28047496	28043144	61788	21982380032	2950948	444874	20893948	8146900	31572	531	32482	86000
1787045982	request	6608	28047496	28043143	61788	21982380032	2950948	444874	20894284	8146900	31572	531	32482	90000
1787045984	request	6610	28047496	28043144	61788	21982380032	2950948	444874	20894812	8146900	31572	531	32482	84000
1787045985	request	6611	28047496	28043143	61788	21982380032	2950948	444874	20894812	8146900	31572	531	32482	83000
1787045986	request	6612	28047496	28043144	61788	21982380032	2950948	444874	20895180	8146900	31572	531	32482	83000
1787045988	request	6614	28047496	28043144	61788	21982380032	2950948	444874	20895552	8146900	31572	531	32482	87000
1787045989	request	6615	28047496	28043143	61788	21982380032	2950948	444874	20894356	8146900	31572	531	32482	88000
1787045990	request	6616	28047496	28043144	61788	21982380032	2950948	444874	20894356	8146900	31572	531	32482	83000
1787045992	request	6618	28047496	28043144	61788	21982380032	2950948	444874	20894104	8146900	31572	531	32482	84000
1787045993	request	6619	28047496	28043143	61788	21982380032	2950948	444874	20893924	8146900	31572	531	32482	84000
1787045994	request	6620	28047496	28043143	61788	21982380032	2950948	444874	20893924	8146900	31572	531	32482	87000
1787045995	request	6621	28047496	28043143	61788	21982380032	2950948	444874	20894752	8146900	31572	531	32482	86000
1787045997	request	6623	28047496	28043145	61788	21982380032	2950948	444874	20894752	8146900	31572	531	32482	83000
1787045998	request	6624	28047496	28043144	61788	21982380032	2950948	444874	20893784	8146900	31572	531	32482	83000
1787045999	request	6625	28047496	28043144	61788	21982380032	2950948	444874	20893756	8146900	31572	531	32482	82000
1787046001	request	6627	28047496	28043143	61788	21982380032	2950948	444874	20894488	8146900	31572	531	32482	90000
1787046002	request	6628	28047496	28043143	61788	21982380032	2950948	444874	20894824	8146900	31572	531	32482	88000
1787046003	request	6629	28047496	28043143	61788	21982380032	2950948	444874	20894824	8146900	31572	531	32482	83000
1787046004	request	6630	28047496	28043143	61788	21982380032	2950948	444874	20894908	8146900	31572	531	32482	83000
1787046006	request	6632	28047496	28043143	61788	21982380032	2950948	444874	20895160	8146900	31572	531	32482	83000
1787046007	request	6633	28047496	28043143	61788	21982380032	2950948	444874	20895240	8146900	31572	531	32482	82000
1787046008	request	6634	28047496	28043145	61788	21982380032	2950948	444874	20894512	8146900	31572	531	32482	93000
1787046010	request	6636	28047496	28043144	61788	21982380032	2950948	444874	20894988	8146900	31572	531	32482	92000
1787046011	request	6637	28047496	28043143	61788	21982380032	2950948	444874	20894988	8146900	31572	531	32482	84000
1787046012	request	6638	28047496	28043144	61788	21982380032	2950948	444874	20894988	8146900	31572	531	32482	83000
1787046014	request	6640	28047496	28043143	61788	21982380032	2950948	444874	20895592	8146900	31572	531	32482	87000
1787046015	request	6641	28047496	28043145	61788	21982380032	2950948	444874	20894848	8146900	31572	531	32482	88000
1787046016	request	6642	28047496	28043143	61788	21982380032	2950948	444874	20894848	8146900	31572	531	32482	83000
1787046017	request	6643	28047496	28043144	61788	21982380032	2950948	444874	20894608	8146900	31572	531	32482	85000
1787046019	request	6645	28047496	28043145	61788	21982380032	2950948	444874	20894608	8146900	31572	531	32482	84000
1787046020	request	6646	28047496	28043144	61788	21982380032	2950948	444874	20894608	8146900	31572	531	32482	87000
1787046021	request	6647	28047496	28043143	61788	21982380032	2950948	444874	20895336	8146900	31572	531	32482	86000
1787046023	request	6649	28047496	28043145	61788	21982380032	2950948	444874	20895476	8146900	31572	531	32482	82000
1787046024	request	6650	28047496	28043143	61788	21982380032	2950948	444874	20895236	8146900	31572	531	32482	83000
1787046025	request	6651	28047496	28043143	61788	21982380032	2950948	444874	20895236	8146900	31572	531	32482	84000
1787046027	request	6653	28047496	28043144	61788	21982380032	2950948	444874	20894492	8146900	31572	531	32482	86000
1787046028	request	6654	28047496	28043144	61788	21982380032	2950948	444874	20895728	8146900	31572	531	32482	85000
1787046029	request	6655	28047496	28043144	61788	21982380032	2950948	444874	20895060	8146900	31572	531	32482	83000
1787046030	request	6656	28047496	28043144	61788	21982380032	2950948	444874	20894568	8146900	31572	531	32482	82000
1787046032	request	6658	28047496	28043144	61788	21982380032	2950948	444874	20894596	8146900	31572	531	32482	84000
1787046033	request	6659	28047496	28043144	61788	21982380032	2950948	444874	20894092	8146900	31572	531	32482	87000
1787046034	request	6660	28047624	28043274	61788	21982380032	2950980	444874	20893760	8146900	31572	531	32482	90000
1787046036	request	6662	28047624	28043273	61788	21982380032	2950980	444874	20893604	8146900	31572	531	32482	83000
1787046037	request	6663	28047624	28043274	61788	21982380032	2950980	444874	20893904	8146900	31572	531	32482	84000
1787046038	request	6664	28047624	28043273	61788	21982380032	2950980	444874	20892684	8146900	31572	531	32482	84000
1787046039	request	6665	28047624	28043272	61788	21982380032	2950980	444874	20892480	8146900	31572	531	32482	90000
1787046041	request	6667	28047624	28043272	61788	21982380032	2950980	444874	20892912	8146900	31572	531	32482	93000
1787046042	request	6668	28047624	28043272	61788	21982380032	2950980	444874	20893668	8146900	31572	531	32482	83000
1787046043	request	6669	28047624	28043272	61788	21982380032	2950980	444874	20893540	8146900	31572	531	32482	84000
1787046045	request	6671	28047624	28043272	61788	21982380032	2950980	444874	20893532	8146900	31572	531	32482	88000
1787046046	request	6672	28047624	28043272	61788	21982380032	2950980	444874	20894852	8146900	31572	531	32482	91000
1787046047	request	6673	28047624	28043273	61788	21982380032	2950980	444874	20893884	8146900	31572	531	32482	84000
1787046048	request	6674	28047624	28043272	61788	21982380032	2950980	444874	20892988	8146900	31572	531	32482	85000
1787046050	request	6676	28047624	28043271	61788	21982380032	2950980	444874	20892988	8146900	31572	531	32482	84000
1787046051	request	6677	28047624	28043273	61788	21982380032	2950980	444874	20892132	8146900	31572	531	32482	84000
1787046052	request	6678	28047624	28043273	61788	21982380032	2950980	444874	20891740	8146900	31572	531	32482	83000
1787046054	request	6680	28047624	28043272	61788	21982380032	2950980	444874	20891804	8146900	31572	531	32482	84000
1787046055	request	6681	28047624	28043272	61788	21982380032	2950980	444874	20891804	8146900	31572	531	32482	84000
1787046056	request	6682	28047624	28043272	61788	21982380032	2950980	444874	20890824	8146900	31572	531	32482	84000
1787046058	request	6684	28047624	28043273	61788	21982380032	2950980	444874	20891072	8146900	31572	531	32482	84000
1787046059	request	6685	28047624	28043273	61788	21982380032	2950980	444874	20891324	8146900	31572	531	32482	80000
1787046060	request	6686	28047624	28043272	61788	21982380032	2950980	444874	20891112	8146900	31572	531	32482	89000
1787046061	request	6687	28047624	28043272	61788	21982380032	2950980	444874	20891112	8146900	31572	531	32482	83000
1787046063	request	6689	28047624	28043272	61788	21982380032	2950980	444874	20891112	8146900	31572	531	32482	83000
1787046064	request	6690	28047624	28043273	61788	21982380032	2950980	444874	20891628	8146900	31572	531	32482	84000
1787046065	request	6691	28047624	28043272	61788	21982380032	2950980	444874	20892228	8146900	31572	531	32482	87000
1787046067	request	6693	28047624	28043272	61788	21982380032	2950980	444874	20892664	8146900	31572	531	32482	87000
1787046068	request	6694	28047624	28043272	61788	21982380032	2950980	444874	20892424	8146900	31572	531	32482	83000
1787046069	request	6695	28047624	28043273	61788	21982380032	2950980	444874	20892428	8146900	31572	531	32482	83000
1787046071	request	6697	28047624	28043272	61788	21982380032	2950980	444874	20892424	8146900	31572	531	32482	83000
1787046072	request	6698	28047624	28043272	61788	21982380032	2950980	444874	20892100	8146900	31572	531	32482	87000
1787046073	request	6699	28047624	28043271	61788	21982380032	2950980	444874	20891816	8146900	31572	531	32482	87000
1787046074	request	6700	28047624	28043273	61788	21982380032	2950980	444874	20891580	8146900	31572	531	32482	83000
1787046076	request	6702	28047624	28043273	61788	21982380032	2950980	444874	20891580	8146900	31572	531	32482	84000
1787046077	request	6703	28047624	28043272	61788	21982380032	2950980	444874	20891328	8146900	31572	531	32482	83000
1787046078	request	6704	28047624	28043271	61788	21982380032	2950980	444874	20892196	8146900	31572	531	32482	86000
1787046080	request	6706	28047624	28043271	61788	21982380032	2950980	444874	20891488	8146900	31572	531	32482	84000
1787046081	request	6707	28047624	28043271	61788	21982380032	2950980	444874	20891492	8146900	31572	531	32482	83000
1787046082	request	6708	28047624	28043272	61788	21982380032	2950980	444874	20891752	8146900	31572	531	32482	83000
1787046083	request	6709	28047624	28043273	61788	21982380032	2950980	444874	20891752	8146900	31572	531	32482	84000
1787046085	request	6711	28047624	28043271	61788	21982380032	2950980	444874	20891864	8146900	31572	531	32482	85000
1787046086	request	6712	28047624	28043271	61788	21982380032	2950980	444874	20892400	8146900	31572	531	32482	82000
1787046087	request	6713	28047624	28043272	61788	21982380032	2950980	444874	20891644	8146900	31572	531	32482	84000
1787046089	request	6715	28047624	28043272	61788	21982380032	2950980	444874	20892076	8146900	31572	531	32482	84000
1787046090	request	6716	28047624	28043273	61788	21982380032	2950980	444874	20891500	8146900	31572	531	32482	86000
1787046091	request	6717	28047624	28043273	61788	21982380032	2950980	444874	20892740	8146900	31572	531	32482	86000
1787046092	request	6718	28047624	28043271	61788	21982380032	2950980	444874	20892800	8146900	31572	531	32482	87000
1787046094	request	6720	28047624	28043271	61788	21982380032	2950980	444874	20893160	8146900	31572	531	32482	89000
1787046095	request	6721	28047624	28043272	61788	21982380032	2950980	444874	20894400	8146900	31572	531	32482	83000
1787046096	request	6722	28047624	28043272	61788	21982380032	2950980	444874	20894404	8146900	31572	531	32482	83000
1787046098	request	6724	28047624	28043271	61788	21982380032	2950980	444874	20894024	8146900	31572	531	32482	86000
1787046099	request	6725	28047624	28043272	61788	21982380032	2950980	444874	20893520	8146900	31572	531	32482	90000
1787046100	request	6726	28047624	28043271	61788	21982380032	2950980	444874	20893268	8146900	31572	531	32482	83000
1787046102	request	6728	28047624	28043272	61788	21982380032	2950980	444874	20893268	8146900	31572	531	32482	83000
1787046103	request	6729	28047624	28043271	61788	21982380032	2950980	444874	20893268	8146900	31572	531	32482	83000
1787046104	request	6730	28047624	28043271	61788	21982380032	2950980	444874	20892668	8146900	31572	531	32482	83000
1787046105	request	6731	28047624	28043271	61788	21982380032	2950980	444874	20892668	8146900	31572	531	32482	86000
1787046107	request	6733	28047624	28043271	61788	21982380032	2950980	444874	20894348	8146900	31572	531	32482	88000
1787046108	request	6734	28047624	28043271	61788	21982380032	2950980	444874	20894384	8146900	31572	531	32482	85000
1787046109	request	6735	28047624	28043271	61788	21982380032	2950980	444874	20893892	8146900	31572	531	32482	83000
1787046111	request	6737	28047624	28043271	61788	21982380032	2950980	444874	20893892	8146900	31572	531	32482	89000
1787046112	request	6738	28047624	28043271	61788	21982380032	2950980	444874	20893892	8146900	31572	531	32482	83000
1787046113	request	6739	28047624	28043271	61788	21982380032	2950980	444874	20893892	8146900	31572	531	32482	83000
1787046115	request	6741	28047624	28043271	61788	21982380032	2950980	444874	20893892	8146900	31572	531	32482	82000
1787046116	request	6742	28047624	28043271	61788	21982380032	2950980	444874	20893400	8146900	31572	531	32482	83000
1787046117	request	6743	28047624	28043271	61788	21982380032	2950980	444874	20893008	8146900	31572	531	32482	86000
1787046118	request	6744	28047624	28043272	61788	21982380032	2950980	444874	20893196	8146900	31572	531	32482	90000
1787046120	request	6746	28047624	28043271	61788	21982380032	2950980	444874	20893448	8146900	31572	531	32482	86000
1787046121	request	6747	28047624	28043272	61788	21982380032	2950980	444874	20894044	8146900	31572	531	32482	84000
1787046122	request	6748	28047624	28043270	61788	21982380032	2950980	444874	20894044	8146900	31572	531	32482	84000
1787046124	request	6750	28047624	28043271	61788	21982380032	2950980	444874	20894524	8146900	31572	531	32482	85000
1787046125	request	6751	28047624	28043272	61788	21982380032	2950980	444874	20894716	8146900	31572	531	32482	89000
1787046126	request	6752	28047624	28043271	61788	21982380032	2950980	444874	20894764	8146900	31572	531	32482	83000
1787046128	request	6754	28047624	28043271	61788	21982380032	2950980	444874	20894020	8146900	31572	531	32482	84000
1787046129	request	6755	28047624	28043271	61788	21982380032	2950980	444874	20893768	8146900	31572	531	32482	83000
1787046130	request	6756	28047624	28043272	61788	21982380032	2950980	444874	20895056	8146900	31572	531	32482	89000
1787046131	request	6757	28047624	28043271	61788	21982380032	2950980	444874	20895056	8146900	31572	531	32482	88000
1787046133	request	6759	28047624	28043271	61788	21982380032	2950980	444874	20895056	8146900	31572	531	32482	86000
1787046134	request	6760	28047624	28043270	61788	21982380032	2950980	444874	20895056	8146900	31572	531	32482	84000
1787046135	request	6761	28047624	28043271	61788	21982380032	2950980	444874	20894668	8146900	31572	531	32482	84000
1787046137	request	6763	28047624	28043270	61788	21982380032	2950980	444874	20893936	8146900	31572	531	32482	86000
1787046138	request	6764	28047880	28043528	61788	21999161344	2951012	444876	20897616	8146900	31572	531	32484	87000
1787046139	request	6765	28047880	28043529	61788	21999161344	2951012	444876	20897616	8146900	31572	531	32484	88000
1787046141	request	6767	28047880	28043528	61788	21999161344	2951012	444876	20896964	8146900	31572	531	32484	83000
1787046142	request	6768	28047880	28043527	61788	21999161344	2951012	444876	20896964	8146900	31572	531	32484	87000
1787046143	request	6769	28047880	28043527	61788	21999161344	2951012	444876	20896712	8146900	31572	531	32484	86000
1787046144	request	6770	28047880	28043528	61788	21999161344	2951012	444876	20896712	8146900	31572	531	32484	85000
1787046146	request	6772	28047880	28043528	61788	21999161344	2951012	444876	20896460	8146900	31572	531	32484	91000
1787046147	request	6773	28047880	28043526	61788	21999161344	2951012	444876	20895704	8146900	31572	531	32484	84000
1787046148	request	6774	28047880	28043527	61788	21999161344	2951012	444876	20894708	8146900	31572	531	32484	83000
1787046150	request	6776	28047880	28043528	61788	21999161344	2951012	444876	20894708	8146900	31572	531	32484	84000
1787046151	request	6777	28047880	28043527	61788	21999161344	2951012	444876	20894720	8146900	31572	531	32484	86000
1787046152	request	6778	28047880	28043527	61788	21999161344	2951012	444876	20895440	8146900	31572	531	32484	86000
1787046154	request	6780	28047880	28043528	61788	21999161344	2951012	444876	20895440	8146900	31572	531	32484	83000
1787046155	request	6781	28047880	28043526	61788	21999161344	2951012	444876	20895440	8146900	31572	531	32484	84000
1787046156	request	6782	28047880	28043528	61788	21999161344	2951012	444876	20895440	8146900	31572	531	32484	84000
1787046158	request	6784	28047880	28043527	61788	21999161344	2951012	444876	20895440	8146900	31572	531	32484	86000
1787046159	request	6785	28047880	28043527	61788	21999161344	2951012	444876	20894752	8146900	31572	531	32484	86000
1787046160	request	6786	28047880	28043527	61788	21999161344	2951012	444876	20894752	8146900	31572	531	32484	83000
1787046161	request	6787	28047880	28043527	61788	21999161344	2951012	444876	20894752	8146900	31572	531	32484	82000
1787046163	request	6789	28047880	28043527	61788	21999161344	2951012	444876	20894512	8146900	31572	531	32484	84000
1787046164	request	6790	28047880	28043527	61788	21999161344	2951012	444876	20894560	8146900	31572	531	32484	89000
1787046165	request	6791	28047880	28043527	61788	21999161344	2951012	444876	20894560	8146900	31572	531	32484	88000
1787046167	request	6793	28047880	28043529	61788	21999161344	2951012	444876	20894320	8146900	31572	531	32484	83000
1787046168	request	6794	28047880	28043527	61788	21999161344	2951012	444876	20894268	8146900	31572	531	32484	84000
1787046169	request	6795	28047880	28043527	61788	21999161344	2951012	444876	20894020	8146900	31572	531	32484	85000
1787046171	request	6797	28047880	28043528	61788	21999161344	2951012	444876	20894100	8146900	31572	531	32484	83000
1787046172	request	6798	28047880	28043528	61788	21999161344	2951012	444876	20894648	8146900	31572	531	32484	86000
1787046173	request	6799	28047880	28043527	61788	21999161344	2951012	444876	20894676	8146900	31572	531	32484	83000
1787046175	request	6801	28047880	28043526	61788	21999161344	2951012	444876	20894676	8146900	31572	531	32484	83000
1787046176	request	6802	28047880	28043527	61788	21999161344	2951012	444876	20894676	8146900	31572	531	32484	82000
1787046177	request	6803	28047880	28043527	61788	21999161344	2951012	444876	20894436	8146900	31572	531	32484	84000
1787046178	request	6804	28047880	28043528	61788	21999161344	2951012	444876	20894196	8146900	31572	531	32484	88000
1787046180	request	6806	28047880	28043527	61788	21999161344	2951012	444876	20893944	8146900	31572	531	32484	84000
1787046181	request	6807	28047880	28043527	61788	21999161344	2951012	444876	20893944	8146900	31572	531	32484	85000
1787046182	request	6808	28047880	28043528	61788	21999161344	2951012	444876	20894496	8146900	31572	531	32484	84000
1787046184	request	6810	28047880	28043528	61788	21999161344	2951012	444876	20894244	8146900	31572	531	32484	83000
1787046185	request	6811	28047880	28043527	61788	21999161344	2951012	444876	20894244	8146900	31572	531	32484	88000
1787046186	request	6812	28047880	28043527	61788	21999161344	2951012	444876	20892792	8146900	31572	531	32484	82000
1787046187	request	6813	28047880	28043527	61788	21999161344	2951012	444876	20894128	8146900	31572	531	32484	84000
1787046189	request	6815	28047880	28043527	61788	21999161344	2951012	444876	20894352	8146900	31572	531	32484	82000
1787046190	request	6816	28047880	28043527	61788	21999161344	2951012	444876	20894448	8146900	31572	531	32484	86000
1787046191	request	6817	28047880	28043528	61788	21999161344	2951012	444876	20894772	8146900	31572	531	32484	88000
1787046193	request	6819	28047880	28043528	61788	21999161344	2951012	444876	20894772	8146900	31572	531	32484	83000
1787046194	request	6820	28047880	28043527	61788	21999161344	2951012	444876	20894772	8146900	31572	531	32484	82000
1787046195	request	6821	28047880	28043528	61788	21999161344	2951012	444876	20894520	8146900	31572	531	32484	84000
1787046197	request	6823	28047880	28043527	61788	21999161344	2951012	444876	20896556	8146900	31572	531	32484	88000
1787046198	request	6824	28047880	28043527	61788	21999161344	2951012	444876	20895816	8146900	31572	531	32484	88000
1787046199	request	6825	28047880	28043528	61788	21999161344	2951012	444876	20895816	8146900	31572	531	32484	86000
1787046200	request	6826	28047880	28043529	61788	21999161344	2951012	444876	20895020	8146900	31572	531	32484	84000
1787046202	request	6828	28047880	28043527	61788	21999161344	2951012	444876	20896644	8146900	31572	531	32484	83000
1787046203	request	6829	28047880	28043527	61788	21999161344	2951012	444876	20896644	8146900	31572	531	32484	86000
1787046204	request	6830	28047880	28043527	61788	21999161344	2951012	444876	20896140	8146900	31572	531	32484	88000
1787046206	request	6832	28047880	28043527	61788	21999161344	2951012	444876	20895900	8146900	31572	531	32484	83000
1787046207	request	6833	28047880	28043527	61788	21999161344	2951012	444876	20895660	8146900	31572	531	32484	83000
1787046208	request	6834	28047880	28043527	61788	21999161344	2951012	444876	20895660	8146900	31572	531	32484	83000
1787046209	request	6835	28047880	28043527	61788	21999161344	2951012	444876	20895660	8146900	31572	531	32484	92000
1787046211	request	6837	28047880	28043528	61788	21999161344	2951012	444876	20895672	8146900	31572	531	32484	86000
1787046212	request	6838	28047880	28043527	61788	21999161344	2951012	444876	20895672	8146900	31572	531	32484	84000
1787046213	request	6839	28047880	28043527	61788	21999161344	2951012	444876	20895672	8146900	31572	531	32484	83000
1787046215	request	6841	28047880	28043527	61788	21999161344	2951012	444876	20895436	8146900	31572	531	32484	83000
1787046216	request	6842	28047880	28043527	61788	21999161344	2951012	444876	20895436	8146900	31572	531	32484	82000
1787046217	request	6843	28047880	28043528	61788	21999161344	2951012	444876	20895016	8146900	31572	531	32484	88000
1787046219	request	6845	28047880	28043527	61788	21999161344	2951012	444876	20894512	8146900	31572	531	32484	83000
1787046220	request	6846	28047880	28043529	61788	21999161344	2951012	444876	20894764	8146900	31572	531	32484	83000
1787046221	request	6847	28047880	28043526	61788	21999161344	2951012	444876	20894764	8146900	31572	531	32484	84000
1787046223	request	6849	28047880	28043527	61788	21999161344	2951012	444876	20895528	8146900	31572	531	32484	86000
1787046224	request	6850	28047880	28043529	61788	21999161344	2951012	444876	20895340	8146900	31572	531	32484	85000
1787046225	request	6851	28047880	28043527	61788	21999161344	2951012	444876	20895340	8146900	31572	531	32484	85000
1787046226	request	6852	28047880	28043527	61788	21999161344	2951012	444876	20895088	8146900	31572	531	32484	84000
1787046228	request	6854	28047880	28043527	61788	21999161344	2951012	444876	20894836	8146900	31572	531	32484	83000
1787046229	request	6855	28047880	28043526	61788	21999161344	2951012	444876	20894332	8146900	31572	531	32484	76000
1787046230	request	6856	28047880	28043527	61788	21999161344	2951012	444876	20895208	8146900	31572	531	32484	88000
1787046232	request	6858	28047880	28043527	61788	21999161344	2951012	444876	20894956	8146900	31572	531	32484	83000
1787046233	request	6859	28047880	28043526	61788	21999161344	2951012	444876	20894144	8146900	31572	531	32484	84000
1787046234	request	6860	28047880	28043527	61788	21999161344	2951012	444876	20894144	8146900	31572	531	32484	84000
1787046236	request	6862	28047880	28043527	61788	21999161344	2951012	444876	20893668	8146900	31572	531	32484	91000
1787046237	request	6863	28047880	28043527	61788	21999161344	2951012	444876	20894864	8146900	31572	531	32484	86000
1787046238	request	6864	28047880	28043527	61788	21999161344	2951012	444876	20894864	8146900	31572	531	32484	84000
1787046239	request	6865	28047880	28043527	61788	21999161344	2951012	444876	20894624	8146900	31572	531	32484	83000
1787046241	request	6867	28047880	28043527	61788	21999161344	2951012	444876	20894624	8146900	31572	531	32484	84000
1787046242	request	6868	28047880	28043527	61788	21999161344	2951012	444876	20894988	8146900	31572	531	32484	84000
1787046243	request	6869	28048008	28043655	61788	21999161344	2951044	444876	20894708	8146900	31572	531	32484	92000
1787046245	request	6871	28048008	28043655	61788	21999161344	2951044	444876	20894708	8146900	31572	531	32484	83000
1787046246	request	6872	28048008	28043655	61788	21999161344	2951044	444876	20894708	8146900	31572	531	32484	84000
1787046247	request	6873	28048008	28043656	61788	21999161344	2951044	444876	20894708	8146900	31572	531	32484	84000
1787046248	request	6874	28048008	28043655	61788	21999161344	2951044	444876	20894456	8146900	31572	531	32484	88000
1787046250	request	6876	28048008	28043655	61788	21999161344	2951044	444876	20894268	8146900	31572	531	32484	89000
1787046251	request	6877	28048008	28043655	61788	21999161344	2951044	444876	20894268	8146900	31572	531	32484	82000
1787046252	request	6878	28048008	28043655	61788	21999161344	2951044	444876	20894300	8146900	31572	531	32484	86000
1787046254	request	6880	28048008	28043655	61788	21999161344	2951044	444876	20895116	8146900	31572	531	32484	83000
1787046255	request	6881	28048008	28043655	61788	21999161344	2951044	444876	20894512	8146900	31572	531	32484	84000
1787046256	request	6882	28048008	28043655	61788	21999161344	2951044	444876	20894372	8146900	31572	531	32484	86000
1787046257	request	6883	28048008	28043655	61788	21999161344	2951044	444876	20893616	8146900	31572	531	32484	80000
1787046259	request	6885	28048008	28043655	61788	21999161344	2951044	444876	20893992	8146900	31572	531	32484	83000
1787046260	request	6886	28048008	28043654	61788	21999161344	2951044	444876	20893992	8146900	31572	531	32484	84000
1787046261	request	6887	28048008	28043656	61788	21999161344	2951044	444876	20893996	8146900	31572	531	32484	83000
1787046263	request	6889	28048008	28043655	61788	21999161344	2951044	444876	20893744	8146900	31572	531	32484	86000
1787046264	request	6890	28048008	28043654	61788	21999161344	2951044	444876	20893744	8146900	31572	531	32484	88000
1787046265	request	6891	28048008	28043654	61788	21999161344	2951044	444876	20893036	8146900	31572	531	32484	83000
1787046266	request	6892	28048008	28043655	61788	21999161344	2951044	444876	20894140	8146900	31572	531	32484	84000
1787046268	request	6894	28048008	28043655	61788	21999161344	2951044	444876	20894392	8146900	31572	531	32484	83000
1787046269	request	6895	28048008	28043657	61788	21999161344	2951044	444876	20894392	8146900	31572	531	32484	89000
1787046270	request	6896	28048008	28043655	61788	21999161344	2951044	444876	20893672	8146900	31572	531	32484	88000
1787046272	request	6898	28048008	28043655	61788	21999161344	2951044	444876	20893672	8146900	31572	531	32484	83000
1787046273	request	6899	28048008	28043656	61788	21999161344	2951044	444876	20893308	8146900	31572	531	32484	83000
1787046274	request	6900	28048008	28043655	61788	21999161344	2951044	444876	20892664	8146900	31572	531	32484	84000
1787046276	request	6902	28048008	28043655	61788	21999161344	2951044	444876	20892524	8146900	31572	531	32484	87000
1787046277	request	6903	28048008	28043655	61788	21999161344	2951044	444876	20892384	8146900	31572	531	32484	82000
1787046278	request	6904	28048008	28043655	61788	21999161344	2951044	444876	20891880	8146900	31572	531	32484	83000
1787046280	request	6906	28048008	28043655	61788	21999161344	2951044	444876	20891400	8146900	31572	531	32484	83000
1787046281	request	6907	28048008	28043655	61788	21999161344	2951044	444876	20891400	8146900	31572	531	32484	83000
1787046282	request	6908	28048008	28043655	61788	21999161344	2951044	444876	20891400	8146900	31572	531	32484	82000
1787046283	request	6909	28048008	28043655	61788	21999161344	2951044	444876	20891420	8146900	31572	531	32484	88000
1787046285	request	6911	28048008	28043655	61788	21999161344	2951044	444876	20891016	8146900	31572	531	32484	83000
1787046286	request	6912	28048008	28043655	61788	21999161344	2951044	444876	20891016	8146900	31572	531	32484	83000
1787046287	request	6913	28048008	28043655	61788	21999161344	2951044	444876	20890032	8146900	31572	531	32484	83000
1787046289	request	6915	28048008	28043655	61788	21999161344	2951044	444876	20890032	8146900	31572	531	32484	91000
1787046290	request	6916	28048008	28043655	61788	21999161344	2951044	444876	20890940	8146900	31572	531	32484	92000
1787046291	request	6917	28048008	28043656	61788	21999161344	2951044	444876	20890688	8146900	31572	531	32484	86000
1787046292	request	6918	28048008	28043655	61788	21999161344	2951044	444876	20890792	8146900	31572	531	32484	86000
1787046294	request	6920	28048008	28043656	61788	21999161344	2951044	444876	20891812	8146900	31572	531	32484	83000
1787046295	request	6921	28048008	28043656	61788	21999161344	2951044	444876	20891812	8146900	31572	531	32484	86000
1787046296	request	6922	28048008	28043655	61788	21999161344	2951044	444876	20891572	8146900	31572	531	32484	91000
1787046298	request	6924	28048008	28043656	61788	21999161344	2951044	444876	20890512	8146900	31572	531	32484	83000
1787046299	request	6925	28048008	28043655	61788	21999161344	2951044	444876	20889896	8146900	31572	531	32484	83000
1787046300	request	6926	28048008	28043655	61788	21999161344	2951044	444876	20890200	8146900	31572	531	32484	82000
1787046302	request	6928	28048008	28043655	61788	21999161344	2951044	444876	20890816	8146900	31572	531	32484	77000
1787046303	request	6929	28048008	28043656	61788	21999161344	2951044	444876	20891232	8146900	31572	531	32484	86000
1787046304	request	6930	28048008	28043655	61788	21999161344	2951044	444876	20891232	8146900	31572	531	32484	83000
1787046305	request	6931	28048008	28043655	61788	21999161344	2951044	444876	20891232	8146900	31572	531	32484	83000
1787046307	request	6933	28048008	28043657	61788	21999161344	2951044	444876	20890992	8146900	31572	531	32484	84000
1787046308	request	6934	28048008	28043655	61788	21999161344	2951044	444876	20891472	8146900	31572	531	32484	89000
1787046309	request	6935	28048008	28043655	61788	21999161344	2951044	444876	20891000	8146900	31572	531	32484	90000
1787046311	request	6937	28048008	28043655	61788	21999161344	2951044	444876	20890632	8146900	31572	531	32484	83000
1787046312	request	6938	28048008	28043655	61788	21999161344	2951044	444876	20890604	8146900	31572	531	32484	83000
1787046313	request	6939	28048008	28043655	61788	21999161344	2951044	444876	20890604	8146900	31572	531	32484	83000
1787046314	request	6940	28048008	28043656	61788	21999161344	2951044	444876	20891204	8146900	31572	531	32484	84000
1787046316	request	6942	28048008	28043655	61788	21999161344	2951044	444876	20890992	8146900	31572	531	32484	88000
1787046317	request	6943	28048008	28043655	61788	21999161344	2951044	444876	20890752	8146900	31572	531	32484	83000
1787046318	request	6944	28048008	28043656	61788	21999161344	2951044	444876	20890136	8146900	31572	531	32484	84000
1787046320	request	6946	28048008	28043655	61788	21999161344	2951044	444876	20890088	8146900	31572	531	32484	84000
1787046321	request	6947	28048008	28043657	61788	21999161344	2951044	444876	20889836	8146900	31572	531	32484	86000
1787046322	request	6948	28048008	28043655	61788	21999161344	2951044	444876	20889836	8146900	31572	531	32484	87000
1787046323	request	6949	28048008	28043655	61788	21999161344	2951044	444876	20889836	8146900	31572	531	32484	92000
1787046325	request	6951	28048008	28043655	61788	21999161344	2951044	444876	20891012	8146900	31572	531	32484	84000
1787046326	request	6952	28048008	28043656	61788	21999161344	2951044	444876	20890772	8146900	31572	531	32484	84000
1787046327	request	6953	28048008	28043656	61788	21999161344	2951044	444876	20890772	8146900	31572	531	32484	83000
1787046329	request	6955	28048008	28043655	61788	21999161344	2951044	444876	20890016	8146900	31572	531	32484	83000
1787046330	request	6956	28048008	28043655	61788	21999161344	2951044	444876	20890820	8146900	31572	531	32484	89000
1787046331	request	6957	28048008	28043655	61788	21999161344	2951044	444876	20890820	8146900	31572	531	32484	85000
1787046333	request	6959	28048008	28043657	61788	21999161344	2951044	444876	20890328	8146900	31572	531	32484	83000
1787046334	request	6960	28048008	28043655	61788	21999161344	2951044	444876	20890328	8146900	31572	531	32484	86000
1787046335	request	6961	28048008	28043655	61788	21999161344	2951044	444876	20890328	8146900	31572	531	32484	86000
1787046336	request	6962	28048008	28043655	61788	21999161344	2951044	444876	20890460	8146900	31572	531	32484	86000
1787046338	request	6964	28048008	28043655	61788	21999161344	2951044	444876	20890208	8146900	31572	531	32484	83000
1787046339	request	6965	28048008	28043655	61788	21999161344	2951044	444876	20890208	8146900	31572	531	32484	83000
1787046340	request	6966	28048008	28043655	61788	21999161344	2951044	444876	20890208	8146900	31572	531	32484	83000
1787046342	request	6968	28048008	28043654	61788	21999161344	2951044	444876	20890208	8146900	31572	531	32484	89000
1787046343	request	6969	28048008	28043655	61788	21999161344	2951044	444876	20890208	8146900	31572	531	32484	86000
1787046344	request	6970	28048008	28043655	61788	21999161344	2951044	444876	20890208	8146900	31572	531	32484	84000
1787046346	request	6972	28048008	28043656	61788	21999161344	2951044	444876	20891716	8146900	31572	531	32484	84000
1787046347	request	6973	28048008	28043655	61788	21999161344	2951044	444876	20890660	8146900	31572	531	32484	82000
1787046348	request	6974	28048008	28043655	61788	21999161344	2951103	444876	20890520	8146900	31572	531	32484	84000
1787046350	request	6976	28048304	28043951	61788	21999161344	2951103	444876	20891120	8146900	31572	531	32484	87000
1787046351	request	6977	28048304	28043952	61788	21999161344	2951103	444876	20891120	8146900	31572	531	32484	83000
1787046352	request	6978	28048304	28043951	61788	21999161344	2951103	444876	20890976	8146900	31572	531	32484	83000
1787046353	request	6979	28048304	28043952	61788	21999161344	2951103	444876	20890796	8146900	31572	531	32484	84000
1787046355	request	6981	28048304	28043950	61788	21999161344	2951103	444876	20890800	8146900	31572	531	32484	88000
1787046356	request	6982	28048304	28043951	61788	21999161344	2951103	444876	20890548	8146900	31572	531	32484	89000
1787046357	request	6983	28048304	28043951	61788	21999161344	2951103	444876	20889792	8146900	31572	531	32484	81000
1787046359	request	6985	28048304	28043951	61788	21999161344	2951103	444876	20890368	8146900	31572	531	32484	84000
1787046360	request	6986	28048304	28043951	61788	21999161344	2951103	444876	20890128	8146900	31572	531	32484	83000
1787046361	request	6987	28048304	28043951	61788	21999161344	2951103	444876	20889760	8146900	31572	531	32484	93000
1787046363	request	6989	28048304	28043952	61788	21999161344	2951103	444876	20889192	8146900	31572	531	32484	87000
1787046364	request	6990	28048304	28043951	61788	21999161344	2951103	444876	20889200	8146900	31572	531	32484	83000
1787046365	request	6991	28048304	28043951	61788	21999161344	2951103	444876	20889564	8146900	31572	531	32484	83000
1787046366	request	6992	28048304	28043951	61788	21999161344	2951103	444876	20889684	8146900	31572	531	32484	84000
1787046368	request	6994	28048304	28043951	61788	21999161344	2951103	444876	20889748	8146900	31572	531	32484	84000
1787046369	request	6995	28048304	28043951	61788	21999161344	2951103	444876	20890000	8146900	31572	531	32484	86000
1787046370	request	6996	28048304	28043952	61788	21999161344	2951103	444876	20890752	8146900	31572	531	32484	84000
1787046372	request	6998	28048304	28043951	61788	21999161344	2951103	444876	20891736	8146900	31572	531	32484	83000
1787046373	request	6999	28048304	28043951	61788	21999161344	2951103	444876	20891496	8146900	31572	531	32484	83000
1787046374	request	7000	28048304	28043951	61788	21999161344	2951103	444876	20891496	8146900	31572	531	32484	86000
1787046376	request	7002	28048304	28043951	61788	21999161344	2951103	444876	20892452	8146900	31572	531	32484	84000
1787046377	request	7003	28048304	28043951	61788	21999161344	2951103	444876	20891388	8146900	31572	531	32484	83000
1787046378	request	7004	28048304	28043951	61788	21999161344	2951103	444876	20891388	8146900	31572	531	32484	83000
1787046379	request	7005	28048304	28043951	61788	21999161344	2951103	444876	20892288	8146900	31572	531	32484	85000
1787046381	request	7007	28048304	28043951	61788	21999161344	2951103	444876	20894004	8146900	31572	531	32484	87000
1787046382	request	7008	28048304	28043951	61788	21999161344	2951103	444876	20894328	8146900	31572	531	32484	87000
1787046383	request	7009	28048304	28043951	61788	21999161344	2951103	444876	20894980	8146900	31572	531	32484	83000
1787046384	request	7010	28048304	28043953	61788	21999161344	2951103	444876	20894224	8146900	31572	531	32484	84000
1787046386	request	7012	28048304	28043952	61788	21999161344	2951103	444876	20894300	8146900	31572	531	32484	83000
1787046387	request	7013	28048304	28043951	61788	21999161344	2951103	444876	20893808	8146900	31572	531	32484	86000
1787046388	request	7014	28048304	28043952	61788	21999161344	2951103	444876	20893836	8146900	31572	531	32484	86000
1787046390	request	7016	28048304	28043951	61788	21999161344	2951103	444876	20893836	8146900	31572	531	32484	86000
1787046391	request	7017	28048304	28043952	61788	21999161344	2951103	444876	20894092	8146900	31572	531	32484	83000
1787046392	request	7018	28048304	28043951	61788	21999161344	2951103	444876	20893852	8146900	31572	531	32484	86000
1787046394	request	7020	28048304	28043951	61788	21999161344	2951103	444876	20894308	8146900	31572	531	32484	83000
1787046395	request	7021	28048304	28043951	61788	21999161344	2951103	444876	20894804	8146900	31572	531	32484	86000
1787046396	request	7022	28048304	28043952	61788	21999161344	2951103	444876	20894704	8146900	31572	531	32484	91000
1787046397	request	7023	28048304	28043952	61788	21999161344	2951103	444876	20894704	8146900	31572	531	32484	85000
1787046399	request	7025	28048304	28043951	61788	21999161344	2951103	444876	20893696	8146900	31572	531	32484	85000
1787046400	request	7026	28048304	28043951	61788	21999161344	2951103	444876	20894784	8146900	31572	531	32484	84000
1787046401	request	7027	28048304	28043951	61788	21999161344	2951103	444876	20894788	8146900	31572	531	32484	94000
1787046403	request	7029	28048304	28043951	61788	21999161344	2951103	444876	20894548	8146900	31572	531	32484	88000
1787046404	request	7030	28048304	28043952	61788	21999161344	2951103	444876	20894548	8146900	31572	531	32484	83000
1787046405	request	7031	28048304	28043951	61788	21999161344	2951103	444876	20894548	8146900	31572	531	32484	84000
1787046407	request	7033	28048304	28043951	61788	21999161344	2951103	444876	20894084	8146900	31572	531	32484	84000
1787046408	request	7034	28048304	28043951	61788	21999161344	2951103	444876	20893952	8146900	31572	531	32484	87000
1787046409	request	7035	28048304	28043952	61788	21999161344	2951103	444876	20894208	8146900	31572	531	32484	83000
1787046410	request	7036	28048304	28043951	61788	21999161344	2951103	444876	20894712	8146900	31572	531	32484	85000
1787046412	request	7038	28048304	28043953	61788	21999161344	2951103	444876	20894280	8146900	31572	531	32484	82000
1787046413	request	7039	28048304	28043952	61788	21999161344	2951103	444876	20894280	8146900	31572	531	32484	83000
1787046414	request	7040	28048304	28043952	61788	21999161344	2951103	444876	20894280	8146900	31572	531	32484	83000
1787046416	request	7042	28048304	28043951	61788	21999161344	2951103	444876	20894392	8146900	31572	531	32484	85000
1787046417	request	7043	28048304	28043951	61788	21999161344	2951103	444876	20893636	8146900	31572	531	32484	82000
1787046418	request	7044	28048304	28043951	61788	21999161344	2951103	444876	20893636	8146900	31572	531	32484	84000
1787046420	request	7046	28048304	28043951	61788	21999161344	2951103	444876	20894044	8146900	31572	531	32484	84000
1787046421	request	7047	28048304	28043951	61788	21999161344	2951103	444876	20894044	8146900	31572	531	32484	83000
1787046422	request	7048	28048304	28043952	61788	21999161344	2951103	444876	20894000	8146900	31572	531	32484	88000
1787046424	request	7050	28048304	28043952	61788	21999161344	2951103	444876	20893520	8146900	31572	531	32484	83000
1787046425	request	7051	28048304	28043952	61788	21999161344	2951103	444876	20893408	8146900	31572	531	32484	84000
1787046426	request	7052	28048304	28043953	61788	21999161344	2951103	444876	20892904	8146900	31572	531	32484	83000
1787046427	request	7053	28048304	28043952	61788	21999161344	2951103	444876	20892672	8146900	31572	531	32484	88000
1787046429	request	7055	28048304	28043951	61788	21999161344	2951103	444876	20892672	8146900	31572	531	32484	87000
1787046430	request	7056	28048304	28043952	61788	21999161344	2951103	444876	20892820	8146900	31572	531	32484	82000
1787046431	request	7057	28048304	28043951	61788	21999161344	2951103	444876	20892820	8146900	31572	531	32484	84000
1787046433	request	7059	28048304	28043952	61788	21999161344	2951103	444876	20892820	8146900	31572	531	32484	82000
1787046434	request	7060	28048304	28043953	61788	21999161344	2951103	444876	20892820	8146900	31572	531	32484	89000
1787046435	request	7061	28048304	28043951	61788	21999161344	2951103	444876	20893436	8146900	31572	531	32484	88000
1787046437	request	7063	28048304	28043952	61788	21999161344	2951103	444876	20893424	8146900	31572	531	32484	83000
1787046438	request	7064	28048304	28043952	61788	21999161344	2951103	444876	20892920	8146900	31572	531	32484	83000
1787046439	request	7065	28048304	28043951	61788	21999161344	2951103	444876	20892856	8146900	31572	531	32484	85000
1787046441	request	7067	28048304	28043951	61788	21999161344	2951103	444876	20894688	8146900	31572	531	32484	85000
1787046442	request	7068	28048304	28043951	61788	21999161344	2951103	444876	20894436	8146900	31572	531	32484	86000
1787046443	request	7069	28048304	28043952	61788	21999161344	2951103	444876	20894436	8146900	31572	531	32484	83000
1787046444	request	7070	28048304	28043953	61788	21999161344	2951103	444876	20894436	8146900	31572	531	32484	84000
1787046446	request	7072	28048304	28043952	61788	21999161344	2951103	444876	20894436	8146900	31572	531	32484	82000
1787046447	request	7073	28048304	28043952	61788	21999161344	2951103	444876	20894436	8146900	31572	531	32484	86000
1787046448	request	7074	28048304	28043951	61788	21999161344	2951103	444876	20894440	8146900	31572	531	32484	88000
1787046450	request	7076	28048304	28043953	61788	21999161344	2951103	444876	20893960	8146900	31572	531	32484	83000
1787046451	request	7077	28048304	28043952	61788	21999161344	2951103	444876	20893960	8146900	31572	531	32484	83000
1787046452	request	7078	28048304	28043952	61788	21999161344	2951103	444876	20893708	8146900	31572	531	32484	85000
1787046454	request	7080	28048304	28043952	61788	21999161344	2951103	444876	20893872	8146900	31572	531	32484	89000
1787046455	request	7081	28048560	28044207	61788	22007574528	2951136	444877	20894956	8146900	31572	531	32485	87000
1787046456	request	7082	28048560	28044208	61788	22007574528	2951136	444877	20894704	8146900	31572	531	32485	83000
1787046457	request	7083	28048560	28044207	61788	22007574528	2951136	444877	20894464	8146900	31572	531	32485	83000
1787046459	request	7085	28048560	28044208	61788	22007574528	2951136	444877	20895160	8146900	31572	531	32485	83000
1787046460	request	7086	28048560	28044208	61788	22007574528	2951136	444877	20895656	8146900	31572	531	32485	84000
1787046461	request	7087	28048560	28044208	61788	22007574528	2951136	444877	20895660	8146900	31572	531	32485	86000
1787046463	request	7089	28048560	28044208	61788	22007574528	2951136	444877	20895436	8146900	31572	531	32485	90000
1787046464	request	7090	28048560	28044208	61788	22007574528	2951136	444877	20896056	8146900	31572	531	32485	83000
1787046465	request	7091	28048560	28044208	61788	22007574528	2951136	444877	20895804	8146900	31572	531	32485	83000
1787046467	request	7093	28048560	28044207	61788	22007574528	2951136	444877	20895072	8146900	31572	531	32485	83000
1787046468	request	7094	28048560	28044209	61788	22007574528	2951136	444877	20894820	8146900	31572	531	32485	88000
1787046469	request	7095	28048560	28044208	61788	22007574528	2951136	444877	20894580	8146900	31572	531	32485	89000
1787046470	request	7096	28048560	28044208	61788	22007574528	2951136	444877	20894580	8146900	31572	531	32485	83000
1787046472	request	7098	28048560	28044209	61788	22007574528	2951136	444877	20895300	8146900	31572	531	32485	83000
1787046473	request	7099	28048560	28044208	61788	22007574528	2951136	444877	20894796	8146900	31572	531	32485	85000
1787046474	request	7100	28048560	28044209	61788	22007574528	2951136	444877	20894796	8146900	31572	531	32485	88000
1787046476	request	7102	28048560	28044207	61788	22007574528	2951136	444877	20894876	8146900	31572	531	32485	86000
1787046477	request	7103	28048560	28044208	61788	22007574528	2951136	444877	20894120	8146900	31572	531	32485	83000
1787046478	request	7104	28048560	28044208	61788	22007574528	2951136	444877	20893868	8146900	31572	531	32485	86000
1787046480	request	7106	28048560	28044208	61788	22007574528	2951136	444877	20893388	8146900	31572	531	32485	83000
1787046481	request	7107	28048560	28044209	61788	22007574528	2951136	444877	20893388	8146900	31572	531	32485	85000
1787046482	request	7108	28048560	28044209	61788	22007574528	2951136	444877	20892280	8146900	31572	531	32485	84000
1787046483	request	7109	28048560	28044208	61788	22007574528	2951136	444877	20892576	8146900	31572	531	32485	84000
1787046485	request	7111	28048560	28044209	61788	22007574528	2951136	444877	20892324	8146900	31572	531	32485	83000
1787046486	request	7112	28048560	28044207	61788	22007574528	2951136	444877	20892072	8146900	31572	531	32485	83000
1787046487	request	7113	28048560	28044209	61788	22007574528	2951136	444877	20892124	8146900	31572	531	32485	92000
1787046489	request	7115	28048560	28044208	61788	22007574528	2951136	444877	20890932	8146900	31572	531	32485	88000
1787046490	request	7116	28048560	28044208	61788	22007574528	2951136	444877	20891908	8146900	31572	531	32485	84000
1787046491	request	7117	28048560	28044208	61788	22007574528	2951136	444877	20891924	8146900	31572	531	32485	87000
1787046493	request	7119	28048560	28044207	61788	22007574528	2951136	444877	20893548	8146900	31572	531	32485	85000
1787046494	request	7120	28048560	28044208	61788	22007574528	2951136	444877	20893308	8146900	31572	531	32485	86000
1787046495	request	7121	28048560	28044208	61788	22007574528	2951136	444877	20893056	8146900	31572	531	32485	89000
1787046497	request	7123	28048560	28044209	61788	22007574528	2951136	444877	20892816	8146900	31572	531	32485	84000
1787046498	request	7124	28048560	28044208	61788	22007574528	2951136	444877	20892568	8146900	31572	531	32485	84000
1787046499	request	7125	28048560	28044207	61788	22007574528	2951136	444877	20892568	8146900	31572	531	32485	83000
1787046500	request	7126	28048560	28044208	61788	22007574528	2951136	444877	20892568	8146900	31572	531	32485	86000
1787046502	request	7128	28048560	28044208	61788	22007574528	2951136	444877	20892568	8146900	31572	531	32485	86000
1787046503	request	7129	28048560	28044207	61788	22007574528	2951136	444877	20892316	8146900	31572	531	32485	83000
1787046504	request	7130	28048560	28044207	61788	22007574528	2951136	444877	20892316	8146900	31572	531	32485	83000
1787046506	request	7132	28048560	28044208	61788	22007574528	2951136	444877	20891976	8146900	31572	531	32485	83000
1787046507	request	7133	28048560	28044207	61788	22007574528	2951136	444877	20891332	8146900	31572	531	32485	87000
1787046508	request	7134	28048560	28044208	61788	22007574528	2951136	444877	20891472	8146900	31572	531	32485	89000
1787046509	request	7135	28048560	28044208	61788	22007574528	2951136	444877	20890980	8146900	31572	531	32485	83000
1787046511	request	7137	28048560	28044208	61788	22007574528	2951136	444877	20890728	8146900	31572	531	32485	83000
1787046512	request	7138	28048560	28044209	61788	22007574528	2951136	444877	20890488	8146900	31572	531	32485	83000
1787046513	request	7139	28048560	28044207	61788	22007574528	2951136	444877	20890852	8146900	31572	531	32485	83000
1787046515	request	7141	28048560	28044208	61788	22007574528	2951136	444877	20891272	8146900	31572	531	32485	94000
1787046516	request	7142	28048560	28044208	61788	22007574528	2951136	444877	20891032	8146900	31572	531	32485	83000
1787046517	request	7143	28048560	28044209	61788	22007574528	2951136	444877	20891032	8146900	31572	531	32485	85000
1787046519	request	7145	28048560	28044207	61788	22007574528	2951136	444877	20891180	8146900	31572	531	32485	83000
1787046520	request	7146	28048560	28044209	61788	22007574528	2951136	444877	20891180	8146900	31572	531	32485	83000
1787046521	request	7147	28048560	28044209	61788	22007574528	2951136	444877	20891756	8146900	31572	531	32485	86000
1787046522	request	7148	28048560	28044207	61788	22007574528	2951136	444877	20891756	8146900	31572	531	32485	90000
1787046524	request	7150	28048560	28044207	61788	22007574528	2951136	444877	20892332	8146900	31572	531	32485	84000
1787046525	request	7151	28048560	28044208	61788	22007574528	2951136	444877	20892732	8146900	31572	531	32485	83000
1787046526	request	7152	28048560	28044209	61788	22007574528	2951136	444877	20892492	8146900	31572	531	32485	84000
1787046528	request	7154	28048560	28044207	61788	22007574528	2951136	444877	20891736	8146900	31572	531	32485	87000
1787046529	request	7155	28048560	28044208	61788	22007574528	2951136	444877	20891496	8146900	31572	531	32485	86000
1787046530	request	7156	28048560	28044207	61788	22007574528	2951136	444877	20891496	8146900	31572	531	32485	83000
1787046531	request	7157	28048560	28044208	61788	22007574528	2951136	444877	20891732	8146900	31572	531	32485	83000
1787046533	request	7159	28048560	28044207	61788	22007574528	2951136	444877	20891592	8146900	31572	531	32485	85000
1787046534	request	7160	28048560	28044209	61788	22007574528	2951136	444877	20891688	8146900	31572	531	32485	88000
1787046535	request	7161	28048560	28044207	61788	22007574528	2951136	444877	20891688	8146900	31572	531	32485	87000
1787046537	request	7163	28048560	28044209	61788	22007574528	2951136	444877	20891196	8146900	31572	531	32485	83000
1787046538	request	7164	28048560	28044209	61788	22007574528	2951136	444877	20890956	8146900	31572	531	32485	83000
1787046539	request	7165	28048560	28044208	61788	22007574528	2951136	444877	20890956	8146900	31572	531	32485	84000
1787046541	request	7167	28048560	28044209	61788	22007574528	2951136	444877	20891216	8146900	31572	531	32485	86000
1787046542	request	7168	28048560	28044207	61788	22007574528	2951136	444877	20891300	8146900	31572	531	32485	90000
1787046543	request	7169	28048560	28044208	61788	22007574528	2951136	444877	20890992	8146900	31572	531	32485	84000
1787046544	request	7170	28048560	28044209	61788	22007574528	2951136	444877	20890740	8146900	31572	531	32485	83000
1787046546	request	7172	28048560	28044208	61788	22007574528	2951136	444877	20889744	8146900	31572	531	32485	85000
1787046547	request	7173	28048560	28044208	61788	22007574528	2951136	444877	20889744	8146900	31572	531	32485	81000
1787046548	request	7174	28048560	28044208	61788	22007574528	2951136	444877	20891548	8146900	31572	531	32485	86000
1787046550	request	7176	28048560	28044208	61788	22007574528	2951136	444877	20891568	8146900	31572	531	32485	84000
1787046551	request	7177	28048560	28044207	61788	22007574528	2951136	444877	20892108	8146900	31572	531	32485	85000
1787046552	request	7178	28048560	28044209	61788	22007574528	2951136	444877	20891604	8146900	31572	531	32485	83000
1787046554	request	7180	28048560	28044207	61788	22007574528	2951136	444877	20891604	8146900	31572	531	32485	84000
1787046555	request	7181	28048560	28044208	61788	22007574528	2951136	444877	20892368	8146900	31572	531	32485	88000
1787046556	request	7182	28048560	28044207	61788	22007574528	2951136	444877	20892380	8146900	31572	531	32485	81000
1787046557	request	7183	28048560	28044207	61788	22007574528	2951136	444877	20892128	8146900	31572	531	32485	84000
1787046559	request	7185	28048560	28044209	61788	22007574528	2951136	444877	20892924	8146900	31572	531	32485	84000
1787046560	request	7186	28048560	28044207	61788	22007574528	2951136	444877	20892924	8146900	31572	531	32485	88000
1787046561	request	7187	28048688	28044337	61788	22007574528	2951168	444877	20892684	8146900	31572	531	32485	88000
1787046563	request	7189	28048688	28044337	61788	22007574528	2951168	444877	20892516	8146900	31572	531	32485	92000
1787046564	request	7190	28048688	28044336	61788	22007574528	2951168	444877	20893732	8146900	31572	531	32485	84000
1787046565	request	7191	28048688	28044337	61788	22007574528	2951168	444877	20893876	8146900	31572	531	32485	83000
1787046566	request	7192	28048688	28044335	61788	22007574528	2951168	444877	20893876	8146900	31572	531	32485	84000
1787046568	request	7194	28048688	28044336	61788	22007574528	2951168	444877	20894256	8146900	31572	531	32485	86000
1787046569	request	7195	28048688	28044336	61788	22007574528	2951168	444877	20893500	8146900	31572	531	32485	87000
1787046570	request	7196	28048688	28044336	61788	22007574528	2951168	444877	20893136	8146900	31572	531	32485	83000
1787046572	request	7198	28048688	28044336	61788	22007574528	2951168	444877	20893700	8146900	31572	531	32485	84000
1787046573	request	7199	28048688	28044335	61788	22007574528	2951168	444877	20893460	8146900	31572	531	32485	84000
1787046574	request	7200	28048688	28044336	61788	22007574528	2951168	444877	20893208	8146900	31572	531	32485	92000
1787046575	request	7201	28048688	28044336	61788	22007574528	2951168	444877	20893208	8146900	31572	531	32485	90000
1787046577	request	7203	28048688	28044336	61788	22007574528	2951168	444877	20893036	8146900	31572	531	32485	84000
1787046578	request	7204	28048688	28044337	61788	22007574528	2951168	444877	20893036	8146900	31572	531	32485	84000
1787046579	request	7205	28048688	28044336	61788	22007574528	2951168	444877	20892544	8146900	31572	531	32485	83000
1787046581	request	7207	28048688	28044336	61788	22007574528	2951168	444877	20892292	8146900	31572	531	32485	90000
1787046582	request	7208	28048688	28044337	61788	22007574528	2951168	444877	20892756	8146900	31572	531	32485	93000
1787046583	request	7209	28048688	28044336	61788	22007574528	2951168	444877	20892756	8146900	31572	531	32485	84000
1787046585	request	7211	28048688	28044335	61788	22007574528	2951168	444877	20892756	8146900	31572	531	32485	84000
1787046586	request	7212	28048688	28044336	61788	22007574528	2951168	444877	20892264	8146900	31572	531	32485	83000
1787046587	request	7213	28048688	28044335	61788	22007574528	2951168	444877	20891624	8146900	31572	531	32485	78000
1787046588	request	7214	28048688	28044336	61788	22007574528	2951168	444877	20892552	8146900	31572	531	32485	85000
1787046590	request	7216	28048688	28044337	61788	22007574528	2951168	444877	20892804	8146900	31572	531	32485	84000
1787046591	request	7217	28048688	28044335	61788	22007574528	2951168	444877	20892712	8146900	31572	531	32485	84000
1787046592	request	7218	28048688	28044336	61788	22007574528	2951168	444877	20892348	8146900	31572	531	32485	86000
1787046594	request	7220	28048688	28044336	61788	22007574528	2951168	444877	20893092	8146900	31572	531	32485	86000
1787046595	request	7221	28048688	28044336	61788	22007574528	2951168	444877	20893796	8146900	31572	531	32485	82000
1787046596	request	7222	28048688	28044337	61788	22007574528	2951168	444877	20893908	8146900	31572	531	32485	83000
1787046598	request	7224	28048688	28044336	61788	22007574528	2951168	444877	20893900	8146900	31572	531	32485	83000
1787046599	request	7225	28048688	28044335	61788	22007574528	2951168	444877	20893660	8146900	31572	531	32485	84000
1787046600	request	7226	28048688	28044337	61788	22007574528	2951168	444877	20893408	8146900	31572	531	32485	83000
1787046601	request	7227	28048688	28044336	61788	22007574528	2951168	444877	20893420	8146900	31572	531	32485	87000
1787046603	request	7229	28048688	28044336	61788	22007574528	2951168	444877	20893420	8146900	31572	531	32485	93000
1787046604	request	7230	28048688	28044336	61788	22007574528	2951168	444877	20894932	8146900	31572	531	32485	84000
1787046605	request	7231	28048688	28044336	61788	22007574528	2951168	444877	20894948	8146900	31572	531	32485	84000
1787046607	request	7233	28048688	28044336	61788	22007574528	2951168	444877	20895144	8146900	31572	531	32485	84000
1787046608	request	7234	28048688	28044336	61788	22007574528	2951168	444877	20896848	8146900	31572	531	32485	88000
1787046609	request	7235	28048688	28044336	61788	22007574528	2951168	444877	20896092	8146900	31572	531	32485	88000
1787046611	request	7237	28048688	28044337	61788	22007574528	2951168	444877	20895840	8146900	31572	531	32485	83000
1787046612	request	7238	28048688	28044337	61788	22007574528	2951168	444877	20895588	8146900	31572	531	32485	83000
1787046613	request	7239	28048688	28044337	61788	22007574528	2951168	444877	20895588	8146900	31572	531	32485	83000
1787046614	request	7240	28048688	28044335	61788	22007574528	2951168	444877	20895084	8146900	31572	531	32485	90000
1787046616	request	7242	28048688	28044335	61788	22007574528	2951168	444877	20894768	8146900	31572	531	32485	94000
1787046617	request	7243	28048688	28044337	61788	22007574528	2951168	444877	20895052	8146900	31572	531	32485	83000
1787046618	request	7244	28048688	28044335	61788	22007574528	2951168	444877	20895504	8146900	31572	531	32485	83000
1787046620	request	7246	28048688	28044336	61788	22007574528	2951168	444877	20894896	8146900	31572	531	32485	84000
1787046621	request	7247	28048688	28044335	61788	22007574528	2951168	444877	20894416	8146900	31572	531	32485	88000
1787046622	request	7248	28048688	28044336	61788	22007574528	2951168	444877	20894780	8146900	31572	531	32485	88000
1787046623	request	7249	28048688	28044336	61788	22007574528	2951168	444877	20894448	8146900	31572	531	32485	85000
1787046625	request	7251	28048688	28044335	61788	22007574528	2951168	444877	20895976	8146900	31572	531	32485	84000
1787046626	request	7252	28048688	28044336	61788	22007574528	2951168	444877	20896384	8146900	31572	531	32485	84000
1787046627	request	7253	28048688	28044336	61788	22007574528	2951168	444877	20896144	8146900	31572	531	32485	86000
1787046629	request	7255	28048688	28044336	61788	22007574528	2951168	444877	20895904	8146900	31572	531	32485	90000
1787046630	request	7256	28048688	28044335	61788	22007574528	2951168	444877	20895904	8146900	31572	531	32485	83000
1787046631	request	7257	28048688	28044336	61788	22007574528	2951168	444877	20895652	8146900	31572	531	32485	83000
1787046633	request	7259	28048688	28044337	61788	22007574528	2951168	444877	20895400	8146900	31572	531	32485	83000
1787046634	request	7260	28048688	28044335	61788	22007574528	2951168	444877	20895404	8146900	31572	531	32485	82000
1787046635	request	7261	28048688	28044335	61788	22007574528	2951168	444877	20896044	8146900	31572	531	32485	88000
1787046636	request	7262	28048688	28044336	61788	22007574528	2951168	444877	20896468	8146900	31572	531	32485	83000
1787046638	request	7264	28048688	28044336	61788	22007574528	2951168	444877	20896228	8146900	31572	531	32485	84000
1787046639	request	7265	28048688	28044336	61788	22007574528	2951168	444877	20896228	8146900	31572	531	32485	84000
1787046640	request	7266	28048688	28044337	61788	22007574528	2951168	444877	20895988	8146900	31572	531	32485	86000
1787046642	request	7268	28048688	28044336	61788	22007574528	2951168	444877	20895452	8146900	31572	531	32485	85000
1787046643	request	7269	28048688	28044337	61788	22007574528	2951168	444877	20895200	8146900	31572	531	32485	86000
1787046644	request	7270	28048688	28044336	61788	22007574528	2951168	444877	20895344	8146900	31572	531	32485	83000
1787046645	request	7271	28048688	28044336	61788	22007574528	2951168	444877	20895344	8146900	31572	531	32485	83000
1787046647	request	7273	28048688	28044336	61788	22007574528	2951168	444877	20893844	8146900	31572	531	32485	83000
1787046648	request	7274	28048688	28044335	61788	22007574528	2951168	444877	20893340	8146900	31572	531	32485	85000
1787046649	request	7275	28048688	28044335	61788	22007574528	2951168	444877	20893340	8146900	31572	531	32485	88000
1787046651	request	7277	28048688	28044335	61788	22007574528	2951168	444877	20894768	8146900	31572	531	32485	84000
1787046652	request	7278	28048688	28044337	61788	22007574528	2951168	444877	20894788	8146900	31572	531	32485	84000
1787046653	request	7279	28048688	28044337	61788	22007574528	2951168	444877	20896292	8146900	31572	531	32485	84000
1787046654	request	7280	28048688	28044335	61788	22007574528	2951168	444877	20896292	8146900	31572	531	32485	88000
1787046656	request	7282	28048688	28044337	61788	22007574528	2951168	444877	20896292	8146900	31572	531	32485	90000
1787046657	request	7283	28048688	28044335	61788	22007574528	2951168	444877	20895800	8146900	31572	531	32485	83000
1787046658	request	7284	28048688	28044336	61788	22007574528	2951168	444877	20895112	8146900	31572	531	32485	84000
1787046660	request	7286	28048688	28044336	61788	22007574528	2951168	444877	20895120	8146900	31572	531	32485	83000
1787046661	request	7287	28048688	28044335	61788	22007574528	2951168	444877	20895144	8146900	31572	531	32485	86000
1787046662	request	7288	28048688	28044336	61788	22007574528	2951168	444877	20895144	8146900	31572	531	32485	88000
1787046663	request	7289	28048688	28044336	61788	22007574528	2951168	444877	20895144	8146900	31572	531	32485	83000
1787046665	request	7291	28048688	28044337	61788	22007574528	2951168	444877	20895144	8146900	31572	531	32485	86000
1787046666	request	7292	28048688	28044335	61788	22007574528	2951168	444877	20896856	8146900	31572	531	32485	83000
1787046667	request	7293	28048688	28044335	61788	22007574528	2951168	444877	20897332	8146900	31572	531	32485	82000
1787046669	request	7295	28048840	28044489	61788	22015504384	2951200	444878	20896252	8146900	31572	531	32486	88000
1787046670	request	7296	28048840	28044487	61788	22015504384	2951200	444878	20896252	8146900	31572	531	32486	83000
1787046671	request	7297	28048840	28044488	61788	22015504384	2951200	444878	20886924	8146900	31572	531	32486	84000
1787046673	request	7299	28048840	28044488	61788	22015504384	2951200	444878	20886804	8146900	31572	531	32486	84000
1787046674	request	7300	28048840	28044489	61788	22015504384	2951200	444878	20889064	8146900	31572	531	32486	87000
1787046675	request	7301	28048840	28044488	61788	22015504384	2951200	444878	20891780	8146900	31572	531	32486	84000
1787046676	request	7302	28048840	28044488	61788	22015504384	2951200	444878	20892308	8146900	31572	531	32486	90000
1787046678	request	7304	28048840	28044488	61788	22015504384	2951200	444878	20894116	8146900	31572	531	32486	84000
1787046679	request	7305	28048840	28044488	61788	22015504384	2951200	444878	20893596	8146900	31572	531	32486	83000
1787046680	request	7306	28048840	28044488	61788	22015504384	2951200	444878	20893168	8146900	31572	531	32486	84000
1787046682	request	7308	28048840	28044488	61788	22015504384	2951200	444878	20893172	8146900	31572	531	32486	82000
1787046683	request	7309	28048840	28044489	61788	22015504384	2951200	444878	20893508	8146900	31572	531	32486	89000
1787046684	request	7310	28048840	28044487	61788	22015504384	2951200	444878	20893904	8146900	31572	531	32486	83000
1787046686	request	7312	28048840	28044487	61788	22015504384	2951200	444878	20893416	8146900	31572	531	32486	83000
1787046687	request	7313	28048840	28044488	61788	22015504384	2951200	444878	20893416	8146900	31572	531	32486	83000
1787046688	request	7314	28048840	28044488	61788	22015504384	2951200	444878	20893540	8146900	31572	531	32486	86000
1787046690	request	7316	28048840	28044487	61788	22015504384	2951200	444878	20892564	8146900	31572	531	32486	86000
1787046691	request	7317	28048840	28044487	61788	22015504384	2951200	444878	20892632	8146900	31572	531	32486	84000
1787046692	request	7318	28048840	28044488	61788	22015504384	2951200	444878	20892128	8146900	31572	531	32486	84000
1787046693	request	7319	28048840	28044488	61788	22015504384	2951200	444878	20892128	8146900	31572	531	32486	83000
1787046695	request	7321	28048840	28044489	61788	22015504384	2951200	444878	20892128	8146900	31572	531	32486	90000
1787046696	request	7322	28048840	28044488	61788	22015504384	2951200	444878	20891636	8146900	31572	531	32486	89000
1787046697	request	7323	28048840	28044489	61788	22015504384	2951200	444878	20891028	8146900	31572	531	32486	83000
1787046699	request	7325	28048840	28044487	61788	22015504384	2951200	444878	20890864	8146900	31572	531	32486	84000
1787046700	request	7326	28048840	28044488	61788	22015504384	2951200	444878	20890360	8146900	31572	531	32486	83000
1787046701	request	7327	28048840	28044488	61788	22015504384	2951200	444878	20890360	8146900	31572	531	32486	87000
1787046703	request	7329	28048840	28044488	61788	22015504384	2951200	444878	20889880	8146900	31572	531	32486	84000
1787046704	request	7330	28048840	28044487	61788	22015504384	2951200	444878	20889880	8146900	31572	531	32486	84000
1787046705	request	7331	28048840	28044489	61788	22015504384	2951200	444878	20889880	8146900	31572	531	32486	83000
1787046706	request	7332	28048840	28044487	61788	22015504384	2951200	444878	20889880	8146900	31572	531	32486	84000
1787046708	request	7334	28048840	28044488	61788	22015504384	2951200	444878	20889880	8146900	31572	531	32486	86000
1787046709	request	7335	28048840	28044487	61788	22015504384	2951200	444878	20888380	8146900	31572	531	32486	87000
1787046710	request	7336	28048840	28044487	61788	22015504384	2951200	444878	20888700	8146900	31572	531	32486	84000
1787046712	request	7338	28048840	28044489	61788	22015504384	2951200	444878	20888460	8146900	31572	531	32486	84000
1787046713	request	7339	28048840	28044488	61788	22015504384	2951200	444878	20888460	8146900	31572	531	32486	84000
1787046714	request	7340	28048840	28044488	61788	22015504384	2951200	444878	20887856	8146900	31572	531	32486	82000
1787046716	request	7342	28048840	28044487	61788	22015504384	2951200	444878	20887716	8146900	31572	531	32486	90000
1787046717	request	7343	28048840	28044487	61788	22015504384	2951200	444878	20887232	8146900	31572	531	32486	93000
1787046718	request	7344	28048840	28044487	61788	22015504384	2951200	444878	20888400	8146900	31572	531	32486	84000
1787046719	request	7345	28048840	28044489	61788	22015504384	2951200	444878	20888400	8146900	31572	531	32486	84000
1787046721	request	7347	28048840	28044488	61788	22015504384	2951200	444878	20888356	8146900	31572	531	32486	85000
1787046722	request	7348	28048840	28044489	61788	22015504384	2951200	444878	20889688	8146900	31572	531	32486	86000
1787046723	request	7349	28048840	28044487	61788	22015504384	2951200	444878	20889688	8146900	31572	531	32486	89000
1787046725	request	7351	28048840	28044487	61788	22015504384	2951200	444878	20890160	8146900	31572	531	32486	85000
1787046726	request	7352	28048840	28044488	61788	22015504384	2951200	444878	20890160	8146900	31572	531	32486	84000
1787046727	request	7353	28048840	28044487	61788	22015504384	2951200	444878	20889168	8146900	31572	531	32486	83000
1787046729	request	7355	28048840	28044487	61788	22015504384	2951200	444878	20888868	8146900	31572	531	32486	89000
1787046730	request	7356	28048840	28044487	61788	22015504384	2951200	444878	20888980	8146900	31572	531	32486	89000
1787046731	request	7357	28048840	28044488	61788	22015504384	2951200	444878	20888956	8146900	31572	531	32486	85000
1787046732	request	7358	28048840	28044488	61788	22015504384	2951200	444878	20888956	8146900	31572	531	32486	84000
1787046734	request	7360	28048840	28044488	61788	22015504384	2951200	444878	20889220	8146900	31572	531	32486	83000
1787046735	request	7361	28048840	28044487	61788	22015504384	2951200	444878	20889220	8146900	31572	531	32486	85000
1787046736	request	7362	28048840	28044489	61788	22015504384	2951200	444878	20888856	8146900	31572	531	32486	93000
1787046738	request	7364	28048840	28044488	61788	22015504384	2951200	444878	20889876	8146900	31572	531	32486	84000
1787046739	request	7365	28048840	28044488	61788	22015504384	2951200	444878	20889832	8146900	31572	531	32486	84000
1787046740	request	7366	28048840	28044488	61788	22015504384	2951200	444878	20890528	8146900	31572	531	32486	84000
1787046742	request	7368	28048840	28044488	61788	22015504384	2951200	444878	20890304	8146900	31572	531	32486	79000
1787046743	request	7369	28048840	28044488	61788	22015504384	2951200	444878	20890508	8146900	31572	531	32486	85000
1787046744	request	7370	28048840	28044487	61788	22015504384	2951200	444878	20890728	8146900	31572	531	32486	84000
1787046745	request	7371	28048840	28044489	61788	22015504384	2951200	444878	20890728	8146900	31572	531	32486	84000
1787046747	request	7373	28048840	28044489	61788	22015504384	2951200	444878	20890728	8146900	31572	531	32486	84000
1787046748	request	7374	28048840	28044487	61788	22015504384	2951200	444878	20890728	8146900	31572	531	32486	86000
1787046749	request	7375	28048840	28044487	61788	22015504384	2951200	444878	20890064	8146900	31572	531	32486	85000
1787046751	request	7377	28048840	28044489	61788	22015504384	2951200	444878	20889824	8146900	31572	531	32486	83000
1787046752	request	7378	28048840	28044489	61788	22015504384	2951200	444878	20889572	8146900	31572	531	32486	84000
1787046753	request	7379	28048840	28044487	61788	22015504384	2951200	444878	20888668	8146900	31572	531	32486	84000
1787046755	request	7381	28048840	28044487	61788	22015504384	2951200	444878	20889244	8146900	31572	531	32486	87000
1787046756	request	7382	28048840	28044487	61788	22015504384	2951200	444878	20889620	8146900	31572	531	32486	86000
1787046757	request	7383	28048840	28044487	61788	22015504384	2951200	444878	20889060	8146900	31572	531	32486	88000
1787046758	request	7384	28048840	28044488	61788	22015504384	2951200	444878	20888904	8146900	31572	531	32486	83000
1787046760	request	7386	28048840	28044487	61788	22015504384	2951200	444878	20888764	8146900	31572	531	32486	84000
1787046761	request	7387	28048840	28044487	61788	22015504384	2951200	444878	20888260	8146900	31572	531	32486	85000
1787046762	request	7388	28048840	28044488	61788	22015504384	2951200	444878	20889204	8146900	31572	531	32486	89000
1787046764	request	7390	28048840	28044487	61788	22015504384	2951200	444878	20889548	8146900	31572	531	32486	90000
1787046765	request	7391	28048840	28044487	61788	22015504384	2951200	444878	20889548	8146900	31572	531	32486	86000
1787046766	request	7392	28048840	28044487	61788	22015504384	2951200	444878	20889548	8146900	31572	531	32486	84000
1787046768	request	7394	28048840	28044489	61788	22015504384	2951200	444878	20889612	8146900	31572	531	32486	86000
1787046769	request	7395	28048840	28044488	61788	22015504384	2951200	444878	20889876	8146900	31572	531	32486	91000
1787046770	request	7396	28048840	28044487	61788	22015504384	2951200	444878	20889624	8146900	31572	531	32486	88000
1787046771	request	7397	28048840	28044487	61788	22015504384	2951200	444878	20889384	8146900	31572	531	32486	84000
1787046773	request	7399	28048840	28044489	61788	22015504384	2951200	444878	20889692	8146900	31572	531	32486	84000
1787046774	request	7400	28048840	28044487	61788	22015504384	2951200	444878	20889192	8146900	31572	531	32486	86000
1787046775	request	7401	28048840	28044488	61788	22015504384	2951200	444878	20890556	8146900	31572	531	32486	91000
1787046776	request	7402	28049068	28044716	61788	22015504384	2951257	444878	20890696	8146900	31572	531	32486	83000
1787046778	request	7404	28049068	28044715	61788	22015504384	2951257	444878	20890192	8146900	31572	531	32486	83000
1787046779	request	7405	28049068	28044715	61788	22015504384	2951257	444878	20889952	8146900	31572	531	32486	84000
1787046780	request	7406	28049068	28044715	61788	22015504384	2951257	444878	20889964	8146900	31572	531	32486	84000
1787046782	request	7408	28049068	28044716	61788	22015504384	2951257	444878	20891192	8146900	31572	531	32486	86000
1787046783	request	7409	28049068	28044716	61788	22015504384	2951257	444878	20890840	8146900	31572	531	32486	89000
1787046784	request	7410	28049068	28044715	61788	22015504384	2951257	444878	20890684	8146900	31572	531	32486	89000
1787046786	request	7412	28049068	28044716	61788	22015504384	2951257	444878	20892328	8146900	31572	531	32486	83000
1787046787	request	7413	28049068	28044716	61788	22015504384	2951257	444878	20892328	8146900	31572	531	32486	83000
1787046788	request	7414	28049068	28044716	61788	22015504384	2951257	444878	20892608	8146900	31572	531	32486	84000
1787046790	request	7416	28049068	28044715	61788	22015504384	2951257	444878	20892940	8146900	31572	531	32486	86000
1787046791	request	7417	28049068	28044715	61788	22015504384	2951257	444878	20892940	8146900	31572	531	32486	85000
1787046792	request	7418	28049068	28044715	61788	22015504384	2951257	444878	20892940	8146900	31572	531	32486	86000
1787046793	request	7419	28049068	28044715	61788	22015504384	2951257	444878	20892196	8146900	31572	531	32486	85000
1787046795	request	7421	28049068	28044715	61788	22015504384	2951257	444878	20894280	8146900	31572	531	32486	84000
1787046796	request	7422	28049068	28044716	61788	22015504384	2951257	444878	20893944	8146900	31572	531	32486	89000
1787046797	request	7423	28049068	28044715	61788	22015504384	2951257	444878	20894332	8146900	31572	531	32486	89000
1787046799	request	7425	28049068	28044715	61788	22015504384	2951257	444878	20893676	8146900	31572	531	32486	84000
1787046800	request	7426	28049068	28044715	61788	22015504384	2951257	444878	20892892	8146900	31572	531	32486	84000
1787046801	request	7427	28049068	28044715	61788	22015504384	2951257	444878	20892892	8146900	31572	531	32486	86000
1787046802	request	7428	28049068	28044715	61788	22015504384	2951257	444878	20893304	8146900	31572	531	32486	89000
1787046804	request	7430	28049068	28044715	61788	22015504384	2951257	444878	20893304	8146900	31572	531	32486	86000
1787046805	request	7431	28049068	28044715	61788	22015504384	2951257	444878	20893052	8146900	31572	531	32486	84000
1787046806	request	7432	28049068	28044716	61788	22015504384	2951257	444878	20892640	8146900	31572	531	32486	84000
1787046808	request	7434	28049068	28044715	61788	22015504384	2951257	444878	20892808	8146900	31572	531	32486	85000
1787046809	request	7435	28049068	28044716	61788	22015504384	2951257	444878	20892352	8146900	31572	531	32486	83000
1787046810	request	7436	28049068	28044715	61788	22015504384	2951257	444878	20892580	8146900	31572	531	32486	93000
1787046811	request	7437	28049068	28044715	61788	22015504384	2951257	444878	20892312	8146900	31572	531	32486	87000
1787046813	request	7439	28049068	28044716	61788	22015504384	2951257	444878	20890736	8146900	31572	531	32486	84000
1787046814	request	7440	28049068	28044717	61788	22015504384	2951257	444878	20890896	8146900	31572	531	32486	84000
1787046815	request	7441	28049068	28044717	61788	22015504384	2951257	444878	20891316	8146900	31572	531	32486	85000
1787046817	request	7443	28049068	28044715	61788	22015504384	2951257	444878	20890284	8146900	31572	531	32486	88000
1787046818	request	7444	28049068	28044715	61788	22015504384	2951257	444878	20889780	8146900	31572	531	32486	87000
1787046819	request	7445	28049068	28044715	61788	22015504384	2951257	444878	20889668	8146900	31572	531	32486	84000
1787046821	request	7447	28049068	28044716	61788	22015504384	2951257	444878	20889532	8146900	31572	531	32486	83000
1787046822	request	7448	28049068	28044715	61788	22015504384	2951257	444878	20889040	8146900	31572	531	32486	83000
1787046823	request	7449	28049068	28044715	61788	22015504384	2951257	444878	20888788	8146900	31572	531	32486	84000
1787046824	request	7450	28049068	28044715	61788	22015504384	2951257	444878	20889384	8146900	31572	531	32486	90000
1787046826	request	7452	28049068	28044716	61788	22015504384	2951257	444878	20888628	8146900	31572	531	32486	84000
1787046827	request	7453	28049068	28044716	61788	22015504384	2951257	444878	20888620	8146900	31572	531	32486	83000
1787046828	request	7454	28049068	28044715	61788	22015504384	2951257	444878	20890368	8146900	31572	531	32486	84000
1787046829	request	7455	28049068	28044715	61788	22015504384	2951257	444878	20892036	8146900	31572	531	32486	83000
1787046831	request	7457	28049068	28044716	61788	22015504384	2951257	444878	20892048	8146900	31572	531	32486	88000
1787046832	request	7458	28049068	28044716	61788	22015504384	2951257	444878	20892300	8146900	31572	531	32486	82000
1787046833	request	7459	28049068	28044715	61788	22015504384	2951257	444878	20891192	8146900	31572	531	32486	84000
1787046835	request	7461	28049068	28044716	61788	22015504384	2951257	444878	20890308	8146900	31572	531	32486	84000
1787046836	request	7462	28049068	28044717	61788	22015504384	2951257	444878	20890308	8146900	31572	531	32486	86000
1787046837	request	7463	28049068	28044716	61788	22015504384	2951257	444878	20890308	8146900	31572	531	32486	86000
1787046839	request	7465	28049068	28044715	61788	22015504384	2951257	444878	20890068	8146900	31572	531	32486	83000
1787046840	request	7466	28049068	28044717	61788	22015504384	2951257	444878	20889816	8146900	31572	531	32486	84000
1787046841	request	7467	28049068	28044715	61788	22015504384	2951257	444878	20889816	8146900	31572	531	32486	85000
1787046842	request	7468	28049068	28044717	61788	22015504384	2951257	444878	20889816	8146900	31572	531	32486	86000
1787046844	request	7470	28049068	28044716	61788	22015504384	2951257	444878	20889168	8146900	31572	531	32486	86000
1787046845	request	7471	28049068	28044715	61788	22015504384	2951257	444878	20888700	8146900	31572	531	32486	95000
1787046846	request	7472	28049068	28044716	61788	22015504384	2951257	444878	20887936	8146900	31572	531	32486	85000
1787046848	request	7474	28049068	28044715	61788	22015504384	2951257	444878	20887684	8146900	31572	531	32486	84000
1787046849	request	7475	28049068	28044715	61788	22015504384	2951257	444878	20887432	8146900	31572	531	32486	85000
1787046850	request	7476	28049068	28044716	61788	22015504384	2951257	444878	20887432	8146900	31572	531	32486	94000
1787046852	request	7478	28049068	28044716	61788	22015504384	2951257	444878	20887508	8146900	31572	531	32486	87000
1787046853	request	7479	28049068	28044717	61788	22015504384	2951257	444878	20887268	8146900	31572	531	32486	84000
1787046854	request	7480	28049068	28044715	61788	22015504384	2951257	444878	20887268	8146900	31572	531	32486	85000
1787046855	request	7481	28049068	28044715	61788	22015504384	2951257	444878	20887084	8146900	31572	531	32486	83000
1787046857	request	7483	28049068	28044715	61788	22015504384	2951257	444878	20886844	8146900	31572	531	32486	90000
1787046858	request	7484	28049068	28044716	61788	22015504384	2951257	444878	20886844	8146900	31572	531	32486	85000
1787046859	request	7485	28049068	28044716	61788	22015504384	2951257	444878	20886352	8146900	31572	531	32486	85000
1787046861	request	7487	28049068	28044715	61788	22015504384	2951257	444878	20886352	8146900	31572	531	32486	85000
1787046862	request	7488	28049068	28044715	61788	22015504384	2951257	444878	20886352	8146900	31572	531	32486	84000
1787046863	request	7489	28049068	28044716	61788	22015504384	2951257	444878	20886964	8146900	31572	531	32486	81000
1787046865	request	7491	28049068	28044715	61788	22015504384	2951257	444878	20886600	8146900	31572	531	32486	88000
1787046866	request	7492	28049068	28044715	61788	22015504384	2951257	444878	20886600	8146900	31572	531	32486	84000
1787046867	request	7493	28049068	28044716	61788	22015504384	2951257	444878	20886604	8146900	31572	531	32486	85000
1787046868	request	7494	28049068	28044715	61788	22015504384	2951257	444878	20886868	8146900	31572	531	32486	85000
1787046870	request	7496	28049068	28044716	61788	22015504384	2951257	444878	20887804	8146900	31572	531	32486	90000
1787046871	request	7497	28049068	28044715	61788	22015504384	2951257	444878	20888216	8146900	31572	531	32486	89000
1787046872	request	7498	28049068	28044715	61788	22015504384	2951257	444878	20887964	8146900	31572	531	32486	84000
1787046874	request	7500	28049068	28044715	61788	22015504384	2951257	444878	20887964	8146900	31572	531	32486	83000
1787046875	request	7501	28049068	28044716	61788	22015504384	2951257	444878	20887964	8146900	31572	531	32486	84000
1787046876	request	7502	28049068	28044716	61788	22015504384	2951257	444878	20888328	8146900	31572	531	32486	85000
1787046877	request	7503	28049068	28044715	61788	22015504384	2951257	444878	20888820	8146900	31572	531	32486	89000
1787046879	request	7505	28049068	28044715	61788	22015504384	2951257	444878	20888612	8146900	31572	531	32486	88000
1787046880	request	7506	28049068	28044716	61788	22015504384	2951257	444878	20889116	8146900	31572	531	32486	84000
1787046881	request	7507	28049068	28044715	61788	22015504384	2951257	444878	20889180	8146900	31572	531	32486	86000
1787046883	request	7509	28049068	28044715	61788	22015504384	2951257	444878	20890540	8146900	31572	531	32486	85000
1787046884	request	7510	28049068	28044715	61788	22015504384	2951257	444878	20890360	8146900	31572	531	32486	81000
1787046885	request	7511	28049196	28044843	61788	22015504384	2951289	444878	20890108	8146900	31572	531	32486	86000
1787046886	request	7512	28049196	28044843	61788	22015504384	2951289	444878	20890108	8146900	31572	531	32486	83000
1787046888	request	7514	28049196	28044843	61788	22015504384	2951289	444878	20891344	8146900	31572	531	32486	83000
1787046889	request	7515	28049196	28044845	61788	22015504384	2951289	444878	20891344	8146900	31572	531	32486	83000
1787046890	request	7516	28049196	28044844	61788	22015504384	2951289	444878	20891092	8146900	31572	531	32486	86000
1787046892	request	7518	28049196	28044843	61788	22015504384	2951289	444878	20890600	8146900	31572	531	32486	82000
1787046893	request	7519	28049196	28044843	61788	22015504384	2951289	444878	20890348	8146900	31572	531	32486	91000
1787046894	request	7520	28049196	28044845	61788	22015504384	2951289	444878	20890108	8146900	31572	531	32486	83000
1787046896	request	7522	28049196	28044843	61788	22015504384	2951289	444878	20890852	8146900	31572	531	32486	85000
1787046897	request	7523	28049196	28044844	61788	22015504384	2951289	444878	20891324	8146900	31572	531	32486	84000
1787046898	request	7524	28049196	28044845	61788	22015504384	2951289	444878	20891828	8146900	31572	531	32486	92000
1787046899	request	7525	28049196	28044844	61788	22015504384	2951289	444878	20891112	8146900	31572	531	32486	81000
1787046901	request	7527	28049196	28044843	61788	22015504384	2951289	444878	20890720	8146900	31572	531	32486	86000
1787046902	request	7528	28049196	28044843	61788	22015504384	2951289	444878	20891588	8146900	31572	531	32486	85000
1787046903	request	7529	28049196	28044843	61788	22015504384	2951289	444878	20891588	8146900	31572	531	32486	84000
1787046905	request	7531	28049196	28044843	61788	22015504384	2951289	444878	20890840	8146900	31572	531	32486	89000
1787046906	request	7532	28049196	28044843	61788	22015504384	2951289	444878	20891148	8146900	31572	531	32486	83000
1787046907	request	7533	28049196	28044844	61788	22015504384	2951289	444878	20891148	8146900	31572	531	32486	83000
1787046908	request	7534	28049196	28044844	61788	22015504384	2951289	444878	20891392	8146900	31572	531	32486	84000
1787046910	request	7536	28049196	28044844	61788	22015504384	2951289	444878	20890552	8146900	31572	531	32486	84000
1787046911	request	7537	28049196	28044844	61788	22015504384	2951289	444878	20890552	8146900	31572	531	32486	89000
1787046912	request	7538	28049196	28044844	61788	22015504384	2951289	444878	20890392	8146900	31572	531	32486	89000
1787046914	request	7540	28049196	28044843	61788	22015504384	2951289	444878	20889640	8146900	31572	531	32486	82000
1787046915	request	7541	28049196	28044843	61788	22015504384	2951289	444878	20889640	8146900	31572	531	32486	84000
1787046916	request	7542	28049196	28044844	61788	22015504384	2951289	444878	20889640	8146900	31572	531	32486	85000
1787046918	request	7544	28049196	28044845	61788	22015504384	2951289	444878	20889612	8146900	31572	531	32486	83000
1787046919	request	7545	28049196	28044844	61788	22015504384	2951289	444878	20889864	8146900	31572	531	32486	83000
1787046920	request	7546	28049196	28044844	61788	22015504384	2951289	444878	20889864	8146900	31572	531	32486	91000
1787046921	request	7547	28049196	28044844	61788	22015504384	2951289	444878	20889724	8146900	31572	531	32486	84000
1787046923	request	7549	28049196	28044843	61788	22015504384	2951289	444878	20889472	8146900	31572	531	32486	83000
1787046924	request	7550	28049196	28044843	61788	22015504384	2951289	444878	20889724	8146900	31572	531	32486	84000
1787046925	request	7551	28049196	28044843	61788	22015504384	2951289	444878	20889680	8146900	31572	531	32486	89000
1787046927	request	7553	28049196	28044843	61788	22015504384	2951289	444878	20889428	8146900	31572	531	32486	88000
1787046928	request	7554	28049196	28044844	61788	22015504384	2951289	444878	20888924	8146900	31572	531	32486	83000
1787046929	request	7555	28049196	28044843	61788	22015504384	2951289	444878	20888420	8146900	31572	531	32486	84000
1787046931	request	7557	28049196	28044844	61788	22015504384	2951289	444878	20888168	8146900	31572	531	32486	83000
1787046932	request	7558	28049196	28044843	61788	22015504384	2951289	444878	20886212	8146900	31572	531	32486	77000
1787046933	request	7559	28049196	28044845	61788	22015504384	2951289	444878	20886364	8146900	31572	531	32486	86000
1787046934	request	7560	28049196	28044844	61788	22015504384	2951289	444878	20886492	8146900	31572	531	32486	83000
1787046936	request	7562	28049196	28044844	61788	22015504384	2951289	444878	20885736	8146900	31572	531	32486	83000
1787046937	request	7563	28049196	28044843	61788	22015504384	2951289	444878	20886100	8146900	31572	531	32486	83000
1787046938	request	7564	28049196	28044842	61788	22015504384	2951289	444878	20886708	8146900	31572	531	32489	86000
1787046940	request	7566	28049196	28044843	61788	22015504384	2951289	444878	20885712	8146900	31572	531	32489	86000
1787046941	request	7567	28049196	28044842	61788	22015504384	2951289	444878	20885840	8146900	31572	531	32489	87000
1787046942	request	7568	28049196	28044842	61788	22015504384	2951289	444878	20884720	8146900	31572	531	32489	84000
1787046944	request	7570	28049196	28044843	61788	22015504384	2951289	444878	20885060	8146900	31572	531	32489	84000
1787046945	request	7571	28049196	28044842	61788	22015504384	2951289	444878	20885060	8146900	31572	531	32489	84000
1787046946	request	7572	28049196	28044842	61788	22015504384	2951289	444878	20884808	8146900	31572	531	32489	87000
1787046948	request	7574	28049196	28044844	61788	22015504384	2951289	444878	20886204	8146900	31572	531	32489	87000
1787046949	request	7575	28049196	28044844	61788	22015504384	2951289	444878	20886820	8146900	31572	531	32489	83000
1787046950	request	7576	28049196	28044844	61788	22015504384	2951289	444878	20886820	8146900	31572	531	32489	82000
1787046951	request	7577	28049196	28044843	61788	22015504384	2951289	444878	20887148	8146900	31572	531	32489	85000
1787046953	request	7579	28049196	28044843	61788	22015504384	2951289	444878	20887148	8146900	31572	531	32489	85000
1787046954	request	7580	28049196	28044842	61788	22015504384	2951289	444878	20886992	8146900	31572	531	32489	88000
1787046955	request	7581	28049196	28044843	61788	22015504384	2951289	444878	20886992	8146900	31572	531	32489	85000
1787046957	request	7583	28049196	28044842	61788	22015504384	2951289	444878	20887244	8146900	31572	531	32489	84000
1787046958	request	7584	28049196	28044844	61788	22015504384	2951289	444878	20887496	8146900	31572	531	32489	84000
1787046959	request	7585	28049196	28044842	61788	22015504384	2951289	444878	20887748	8146900	31572	531	32489	84000
1787046961	request	7587	28049196	28044843	61788	22015504384	2951289	444878	20887896	8146900	31572	531	32489	85000
1787046962	request	7588	28049196	28044842	61788	22015504384	2951289	444878	20888692	8146900	31572	531	32489	92000
1787046963	request	7589	28049196	28044844	61788	22015504384	2951289	444878	20889684	8146900	31572	531	32489	85000
1787046964	request	7590	28049196	28044842	61788	22015504384	2951289	444878	20889432	8146900	31572	531	32489	84000
1787046966	request	7592	28049196	28044843	61788	22015504384	2951289	444878	20889576	8146900	31572	531	32489	84000
1787046967	request	7593	28049196	28044843	61788	22015504384	2951289	444878	20889144	8146900	31572	531	32489	86000
1787046968	request	7594	28049196	28044844	61788	22015504384	2951289	444878	20890008	8146900	31572	531	32489	89000
1787046970	request	7596	28049196	28044842	61788	22015504384	2951289	444878	20890128	8146900	31572	531	32489	84000
1787046971	request	7597	28049196	28044842	61788	22015504384	2951289	444878	20890720	8146900	31572	531	32489	83000
1787046972	request	7598	28049196	28044843	61788	22015504384	2951289	444878	20890928	8146900	31572	531	32489	83000
1787046974	request	7600	28049196	28044842	61788	22015504384	2951289	444878	20892184	8146900	31572	531	32489	90000
1787046975	request	7601	28049196	28044842	61788	22015504384	2951289	444878	20891032	8146900	31572	531	32489	86000
1787046976	request	7602	28049196	28044843	61788	22015504384	2951289	444878	20890668	8146900	31572	531	32489	84000
1787046977	request	7603	28049196	28044844	61788	22015504384	2951289	444878	20891736	8146900	31572	531	32489	84000
1787046979	request	7605	28049196	28044844	61788	22015504384	2951289	444878	20891060	8146900	31572	531	32489	83000
1787046980	request	7606	28049196	28044842	61788	22015504384	2951289	444878	20891060	8146900	31572	531	32489	86000
1787046981	request	7607	28049196	28044842	61788	22015504384	2951289	444878	20890700	8146900	31572	531	32489	83000
1787046983	request	7609	28049196	28044842	61788	22015504384	2951289	444878	20890196	8146900	31572	531	32489	84000
1787046984	request	7610	28049196	28044843	61788	22015504384	2951289	444878	20890592	8146900	31572	531	32489	84000
1787046985	request	7611	28049196	28044842	61788	22015504384	2951289	444878	20890592	8146900	31572	531	32489	84000
1787046987	request	7613	28049196	28044842	61788	22015504384	2951289	444878	20890616	8146900	31572	531	32489	84000
1787046988	request	7614	28049196	28044842	61788	22015504384	2951289	444878	20889620	8146900	31572	531	32489	85000
1787046989	request	7615	28049196	28044844	61788	22015504384	2951289	444878	20888864	8146900	31572	531	32489	88000
1787046990	request	7616	28049196	28044842	61788	22015504384	2951289	444878	20888864	8146900	31572	531	32489	84000
1787046992	request	7618	28049196	28044843	61788	22015504384	2951289	444878	20891032	8146900	31572	531	32489	83000
1787046993	request	7619	28049196	28044842	61788	22015504384	2951289	444878	20890780	8146900	31572	531	32489	83000
1787046994	request	7620	28049196	28044842	61788	22015504384	2951289	444878	20890780	8146900	31572	531	32489	85000
1787046996	request	7622	28049324	28044970	61788	22015504384	2951321	444878	20890780	8146900	31572	531	32489	85000
1787046997	request	7623	28049324	28044970	61788	22015504384	2951321	444878	20890540	8146900	31572	531	32489	83000
1787046998	request	7624	28049324	28044970	61788	22015504384	2951321	444878	20889280	8146900	31572	531	32489	84000
1787046999	request	7625	28049324	28044971	61788	22015504384	2951321	444878	20890768	8146900	31572	531	32489	84000
1787047001	request	7627	28049324	28044970	61788	22015504384	2951321	444878	20890660	8146900	31572	531	32489	87000
1787047002	request	7628	28049324	28044970	61788	22015504384	2951321	444878	20890876	8146900	31572	531	32489	90000
1787047003	request	7629	28049324	28044970	61788	22015504384	2951321	444878	20891016	8146900	31572	531	32489	86000
1787047005	request	7631	28049324	28044970	61788	22015504384	2951321	444878	20891192	8146900	31572	531	32489	84000
1787047006	request	7632	28049324	28044970	61788	22015504384	2951321	444878	20891192	8146900	31572	531	32489	84000
1787047007	request	7633	28049324	28044970	61788	22015504384	2951321	444878	20890948	8146900	31572	531	32489	87000
1787047009	request	7635	28049324	28044970	61788	22015504384	2951321	444878	20890128	8146900	31572	531	32489	85000
1787047010	request	7636	28049324	28044970	61788	22015504384	2951321	444878	20889988	8146900	31572	531	32489	86000
1787047011	request	7637	28049324	28044970	61788	22015504384	2951321	444878	20889988	8146900	31572	531	32489	84000
1787047013	request	7639	28049324	28044970	61788	22015504384	2951321	444878	20889736	8146900	31572	531	32489	85000
1787047014	request	7640	28049324	28044970	61788	22015504384	2951321	444878	20889484	8146900	31572	531	32489	83000
1787047015	request	7641	28049324	28044970	61788	22015504384	2951321	444878	20889484	8146900	31572	531	32489	89000
1787047016	request	7642	28049324	28044970	61788	22015504384	2951321	444878	20889736	8146900	31572	531	32489	92000
1787047018	request	7644	28049324	28044970	61788	22015504384	2951321	444878	20890408	8146900	31572	531	32489	83000
1787047019	request	7645	28049324	28044971	61788	22015504384	2951321	444878	20890156	8146900	31572	531	32489	84000
1787047020	request	7646	28049324	28044970	61788	22015504384	2951321	444878	20889916	8146900	31572	531	32489	84000
1787047022	request	7648	28049324	28044970	61788	22015504384	2951321	444878	20890892	8146900	31572	531	32489	87000
1787047023	request	7649	28049324	28044970	61788	22015504384	2951321	444878	20890588	8146900	31572	531	32489	89000
1787047024	request	7650	28049324	28044971	61788	22015504384	2951321	444878	20890336	8146900	31572	531	32489	83000
1787047025	request	7651	28049324	28044971	61788	22015504384	2951321	444878	20890452	8146900	31572	531	32489	85000
1787047027	request	7653	28049324	28044970	61788	22015504384	2951321	444878	20891316	8146900	31572	531	32489	84000
1787047028	request	7654	28049324	28044970	61788	22015504384	2951321	444878	20891008	8146900	31572	531	32489	86000
1787047029	request	7655	28049324	28044971	61788	22015504384	2951321	444878	20890484	8146900	31572	531	32489	85000
1787047031	request	7657	28049324	28044970	61788	22015504384	2951321	444878	20890272	8146900	31572	531	32489	91000
1787047032	request	7658	28049324	28044970	61788	22015504384	2951321	444878	20890148	8146900	31572	531	32489	83000
1787047033	request	7659	28049324	28044972	61788	22015504384	2951321	444878	20890132	8146900	31572	531	32489	83000
1787047035	request	7661	28049324	28044972	61788	22015504384	2951321	444878	20891096	8146900	31572	531	32489	84000
1787047036	request	7662	28049324	28044972	61788	22015504384	2951321	444878	20892404	8146900	31572	531	32489	88000
1787047037	request	7663	28049324	28044971	61788	22015504384	2951321	444878	20891900	8146900	31572	531	32489	87000
1787047038	request	7664	28049324	28044971	61788	22015504384	2951321	444878	20891648	8146900	31572	531	32489	83000
1787047040	request	7666	28049324	28044970	61788	22015504384	2951321	444878	20890740	8146900	31572	531	32489	84000
1787047041	request	7667	28049324	28044971	61788	22015504384	2951321	444878	20890500	8146900	31572	531	32489	84000
1787047042	request	7668	28049324	28044970	61788	22015504384	2951321	444878	20890500	8146900	31572	531	32489	90000
1787047044	request	7670	28049324	28044971	61788	22015504384	2951321	444878	20890408	8146900	31572	531	32489	88000
1787047045	request	7671	28049324	28044971	61788	22015504384	2951321	444878	20891800	8146900	31572	531	32489	83000
1787047046	request	7672	28049324	28044970	61788	22015504384	2951321	444878	20891308	8146900	31572	531	32489	84000
1787047047	request	7673	28049324	28044970	61788	22015504384	2951321	444878	20891560	8146900	31572	531	32489	84000
1787047049	request	7675	28049324	28044971	61788	22015504384	2951321	444878	20890816	8146900	31572	531	32489	88000
1787047050	request	7676	28049324	28044971	61788	22015504384	2951321	444878	20890816	8146900	31572	531	32489	87000
1787047051	request	7677	28049324	28044970	61788	22015504384	2951321	444878	20890816	8146900	31572	531	32489	91000
1787047053	request	7679	28049324	28044970	61788	22015504384	2951321	444878	20891188	8146900	31572	531	32489	85000
1787047054	request	7680	28049324	28044970	61788	22015504384	2951321	444878	20891092	8146900	31572	531	32489	84000
1787047055	request	7681	28049324	28044970	61788	22015504384	2951321	444878	20891588	8146900	31572	531	32489	83000
1787047056	request	7682	28049324	28044971	61788	22015504384	2951321	444878	20891336	8146900	31572	531	32489	86000
1787047058	request	7684	28049324	28044970	61788	22015504384	2951321	444878	20891084	8146900	31572	531	32489	86000
1787047059	request	7685	28049324	28044970	61788	22015504384	2951321	444878	20890844	8146900	31572	531	32489	83000
1787047060	request	7686	28049324	28044970	61788	22015504384	2951321	444878	20890844	8146900	31572	531	32489	83000
1787047062	request	7688	28049324	28044970	61788	22015504384	2951321	444878	20890844	8146900	31572	531	32489	84000
1787047063	request	7689	28049324	28044970	61788	22015504384	2951321	444878	20890844	8146900	31572	531	32489	87000
1787047064	request	7690	28049324	28044970	61788	22015504384	2951321	444878	20891096	8146900	31572	531	32489	89000
1787047066	request	7692	28049324	28044970	61788	22015504384	2951321	444878	20890704	8146900	31572	531	32489	85000
1787047067	request	7693	28049324	28044971	61788	22015504384	2951321	444878	20890704	8146900	31572	531	32489	84000
1787047068	request	7694	28049324	28044970	61788	22015504384	2951321	444878	20890456	8146900	31572	531	32489	83000
1787047070	request	7696	28049324	28044970	61788	22015504384	2951321	444878	20890476	8146900	31572	531	32489	89000
1787047071	request	7697	28049324	28044970	61788	22015504384	2951321	444878	20889832	8146900	31572	531	32489	89000
1787047072	request	7698	28049324	28044970	61788	22015504384	2951321	444878	20890336	8146900	31572	531	32489	82000
1787047073	request	7699	28049324	28044970	61788	22015504384	2951321	444878	20890096	8146900	31572	531	32489	85000
1787047075	request	7701	28049324	28044970	61788	22015504384	2951321	444878	20890348	8146900	31572	531	32489	85000
1787047076	request	7702	28049324	28044971	61788	22015504384	2951321	444878	20890348	8146900	31572	531	32489	85000
1787047077	request	7703	28049324	28044970	61788	22015504384	2951321	444878	20890348	8146900	31572	531	32489	93000
1787047079	request	7705	28049324	28044971	61788	22015504384	2951321	444878	20890140	8146900	31572	531	32489	87000
1787047080	request	7706	28049324	28044972	61788	22015504384	2951321	444878	20890140	8146900	31572	531	32489	83000
1787047081	request	7707	28049324	28044972	61788	22015504384	2951321	444878	20890220	8146900	31572	531	32489	84000
1787047083	request	7709	28049324	28044970	61788	22015504384	2951321	444878	20889728	8146900	31572	531	32489	84000
1787047084	request	7710	28049324	28044970	61788	22015504384	2951321	444878	20889224	8146900	31572	531	32489	87000
1787047085	request	7711	28049324	28044970	61788	22015504384	2951321	444878	20888832	8146900	31572	531	32489	86000
1787047086	request	7712	28049324	28044970	61788	22015504384	2951321	444878	20889888	8146900	31572	531	32489	84000
1787047088	request	7714	28049324	28044971	61788	22015504384	2951321	444878	20890568	8146900	31572	531	32489	84000
1787047089	request	7715	28049324	28044970	61788	22015504384	2951321	444878	20890648	8146900	31572	531	32489	83000
1787047090	request	7716	28049324	28044972	61788	22015504384	2951321	444878	20890536	8146900	31572	531	32489	84000
1787047092	request	7718	28049324	28044970	61788	22015504384	2951321	444878	20890748	8146900	31572	531	32489	89000
1787047093	request	7719	28049324	28044970	61788	22015504384	2951321	444878	20890476	8146900	31572	531	32489	89000
1787047094	request	7720	28049324	28044970	61788	22015504384	2951321	444878	20890840	8146900	31572	531	32489	84000
1787047096	request	7722	28049324	28044970	61788	22015504384	2951321	444878	20890476	8146900	31572	531	32489	85000
1787047097	request	7723	28049324	28044970	61788	22015504384	2951321	444878	20890468	8146900	31572	531	32489	84000
1787047098	request	7724	28049324	28044970	61788	22015504384	2951321	444878	20889136	8146900	31572	531	32489	86000
1787047099	request	7725	28049324	28044971	61788	22015504384	2951321	444878	20890840	8146900	31572	531	32489	92000
1787047101	request	7727	28049324	28044971	61788	22015504384	2951321	444878	20891248	8146900	31572	531	32489	83000
1787047102	request	7728	28049324	28044970	61788	22015504384	2951321	444878	20890968	8146900	31572	531	32489	84000
1787047103	request	7729	28049324	28044971	61788	22015504384	2951321	444878	20890464	8146900	31572	531	32489	84000
1787047105	request	7731	28049324	28044971	61788	22015504384	2951321	444878	20891248	8146900	31572	531	32489	86000
1787047106	request	7732	28049452	28045098	61788	22015504384	2951353	444878	20891004	8146900	31572	531	32489	88000
1787047107	request	7733	28049452	28045099	61788	22015504384	2951353	444878	20890528	8146900	31572	531	32489	85000
1787047108	request	7734	28049452	28045098	61788	22015504384	2951353	444878	20890500	8146900	31572	531	32489	83000
1787047110	request	7736	28049452	28045098	61788	22015504384	2951353	444878	20890412	8146900	31572	531	32489	83000
1787047111	request	7737	28049452	28045098	61788	22015504384	2951353	444878	20889544	8146900	31572	531	32489	86000
1787047112	request	7738	28049452	28045098	61788	22015504384	2951353	444878	20890428	8146900	31572	531	32489	90000
1787047114	request	7740	28049452	28045099	61788	22015504384	2951353	444878	20890396	8146900	31572	531	32489	82000
1787047115	request	7741	28049452	28045098	61788	22015504384	2951353	444878	20890396	8146900	31572	531	32489	83000
1787047116	request	7742	28049452	28045098	61788	22015504384	2951353	444878	20889652	8146900	31572	531	32489	84000
1787047118	request	7744	28049452	28045098	61788	22015504384	2951353	444878	20889552	8146900	31572	531	32489	83000
1787047119	request	7745	28049452	28045100	61788	22015504384	2951353	444878	20889808	8146900	31572	531	32489	87000
1787047120	request	7746	28049452	28045098	61788	22015504384	2951353	444878	20889808	8146900	31572	531	32489	86000
1787047122	request	7748	28049452	28045099	61788	22015504384	2951353	444878	20889808	8146900	31572	531	32489	84000
1787047123	request	7749	28049452	28045098	61788	22015504384	2951353	444878	20890256	8146900	31572	531	32489	85000
1787047124	request	7750	28049452	28045099	61788	22015504384	2951353	444878	20890672	8146900	31572	531	32489	84000
1787047125	request	7751	28049452	28045098	61788	22015504384	2951353	444878	20890420	8146900	31572	531	32489	88000
1787047127	request	7753	28049452	28045098	61788	22015504384	2951353	444878	20891108	8146900	31572	531	32489	86000
1787047128	request	7754	28049452	28045099	61788	22015504384	2951353	444878	20890856	8146900	31572	531	32489	83000
1787047129	request	7755	28049452	28045098	61788	22015504384	2951353	444878	20890500	8146900	31572	531	32489	84000
1787047131	request	7757	28049452	28045099	61788	22015504384	2951353	444878	20890248	8146900	31572	531	32489	84000
1787047132	request	7758	28049452	28045098	61788	22015504384	2951353	444878	20889392	8146900	31572	531	32489	86000
1787047133	request	7759	28049452	28045098	61788	22015504384	2951353	444878	20890068	8146900	31572	531	32489	83000
1787047134	request	7760	28049452	28045098	61788	22015504384	2951353	444878	20891852	8146900	31572	531	32489	88000
1787047136	request	7762	28049452	28045098	61788	22015504384	2951353	444878	20891460	8146900	31572	531	32489	84000
1787047137	request	7763	28049452	28045097	61788	22015504384	2951353	444878	20891772	8146900	31572	531	32489	83000
1787047138	request	7764	28049452	28045098	61788	22015504384	2951353	444878	20891536	8146900	31572	531	32489	84000
1787047140	request	7766	28049452	28045098	61788	22015504384	2951353	444878	20891996	8146900	31572	531	32489	89000
1787047141	request	7767	28049452	28045099	61788	22015504384	2951353	444878	20891688	8146900	31572	531	32489	90000
1787047142	request	7768	28049452	28045098	61788	22015504384	2951353	444878	20891644	8146900	31572	531	32489	84000
1787047144	request	7770	28049452	28045098	61788	22015504384	2951353	444878	20891900	8146900	31572	531	32489	83000
1787047145	request	7771	28049452	28045098	61788	22015504384	2951353	444878	20891148	8146900	31572	531	32489	83000
1787047146	request	7772	28049452	28045100	61788	22015504384	2951353	444878	20890836	8146900	31572	531	32489	87000
1787047147	request	7773	28049452	28045098	61788	22015504384	2951353	444878	20891180	8146900	31572	531	32489	89000
1787047149	request	7775	28049452	28045098	61788	22015504384	2951353	444878	20890932	8146900	31572	531	32489	84000
1787047150	request	7776	28049452	28045098	61788	22015504384	2951353	444878	20892024	8146900	31572	531	32489	83000
1787047151	request	7777	28049452	28045098	61788	22015504384	2951353	444878	20891660	8146900	31572	531	32489	84000
1787047153	request	7779	28049452	28045098	61788	22015504384	2951353	444878	20891028	8146900	31572	531	32489	83000
1787047154	request	7780	28049452	28045098	61788	22015504384	2951353	444878	20890776	8146900	31572	531	32489	85000
1787047155	request	7781	28049452	28045099	61788	22015504384	2951353	444878	20891416	8146900	31572	531	32489	89000
1787047156	request	7782	28049452	28045098	61788	22015504384	2951353	444878	20891480	8146900	31572	531	32489	85000
1787047158	request	7784	28049452	28045099	61788	22015504384	2951353	444878	20891460	8146900	31572	531	32489	85000
1787047159	request	7785	28049452	28045098	61788	22015504384	2951353	444878	20891304	8146900	31572	531	32489	84000
1787047160	request	7786	28049452	28045099	61788	22015504384	2951353	444878	20891556	8146900	31572	531	32489	88000
1787047162	request	7788	28049452	28045099	61788	22015504384	2951353	444878	20891064	8146900	31572	531	32489	81000
1787047163	request	7789	28049452	28045099	61788	22015504384	2951353	444878	20891036	8146900	31572	531	32489	84000
1787047164	request	7790	28049452	28045098	61788	22015504384	2951353	444878	20890784	8146900	31572	531	32489	84000
1787047166	request	7792	28049452	28045099	61788	22015504384	2951353	444878	20891148	8146900	31572	531	32489	86000
1787047167	request	7793	28049452	28045098	61788	22015504384	2951353	444878	20891088	8146900	31572	531	32489	86000
1787047168	request	7794	28049452	28045100	61788	22015504384	2951353	444878	20890372	8146900	31572	531	32489	90000
1787047169	request	7795	28049452	28045099	61788	22015504384	2951353	444878	20889980	8146900	31572	531	32489	88000
1787047171	request	7797	28049452	28045100	61788	22015504384	2951353	444878	20890468	8146900	31572	531	32489	83000
1787047172	request	7798	28049452	28045098	61788	22015504384	2951353	444878	20890312	8146900	31572	531	32489	84000
1787047173	request	7799	28049452	28045098	61788	22015504384	2951353	444878	20890312	8146900	31572	531	32489	84000
1787047175	request	7801	28049452	28045099	61788	22015504384	2951353	444878	20889696	8146900	31572	531	32489	90000
1787047176	request	7802	28049452	28045098	61788	22015504384	2951353	444878	20889304	8146900	31572	531	32489	89000
1787047177	request	7803	28049452	28045099	61788	22015504384	2951353	444878	20889304	8146900	31572	531	32489	84000
1787047178	request	7804	28049452	28045098	61788	22015504384	2951353	444878	20889584	8146900	31572	531	32489	85000
1787047180	request	7806	28049452	28045099	61788	22015504384	2951353	444878	20888820	8146900	31572	531	32489	85000
1787047181	request	7807	28049452	28045098	61788	22015504384	2951353	444878	20888840	8146900	31572	531	32489	86000
1787047182	request	7808	28049452	28045098	61788	22015504384	2951353	444878	20889608	8146900	31572	531	32489	84000
1787047184	request	7810	28049452	28045098	61788	22015504384	2951353	444878	20890240	8146900	31572	531	32489	84000
1787047185	request	7811	28049452	28045098	61788	22015504384	2951353	444878	20889744	8146900	31572	531	32489	85000
1787047186	request	7812	28049452	28045098	61788	22015504384	2951353	444878	20889756	8146900	31572	531	32489	84000
1787047187	request	7813	28049452	28045098	61788	22015504384	2951353	444878	20889804	8146900	31572	531	32489	84000
1787047189	request	7815	28049452	28045100	61788	22015504384	2951353	444878	20889588	8146900	31572	531	32489	85000
1787047190	request	7816	28049452	28045098	61788	22015504384	2951353	444878	20889348	8146900	31572	531	32489	89000
1787047191	request	7817	28049452	28045098	61788	22015504384	2951353	444878	20888732	8146900	31572	531	32489	85000
1787047193	request	7819	28049452	28045099	61788	22015504384	2951353	444878	20888104	8146900	31572	531	32489	84000
1787047194	request	7820	28049452	28045098	61788	22015504384	2951353	444878	20888368	8146900	31572	531	32489	85000
1787047195	request	7821	28049452	28045098	61788	22015504384	2951353	444878	20888380	8146900	31572	531	32489	90000
1787047197	request	7823	28049452	28045098	61788	22015504384	2951353	444878	20889780	8146900	31572	531	32489	86000
1787047198	request	7824	28049452	28045099	61788	22015504384	2951353	444878	20889344	8146900	31572	531	32489	84000
1787047199	request	7825	28049452	28045099	61788	22015504384	2951353	444878	20891080	8146900	31572	531	32489	84000
1787047201	request	7827	28049452	28045098	61788	22015504384	2951353	444878	20891476	8146900	31572	531	32489	85000
1787047202	request	7828	28049452	28045098	61788	22015504384	2951353	444878	20891212	8146900	31572	531	32489	82000
1787047203	request	7829	28049452	28045098	61788	22015504384	2951353	444878	20890984	8146900	31572	531	32489	86000
1787047204	request	7830	28049452	28045098	61788	22015504384	2951353	444878	20890732	8146900	31572	531	32489	84000
1787047206	request	7832	28049452	28045099	61788	22015504384	2951353	444878	20890732	8146900	31572	531	32489	85000
1787047207	request	7833	28049452	28045098	61788	22015504384	2951353	444878	20891088	8146900	31572	531	32489	84000
1787047208	request	7834	28049452	28045098	61788	22015504384	2951353	444878	20890836	8146900	31572	531	32489	83000
1787047210	request	7836	28049452	28045098	61788	22015504384	2951353	444878	20890828	8146900	31572	531	32489	87000
1787047211	request	7837	28049452	28045098	61788	22015504384	2951353	444878	20890400	8146900	31572	531	32489	89000
1787047212	request	7838	28049452	28045098	61788	22015504384	2951353	444878	20890204	8146900	31572	531	32489	84000
1787047214	request	7840	28049452	28045100	61788	22015504384	2951353	444878	20890204	8146900	31572	531	32489	84000
1787047215	request	7841	28049452	28045099	61788	22015504384	2951353	444878	20889952	8146900	31572	531	32489	84000
1787047216	request	7842	28049452	28045099	61788	22015504384	2951353	444878	20890052	8146900	31572	531	32489	86000
1787047217	request	7843	28049680	28045327	61788	22015504384	2951410	444878	20889812	8146900	31572	531	32489	87000
1787047219	request	7845	28049680	28045326	61788	22015504384	2951410	444878	20889084	8146900	31572	531	32489	85000
1787047220	request	7846	28049680	28045327	61788	22015504384	2951410	444878	20888920	8146900	31572	531	32489	84000
1787047221	request	7847	28049680	28045326	61788	22015504384	2951410	444878	20889712	8146900	31572	531	32489	84000
1787047223	request	7849	28049680	28045327	61788	22015504384	2951410	444878	20889860	8146900	31572	531	32489	83000
1787047224	request	7850	28049680	28045326	61788	22015504384	2951410	444878	20889116	8146900	31572	531	32489	88000
1787047225	request	7851	28049680	28045326	61788	22015504384	2951410	444878	20889376	8146900	31572	531	32489	83000
1787047227	request	7853	28049680	28045326	61788	22015504384	2951410	444878	20889484	8146900	31572	531	32489	84000
1787047228	request	7854	28049680	28045327	61788	22015504384	2951410	444878	20889484	8146900	31572	531	32489	84000
1787047229	request	7855	28049680	28045326	61788	22015504384	2951410	444878	20888728	8146900	31572	531	32489	88000
1787047230	request	7856	28049680	28045326	61788	22015504384	2951410	444878	20889804	8146900	31572	531	32489	88000
1787047232	request	7858	28049680	28045326	61788	22015504384	2951410	444878	20889312	8146900	31572	531	32489	90000
1787047233	request	7859	28049680	28045326	61788	22015504384	2951410	444878	20889572	8146900	31572	531	32489	83000
1787047234	request	7860	28049680	28045327	61788	22015504384	2951410	444878	20889348	8146900	31572	531	32489	85000
1787047236	request	7862	28049680	28045325	61788	22015504384	2951410	444878	20889660	8146900	31572	531	32489	84000
1787047237	request	7863	28049680	28045327	61788	22015504384	2951410	444878	20890096	8146900	31572	531	32489	89000
1787047238	request	7864	28049680	28045326	61788	22015504384	2951410	444878	20890348	8146900	31572	531	32489	86000
1787047240	request	7866	28049680	28045327	61788	22015504384	2951410	444878	20889768	8146900	31572	531	32489	84000
1787047241	request	7867	28049680	28045326	61788	22015504384	2951410	444878	20889640	8146900	31572	531	32489	84000
1787047242	request	7868	28049680	28045325	61788	22015504384	2951410	444878	20889640	8146900	31572	531	32489	84000
1787047243	request	7869	28049680	28045327	61788	22015504384	2951410	444878	20889640	8146900	31572	531	32489	87000
1787047245	request	7871	28049680	28045326	61788	22015504384	2951410	444878	20890020	8146900	31572	531	32489	88000
1787047246	request	7872	28049680	28045326	61788	22015504384	2951410	444878	20890020	8146900	31572	531	32489	84000
1787047247	request	7873	28049680	28045326	61788	22015504384	2951410	444878	20889892	8146900	31572	531	32489	85000
1787047249	request	7875	28049680	28045327	61788	22015504384	2951410	444878	20890848	8146900	31572	531	32489	85000
1787047250	request	7876	28049680	28045327	61788	22015504384	2951410	444878	20890844	8146900	31572	531	32489	87000
1787047251	request	7877	28049680	28045326	61788	22015504384	2951410	444878	20891360	8146900	31572	531	32489	89000
1787047252	request	7878	28049680	28045327	61788	22015504384	2951410	444878	20891120	8146900	31572	531	32489	85000
1787047254	request	7880	28049680	28045327	61788	22015504384	2951410	444878	20891240	8146900	31572	531	32489	84000
1787047255	request	7881	28049680	28045326	61788	22015504384	2951410	444878	20890568	8146900	31572	531	32489	84000
1787047256	request	7882	28049680	28045327	61788	22015504384	2951410	444878	20890568	8146900	31572	531	32489	83000
1787047258	request	7884	28049680	28045326	61788	22015504384	2951410	444878	20890076	8146900	31572	531	32489	88000
1787047259	request	7885	28049680	28045326	61788	22015504384	2951410	444878	20888144	8146900	31572	531	32489	90000
1787047260	request	7886	28049680	28045326	61788	22015504384	2951410	444878	20888368	8146900	31572	531	32489	83000
1787047262	request	7888	28049680	28045328	61788	22015504384	2951410	444878	20888116	8146900	31572	531	32489	85000
1787047263	request	7889	28049680	28045328	61788	22015504384	2951410	444878	20888116	8146900	31572	531	32489	85000
1787047264	request	7890	28049680	28045327	61788	22015504384	2951410	444878	20887876	8146900	31572	531	32489	86000
1787047265	request	7891	28049680	28045327	61788	22015504384	2951410	444878	20886852	8146900	31572	531	32489	89000
1787047267	request	7893	28049680	28045327	61788	22015504384	2951410	444878	20887384	8146900	31572	531	32489	90000
1787047268	request	7894	28049680	28045326	61788	22015504384	2951410	444878	20887132	8146900	31572	531	32489	84000
1787047269	request	7895	28049680	28045326	61788	22015504384	2951410	444878	20888408	8146900	31572	531	32489	83000
1787047271	request	7897	28049680	28045328	61788	22015504384	2951410	444878	20888380	8146900	31572	531	32489	82000
1787047272	request	7898	28049680	28045326	61788	22015504384	2951410	444878	20888580	8146900	31572	531	32489	81000
1787047273	request	7899	28049680	28045328	61788	22015504384	2951410	444878	20890200	8146900	31572	531	32489	91000
1787047274	request	7900	28049680	28045327	61788	22015504384	2951410	444878	20890204	8146900	31572	531	32489	83000
1787047276	request	7902	28049680	28045327	61788	22015504384	2951410	444878	20890204	8146900	31572	531	32489	84000
1787047277	request	7903	28049680	28045327	61788	22015504384	2951410	444878	20890300	8146900	31572	531	32489	84000
1787047278	request	7904	28049680	28045327	61788	22015504384	2951410	444878	20890300	8146900	31572	531	32489	87000
1787047280	request	7906	28049680	28045327	61788	22015504384	2951410	444878	20889148	8146900	31572	531	32489	86000
1787047281	request	7907	28049680	28045327	61788	22015504384	2951410	444878	20889148	8146900	31572	531	32489	82000
1787047282	request	7908	28049680	28045328	61788	22015504384	2951410	444878	20890544	8146900	31572	531	32489	84000
1787047283	request	7909	28049680	28045327	61788	22015504384	2951410	444878	20890640	8146900	31572	531	32489	84000
1787047285	request	7911	28049680	28045328	61788	22015504384	2951410	444878	20889644	8146900	31572	531	32489	84000
1787047286	request	7912	28049680	28045327	61788	22015504384	2951410	444878	20889156	8146900	31572	531	32489	88000
1787047287	request	7913	28049680	28045327	61788	22015504384	2951410	444878	20889156	8146900	31572	531	32489	86000
1787047289	request	7915	28049680	28045328	61788	22015504384	2951410	444878	20889156	8146900	31572	531	32489	83000
1787047290	request	7916	28049680	28045327	61788	22015504384	2951410	444878	20889240	8146900	31572	531	32489	85000
1787047291	request	7917	28049680	28045327	61788	22015504384	2951410	444878	20888748	8146900	31572	531	32489	85000
1787047293	request	7919	28049680	28045327	61788	22015504384	2951410	444878	20888748	8146900	31572	531	32489	88000
1787047294	request	7920	28049680	28045327	61788	22015504384	2951410	444878	20889032	8146900	31572	531	32489	89000
1787047295	request	7921	28049680	28045328	61788	22015504384	2951410	444878	20889032	8146900	31572	531	32489	82000
1787047297	request	7923	28049680	28045327	61788	22015504384	2951410	444878	20888616	8146900	31572	531	32489	83000
1787047298	request	7924	28049680	28045327	61788	22015504384	2951410	444878	20888256	8146900	31572	531	32489	85000
1787047299	request	7925	28049680	28045329	61788	22015504384	2951410	444878	20888528	8146900	31572	531	32489	86000
1787047300	request	7926	28049680	28045328	61788	22015504384	2951410	444878	20889316	8146900	31572	531	32489	89000
1787047302	request	7928	28049680	28045328	61788	22015504384	2951410	444878	20889064	8146900	31572	531	32489	83000
1787047303	request	7929	28049680	28045327	61788	22015504384	2951410	444878	20889064	8146900	31572	531	32489	85000
1787047304	request	7930	28049680	28045327	61788	22015504384	2951410	444878	20889064	8146900	31572	531	32489	83000
1787047306	request	7932	28049680	28045327	61788	22015504384	2951410	444878	20888936	8146900	31572	531	32489	84000
1787047307	request	7933	28049680	28045327	61788	22015504384	2951410	444878	20889584	8146900	31572	531	32489	89000
1787047308	request	7934	28049680	28045328	61788	22015504384	2951410	444878	20889092	8146900	31572	531	32489	90000
1787047310	request	7936	28049680	28045328	61788	22015504384	2951410	444878	20888844	8146900	31572	531	32489	83000
1787047311	request	7937	28049680	28045328	61788	22015504384	2951410	444878	20888844	8146900	31572	531	32489	83000
1787047312	request	7938	28049680	28045327	61788	22015504384	2951410	444878	20888604	8146900	31572	531	32489	84000
1787047313	request	7939	28049680	28045328	61788	22015504384	2951410	444878	20888644	8146900	31572	531	32489	86000
1787047315	request	7941	28049680	28045328	61788	22015504384	2951410	444878	20889628	8146900	31572	531	32489	85000
1787047316	request	7942	28049680	28045327	61788	22015504384	2951410	444878	20890660	8146900	31572	531	32489	83000
1787047317	request	7943	28049680	28045327	61788	22015504384	2951410	444878	20891952	8146900	31572	531	32489	84000
1787047319	request	7945	28049680	28045327	61788	22015504384	2951410	444878	20891220	8146900	31572	531	32489	84000
1787047320	request	7946	28049680	28045328	61788	22015504384	2951410	444878	20891220	8146900	31572	531	32489	86000
1787047321	request	7947	28049680	28045327	61788	22015504384	2951410	444878	20890728	8146900	31572	531	32489	88000
1787047322	request	7948	28049680	28045327	61788	22015504384	2951410	444878	20890520	8146900	31572	531	32489	92000
1787047324	request	7950	28049680	28045327	61788	22015504384	2951410	444878	20889648	8146900	31572	531	32489	85000
1787047325	request	7951	28049680	28045329	61788	22015504384	2951410	444878	20890012	8146900	31572	531	32489	84000
1787047326	request	7952	28049680	28045327	61788	22015504384	2951410	444878	20890792	8146900	31572	531	32489	85000
1787047328	request	7954	28049680	28045327	61788	22015504384	2951442	444878	20891172	8146900	31572	531	32489	90000
1787047329	request	7955	28049808	28045456	61788	22015504384	2951442	444878	20889380	8146900	31572	531	32489	86000
1787047330	request	7956	28049808	28045455	61788	22015504384	2951442	444878	20888364	8146900	31572	531	32489	84000
1787047332	request	7958	28049808	28045455	61788	22015504384	2951442	444878	20887844	8146900	31572	531	32489	84000
1787047333	request	7959	28049808	28045456	61788	22015504384	2951442	444878	20887848	8146900	31572	531	32489	84000
1787047334	request	7960	28049808	28045456	61788	22015504384	2951442	444878	20888436	8146900	31572	531	32489	87000
1787047335	request	7961	28049808	28045457	61788	22015504384	2951442	444878	20888448	8146900	31572	531	32489	83000
1787047337	request	7963	28049808	28045455	61788	22015504384	2951442	444878	20888196	8146900	31572	531	32489	83000
1787047338	request	7964	28049808	28045457	61788	22015504384	2951442	444878	20888196	8146900	31572	531	32489	84000
1787047339	request	7965	28049808	28045456	61788	22015504384	2951442	444878	20887944	8146900	31572	531	32489	84000
1787047341	request	7967	28049808	28045457	61788	22015504384	2951442	444878	20887944	8146900	31572	531	32489	84000
1787047342	request	7968	28049808	28045455	61788	22015504384	2951442	444878	20887944	8146900	31572	531	32489	85000
1787047343	request	7969	28049808	28045456	61788	22015504384	2951442	444878	20888096	8146900	31572	531	32489	88000
1787047345	request	7971	28049808	28045455	61788	22015504384	2951442	444878	20889404	8146900	31572	531	32489	84000
1787047346	request	7972	28049808	28045456	61788	22015504384	2951442	444878	20889700	8146900	31572	531	32489	84000
1787047347	request	7973	28049808	28045456	61788	22015504384	2951442	444878	20889624	8146900	31572	531	32489	86000
1787047348	request	7974	28049808	28045456	61788	22015504384	2951442	444878	20889840	8146900	31572	531	32489	78000
1787047350	request	7976	28049808	28045456	61788	22015504384	2951442	444878	20888668	8146900	31572	531	32489	85000
1787047351	request	7977	28049808	28045455	61788	22015504384	2951442	444878	20888304	8146900	31572	531	32489	84000
1787047352	request	7978	28049808	28045455	61788	22015504384	2951442	444878	20889212	8146900	31572	531	32489	84000
1787047354	request	7980	28049808	28045457	61788	22015504384	2951442	444878	20888456	8146900	31572	531	32489	84000
1787047355	request	7981	28049808	28045455	61788	22015504384	2951442	444878	20888708	8146900	31572	531	32489	85000
1787047356	request	7982	28049808	28045457	61788	22015504384	2951442	444878	20888708	8146900	31572	531	32489	88000
1787047357	request	7983	28049808	28045457	61788	22015504384	2951442	444878	20888464	8146900	31572	531	32489	88000
1787047359	request	7985	28049808	28045457	61788	22015504384	2951442	444878	20888044	8146900	31572	531	32489	85000
1787047360	request	7986	28049808	28045456	61788	22015504384	2951442	444878	20887792	8146900	31572	531	32489	85000
1787047361	request	7987	28049808	28045456	61788	22015504384	2951442	444878	20887780	8146900	31572	531	32489	83000
1787047363	request	7989	28049808	28045455	61788	22015504384	2951442	444878	20888464	8146900	31572	531	32489	85000
1787047364	request	7990	28049808	28045456	61788	22015504384	2951442	444878	20888224	8146900	31572	531	32489	91000
1787047365	request	7991	28049808	28045455	61788	22015504384	2951442	444878	20888224	8146900	31572	531	32489	85000
1787047367	request	7993	28049808	28045455	61788	22015504384	2951442	444878	20888224	8146900	31572	531	32489	85000
1787047368	request	7994	28049808	28045455	61788	22015504384	2951442	444878	20888224	8146900	31572	531	32489	84000
1787047369	request	7995	28049808	28045457	61788	22015504384	2951442	444878	20887004	8146900	31572	531	32489	90000
1787047370	request	7996	28049808	28045457	61788	22015504384	2951442	444878	20887232	8146900	31572	531	32489	90000
1787047372	request	7998	28049808	28045456	61788	22015504384	2951442	444878	20887268	8146900	31572	531	32489	89000
1787047373	request	7999	28049808	28045456	61788	22015504384	2951442	444878	20887016	8146900	31572	531	32489	83000
1787047374	request	8000	28049808	28045455	61788	22015504384	2951442	444878	20887004	8146900	31572	531	32489	84000
1787047376	request	8002	28049808	28045456	61788	22015504384	2951442	444878	20887136	8146900	31572	531	32489	84000
1787047377	request	8003	28049808	28045455	61788	22015504384	2951442	444878	20887248	8146900	31572	531	32489	89000
1787047378	request	8004	28049808	28045455	61788	22015504384	2951442	444878	20888056	8146900	31572	531	32489	87000
1787047380	request	8006	28049808	28045456	61788	22015504384	2951442	444878	20889084	8146900	31572	531	32489	85000
1787047381	request	8007	28049808	28045455	61788	22015504384	2951442	444878	20888832	8146900	31572	531	32489	85000
1787047382	request	8008	28049808	28045456	61788	22015504384	2951442	444878	20888832	8146900	31572	531	32489	85000
1787047384	request	8010	28049808	28045456	61788	22015504384	2951442	444878	20889056	8146900	31572	531	32489	85000
1787047385	request	8011	28049808	28045457	61788	22015504384	2951442	444878	20889304	8146900	31572	531	32489	89000
1787047386	request	8012	28049808	28045455	61788	22015504384	2951442	444878	20889052	8146900	31572	531	32489	84000
1787047387	request	8013	28049808	28045456	61788	22015504384	2951442	444878	20889052	8146900	31572	531	32489	84000
1787047389	request	8015	28049808	28045455	61788	22015504384	2951442	444878	20889000	8146900	31572	531	32489	84000
1787047390	request	8016	28049808	28045455	61788	22015504384	2951442	444878	20889056	8146900	31572	531	32489	85000
1787047391	request	8017	28049808	28045456	61788	22015504384	2951442	444878	20888692	8146900	31572	531	32489	86000
1787047393	request	8019	28049808	28045455	61788	22015504384	2951442	444878	20888552	8146900	31572	531	32489	89000
1787047394	request	8020	28049808	28045455	61788	22015504384	2951442	444878	20887696	8146900	31572	531	32489	84000
1787047395	request	8021	28049808	28045456	61788	22015504384	2951442	444878	20887696	8146900	31572	531	32489	84000
1787047396	request	8022	28049808	28045455	61788	22015504384	2951442	444878	20887696	8146900	31572	531	32489	84000
1787047398	request	8024	28049808	28045457	61788	22015504384	2951442	444878	20887456	8146900	31572	531	32489	84000
1787047399	request	8025	28049808	28045456	61788	22015504384	2951442	444878	20887500	8146900	31572	531	32489	90000
1787047400	request	8026	28049808	28045455	61788	22015504384	2951442	444878	20886140	8146900	31572	531	32489	84000
1787047402	request	8028	28049808	28045456	61788	22015504384	2951442	444878	20886252	8146900	31572	531	32489	84000
1787047403	request	8029	28049808	28045455	61788	22015504384	2951442	444878	20886000	8146900	31572	531	32489	85000
1787047404	request	8030	28049808	28045455	61788	22015504384	2951442	444878	20885872	8146900	31572	531	32489	84000
1787047406	request	8032	28049808	28045456	61788	22015504384	2951442	444878	20885620	8146900	31572	531	32489	84000
1787047407	request	8033	28049808	28045456	61788	22015504384	2951442	444878	20885620	8146900	31572	531	32489	83000
1787047408	request	8034	28049808	28045457	61788	22015504384	2951442	444878	20886124	8146900	31572	531	32489	85000
1787047410	request	8036	28049808	28045456	61788	22015504384	2951442	444878	20886364	8146900	31572	531	32489	85000
1787047411	request	8037	28049808	28045457	61788	22015504384	2951442	444878	20886616	8146900	31572	531	32489	86000
1787047412	request	8038	28049808	28045456	61788	22015504384	2951442	444878	20886620	8146900	31572	531	32489	83000
1787047413	request	8039	28049808	28045456	61788	22015504384	2951442	444878	20886620	8146900	31572	531	32489	90000
1787047415	request	8041	28049808	28045455	61788	22015504384	2951442	444878	20886620	8146900	31572	531	32489	83000
1787047416	request	8042	28049808	28045456	61788	22015504384	2951442	444878	20886256	8146900	31572	531	32489	86000
1787047417	request	8043	28049808	28045455	61788	22015504384	2951442	444878	20887092	8146900	31572	531	32489	84000
1787047419	request	8045	28049808	28045455	61788	22015504384	2951442	444878	20886600	8146900	31572	531	32489	90000
1787047420	request	8046	28049808	28045456	61788	22015504384	2951442	444878	20886108	8146900	31572	531	32489	87000
1787047421	request	8047	28049808	28045456	61788	22015504384	2951442	444878	20886108	8146900	31572	531	32489	85000
1787047423	request	8049	28049808	28045455	61788	22015504384	2951442	444878	20885856	8146900	31572	531	32489	85000
1787047424	request	8050	28049808	28045456	61788	22015504384	2951442	444878	20885856	8146900	31572	531	32489	84000
1787047425	request	8051	28049808	28045455	61788	22015504384	2951442	444878	20886472	8146900	31572	531	32489	87000
1787047427	request	8053	28049808	28045457	61788	22015504384	2951442	444878	20886468	8146900	31572	531	32489	89000
1787047428	request	8054	28049808	28045455	61788	22015504384	2951442	444878	20886808	8146900	31572	531	32489	84000
1787047429	request	8055	28049808	28045455	61788	22015504384	2951442	444878	20886444	8146900	31572	531	32489	84000
1787047430	request	8056	28049808	28045455	61788	22015504384	2951442	444878	20886092	8146900	31572	531	32489	85000
1787047432	request	8058	28049808	28045455	61788	22015504384	2951442	444878	20886092	8146900	31572	531	32489	85000
1787047433	request	8059	28049808	28045456	61788	22015504384	2951442	444878	20887628	8146900	31572	531	32489	88000
1787047434	request	8060	28049808	28045457	61788	22015504384	2951442	444878	20886884	8146900	31572	531	32489	92000
1787047436	request	8062	28049808	28045456	61788	22015504384	2951442	444878	20886920	8146900	31572	531	32489	84000
1787047437	request	8063	28049808	28045456	61788	22015504384	2951442	444878	20888920	8146900	31572	531	32489	84000
1787047438	request	8064	28049808	28045457	61788	22015504384	2951442	444878	20889172	8146900	31572	531	32489	84000
1787047440	request	8066	28049808	28045455	61788	22015504384	2951442	444878	20888580	8146900	31572	531	32489	83000
1787047441	request	8067	28049936	28045585	61788	22015504384	2951474	444878	20889212	8146900	31572	531	32489	87000
1787047442	request	8068	28049936	28045583	61788	22015504384	2951474	444878	20888960	8146900	31572	531	32489	87000
1787047443	request	8069	28049936	28045583	61788	22015504384	2951474	444878	20888960	8146900	31572	531	32489	85000
1787047445	request	8071	28049936	28045583	61788	22015504384	2951474	444878	20888196	8146900	31572	531	32489	84000
1787047446	request	8072	28049936	28045583	61788	22015504384	2951474	444878	20888448	8146900	31572	531	32489	84000
1787047447	request	8073	28049936	28045583	61788	22015504384	2951474	444878	20888348	8146900	31572	531	32489	86000
1787047449	request	8075	28049936	28045583	61788	22015504384	2951474	444878	20887732	8146900	31572	531	32489	87000
1787047450	request	8076	28049936	28045584	61788	22015504384	2951474	444878	20886892	8146900	31572	531	32489	84000
1787047451	request	8077	28049936	28045583	61788	22015504384	2951474	444878	20886892	8146900	31572	531	32489	85000
1787047453	request	8079	28049936	28045583	61788	22015504384	2951474	444878	20887396	8146900	31572	531	32489	83000
1787047454	request	8080	28049936	28045584	61788	22015504384	2951474	444878	20887396	8146900	31572	531	32489	86000
1787047455	request	8081	28049936	28045585	61788	22015504384	2951474	444878	20887984	8146900	31572	531	32489	89000
1787047456	request	8082	28049936	28045585	61788	22015504384	2951474	444878	20887984	8146900	31572	531	32489	84000
1787047458	request	8084	28049936	28045584	61788	22015504384	2951474	444878	20887388	8146900	31572	531	32489	85000
1787047459	request	8085	28049936	28045583	61788	22015504384	2951474	444878	20887792	8146900	31572	531	32489	85000
1787047460	request	8086	28049936	28045584	61788	22015504384	2951474	444878	20887744	8146900	31572	531	32489	85000
1787047462	request	8088	28049936	28045584	61788	22015504384	2951474	444878	20886956	8146900	31572	531	32489	84000
1787047463	request	8089	28049936	28045583	61788	22015504384	2951474	444878	20886572	8146900	31572	531	32489	89000
1787047464	request	8090	28049936	28045583	61788	22015504384	2951474	444878	20888144	8146900	31572	531	32489	83000
1787047465	request	8091	28049936	28045584	61788	22015504384	2951474	444878	20888504	8146900	31572	531	32489	85000
1787047467	request	8093	28049936	28045584	61788	22015504384	2951474	444878	20888756	8146900	31572	531	32489	84000
1787047468	request	8094	28049936	28045583	61788	22015504384	2951474	444878	20889020	8146900	31572	531	32489	88000
1787047469	request	8095	28049936	28045584	61788	22015504384	2951474	444878	20889124	8146900	31572	531	32489	90000
1787047471	request	8097	28049936	28045583	61788	22015504384	2951474	444878	20890036	8146900	31572	531	32489	84000
1787047472	request	8098	28049936	28045584	61788	22015504384	2951474	444878	20890856	8146900	31572	531	32489	85000
1787047473	request	8099	28049936	28045584	61788	22015504384	2951474	444878	20890860	8146900	31572	531	32489	84000
1787047475	request	8101	28049936	28045583	61788	22015504384	2951474	444878	20890608	8146900	31572	531	32489	85000
1787047476	request	8102	28049936	28045583	61788	22015504384	2951474	444878	20891136	8146900	31572	531	32489	83000
1787047477	request	8103	28049936	28045584	61788	22015504384	2951474	444878	20890632	8146900	31572	531	32489	86000
1787047478	request	8104	28049936	28045583	61788	22015504384	2951474	444878	20889876	8146900	31572	531	32489	84000
1787047480	request	8106	28049936	28045584	61788	22015504384	2951474	444878	20889624	8146900	31572	531	32489	83000
1787047481	request	8107	28049936	28045584	61788	22015504384	2951474	444878	20889624	8146900	31572	531	32489	83000
1787047482	request	8108	28049936	28045583	61788	22015504384	2951474	444878	20889132	8146900	31572	531	32489	88000
1787047484	request	8110	28049936	28045583	61788	22015504384	2951474	444878	20890164	8146900	31572	531	32489	89000
1787047485	request	8111	28049936	28045584	61788	22015504384	2951474	444878	20890544	8146900	31572	531	32489	84000
1787047486	request	8112	28049936	28045583	61788	22015504384	2951474	444878	20890292	8146900	31572	531	32489	85000
1787047488	request	8114	28049936	28045583	61788	22015504384	2951474	444878	20891124	8146900	31572	531	32489	84000
1787047489	request	8115	28049936	28045583	61788	22015504384	2951474	444878	20890672	8146900	31572	531	32489	86000
1787047490	request	8116	28049936	28045583	61788	22015504384	2951474	444878	20889880	8146900	31572	531	32489	87000
1787047492	request	8118	28049936	28045585	61788	22015504384	2951474	444878	20889708	8146900	31572	531	32489	84000
1787047493	request	8119	28049936	28045583	61788	22015504384	2951474	444878	20889708	8146900	31572	531	32489	83000
1787047494	request	8120	28049936	28045585	61788	22015504384	2951474	444878	20889708	8146900	31572	531	32489	86000
1787047495	request	8121	28049936	28045584	61788	22015504384	2951474	444878	20889216	8146900	31572	531	32489	85000
1787047497	request	8123	28049936	28045583	61788	22015504384	2951474	444878	20889244	8146900	31572	531	32489	89000
1787047498	request	8124	28049936	28045584	61788	22015504384	2951474	444878	20887996	8146900	31572	531	32489	83000
1787047499	request	8125	28049936	28045583	61788	22015504384	2951474	444878	20887744	8146900	31572	531	32489	83000
1787047501	request	8127	28049936	28045583	61788	22015504384	2951474	444878	20887788	8146900	31572	531	32489	84000
1787047502	request	8128	28049936	28045583	61788	22015504384	2951474	444878	20887748	8146900	31572	531	32489	84000
1787047503	request	8129	28049936	28045583	61788	22015504384	2951474	444878	20887620	8146900	31572	531	32489	82000
1787047505	request	8131	28049936	28045583	61788	22015504384	2951474	444878	20887508	8146900	31572	531	32489	88000
1787047506	request	8132	28049936	28045583	61788	22015504384	2951474	444878	20887380	8146900	31572	531	32489	83000
1787047507	request	8133	28049936	28045584	61788	22015504384	2951474	444878	20887128	8146900	31572	531	32489	83000
1787047508	request	8134	28049936	28045583	61788	22015504384	2951474	444878	20888376	8146900	31572	531	32489	84000
1787047510	request	8136	28049936	28045584	61788	22015504384	2951474	444878	20888216	8146900	31572	531	32489	84000
1787047511	request	8137	28049936	28045585	61788	22015504384	2951474	444878	20888992	8146900	31572	531	32489	88000
1787047512	request	8138	28049936	28045584	61788	22015504384	2951474	444878	20889132	8146900	31572	531	32489	89000
1787047514	request	8140	28049936	28045585	61788	22015504384	2951474	444878	20888628	8146900	31572	531	32489	84000
1787047515	request	8141	28049936	28045583	61788	22015504384	2951474	444878	20888012	8146900	31572	531	32489	84000
1787047516	request	8142	28049936	28045583	61788	22015504384	2951474	444878	20887884	8146904	31573	531	32490	86000
1787047518	request	8144	28049936	28045583	61788	22015504384	2951474	444878	20888052	8146904	31573	531	32490	88000
1787047519	request	8145	28049936	28045583	61788	22015504384	2951474	444878	20888096	8146904	31573	531	32490	84000
1787047520	request	8146	28049936	28045583	61788	22015504384	2951474	444878	20888100	8146904	31573	531	32490	85000
1787047521	request	8147	28049936	28045583	61788	22015504384	2951474	444878	20889032	8146904	31573	531	32490	86000
1787047523	request	8149	28049936	28045583	61788	22015504384	2951474	444878	20889352	8146904	31573	531	32490	84000
1787047524	request	8150	28049936	28045583	61788	22015504384	2951474	444878	20889452	8146904	31573	531	32490	84000
1787047525	request	8151	28049936	28045583	61788	22015504384	2951474	444878	20889268	8146904	31573	531	32490	92000
1787047527	request	8153	28049936	28045584	61788	22015504384	2951474	444878	20888768	8146904	31573	531	32490	86000
1787047528	request	8154	28049936	28045584	61788	22015504384	2951474	444878	20887648	8146904	31573	531	32490	84000
1787047529	request	8155	28049936	28045583	61788	22015504384	2951474	444878	20887520	8146904	31573	531	32490	83000
1787047531	request	8157	28049936	28045583	61788	22015504384	2951474	444878	20887644	8146904	31573	531	32490	84000
1787047532	request	8158	28049936	28045583	61788	22015504384	2951474	444878	20887468	8146904	31573	531	32490	87000
1787047533	request	8159	28049936	28045584	61788	22015504384	2951474	444878	20888080	8146904	31573	531	32490	89000
1787047534	request	8160	28049936	28045584	61788	22015504384	2951474	444878	20888420	8146904	31573	531	32490	84000
1787047536	request	8162	28049936	28045584	61788	22015504384	2951474	444878	20888464	8146904	31573	531	32490	83000
1787047537	request	8163	28049936	28045585	61788	22015504384	2951474	444878	20888464	8146904	31573	531	32490	84000
1787047538	request	8164	28049936	28045584	61788	22015504384	2951474	444878	20888464	8146904	31573	531	32490	83000
1787047540	request	8166	28049936	28045586	61788	22015504384	2951474	444878	20888464	8146904	31573	531	32490	89000
1787047541	request	8167	28049936	28045586	61788	22015504384	2951474	444878	20887972	8146904	31573	531	32490	86000
1787047542	request	8168	28049936	28045586	61788	22015504384	2951474	444878	20887720	8146904	31573	531	32490	83000
1787047543	request	8169	28049936	28045585	61788	22015504384	2951474	444878	20887468	8146904	31573	531	32490	82000
1787047545	request	8171	28049936	28045584	61788	22015504384	2951474	444878	20886884	8146904	31573	531	32490	83000
1787047546	request	8172	28049936	28045584	61788	22015504384	2951474	444878	20888708	8146904	31573	531	32490	80000
1787047547	request	8173	28049936	28045584	61788	22015504384	2951474	444878	20889164	8146904	31573	531	32490	89000
1787047549	request	8175	28049936	28045585	61788	22015504384	2951474	444878	20889232	8146904	31573	531	32490	83000
1787047550	request	8176	28049936	28045585	61788	22015504384	2951474	444878	20890376	8146904	31573	531	32490	84000
1787047551	request	8177	28049936	28045583	61788	22015504384	2951474	444878	20890628	8146904	31573	531	32490	83000
1787047552	request	8178	28049936	28045583	61788	22015504384	2951474	444878	20889380	8146904	31573	531	32490	85000
1787047554	request	8180	28050064	28045711	61788	22015504384	2951506	444878	20889908	8146904	31573	531	32490	88000
1787047555	request	8181	28050064	28045712	61788	22015504384	2951506	444878	20889104	8146904	31573	531	32490	86000
1787047556	request	8182	28050064	28045711	61788	22015504384	2951506	444878	20889384	8146904	31573	531	32490	83000
1787047558	request	8184	28050064	28045711	61788	22015504384	2951506	444878	20888888	8146904	31573	531	32490	83000
1787047559	request	8185	28050064	28045711	61788	22015504384	2951506	444878	20888888	8146904	31573	531	32490	84000
1787047560	request	8186	28050064	28045712	61788	22015504384	2951506	444878	20888132	8146904	31573	531	32490	82000
1787047562	request	8188	28050064	28045711	61788	22015504384	2951506	444878	20887928	8146904	31573	531	32490	85000
1787047563	request	8189	28050064	28045711	61788	22015504384	2951506	444878	20887928	8146904	31573	531	32490	84000
1787047564	request	8190	28050064	28045711	61788	22015504384	2951506	444878	20887928	8146904	31573	531	32490	84000
1787047565	request	8191	28050064	28045711	61788	22015504384	2951506	444878	20888388	8146904	31573	531	32490	86000
1787047567	request	8193	28050064	28045711	61788	22015504384	2951506	444878	20888316	8146904	31573	531	32490	84000
1787047568	request	8194	28050064	28045711	61788	22015504384	2951506	444878	20888064	8146904	31573	531	32490	84000
1787047569	request	8195	28050064	28045713	61788	22015504384	2951506	444878	20889156	8146904	31573	531	32490	88000
1787047571	request	8197	28050064	28045713	61788	22015504384	2951506	444878	20889196	8146904	31573	531	32490	83000
1787047572	request	8198	28050064	28045711	61788	22015504384	2951506	444878	20889888	8146904	31573	531	32490	84000
1787047573	request	8199	28050064	28045712	61788	22015504384	2951506	444878	20889636	8146904	31573	531	32490	84000
1787047574	request	8200	28050064	28045712	61788	22015504384	2951506	444878	20889052	8146904	31573	531	32490	84000
1787047576	request	8202	28050064	28045710	61788	22015504384	2951506	444878	20889656	8146904	31573	531	32490	84000
1787047577	request	8203	28050064	28045711	61788	22015504384	2951506	444878	20889404	8146904	31573	531	32490	83000
1787047578	request	8204	28050064	28045711	61788	22015504384	2951506	444878	20888648	8146904	31573	531	32490	84000
1787047580	request	8206	28050064	28045710	61788	22015504384	2951506	444878	20888648	8146904	31573	531	32490	84000
1787047581	request	8207	28050064	28045711	61788	22015504384	2951506	444878	20888648	8146904	31573	531	32490	85000
1787047582	request	8208	28050064	28045711	61788	22015504384	2951506	444878	20888648	8146904	31573	531	32490	89000
1787047584	request	8210	28050064	28045710	61788	22015504384	2951506	444878	20888648	8146904	31573	531	32490	86000
1787047585	request	8211	28050064	28045711	61788	22015504384	2951506	444878	20888648	8146904	31573	531	32490	83000
1787047586	request	8212	28050064	28045710	61788	22015504384	2951506	444878	20888800	8146904	31573	531	32490	85000
1787047588	request	8214	28050064	28045711	61788	22015504384	2951506	444878	20888168	8146904	31573	531	32490	85000
1787047589	request	8215	28050064	28045712	61788	22015504384	2951506	444878	20888132	8146904	31573	531	32490	89000
1787047590	request	8216	28050064	28045710	61788	22015504384	2951506	444878	20888384	8146904	31573	531	32490	82000
1787047591	request	8217	28050064	28045712	61788	22015504384	2951506	444878	20888636	8146904	31573	531	32490	84000
1787047593	request	8219	28050064	28045710	61788	22015504384	2951506	444878	20888888	8146904	31573	531	32490	83000
1787047594	request	8220	28050064	28045710	61788	22015504384	2951506	444878	20889580	8146904	31573	531	32490	85000
1787047595	request	8221	28050064	28045711	61788	22015504384	2951506	444878	20890688	8146904	31573	531	32490	86000
1787047597	request	8223	28050064	28045710	61788	22015504384	2951506	444878	20889948	8146904	31573	531	32490	93000
1787047598	request	8224	28050064	28045712	61788	22015504384	2951506	444878	20889948	8146904	31573	531	32490	84000
1787047599	request	8225	28050064	28045711	61788	22015504384	2951506	444878	20889948	8146904	31573	531	32490	83000
1787047601	request	8227	28050064	28045712	61788	22015504384	2951506	444878	20889892	8146904	31573	531	32490	85000
1787047602	request	8228	28050064	28045711	61788	22015504384	2951506	444878	20889892	8146904	31573	531	32490	84000
1787047603	request	8229	28050064	28045710	61788	22015504384	2951506	444878	20889892	8146904	31573	531	32490	86000
1787047604	request	8230	28050064	28045710	61788	22015504384	2951506	444878	20890696	8146904	31573	531	32490	89000
1787047606	request	8232	28050064	28045710	61788	22015504384	2951506	444878	20890444	8146904	31573	531	32490	84000
1787047607	request	8233	28050064	28045710	61788	22015504384	2951506	444878	20891560	8146904	31573	531	32490	84000
1787047608	request	8234	28050064	28045711	61788	22015504384	2951506	444878	20891308	8146904	31573	531	32490	84000
1787047610	request	8236	28050064	28045712	61788	22015504384	2951506	444878	20891068	8146904	31573	531	32490	87000
1787047611	request	8237	28050064	28045710	61788	22015504384	2951506	444878	20889680	8146904	31573	531	32490	89000
1787047612	request	8238	28050064	28045710	61788	22015504384	2951506	444878	20889952	8146904	31573	531	32490	83000
1787047613	request	8239	28050064	28045710	61788	22015504384	2951506	444878	20889956	8146904	31573	531	32490	83000
1787047615	request	8241	28050064	28045710	61788	22015504384	2951506	444878	20889512	8146904	31573	531	32490	84000
1787047616	request	8242	28050064	28045710	61788	22015504384	2951506	444878	20889260	8146904	31573	531	32490	83000
1787047617	request	8243	28050064	28045710	61788	22015504384	2951506	444878	20889260	8146904	31573	531	32490	89000
1787047619	request	8245	28050064	28045710	61788	22015504384	2951506	444878	20889868	8146904	31573	531	32490	85000
1787047620	request	8246	28050064	28045711	61788	22015504384	2951506	444878	20889712	8146904	31573	531	32490	85000
1787047621	request	8247	28050064	28045710	61788	22015504384	2951506	444878	20889108	8146904	31573	531	32490	84000
1787047623	request	8249	28050064	28045710	61788	22015504384	2951506	444878	20888968	8146904	31573	531	32490	84000
1787047624	request	8250	28050064	28045710	61788	22015504384	2951506	444878	20888728	8146904	31573	531	32490	87000
1787047625	request	8251	28050064	28045710	61788	22015504384	2951506	444878	20888496	8146904	31573	531	32490	89000
1787047626	request	8252	28050064	28045711	61788	22015504384	2951506	444878	20888496	8146904	31573	531	32490	84000
1787047628	request	8254	28050064	28045711	61788	22015504384	2951506	444878	20888624	8146904	31573	531	32490	84000
1787047629	request	8255	28050064	28045710	61788	22015504384	2951506	444878	20888132	8146904	31573	531	32490	84000
1787047630	request	8256	28050064	28045710	61788	22015504384	2951506	444878	20888072	8146904	31573	531	32490	85000
1787047632	request	8258	28050064	28045710	61788	22015504384	2951506	444878	20887664	8146904	31573	531	32490	89000
1787047633	request	8259	28050064	28045711	61788	22015504384	2951506	444878	20887664	8146904	31573	531	32490	89000
1787047634	request	8260	28050064	28045710	61788	22015504384	2951506	444878	20887664	8146904	31573	531	32490	85000
1787047636	request	8262	28050064	28045710	61788	22015504384	2951506	444878	20887664	8146904	31573	531	32490	83000
1787047637	request	8263	28050064	28045711	61788	22015504384	2951506	444878	20887412	8146904	31573	531	32490	84000
1787047638	request	8264	28050064	28045710	61788	22015504384	2951506	444878	20887536	8146904	31573	531	32490	87000
1787047639	request	8265	28050064	28045711	61788	22015504384	2951506	444878	20887676	8146904	31573	531	32490	84000
1787047641	request	8267	28050064	28045711	61788	22015504384	2951506	444878	20887436	8146904	31573	531	32490	85000
1787047642	request	8268	28050064	28045710	61788	22015504384	2951506	444878	20887436	8146904	31573	531	32490	84000
1787047643	request	8269	28050064	28045711	61788	22015504384	2951506	444878	20887436	8146904	31573	531	32490	86000
1787047645	request	8271	28050064	28045712	61788	22015504384	2951506	444878	20888080	8146904	31573	531	32490	84000
1787047646	request	8272	28050064	28045710	61788	22015504384	2951506	444878	20888080	8146904	31573	531	32490	86000
1787047647	request	8273	28050064	28045712	61788	22015504384	2951506	444878	20888416	8146904	31573	531	32490	89000
1787047649	request	8275	28050064	28045711	61788	22015504384	2951506	444878	20888508	8146904	31573	531	32490	83000
1787047650	request	8276	28050064	28045710	61788	22015504384	2951506	444878	20888132	8146904	31573	531	32490	83000
1787047651	request	8277	28050064	28045710	61788	22015504384	2951506	444878	20887880	8146904	31573	531	32490	83000
1787047652	request	8278	28050064	28045711	61788	22015504384	2951506	444878	20887108	8146904	31573	531	32490	87000
1787047654	request	8280	28050064	28045711	61788	22015504384	2951506	444878	20887208	8146904	31573	531	32490	84000
1787047655	request	8281	28050064	28045711	61788	22015504384	2951506	444878	20887208	8146904	31573	531	32490	83000
1787047656	request	8282	28050064	28045711	61788	22015504384	2951506	444878	20887208	8146904	31573	531	32490	84000
1787047658	request	8284	28050064	28045710	61788	22015504384	2951506	444878	20886560	8146904	31573	531	32490	83000
1787047659	request	8285	28050064	28045710	61788	22015504384	2951506	444878	20886560	8146904	31573	531	32490	83000
1787047660	request	8286	28050064	28045710	61788	22015504384	2951506	444878	20886564	8146904	31573	531	32490	86000
1787047662	request	8288	28050064	28045711	61788	22015504384	2951506	444878	20886564	8146904	31573	531	32490	88000
1787047663	request	8289	28050064	28045710	61788	22015504384	2951506	444878	20887412	8146904	31573	531	32490	85000
1787047664	request	8290	28050064	28045710	61788	22015504384	2951506	444878	20886808	8146904	31573	531	32490	85000
1787047665	request	8291	28050064	28045710	61788	22015504384	2951506	444878	20886416	8146904	31573	531	32490	85000
1787047667	request	8293	28050064	28045710	61788	22015504384	2951506	444878	20886176	8146904	31573	531	32490	78000
1787047668	request	8294	28050356	28046002	61788	22015504384	2951564	444878	20886240	8146904	31573	531	32490	88000
1787047669	request	8295	28050356	28046003	61788	22015504384	2951564	444878	20886604	8146904	31573	531	32490	83000
1787047670	request	8296	28050356	28046002	61788	22015504384	2951564	444878	20886576	8146904	31573	531	32490	85000
1787047672	request	8298	28050356	28046003	61788	22015504384	2951564	444878	20886576	8146904	31573	531	32490	84000
1787047673	request	8299	28050356	28046002	61788	22015504384	2951564	444878	20886576	8146904	31573	531	32490	84000
1787047674	request	8300	28050356	28046002	61788	22015504384	2951564	444878	20886576	8146904	31573	531	32490	90000
1787047676	request	8302	28050356	28046003	61788	22015504384	2951564	444878	20886576	8146904	31573	531	32490	88000
1787047677	request	8303	28050356	28046002	61788	22015504384	2951564	444878	20886576	8146904	31573	531	32490	83000
1787047678	request	8304	28050356	28046003	61788	22015504384	2951564	444878	20885820	8146904	31573	531	32490	86000
1787047680	request	8306	28050356	28046002	61788	22015504384	2951564	444878	20887192	8146904	31573	531	32490	85000
1787047681	request	8307	28050356	28046002	61788	22015504384	2951564	444878	20886940	8146904	31573	531	32490	81000
1787047682	request	8308	28050356	28046004	61788	22015504384	2951564	444878	20887720	8146904	31573	531	32490	88000
1787047683	request	8309	28050356	28046004	61788	22015504384	2951564	444878	20887720	8146904	31573	531	32490	84000
1787047685	request	8311	28050356	28046004	61788	22015504384	2951564	444878	20888176	8146904	31573	531	32490	84000
1787047686	request	8312	28050356	28046002	61788	22015504384	2951564	444878	20887924	8146904	31573	531	32490	85000
1787047687	request	8313	28050356	28046002	61788	22015504384	2951564	444878	20887924	8146904	31573	531	32490	83000
1787047689	request	8315	28050356	28046002	61788	22015504384	2951564	444878	20887876	8146904	31573	531	32490	87000
1787047690	request	8316	28050356	28046002	61788	22015504384	2951564	444878	20887820	8146904	31573	531	32490	87000
1787047691	request	8317	28050356	28046002	61788	22015504384	2951564	444878	20887820	8146904	31573	531	32490	83000
1787047693	request	8319	28050356	28046003	61788	22015504384	2951564	444878	20889992	8146904	31573	531	32490	85000
1787047694	request	8320	28050356	28046002	61788	22015504384	2951564	444878	20889500	8146904	31573	531	32490	84000
1787047695	request	8321	28050356	28046002	61788	22015504384	2951564	444878	20889500	8146904	31573	531	32490	86000
1787047697	request	8323	28050356	28046003	61788	22015504384	2951564	444878	20888632	8146904	31573	531	32490	94000
1787047698	request	8324	28050356	28046003	61788	22015504384	2951564	444878	20888504	8146904	31573	531	32490	84000
1787047699	request	8325	28050356	28046002	61788	22015504384	2951564	444878	20888252	8146904	31573	531	32490	84000
1787047700	request	8326	28050356	28046002	61788	22015504384	2951564	444878	20888048	8146904	31573	531	32490	83000
1787047702	request	8328	28050356	28046002	61788	22015504384	2951564	444878	20888060	8146904	31573	531	32490	82000
1787047703	request	8329	28050356	28046004	61788	22015504384	2951564	444878	20888060	8146904	31573	531	32490	89000
1787047704	request	8330	28050356	28046002	61788	22015504384	2951564	444878	20888060	8146904	31573	531	32490	88000
1787047706	request	8332	28050356	28046003	61788	22015504384	2951564	444878	20888060	8146904	31573	531	32490	85000
1787047707	request	8333	28050356	28046004	61788	22015504384	2951564	444878	20887812	8146904	31573	531	32490	84000
1787047708	request	8334	28050356	28046002	61788	22015504384	2951564	444878	20887812	8146904	31573	531	32490	84000
1787047710	request	8336	28050356	28046003	61788	22015504384	2951564	444878	20888424	8146904	31573	531	32490	86000
1787047711	request	8337	28050356	28046002	61788	22015504384	2951564	444878	20888184	8146904	31573	531	32490	89000
1787047712	request	8338	28050356	28046002	61788	22015504384	2951564	444878	20888184	8146904	31573	531	32490	83000
1787047713	request	8339	28050356	28046002	61788	22015504384	2951564	444878	20888184	8146904	31573	531	32490	84000
1787047715	request	8341	28050356	28046003	61788	22015504384	2951564	444878	20887932	8146904	31573	531	32490	84000
1787047716	request	8342	28050356	28046003	61788	22015504384	2951564	444878	20887568	8146904	31573	531	32490	83000
1787047717	request	8343	28050356	28046004	61788	22015504384	2951564	444878	20887648	8146904	31573	531	32490	86000
1787047719	request	8345	28050356	28046002	61788	22015504384	2951564	444878	20887648	8146904	31573	531	32490	88000
1787047720	request	8346	28050356	28046003	61788	22015504384	2951564	444878	20887496	8146904	31573	531	32490	83000
1787047721	request	8347	28050356	28046002	61788	22015504384	2951564	444878	20887592	8146904	31573	531	32490	84000
1787047723	request	8349	28050356	28046003	61788	22015504384	2951564	444878	20887352	8146904	31573	531	32490	86000
1787047724	request	8350	28050356	28046003	61788	22015504384	2951564	444878	20887348	8146904	31573	531	32490	81000
1787047725	request	8351	28050356	28046002	61788	22015504384	2951564	444878	20886968	8146904	31573	531	32490	86000
1787047726	request	8352	28050356	28046002	61788	22015504384	2951564	444878	20887332	8146904	31573	531	32490	84000
1787047728	request	8354	28050356	28046002	61788	22015504384	2951564	444878	20887076	8146904	31573	531	32490	84000
1787047729	request	8355	28050356	28046002	61788	22015504384	2951564	444878	20887520	8146904	31573	531	32490	84000
1787047730	request	8356	28050356	28046002	61788	22015504384	2951564	444878	20887520	8146904	31573	531	32490	84000
1787047732	request	8358	28050356	28046003	61788	22015504384	2951564	444878	20887520	8146904	31573	531	32490	93000
1787047733	request	8359	28050356	28046002	61788	22015504384	2951564	444878	20887028	8146904	31573	531	32490	92000
1787047734	request	8360	28050356	28046003	61788	22015504384	2951564	444878	20887508	8146904	31573	531	32490	83000
1787047735	request	8361	28050356	28046002	61788	22015504384	2951564	444878	20887508	8146904	31573	531	32490	84000
1787047737	request	8363	28050356	28046003	61788	22015504384	2951564	444878	20887508	8146904	31573	531	32490	85000
1787047738	request	8364	28050356	28046002	61788	22015504384	2951564	444878	20887896	8146904	31573	531	32490	86000
1787047739	request	8365	28050356	28046002	61788	22015504384	2951564	444878	20887856	8146904	31573	531	32490	89000
1787047741	request	8367	28050356	28046002	61788	22015504384	2951564	444878	20887940	8146904	31573	531	32490	90000
1787047742	request	8368	28050356	28046002	61788	22015504384	2951564	444878	20887940	8146904	31573	531	32490	84000
1787047743	request	8369	28050356	28046002	61788	22015504384	2951564	444878	20887448	8146904	31573	531	32490	83000
1787047744	request	8370	28050356	28046002	61788	22015504384	2951564	444878	20887448	8146904	31573	531	32490	83000
1787047746	request	8372	28050356	28046003	61788	22015504384	2951564	444878	20888036	8146904	31573	531	32490	88000
1787047747	request	8373	28050356	28046002	61788	22015504384	2951564	444878	20888036	8146904	31573	531	32490	90000
1787047748	request	8374	28050356	28046002	61788	22015504384	2951564	444878	20887408	8146904	31573	531	32490	84000
1787047750	request	8376	28050356	28046002	61788	22015504384	2951564	444878	20887248	8146904	31573	531	32490	84000
1787047751	request	8377	28050356	28046002	61788	22015504384	2951564	444878	20886996	8146904	31573	531	32490	84000
1787047752	request	8378	28050356	28046003	61788	22015504384	2951564	444878	20887120	8146904	31573	531	32490	84000
1787047754	request	8380	28050356	28046002	61788	22015504384	2951564	444878	20887252	8146904	31573	531	32490	93000
1787047755	request	8381	28050356	28046002	61788	22015504384	2951564	444878	20887252	8146904	31573	531	32490	93000
1787047756	request	8382	28050356	28046002	61788	22015504384	2951564	444878	20887252	8146904	31573	531	32490	84000
1787047758	request	8384	28050356	28046002	61788	22015504384	2951564	444878	20887000	8146904	31573	531	32490	83000
1787047759	request	8385	28050356	28046002	61788	22015504384	2951564	444878	20887400	8146904	31573	531	32490	84000
1787047760	request	8386	28050356	28046002	61788	22015504384	2951564	444878	20887400	8146904	31573	531	32490	89000
1787047761	request	8387	28050356	28046002	61788	22015504384	2951564	444878	20887824	8146904	31573	531	32490	85000
1787047763	request	8389	28050356	28046002	61788	22015504384	2951564	444878	20888684	8146904	31573	531	32490	83000
1787047764	request	8390	28050356	28046002	61788	22015504384	2951564	444878	20890064	8146904	31573	531	32490	84000
1787047765	request	8391	28050356	28046002	61788	22015504384	2951564	444878	20890140	8146904	31573	531	32490	84000
1787047767	request	8393	28050356	28046003	61788	22015504384	2951564	444878	20889536	8146904	31573	531	32490	86000
1787047768	request	8394	28050356	28046003	61788	22015504384	2951564	444878	20889152	8146904	31573	531	32490	89000
1787047769	request	8395	28050356	28046002	61788	22015504384	2951564	444878	20888912	8146904	31573	531	32490	85000
1787047770	request	8396	28050356	28046002	61788	22015504384	2951564	444878	20888156	8146904	31573	531	32490	86000
1787047772	request	8398	28050356	28046003	61788	22015504384	2951564	444878	20888156	8146904	31573	531	32490	83000
1787047773	request	8399	28050356	28046003	61788	22015504384	2951564	444878	20887904	8146904	31573	531	32490	84000
1787047774	request	8400	28050356	28046002	61788	22015504384	2951564	444878	20887652	8146904	31573	531	32490	88000
1787047776	request	8402	28050356	28046003	61788	22015504384	2951564	444878	20887916	8146904	31573	531	32490	86000
1787047777	request	8403	28050356	28046002	61788	22015504384	2951564	444878	20887916	8146904	31573	531	32490	83000
1787047778	request	8404	28050356	28046002	61788	22015504384	2951564	444878	20887552	8146904	31573	531	32490	83000
1787047780	request	8406	28050356	28046003	61788	22015504384	2951564	444878	20887316	8146904	31573	531	32490	83000
1787047781	request	8407	28050356	28046002	61788	22015504384	2951564	444878	20886740	8146904	31573	531	32490	85000
1787047782	request	8408	28050484	28046131	61788	22015504384	2951596	444878	20886992	8146904	31573	531	32490	84000
1787047783	request	8409	28050484	28046130	61788	22015504384	2951596	444878	20887228	8146904	31573	531	32490	88000
1787047785	request	8411	28050484	28046131	61788	22015504384	2951596	444878	20887376	8146904	31573	531	32490	85000
1787047786	request	8412	28050484	28046130	61788	22015504384	2951596	444878	20887376	8146904	31573	531	32490	83000
1787047787	request	8413	28050484	28046130	61788	22015504384	2951596	444878	20887376	8146904	31573	531	32490	84000
1787047789	request	8415	28050484	28046130	61788	22015504384	2951596	444878	20887136	8146904	31573	531	32490	81000
1787047790	request	8416	28050484	28046131	61788	22015504384	2951596	444878	20887388	8146904	31573	531	32490	88000
1787047791	request	8417	28050484	28046131	61788	22015504384	2951596	444878	20887388	8146904	31573	531	32490	83000
1787047793	request	8419	28050484	28046131	61788	22015504384	2951596	444878	20887136	8146904	31573	531	32490	83000
1787047794	request	8420	28050484	28046131	61788	22015504384	2951596	444878	20887388	8146904	31573	531	32490	83000
1787047795	request	8421	28050484	28046130	61788	22015504384	2951596	444878	20887748	8146904	31573	531	32490	83000
1787047796	request	8422	28050484	28046130	61788	22015504384	2951596	444878	20887748	8146904	31573	531	32490	85000
1787047798	request	8424	28050484	28046130	61788	22015504384	2951596	444878	20887508	8146904	31573	531	32490	89000
1787047799	request	8425	28050484	28046131	61788	22015504384	2951596	444878	20887512	8146904	31573	531	32490	84000
1787047800	request	8426	28050484	28046131	61788	22015504384	2951596	444878	20887512	8146904	31573	531	32490	83000
1787047802	request	8428	28050484	28046132	61788	22015504384	2951596	444878	20887260	8146904	31573	531	32490	83000
1787047803	request	8429	28050484	28046131	61788	22015504384	2951596	444878	20886768	8146904	31573	531	32490	89000
1787047804	request	8430	28050484	28046130	61788	22015504384	2951596	444878	20886528	8146904	31573	531	32490	88000
1787047805	request	8431	28050484	28046131	61788	22015504384	2951596	444878	20886276	8146904	31573	531	32490	83000
1787047807	request	8433	28050484	28046131	61788	22015504384	2951596	444878	20886276	8146904	31573	531	32490	84000
1787047808	request	8434	28050484	28046130	61788	22015504384	2951596	444878	20885784	8146904	31573	531	32490	83000
1787047809	request	8435	28050484	28046130	61788	22015504384	2951596	444878	20885784	8146904	31573	531	32490	84000
1787047811	request	8437	28050484	28046130	61788	22015504384	2951596	444878	20885532	8146904	31573	531	32490	90000
1787047812	request	8438	28050484	28046130	61788	22015504384	2951596	444878	20885028	8146904	31573	531	32490	93000
1787047813	request	8439	28050484	28046131	61788	22015504384	2951596	444878	20884456	8146904	31573	531	32490	86000
1787047815	request	8441	28050484	28046131	61788	22015504384	2951596	444878	20884496	8146904	31573	531	32490	84000
1787047816	request	8442	28050484	28046130	61788	22015504384	2951596	444878	20884592	8146904	31573	531	32490	88000
1787047817	request	8443	28050484	28046131	61788	22015504384	2951596	444878	20885860	8146904	31573	531	32490	86000
1787047818	request	8444	28050484	28046131	61788	22015504384	2951596	444878	20885244	8146904	31573	531	32490	88000
1787047820	request	8446	28050484	28046131	61788	22015504384	2951596	444878	20885496	8146904	31573	531	32490	93000
1787047821	request	8447	28050484	28046130	61788	22015504384	2951596	444878	20885308	8146904	31573	531	32490	84000
1787047822	request	8448	28050484	28046132	61788	22015504384	2951596	444878	20885596	8146904	31573	531	32490	86000
1787047824	request	8450	28050484	28046131	61788	22015504384	2951596	444878	20885104	8146904	31573	531	32490	84000
1787047825	request	8451	28050484	28046131	61788	22015504384	2951596	444878	20885356	8146904	31573	531	32490	88000
1787047826	request	8452	28050484	28046131	61788	22015504384	2951596	444878	20886324	8146904	31573	531	32490	92000
1787047828	request	8454	28050484	28046130	61788	22015504384	2951596	444878	20886324	8146904	31573	531	32490	84000
1787047829	request	8455	28050484	28046132	61788	22015504384	2951596	444878	20885316	8146904	31573	531	32490	83000
1787047830	request	8456	28050484	28046131	61788	22015504384	2951596	444878	20885064	8146904	31573	531	32490	84000
1787047831	request	8457	28050484	28046131	61788	22015504384	2951596	444878	20885064	8146904	31573	531	32490	87000
1787047833	request	8459	28050484	28046130	61788	22015504384	2951596	444878	20884812	8146904	31573	531	32490	90000
1787047834	request	8460	28050484	28046130	61788	22015504384	2951596	444878	20884320	8146904	31573	531	32490	82000
1787047835	request	8461	28050484	28046130	61788	22015504384	2951596	444878	20885124	8146904	31573	531	32490	85000
1787047837	request	8463	28050484	28046130	61788	22015504384	2951596	444878	20885156	8146904	31573	531	32490	84000
1787047838	request	8464	28050484	28046130	61788	22015504384	2951596	444878	20886840	8146904	31573	531	32490	87000
1787047839	request	8465	28050484	28046131	61788	22015504384	2951596	444878	20886220	8146904	31573	531	32490	85000
1787047840	request	8466	28050484	28046130	61788	22015504384	2951596	444878	20886760	8146904	31573	531	32490	86000
1787047842	request	8468	28050484	28046130	61788	22015504384	2951596	444878	20886508	8146904	31573	531	32490	83000
1787047843	request	8469	28050484	28046131	61788	22015504384	2951596	444878	20886508	8146904	31573	531	32490	83000
1787047844	request	8470	28050484	28046130	61788	22015504384	2951596	444878	20886508	8146904	31573	531	32490	84000
1787047846	request	8472	28050484	28046131	61788	22015504384	2951596	444878	20886928	8146904	31573	531	32490	85000
1787047847	request	8473	28050484	28046131	61788	22015504384	2951596	444878	20886596	8146904	31573	531	32490	86000
1787047848	request	8474	28050484	28046130	61788	22015504384	2951596	444878	20886708	8146904	31573	531	32490	87000
1787047849	request	8475	28050484	28046130	61788	22015504384	2951596	444878	20881736	8147096	31621	531	32538	86000
1787047851	request	8477	28050484	28046130	61788	22015504384	2951596	444878	20887212	8147340	31679	531	32604	84000
1787047852	request	8478	28050484	28046132	61788	22015504384	2951596	444878	20886796	8147340	31679	531	32604	85000
1787047853	request	8479	28050484	28046130	61788	22015504384	2951596	444878	20886304	8147340	31679	531	32604	86000
1787047855	request	8481	28050484	28046131	61788	22015504384	2951596	444878	20886308	8147340	31679	531	32604	93000
1787047856	request	8482	28050484	28046130	61788	22015504384	2951596	444878	20886684	8147344	31680	531	32605	83000
1787047857	request	8483	28050484	28046132	61788	22015504384	2951596	444878	20888456	8147344	31680	531	32605	88000
1787047859	request	8485	28050484	28046131	61788	22015504384	2951596	444878	20887568	8147344	31680	531	32605	83000
1787047860	request	8486	28050484	28046130	61788	22015504384	2951596	444878	20885944	8147376	31688	531	32613	86000
1787047861	request	8487	28050484	28046130	61788	22015504384	2951596	444878	20885680	8147376	31688	531	32613	92000
1787047862	request	8488	28050484	28046130	61788	22015504384	2951596	444878	20886580	8147376	31688	531	32613	93000
1787047864	request	8490	28050484	28046130	61788	22015504384	2951596	444878	20886076	8147376	31688	531	32613	83000
1787047865	request	8491	28050484	28046132	61788	22015504384	2951596	444878	20885836	8147376	31688	531	32613	85000
1787047866	request	8492	28050484	28046130	61788	22015504384	2951596	444878	20886188	8147376	31688	531	32613	86000
1787047868	request	8494	28050484	28046130	61788	22015504384	2951596	444878	20885900	8147376	31688	531	32613	86000
1787047869	request	8495	28050484	28046130	61788	22015504384	2951596	444878	20886696	8147376	31688	531	32613	87000
1787047870	request	8496	28050484	28046131	61788	22015504384	2951596	444878	20886696	8147376	31688	531	32613	94000
1787047871	request	8497	28050484	28046131	61788	22015504384	2951596	444878	20885964	8147376	31688	531	32613	84000
1787047873	request	8499	28050484	28046130	61788	22015504384	2951596	444878	20885208	8147376	31688	531	32613	84000
1787047874	request	8500	28050484	28046130	61788	22015504384	2951596	444878	20885208	8147376	31688	531	32613	83000
1787047875	request	8501	28050484	28046130	61788	22015504384	2951596	444878	20885936	8147376	31688	531	32613	88000
1787047877	request	8503	28050484	28046130	61788	22015504384	2951596	444878	20885800	8147376	31688	531	32613	89000
1787047878	request	8504	28050484	28046130	61788	22015504384	2951596	444878	20884344	8147376	31688	531	32613	82000
1787047879	request	8505	28050484	28046131	61788	22015504384	2951596	444878	20884164	8147376	31688	531	32613	81000
1787047881	request	8507	28050484	28046130	61788	22015504384	2951596	444878	20891180	8147396	31693	531	32618	85000
1787047882	request	8508	28050484	28046130	61788	22015504384	2951596	444878	20891496	8147400	31694	531	32619	86000
1787047883	request	8509	28050484	28046130	61788	22015504384	2951596	444878	20891644	8147400	31694	531	32619	91000
1787047884	request	8510	28050484	28046131	61788	22015504384	2951596	444878	20891896	8147400	31694	531	32619	87000
1787047886	request	8512	28050484	28046130	61788	22015504384	2951596	444878	20891656	8147400	31694	531	32619	83000
1787047887	request	8513	28050484	28046131	61788	22015504384	2951596	444878	20891404	8147400	31694	531	32619	84000
1787047888	request	8514	28050484	28046130	61788	22015504384	2951596	444878	20890928	8147400	31694	531	32619	83000
1787047890	request	8516	28050484	28046131	61788	22015504384	2951596	444878	20889988	8147400	31694	531	32619	85000
1787047891	request	8517	28050484	28046130	61788	22015504384	2951596	444878	20890460	8147404	31695	531	32620	90000
1787047892	request	8518	28050484	28046132	61788	22015504384	2951596	444878	20890716	8147424	31700	531	32625	86000
1787047893	request	8519	28050484	28046131	61788	22015504384	2951596	444878	20890308	8147424	31700	531	32625	85000
1787047895	request	8521	28050484	28046130	61788	22015504384	2951596	444878	20890056	8147424	31700	531	32625	84000
1787047896	request	8522	28050484	28046131	61788	22015504384	2951596	444878	20889440	8147424	31700	531	32625	83000
1787047897	request	8523	28050612	28046258	61788	22015504384	2951628	444878	20890380	8147424	31700	531	32625	83000
1787047899	request	8525	28050612	28046259	61788	22015504384	2951628	444878	20891720	8147424	31700	531	32625	91000
1787047900	request	8526	28050612	28046258	61788	22015504384	2951628	444878	20891720	8147424	31700	531	32625	84000
1787047901	request	8527	28050612	28046258	61788	22015504384	2951628	444878	20893180	8147424	31700	531	32625	84000
1787047903	request	8529	28050612	28046259	61788	22015504384	2951628	444878	20892692	8147424	31700	531	32625	83000
1787047904	request	8530	28050612	28046260	61788	22015504384	2951628	444878	20892188	8147424	31700	531	32625	85000
1787047905	request	8531	28050612	28046260	61788	22015504384	2951628	444878	20893296	8147424	31700	531	32625	85000
1787047906	request	8532	28050612	28046259	61788	22015504384	2951628	444878	20892692	8147424	31700	531	32625	84000
1787047908	request	8534	28050612	28046259	61788	22015504384	2951628	444878	20892616	8147424	31700	531	32625	84000
1787047909	request	8535	28050612	28046259	61788	22015504384	2951628	444878	20892112	8147424	31700	531	32625	84000
1787047910	request	8536	28050612	28046258	61788	22015504384	2951628	444878	20891004	8147424	31700	531	32625	86000
1787047912	request	8538	28050612	28046258	61788	22015504384	2951628	444878	20891004	8147424	31700	531	32625	89000
1787047913	request	8539	28050612	28046260	61788	22015504384	2951628	444878	20890764	8147424	31700	531	32625	86000
1787047914	request	8540	28050612	28046260	61788	22015504384	2951628	444878	20890276	8147424	31700	531	32625	88000
1787047916	request	8542	28050612	28046260	61788	22015504384	2951628	444878	20889836	8147424	31700	531	32625	83000
1787047917	request	8543	28050612	28046259	61788	22015504384	2951628	444878	20890088	8147424	31700	531	32625	84000
1787047918	request	8544	28050612	28046259	61788	22015504384	2951628	444878	20889884	8147424	31700	531	32625	79000
1787047919	request	8545	28050612	28046259	61788	22015504384	2951628	444878	20889380	8147424	31700	531	32625	95000
1787047921	request	8547	28050612	28046259	61788	22015504384	2951628	444878	20888716	8147428	31701	531	32626	86000
1787047922	request	8548	28050612	28046259	61788	22015504384	2951628	444878	20888692	8147428	31701	531	32626	86000
1787047923	request	8549	28050612	28046258	61788	22015504384	2951628	444878	20889832	8147428	31701	531	32626	83000
1787047925	request	8551	28050612	28046259	61788	22015504384	2951628	444878	20889124	8147428	31701	531	32626	84000
1787047926	request	8552	28050612	28046259	61788	22015504384	2951628	444878	20889124	8147428	31701	531	32626	88000
1787047927	request	8553	28050612	28046258	61788	22015504384	2951628	444878	20889124	8147428	31701	531	32626	88000
1787047929	request	8555	28050612	28046258	61788	22015504384	2951628	444878	20887868	8147428	31701	531	32626	84000
1787047930	request	8556	28050612	28046259	61788	22015504384	2951628	444878	20888232	8147428	31701	531	32626	84000
1787047931	request	8557	28050612	28046260	61788	22015504384	2951628	444878	20887728	8147428	31701	531	32626	83000
1787047932	request	8558	28050612	28046258	61788	22015504384	2951628	444878	20887728	8147428	31701	531	32626	82000
1787047934	request	8560	28050612	28046259	61788	22015504384	2951628	444878	20886984	8147428	31701	531	32626	88000
1787047935	request	8561	28050612	28046260	61788	22015504384	2951628	444878	20887488	8147428	31701	531	32626	83000
1787047936	request	8562	28050612	28046260	61788	22015504384	2951628	444878	20886744	8147428	31701	531	32626	86000
1787047938	request	8564	28050612	28046260	61788	22015504384	2951628	444878	20887456	8147428	31701	531	32626	86000
1787047939	request	8565	28050612	28046258	61788	22015504384	2951628	444878	20887620	8147428	31701	531	32626	84000
1787047940	request	8566	28050612	28046259	61788	22015504384	2951628	444878	20884944	8147428	31701	531	32626	86000
1787047942	request	8568	28050612	28046258	61788	22015504384	2951628	444878	20884096	8147428	31701	531	32626	83000
1787047943	request	8569	28050612	28046259	61788	22015504384	2951628	444878	20884160	8147428	31701	531	32626	84000
1787047944	request	8570	28050612	28046258	61788	22015504384	2951628	444878	20884160	8147428	31701	531	32626	84000
1787047946	request	8572	28050612	28046258	61788	22015504384	2951628	444878	20884160	8147428	31701	531	32626	83000
1787047947	request	8573	28050612	28046258	61788	22015504384	2951628	444878	20884160	8147428	31701	531	32626	84000
1787047948	request	8574	28050612	28046259	61788	22015504384	2951628	444878	20885704	8147428	31701	531	32626	88000
1787047949	request	8575	28050612	28046258	61788	22015504384	2951628	444878	20885452	8147428	31701	531	32626	87000
1787047951	request	8577	28050612	28046258	61788	22015504384	2951628	444878	20885452	8147428	31701	531	32626	83000
1787047952	request	8578	28050612	28046259	61788	22015504384	2951628	444878	20885752	8147428	31701	531	32626	83000
1787047953	request	8579	28050612	28046260	61788	22015504384	2951628	444878	20885752	8147428	31701	531	32626	84000
1787047955	request	8581	28050612	28046259	61788	22015504384	2951628	444878	20885752	8147428	31701	531	32626	86000
1787047956	request	8582	28050612	28046259	61788	22015504384	2951628	444878	20885752	8147428	31701	531	32626	91000
1787047957	request	8583	28050612	28046259	61788	22015504384	2951628	444878	20886872	8147428	31701	531	32626	84000
1787047959	request	8585	28050612	28046258	61788	22015504384	2951628	444878	20886872	8147428	31701	531	32626	84000
1787047960	request	8586	28050612	28046258	61788	22015504384	2951628	444878	20886872	8147428	31701	531	32626	87000
1787047961	request	8587	28050612	28046259	61788	22015504384	2951628	444878	20887080	8147428	31701	531	32626	82000
1787047962	request	8588	28050612	28046258	61788	22015504384	2951628	444878	20886628	8147428	31701	531	32626	83000
1787047964	request	8590	28050612	28046259	61788	22015504384	2951628	444878	20886600	8147428	31701	531	32626	89000
1787047965	request	8591	28050612	28046258	61788	22015504384	2951628	444878	20886600	8147428	31701	531	32626	82000
1787047966	request	8592	28050612	28046258	61788	22015504384	2951628	444878	20886864	8147428	31701	531	32626	84000
1787047968	request	8594	28050612	28046260	61788	22015504384	2951628	444878	20887752	8147428	31701	531	32626	84000
1787047969	request	8595	28050612	28046259	61788	22015504384	2951628	444878	20887752	8147428	31701	531	32626	87000
1787047970	request	8596	28050612	28046258	61788	22015504384	2951628	444878	20887360	8147428	31701	531	32626	84000
1787047971	request	8597	28050612	28046258	61788	22015504384	2951628	444878	20887212	8147428	31701	531	32626	84000
1787047973	request	8599	28050612	28046258	61788	22015504384	2951628	444878	20886932	8147428	31701	531	32626	83000
1787047974	request	8600	28050612	28046258	61788	22015504384	2951628	444878	20886560	8147428	31701	531	32626	84000
1787047975	request	8601	28050612	28046260	61788	22015504384	2951628	444878	20886480	8147428	31701	531	32626	85000
1787047977	request	8603	28050612	28046258	61788	22015504384	2951628	444878	20886480	8147428	31701	531	32626	88000
1787047978	request	8604	28050612	28046258	61788	22015504384	2951628	444878	20886228	8147428	31701	531	32626	89000
1787047979	request	8605	28050612	28046259	61788	22015504384	2951628	444878	20886228	8147428	31701	531	32626	84000
1787047980	request	8606	28050612	28046258	61788	22015504384	2951628	444878	20885988	8147428	31701	531	32626	83000
1787047982	request	8608	28050612	28046258	61788	22015504384	2951628	444878	20886360	8147428	31701	531	32626	84000
1787047983	request	8609	28050612	28046259	61788	22015504384	2951628	444878	20886360	8147428	31701	531	32626	82000
1787047984	request	8610	28050612	28046258	61788	22015504384	2951628	444878	20886120	8147428	31701	531	32626	88000
1787047986	request	8612	28050612	28046259	61788	22015504384	2951628	444878	20885872	8147428	31701	531	32626	88000
1787047987	request	8613	28050612	28046259	61788	22015504384	2951628	444878	20885872	8147428	31701	531	32626	83000
1787047988	request	8614	28050612	28046258	61788	22015504384	2951628	444878	20885872	8147428	31701	531	32626	84000
1787047990	request	8616	28050612	28046258	61788	22015504384	2951628	444878	20885872	8147428	31701	531	32626	83000
1787047991	request	8617	28050612	28046260	61788	22015504384	2951628	444878	20886236	8147428	31701	531	32626	85000
1787047992	request	8618	28050612	28046259	61788	22015504384	2951628	444878	20885848	8147428	31701	531	32626	88000
1787047993	request	8619	28050612	28046258	61788	22015504384	2951628	444878	20886384	8147428	31701	531	32626	84000
1787047995	request	8621	28050612	28046260	61788	22015504384	2951628	444878	20888296	8147428	31701	531	32626	84000
1787047996	request	8622	28050612	28046259	61788	22015504384	2951628	444878	20888296	8147428	31701	531	32626	84000
1787047997	request	8623	28050612	28046258	61788	22015504384	2951628	444878	20887932	8147428	31701	531	32626	84000
1787047999	request	8625	28050612	28046258	61788	22015504384	2951628	444878	20888208	8147428	31701	531	32626	84000
1787048000	request	8626	28050612	28046259	61788	22015504384	2951628	444878	20887956	8147428	31701	531	32626	85000
1787048001	request	8627	28050612	28046258	61788	22015504384	2951628	444878	20887416	8147428	31701	531	32626	83000
1787048002	request	8628	28050612	28046259	61788	22015504384	2951628	444878	20887376	8147428	31701	531	32626	84000
1787048004	request	8630	28050612	28046258	61788	22015504384	2951628	444878	20887308	8147428	31701	531	32626	84000
1787048005	request	8631	28050612	28046258	61788	22015504384	2951628	444878	20887068	8147428	31701	531	32626	84000
1787048006	request	8632	28050612	28046259	61788	22015504384	2951628	444878	20886224	8147428	31701	531	32626	95000
1787048008	request	8634	28050612	28046259	61788	22015504384	2951628	444878	20885588	8147428	31701	531	32626	86000
1787048009	request	8635	28050612	28046259	61788	22015504384	2951628	444878	20886040	8147428	31701	531	32626	83000
1787048010	request	8636	28050612	28046258	61788	22015504384	2951628	444878	20886292	8147428	31701	531	32626	83000
1787048011	request	8637	28050612	28046260	61788	22015504384	2951628	444878	20887276	8147428	31701	531	32626	83000
1787048013	request	8639	28050612	28046258	61788	22015504384	2951660	444878	20887276	8147428	31701	531	32626	88000
1787048014	request	8640	28050740	28046388	61788	22015504384	2951660	444878	20887276	8147428	31701	531	32626	82000
1787048015	request	8641	28050740	28046387	61788	22015504384	2951660	444878	20887036	8147428	31701	531	32626	83000
1787048017	request	8643	28050740	28046388	61788	22015504384	2951660	444878	20887440	8147428	31701	531	32626	83000
1787048018	request	8644	28050740	28046388	61788	22015504384	2951660	444878	20887692	8147428	31701	531	32626	83000
1787048019	request	8645	28050740	28046386	61788	22015504384	2951660	444878	20887440	8147428	31701	531	32626	83000
1787048021	request	8647	28050740	28046387	61788	22015504384	2951660	444878	20886948	8147428	31701	531	32626	88000
1787048022	request	8648	28050740	28046388	61788	22015504384	2951660	444878	20886948	8147428	31701	531	32626	93000
1787048023	request	8649	28050740	28046386	61788	22015504384	2951660	444878	20886696	8147428	31701	531	32626	86000
1787048024	request	8650	28050740	28046387	61788	22015504384	2951660	444878	20887656	8147428	31701	531	32626	84000
1787048026	request	8652	28050740	28046388	61788	22015504384	2951660	444878	20887164	8147428	31701	531	32626	85000
1787048027	request	8653	28050740	28046388	61788	22015504384	2951660	444878	20887780	8147428	31701	531	32626	85000
1787048028	request	8654	28050740	28046388	61788	22015504384	2951660	444878	20888616	8147428	31701	531	32626	83000
1787048030	request	8656	28050740	28046388	61788	22015504384	2951660	444878	20889084	8147428	31701	531	32626	83000
1787048031	request	8657	28050740	28046387	61788	22015504384	2951660	444878	20889160	8147428	31701	531	32626	83000
1787048032	request	8658	28050740	28046387	61788	22015504384	2951660	444878	20889160	8147428	31701	531	32626	83000
1787048034	request	8660	28050740	28046386	61788	22015504384	2951660	444878	20889436	8147428	31701	531	32626	85000
1787048035	request	8661	28050740	28046387	61788	22015504384	2951660	444878	20890984	8147428	31701	531	32626	90000
1787048036	request	8662	28050740	28046386	61788	22015504384	2951660	444878	20890984	8147428	31701	531	32626	89000
1787048037	request	8663	28050740	28046388	61788	22015504384	2951660	444878	20892684	8147428	31701	531	32626	86000
1787048039	request	8665	28050740	28046386	61788	22015504384	2951660	444878	20891272	8147428	31701	531	32626	84000
1787048040	request	8666	28050740	28046386	61788	22015504384	2951660	444878	20891272	8147428	31701	531	32626	84000
1787048041	request	8667	28050740	28046388	61788	22015504384	2951660	444878	20891272	8147428	31701	531	32626	88000
1787048043	request	8669	28050740	28046387	61788	22015504384	2951660	444878	20891032	8147428	31701	531	32626	83000
1787048044	request	8670	28050740	28046386	61788	22015504384	2951660	444878	20890528	8147428	31701	531	32626	83000
1787048045	request	8671	28050740	28046387	61788	22015504384	2951660	444878	20890528	8147428	31701	531	32626	81000
1787048047	request	8673	28050740	28046387	61788	22015504384	2951660	444878	20891316	8147428	31701	531	32626	83000
1787048048	request	8674	28050740	28046387	61788	22015504384	2951660	444878	20890812	8147428	31701	531	32626	83000
1787048049	request	8675	28050740	28046386	61788	22015504384	2951660	444878	20890560	8147428	31701	531	32626	90000
1787048050	request	8676	28050740	28046387	61788	22015504384	2951660	444878	20890560	8147428	31701	531	32626	88000
1787048052	request	8678	28050740	28046387	61788	22015504384	2951660	444878	20890812	8147428	31701	531	32626	83000
1787048053	request	8679	28050740	28046387	61788	22015504384	2951660	444878	20890812	8147428	31701	531	32626	84000
1787048054	request	8680	28050740	28046387	61788	22015504384	2951660	444878	20891064	8147428	31701	531	32626	83000
1787048056	request	8682	28050740	28046388	61788	22015504384	2951660	444878	20890812	8147428	31701	531	32626	84000
1787048057	request	8683	28050740	28046387	61788	22015504384	2951660	444878	20890308	8147428	31701	531	32626	88000
1787048058	request	8684	28050740	28046387	61788	22015504384	2951660	444878	20891128	8147428	31701	531	32626	90000
1787048060	request	8686	28050740	28046386	61788	22015504384	2951660	444878	20891932	8147428	31701	531	32626	84000
1787048061	request	8687	28050740	28046387	61788	22015504384	2951660	444878	20892008	8147428	31701	531	32626	86000
1787048062	request	8688	28050740	28046386	61788	22015504384	2951660	444878	20891780	8147428	31701	531	32626	85000
1787048063	request	8689	28050740	28046388	61788	22015504384	2951660	444878	20892128	8147428	31701	531	32626	86000
1787048065	request	8691	28050740	28046387	61788	22015504384	2951660	444878	20891872	8147428	31701	531	32626	82000
1787048066	request	8692	28050740	28046388	61788	22015504384	2951660	444878	20891508	8147428	31701	531	32626	83000
1787048067	request	8693	28050740	28046387	61788	22015504384	2951660	444878	20890876	8147428	31701	531	32626	85000
1787048069	request	8695	28050740	28046386	61788	22015504384	2951660	444878	20891516	8147428	31701	531	32626	84000
1787048070	request	8696	28050740	28046387	61788	22015504384	2951660	444878	20891024	8147428	31701	531	32626	84000
1787048071	request	8697	28050740	28046387	61788	22015504384	2951660	444878	20890208	8147428	31701	531	32626	90000
1787048073	request	8699	28050740	28046387	61788	22015504384	2951660	444878	20889548	8147428	31701	531	32626	90000
1787048074	request	8700	28050740	28046386	61788	22015504384	2951660	444878	20889548	8147428	31701	531	32626	85000
1787048075	request	8701	28050740	28046386	61788	22015504384	2951660	444878	20889044	8147428	31701	531	32626	83000
1787048076	request	8702	28050740	28046388	61788	22015504384	2951660	444878	20888848	8147428	31701	531	32626	85000
1787048078	request	8704	28050740	28046387	61788	22015504384	2951660	444878	20888848	8147428	31701	531	32626	86000
1787048079	request	8705	28050740	28046386	61788	22015504384	2951660	444878	20888372	8147428	31701	531	32626	90000
1787048080	request	8706	28050740	28046386	61788	22015504384	2951660	444878	20888384	8147428	31701	531	32626	92000
1787048082	request	8708	28050740	28046387	61788	22015504384	2951660	444878	20888236	8147428	31701	531	32626	85000
1787048083	request	8709	28050740	28046387	61788	22015504384	2951660	444878	20888512	8147428	31701	531	32626	84000
1787048084	request	8710	28050740	28046386	61788	22015504384	2951660	444878	20888512	8147428	31701	531	32626	85000
1787048086	request	8712	28050740	28046387	61788	22015504384	2951660	444878	20888996	8147428	31701	531	32626	89000
1787048087	request	8713	28050740	28046387	61788	22015504384	2951660	444878	20888996	8147428	31701	531	32626	90000
1787048088	request	8714	28050740	28046387	61788	22015504384	2951660	444878	20888268	8147428	31701	531	32626	84000
1787048089	request	8715	28050740	28046385	61788	22015504384	2951660	444878	20888564	8147428	31701	531	32626	85000
1787048091	request	8717	28050740	28046386	61788	22015504384	2951660	444878	20888324	8147428	31701	531	32626	84000
1787048092	request	8718	28050740	28046387	61788	22015504384	2951660	444878	20888084	8147428	31701	531	32626	85000
1787048093	request	8719	28050740	28046386	61788	22015504384	2951660	444878	20888084	8147428	31701	531	32626	89000
1787048095	request	8721	28050740	28046387	61788	22015504384	2951660	444878	20888744	8147428	31701	531	32626	91000
1787048096	request	8722	28050740	28046386	61788	22015504384	2951660	444878	20888744	8147428	31701	531	32626	86000
1787048097	request	8723	28050740	28046387	61788	22015504384	2951660	444878	20888744	8147428	31701	531	32626	86000
1787048099	request	8725	28050740	28046388	61788	22015504384	2951660	444878	20887744	8147428	31701	531	32626	84000
1787048100	request	8726	28050740	28046388	61788	22015504384	2951660	444878	20888208	8147428	31701	531	32626	86000
1787048101	request	8727	28050740	28046387	61788	22015504384	2951660	444878	20888360	8147428	31701	531	32626	86000
1787048102	request	8728	28050740	28046386	61788	22015504384	2951660	444878	20888108	8147428	31701	531	32626	84000
1787048104	request	8730	28050740	28046387	61788	22015504384	2951660	444878	20887480	8147428	31701	531	32626	84000
1787048105	request	8731	28050740	28046387	61788	22015504384	2951660	444878	20887576	8147428	31701	531	32626	84000
1787048106	request	8732	28050740	28046388	61788	22015504384	2951660	444878	20887576	8147428	31701	531	32626	84000
1787048108	request	8734	28050740	28046386	61788	22015504384	2951660	444878	20887576	8147428	31701	531	32626	85000
1787048109	request	8735	28050740	28046387	61788	22015504384	2951660	444878	20887576	8147428	31701	531	32626	89000
1787048110	request	8736	28050740	28046386	61788	22015504384	2951660	444878	20887576	8147428	31701	531	32626	87000
1787048112	request	8738	28050740	28046386	61788	22015504384	2951660	444878	20888260	8147428	31701	531	32626	84000
1787048113	request	8739	28050740	28046388	61788	22015504384	2951660	444878	20888008	8147428	31701	531	32626	84000
1787048114	request	8740	28050740	28046388	61788	22015504384	2951660	444878	20888008	8147428	31701	531	32626	85000
1787048115	request	8741	28050740	28046386	61788	22015504384	2951660	444878	20887864	8147428	31701	531	32626	87000
1787048117	request	8743	28050740	28046387	61788	22015504384	2951660	444878	20887864	8147428	31701	531	32626	84000
1787048118	request	8744	28050740	28046387	61788	22015504384	2951660	444878	20887624	8147428	31701	531	32626	84000
1787048119	request	8745	28050740	28046386	61788	22015504384	2951660	444878	20887624	8147428	31701	531	32626	84000
1787048121	request	8747	28050740	28046386	61788	22015504384	2951660	444878	20888176	8147428	31701	531	32626	84000
1787048122	request	8748	28050740	28046386	61788	22015504384	2951660	444878	20887924	8147428	31701	531	32626	90000
1787048123	request	8749	28050740	28046387	61788	22015504384	2951660	444878	20889276	8147428	31701	531	32626	89000
1787048125	request	8751	28050740	28046386	61788	22015504384	2951660	444878	20889276	8147428	31701	531	32626	83000
1787048126	request	8752	28050740	28046386	61788	22015504384	2951660	444878	20889936	8147428	31701	531	32626	83000
1787048127	request	8753	28050740	28046386	61788	22015504384	2951660	444878	20889936	8147428	31701	531	32626	83000
1787048128	request	8754	28050740	28046387	61788	22015504384	2951660	444878	20889936	8147428	31701	531	32626	84000
1787048130	request	8756	28050968	28046614	61788	22015504384	2951717	444878	20891624	8147428	31701	531	32626	93000
1787048131	request	8757	28050968	28046615	61788	22015504384	2951717	444878	20891740	8147428	31701	531	32626	84000
1787048132	request	8758	28050968	28046615	61788	22015504384	2951717	444878	20891740	8147428	31701	531	32626	84000
1787048134	request	8760	28050968	28046615	61788	22015504384	2951717	444878	20891500	8147428	31701	531	32626	83000
1787048135	request	8761	28050968	28046615	61788	22015504384	2951717	444878	20891500	8147428	31701	531	32626	84000
1787048136	request	8762	28050968	28046616	61788	22015504384	2951717	444878	20890864	8147428	31701	531	32626	85000
1787048138	request	8764	28050968	28046616	61788	22015504384	2951717	444878	20890612	8147428	31701	531	32626	88000
1787048139	request	8765	28050968	28046615	61788	22015504384	2951717	444878	20890612	8147428	31701	531	32626	83000
1787048140	request	8766	28050968	28046615	61788	22015504384	2951717	444878	20891240	8147428	31701	531	32626	83000
1787048142	request	8768	28050968	28046615	61788	22015504384	2951717	444878	20891200	8147428	31701	531	32626	86000
1787048143	request	8769	28050968	28046615	61788	22015504384	2951717	444878	20891216	8147452	31703	531	32628	84000
1787048144	request	8770	28050968	28046615	61788	22015504384	2951717	444878	20892168	8147452	31703	531	32628	88000
1787048145	request	8771	28050968	28046615	61788	22015504384	2951717	444878	20891804	8147452	31703	531	32628	88000
1787048147	request	8773	28050968	28046616	61788	22015504384	2951717	444878	20891412	8147452	31703	531	32628	83000
1787048148	request	8774	28050968	28046615	61788	22015504384	2951717	444878	20891412	8147452	31703	531	32628	82000
1787048149	request	8775	28050968	28046614	61788	22015504384	2951717	444878	20891160	8147452	31703	531	32628	83000
1787048151	request	8777	28050968	28046614	61788	22015504384	2951717	444878	20890164	8147452	31703	531	32628	85000
1787048152	request	8778	28050968	28046615	61788	22015504384	2951717	444878	20890360	8147452	31703	531	32628	83000
1787048153	request	8779	28050968	28046615	61788	22015504384	2951717	444878	20890360	8147452	31703	531	32628	83000
1787048154	request	8780	28050968	28046615	61788	22015504384	2951717	444878	20890360	8147452	31703	531	32628	86000
1787048156	request	8782	28050968	28046615	61788	22015504384	2951717	444878	20890760	8147452	31703	531	32628	84000
1787048157	request	8783	28050968	28046615	61788	22015504384	2951717	444878	20890760	8147452	31703	531	32628	84000
1787048158	request	8784	28050968	28046616	61788	22015504384	2951717	444878	20890696	8147452	31703	531	32628	86000
1787048160	request	8786	28050968	28046615	61788	22015504384	2951717	444878	20890316	8147452	31703	531	32628	84000
1787048161	request	8787	28050968	28046614	61788	22015504384	2951717	444878	20890364	8147452	31703	531	32628	82000
1787048162	request	8788	28050968	28046615	61788	22015504384	2951717	444878	20890124	8147452	31703	531	32628	84000
1787048164	request	8790	28050968	28046615	61788	22015504384	2951717	444878	20890284	8147452	31703	531	32628	84000
1787048165	request	8791	28050968	28046614	61788	22015504384	2951717	444878	20890340	8147452	31703	531	32628	85000
1787048166	request	8792	28050968	28046614	61788	22015504384	2951717	444878	20890844	8147452	31703	531	32628	86000
1787048167	request	8793	28050968	28046615	61788	22015504384	2951717	444878	20890088	8147452	31703	531	32628	87000
1787048169	request	8795	28050968	28046615	61788	22015504384	2951717	444878	20889384	8147452	31703	531	32628	83000
1787048170	request	8796	28050968	28046615	61788	22015504384	2951717	444878	20889132	8147452	31703	531	32628	83000
1787048171	request	8797	28050968	28046614	61788	22015504384	2951717	444878	20889132	8147452	31703	531	32628	84000
1787048173	request	8799	28050968	28046615	61788	22015504384	2951717	444878	20890060	8147452	31703	531	32628	90000
1787048174	request	8800	28050968	28046615	61788	22015504384	2951717	444878	20889556	8147452	31703	531	32628	89000
1787048175	request	8801	28050968	28046615	61788	22015504384	2951717	444878	20889808	8147452	31703	531	32628	86000
1787048177	request	8803	28050968	28046615	61788	22015504384	2951717	444878	20890680	8147452	31703	531	32628	84000
1787048178	request	8804	28050968	28046615	61788	22015504384	2951717	444878	20890628	8147452	31703	531	32628	83000
1787048179	request	8805	28050968	28046615	61788	22015504384	2951717	444878	20890628	8147452	31703	531	32628	84000
1787048180	request	8806	28050968	28046615	61788	22015504384	2951717	444878	20890388	8147452	31703	531	32628	89000
1787048182	request	8808	28050968	28046616	61788	22015504384	2951717	444878	20890936	8147452	31703	531	32628	90000
1787048183	request	8809	28050968	28046614	61788	22015504384	2951717	444878	20890936	8147452	31703	531	32628	83000
1787048184	request	8810	28050968	28046615	61788	22015504384	2951717	444878	20890936	8147452	31703	531	32628	87000
1787048186	request	8812	28050968	28046615	61788	22015504384	2951717	444878	20891316	8147452	31703	531	32628	84000
1787048187	request	8813	28050968	28046615	61788	22015504384	2951717	444878	20891316	8147452	31703	531	32628	83000
1787048188	request	8814	28050968	28046615	61788	22015504384	2951717	444878	20892532	8147452	31703	531	32628	84000
1787048190	request	8816	28050968	28046615	61788	22015504384	2951717	444878	20892776	8147452	31703	531	32628	86000
1787048191	request	8817	28050968	28046616	61788	22015504384	2951717	444878	20892284	8147452	31703	531	32628	83000
1787048192	request	8818	28050968	28046615	61788	22015504384	2951717	444878	20893060	8147452	31703	531	32628	83000
1787048193	request	8819	28050968	28046616	61788	22015504384	2951717	444878	20893060	8147452	31703	531	32628	84000
1787048195	request	8821	28050968	28046617	61788	22015504384	2951717	444878	20893060	8147452	31703	531	32628	86000
1787048196	request	8822	28050968	28046615	61788	22015504384	2951717	444878	20893024	8147452	31703	531	32628	89000
1787048197	request	8823	28050968	28046617	61788	22015504384	2951717	444878	20892772	8147452	31703	531	32628	83000
1787048199	request	8825	28050968	28046615	61788	22015504384	2951717	444878	20892044	8147452	31703	531	32628	84000
1787048200	request	8826	28050968	28046615	61788	22015504384	2951717	444878	20892156	8147452	31703	531	32628	84000
1787048201	request	8827	28050968	28046615	61788	22015504384	2951717	444878	20891036	8147452	31703	531	32628	84000
1787048202	request	8828	28050968	28046617	61788	22015504384	2951717	444878	20890756	8147452	31703	531	32628	87000
1787048204	request	8830	28050968	28046616	61788	22015504384	2951717	444878	20890900	8147452	31703	531	32628	88000
1787048205	request	8831	28050968	28046616	61788	22015504384	2951717	444878	20890964	8147452	31703	531	32628	84000
1787048206	request	8832	28050968	28046616	61788	22015504384	2951717	444878	20890964	8147452	31703	531	32628	84000
1787048208	request	8834	28050968	28046615	61788	22015504384	2951717	444878	20891428	8147452	31703	531	32628	87000
1787048209	request	8835	28050968	28046616	61788	22015504384	2951717	444878	20891504	8147452	31703	531	32628	84000
1787048210	request	8836	28050968	28046616	61788	22015504384	2951717	444878	20890748	8147452	31703	531	32628	85000
1787048211	request	8837	28050968	28046616	61788	22015504384	2951717	444878	20890748	8147452	31703	531	32628	89000
1787048213	request	8839	28050968	28046615	61788	22015504384	2951717	444878	20893288	8147452	31703	531	32628	83000
1787048214	request	8840	28050968	28046615	61788	22015504384	2951717	444878	20893288	8147452	31703	531	32628	83000
1787048215	request	8841	28050968	28046615	61788	22015504384	2951717	444878	20893288	8147452	31703	531	32628	87000
1787048217	request	8843	28050968	28046615	61788	22015504384	2951717	444878	20892544	8147452	31703	531	32628	86000
1787048218	request	8844	28050968	28046616	61788	22015504384	2951717	444878	20892304	8147452	31703	531	32628	84000
1787048219	request	8845	28050968	28046615	61788	22015504384	2951717	444878	20892056	8147452	31703	531	32628	91000
1787048220	request	8846	28050968	28046615	61788	22015504384	2951717	444878	20891804	8147452	31703	531	32628	86000
1787048222	request	8848	28050968	28046615	61788	22015504384	2951717	444878	20891564	8147452	31703	531	32628	84000
1787048223	request	8849	28050968	28046615	61788	22015504384	2951717	444878	20891564	8147452	31703	531	32628	86000
1787048224	request	8850	28050968	28046615	61788	22015504384	2951717	444878	20891564	8147452	31703	531	32628	86000
1787048226	request	8852	28050968	28046615	61788	22015504384	2951717	444878	20891828	8147452	31703	531	32628	88000
1787048227	request	8853	28050968	28046615	61788	22015504384	2951717	444878	20891828	8147452	31703	531	32628	83000
1787048228	request	8854	28050968	28046617	61788	22015504384	2951717	444878	20891828	8147452	31703	531	32628	83000
1787048230	request	8856	28050968	28046615	61788	22015504384	2951717	444878	20892408	8147452	31703	531	32628	82000
1787048231	request	8857	28050968	28046616	61788	22015504384	2951717	444878	20892672	8147452	31703	531	32628	84000
1787048232	request	8858	28050968	28046616	61788	22015504384	2951717	444878	20892476	8147452	31703	531	32628	82000
1787048233	request	8859	28050968	28046616	61788	22015504384	2951717	444878	20892476	8147452	31703	531	32628	88000
1787048235	request	8861	28050968	28046615	61788	22015504384	2951717	444878	20893912	8147452	31703	531	32628	84000
1787048236	request	8862	28050968	28046615	61788	22015504384	2951717	444878	20893912	8147452	31703	531	32628	83000
1787048237	request	8863	28050968	28046616	61788	22015504384	2951717	444878	20893912	8147452	31703	531	32628	86000
1787048239	request	8865	28050968	28046615	61788	22015504384	2951717	444878	20893656	8147452	31703	531	32628	84000
1787048240	request	8866	28050968	28046615	61788	22015504384	2951717	444878	20894236	8147452	31703	531	32628	88000
1787048241	request	8867	28050968	28046615	61788	22015504384	2951717	444878	20894236	8147452	31703	531	32628	88000
1787048243	request	8869	28050968	28046616	61788	22015504384	2951717	444878	20894548	8147452	31703	531	32628	84000
1787048244	request	8870	28050968	28046615	61788	22015504384	2951717	444878	20893804	8147452	31703	531	32628	84000
1787048245	request	8871	28050968	28046615	61788	22015504384	2951717	444878	20893804	8147452	31703	531	32628	84000
1787048246	request	8872	28050968	28046615	61788	22015504384	2951717	444878	20893804	8147452	31703	531	32628	90000
1787048248	request	8874	28051160	28046808	61788	22021267456	2951749	444879	20895160	8147452	31703	531	32629	89000
1787048249	request	8875	28051160	28046808	61788	22021267456	2951749	444879	20894920	8147452	31703	531	32629	83000
1787048250	request	8876	28051160	28046808	61788	22021267456	2951749	444879	20894920	8147452	31703	531	32629	84000
1787048252	request	8878	28051160	28046807	61788	22021267456	2951749	444879	20895384	8147452	31703	531	32629	83000
1787048253	request	8879	28051160	28046807	61788	22021267456	2951749	444879	20895384	8147452	31703	531	32629	83000
1787048254	request	8880	28051160	28046807	61788	22021267456	2951749	444879	20895384	8147452	31703	531	32629	91000
1787048256	request	8882	28051160	28046808	61788	22021267456	2951749	444879	20895144	8147452	31703	531	32629	89000
1787048257	request	8883	28051160	28046807	61788	22021267456	2951749	444879	20894400	8147452	31703	531	32629	84000
1787048258	request	8884	28051160	28046807	61788	22021267456	2951749	444879	20894400	8147452	31703	531	32629	83000
1787048259	request	8885	28051160	28046809	61788	22021267456	2951749	444879	20894148	8147452	31703	531	32629	84000
1787048261	request	8887	28051160	28046807	61788	22021267456	2951749	444879	20893140	8147452	31703	531	32629	84000
1787048262	request	8888	28051160	28046807	61788	22021267456	2951749	444879	20893140	8147452	31703	531	32629	85000
1787048263	request	8889	28051160	28046807	61788	22021267456	2951749	444879	20893140	8147452	31703	531	32629	89000
1787048265	request	8891	28051160	28046807	61788	22021267456	2951749	444879	20892416	8147452	31703	531	32629	84000
1787048266	request	8892	28051160	28046807	61788	22021267456	2951749	444879	20892456	8147452	31703	531	32629	87000
1787048267	request	8893	28051160	28046808	61788	22021267456	2951749	444879	20893948	8147452	31703	531	32629	84000
1787048268	request	8894	28051160	28046807	61788	22021267456	2951749	444879	20894492	8147452	31703	531	32629	82000
1787048270	request	8896	28051160	28046808	61788	22021267456	2951749	444879	20893788	8147452	31703	531	32629	85000
1787048271	request	8897	28051160	28046808	61788	22021267456	2951749	444879	20893760	8147452	31703	531	32629	88000
1787048272	request	8898	28051160	28046808	61788	22021267456	2951749	444879	20893760	8147452	31703	531	32629	86000
1787048274	request	8900	28051160	28046807	61788	22021267456	2951749	444879	20892780	8147452	31703	531	32629	83000
1787048275	request	8901	28051160	28046807	61788	22021267456	2951749	444879	20892764	8147452	31703	531	32629	83000
1787048276	request	8902	28051160	28046808	61788	22021267456	2951749	444879	20892764	8147452	31703	531	32629	81000
1787048277	request	8903	28051160	28046808	61788	22021267456	2951749	444879	20893028	8147452	31703	531	32629	90000
1787048279	request	8905	28051160	28046807	61788	22021267456	2951749	444879	20892284	8147452	31703	531	32629	82000
1787048280	request	8906	28051160	28046807	61788	22021267456	2951749	444879	20892284	8147452	31703	531	32629	83000
1787048281	request	8907	28051160	28046808	61788	22021267456	2951749	444879	20892316	8147452	31703	531	32629	83000
1787048283	request	8909	28051160	28046807	61788	22021267456	2951749	444879	20892412	8147452	31703	531	32629	87000
1787048284	request	8910	28051160	28046809	61788	22021267456	2951749	444879	20892776	8147452	31703	531	32629	83000
1787048285	request	8911	28051160	28046807	61788	22021267456	2951749	444879	20892980	8147452	31703	531	32629	83000
1787048287	request	8913	28051160	28046807	61788	22021267456	2951749	444879	20892980	8147452	31703	531	32629	83000
1787048288	request	8914	28051160	28046808	61788	22021267456	2951749	444879	20892740	8147452	31703	531	32629	85000
1787048289	request	8915	28051160	28046808	61788	22021267456	2951749	444879	20893868	8147452	31703	531	32629	83000
1787048290	request	8916	28051160	28046807	61788	22021267456	2951749	444879	20892860	8147452	31703	531	32629	82000
1787048292	request	8918	28051160	28046807	61788	22021267456	2951749	444879	20893284	8147452	31703	531	32629	90000
1787048293	request	8919	28051160	28046807	61788	22021267456	2951749	444879	20893032	8147452	31703	531	32629	84000
1787048294	request	8920	28051160	28046807	61788	22021267456	2951749	444879	20893032	8147452	31703	531	32629	83000
1787048296	request	8922	28051160	28046807	61788	22021267456	2951749	444879	20893608	8147452	31703	531	32629	83000
1787048297	request	8923	28051160	28046807	61788	22021267456	2951749	444879	20893316	8147452	31703	531	32629	84000
1787048298	request	8924	28051160	28046808	61788	22021267456	2951749	444879	20893316	8147452	31703	531	32629	83000
1787048300	request	8926	28051160	28046807	61788	22021267456	2951749	444879	20893320	8147452	31703	531	32629	84000
1787048301	request	8927	28051160	28046809	61788	22021267456	2951749	444879	20893068	8147452	31703	531	32629	84000
1787048302	request	8928	28051160	28046808	61788	22021267456	2951749	444879	20893548	8147452	31703	531	32629	83000
1787048303	request	8929	28051160	28046807	61788	22021267456	2951749	444879	20893912	8147452	31703	531	32629	86000
1787048305	request	8931	28051160	28046808	61788	22021267456	2951749	444879	20894612	8147452	31703	531	32629	84000
1787048306	request	8932	28051160	28046808	61788	22021267456	2951749	444879	20894612	8147452	31703	531	32629	79000
1787048307	request	8933	28051160	28046807	61788	22021267456	2951749	444879	20894680	8147452	31703	531	32629	83000
1787048308	request	8934	28051160	28046807	61788	22021267456	2951749	444879	20894176	8147452	31703	531	32629	84000
1787048310	request	8936	28051160	28046807	61788	22021267456	2951749	444879	20893432	8147452	31703	531	32629	84000
1787048311	request	8937	28051160	28046807	61788	22021267456	2951749	444879	20894756	8147452	31703	531	32629	84000
1787048312	request	8938	28051160	28046808	61788	22021267456	2951749	444879	20894172	8147452	31703	531	32629	83000
1787048314	request	8940	28051160	28046809	61788	22021267456	2951749	444879	20893988	8147452	31703	531	32629	88000
1787048315	request	8941	28051160	28046808	61788	22021267456	2951749	444879	20894096	8147452	31703	531	32629	86000
1787048316	request	8942	28051160	28046807	61788	22021267456	2951749	444879	20894096	8147452	31703	531	32629	83000
1787048318	request	8944	28051160	28046807	61788	22021267456	2951749	444879	20893520	8147452	31703	531	32629	84000
1787048319	request	8945	28051160	28046808	61788	22021267456	2951749	444879	20893880	8147452	31703	531	32629	84000
1787048320	request	8946	28051160	28046808	61788	22021267456	2951749	444879	20893640	8147452	31703	531	32629	82000
1787048321	request	8947	28051160	28046807	61788	22021267456	2951749	444879	20893400	8147452	31703	531	32629	88000
1787048323	request	8949	28051160	28046809	61788	22021267456	2951749	444879	20893036	8147452	31703	531	32629	88000
1787048324	request	8950	28051160	28046808	61788	22021267456	2951749	444879	20893720	8147452	31703	531	32629	84000
1787048325	request	8951	28051160	28046807	61788	22021267456	2951749	444879	20894084	8147452	31703	531	32629	83000
1787048327	request	8953	28051160	28046808	61788	22021267456	2951749	444879	20894744	8147556	31729	531	32655	84000
1787048328	request	8954	28051160	28046808	61788	22021267456	2951749	444879	20894504	8147556	31729	531	32655	84000
1787048329	request	8955	28051160	28046810	61788	22021267456	2951749	444879	20893544	8147556	31729	531	32655	87000
1787048331	request	8957	28051160	28046809	61788	22021267456	2951749	444879	20891408	8147612	31743	531	32669	83000
1787048332	request	8958	28051160	28046808	61788	22021267456	2951749	444879	20891088	8147612	31743	531	32669	86000
1787048333	request	8959	28051160	28046808	61788	22021267456	2951749	444879	20890788	8147612	31743	531	32669	84000
1787048334	request	8960	28051160	28046810	61788	22021267456	2951749	444879	20890800	8147612	31743	531	32669	88000
1787048336	request	8962	28051160	28046810	61788	22021267456	2951749	444879	20887840	8147616	31744	531	32670	82000
1787048337	request	8963	28051160	28046808	61788	22021267456	2951749	444879	20891416	8147632	31748	531	32674	88000
1787048338	request	8964	28051160	28046808	61788	22021267456	2951749	444879	20891844	8147632	31748	531	32674	84000
1787048340	request	8966	28051160	28046808	61788	22021267456	2951749	444879	20892080	8147632	31748	531	32674	83000
1787048341	request	8967	28051160	28046807	61788	22021267456	2951749	444879	20891324	8147632	31748	531	32674	86000
1787048342	request	8968	28051160	28046809	61788	22021267456	2951749	444879	20891364	8147632	31748	531	32674	84000
1787048344	request	8970	28051160	28046808	61788	22021267456	2951749	444879	20892156	8147632	31748	531	32674	89000
1787048345	request	8971	28051160	28046807	61788	22021267456	2951749	444879	20891988	8147632	31748	531	32674	88000
1787048346	request	8972	28051160	28046807	61788	22021267456	2951749	444879	20891672	8147632	31748	531	32674	83000
1787048347	request	8973	28051160	28046807	61788	22021267456	2951749	444879	20891672	8147632	31748	531	32674	83000
1787048349	request	8975	28051160	28046808	61788	22021267456	2951749	444879	20891672	8147632	31748	531	32674	84000
1787048350	request	8976	28051160	28046807	61788	22021267456	2951749	444879	20891964	8147632	31748	531	32674	86000
1787048351	request	8977	28051160	28046807	61788	22021267456	2951749	444879	20891536	8147632	31748	531	32674	87000
1787048353	request	8979	28051160	28046807	61788	22021267456	2951749	444879	20891808	8147632	31748	531	32674	86000
1787048354	request	8980	28051160	28046807	61788	22021267456	2951749	444879	20891808	8147632	31748	531	32674	84000
1787048355	request	8981	28051160	28046808	61788	22021267456	2951749	444879	20892316	8147632	31748	531	32674	83000
1787048357	request	8983	28051160	28046807	61788	22021267456	2951749	444879	20893480	8147632	31748	531	32674	84000
1787048358	request	8984	28051160	28046807	61788	22021267456	2951749	444879	20893252	8147632	31748	531	32674	80000
1787048359	request	8985	28051160	28046808	61788	22021267456	2951749	444879	20892940	8147632	31748	531	32674	88000
1787048360	request	8986	28051160	28046809	61788	22021267456	2951749	444879	20892940	8147632	31748	531	32674	83000
1787048362	request	8988	28051160	28046808	61788	22021267456	2951749	444879	20896456	8147632	31748	531	32674	84000
1787048363	request	8989	28051160	28046807	61788	22021267456	2951749	444879	20896596	8147632	31748	531	32674	86000
1787048364	request	8990	28051160	28046807	61788	22021267456	2951749	444879	20896596	8147632	31748	531	32674	83000
1787048366	request	8992	28051160	28046808	61788	22021267456	2951781	444879	20896104	8147632	31748	531	32674	89000
1787048367	request	8993	28051288	28046936	61788	22021267456	2951781	444879	20895348	8147632	31748	531	32674	93000
1787048368	request	8994	28051288	28046935	61788	22021267456	2951781	444879	20894856	8147632	31748	531	32674	83000
1787048370	request	8996	28051288	28046935	61788	22021267456	2951781	444879	20896208	8147632	31748	531	32674	84000
1787048371	request	8997	28051288	28046935	61788	22021267456	2951781	444879	20895924	8147632	31748	531	32674	83000
1787048372	request	8998	28051288	28046935	61788	22021267456	2951781	444879	20895376	8147632	31748	531	32674	84000
1787048373	request	8999	28051288	28046936	61788	22021267456	2951781	444879	20895136	8147632	31748	531	32674	89000
1787048375	request	9001	28051288	28046937	61788	22021267456	2951781	444879	20895264	8147632	31748	531	32674	89000
1787048376	request	9002	28051288	28046935	61788	22021267456	2951781	444879	20895024	8147632	31748	531	32674	84000
1787048377	request	9003	28051288	28046935	61788	22021267456	2951781	444879	20894916	8147632	31748	531	32674	84000
1787048379	request	9005	28051288	28046935	61788	22021267456	2951781	444879	20893656	8147632	31748	531	32674	84000
1787048380	request	9006	28051288	28046935	61788	22021267456	2951781	444879	20892788	8147632	31748	531	32674	78000
1787048381	request	9007	28051288	28046935	61788	22021267456	2951781	444879	20891872	8147632	31748	531	32674	94000
1787048383	request	9009	28051288	28046937	61788	22021267456	2951781	444879	20892296	8147632	31748	531	32674	83000
1787048384	request	9010	28051288	28046936	61788	22021267456	2951781	444879	20891680	8147632	31748	531	32674	84000
1787048385	request	9011	28051288	28046936	61788	22021267456	2951781	444879	20892140	8147632	31748	531	32674	83000
1787048386	request	9012	28051288	28046935	61788	22021267456	2951781	444879	20892140	8147632	31748	531	32674	83000
1787048388	request	9014	28051288	28046937	61788	22021267456	2951781	444879	20892140	8147632	31748	531	32674	89000
1787048389	request	9015	28051288	28046936	61788	22021267456	2951781	444879	20892796	8147632	31748	531	32674	88000
1787048390	request	9016	28051288	28046936	61788	22021267456	2951781	444879	20893988	8147632	31748	531	32674	83000
1787048392	request	9018	28051288	28046935	61788	22021267456	2951781	444879	20893988	8147632	31748	531	32674	83000
1787048393	request	9019	28051288	28046936	61788	22021267456	2951781	444879	20893748	8147632	31748	531	32674	82000
1787048394	request	9020	28051288	28046935	61788	22021267456	2951781	444879	20893796	8147632	31748	531	32674	84000
1787048396	request	9022	28051288	28046935	61788	22021267456	2951781	444879	20893048	8147632	31748	531	32674	89000
1787048397	request	9023	28051288	28046935	61788	22021267456	2951781	444879	20893412	8147632	31748	531	32674	87000
1787048398	request	9024	28051288	28046936	61788	22021267456	2951781	444879	20893272	8147632	31748	531	32674	83000
1787048399	request	9025	28051288	28046936	61788	22021267456	2951781	444879	20893272	8147632	31748	531	32674	82000
1787048401	request	9027	28051288	28046935	61788	22021267456	2951781	444879	20893484	8147632	31748	531	32674	83000
1787048402	request	9028	28051288	28046937	61788	22021267456	2951781	444879	20893484	8147632	31748	531	32674	90000
1787048403	request	9029	28051288	28046937	61788	22021267456	2951781	444879	20892236	8147632	31748	531	32674	85000
1787048405	request	9031	28051288	28046935	61788	22021267456	2951781	444879	20891996	8147632	31748	531	32674	88000
1787048406	request	9032	28051288	28046935	61788	22021267456	2951781	444879	20892096	8147632	31748	531	32674	83000
1787048407	request	9033	28051288	28046936	61788	22021267456	2951781	444879	20891604	8147632	31748	531	32674	83000
1787048408	request	9034	28051288	28046937	61788	22021267456	2951781	444879	20891604	8147632	31748	531	32674	83000
1787048410	request	9036	28051288	28046936	61788	22021267456	2951781	444879	20891604	8147632	31748	531	32674	88000
1787048411	request	9037	28051288	28046936	61788	22021267456	2951781	444879	20891172	8147632	31748	531	32674	87000
1787048412	request	9038	28051288	28046935	61788	22021267456	2951781	444879	20892012	8147632	31748	531	32674	85000
1787048414	request	9040	28051288	28046937	61788	22021267456	2951781	444879	20891864	8147632	31748	531	32674	85000
1787048415	request	9041	28051288	28046935	61788	22021267456	2951781	444879	20891864	8147632	31748	531	32674	84000
1787048416	request	9042	28051288	28046935	61788	22021267456	2951781	444879	20889888	8147632	31748	531	32674	84000
1787048417	request	9043	28051288	28046936	61788	22021267456	2951781	444879	20889860	8147632	31748	531	32674	86000
1787048419	request	9045	28051288	28046935	61788	22021267456	2951781	444879	20888864	8147632	31748	531	32674	89000
1787048420	request	9046	28051288	28046935	61788	22021267456	2951781	444879	20888864	8147632	31748	531	32674	83000
1787048421	request	9047	28051288	28046935	61788	22021267456	2951781	444879	20888624	8147632	31748	531	32674	83000
1787048423	request	9049	28051288	28046935	61788	22021267456	2951781	444879	20888384	8147632	31748	531	32674	83000
1787048424	request	9050	28051288	28046936	61788	22021267456	2951781	444879	20889164	8147632	31748	531	32674	83000
1787048425	request	9051	28051288	28046937	61788	22021267456	2951781	444879	20889176	8147632	31748	531	32674	89000
1787048427	request	9053	28051288	28046936	61788	22021267456	2951781	444879	20889164	8147632	31748	531	32674	81000
1787048428	request	9054	28051288	28046936	61788	22021267456	2951781	444879	20889416	8147632	31748	531	32674	83000
1787048429	request	9055	28051288	28046937	61788	22021267456	2951781	444879	20888660	8147632	31748	531	32674	83000
1787048430	request	9056	28051288	28046935	61788	22021267456	2951781	444879	20888196	8147632	31748	531	32674	83000
1787048432	request	9058	28051288	28046936	61788	22021267456	2951781	444879	20888196	8147632	31748	531	32674	82000
1787048433	request	9059	28051288	28046936	61788	22021267456	2951781	444879	20888196	8147632	31748	531	32674	94000
1787048434	request	9060	28051288	28046935	61788	22021267456	2951781	444879	20887944	8147632	31748	531	32674	83000
1787048436	request	9062	28051288	28046937	61788	22021267456	2951781	444879	20887944	8147632	31748	531	32674	83000
1787048437	request	9063	28051288	28046937	61788	22021267456	2951781	444879	20888324	8147632	31748	531	32674	84000
1787048438	request	9064	28051288	28046937	61788	22021267456	2951781	444879	20889892	8147632	31748	531	32674	83000
1787048440	request	9066	28051288	28046936	61788	22021267456	2951781	444879	20889908	8147632	31748	531	32674	86000
1787048441	request	9067	28051288	28046936	61788	22021267456	2951781	444879	20889908	8147632	31748	531	32674	85000
1787048442	request	9068	28051288	28046935	61788	22021267456	2951781	444879	20890252	8147632	31748	531	32674	83000
1787048443	request	9069	28051288	28046935	61788	22021267456	2951781	444879	20890252	8147632	31748	531	32674	86000
1787048445	request	9071	28051288	28046936	61788	22021267456	2951781	444879	20890012	8147632	31748	531	32674	83000
1787048446	request	9072	28051288	28046935	61788	22021267456	2951781	444879	20889772	8147632	31748	531	32674	84000
1787048447	request	9073	28051288	28046935	61788	22021267456	2951781	444879	20890024	8147632	31748	531	32674	89000
1787048449	request	9075	28051288	28046935	61788	22021267456	2951781	444879	20889772	8147632	31748	531	32674	87000
1787048450	request	9076	28051288	28046936	61788	22021267456	2951781	444879	20889896	8147632	31748	531	32674	84000
1787048451	request	9077	28051288	28046937	61788	22021267456	2951781	444879	20889872	8147632	31748	531	32674	83000
1787048453	request	9079	28051288	28046935	61788	22021267456	2951781	444879	20890188	8147632	31748	531	32674	84000
1787048454	request	9080	28051288	28046935	61788	22021267456	2951781	444879	20890188	8147632	31748	531	32674	85000
1787048455	request	9081	28051288	28046935	61788	22021267456	2951781	444879	20890440	8147632	31748	531	32674	88000
1787048457	request	9083	28051288	28046935	61788	22021267456	2951781	444879	20890440	8147632	31748	531	32674	86000
1787048458	request	9084	28051288	28046937	61788	22021267456	2951781	444879	20890052	8147632	31748	531	32674	83000
1787048459	request	9085	28051288	28046936	61788	22021267456	2951781	444879	20889608	8147632	31748	531	32674	84000
1787048460	request	9086	28051288	28046936	61788	22021267456	2951781	444879	20889244	8147632	31748	531	32674	83000
1787048462	request	9088	28051288	28046935	61788	22021267456	2951781	444879	20888748	8147632	31748	531	32674	87000
1787048463	request	9089	28051288	28046935	61788	22021267456	2951781	444879	20889300	8147632	31748	531	32674	89000
1787048464	request	9090	28051288	28046936	61788	22021267456	2951781	444879	20889300	8147632	31748	531	32674	88000
1787048466	request	9092	28051288	28046936	61788	22021267456	2951781	444879	20889732	8147632	31748	531	32674	83000
1787048467	request	9093	28051288	28046937	61788	22021267456	2951781	444879	20889316	8147632	31748	531	32674	84000
1787048468	request	9094	28051288	28046936	61788	22021267456	2951781	444879	20889300	8147632	31748	531	32674	85000
1787048470	request	9096	28051288	28046936	61788	22021267456	2951781	444879	20889308	8147632	31748	531	32674	82000
1787048471	request	9097	28051288	28046936	61788	22021267456	2951781	444879	20889228	8147632	31748	531	32674	87000
1787048472	request	9098	28051288	28046936	61788	22021267456	2951781	444879	20888976	8147632	31748	531	32674	84000
1787048473	request	9099	28051288	28046936	61788	22021267456	2951781	444879	20888872	8147632	31748	531	32674	83000
1787048475	request	9101	28051288	28046935	61788	22021267456	2951781	444879	20888872	8147632	31748	531	32674	83000
1787048476	request	9102	28051288	28046936	61788	22021267456	2951781	444879	20888620	8147632	31748	531	32674	85000
1787048477	request	9103	28051288	28046936	61788	22021267456	2951781	444879	20890080	8147632	31748	531	32674	92000
1787048479	request	9105	28051288	28046936	61788	22021267456	2951781	444879	20890296	8147632	31748	531	32674	87000
1787048480	request	9106	28051288	28046937	61788	22021267456	2951781	444879	20890296	8147632	31748	531	32674	83000
1787048481	request	9107	28051288	28046936	61788	22021267456	2951781	444879	20890044	8147632	31748	531	32674	84000
1787048482	request	9108	28051288	28046936	61788	22021267456	2951781	444879	20892012	8147632	31748	531	32674	84000
1787048484	request	9110	28051288	28046938	61788	22021267456	2951781	444879	20891268	8147632	31748	531	32674	83000
1787048485	request	9111	28051416	28047065	61788	22021267456	2951813	444879	20891016	8147632	31748	531	32674	91000
1787048486	request	9112	28051416	28047063	61788	22021267456	2951813	444879	20891268	8147632	31748	531	32674	86000
1787048488	request	9114	28051416	28047064	61788	22021267456	2951813	444879	20890804	8147632	31748	531	32674	83000
1787048489	request	9115	28051416	28047064	61788	22021267456	2951813	444879	20889068	8147632	31748	531	32674	83000
1787048490	request	9116	28051416	28047065	61788	22021267456	2951813	444879	20888776	8147632	31748	531	32674	84000
1787048492	request	9118	28051416	28047063	61788	22021267456	2951813	444879	20888976	8147632	31748	531	32674	90000
1787048493	request	9119	28051416	28047064	61788	22021267456	2951813	444879	20888724	8147632	31748	531	32674	89000
1787048494	request	9120	28051416	28047064	61788	22021267456	2951813	444879	20889096	8147632	31748	531	32674	92000
1787048495	request	9121	28051416	28047064	61788	22021267456	2951813	444879	20888556	8147632	31748	531	32674	86000
1787048497	request	9123	28051416	28047064	61788	22021267456	2951813	444879	20888184	8147632	31748	531	32674	84000
1787048498	request	9124	28051416	28047064	61788	22021267456	2951813	444879	20888552	8147632	31748	531	32674	85000
1787048499	request	9125	28051416	28047063	61788	22021267456	2951813	444879	20887988	8147632	31748	531	32674	85000
1787048500	request	9126	28051416	28047063	61788	22021267456	2951813	444879	20888612	8147632	31748	531	32674	90000
1787048502	request	9128	28051416	28047065	61788	22021267456	2951813	444879	20888120	8147632	31748	531	32674	84000
1787048503	request	9129	28051416	28047065	61788	22021267456	2951813	444879	20887880	8147632	31748	531	32674	86000
1787048504	request	9130	28051416	28047065	61788	22021267456	2951813	444879	20888784	8147632	31748	531	32674	84000
1787048506	request	9132	28051416	28047065	61788	22021267456	2951813	444879	20888292	8147632	31748	531	32674	84000
1787048507	request	9133	28051416	28047064	61788	22021267456	2951813	444879	20888292	8147632	31748	531	32674	83000
1787048508	request	9134	28051416	28047065	61788	22021267456	2951813	444879	20888040	8147632	31748	531	32674	88000
1787048510	request	9136	28051416	28047065	61788	22021267456	2951813	444879	20887800	8147632	31748	531	32674	83000
1787048511	request	9137	28051416	28047064	61788	22021267456	2951813	444879	20887560	8147632	31748	531	32674	83000
1787048512	request	9138	28051416	28047065	61788	22021267456	2951813	444879	20887560	8147632	31748	531	32674	83000
1787048514	request	9140	28051416	28047064	61788	22021267456	2951813	444879	20887560	8147632	31748	531	32674	84000
1787048515	request	9141	28051416	28047065	61788	22021267456	2951813	444879	20888880	8147632	31748	531	32674	90000
1787048516	request	9142	28051416	28047064	61788	22021267456	2951813	444879	20889244	8147632	31748	531	32674	88000
1787048517	request	9143	28051416	28047065	61788	22021267456	2951813	444879	20889396	8147632	31748	531	32674	84000
1787048519	request	9145	28051416	28047064	61788	22021267456	2951813	444879	20889144	8147632	31748	531	32674	83000
1787048520	request	9146	28051416	28047064	61788	22021267456	2951813	444879	20888652	8147632	31748	531	32674	83000
1787048521	request	9147	28051416	28047066	61788	22021267456	2951813	444879	20888652	8147632	31748	531	32674	86000
1787048522	request	9148	28051416	28047065	61788	22021267456	2951813	444879	20889556	8147632	31748	531	32674	85000
1787048524	request	9150	28051416	28047064	61788	22021267456	2951813	444879	20889028	8147632	31748	531	32674	91000
1787048525	request	9151	28051416	28047066	61788	22021267456	2951813	444879	20888776	8147632	31748	531	32674	83000
1787048526	request	9152	28051416	28047065	61788	22021267456	2951813	444879	20888608	8147636	31749	531	32675	82000
1787048528	request	9154	28051416	28047066	61788	22021267456	2951813	444879	20890176	8147636	31749	531	32675	84000
1787048529	request	9155	28051416	28047064	61788	22021267456	2951813	444879	20889724	8147636	31749	531	32675	87000
1787048530	request	9156	28051416	28047065	61788	22021267456	2951813	444879	20889568	8147636	31749	531	32675	88000
1787048531	request	9157	28051416	28047065	61788	22021267456	2951813	444879	20889144	8147636	31749	531	32675	88000
1787048533	request	9159	28051416	28047064	61788	22021267456	2951813	444879	20890412	8147636	31749	531	32675	84000
1787048534	request	9160	28051416	28047064	61788	22021267456	2951813	444879	20889304	8147636	31749	531	32675	82000
1787048535	request	9161	28051416	28047065	61788	22021267456	2951813	444879	20890788	8147636	31749	531	32675	84000
1787048537	request	9163	28051416	28047064	61788	22021267456	2951813	444879	20889984	8147636	31749	531	32675	87000
1787048538	request	9164	28051416	28047066	61788	22021267456	2951813	444879	20889928	8147636	31749	531	32675	89000
1787048539	request	9165	28051416	28047065	61788	22021267456	2951813	444879	20889928	8147636	31749	531	32675	83000
1787048540	request	9166	28051416	28047065	61788	22021267456	2951813	444879	20891392	8147636	31749	531	32675	84000
1787048542	request	9168	28051416	28047064	61788	22021267456	2951813	444879	20891140	8147636	31749	531	32675	83000
1787048543	request	9169	28051416	28047064	61788	22021267456	2951813	444879	20891140	8147636	31749	531	32675	86000
1787048544	request	9170	28051416	28047064	61788	22021267456	2951813	444879	20890184	8147636	31749	531	32675	89000
1787048546	request	9172	28051416	28047064	61788	22021267456	2951813	444879	20889904	8147636	31749	531	32675	85000
1787048547	request	9173	28051416	28047065	61788	22021267456	2951813	444879	20889904	8147636	31749	531	32675	84000
1787048548	request	9174	28051416	28047064	61788	22021267456	2951813	444879	20889904	8147636	31749	531	32675	83000
1787048550	request	9176	28051416	28047064	61788	22021267456	2951813	444879	20890452	8147636	31749	531	32675	85000
1787048551	request	9177	28051416	28047066	61788	22021267456	2951813	444879	20890200	8147636	31749	531	32675	84000
1787048552	request	9178	28051416	28047066	61788	22021267456	2951813	444879	20889960	8147636	31749	531	32675	88000
1787048554	request	9180	28051416	28047066	61788	22021267456	2951813	444879	20889960	8147636	31749	531	32675	82000
1787048555	request	9181	28051416	28047064	61788	22021267456	2951813	444879	20889164	8147636	31749	531	32675	83000
1787048556	request	9182	28051416	28047064	61788	22021267456	2951813	444879	20889164	8147636	31749	531	32675	83000
1787048557	request	9183	28051416	28047064	61788	22021267456	2951813	444879	20889592	8147636	31749	531	32675	84000
1787048559	request	9185	28051416	28047065	61788	22021267456	2951813	444879	20888584	8147636	31749	531	32675	86000
1787048560	request	9186	28051416	28047064	61788	22021267456	2951813	444879	20888344	8147636	31749	531	32675	88000
1787048561	request	9187	28051416	28047065	61788	22021267456	2951813	444879	20889112	8147636	31749	531	32675	84000
1787048563	request	9189	28051416	28047064	61788	22021267456	2951813	444879	20888928	8147636	31749	531	32675	83000
1787048564	request	9190	28051416	28047064	61788	22021267456	2951813	444879	20888928	8147636	31749	531	32675	83000
1787048565	request	9191	28051416	28047064	61788	22021267456	2951813	444879	20888676	8147636	31749	531	32675	86000
1787048567	request	9193	28051416	28047066	61788	22021267456	2951813	444879	20888748	8147636	31749	531	32675	86000
1787048568	request	9194	28051416	28047066	61788	22021267456	2951813	444879	20888564	8147636	31749	531	32675	85000
1787048569	request	9195	28051416	28047066	61788	22021267456	2951813	444879	20888564	8147636	31749	531	32675	90000
1787048570	request	9196	28051416	28047064	61788	22021267456	2951813	444879	20888920	8147636	31749	531	32675	84000
1787048572	request	9198	28051416	28047065	61788	22021267456	2951813	444879	20889376	8147636	31749	531	32675	83000
1787048573	request	9199	28051416	28047065	61788	22021267456	2951813	444879	20889376	8147636	31749	531	32675	86000
1787048574	request	9200	28051416	28047065	61788	22021267456	2951813	444879	20888728	8147636	31749	531	32675	87000
1787048576	request	9202	28051416	28047064	61788	22021267456	2951813	444879	20889184	8147636	31749	531	32675	89000
1787048577	request	9203	28051416	28047064	61788	22021267456	2951813	444879	20889184	8147636	31749	531	32675	83000
1787048578	request	9204	28051416	28047065	61788	22021267456	2951813	444879	20888932	8147636	31749	531	32675	84000
1787048580	request	9206	28051416	28047064	61788	22021267456	2951813	444879	20888352	8147636	31749	531	32675	83000
1787048581	request	9207	28051416	28047065	61788	22021267456	2951813	444879	20888100	8147636	31749	531	32675	83000
1787048582	request	9208	28051416	28047066	61788	22021267456	2951813	444879	20888100	8147636	31749	531	32675	85000
1787048583	request	9209	28051416	28047064	61788	22021267456	2951813	444879	20888448	8147636	31749	531	32675	90000
1787048585	request	9211	28051416	28047064	61788	22021267456	2951813	444879	20887792	8147636	31749	531	32675	83000
1787048586	request	9212	28051416	28047064	61788	22021267456	2951813	444879	20887428	8147636	31749	531	32675	84000
1787048587	request	9213	28051416	28047064	61788	22021267456	2951813	444879	20886956	8147636	31749	531	32675	83000
1787048589	request	9215	28051416	28047064	61788	22021267456	2951813	444879	20886968	8147636	31749	531	32675	83000
1787048590	request	9216	28051416	28047065	61788	22021267456	2951813	444879	20886968	8147636	31749	531	32675	84000
1787048591	request	9217	28051416	28047064	61788	22021267456	2951813	444879	20886972	8147636	31749	531	32675	86000
1787048593	request	9219	28051416	28047064	61788	22021267456	2951813	444879	20886952	8147636	31749	531	32675	84000
1787048594	request	9220	28051416	28047065	61788	22021267456	2951813	444879	20887064	8147636	31749	531	32675	83000
1787048595	request	9221	28051416	28047064	61788	22021267456	2951813	444879	20887036	8147636	31749	531	32675	84000
1787048597	request	9223	28051416	28047065	61788	22021267456	2951813	444879	20887552	8147636	31749	531	32675	87000
1787048598	request	9224	28051416	28047066	61788	22021267456	2951813	444879	20888096	8147636	31749	531	32675	82000
1787048599	request	9225	28051416	28047066	61788	22021267456	2951813	444879	20887808	8147636	31749	531	32675	83000
1787048600	request	9226	28051416	28047064	61788	22021267456	2951813	444879	20886732	8147636	31749	531	32675	84000
1787048602	request	9228	28051416	28047066	61788	22021267456	2951813	444879	20886088	8147636	31749	531	32675	83000
1787048603	request	9229	28051416	28047066	61788	22021267456	2951813	444879	20885344	8147636	31749	531	32675	83000
1787048604	request	9230	28051416	28047064	61788	22021267456	2951813	444879	20885104	8147636	31749	531	32675	85000
1787048606	request	9232	28051644	28047292	61788	22021267456	2951870	444879	20885212	8147636	31749	531	32675	87000
1787048607	request	9233	28051644	28047293	61788	22021267456	2951870	444879	20884960	8147636	31749	531	32675	83000
1787048608	request	9234	28051644	28047294	61788	22021267456	2951870	444879	20885096	8147636	31749	531	32675	83000
1787048610	request	9236	28051644	28047292	61788	22021267456	2951870	444879	20884340	8147636	31749	531	32675	83000
1787048611	request	9237	28051644	28047293	61788	22021267456	2951870	444879	20883836	8147636	31749	531	32675	83000
1787048612	request	9238	28051644	28047292	61788	22021267456	2951870	444879	20883836	8147636	31749	531	32675	85000
1787048613	request	9239	28051644	28047293	61788	22021267456	2951870	444879	20884088	8147636	31749	531	32675	92000
1787048615	request	9241	28051644	28047294	61788	22021267456	2951870	444879	20883836	8147636	31749	531	32675	84000
1787048616	request	9242	28051644	28047293	61788	22021267456	2951870	444879	20883836	8147636	31749	531	32675	86000
1787048617	request	9243	28051644	28047292	61788	22021267456	2951870	444879	20885292	8147636	31749	531	32675	83000
1787048619	request	9245	28051644	28047292	61788	22021267456	2951870	444879	20885900	8147636	31749	531	32675	87000
1787048620	request	9246	28051644	28047293	61788	22021267456	2951870	444879	20884996	8147636	31749	531	32675	88000
1787048621	request	9247	28051644	28047292	61788	22021267456	2951870	444879	20884744	8147636	31749	531	32675	88000
1787048622	request	9248	28051644	28047294	61788	22021267456	2951870	444879	20885020	8147636	31749	531	32675	85000
1787048624	request	9250	28051644	28047293	61788	22021267456	2951870	444879	20885196	8147636	31749	531	32675	83000
1787048625	request	9251	28051644	28047292	61788	22021267456	2951870	444879	20884956	8147636	31749	531	32675	84000
1787048626	request	9252	28051644	28047293	61788	22021267456	2951870	444879	20885248	8147636	31749	531	32675	88000
1787048628	request	9254	28051644	28047292	61788	22021267456	2951870	444879	20885740	8147636	31749	531	32675	90000
1787048629	request	9255	28051644	28047293	61788	22021267456	2951870	444879	20884480	8147636	31749	531	32675	84000
1787048630	request	9256	28051644	28047294	61788	22021267456	2951870	444879	20883976	8147636	31749	531	32675	84000
1787048632	request	9258	28051644	28047293	61788	22021267456	2951870	444879	20883724	8147636	31749	531	32675	84000
1787048633	request	9259	28051644	28047292	61788	22021267456	2951870	444879	20883976	8147636	31749	531	32675	84000
1787048634	request	9260	28051644	28047294	61788	22021267456	2951870	444879	20883976	8147636	31749	531	32675	88000
1787048636	request	9262	28051644	28047294	61788	22021267456	2951870	444879	20883484	8147636	31749	531	32675	93000
1787048637	request	9263	28051644	28047292	61788	22021267456	2951870	444879	20882980	8147636	31749	531	32675	85000
1787048638	request	9264	28051644	28047292	61788	22021267456	2951870	444879	20883624	8147636	31749	531	32675	83000
1787048639	request	9265	28051644	28047293	61788	22021267456	2951870	444879	20883340	8147636	31749	531	32675	83000
1787048641	request	9267	28051644	28047294	61788	22021267456	2951870	444879	20883640	8147636	31749	531	32675	84000
1787048642	request	9268	28051644	28047292	61788	22021267456	2951870	444879	20883640	8147636	31749	531	32675	84000
1787048643	request	9269	28051644	28047294	61788	22021267456	2951870	444879	20883640	8147636	31749	531	32675	88000
1787048645	request	9271	28051644	28047292	61788	22021267456	2951870	444879	20883704	8147636	31749	531	32675	85000
1787048646	request	9272	28051644	28047292	61788	22021267456	2951870	444879	20883452	8147636	31749	531	32675	84000
1787048647	request	9273	28051644	28047292	61788	22021267456	2951870	444879	20883620	8147636	31749	531	32675	86000
1787048649	request	9275	28051644	28047294	61788	22021267456	2951870	444879	20886404	8147636	31749	531	32675	86000
1787048650	request	9276	28051644	28047292	61788	22021267456	2951870	444879	20885960	8147636	31749	531	32675	89000
1787048651	request	9277	28051644	28047292	61788	22021267456	2951870	444879	20886452	8147636	31749	531	32675	82000
1787048652	request	9278	28051644	28047292	61788	22021267456	2951870	444879	20885968	8147636	31749	531	32675	84000
1787048654	request	9280	28051644	28047294	61788	22021267456	2951870	444879	20885828	8147636	31749	531	32675	83000
1787048655	request	9281	28051644	28047292	61788	22021267456	2951870	444879	20886352	8147636	31749	531	32675	84000
1787048656	request	9282	28051644	28047293	61788	22021267456	2951870	444879	20886420	8147636	31749	531	32675	90000
1787048658	request	9284	28051644	28047293	61788	22021267456	2951870	444879	20885436	8147636	31749	531	32675	86000
1787048659	request	9285	28051644	28047292	61788	22021267456	2951870	444879	20884932	8147636	31749	531	32675	83000
1787048660	request	9286	28051644	28047293	61788	22021267456	2951870	444879	20885156	8147636	31749	531	32675	84000
1787048662	request	9288	28051644	28047292	61788	22021267456	2951870	444879	20885156	8147636	31749	531	32675	83000
1787048663	request	9289	28051644	28047293	61788	22021267456	2951870	444879	20885156	8147636	31749	531	32675	83000
1787048664	request	9290	28051644	28047293	61788	22021267456	2951870	444879	20885268	8147636	31749	531	32675	88000
1787048665	request	9291	28051644	28047294	61788	22021267456	2951870	444879	20885504	8147636	31749	531	32675	82000
1787048667	request	9293	28051644	28047293	61788	22021267456	2951870	444879	20886440	8147636	31749	531	32675	83000
1787048668	request	9294	28051644	28047293	61788	22021267456	2951870	444879	20886488	8147636	31749	531	32675	85000
1787048669	request	9295	28051644	28047294	61788	22021267456	2951870	444879	20886148	8147636	31749	531	32675	86000
1787048671	request	9297	28051644	28047292	61788	22021267456	2951870	444879	20885764	8147636	31749	531	32675	84000
1787048672	request	9298	28051644	28047292	61788	22021267456	2951870	444879	20885512	8147636	31749	531	32675	84000
1787048673	request	9299	28051644	28047292	61788	22021267456	2951870	444879	20885260	8147636	31749	531	32675	88000
1787048674	request	9300	28051644	28047292	61788	22021267456	2951870	444879	20884692	8147636	31749	531	32675	86000
1787048676	request	9302	28051644	28047292	61788	22021267456	2951870	444879	20886188	8147636	31749	531	32675	84000
1787048677	request	9303	28051644	28047294	61788	22021267456	2951870	444879	20886188	8147636	31749	531	32675	85000
1787048678	request	9304	28051644	28047292	61788	22021267456	2951870	444879	20886188	8147636	31749	531	32675	84000
1787048680	request	9306	28051644	28047293	61788	22021267456	2951870	444879	20887280	8147636	31749	531	32675	83000
1787048681	request	9307	28051644	28047292	61788	22021267456	2951870	444879	20886776	8147636	31749	531	32675	88000
1787048682	request	9308	28051644	28047293	61788	22021267456	2951870	444879	20886524	8147636	31749	531	32675	84000
1787048683	request	9309	28051644	28047292	61788	22021267456	2951870	444879	20885480	8147636	31749	531	32675	85000
1787048685	request	9311	28051644	28047292	61788	22021267456	2951870	444879	20885344	8147636	31749	531	32675	84000
1787048686	request	9312	28051644	28047294	61788	22021267456	2951870	444879	20885456	8147636	31749	531	32675	81000
1787048687	request	9313	28051644	28047292	61788	22021267456	2951870	444879	20885616	8147636	31749	531	32675	86000
1787048689	request	9315	28051644	28047292	61788	22021267456	2951870	444879	20885896	8147636	31749	531	32675	88000
1787048690	request	9316	28051644	28047293	61788	22021267456	2951870	444879	20885896	8147636	31749	531	32675	83000
1787048691	request	9317	28051644	28047293	61788	22021267456	2951870	444879	20885740	8147636	31749	531	32675	85000
1787048693	request	9319	28051644	28047292	61788	22021267456	2951870	444879	20885740	8147636	31749	531	32675	84000
1787048694	request	9320	28051644	28047292	61788	22021267456	2951870	444879	20886104	8147636	31749	531	32675	88000
1787048695	request	9321	28051644	28047293	61788	22021267456	2951870	444879	20886344	8147636	31749	531	32675	92000
1787048696	request	9322	28051644	28047294	61788	22021267456	2951870	444879	20886008	8147636	31749	531	32675	84000
1787048698	request	9324	28051644	28047292	61788	22021267456	2951870	444879	20885504	8147636	31749	531	32675	83000
1787048699	request	9325	28051644	28047292	61788	22021267456	2951870	444879	20885756	8147636	31749	531	32675	83000
1787048700	request	9326	28051644	28047292	61788	22021267456	2951870	444879	20884336	8147636	31749	531	32675	84000
1787048702	request	9328	28051644	28047292	61788	22021267456	2951870	444879	20884096	8147636	31749	531	32675	88000
1787048703	request	9329	28051644	28047293	61788	22021267456	2951870	444879	20884168	8147636	31749	531	32675	84000
1787048704	request	9330	28051644	28047292	61788	22021267456	2951870	444879	20884168	8147636	31749	531	32675	84000
1787048706	request	9332	28051644	28047294	61788	22021267456	2951870	444879	20884316	8147636	31749	531	32675	83000
1787048707	request	9333	28051644	28047294	61788	22021267456	2951870	444879	20884316	8147636	31749	531	32675	83000
1787048708	request	9334	28051644	28047293	61788	22021267456	2951870	444879	20884316	8147636	31749	531	32675	84000
1787048710	request	9336	28051644	28047294	61788	22021267456	2951870	444879	20884268	8147636	31749	531	32675	87000
1787048711	request	9337	28051644	28047293	61788	22021267456	2951870	444879	20884028	8147636	31749	531	32675	89000
1787048712	request	9338	28051644	28047292	61788	22021267456	2951870	444879	20884028	8147636	31749	531	32675	85000
1787048713	request	9339	28051644	28047293	61788	22021267456	2951870	444879	20884028	8147636	31749	531	32675	84000
1787048715	request	9341	28051644	28047293	61788	22021267456	2951870	444879	20883772	8147636	31749	531	32675	85000
1787048716	request	9342	28051644	28047293	61788	22021267456	2951870	444879	20883152	8147636	31749	531	32675	82000
1787048717	request	9343	28051644	28047292	61788	22021267456	2951870	444879	20883164	8147636	31749	531	32675	83000
1787048719	request	9345	28051644	28047292	61788	22021267456	2951870	444879	20884492	8147636	31749	531	32675	88000
1787048720	request	9346	28051644	28047292	61788	22021267456	2951870	444879	20884360	8147636	31749	531	32675	83000
1787048721	request	9347	28051644	28047293	61788	22021267456	2951870	444879	20884612	8147636	31749	531	32675	84000
1787048723	request	9349	28051644	28047292	61788	22021267456	2951870	444879	20884580	8147636	31749	531	32675	84000
1787048724	request	9350	28051644	28047292	61788	22021267456	2951870	444879	20884580	8147636	31749	531	32675	87000
1787048725	request	9351	28051772	28047420	61788	22021267456	2951902	444879	20883976	8147636	31749	531	32675	83000
1787048726	request	9352	28051772	28047421	61788	22021267456	2951902	444879	20883608	8147636	31749	531	32675	84000
1787048728	request	9354	28051772	28047420	61788	22021267456	2951902	444879	20883432	8147636	31749	531	32675	84000
1787048729	request	9355	28051772	28047420	61788	22021267456	2951902	444879	20882612	8147636	31749	531	32675	83000
1787048730	request	9356	28051772	28047420	61788	22021267456	2951902	444879	20883760	8147636	31749	531	32675	84000
1787048732	request	9358	28051772	28047422	61788	22021267456	2951902	444879	20883876	8147636	31749	531	32675	90000
1787048733	request	9359	28051772	28047421	61788	22021267456	2951902	444879	20884412	8147636	31749	531	32675	85000
1787048734	request	9360	28051772	28047420	61788	22021267456	2951902	444879	20884412	8147636	31749	531	32675	84000
1787048736	request	9362	28051772	28047421	61788	22021267456	2951902	444879	20885628	8147636	31749	531	32675	84000
1787048737	request	9363	28051772	28047420	61788	22021267456	2951902	444879	20885576	8147636	31749	531	32675	84000
1787048738	request	9364	28051772	28047421	61788	22021267456	2951902	444879	20885336	8147636	31749	531	32675	83000
1787048739	request	9365	28051772	28047420	61788	22021267456	2951902	444879	20884592	8147636	31749	531	32675	88000
1787048741	request	9367	28051772	28047422	61788	22021267456	2951902	444879	20884340	8147636	31749	531	32675	89000
1787048742	request	9368	28051772	28047420	61788	22021267456	2951902	444879	20884340	8147636	31749	531	32675	84000
1787048743	request	9369	28051772	28047421	61788	22021267456	2951902	444879	20884704	8147636	31749	531	32675	85000
1787048745	request	9371	28051772	28047421	61788	22021267456	2951902	444879	20885148	8147636	31749	531	32675	84000
1787048746	request	9372	28051772	28047421	61788	22021267456	2951902	444879	20885148	8147636	31749	531	32675	84000
1787048747	request	9373	28051772	28047420	61788	22021267456	2951902	444879	20885148	8147636	31749	531	32675	87000
1787048749	request	9375	28051772	28047422	61788	22021267456	2951902	444879	20884416	8147636	31749	531	32675	86000
1787048750	request	9376	28051772	28047420	61788	22021267456	2951902	444879	20885088	8147636	31749	531	32675	84000
1787048751	request	9377	28051772	28047420	61788	22021267456	2951902	444879	20885088	8147636	31749	531	32675	82000
1787048752	request	9378	28051772	28047421	61788	22021267456	2951902	444879	20884080	8147636	31749	531	32675	85000
1787048754	request	9380	28051772	28047419	61788	22021267456	2951902	444879	20887868	8147636	31749	531	32675	86000
1787048755	request	9381	28051772	28047420	61788	22021267456	2951902	444879	20887256	8147636	31749	531	32675	88000
1787048756	request	9382	28051772	28047420	61788	22021267456	2951902	444879	20887668	8147636	31749	531	32675	85000
1787048758	request	9384	28051772	28047419	61788	22021267456	2951902	444879	20887256	8147636	31749	531	32675	84000
1787048759	request	9385	28051772	28047419	61788	22021267456	2951902	444879	20887256	8147636	31749	531	32675	83000
1787048760	request	9386	28051772	28047421	61788	22021267456	2951902	444879	20887256	8147636	31749	531	32675	83000
1787048762	request	9388	28051772	28047420	61788	22021267456	2951902	444879	20887256	8147636	31749	531	32675	85000
1787048763	request	9389	28051772	28047420	61788	22021267456	2951902	444879	20887096	8147636	31749	531	32675	87000
1787048764	request	9390	28051772	28047419	61788	22021267456	2951902	444879	20887096	8147636	31749	531	32675	82000
1787048766	request	9392	28051772	28047420	61788	22021267456	2951902	444879	20887096	8147636	31749	531	32675	84000
1787048767	request	9393	28051772	28047421	61788	22021267456	2951902	444879	20887096	8147636	31749	531	32675	84000
1787048768	request	9394	28051772	28047419	61788	22021267456	2951902	444879	20886924	8147636	31749	531	32675	84000
1787048769	request	9395	28051772	28047419	61788	22021267456	2951902	444879	20886676	8147636	31749	531	32675	87000
1787048771	request	9397	28051772	28047420	61788	22021267456	2951902	444879	20886316	8147636	31749	531	32675	84000
1787048772	request	9398	28051772	28047420	61788	22021267456	2951902	444879	20886064	8147636	31749	531	32675	83000
1787048773	request	9399	28051772	28047419	61788	22021267456	2951902	444879	20886064	8147636	31749	531	32675	83000
1787048775	request	9401	28051772	28047419	61788	22021267456	2951902	444879	20886000	8147636	31749	531	32675	83000
1787048776	request	9402	28051772	28047419	61788	22021267456	2951902	444879	20886000	8147636	31749	531	32675	86000
1787048777	request	9403	28051772	28047420	61788	22021267456	2951902	444879	20887064	8147636	31749	531	32675	87000
1787048778	request	9404	28051772	28047420	61788	22021267456	2951902	444879	20888692	8147636	31749	531	32675	87000
1787048780	request	9406	28051772	28047420	61788	22021267456	2951902	444879	20887628	8147636	31749	531	32675	84000
1787048781	request	9407	28051772	28047419	61788	22021267456	2951902	444879	20887632	8147636	31749	531	32675	84000
1787048782	request	9408	28051772	28047419	61788	22021267456	2951902	444879	20887644	8147636	31749	531	32675	84000
1787048784	request	9410	28051772	28047420	61788	22021267456	2951902	444879	20887764	8147636	31749	531	32675	84000
1787048785	request	9411	28051772	28047419	61788	22021267456	2951902	444879	20887516	8147636	31749	531	32675	89000
1787048786	request	9412	28051772	28047420	61788	22021267456	2951902	444879	20886520	8147636	31749	531	32675	87000
1787048787	request	9413	28051772	28047420	61788	22021267456	2951902	444879	20886632	8147636	31749	531	32675	83000
1787048789	request	9415	28051772	28047421	61788	22021267456	2951902	444879	20886708	8147636	31749	531	32675	84000
1787048790	request	9416	28051772	28047420	61788	22021267456	2951902	444879	20886344	8147636	31749	531	32675	83000
1787048791	request	9417	28051772	28047421	61788	22021267456	2951902	444879	20886384	8147636	31749	531	32675	83000
1787048793	request	9419	28051772	28047421	61788	22021267456	2951902	444879	20886384	8147636	31749	531	32675	87000
1787048794	request	9420	28051772	28047419	61788	22021267456	2951902	444879	20886748	8147636	31749	531	32675	87000
1787048795	request	9421	28051772	28047420	61788	22021267456	2951902	444879	20887072	8147636	31749	531	32675	84000
1787048797	request	9423	28051772	28047420	61788	22021267456	2951902	444879	20886764	8147636	31749	531	32675	84000
1787048798	request	9424	28051772	28047420	61788	22021267456	2951902	444879	20886764	8147640	31750	531	32676	84000
1787048799	request	9425	28051772	28047420	61788	22021267456	2951902	444879	20886764	8147640	31750	531	32676	88000
1787048800	request	9426	28051772	28047421	61788	22021267456	2951902	444879	20886520	8147640	31750	531	32676	89000
1787048802	request	9428	28051772	28047419	61788	22021267456	2951902	444879	20887104	8147640	31750	531	32676	88000
1787048803	request	9429	28051772	28047420	61788	22021267456	2951902	444879	20887428	8147640	31750	531	32676	84000
1787048804	request	9430	28051772	28047420	61788	22021267456	2951902	444879	20887196	8147640	31750	531	32676	84000
1787048806	request	9432	28051772	28047420	61788	22021267456	2951902	444879	20887204	8147640	31750	531	32676	85000
1787048807	request	9433	28051772	28047420	61788	22021267456	2951902	444879	20887204	8147640	31750	531	32676	86000
1787048808	request	9434	28051772	28047419	61788	22021267456	2951902	444879	20887588	8147640	31750	531	32676	87000
1787048810	request	9436	28051772	28047420	61788	22021267456	2951902	444879	20887336	8147640	31750	531	32676	84000
1787048811	request	9437	28051772	28047420	61788	22021267456	2951902	444879	20887564	8147640	31750	531	32676	84000
1787048812	request	9438	28051772	28047420	61788	22021267456	2951902	444879	20887564	8147640	31750	531	32676	84000
1787048813	request	9439	28051772	28047420	61788	22021267456	2951902	444879	20887096	8147640	31750	531	32676	84000
1787048815	request	9441	28051772	28047420	61788	22021267456	2951902	444879	20886460	8147640	31750	531	32676	87000
1787048816	request	9442	28051772	28047420	61788	22021267456	2951902	444879	20886220	8147640	31750	531	32676	89000
1787048817	request	9443	28051772	28047421	61788	22021267456	2951902	444879	20885968	8147640	31750	531	32676	82000
1787048819	request	9445	28051772	28047419	61788	22021267456	2951902	444879	20885476	8147640	31750	531	32676	83000
1787048820	request	9446	28051772	28047419	61788	22021267456	2951902	444879	20885224	8147640	31750	531	32676	83000
1787048821	request	9447	28051772	28047420	61788	22021267456	2951902	444879	20885224	8147640	31750	531	32676	83000
1787048823	request	9449	28051772	28047420	61788	22021267456	2951902	444879	20885224	8147640	31750	531	32676	84000
1787048824	request	9450	28051772	28047421	61788	22021267456	2951902	444879	20884904	8147640	31750	531	32676	88000
1787048825	request	9451	28051772	28047420	61788	22021267456	2951902	444879	20884904	8147640	31750	531	32676	83000
1787048826	request	9452	28051772	28047419	61788	22021267456	2951902	444879	20884656	8147640	31750	531	32676	84000
1787048828	request	9454	28051772	28047420	61788	22021267456	2951902	444879	20884404	8147640	31750	531	32676	84000
1787048829	request	9455	28051772	28047419	61788	22021267456	2951902	444879	20884696	8147640	31750	531	32676	83000
1787048830	request	9456	28051772	28047419	61788	22021267456	2951902	444879	20884696	8147640	31750	531	32676	90000
1787048832	request	9458	28051772	28047419	61788	22021267456	2951902	444879	20884140	8147640	31750	531	32676	93000
1787048833	request	9459	28051772	28047419	61788	22021267456	2951902	444879	20883776	8147640	31750	531	32676	83000
1787048834	request	9460	28051772	28047419	61788	22021267456	2951902	444879	20883384	8147640	31750	531	32676	84000
1787048835	request	9461	28051772	28047420	61788	22021267456	2951902	444879	20883384	8147640	31750	531	32676	86000
1787048837	request	9463	28051772	28047419	61788	22021267456	2951902	444879	20883144	8147640	31750	531	32676	85000
1787048838	request	9464	28051772	28047419	61788	22021267456	2951902	444879	20883144	8147640	31750	531	32676	88000
1787048839	request	9465	28051772	28047420	61788	22021267456	2951902	444879	20883144	8147640	31750	531	32676	89000
1787048841	request	9467	28051772	28047420	61788	22021267456	2951902	444879	20882956	8147640	31750	531	32676	83000
1787048842	request	9468	28051772	28047421	61788	22021267456	2951902	444879	20882664	8147640	31750	531	32676	83000
1787048843	request	9469	28051772	28047420	61788	22021267456	2951902	444879	20882192	8147640	31750	531	32676	84000
1787048845	request	9471	28051772	28047419	61788	22021267456	2951902	444879	20883208	8147640	31750	531	32676	86000
1787048846	request	9472	28051964	28047613	61788	22029651968	2951934	444880	20881908	8147640	31750	531	32677	84000
1787048847	request	9473	28051964	28047612	61788	22029651968	2951934	444880	20881732	8147640	31750	531	32677	89000
1787048848	request	9474	28051964	28047611	61788	22029651968	2951934	444880	20881920	8147640	31750	531	32677	84000
1787048850	request	9476	28051964	28047613	61788	22029651968	2951934	444880	20882284	8147640	31750	531	32677	83000
1787048851	request	9477	28051964	28047613	61788	22029651968	2951934	444880	20881184	8147640	31750	531	32677	83000
1787048852	request	9478	28051964	28047612	61788	22029651968	2951934	444880	20881264	8147640	31750	531	32677	85000
1787048854	request	9480	28051964	28047611	61788	22029651968	2951934	444880	20881244	8147640	31750	531	32677	90000
1787048855	request	9481	28051964	28047612	61788	22029651968	2951934	444880	20881004	8147640	31750	531	32677	82000
1787048856	request	9482	28051964	28047613	61788	22029651968	2951934	444880	20880940	8147640	31750	531	32677	83000
1787048858	request	9484	28051964	28047612	61788	22029651968	2951934	444880	20880940	8147640	31750	531	32677	83000
1787048859	request	9485	28051964	28047611	61788	22029651968	2951934	444880	20880940	8147640	31750	531	32677	83000
1787048860	request	9486	28051964	28047611	61788	22029651968	2951934	444880	20880940	8147640	31750	531	32677	84000
1787048862	request	9488	28051964	28047613	61788	22029651968	2951934	444880	20880700	8147640	31750	531	32677	87000
1787048863	request	9489	28051964	28047612	61788	22029651968	2951934	444880	20880700	8147640	31750	531	32677	83000
1787048864	request	9490	28051964	28047612	61788	22029651968	2951934	444880	20880448	8147640	31750	531	32677	83000
1787048865	request	9491	28051964	28047611	61788	22029651968	2951934	444880	20880448	8147640	31750	531	32677	82000
1787048867	request	9493	28051964	28047611	61788	22029651968	2951934	444880	20882080	8147640	31750	531	32677	83000
1787048868	request	9494	28051964	28047612	61788	22029651968	2951934	444880	20881680	8147640	31750	531	32677	86000
1787048869	request	9495	28051964	28047611	61788	22029651968	2951934	444880	20881428	8147640	31750	531	32677	90000
1787048871	request	9497	28051964	28047612	61788	22029651968	2951934	444880	20881772	8147640	31750	531	32677	85000
1787048872	request	9498	28051964	28047613	61788	22029651968	2951934	444880	20882124	8147640	31750	531	32677	83000
1787048873	request	9499	28051964	28047612	61788	22029651968	2951934	444880	20882124	8147640	31750	531	32677	85000
1787048875	request	9501	28051964	28047611	61788	22029651968	2951934	444880	20882064	8147640	31750	531	32677	86000
1787048876	request	9502	28051964	28047613	61788	22029651968	2951934	444880	20882064	8147640	31750	531	32677	85000
1787048877	request	9503	28051964	28047612	61788	22029651968	2951934	444880	20881652	8147640	31750	531	32677	86000
1787048878	request	9504	28051964	28047611	61788	22029651968	2951934	444880	20881300	8147640	31750	531	32677	84000
1787048880	request	9506	28051964	28047612	61788	22029651968	2951934	444880	20882412	8147640	31750	531	32677	84000
1787048881	request	9507	28051964	28047611	61788	22029651968	2951934	444880	20882216	8147640	31750	531	32677	84000
1787048882	request	9508	28051964	28047612	61788	22029651968	2951934	444880	20881852	8147640	31750	531	32677	83000
1787048884	request	9510	28051964	28047611	61788	22029651968	2951934	444880	20882008	8147640	31750	531	32677	84000
1787048885	request	9511	28051964	28047611	61788	22029651968	2951934	444880	20881876	8147640	31750	531	32677	84000
1787048886	request	9512	28051964	28047611	61788	22029651968	2951934	444880	20881544	8147640	31750	531	32677	83000
1787048888	request	9514	28051964	28047612	61788	22029651968	2951934	444880	20881544	8147640	31750	531	32677	84000
1787048889	request	9515	28051964	28047611	61788	22029651968	2951934	444880	20881128	8147640	31750	531	32677	84000
1787048890	request	9516	28051964	28047613	61788	22029651968	2951934	444880	20880876	8147640	31750	531	32677	84000
1787048891	request	9517	28051964	28047612	61788	22029651968	2951934	444880	20880372	8147640	31750	531	32677	90000
1787048893	request	9519	28051964	28047612	61788	22029651968	2951934	444880	20882720	8147640	31750	531	32677	87000
1787048894	request	9520	28051964	28047611	61788	22029651968	2951934	444880	20883488	8147640	31750	531	32677	83000
1787048895	request	9521	28051964	28047611	61788	22029651968	2951934	444880	20882996	8147640	31750	531	32677	86000
1787048897	request	9523	28051964	28047612	61788	22029651968	2951934	444880	20884072	8147640	31750	531	32677	83000
1787048898	request	9524	28051964	28047612	61788	22029651968	2951934	444880	20884072	8147640	31750	531	32677	83000
1787048899	request	9525	28051964	28047611	61788	22029651968	2951934	444880	20884072	8147640	31750	531	32677	90000
1787048901	request	9527	28051964	28047612	61788	22029651968	2951934	444880	20884344	8147640	31750	531	32677	89000
1787048902	request	9528	28051964	28047612	61788	22029651968	2951934	444880	20885088	8147640	31750	531	32677	85000
1787048903	request	9529	28051964	28047612	61788	22029651968	2951934	444880	20885088	8147640	31750	531	32677	84000
1787048904	request	9530	28051964	28047613	61788	22029651968	2951934	444880	20885184	8147640	31750	531	32677	85000
1787048906	request	9532	28051964	28047612	61788	22029651968	2951934	444880	20886116	8147640	31750	531	32677	87000
1787048907	request	9533	28051964	28047612	61788	22029651968	2951934	444880	20885624	8147640	31750	531	32677	89000
1787048908	request	9534	28051964	28047611	61788	22029651968	2951934	444880	20885624	8147640	31750	531	32677	82000
1787048910	request	9536	28051964	28047612	61788	22029651968	2951934	444880	20884648	8147640	31750	531	32677	83000
1787048911	request	9537	28051964	28047611	61788	22029651968	2951934	444880	20885100	8147640	31750	531	32677	83000
1787048912	request	9538	28051964	28047612	61788	22029651968	2951934	444880	20884848	8147640	31750	531	32677	83000
1787048914	request	9540	28051964	28047612	61788	22029651968	2951934	444880	20885824	8147640	31750	531	32677	84000
1787048915	request	9541	28051964	28047613	61788	22029651968	2951934	444880	20885112	8147640	31750	531	32677	85000
1787048916	request	9542	28051964	28047613	61788	22029651968	2951934	444880	20885992	8147640	31750	531	32677	83000
1787048917	request	9543	28051964	28047611	61788	22029651968	2951934	444880	20885488	8147640	31750	531	32677	83000
1787048919	request	9545	28051964	28047612	61788	22029651968	2951934	444880	20886512	8147640	31750	531	32677	83000
1787048920	request	9546	28051964	28047611	61788	22029651968	2951934	444880	20886384	8147640	31750	531	32677	83000
1787048921	request	9547	28051964	28047611	61788	22029651968	2951934	444880	20886132	8147640	31750	531	32677	87000
1787048923	request	9549	28051964	28047612	61788	22029651968	2951934	444880	20886132	8147640	31750	531	32677	87000
1787048924	request	9550	28051964	28047612	61788	22029651968	2951934	444880	20885136	8147640	31750	531	32677	84000
1787048925	request	9551	28051964	28047612	61788	22029651968	2951934	444880	20884896	8147640	31750	531	32677	83000
1787048926	request	9552	28051964	28047612	61788	22029651968	2951934	444880	20884896	8147640	31750	531	32677	83000
1787048928	request	9554	28051964	28047612	61788	22029651968	2951934	444880	20885152	8147640	31750	531	32677	84000
1787048929	request	9555	28051964	28047612	61788	22029651968	2951934	444880	20884896	8147640	31750	531	32677	88000
1787048930	request	9556	28051964	28047612	61788	22029651968	2951934	444880	20884168	8147640	31750	531	32677	88000
1787048932	request	9558	28051964	28047611	61788	22029651968	2951934	444880	20884224	8147640	31750	531	32677	83000
1787048933	request	9559	28051964	28047612	61788	22029651968	2951934	444880	20884584	8147640	31750	531	32677	83000
1787048934	request	9560	28051964	28047612	61788	22029651968	2951934	444880	20883696	8147640	31750	531	32677	83000
1787048936	request	9562	28051964	28047611	61788	22029651968	2951934	444880	20885020	8147640	31750	531	32677	83000
1787048937	request	9563	28051964	28047613	61788	22029651968	2951934	444880	20885132	8147640	31750	531	32677	93000
1787048938	request	9564	28051964	28047613	61788	22029651968	2951934	444880	20885488	8147640	31750	531	32677	93000
1787048939	request	9565	28051964	28047612	61788	22029651968	2951934	444880	20885488	8147640	31750	531	32677	84000
1787048941	request	9567	28051964	28047613	61788	22029651968	2951934	444880	20884560	8147640	31750	531	32677	84000
1787048942	request	9568	28051964	28047612	61788	22029651968	2951934	444880	20883844	8147640	31750	531	32677	84000
1787048943	request	9569	28051964	28047611	61788	22029651968	2951934	444880	20883844	8147640	31750	531	32677	84000
1787048945	request	9571	28051964	28047611	61788	22029651968	2951934	444880	20883844	8147640	31750	531	32677	88000
1787048946	request	9572	28051964	28047613	61788	22029651968	2951934	444880	20883844	8147640	31750	531	32677	90000
1787048947	request	9573	28051964	28047612	61788	22029651968	2951934	444880	20884804	8147640	31750	531	32677	83000
1787048948	request	9574	28051964	28047613	61788	22029651968	2951934	444880	20884312	8147640	31750	531	32677	84000
1787048950	request	9576	28051964	28047613	61788	22029651968	2951934	444880	20883316	8147640	31750	531	32677	87000
1787048951	request	9577	28051964	28047613	61788	22029651968	2951934	444880	20883060	8147640	31750	531	32677	84000
1787048952	request	9578	28051964	28047611	61788	22029651968	2951934	444880	20882808	8147640	31750	531	32677	90000
1787048954	request	9580	28051964	28047611	61788	22029651968	2951934	444880	20881812	8147640	31750	531	32677	93000
1787048955	request	9581	28051964	28047612	61788	22029651968	2951934	444880	20881812	8147640	31750	531	32677	83000
1787048956	request	9582	28051964	28047611	61788	22029651968	2951934	444880	20881812	8147640	31750	531	32677	83000
1787048957	request	9583	28051964	28047612	61788	22029651968	2951934	444880	20881812	8147640	31750	531	32677	86000
1787048959	request	9585	28051964	28047611	61788	22029651968	2951934	444880	20881812	8147640	31750	531	32677	84000
1787048960	request	9586	28051964	28047612	61788	22029651968	2951934	444880	20883560	8147640	31750	531	32677	89000
1787048961	request	9587	28051964	28047612	61788	22029651968	2951934	444880	20883560	8147640	31750	531	32677	86000
1787048963	request	9589	28051964	28047611	61788	22029651968	2951934	444880	20884340	8147640	31750	531	32677	84000
1787048964	request	9590	28051964	28047612	61788	22029651968	2951934	444880	20884088	8147640	31750	531	32677	84000
1787048965	request	9591	28051964	28047611	61788	22029651968	2951934	444880	20884092	8147640	31750	531	32677	84000
1787048967	request	9593	28051964	28047612	61788	22029651968	2951934	444880	20884396	8147640	31750	531	32677	82000
1787048968	request	9594	28052092	28047741	61788	22029651968	2951966	444880	20884332	8147640	31750	531	32677	92000
1787048969	request	9595	28052092	28047740	61788	22029651968	2951966	444880	20884100	8147640	31750	531	32677	83000
1787048970	request	9596	28052092	28047740	61788	22029651968	2951966	444880	20883912	8147640	31750	531	32677	86000
1787048972	request	9598	28052092	28047739	61788	22029651968	2951966	444880	20884140	8147640	31750	531	32677	83000
1787048973	request	9599	28052092	28047740	61788	22029651968	2951966	444880	20884344	8147640	31750	531	32677	84000
1787048974	request	9600	28052092	28047741	61788	22029651968	2951966	444880	20883716	8147640	31750	531	32677	81000
1787048975	request	9601	28052092	28047740	61788	22029651968	2951966	444880	20884204	8147640	31750	531	32677	86000
1787048977	request	9603	28052092	28047741	61788	22029651968	2951966	444880	20884264	8147640	31750	531	32677	84000
1787048978	request	9604	28052092	28047740	61788	22029651968	2951966	444880	20884092	8147640	31750	531	32677	84000
1787048979	request	9605	28052092	28047739	61788	22029651968	2951966	444880	20883112	8147640	31750	531	32677	84000
1787048981	request	9607	28052092	28047741	61788	22029651968	2951966	444880	20883340	8147640	31750	531	32677	85000
1787048982	request	9608	28052092	28047739	61788	22029651968	2951966	444880	20882892	8147640	31750	531	32677	85000
1787048983	request	9609	28052092	28047741	61788	22029651968	2951966	444880	20882892	8147640	31750	531	32677	87000
1787048985	request	9611	28052092	28047739	61788	22029651968	2951966	444880	20882892	8147640	31750	531	32677	84000
1787048986	request	9612	28052092	28047740	61788	22029651968	2951966	444880	20883164	8147640	31750	531	32677	84000
1787048987	request	9613	28052092	28047740	61788	22029651968	2951966	444880	20883580	8147640	31750	531	32677	85000
1787048988	request	9614	28052092	28047739	61788	22029651968	2951966	444880	20883580	8147640	31750	531	32677	86000
1787048990	request	9616	28052092	28047740	61788	22029651968	2951966	444880	20885372	8147640	31750	531	32677	89000
1787048991	request	9617	28052092	28047740	61788	22029651968	2951966	444880	20885672	8147640	31750	531	32677	88000
1787048992	request	9618	28052092	28047740	61788	22029651968	2951966	444880	20885420	8147640	31750	531	32677	84000
1787048994	request	9620	28052092	28047739	61788	22029651968	2951966	444880	20885924	8147640	31750	531	32677	84000
1787048995	request	9621	28052092	28047740	61788	22029651968	2951966	444880	20885672	8147640	31750	531	32677	85000
1787048996	request	9622	28052092	28047739	61788	22029651968	2951966	444880	20886212	8147640	31750	531	32677	86000
1787048998	request	9624	28052092	28047739	61788	22029651968	2951966	444880	20885808	8147640	31750	531	32677	89000
1787048999	request	9625	28052092	28047740	61788	22029651968	2951966	444880	20886116	8147640	31750	531	32677	86000
1787049000	request	9626	28052092	28047739	61788	22029651968	2951966	444880	20886212	8147640	31750	531	32677	83000
1787049001	request	9627	28052092	28047739	61788	22029651968	2951966	444880	20886464	8147640	31750	531	32677	84000
1787049003	request	9629	28052092	28047740	61788	22029651968	2951966	444880	20885468	8147640	31750	531	32677	85000
1787049004	request	9630	28052092	28047739	61788	22029651968	2951966	444880	20884612	8147640	31750	531	32677	89000
1787049005	request	9631	28052092	28047740	61788	22029651968	2951966	444880	20884976	8147640	31750	531	32677	86000
1787049007	request	9633	28052092	28047740	61788	22029651968	2951966	444880	20884380	8147640	31750	531	32677	88000
1787049008	request	9634	28052092	28047741	61788	22029651968	2951966	444880	20884656	8147640	31750	531	32677	83000
1787049009	request	9635	28052092	28047740	61788	22029651968	2951966	444880	20883760	8147640	31750	531	32677	87000
1787049011	request	9637	28052092	28047739	61788	22029651968	2951966	444880	20885092	8147640	31750	531	32677	84000
1787049012	request	9638	28052092	28047740	61788	22029651968	2951966	444880	20884148	8147676	31759	531	32686	87000
1787049013	request	9639	28052092	28047739	61788	22029651968	2951966	444880	20883376	8147680	31760	531	32687	87000
1787049014	request	9640	28052092	28047740	61788	22029651968	2951966	444880	20883376	8147680	31760	531	32687	94000
1787049016	request	9642	28052092	28047739	61788	22029651968	2951966	444880	20883124	8147680	31760	531	32687	83000
1787049017	request	9643	28052092	28047740	61788	22029651968	2951966	444880	20883124	8147680	31760	531	32687	83000
1787049018	request	9644	28052092	28047740	61788	22029651968	2951966	444880	20883124	8147680	31760	531	32687	86000
1787049020	request	9646	28052092	28047739	61788	22029651968	2951966	444880	20884660	8147680	31760	531	32687	84000
1787049021	request	9647	28052092	28047740	61788	22029651968	2951966	444880	20885736	8147680	31760	531	32687	90000
1787049022	request	9648	28052092	28047739	61788	22029651968	2951966	444880	20885672	8147680	31760	531	32687	90000
1787049023	request	9649	28052092	28047739	61788	22029651968	2951966	444880	20885388	8147680	31760	531	32687	86000
1787049025	request	9651	28052092	28047739	61788	22029651968	2951966	444880	20885768	8147680	31760	531	32687	84000
1787049026	request	9652	28052092	28047739	61788	22029651968	2951966	444880	20885276	8147680	31760	531	32687	85000
1787049027	request	9653	28052092	28047740	61788	22029651968	2951966	444880	20885024	8147680	31760	531	32687	89000
1787049029	request	9655	28052092	28047741	61788	22029651968	2951966	444880	20884532	8147680	31760	531	32687	89000
1787049030	request	9656	28052092	28047740	61788	22029651968	2951966	444880	20884724	8147680	31760	531	32687	84000
1787049031	request	9657	28052092	28047739	61788	22029651968	2951966	444880	20885392	8147680	31760	531	32687	84000
1787049033	request	9659	28052092	28047740	61788	22029651968	2951966	444880	20884888	8147680	31760	531	32687	83000
1787049034	request	9660	28052092	28047740	61788	22029651968	2951966	444880	20885276	8147680	31760	531	32687	86000
1787049035	request	9661	28052092	28047740	61788	22029651968	2951966	444880	20885484	8147680	31760	531	32687	89000
1787049036	request	9662	28052092	28047740	61788	22029651968	2951966	444880	20885484	8147680	31760	531	32687	84000
1787049038	request	9664	28052092	28047739	61788	22029651968	2951966	444880	20885308	8147680	31760	531	32687	83000
1787049039	request	9665	28052092	28047740	61788	22029651968	2951966	444880	20884264	8147680	31760	531	32687	83000
1787049040	request	9666	28052092	28047740	61788	22029651968	2951966	444880	20884284	8147680	31760	531	32687	83000
1787049042	request	9668	28052092	28047740	61788	22029651968	2951966	444880	20883768	8147680	31760	531	32687	83000
1787049043	request	9669	28052092	28047739	61788	22029651968	2951966	444880	20884544	8147680	31760	531	32687	86000
1787049044	request	9670	28052092	28047739	61788	22029651968	2951966	444880	20884320	8147680	31760	531	32687	89000
1787049045	request	9671	28052092	28047740	61788	22029651968	2951966	444880	20886088	8147680	31760	531	32687	84000
1787049047	request	9673	28052092	28047739	61788	22029651968	2951966	444880	20885892	8147680	31760	531	32687	83000
1787049048	request	9674	28052092	28047740	61788	22029651968	2951966	444880	20885592	8147680	31760	531	32687	84000
1787049049	request	9675	28052092	28047740	61788	22029651968	2951966	444880	20885304	8147680	31760	531	32687	82000
1787049051	request	9677	28052092	28047740	61788	22029651968	2951966	444880	20885932	8147680	31760	531	32687	85000
1787049052	request	9678	28052092	28047740	61788	22029651968	2951966	444880	20884432	8147680	31760	531	32687	90000
1787049053	request	9679	28052092	28047739	61788	22029651968	2951966	444880	20883672	8147680	31760	531	32687	84000
1787049054	request	9680	28052092	28047740	61788	22029651968	2951966	444880	20883508	8147680	31760	531	32687	86000
1787049056	request	9682	28052092	28047740	61788	22029651968	2951966	444880	20883240	8147680	31760	531	32687	84000
1787049057	request	9683	28052092	28047740	61788	22029651968	2951966	444880	20883352	8147680	31760	531	32687	84000
1787049058	request	9684	28052092	28047741	61788	22029651968	2951966	444880	20884420	8147680	31760	531	32687	87000
1787049059	request	9685	28052092	28047740	61788	22029651968	2951966	444880	20883956	8147680	31760	531	32687	88000
1787049061	request	9687	28052092	28047740	61788	22029651968	2951966	444880	20884844	8147680	31760	531	32687	83000
1787049062	request	9688	28052092	28047740	61788	22029651968	2951966	444880	20884592	8147680	31760	531	32687	87000
1787049063	request	9689	28052092	28047742	61788	22029651968	2951966	444880	20884596	8147680	31760	531	32687	83000
1787049065	request	9691	28052092	28047740	61788	22029651968	2951966	444880	20884188	8147680	31760	531	32687	83000
1787049066	request	9692	28052092	28047741	61788	22029651968	2951966	444880	20883936	8147680	31760	531	32687	86000
1787049067	request	9693	28052092	28047740	61788	22029651968	2951966	444880	20883688	8147680	31760	531	32687	85000
1787049068	request	9694	28052092	28047740	61788	22029651968	2951966	444880	20883512	8147680	31760	531	32687	83000
1787049070	request	9696	28052092	28047741	61788	22029651968	2951966	444880	20883948	8147680	31760	531	32687	84000
1787049071	request	9697	28052092	28047741	61788	22029651968	2951966	444880	20883248	8147680	31760	531	32687	83000
1787049072	request	9698	28052092	28047741	61788	22029651968	2951966	444880	20883008	8147680	31760	531	32687	84000
1787049074	request	9700	28052092	28047740	61788	22029651968	2951966	444880	20883008	8147680	31760	531	32687	89000
1787049075	request	9701	28052092	28047741	61788	22029651968	2951966	444880	20883008	8147680	31760	531	32687	90000
1787049076	request	9702	28052092	28047740	61788	22029651968	2951966	444880	20882768	8147680	31760	531	32687	83000
1787049078	request	9704	28052092	28047740	61788	22029651968	2951966	444880	20882516	8147680	31760	531	32687	84000
1787049079	request	9705	28052092	28047741	61788	22029651968	2951966	444880	20882992	8147680	31760	531	32687	87000
1787049080	request	9706	28052092	28047741	61788	22029651968	2951966	444880	20883100	8147680	31760	531	32687	84000
1787049081	request	9707	28052092	28047739	61788	22029651968	2951966	444880	20883236	8147680	31760	531	32687	89000
1787049083	request	9709	28052092	28047741	61788	22029651968	2951966	444880	20883240	8147680	31760	531	32687	87000
1787049084	request	9710	28052092	28047740	61788	22029651968	2951966	444880	20883220	8147680	31760	531	32687	85000
1787049085	request	9711	28052092	28047740	61788	22029651968	2951966	444880	20882716	8147680	31760	531	32687	84000
1787049087	request	9713	28052092	28047740	61788	22029651968	2951966	444880	20882564	8147680	31760	531	32687	86000
1787049088	request	9714	28052092	28047740	61788	22029651968	2951966	444880	20881044	8147680	31760	531	32687	85000
1787049089	request	9715	28052092	28047933	61788	22029651968	2952006	444880	20883632	8147680	31760	531	32687	89000
1787049091	request	9717	28052432	28048079	61788	22029651968	2952006	444880	20883448	8147680	31760	531	32687	89000
1787049092	request	9718	28052432	28048080	61788	22029651968	2952006	444880	20883448	8147680	31760	531	32687	84000
1787049093	request	9719	28052432	28048079	61788	22029651968	2952006	444880	20882944	8147680	31760	531	32687	83000
1787049094	request	9720	28052432	28048080	61788	22029651968	2952006	444880	20885044	8147680	31760	531	32687	84000
1787049096	request	9722	28052432	28048080	61788	22029651968	2952006	444880	20884384	8147680	31760	531	32687	83000
1787049097	request	9723	28052432	28048079	61788	22029651968	2952006	444880	20884384	8147680	31760	531	32687	93000
1787049098	request	9724	28052432	28048080	61788	22029651968	2952006	444880	20884132	8147680	31760	531	32687	86000
1787049100	request	9726	28052432	28048081	61788	22029651968	2952006	444880	20884296	8147680	31760	531	32687	84000
1787049101	request	9727	28052432	28048081	61788	22029651968	2952006	444880	20884436	8147680	31760	531	32687	87000
1787049102	request	9728	28052432	28048080	61788	22029651968	2952006	444880	20883820	8147684	31761	531	32688	89000
1787049103	request	9729	28052432	28048079	61788	22029651968	2952006	444880	20882724	8147684	31761	531	32688	85000
1787049105	request	9731	28052432	28048079	61788	22029651968	2952006	444880	20883384	8147684	31761	531	32688	89000
1787049106	request	9732	28052432	28048080	61788	22029651968	2952006	444880	20883384	8147684	31761	531	32688	89000
1787049107	request	9733	28052432	28048080	61788	22029651968	2952006	444880	20884404	8147684	31761	531	32688	84000
1787049109	request	9735	28052432	28048081	61788	22029651968	2952006	444880	20884564	8147684	31761	531	32688	85000
1787049110	request	9736	28052432	28048079	61788	22029651968	2952006	444880	20884168	8147684	31761	531	32688	83000
1787049111	request	9737	28052432	28048079	61788	22029651968	2952006	444880	20883916	8147684	31761	531	32688	85000
1787049113	request	9739	28052432	28048079	61788	22029651968	2952006	444880	20883664	8147684	31761	531	32688	89000
1787049114	request	9740	28052432	28048080	61788	22029651968	2952006	444880	20884040	8147684	31761	531	32688	90000
1787049115	request	9741	28052432	28048079	61788	22029651968	2952006	444880	20883676	8147684	31761	531	32688	86000
1787049116	request	9742	28052432	28048080	61788	22029651968	2952006	444880	20882688	8147684	31761	531	32688	84000
1787049118	request	9744	28052432	28048080	61788	22029651968	2952006	444880	20882336	8147684	31761	531	32688	86000
1787049119	request	9745	28052432	28048079	61788	22029651968	2952006	444880	20881752	8147684	31761	531	32688	89000
1787049120	request	9746	28052432	28048080	61788	22029651968	2952006	444880	20881740	8147684	31761	531	32688	87000
1787049122	request	9748	28052432	28048079	61788	22029651968	2952006	444880	20881740	8147684	31761	531	32688	89000
1787049123	request	9749	28052432	28048079	61788	22029651968	2952006	444880	20881992	8147684	31761	531	32688	85000
1787049124	request	9750	28052432	28048080	61788	22029651968	2952006	444880	20881912	8147684	31761	531	32688	83000
1787049126	request	9752	28052432	28048079	61788	22029651968	2952006	444880	20883640	8147684	31761	531	32688	84000
1787049127	request	9753	28052432	28048079	61788	22029651968	2952006	444880	20884276	8147684	31761	531	32688	91000
1787049128	request	9754	28052432	28048081	61788	22029651968	2952006	444880	20884284	8147684	31761	531	32688	91000
1787049129	request	9755	28052432	28048079	61788	22029651968	2952006	444880	20884032	8147684	31761	531	32688	90000
1787049131	request	9757	28052432	28048079	61788	22029651968	2952006	444880	20883792	8147684	31761	531	32688	83000
1787049132	request	9758	28052432	28048079	61788	22029651968	2952006	444880	20883568	8147684	31761	531	32688	85000
1787049133	request	9759	28052432	28048080	61788	22029651968	2952006	444880	20883928	8147684	31761	531	32688	86000
1787049134	request	9760	28052432	28048079	61788	22029651968	2952006	444880	20884848	8147684	31761	531	32688	84000
1787049136	request	9762	28052432	28048079	61788	22029651968	2952006	444880	20883912	8147684	31761	531	32688	83000
1787049137	request	9763	28052432	28048079	61788	22029651968	2952006	444880	20883408	8147684	31761	531	32688	92000
1787049138	request	9764	28052432	28048079	61788	22029651968	2952006	444880	20884316	8147684	31761	531	32688	84000
1787049140	request	9766	28052432	28048080	61788	22029651968	2952006	444880	20883812	8147684	31761	531	32688	83000
1787049141	request	9767	28052432	28048080	61788	22029651968	2952006	444880	20883560	8147684	31761	531	32688	84000
1787049142	request	9768	28052432	28048079	61788	22029651968	2952006	444880	20883560	8147684	31761	531	32688	89000
1787049143	request	9769	28052432	28048079	61788	22029651968	2952006	444880	20883916	8147688	31762	531	32689	89000
1787049145	request	9771	28052432	28048081	61788	22029651968	2952006	444880	20883996	8147688	31762	531	32689	90000
1787049146	request	9772	28052432	28048079	61788	22029651968	2952006	444880	20883252	8147688	31762	531	32689	86000
1787049147	request	9773	28052432	28048079	61788	22029651968	2952006	444880	20882776	8147688	31762	531	32689	84000
1787049149	request	9775	28052432	28048079	61788	22029651968	2952006	444880	20883280	8147688	31762	531	32689	84000
1787049150	request	9776	28052432	28048079	61788	22029651968	2952006	444880	20883424	8147688	31762	531	32689	88000
1787049151	request	9777	28052432	28048079	61788	22029651968	2952006	444880	20882284	8147688	31762	531	32689	88000
1787049153	request	9779	28052432	28048080	61788	22029651968	2952006	444880	20882988	8147688	31762	531	32689	83000
1787049154	request	9780	28052432	28048081	61788	22029651968	2952006	444880	20882988	8147688	31762	531	32689	83000
1787049155	request	9781	28052432	28048079	61788	22029651968	2952006	444880	20882988	8147688	31762	531	32689	83000
1787049156	request	9782	28052432	28048079	61788	22029651968	2952006	444880	20882764	8147688	31762	531	32689	84000
1787049158	request	9784	28052432	28048079	61788	22029651968	2952006	444880	20882400	8147688	31762	531	32689	82000
1787049159	request	9785	28052432	28048080	61788	22029651968	2952006	444880	20882172	8147688	31762	531	32689	88000
1787049160	request	9786	28052432	28048079	61788	22029651968	2952006	444880	20882416	8147688	31762	531	32689	83000
1787049162	request	9788	28052432	28048079	61788	22029651968	2952006	444880	20882036	8147688	31762	531	32689	84000
1787049163	request	9789	28052432	28048079	61788	22029651968	2952006	444880	20882036	8147688	31762	531	32689	83000
1787049164	request	9790	28052432	28048079	61788	22029651968	2952006	444880	20882400	8147688	31762	531	32689	84000
1787049165	request	9791	28052432	28048079	61788	22029651968	2952006	444880	20883740	8147688	31762	531	32689	88000
1787049167	request	9793	28052432	28048081	61788	22029651968	2952006	444880	20883340	8147688	31762	531	32689	85000
1787049168	request	9794	28052432	28048079	61788	22029651968	2952006	444880	20883260	8147688	31762	531	32689	82000
1787049169	request	9795	28052432	28048079	61788	22029651968	2952006	444880	20883272	8147688	31762	531	32689	87000
1787049171	request	9797	28052432	28048080	61788	22029651968	2952006	444880	20883708	8147688	31762	531	32689	84000
1787049172	request	9798	28052432	28048080	61788	22029651968	2952006	444880	20882652	8147688	31762	531	32689	83000
1787049173	request	9799	28052432	28048079	61788	22029651968	2952006	444880	20882636	8147688	31762	531	32689	84000
1787049174	request	9800	28052432	28048080	61788	22029651968	2952006	444880	20882536	8147688	31762	531	32689	88000
1787049176	request	9802	28052432	28048080	61788	22029651968	2952006	444880	20882508	8147688	31762	531	32689	83000
1787049177	request	9803	28052432	28048079	61788	22029651968	2952006	444880	20882508	8147688	31762	531	32689	86000
1787049178	request	9804	28052432	28048081	61788	22029651968	2952006	444880	20882256	8147688	31762	531	32689	84000
1787049180	request	9806	28052432	28048080	61788	22029651968	2952006	444880	20881500	8147688	31762	531	32689	84000
1787049181	request	9807	28052432	28048079	61788	22029651968	2952006	444880	20881120	8147688	31762	531	32689	88000
1787049182	request	9808	28052432	28048080	61788	22029651968	2952006	444880	20881492	8147688	31762	531	32689	89000
1787049183	request	9809	28052432	28048081	61788	22029651968	2952006	444880	20880888	8147688	31762	531	32689	83000
1787049185	request	9811	28052432	28048079	61788	22029651968	2952006	444880	20880712	8147688	31762	531	32689	83000
1787049186	request	9812	28052432	28048079	61788	22029651968	2952006	444880	20881452	8147688	31762	531	32689	83000
1787049187	request	9813	28052432	28048079	61788	22029651968	2952006	444880	20882768	8147688	31762	531	32689	87000
1787049189	request	9815	28052432	28048079	61788	22029651968	2952006	444880	20882464	8147688	31762	531	32689	87000
1787049190	request	9816	28052432	28048080	61788	22029651968	2952006	444880	20882992	8147688	31762	531	32689	90000
1787049191	request	9817	28052432	28048081	61788	22029651968	2952006	444880	20882236	8147688	31762	531	32689	88000
1787049192	request	9818	28052432	28048080	61788	22029651968	2952006	444880	20882576	8147688	31762	531	32689	83000
1787049194	request	9820	28052432	28048080	61788	22029651968	2952006	444880	20880980	8147692	31763	531	32690	83000
1787049195	request	9821	28052432	28048081	61788	22029651968	2952006	444880	20880836	8147692	31763	531	32690	83000
1787049196	request	9822	28052432	28048081	61788	22029651968	2952006	444880	20880836	8147692	31763	531	32690	86000
1787049198	request	9824	28052432	28048080	61788	22029651968	2952006	444880	20880588	8147692	31763	531	32690	90000
1787049199	request	9825	28052432	28048081	61788	22029651968	2952006	444880	20880084	8147692	31763	531	32690	87000
1787049200	request	9826	28052432	28048081	61788	22029651968	2952006	444880	20879368	8147692	31763	531	32690	83000
1787049201	request	9827	28052432	28048082	61788	22029651968	2952006	444880	20879404	8147692	31763	531	32690	84000
1787049203	request	9829	28052432	28048082	61788	22029651968	2952006	444880	20879404	8147692	31763	531	32690	84000
1787049204	request	9830	28052432	28048081	61788	22029651968	2952006	444880	20878944	8147692	31763	531	32690	88000
1787049205	request	9831	28052432	28048081	61788	22029651968	2952006	444880	20878892	8147692	31763	531	32690	90000
1787049207	request	9833	28052432	28048082	61788	22029651968	2952006	444880	20879132	8147692	31763	531	32690	89000
1787049208	request	9834	28052432	28048080	61788	22029651968	2952006	444880	20879316	8147692	31763	531	32690	83000
1787049209	request	9835	28052432	28048082	61788	22029651968	2952006	444880	20879076	8147692	31763	531	32690	84000
1787049211	request	9837	28052432	28048080	61788	22029651968	2952006	444880	20879076	8147692	31763	531	32690	83000
1787049212	request	9838	28052432	28048081	61788	22029651968	2952006	444880	20878824	8147692	31763	531	32690	90000
1787049213	request	9839	28052624	28048272	61788	22029651968	2952039	444880	20880280	8147692	31763	531	32690	93000
1787049214	request	9840	28052624	28048273	61788	22029651968	2952039	444880	20880356	8147692	31763	531	32690	84000
1787049216	request	9842	28052624	28048274	61788	22029651968	2952039	444880	20879600	8147692	31763	531	32690	83000
1787049217	request	9843	28052624	28048274	61788	22029651968	2952039	444880	20879348	8147692	31763	531	32690	83000
1787049218	request	9844	28052624	28048273	61788	22029651968	2952039	444880	20879844	8147692	31763	531	32690	84000
1787049220	request	9846	28052624	28048274	61788	22029651968	2952039	444880	20882024	8147692	31763	531	32690	86000
1787049221	request	9847	28052624	28048273	61788	22029651968	2952039	444880	20882480	8147692	31763	531	32690	90000
1787049222	request	9848	28052624	28048272	61788	22029651968	2952039	444880	20882480	8147692	31763	531	32690	86000
1787049224	request	9850	28052624	28048272	61788	22029651968	2952039	444880	20883112	8147692	31763	531	32690	83000
1787049225	request	9851	28052624	28048272	61788	22029651968	2952039	444880	20882852	8147692	31763	531	32690	83000
1787049226	request	9852	28052624	28048273	61788	22029651968	2952039	444880	20882852	8147692	31763	531	32690	84000
1787049227	request	9853	28052624	28048272	61788	22029651968	2952039	444880	20882904	8147692	31763	531	32690	88000
1787049229	request	9855	28052624	28048274	61788	22029651968	2952039	444880	20884024	8147692	31763	531	32690	85000
1787049230	request	9856	28052624	28048272	61788	22029651968	2952039	444880	20883660	8147692	31763	531	32690	82000
1787049231	request	9857	28052624	28048273	61788	22029651968	2952039	444880	20883832	8147692	31763	531	32690	83000
1787049233	request	9859	28052624	28048272	61788	22029651968	2952039	444880	20882936	8147692	31763	531	32690	82000
1787049234	request	9860	28052624	28048272	61788	22029651968	2952039	444880	20882572	8147692	31763	531	32690	84000
1787049235	request	9861	28052624	28048272	61788	22029651968	2952039	444880	20882712	8147692	31763	531	32690	88000
1787049237	request	9863	28052624	28048273	61788	22029651968	2952039	444880	20882460	8147692	31763	531	32690	87000
1787049238	request	9864	28052624	28048274	61788	22029651968	2952039	444880	20882460	8147692	31763	531	32690	83000
1787049239	request	9865	28052624	28048272	61788	22029651968	2952039	444880	20882460	8147692	31763	531	32690	83000
1787049240	request	9866	28052624	28048272	61788	22029651968	2952039	444880	20882220	8147692	31763	531	32690	87000
1787049242	request	9868	28052624	28048274	61788	22029651968	2952039	444880	20882688	8147692	31763	531	32690	83000
1787049243	request	9869	28052624	28048273	61788	22029651968	2952039	444880	20883056	8147692	31763	531	32690	85000
1787049244	request	9870	28052624	28048272	61788	22029651968	2952039	444880	20883276	8147692	31763	531	32690	85000
1787049246	request	9872	28052624	28048274	61788	22029651968	2952039	444880	20883576	8147692	31763	531	32690	83000
1787049247	request	9873	28052624	28048272	61788	22029651968	2952039	444880	20883464	8147692	31763	531	32690	83000
1787049248	request	9874	28052624	28048273	61788	22029651968	2952039	444880	20883464	8147692	31763	531	32690	84000
1787049249	request	9875	28052624	28048273	61788	22029651968	2952039	444880	20883948	8147692	31763	531	32690	84000
1787049251	request	9877	28052624	28048272	61788	22029651968	2952039	444880	20884528	8147692	31763	531	32690	89000
1787049252	request	9878	28052624	28048273	61788	22029651968	2952039	444880	20884564	8147692	31763	531	32690	89000
1787049253	request	9879	28052624	28048272	61788	22029651968	2952039	444880	20884312	8147692	31763	531	32690	82000
1787049255	request	9881	28052624	28048273	61788	22029651968	2952039	444880	20884312	8147692	31763	531	32690	84000
1787049256	request	9882	28052624	28048274	61788	22029651968	2952039	444880	20884312	8147692	31763	531	32690	84000
1787049257	request	9883	28052624	28048273	61788	22029651968	2952039	444880	20884312	8147692	31763	531	32690	83000
1787049259	request	9885	28052624	28048272	61788	22029651968	2952039	444880	20884312	8147692	31763	531	32690	87000
1787049260	request	9886	28052624	28048273	61788	22029651968	2952039	444880	20883048	8147692	31763	531	32690	89000
1787049261	request	9887	28052624	28048272	61788	22029651968	2952039	444880	20883048	8147692	31763	531	32690	83000
1787049262	request	9888	28052624	28048272	61788	22029651968	2952039	444880	20882792	8147692	31763	531	32690	83000
1787049264	request	9890	28052624	28048272	61788	22029651968	2952039	444880	20882412	8147692	31763	531	32690	83000
1787049265	request	9891	28052624	28048274	61788	22029651968	2952039	444880	20881132	8147692	31763	531	32690	83000
1787049266	request	9892	28052624	28048273	61788	22029651968	2952039	444880	20881132	8147692	31763	531	32690	84000
1787049268	request	9894	28052624	28048274	61788	22029651968	2952039	444880	20881484	8147692	31763	531	32690	85000
1787049269	request	9895	28052624	28048273	61788	22029651968	2952039	444880	20881340	8147692	31763	531	32690	84000
1787049270	request	9896	28052624	28048272	61788	22029651968	2952039	444880	20880584	8147692	31763	531	32690	84000
1787049271	request	9897	28052624	28048272	61788	22029651968	2952039	444880	20880344	8147692	31763	531	32690	83000
1787049273	request	9899	28052624	28048273	61788	22029651968	2952039	444880	20880344	8147692	31763	531	32690	84000
1787049274	request	9900	28052624	28048273	61788	22029651968	2952039	444880	20880424	8147692	31763	531	32690	88000
1787049275	request	9901	28052624	28048272	61788	22029651968	2952039	444880	20880424	8147692	31763	531	32690	89000
1787049277	request	9903	28052624	28048272	61788	22029651968	2952039	444880	20880696	8147692	31763	531	32690	84000
1787049278	request	9904	28052624	28048274	61788	22029651968	2952039	444880	20880052	8147692	31763	531	32690	84000
1787049279	request	9905	28052624	28048273	61788	22029651968	2952039	444880	20880052	8147692	31763	531	32690	86000
1787049281	request	9907	28052624	28048272	61788	22029651968	2952039	444880	20879044	8147692	31763	531	32690	85000
1787049282	request	9908	28052624	28048274	61788	22029651968	2952039	444880	20879392	8147692	31763	531	32690	85000
1787049283	request	9909	28052624	28048273	61788	22029651968	2952039	444880	20879216	8147692	31763	531	32690	83000
1787049284	request	9910	28052624	28048272	61788	22029651968	2952039	444880	20878724	8147692	31763	531	32690	84000
1787049286	request	9912	28052624	28048272	61788	22029651968	2952039	444880	20878632	8147692	31763	531	32690	84000
1787049287	request	9913	28052624	28048274	61788	22029651968	2952039	444880	20878632	8147692	31763	531	32690	83000
1787049288	request	9914	28052624	28048273	61788	22029651968	2952039	444880	20878632	8147692	31763	531	32690	87000
1787049290	request	9916	28052624	28048273	61788	22029651968	2952039	444880	20879872	8147692	31763	531	32690	86000
1787049291	request	9917	28052624	28048272	61788	22029651968	2952039	444880	20879316	8147692	31763	531	32690	85000
1787049292	request	9918	28052624	28048273	61788	22029651968	2952039	444880	20879316	8147692	31763	531	32690	86000
1787049294	request	9920	28052624	28048274	61788	22029651968	2952039	444880	20879316	8147692	31763	531	32690	85000
1787049295	request	9921	28052624	28048274	61788	22029651968	2952039	444880	20879316	8147692	31763	531	32690	84000
1787049296	request	9922	28052624	28048273	61788	22029651968	2952039	444880	20879316	8147692	31763	531	32690	83000
1787049298	request	9924	28052624	28048272	61788	22029651968	2952039	444880	20879220	8147692	31763	531	32690	89000
1787049299	request	9925	28052624	28048274	61788	22029651968	2952039	444880	20879256	8147692	31763	531	32690	90000
1787049300	request	9926	28052624	28048272	61788	22029651968	2952039	444880	20878860	8147692	31763	531	32690	86000
1787049301	request	9927	28052624	28048273	61788	22029651968	2952039	444880	20879396	8147692	31763	531	32690	87000
1787049303	request	9929	28052624	28048273	61788	22029651968	2952039	444880	20880220	8147692	31763	531	32690	83000
1787049304	request	9930	28052624	28048274	61788	22029651968	2952039	444880	20879856	8147692	31763	531	32690	88000
1787049305	request	9931	28052624	28048272	61788	22029651968	2952039	444880	20880136	8147692	31763	531	32690	86000
1787049307	request	9933	28052624	28048274	61788	22029651968	2952039	444880	20880584	8147692	31763	531	32690	89000
1787049308	request	9934	28052624	28048273	61788	22029651968	2952039	444880	20879952	8147692	31763	531	32690	83000
1787049309	request	9935	28052624	28048272	61788	22029651968	2952039	444880	20880568	8147692	31763	531	32690	84000
1787049311	request	9937	28052624	28048272	61788	22029651968	2952039	444880	20880068	8147692	31763	531	32690	84000
1787049312	request	9938	28052624	28048272	61788	22029651968	2952039	444880	20881172	8147692	31763	531	32690	86000
1787049313	request	9939	28052624	28048273	61788	22029651968	2952039	444880	20881036	8147692	31763	531	32690	90000
1787049314	request	9940	28052624	28048274	61788	22029651968	2952039	444880	20881308	8147692	31763	531	32690	86000
1787049316	request	9942	28052624	28048273	61788	22029651968	2952039	444880	20881308	8147692	31763	531	32690	83000
1787049317	request	9943	28052624	28048272	61788	22029651968	2952039	444880	20881068	8147692	31763	531	32690	83000
1787049318	request	9944	28052624	28048272	61788	22029651968	2952039	444880	20880844	8147692	31763	531	32690	83000
1787049320	request	9946	28052624	28048274	61788	22029651968	2952039	444880	20880844	8147692	31763	531	32690	86000
1787049321	request	9947	28052624	28048274	61788	22029651968	2952039	444880	20881428	8147692	31763	531	32690	89000
1787049322	request	9948	28052624	28048273	61788	22029651968	2952039	444880	20881176	8147692	31763	531	32690	84000
1787049324	request	9950	28052624	28048272	61788	22029651968	2952039	444880	20881916	8147692	31763	531	32690	82000
1787049325	request	9951	28052624	28048273	61788	22029651968	2952039	444880	20881916	8147692	31763	531	32690	83000
1787049326	request	9952	28052624	28048272	61788	22029651968	2952039	444880	20881664	8147692	31763	531	32690	83000
1787049327	request	9953	28052624	28048272	61788	22029651968	2952039	444880	20881832	8147692	31763	531	32690	84000
1787049329	request	9955	28052624	28048274	61788	22029651968	2952039	444880	20881256	8147692	31763	531	32690	93000
1787049330	request	9956	28052624	28048274	61788	22029651968	2952039	444880	20881268	8147692	31763	531	32690	83000
1787049331	request	9957	28052624	28048272	61788	22029651968	2952039	444880	20881016	8147692	31763	531	32690	84000
1787049333	request	9959	28052624	28048272	61788	22029651968	2952039	444880	20880716	8147692	31763	531	32690	83000
1787049334	request	9960	28052624	28048273	61788	22029651968	2952039	444880	20880328	8147692	31763	531	32690	83000
1787049335	request	9961	28052624	28048272	61788	22029651968	2952039	444880	20880328	8147692	31763	531	32690	87000
1787049336	request	9962	28052688	28048337	61788	22029651968	2952040	444880	20880584	8147692	31763	531	32690	88000
1787049338	request	9964	28052688	28048337	61788	22029651968	2952040	444880	20880584	8147692	31763	531	32690	83000
1787049339	request	9965	28052688	28048337	61788	22029651968	2952040	444880	20880584	8147692	31763	531	32690	82000
1787049340	request	9966	28052688	28048336	61788	22029651968	2952040	444880	20880584	8147692	31763	531	32690	86000
1787049342	request	9968	28052688	28048338	61788	22029651968	2952040	444880	20878992	8147692	31763	531	32690	84000
1787049343	request	9969	28052688	28048337	61788	22029651968	2952040	444880	20880260	8147692	31763	531	32690	84000
1787049344	request	9970	28052688	28048337	61788	22029651968	2952040	444880	20880916	8147692	31763	531	32690	90000
1787049346	request	9972	28052688	28048336	61788	22029651968	2952040	444880	20880184	8147692	31763	531	32690	84000
1787049347	request	9973	28052688	28048337	61788	22029651968	2952040	444880	20879412	8147692	31763	531	32690	83000
1787049348	request	9974	28052688	28048338	61788	22029651968	2952040	444880	20879664	8147692	31763	531	32690	83000
1787049349	request	9975	28052688	28048338	61788	22029651968	2952040	444880	20879412	8147692	31763	531	32690	83000
1787049351	request	9977	28052688	28048338	61788	22029651968	2952040	444880	20879220	8147692	31763	531	32690	87000
1787049352	request	9978	28052688	28048338	61788	22029651968	2952040	444880	20879672	8147692	31763	531	32690	88000
1787049353	request	9979	28052688	28048337	61788	22029651968	2952040	444880	20879672	8147692	31763	531	32690	84000
1787049355	request	9981	28052688	28048338	61788	22029651968	2952040	444880	20880096	8147692	31763	531	32690	84000
1787049356	request	9982	28052688	28048336	61788	22029651968	2952040	444880	20879552	8147692	31763	531	32690	85000
1787049357	request	9983	28052688	28048337	61788	22029651968	2952040	444880	20879552	8147692	31763	531	32690	84000
1787049359	request	9985	28052688	28048336	61788	22029651968	2952040	444880	20878732	8147692	31763	531	32690	88000
1787049360	request	9986	28052688	28048337	61788	22029651968	2952040	444880	20878636	8147692	31763	531	32690	88000
1787049361	request	9987	28052688	28048335	61788	22029651968	2952040	444880	20876812	8147692	31763	531	32690	83000
1787049362	request	9988	28052688	28048336	61788	22029651968	2952040	444880	20876824	8147692	31763	531	32690	83000
1787049364	request	9990	28052688	28048336	61788	22029651968	2952040	444880	20876824	8147692	31763	531	32690	83000
1787049365	request	9991	28052688	28048336	61788	22029651968	2952040	444880	20877372	8147692	31763	531	32690	84000
1787049366	request	9992	28052688	28048336	61788	22029651968	2952040	444880	20878016	8147700	31765	531	32692	81000
1787049368	request	9994	28052688	28048337	61788	22029651968	2952040	444880	20878144	8147700	31765	531	32692	89000
1787049369	request	9995	28052688	28048336	61788	22029651968	2952040	444880	20878188	8147700	31765	531	32692	83000
1787049370	request	9996	28052688	28048336	61788	22029651968	2952040	444880	20878352	8147700	31765	531	32692	83000
1787049371	request	9997	28052688	28048336	61788	22029651968	2952040	444880	20870964	8147704	31766	531	32694	86000
1787049373	request	9999	28052688	28048336	61788	22029651968	2952040	444880	20870920	8147796	31789	531	32717	86000
1787049374	request	10000	28052688	28048336	61788	22029651968	2952040	444880	20870464	8147796	31789	531	32717	84000
1787049375	request	10001	28052688	28048336	61788	22029651968	2952040	444880	20873644	8147796	31789	531	32717	86000
1787049377	request	10003	28052688	28048336	61788	22029651968	2952040	444880	20875308	8147800	31790	531	32718	84000
1787049378	request	10004	28052688	28048336	61788	22029651968	2952040	444880	20875708	8147800	31790	531	32718	84000
1787049379	request	10005	28052688	28048337	61788	22029651968	2952040	444880	20875520	8147800	31790	531	32718	88000
1787049380	request	10006	28052688	28048336	61788	22029651968	2952040	444880	20874076	8147800	31790	531	32718	83000
1787049382	request	10008	28052688	28048336	61788	22029651968	2952040	444880	20873876	8147800	31790	531	32718	87000
1787049383	request	10009	28052688	28048336	61788	22029651968	2952040	444880	20873976	8147800	31790	531	32718	94000
1787049384	request	10010	28052688	28048338	61788	22029651968	2952040	444880	20877440	8147824	31796	531	32731	86000
1787049385	request	10011	28052688	28048336	61788	22029651968	2952040	444880	20876784	8147824	31796	531	32731	86000
1787049387	request	10013	28052688	28048337	61788	22029651968	2952040	444880	20877732	8147824	31796	531	32731	84000
1787049388	request	10014	28052688	28048337	61788	22029651968	2952040	444880	20878796	8147824	31796	531	32731	82000
1787049389	request	10015	28052688	28048336	61788	22029651968	2952040	444880	20878920	8147836	31799	531	32734	86000
1787049390	request	10016	28052688	28048337	61788	22029651968	2952040	444880	20877800	8147840	31800	531	32735	81000
1787049391	request	10017	28052688	28048337	61788	22029651968	2952040	444880	20876960	8147844	31801	531	32738	87000
1787049393	request	10019	28052688	28048336	61788	22029651968	2952040	444880	20876580	8147844	31801	531	32738	83000
1787049394	request	10020	28052688	28048336	61788	22029651968	2952040	444880	20877552	8147844	31801	531	32738	84000
1787049395	request	10021	28052688	28048336	61788	22029651968	2952040	444880	20877564	8147844	31801	531	32738	87000
1787049397	request	10023	28052688	28048337	61788	22029651968	2952040	444880	20878824	8147844	31801	531	32738	83000
1787049398	request	10024	28052688	28048338	61788	22029651968	2952040	444880	20878836	8147844	31801	531	32738	86000
1787049399	request	10025	28052688	28048338	61788	22029651968	2952040	444880	20874812	8147856	31804	531	32741	90000
1787049400	request	10026	28052688	28048338	61788	22029651968	2952040	444880	20875932	8147856	31804	531	32741	86000
1787049402	request	10028	28052688	28048336	61788	22029651968	2952040	444880	20874984	8147856	31804	531	32741	83000
1787049403	request	10029	28052688	28048336	61788	22029651968	2952040	444880	20869376	8147868	31807	531	32746	87000
1787049404	request	10030	28052688	28048336	61788	22029651968	2952040	444880	20871088	8147868	31807	531	32746	89000
1787049406	request	10032	28052688	28048336	61788	22029651968	2952040	444880	20870560	8147868	31807	531	32746	87000
1787049407	request	10033	28052688	28048336	61788	22029651968	2952040	444880	20871508	8147868	31807	531	32746	88000
1787049408	request	10034	28052688	28048336	61788	22029651968	2952040	444880	20870712	8147868	31807	531	32746	83000
1787049409	request	10035	28052688	28048336	61788	22029651968	2952040	444880	20870264	8147868	31807	531	32746	84000
1787049411	request	10037	28052688	28048337	61788	22029651968	2952040	444880	20870172	8147868	31807	531	32746	83000
1787049412	request	10038	28052688	28048337	61788	22029651968	2952040	444880	20867316	8147868	31807	531	32746	84000
1787049413	request	10039	28052688	28048336	61788	22029651968	2952040	444880	20868548	8147868	31807	531	32746	87000
1787049415	request	10041	28052688	28048336	61788	22029651968	2952040	444880	20868692	8147868	31807	531	32746	93000
1787049416	request	10042	28052688	28048336	61788	22029651968	2952040	444880	20869924	8147900	31815	531	32754	83000
1787049417	request	10043	28052688	28048338	61788	22029651968	2952040	444880	20868752	8147912	31818	531	32757	83000
1787049418	request	10044	28052688	28048336	61788	22029651968	2952040	444880	20868420	8147928	31822	531	32761	83000
1787049420	request	10046	28052688	28048337	61788	22029651968	2952040	444880	20868576	8147928	31822	531	32761	88000
1787049421	request	10047	28052688	28048336	61788	22029651968	2952040	444880	20866804	8147964	31831	531	32770	92000
1787049422	request	10048	28052688	28048335	61788	22029651968	2952040	444880	20864916	8147972	31833	531	32772	93000
1787049423	request	10049	28052688	28048334	61788	22029651968	2952040	444880	20864524	8147972	31833	531	32772	85000
1787049425	request	10051	28052688	28048336	61788	22029651968	2952040	444880	20865288	8147972	31833	531	32772	84000
1787049426	request	10052	28052688	28048334	61788	22029651968	2952040	444880	20868936	8147976	31834	531	32773	84000
1787049427	request	10053	28052688	28048336	61788	22029651968	2952040	444880	20868952	8147976	31834	531	32773	83000
1787049428	request	10054	28052688	28048334	61788	22029651968	2952040	444880	20868620	8147976	31834	531	32773	94000
1787049430	request	10056	28052688	28048335	61788	22029651968	2952040	444880	20867256	8147976	31834	531	32773	84000
1787049431	request	10057	28052688	28048335	61788	22029651968	2952040	444880	20867752	8147984	31836	531	32775	83000
1787049432	request	10058	28052688	28048335	61788	22029651968	2952040	444880	20867560	8147984	31836	531	32775	83000
1787049434	request	10060	28052688	28048335	61788	22029651968	2952040	444880	20866648	8147984	31836	531	32775	84000
1787049435	request	10061	28052688	28048335	61788	22029651968	2952040	444880	20866912	8147984	31836	531	32775	84000
1787049436	request	10062	28052688	28048335	61788	22029651968	2952040	444880	20866496	8147984	31836	531	32775	86000
1787049438	request	10064	28052688	28048334	61788	22029651968	2952040	444880	20866468	8147984	31836	531	32775	88000
1787049439	request	10065	28052688	28048335	61788	22029651968	2952040	444880	20866280	8147984	31836	531	32775	83000
1787049440	request	10066	28052688	28048334	61788	22029651968	2952040	444880	20866028	8147984	31836	531	32775	86000
1787049442	request	10068	28052688	28048335	61788	22029651968	2952040	444880	20867416	8147984	31836	531	32775	88000
1787049443	request	10069	28052688	28048335	61788	22029651968	2952040	444880	20867648	8147988	31837	531	32776	84000
1787049444	request	10070	28052688	28048336	61788	22029651968	2952040	444880	20867380	8147988	31837	531	32776	89000
1787049445	request	10071	28052688	28048335	61788	22029651968	2952040	444880	20867160	8147988	31837	531	32776	83000
1787049447	request	10073	28052688	28048335	61788	22029651968	2952040	444880	20866304	8147992	31838	531	32777	87000
1787049448	request	10074	28052688	28048334	61788	22029651968	2952040	444880	20866536	8147992	31838	531	32777	83000
1787049449	request	10075	28052688	28048335	61788	22029651968	2952040	444880	20866284	8147992	31838	531	32777	84000
1787049451	request	10077	28052688	28048335	61788	22029651968	2952040	444880	20867012	8147992	31838	531	32777	88000
1787049452	request	10078	28052688	28048334	61788	22029651968	2952040	444880	20868076	8147992	31838	531	32777	89000
1787049453	request	10079	28052688	28048336	61788	22029651968	2952040	444880	20867584	8147992	31838	531	32777	93000
1787049454	request	10080	28052688	28048334	61788	22029651968	2952040	444880	20866576	8147992	31838	531	32777	83000
1787049456	request	10082	28052688	28048336	61788	22029651968	2952040	444880	20866396	8147992	31838	531	32777	87000
1787049457	request	10083	28052688	28048335	61788	22029651968	2952040	444880	20866544	8147992	31838	531	32777	85000
1787049458	request	10084	28052688	28048336	61788	22029651968	2952040	444880	20865376	8147992	31838	531	32777	86000
1787049459	request	10085	28206304	28201952	61788	22030028800	2990411	444882	20711852	8147992	31838	531	32779	86000
1787049461	request	10087	28206304	28201950	61788	22030028800	2990411	444882	20712452	8147992	31838	531	32779	87000
1787049462	request	10088	28206304	28201951	61788	22030028800	2990411	444882	20711820	8147992	31838	531	32779	84000
1787049463	request	10089	28206304	28201951	61788	22030028800	2990411	444882	20713252	8147992	31838	531	32779	84000
1787049464	request	10090	28206304	28201952	61788	22030028800	2990411	444882	20713000	8147992	31838	531	32779	84000
1787049466	request	10092	28206304	28201951	61788	22030028800	2990411	444882	20714556	8147992	31838	531	32779	84000
1787049467	request	10093	28206304	28201951	61788	22030028800	2990411	444882	20714556	8147992	31838	531	32779	88000
1787049468	request	10094	28206304	28201950	61788	22030028800	2990411	444882	20714572	8147992	31838	531	32779	88000
1787049470	request	10096	28206304	28201952	61788	22030028800	2990411	444882	20713588	8147992	31838	531	32779	84000
1787049471	request	10097	28206304	28201950	61788	22030028800	2990411	444882	20714128	8147992	31838	531	32779	84000
1787049472	request	10098	28206304	28201950	61788	22030028800	2990411	444882	20713440	8147992	31838	531	32779	85000
1787049474	request	10100	28206304	28201951	61788	22030028800	2990411	444882	20714044	8147992	31838	531	32779	86000
1787049475	request	10101	28206304	28201951	61788	22030028800	2990411	444882	20713576	8147992	31838	531	32779	89000
1787049476	request	10102	28206304	28201952	61788	22030028800	2990411	444882	20713828	8147992	31838	531	32779	84000
1787049477	request	10103	28206304	28201951	61788	22030028800	2990411	444882	20713576	8147992	31838	531	32779	86000
1787049479	request	10105	28206304	28201951	61788	22030028800	2990411	444882	20714428	8147992	31838	531	32779	84000
1787049480	request	10106	28206304	28201950	61788	22030028800	2990411	444882	20714428	8147992	31838	531	32779	84000
1787049481	request	10107	28206304	28201952	61788	22030028800	2990411	444882	20714428	8147992	31838	531	32779	85000
1787049483	request	10109	28206304	28201951	61788	22030028800	2990411	444882	20714892	8147992	31838	531	32779	92000
1787049484	request	10110	28206304	28201951	61788	22030028800	2990411	444882	20715168	8147992	31838	531	32779	90000
1787049485	request	10111	28206304	28201951	61788	22030028800	2990411	444882	20714916	8147992	31838	531	32779	84000
1787049486	request	10112	28206304	28201951	61788	22030028800	2990411	444882	20714036	8147992	31838	531	32779	84000
1787049488	request	10114	28206304	28201950	61788	22030028800	2990411	444882	20714400	8147992	31838	531	32779	84000
1787049489	request	10115	28206304	28201951	61788	22030028800	2990411	444882	20714652	8147992	31838	531	32779	85000
1787049490	request	10116	28206304	28201951	61788	22030028800	2990411	444882	20718312	8147992	31838	531	32779	88000
1787049492	request	10118	28206304	28201952	61788	22030028800	2990411	444882	20720144	8147992	31838	531	32779	85000
1787049493	request	10119	28206304	28201951	61788	22030028800	2990411	444882	20720144	8147992	31838	531	32779	83000
1787049494	request	10120	28206304	28201952	61788	22030028800	2990411	444882	20720176	8147992	31838	531	32779	86000
1787049496	request	10122	28206304	28201952	61788	22030028800	2990411	444882	20718580	8147992	31838	531	32779	84000
1787049497	request	10123	28206304	28201951	61788	22030028800	2990411	444882	20718188	8147992	31838	531	32779	83000
1787049498	request	10124	28206304	28201950	61788	22030028800	2990411	444882	20718532	8147992	31838	531	32779	83000
1787049500	request	10126	28206304	28201952	61788	22030028800	2990411	444882	20718832	8147992	31838	531	32779	90000
1787049501	request	10127	28206304	28201951	61788	22030028800	2990411	444882	20718620	8147992	31838	531	32779	84000
1787049502	request	10128	28206304	28201950	61788	22030028800	2990411	444882	20717876	8147992	31838	531	32779	84000
1787049504	request	10130	28206304	28201951	61788	22030028800	2990411	444882	20717876	8147992	31838	531	32779	83000
1787049505	request	10131	28206304	28201951	61788	22030028800	2990411	444882	20717120	8147992	31838	531	32779	83000
1787049506	request	10132	28206304	28201951	61788	22030028800	2990411	444882	20718164	8147992	31838	531	32779	89000
1787049507	request	10133	28206304	28201950	61788	22030028800	2990411	444882	20717800	8147992	31838	531	32779	89000
1787049509	request	10135	28206304	28201951	61788	22030028800	2990411	444882	20719980	8147992	31838	531	32779	84000
1787049510	request	10136	28206304	28201951	61788	22030028800	2990411	444882	20719416	8147992	31838	531	32779	84000
1787049511	request	10137	28206304	28201951	61788	22030028800	2990411	444882	20719164	8147992	31838	531	32779	84000
1787049513	request	10139	28206304	28201951	61788	22030028800	2990411	444882	20719048	8147992	31838	531	32779	85000
1787049514	request	10140	28206304	28201952	61788	22030028800	2990411	444882	20718556	8147992	31838	531	32779	82000
1787049515	request	10141	28206304	28201951	61788	22030028800	2990411	444882	20718964	8147992	31838	531	32779	89000
1787049516	request	10142	28206304	28201950	61788	22030028800	2990411	444882	20718232	8147992	31838	531	32779	84000
1787049518	request	10144	28206304	28201951	61788	22030028800	2990411	444882	20717992	8147992	31838	531	32779	86000
1787049519	request	10145	28206304	28201950	61788	22030028800	2990411	444882	20718464	8147992	31838	531	32779	84000
1787049520	request	10146	28206304	28201951	61788	22030028800	2990411	444882	20716828	8147992	31838	531	32779	85000
1787049522	request	10148	28206304	28201951	61788	22030028800	2990411	444882	20716448	8147992	31838	531	32779	83000
1787049523	request	10149	28206304	28201951	61788	22030028800	2990411	444882	20715740	8147992	31838	531	32779	90000
1787049524	request	10150	28206304	28201951	61788	22030028800	2990411	444882	20715712	8147992	31838	531	32779	83000
1787049525	request	10151	28206304	28201950	61788	22030028800	2990411	444882	20715460	8147992	31838	531	32779	85000
1787049527	request	10153	28206304	28201951	61788	22030028800	2990411	444882	20715692	8147992	31838	531	32779	84000
1787049528	request	10154	28206304	28201950	61788	22030028800	2990411	444882	20715392	8147992	31838	531	32779	86000
1787049529	request	10155	28206304	28201951	61788	22030028800	2990411	444882	20716880	8147992	31838	531	32779	86000
1787049531	request	10157	28206304	28201951	61788	22030028800	2990411	444882	20716628	8147992	31838	531	32779	88000
1787049532	request	10158	28206304	28201950	61788	22030028800	2990411	444882	20716064	8147992	31838	531	32779	83000
1787049533	request	10159	28206304	28201951	61788	22030028800	2990411	444882	20716036	8147992	31838	531	32779	83000
1787049534	request	10160	28206304	28201950	61788	22030028800	2990411	444882	20716036	8147992	31838	531	32779	84000
1787049536	request	10162	28206304	28201951	61788	22030028800	2990411	444882	20716036	8147992	31838	531	32779	84000
1787049537	request	10163	28206304	28201952	61788	22030028800	2990411	444882	20717332	8147992	31838	531	32779	87000
1787049538	request	10164	28206304	28201950	61788	22030028800	2990411	444882	20717080	8147992	31838	531	32779	89000
1787049540	request	10166	28206304	28201951	61788	22030028800	2990411	444882	20717296	8147992	31838	531	32779	83000
1787049541	request	10167	28206304	28201950	61788	22030028800	2990411	444882	20717096	8147992	31838	531	32779	84000
1787049542	request	10168	28206304	28201950	61788	22030028800	2990411	444882	20717068	8147992	31838	531	32779	83000
1787049544	request	10170	28206304	28201951	61788	22030028800	2990411	444882	20717068	8147992	31838	531	32779	84000
1787049545	request	10171	28206304	28201951	61788	22030028800	2990411	444882	20716576	8147992	31838	531	32779	86000
1787049546	request	10172	28206304	28201950	61788	22030028800	2990411	444882	20716380	8147992	31838	531	32779	87000
1787049547	request	10173	28206304	28201950	61788	22030028800	2990411	444882	20717080	8147992	31838	531	32779	83000
1787049549	request	10175	28206304	28201952	61788	22030028800	2990411	444882	20717080	8147992	31838	531	32779	85000
1787049550	request	10176	28206304	28201950	61788	22030028800	2990411	444882	20716852	8147992	31838	531	32779	84000
1787049551	request	10177	28206304	28201951	61788	22030028800	2990411	444882	20716280	8147992	31838	531	32779	86000
1787049553	request	10179	28206304	28201951	61788	22030028800	2990411	444882	20717268	8147992	31838	531	32779	81000
1787049554	request	10180	28206304	28201951	61788	22030028800	2990411	444882	20717688	8147992	31838	531	32779	88000
1787049555	request	10181	28206304	28201951	61788	22030028800	2990411	444882	20717344	8147992	31838	531	32779	82000
1787049556	request	10182	28206304	28201950	61788	22030028800	2990411	444882	20717344	8147992	31838	531	32779	83000
1787049558	request	10184	28206304	28201951	61788	22030028800	2990411	444882	20717092	8147992	31838	531	32779	86000
1787049559	request	10185	28206304	28201951	61788	22030028800	2990411	444882	20717500	8147992	31838	531	32779	84000
1787049560	request	10186	28206304	28201952	61788	22030028800	2990411	444882	20718072	8147992	31838	531	32779	88000
1787049562	request	10188	28206304	28201951	61788	22030028800	2990411	444882	20717940	8147992	31838	531	32779	89000
1787049563	request	10189	28206304	28201951	61788	22030028800	2990411	444882	20717784	8147992	31838	531	32779	83000
1787049564	request	10190	28206304	28201951	61788	22030028800	2990411	444882	20717784	8147992	31838	531	32779	83000
1787049566	request	10192	28206304	28201951	61788	22030028800	2990411	444882	20717784	8147992	31838	531	32779	83000
1787049567	request	10193	28206304	28201951	61788	22030028800	2990411	444882	20717788	8147992	31838	531	32779	84000
1787049568	request	10194	28206304	28201950	61788	22030028800	2990411	444882	20717788	8147992	31838	531	32779	86000
1787049569	request	10195	28206304	28201951	61788	22030028800	2990411	444882	20717788	8147992	31838	531	32779	90000
1787049571	request	10197	28206304	28201951	61788	22030028800	2990411	444882	20717548	8147992	31838	531	32779	84000
1787049572	request	10198	28206304	28201951	61788	22030028800	2990411	444882	20716804	8147992	31838	531	32779	84000
1787049573	request	10199	28206304	28201950	61788	22030028800	2990411	444882	20715936	8147992	31838	531	32779	84000
1787049575	request	10201	28206304	28201951	61788	22030028800	2990411	444882	20717012	8147992	31838	531	32779	83000
1787049576	request	10202	28206304	28201950	61788	22030028800	2990411	444882	20716396	8147992	31838	531	32779	82000
1787049577	request	10203	28206304	28201951	61788	22030028800	2990411	444882	20716004	8147992	31838	531	32779	83000
1787049579	request	10205	28206304	28201950	61788	22030028800	2990411	444882	20716004	8147992	31838	531	32779	83000
1787049580	request	10206	28206304	28201952	61788	22030028800	2990411	444882	20715732	8147992	31838	531	32779	83000
1787049581	request	10207	28206304	28201951	61788	22030028800	2990411	444882	20715052	8147992	31838	531	32779	84000
1787049582	request	10208	28206304	28201951	61788	22030028800	2990411	444882	20714436	8147992	31838	531	32779	85000
1787049584	request	10210	28206304	28201950	61784	22030032896	2994390	444883	20690444	8147996	31839	531	32780	81000
1787049585	request	10211	28249232	28244878	61784	22030032896	3028716	444883	20561704	8147980	31839	535	32782	83000
1787049586	after	10212	28253888	28249541	60636	22032248832	3029499	445173	20562124	8149148	32128	535	33075	69000
