load_backend: loaded SYCL backend from /var/home/agent/workspace/projects/llama-cpp/build-intel-sycl/bin/libggml-sycl.so
load_backend: loaded CPU backend from /var/home/agent/workspace/projects/llama-cpp/build-intel-sycl/bin/libggml-cpu-alderlake.so
[SYCL] call ggml_check_sycl
Build with Macros:
  GGML_SYCL_DNNL: yes
  GGML_SYCL_F16: yes
  GGML_SYCL_FORCE_MMQ: no
  GGML_SYCL_GRAPH: yes
  GGML_SYCL_SUPPORT_LEVEL_ZERO_API: yes
  GGML_SYCL_SUPPORT_VMM: yes
Running with Environment Variables:
  GGML_SYCL_DEBUG: 1
  GGML_SYCL_DEV2DEV_MEMCPY: 0 (SYCL API)
  GGML_SYCL_ENABLE_DNN: 1
  GGML_SYCL_FA_ONEDNN: 1
  GGML_SYCL_FA_ONEDNN_MAX_KV: 0
  GGML_SYCL_ENABLE_FLASH_ATTN: 1
  GGML_SYCL_ENABLE_GRAPH: 0
  GGML_SYCL_ENABLE_OPT: 1
  GGML_SYCL_ENABLE_VMM: 1
  GGML_SYCL_ENABLE_FUSION: 1
  GGML_SYCL_PRIORITIZE_DMMV: 0
  GGML_SYCL_USE_ASYNC_MEM_OP: 1
  GGML_SYCL_USE_LEVEL_ZERO_API: 1
  GGML_SYCL_USM_SYSTEM: 0
[SYCL] call ggml_backend_sycl_print_sycl_devices
Found 1 SYCL devices:
|  |                   |                                       |       |Max    |        |Max  |Global |                     |
|  |                   |                                       |       |compute|Max work|sub  |mem    |                     |
|ID|        Device Type|                                   Name|Version|units  |group   |group|size   |       Driver version|
|--|-------------------|---------------------------------------|-------|-------|--------|-----|-------|---------------------|
| 0| [level_zero:gpu:0]|                 Intel Iris Xe Graphics|   12.3|     96|     512|   32| 30886M|         1.14.37020+3|
SYCL Optimization Feature:
|ID|        Device Type|Reorder|
|--|-------------------|-------|
| 0| [level_zero:gpu:0]|      Y|
[SYCL] call ggml_backend_sycl_device_supports_op op->op=NONE op->type=f32 -> true
[SYCL] call ggml_backend_sycl_device_supports_op op->op=NONE op->type=q8_0 -> true
[SYCL] call ggml_backend_sycl_device_supports_op op->op=NONE op->type=f32 -> true
[SYCL] call ggml_backend_sycl_device_supports_op op->op=NONE op->type=f32 -> true
[SYCL] call ggml_backend_sycl_device_supports_op op->op=NONE op->type=f32 -> true
[SYCL] call ggml_backend_sycl_device_supports_op op->op=MUL_MAT op->type=f32 -> true
[SYCL] call ggml_backend_sycl_buffer_init_tensor: tensor='sent_0':type=f32;ne=[1024, 1, 1, 1];nb=[4, 4096, 4096, 4096]
[SYCL] call ggml_backend_sycl_buffer_init_tensor: tensor='a':type=q8_0;ne=[256, 2048, 1, 1];nb=[34, 272, 557056, 557056]
[SYCL] call ggml_backend_sycl_buffer_init_tensor: tensor='sent_1':type=f32;ne=[1024, 1, 1, 1];nb=[4, 4096, 4096, 4096]
[SYCL] call ggml_backend_sycl_buffer_init_tensor: tensor='b':type=f32;ne=[256, 1, 1, 1];nb=[4, 1024, 1024, 1024]
[SYCL] call ggml_backend_sycl_buffer_init_tensor: tensor='sent_2':type=f32;ne=[1024, 1, 1, 1];nb=[4, 4096, 4096, 4096]
[SYCL] call ggml_backend_sycl_buffer_init_tensor: tensor='out':type=f32;ne=[2048, 1, 1, 1];nb=[4, 8192, 8192, 8192]
[SYCL] call ggml_backend_sycl_buffer_init_tensor: tensor='sent_3':type=f32;ne=[1024, 1, 1, 1];nb=[4, 4096, 4096, 4096]
[SYCL] call ggml_backend_sycl_buffer_set_tensor: tensor='sent_0':type=f32;ne=[1024, 1, 1, 1];nb=[4, 4096, 4096, 4096] size=4096 offset=0
[SYCL] call ggml_backend_sycl_buffer_set_tensor: tensor='a':type=q8_0;ne=[256, 2048, 1, 1];nb=[34, 272, 557056, 557056] size=557056 offset=0
[SYCL] call ggml_backend_sycl_buffer_set_tensor: tensor='sent_1':type=f32;ne=[1024, 1, 1, 1];nb=[4, 4096, 4096, 4096] size=4096 offset=0
[SYCL] call ggml_backend_sycl_buffer_set_tensor: tensor='b':type=f32;ne=[256, 1, 1, 1];nb=[4, 1024, 1024, 1024] size=1024 offset=0
[SYCL] call ggml_backend_sycl_buffer_set_tensor: tensor='sent_2':type=f32;ne=[1024, 1, 1, 1];nb=[4, 4096, 4096, 4096] size=4096 offset=0
[SYCL] call ggml_backend_sycl_buffer_set_tensor: tensor='out':type=f32;ne=[2048, 1, 1, 1];nb=[4, 8192, 8192, 8192] size=8192 offset=0
[SYCL] call ggml_backend_sycl_buffer_set_tensor: tensor='sent_3':type=f32;ne=[1024, 1, 1, 1];nb=[4, 4096, 4096, 4096] size=4096 offset=0
[SYCL] call ggml_backend_sycl_buffer_get_tensor: tensor='out':type=f32;ne=[2048, 1, 1, 1];nb=[4, 8192, 8192, 8192] size=8192 offset=0
[SYCL] call ggml_backend_sycl_buffer_get_tensor: tensor='a':type=q8_0;ne=[256, 2048, 1, 1];nb=[34, 272, 557056, 557056] size=557056 offset=0
[SYCL] call ggml_backend_sycl_buffer_get_tensor: tensor='b':type=f32;ne=[256, 1, 1, 1];nb=[4, 1024, 1024, 1024] size=1024 offset=0
[SYCL] call ggml_backend_sycl_buffer_get_tensor: tensor='sent_0':type=f32;ne=[1024, 1, 1, 1];nb=[4, 4096, 4096, 4096] size=4096 offset=0
[SYCL] call ggml_backend_sycl_buffer_get_tensor: tensor='sent_1':type=f32;ne=[1024, 1, 1, 1];nb=[4, 4096, 4096, 4096] size=4096 offset=0
[SYCL] call ggml_backend_sycl_buffer_get_tensor: tensor='sent_2':type=f32;ne=[1024, 1, 1, 1];nb=[4, 4096, 4096, 4096] size=4096 offset=0
[SYCL] call ggml_backend_sycl_buffer_get_tensor: tensor='sent_3':type=f32;ne=[1024, 1, 1, 1];nb=[4, 4096, 4096, 4096] size=4096 offset=0
[SYCL][OP] call ggml_sycl_mul_mat: dst='out':type=f32;ne=[2048, 1, 1, 1];nb=[4, 8192, 8192, 8192]	src0='a':type=q8_0;ne=[256, 2048, 1, 1];nb=[34, 272, 557056, 557056]	src1='b':type=f32;ne=[256, 1, 1, 1];nb=[4, 1024, 1024, 1024]
[SYCL][OP] call ggml_sycl_op_mul_mat/quantize_row_q8_1_sycl: dst='out':type=f32;ne=[2048, 1, 1, 1];nb=[4, 8192, 8192, 8192]	src0='a':type=q8_0;ne=[256, 2048, 1, 1];nb=[34, 272, 557056, 557056]	src1='b':type=f32;ne=[256, 1, 1, 1];nb=[4, 1024, 1024, 1024] : converting src1 to Q8_1
[SYCL][OP] call ggml_sycl_op_mul_mat/quantize_row_q8_1_sycl done
Calling reorder_mul_mat_vec_q8_0_q8_1_sycl
[SYCL][OP] call ggml_sycl_mul_mat done
[SYCL] call ggml_backend_sycl_synchronize
[SYCL] call ggml_backend_sycl_buffer_get_tensor: tensor='out':type=f32;ne=[2048, 1, 1, 1];nb=[4, 8192, 8192, 8192] size=8192 offset=0
[SYCL] call ggml_backend_sycl_synchronize
[SYCL] call ggml_backend_sycl_buffer_get_tensor: tensor='sent_0':type=f32;ne=[1024, 1, 1, 1];nb=[4, 4096, 4096, 4096] size=4096 offset=0
[SYCL] call ggml_backend_sycl_buffer_get_tensor: tensor='sent_0':type=f32;ne=[1024, 1, 1, 1];nb=[4, 4096, 4096, 4096] size=4096 offset=0
[SYCL] call ggml_backend_sycl_synchronize
[SYCL] call ggml_backend_sycl_buffer_get_tensor: tensor='sent_1':type=f32;ne=[1024, 1, 1, 1];nb=[4, 4096, 4096, 4096] size=4096 offset=0
[SYCL] call ggml_backend_sycl_buffer_get_tensor: tensor='sent_1':type=f32;ne=[1024, 1, 1, 1];nb=[4, 4096, 4096, 4096] size=4096 offset=0
[SYCL] call ggml_backend_sycl_synchronize
[SYCL] call ggml_backend_sycl_buffer_get_tensor: tensor='sent_2':type=f32;ne=[1024, 1, 1, 1];nb=[4, 4096, 4096, 4096] size=4096 offset=0
[SYCL] call ggml_backend_sycl_buffer_get_tensor: tensor='sent_2':type=f32;ne=[1024, 1, 1, 1];nb=[4, 4096, 4096, 4096] size=4096 offset=0
[SYCL] call ggml_backend_sycl_synchronize
[SYCL] call ggml_backend_sycl_buffer_get_tensor: tensor='sent_3':type=f32;ne=[1024, 1, 1, 1];nb=[4, 4096, 4096, 4096] size=4096 offset=0
[SYCL] call ggml_backend_sycl_buffer_get_tensor: tensor='sent_3':type=f32;ne=[1024, 1, 1, 1];nb=[4, 4096, 4096, 4096] size=4096 offset=0
[SYCL] call ggml_backend_sycl_device_supports_op op->op=NONE op->type=f32 -> true
[SYCL] call ggml_backend_sycl_device_supports_op op->op=NONE op->type=q8_0 -> true
[SYCL] call ggml_backend_sycl_device_supports_op op->op=NONE op->type=f32 -> true
[SYCL] call ggml_backend_sycl_device_supports_op op->op=NONE op->type=f32 -> true
[SYCL] call ggml_backend_sycl_device_supports_op op->op=NONE op->type=f32 -> true
[SYCL] call ggml_backend_sycl_device_supports_op op->op=MUL_MAT op->type=f32 -> true
[SYCL] call ggml_backend_sycl_buffer_init_tensor: tensor='sent_0':type=f32;ne=[1024, 1, 1, 1];nb=[4, 4096, 4096, 4096]
[SYCL] call ggml_backend_sycl_buffer_init_tensor: tensor='a':type=q8_0;ne=[2048, 256, 1, 1];nb=[34, 2176, 557056, 557056]
[SYCL] call ggml_backend_sycl_buffer_init_tensor: tensor='sent_1':type=f32;ne=[1024, 1, 1, 1];nb=[4, 4096, 4096, 4096]
[SYCL] call ggml_backend_sycl_buffer_init_tensor: tensor='b':type=f32;ne=[2048, 1, 1, 1];nb=[4, 8192, 8192, 8192]
[SYCL] call ggml_backend_sycl_buffer_init_tensor: tensor='sent_2':type=f32;ne=[1024, 1, 1, 1];nb=[4, 4096, 4096, 4096]
[SYCL] call ggml_backend_sycl_buffer_init_tensor: tensor='out':type=f32;ne=[256, 1, 1, 1];nb=[4, 1024, 1024, 1024]
[SYCL] call ggml_backend_sycl_buffer_init_tensor: tensor='sent_3':type=f32;ne=[1024, 1, 1, 1];nb=[4, 4096, 4096, 4096]
[SYCL] call ggml_backend_sycl_buffer_set_tensor: tensor='sent_0':type=f32;ne=[1024, 1, 1, 1];nb=[4, 4096, 4096, 4096] size=4096 offset=0
[SYCL] call ggml_backend_sycl_buffer_set_tensor: tensor='a':type=q8_0;ne=[2048, 256, 1, 1];nb=[34, 2176, 557056, 557056] size=557056 offset=0
[SYCL] call ggml_backend_sycl_buffer_set_tensor: tensor='sent_1':type=f32;ne=[1024, 1, 1, 1];nb=[4, 4096, 4096, 4096] size=4096 offset=0
[SYCL] call ggml_backend_sycl_buffer_set_tensor: tensor='b':type=f32;ne=[2048, 1, 1, 1];nb=[4, 8192, 8192, 8192] size=8192 offset=0
[SYCL] call ggml_backend_sycl_buffer_set_tensor: tensor='sent_2':type=f32;ne=[1024, 1, 1, 1];nb=[4, 4096, 4096, 4096] size=4096 offset=0
[SYCL] call ggml_backend_sycl_buffer_set_tensor: tensor='out':type=f32;ne=[256, 1, 1, 1];nb=[4, 1024, 1024, 1024] size=1024 offset=0
[SYCL] call ggml_backend_sycl_buffer_set_tensor: tensor='sent_3':type=f32;ne=[1024, 1, 1, 1];nb=[4, 4096, 4096, 4096] size=4096 offset=0
[SYCL] call ggml_backend_sycl_buffer_get_tensor: tensor='out':type=f32;ne=[256, 1, 1, 1];nb=[4, 1024, 1024, 1024] size=1024 offset=0
[SYCL] call ggml_backend_sycl_buffer_get_tensor: tensor='a':type=q8_0;ne=[2048, 256, 1, 1];nb=[34, 2176, 557056, 557056] size=557056 offset=0
[SYCL] call ggml_backend_sycl_buffer_get_tensor: tensor='b':type=f32;ne=[2048, 1, 1, 1];nb=[4, 8192, 8192, 8192] size=8192 offset=0
[SYCL] call ggml_backend_sycl_buffer_get_tensor: tensor='sent_0':type=f32;ne=[1024, 1, 1, 1];nb=[4, 4096, 4096, 4096] size=4096 offset=0
[SYCL] call ggml_backend_sycl_buffer_get_tensor: tensor='sent_1':type=f32;ne=[1024, 1, 1, 1];nb=[4, 4096, 4096, 4096] size=4096 offset=0
[SYCL] call ggml_backend_sycl_buffer_get_tensor: tensor='sent_2':type=f32;ne=[1024, 1, 1, 1];nb=[4, 4096, 4096, 4096] size=4096 offset=0
[SYCL] call ggml_backend_sycl_buffer_get_tensor: tensor='sent_3':type=f32;ne=[1024, 1, 1, 1];nb=[4, 4096, 4096, 4096] size=4096 offset=0
[SYCL][OP] call ggml_sycl_mul_mat: dst='out':type=f32;ne=[256, 1, 1, 1];nb=[4, 1024, 1024, 1024]	src0='a':type=q8_0;ne=[2048, 256, 1, 1];nb=[34, 2176, 557056, 557056]	src1='b':type=f32;ne=[2048, 1, 1, 1];nb=[4, 8192, 8192, 8192]
[SYCL][OP] call ggml_sycl_op_mul_mat/quantize_row_q8_1_sycl: dst='out':type=f32;ne=[256, 1, 1, 1];nb=[4, 1024, 1024, 1024]	src0='a':type=q8_0;ne=[2048, 256, 1, 1];nb=[34, 2176, 557056, 557056]	src1='b':type=f32;ne=[2048, 1, 1, 1];nb=[4, 8192, 8192, 8192] : converting src1 to Q8_1
[SYCL][OP] call ggml_sycl_op_mul_mat/quantize_row_q8_1_sycl done
Calling reorder_mul_mat_vec_q8_0_q8_1_sycl
[SYCL][OP] call ggml_sycl_mul_mat done
[SYCL] call ggml_backend_sycl_synchronize
[SYCL] call ggml_backend_sycl_buffer_get_tensor: tensor='out':type=f32;ne=[256, 1, 1, 1];nb=[4, 1024, 1024, 1024] size=1024 offset=0
[SYCL] call ggml_backend_sycl_synchronize
[SYCL] call ggml_backend_sycl_buffer_get_tensor: tensor='sent_0':type=f32;ne=[1024, 1, 1, 1];nb=[4, 4096, 4096, 4096] size=4096 offset=0
[SYCL] call ggml_backend_sycl_buffer_get_tensor: tensor='sent_0':type=f32;ne=[1024, 1, 1, 1];nb=[4, 4096, 4096, 4096] size=4096 offset=0
[SYCL] call ggml_backend_sycl_synchronize
[SYCL] call ggml_backend_sycl_buffer_get_tensor: tensor='sent_1':type=f32;ne=[1024, 1, 1, 1];nb=[4, 4096, 4096, 4096] size=4096 offset=0
[SYCL] call ggml_backend_sycl_buffer_get_tensor: tensor='sent_1':type=f32;ne=[1024, 1, 1, 1];nb=[4, 4096, 4096, 4096] size=4096 offset=0
[SYCL] call ggml_backend_sycl_synchronize
[SYCL] call ggml_backend_sycl_buffer_get_tensor: tensor='sent_2':type=f32;ne=[1024, 1, 1, 1];nb=[4, 4096, 4096, 4096] size=4096 offset=0
[SYCL] call ggml_backend_sycl_buffer_get_tensor: tensor='sent_2':type=f32;ne=[1024, 1, 1, 1];nb=[4, 4096, 4096, 4096] size=4096 offset=0
[SYCL] call ggml_backend_sycl_synchronize
[SYCL] call ggml_backend_sycl_buffer_get_tensor: tensor='sent_3':type=f32;ne=[1024, 1, 1, 1];nb=[4, 4096, 4096, 4096] size=4096 offset=0
[SYCL] call ggml_backend_sycl_buffer_get_tensor: tensor='sent_3':type=f32;ne=[1024, 1, 1, 1];nb=[4, 4096, 4096, 4096] size=4096 offset=0
[SYCL] call ggml_backend_sycl_device_supports_op op->op=NONE op->type=f32 -> true
[SYCL] call ggml_backend_sycl_device_supports_op op->op=NONE op->type=q8_0 -> true
[SYCL] call ggml_backend_sycl_device_supports_op op->op=NONE op->type=f32 -> true
[SYCL] call ggml_backend_sycl_device_supports_op op->op=NONE op->type=f32 -> true
[SYCL] call ggml_backend_sycl_device_supports_op op->op=NONE op->type=f32 -> true
[SYCL] call ggml_backend_sycl_device_supports_op op->op=MUL_MAT op->type=f32 -> true
[SYCL] call ggml_backend_sycl_buffer_init_tensor: tensor='sent_0':type=f32;ne=[1024, 1, 1, 1];nb=[4, 4096, 4096, 4096]
[SYCL] call ggml_backend_sycl_buffer_init_tensor: tensor='a':type=q8_0;ne=[256, 1024, 1, 1];nb=[34, 272, 278528, 278528]
[SYCL] call ggml_backend_sycl_buffer_init_tensor: tensor='sent_1':type=f32;ne=[1024, 1, 1, 1];nb=[4, 4096, 4096, 4096]
[SYCL] call ggml_backend_sycl_buffer_init_tensor: tensor='b':type=f32;ne=[256, 1, 1, 1];nb=[4, 1024, 1024, 1024]
[SYCL] call ggml_backend_sycl_buffer_init_tensor: tensor='sent_2':type=f32;ne=[1024, 1, 1, 1];nb=[4, 4096, 4096, 4096]
[SYCL] call ggml_backend_sycl_buffer_init_tensor: tensor='out':type=f32;ne=[1024, 1, 1, 1];nb=[4, 4096, 4096, 4096]
[SYCL] call ggml_backend_sycl_buffer_init_tensor: tensor='sent_3':type=f32;ne=[1024, 1, 1, 1];nb=[4, 4096, 4096, 4096]
[SYCL] call ggml_backend_sycl_buffer_set_tensor: tensor='sent_0':type=f32;ne=[1024, 1, 1, 1];nb=[4, 4096, 4096, 4096] size=4096 offset=0
[SYCL] call ggml_backend_sycl_buffer_set_tensor: tensor='a':type=q8_0;ne=[256, 1024, 1, 1];nb=[34, 272, 278528, 278528] size=278528 offset=0
[SYCL] call ggml_backend_sycl_buffer_set_tensor: tensor='sent_1':type=f32;ne=[1024, 1, 1, 1];nb=[4, 4096, 4096, 4096] size=4096 offset=0
[SYCL] call ggml_backend_sycl_buffer_set_tensor: tensor='b':type=f32;ne=[256, 1, 1, 1];nb=[4, 1024, 1024, 1024] size=1024 offset=0
[SYCL] call ggml_backend_sycl_buffer_set_tensor: tensor='sent_2':type=f32;ne=[1024, 1, 1, 1];nb=[4, 4096, 4096, 4096] size=4096 offset=0
[SYCL] call ggml_backend_sycl_buffer_set_tensor: tensor='out':type=f32;ne=[1024, 1, 1, 1];nb=[4, 4096, 4096, 4096] size=4096 offset=0
[SYCL] call ggml_backend_sycl_buffer_set_tensor: tensor='sent_3':type=f32;ne=[1024, 1, 1, 1];nb=[4, 4096, 4096, 4096] size=4096 offset=0
[SYCL] call ggml_backend_sycl_buffer_get_tensor: tensor='out':type=f32;ne=[1024, 1, 1, 1];nb=[4, 4096, 4096, 4096] size=4096 offset=0
[SYCL] call ggml_backend_sycl_buffer_get_tensor: tensor='a':type=q8_0;ne=[256, 1024, 1, 1];nb=[34, 272, 278528, 278528] size=278528 offset=0
[SYCL] call ggml_backend_sycl_buffer_get_tensor: tensor='b':type=f32;ne=[256, 1, 1, 1];nb=[4, 1024, 1024, 1024] size=1024 offset=0
[SYCL] call ggml_backend_sycl_buffer_get_tensor: tensor='sent_0':type=f32;ne=[1024, 1, 1, 1];nb=[4, 4096, 4096, 4096] size=4096 offset=0
[SYCL] call ggml_backend_sycl_buffer_get_tensor: tensor='sent_1':type=f32;ne=[1024, 1, 1, 1];nb=[4, 4096, 4096, 4096] size=4096 offset=0
[SYCL] call ggml_backend_sycl_buffer_get_tensor: tensor='sent_2':type=f32;ne=[1024, 1, 1, 1];nb=[4, 4096, 4096, 4096] size=4096 offset=0
[SYCL] call ggml_backend_sycl_buffer_get_tensor: tensor='sent_3':type=f32;ne=[1024, 1, 1, 1];nb=[4, 4096, 4096, 4096] size=4096 offset=0
[SYCL][OP] call ggml_sycl_mul_mat: dst='out':type=f32;ne=[1024, 1, 1, 1];nb=[4, 4096, 4096, 4096]	src0='a':type=q8_0;ne=[256, 1024, 1, 1];nb=[34, 272, 278528, 278528]	src1='b':type=f32;ne=[256, 1, 1, 1];nb=[4, 1024, 1024, 1024]
[SYCL][OP] call ggml_sycl_op_mul_mat/quantize_row_q8_1_sycl: dst='out':type=f32;ne=[1024, 1, 1, 1];nb=[4, 4096, 4096, 4096]	src0='a':type=q8_0;ne=[256, 1024, 1, 1];nb=[34, 272, 278528, 278528]	src1='b':type=f32;ne=[256, 1, 1, 1];nb=[4, 1024, 1024, 1024] : converting src1 to Q8_1
[SYCL][OP] call ggml_sycl_op_mul_mat/quantize_row_q8_1_sycl done
Calling reorder_mul_mat_vec_q8_0_q8_1_sycl
[SYCL][OP] call ggml_sycl_mul_mat done
[SYCL] call ggml_backend_sycl_synchronize
[SYCL] call ggml_backend_sycl_buffer_get_tensor: tensor='out':type=f32;ne=[1024, 1, 1, 1];nb=[4, 4096, 4096, 4096] size=4096 offset=0
[SYCL] call ggml_backend_sycl_synchronize
[SYCL] call ggml_backend_sycl_buffer_get_tensor: tensor='sent_0':type=f32;ne=[1024, 1, 1, 1];nb=[4, 4096, 4096, 4096] size=4096 offset=0
[SYCL] call ggml_backend_sycl_buffer_get_tensor: tensor='sent_0':type=f32;ne=[1024, 1, 1, 1];nb=[4, 4096, 4096, 4096] size=4096 offset=0
[SYCL] call ggml_backend_sycl_synchronize
[SYCL] call ggml_backend_sycl_buffer_get_tensor: tensor='sent_1':type=f32;ne=[1024, 1, 1, 1];nb=[4, 4096, 4096, 4096] size=4096 offset=0
[SYCL] call ggml_backend_sycl_buffer_get_tensor: tensor='sent_1':type=f32;ne=[1024, 1, 1, 1];nb=[4, 4096, 4096, 4096] size=4096 offset=0
[SYCL] call ggml_backend_sycl_synchronize
[SYCL] call ggml_backend_sycl_buffer_get_tensor: tensor='sent_2':type=f32;ne=[1024, 1, 1, 1];nb=[4, 4096, 4096, 4096] size=4096 offset=0
[SYCL] call ggml_backend_sycl_buffer_get_tensor: tensor='sent_2':type=f32;ne=[1024, 1, 1, 1];nb=[4, 4096, 4096, 4096] size=4096 offset=0
[SYCL] call ggml_backend_sycl_synchronize
[SYCL] call ggml_backend_sycl_buffer_get_tensor: tensor='sent_3':type=f32;ne=[1024, 1, 1, 1];nb=[4, 4096, 4096, 4096] size=4096 offset=0
[SYCL] call ggml_backend_sycl_buffer_get_tensor: tensor='sent_3':type=f32;ne=[1024, 1, 1, 1];nb=[4, 4096, 4096, 4096] size=4096 offset=0
[SYCL] call ggml_backend_sycl_device_supports_op op->op=NONE op->type=f32 -> true
[SYCL] call ggml_backend_sycl_device_supports_op op->op=NONE op->type=q8_0 -> true
[SYCL] call ggml_backend_sycl_device_supports_op op->op=NONE op->type=f32 -> true
[SYCL] call ggml_backend_sycl_device_supports_op op->op=NONE op->type=f32 -> true
[SYCL] call ggml_backend_sycl_device_supports_op op->op=NONE op->type=f32 -> true
[SYCL] call ggml_backend_sycl_device_supports_op op->op=MUL_MAT op->type=f32 -> true
[SYCL] call ggml_backend_sycl_buffer_init_tensor: tensor='sent_0':type=f32;ne=[1024, 1, 1, 1];nb=[4, 4096, 4096, 4096]
[SYCL] call ggml_backend_sycl_buffer_init_tensor: tensor='a':type=q8_0;ne=[256, 2560, 1, 1];nb=[34, 272, 696320, 696320]
[SYCL] call ggml_backend_sycl_buffer_init_tensor: tensor='sent_1':type=f32;ne=[1024, 1, 1, 1];nb=[4, 4096, 4096, 4096]
[SYCL] call ggml_backend_sycl_buffer_init_tensor: tensor='b':type=f32;ne=[256, 1, 1, 1];nb=[4, 1024, 1024, 1024]
[SYCL] call ggml_backend_sycl_buffer_init_tensor: tensor='sent_2':type=f32;ne=[1024, 1, 1, 1];nb=[4, 4096, 4096, 4096]
[SYCL] call ggml_backend_sycl_buffer_init_tensor: tensor='out':type=f32;ne=[2560, 1, 1, 1];nb=[4, 10240, 10240, 10240]
[SYCL] call ggml_backend_sycl_buffer_init_tensor: tensor='sent_3':type=f32;ne=[1024, 1, 1, 1];nb=[4, 4096, 4096, 4096]
[SYCL] call ggml_backend_sycl_buffer_set_tensor: tensor='sent_0':type=f32;ne=[1024, 1, 1, 1];nb=[4, 4096, 4096, 4096] size=4096 offset=0
[SYCL] call ggml_backend_sycl_buffer_set_tensor: tensor='a':type=q8_0;ne=[256, 2560, 1, 1];nb=[34, 272, 696320, 696320] size=696320 offset=0
[SYCL] call ggml_backend_sycl_buffer_set_tensor: tensor='sent_1':type=f32;ne=[1024, 1, 1, 1];nb=[4, 4096, 4096, 4096] size=4096 offset=0
[SYCL] call ggml_backend_sycl_buffer_set_tensor: tensor='b':type=f32;ne=[256, 1, 1, 1];nb=[4, 1024, 1024, 1024] size=1024 offset=0
[SYCL] call ggml_backend_sycl_buffer_set_tensor: tensor='sent_2':type=f32;ne=[1024, 1, 1, 1];nb=[4, 4096, 4096, 4096] size=4096 offset=0
[SYCL] call ggml_backend_sycl_buffer_set_tensor: tensor='out':type=f32;ne=[2560, 1, 1, 1];nb=[4, 10240, 10240, 10240] size=10240 offset=0
[SYCL] call ggml_backend_sycl_buffer_set_tensor: tensor='sent_3':type=f32;ne=[1024, 1, 1, 1];nb=[4, 4096, 4096, 4096] size=4096 offset=0
[SYCL] call ggml_backend_sycl_buffer_get_tensor: tensor='out':type=f32;ne=[2560, 1, 1, 1];nb=[4, 10240, 10240, 10240] size=10240 offset=0
[SYCL] call ggml_backend_sycl_buffer_get_tensor: tensor='a':type=q8_0;ne=[256, 2560, 1, 1];nb=[34, 272, 696320, 696320] size=696320 offset=0
[SYCL] call ggml_backend_sycl_buffer_get_tensor: tensor='b':type=f32;ne=[256, 1, 1, 1];nb=[4, 1024, 1024, 1024] size=1024 offset=0
[SYCL] call ggml_backend_sycl_buffer_get_tensor: tensor='sent_0':type=f32;ne=[1024, 1, 1, 1];nb=[4, 4096, 4096, 4096] size=4096 offset=0
[SYCL] call ggml_backend_sycl_buffer_get_tensor: tensor='sent_1':type=f32;ne=[1024, 1, 1, 1];nb=[4, 4096, 4096, 4096] size=4096 offset=0
[SYCL] call ggml_backend_sycl_buffer_get_tensor: tensor='sent_2':type=f32;ne=[1024, 1, 1, 1];nb=[4, 4096, 4096, 4096] size=4096 offset=0
[SYCL] call ggml_backend_sycl_buffer_get_tensor: tensor='sent_3':type=f32;ne=[1024, 1, 1, 1];nb=[4, 4096, 4096, 4096] size=4096 offset=0
[SYCL][OP] call ggml_sycl_mul_mat: dst='out':type=f32;ne=[2560, 1, 1, 1];nb=[4, 10240, 10240, 10240]	src0='a':type=q8_0;ne=[256, 2560, 1, 1];nb=[34, 272, 696320, 696320]	src1='b':type=f32;ne=[256, 1, 1, 1];nb=[4, 1024, 1024, 1024]
[SYCL][OP] call ggml_sycl_op_mul_mat/quantize_row_q8_1_sycl: dst='out':type=f32;ne=[2560, 1, 1, 1];nb=[4, 10240, 10240, 10240]	src0='a':type=q8_0;ne=[256, 2560, 1, 1];nb=[34, 272, 696320, 696320]	src1='b':type=f32;ne=[256, 1, 1, 1];nb=[4, 1024, 1024, 1024] : converting src1 to Q8_1
[SYCL][OP] call ggml_sycl_op_mul_mat/quantize_row_q8_1_sycl done
Calling reorder_mul_mat_vec_q8_0_q8_1_sycl
[SYCL][OP] call ggml_sycl_mul_mat done
[SYCL] call ggml_backend_sycl_synchronize
[SYCL] call ggml_backend_sycl_buffer_get_tensor: tensor='out':type=f32;ne=[2560, 1, 1, 1];nb=[4, 10240, 10240, 10240] size=10240 offset=0
[SYCL] call ggml_backend_sycl_synchronize
[SYCL] call ggml_backend_sycl_buffer_get_tensor: tensor='sent_0':type=f32;ne=[1024, 1, 1, 1];nb=[4, 4096, 4096, 4096] size=4096 offset=0
[SYCL] call ggml_backend_sycl_buffer_get_tensor: tensor='sent_0':type=f32;ne=[1024, 1, 1, 1];nb=[4, 4096, 4096, 4096] size=4096 offset=0
[SYCL] call ggml_backend_sycl_synchronize
[SYCL] call ggml_backend_sycl_buffer_get_tensor: tensor='sent_1':type=f32;ne=[1024, 1, 1, 1];nb=[4, 4096, 4096, 4096] size=4096 offset=0
[SYCL] call ggml_backend_sycl_buffer_get_tensor: tensor='sent_1':type=f32;ne=[1024, 1, 1, 1];nb=[4, 4096, 4096, 4096] size=4096 offset=0
[SYCL] call ggml_backend_sycl_synchronize
[SYCL] call ggml_backend_sycl_buffer_get_tensor: tensor='sent_2':type=f32;ne=[1024, 1, 1, 1];nb=[4, 4096, 4096, 4096] size=4096 offset=0
[SYCL] call ggml_backend_sycl_buffer_get_tensor: tensor='sent_2':type=f32;ne=[1024, 1, 1, 1];nb=[4, 4096, 4096, 4096] size=4096 offset=0
[SYCL] call ggml_backend_sycl_synchronize
[SYCL] call ggml_backend_sycl_buffer_get_tensor: tensor='sent_3':type=f32;ne=[1024, 1, 1, 1];nb=[4, 4096, 4096, 4096] size=4096 offset=0
[SYCL] call ggml_backend_sycl_buffer_get_tensor: tensor='sent_3':type=f32;ne=[1024, 1, 1, 1];nb=[4, 4096, 4096, 4096] size=4096 offset=0
[SYCL] call ggml_backend_sycl_device_supports_op op->op=NONE op->type=f32 -> true
[SYCL] call ggml_backend_sycl_device_supports_op op->op=NONE op->type=q8_0 -> true
[SYCL] call ggml_backend_sycl_device_supports_op op->op=NONE op->type=f32 -> true
[SYCL] call ggml_backend_sycl_device_supports_op op->op=NONE op->type=f32 -> true
[SYCL] call ggml_backend_sycl_device_supports_op op->op=NONE op->type=f32 -> true
[SYCL] call ggml_backend_sycl_device_supports_op op->op=MUL_MAT op->type=f32 -> true
[SYCL] call ggml_backend_sycl_buffer_init_tensor: tensor='sent_0':type=f32;ne=[1024, 1, 1, 1];nb=[4, 4096, 4096, 4096]
[SYCL] call ggml_backend_sycl_buffer_init_tensor: tensor='a':type=q8_0;ne=[5120, 256, 1, 1];nb=[34, 5440, 1392640, 1392640]
[SYCL] call ggml_backend_sycl_buffer_init_tensor: tensor='sent_1':type=f32;ne=[1024, 1, 1, 1];nb=[4, 4096, 4096, 4096]
[SYCL] call ggml_backend_sycl_buffer_init_tensor: tensor='b':type=f32;ne=[5120, 1, 1, 1];nb=[4, 20480, 20480, 20480]
[SYCL] call ggml_backend_sycl_buffer_init_tensor: tensor='sent_2':type=f32;ne=[1024, 1, 1, 1];nb=[4, 4096, 4096, 4096]
[SYCL] call ggml_backend_sycl_buffer_init_tensor: tensor='out':type=f32;ne=[256, 1, 1, 1];nb=[4, 1024, 1024, 1024]
[SYCL] call ggml_backend_sycl_buffer_init_tensor: tensor='sent_3':type=f32;ne=[1024, 1, 1, 1];nb=[4, 4096, 4096, 4096]
[SYCL] call ggml_backend_sycl_buffer_set_tensor: tensor='sent_0':type=f32;ne=[1024, 1, 1, 1];nb=[4, 4096, 4096, 4096] size=4096 offset=0
[SYCL] call ggml_backend_sycl_buffer_set_tensor: tensor='a':type=q8_0;ne=[5120, 256, 1, 1];nb=[34, 5440, 1392640, 1392640] size=1392640 offset=0
[SYCL] call ggml_backend_sycl_buffer_set_tensor: tensor='sent_1':type=f32;ne=[1024, 1, 1, 1];nb=[4, 4096, 4096, 4096] size=4096 offset=0
[SYCL] call ggml_backend_sycl_buffer_set_tensor: tensor='b':type=f32;ne=[5120, 1, 1, 1];nb=[4, 20480, 20480, 20480] size=20480 offset=0
[SYCL] call ggml_backend_sycl_buffer_set_tensor: tensor='sent_2':type=f32;ne=[1024, 1, 1, 1];nb=[4, 4096, 4096, 4096] size=4096 offset=0
[SYCL] call ggml_backend_sycl_buffer_set_tensor: tensor='out':type=f32;ne=[256, 1, 1, 1];nb=[4, 1024, 1024, 1024] size=1024 offset=0
[SYCL] call ggml_backend_sycl_buffer_set_tensor: tensor='sent_3':type=f32;ne=[1024, 1, 1, 1];nb=[4, 4096, 4096, 4096] size=4096 offset=0
[SYCL] call ggml_backend_sycl_buffer_get_tensor: tensor='out':type=f32;ne=[256, 1, 1, 1];nb=[4, 1024, 1024, 1024] size=1024 offset=0
[SYCL] call ggml_backend_sycl_buffer_get_tensor: tensor='a':type=q8_0;ne=[5120, 256, 1, 1];nb=[34, 5440, 1392640, 1392640] size=1392640 offset=0
[SYCL] call ggml_backend_sycl_buffer_get_tensor: tensor='b':type=f32;ne=[5120, 1, 1, 1];nb=[4, 20480, 20480, 20480] size=20480 offset=0
[SYCL] call ggml_backend_sycl_buffer_get_tensor: tensor='sent_0':type=f32;ne=[1024, 1, 1, 1];nb=[4, 4096, 4096, 4096] size=4096 offset=0
[SYCL] call ggml_backend_sycl_buffer_get_tensor: tensor='sent_1':type=f32;ne=[1024, 1, 1, 1];nb=[4, 4096, 4096, 4096] size=4096 offset=0
[SYCL] call ggml_backend_sycl_buffer_get_tensor: tensor='sent_2':type=f32;ne=[1024, 1, 1, 1];nb=[4, 4096, 4096, 4096] size=4096 offset=0
[SYCL] call ggml_backend_sycl_buffer_get_tensor: tensor='sent_3':type=f32;ne=[1024, 1, 1, 1];nb=[4, 4096, 4096, 4096] size=4096 offset=0
[SYCL][OP] call ggml_sycl_mul_mat: dst='out':type=f32;ne=[256, 1, 1, 1];nb=[4, 1024, 1024, 1024]	src0='a':type=q8_0;ne=[5120, 256, 1, 1];nb=[34, 5440, 1392640, 1392640]	src1='b':type=f32;ne=[5120, 1, 1, 1];nb=[4, 20480, 20480, 20480]
[SYCL][OP] call ggml_sycl_op_mul_mat/quantize_row_q8_1_sycl: dst='out':type=f32;ne=[256, 1, 1, 1];nb=[4, 1024, 1024, 1024]	src0='a':type=q8_0;ne=[5120, 256, 1, 1];nb=[34, 5440, 1392640, 1392640]	src1='b':type=f32;ne=[5120, 1, 1, 1];nb=[4, 20480, 20480, 20480] : converting src1 to Q8_1
[SYCL][OP] call ggml_sycl_op_mul_mat/quantize_row_q8_1_sycl done
Calling reorder_mul_mat_vec_q8_0_q8_1_sycl
[SYCL][OP] call ggml_sycl_mul_mat done
[SYCL] call ggml_backend_sycl_synchronize
[SYCL] call ggml_backend_sycl_buffer_get_tensor: tensor='out':type=f32;ne=[256, 1, 1, 1];nb=[4, 1024, 1024, 1024] size=1024 offset=0
[SYCL] call ggml_backend_sycl_synchronize
[SYCL] call ggml_backend_sycl_buffer_get_tensor: tensor='sent_0':type=f32;ne=[1024, 1, 1, 1];nb=[4, 4096, 4096, 4096] size=4096 offset=0
[SYCL] call ggml_backend_sycl_buffer_get_tensor: tensor='sent_0':type=f32;ne=[1024, 1, 1, 1];nb=[4, 4096, 4096, 4096] size=4096 offset=0
[SYCL] call ggml_backend_sycl_synchronize
[SYCL] call ggml_backend_sycl_buffer_get_tensor: tensor='sent_1':type=f32;ne=[1024, 1, 1, 1];nb=[4, 4096, 4096, 4096] size=4096 offset=0
[SYCL] call ggml_backend_sycl_buffer_get_tensor: tensor='sent_1':type=f32;ne=[1024, 1, 1, 1];nb=[4, 4096, 4096, 4096] size=4096 offset=0
[SYCL] call ggml_backend_sycl_synchronize
[SYCL] call ggml_backend_sycl_buffer_get_tensor: tensor='sent_2':type=f32;ne=[1024, 1, 1, 1];nb=[4, 4096, 4096, 4096] size=4096 offset=0
[SYCL] call ggml_backend_sycl_buffer_get_tensor: tensor='sent_2':type=f32;ne=[1024, 1, 1, 1];nb=[4, 4096, 4096, 4096] size=4096 offset=0
[SYCL] call ggml_backend_sycl_synchronize
[SYCL] call ggml_backend_sycl_buffer_get_tensor: tensor='sent_3':type=f32;ne=[1024, 1, 1, 1];nb=[4, 4096, 4096, 4096] size=4096 offset=0
[SYCL] call ggml_backend_sycl_buffer_get_tensor: tensor='sent_3':type=f32;ne=[1024, 1, 1, 1];nb=[4, 4096, 4096, 4096] size=4096 offset=0
[SYCL] call ggml_backend_sycl_device_supports_op op->op=NONE op->type=f32 -> true
[SYCL] call ggml_backend_sycl_device_supports_op op->op=NONE op->type=q8_0 -> true
[SYCL] call ggml_backend_sycl_device_supports_op op->op=NONE op->type=f32 -> true
[SYCL] call ggml_backend_sycl_device_supports_op op->op=NONE op->type=f32 -> true
[SYCL] call ggml_backend_sycl_device_supports_op op->op=NONE op->type=f32 -> true
[SYCL] call ggml_backend_sycl_device_supports_op op->op=MUL_MAT op->type=f32 -> true
[SYCL] call ggml_backend_sycl_buffer_init_tensor: tensor='sent_0':type=f32;ne=[1024, 1, 1, 1];nb=[4, 4096, 4096, 4096]
[SYCL] call ggml_backend_sycl_buffer_init_tensor: tensor='a':type=q8_0;ne=[256, 2048, 1, 1];nb=[34, 272, 557056, 557056]
[SYCL] call ggml_backend_sycl_buffer_init_tensor: tensor='sent_1':type=f32;ne=[1024, 1, 1, 1];nb=[4, 4096, 4096, 4096]
[SYCL] call ggml_backend_sycl_buffer_init_tensor: tensor='b':type=f32;ne=[256, 2, 1, 1];nb=[4, 1024, 2048, 2048]
[SYCL] call ggml_backend_sycl_buffer_init_tensor: tensor='sent_2':type=f32;ne=[1024, 1, 1, 1];nb=[4, 4096, 4096, 4096]
[SYCL] call ggml_backend_sycl_buffer_init_tensor: tensor='out':type=f32;ne=[2048, 2, 1, 1];nb=[4, 8192, 16384, 16384]
[SYCL] call ggml_backend_sycl_buffer_init_tensor: tensor='sent_3':type=f32;ne=[1024, 1, 1, 1];nb=[4, 4096, 4096, 4096]
[SYCL] call ggml_backend_sycl_buffer_set_tensor: tensor='sent_0':type=f32;ne=[1024, 1, 1, 1];nb=[4, 4096, 4096, 4096] size=4096 offset=0
[SYCL] call ggml_backend_sycl_buffer_set_tensor: tensor='a':type=q8_0;ne=[256, 2048, 1, 1];nb=[34, 272, 557056, 557056] size=557056 offset=0
[SYCL] call ggml_backend_sycl_buffer_set_tensor: tensor='sent_1':type=f32;ne=[1024, 1, 1, 1];nb=[4, 4096, 4096, 4096] size=4096 offset=0
[SYCL] call ggml_backend_sycl_buffer_set_tensor: tensor='b':type=f32;ne=[256, 2, 1, 1];nb=[4, 1024, 2048, 2048] size=2048 offset=0
[SYCL] call ggml_backend_sycl_buffer_set_tensor: tensor='sent_2':type=f32;ne=[1024, 1, 1, 1];nb=[4, 4096, 4096, 4096] size=4096 offset=0
[SYCL] call ggml_backend_sycl_buffer_set_tensor: tensor='out':type=f32;ne=[2048, 2, 1, 1];nb=[4, 8192, 16384, 16384] size=16384 offset=0
[SYCL] call ggml_backend_sycl_buffer_set_tensor: tensor='sent_3':type=f32;ne=[1024, 1, 1, 1];nb=[4, 4096, 4096, 4096] size=4096 offset=0
[SYCL] call ggml_backend_sycl_buffer_get_tensor: tensor='out':type=f32;ne=[2048, 2, 1, 1];nb=[4, 8192, 16384, 16384] size=16384 offset=0
[SYCL] call ggml_backend_sycl_buffer_get_tensor: tensor='a':type=q8_0;ne=[256, 2048, 1, 1];nb=[34, 272, 557056, 557056] size=557056 offset=0
[SYCL] call ggml_backend_sycl_buffer_get_tensor: tensor='b':type=f32;ne=[256, 2, 1, 1];nb=[4, 1024, 2048, 2048] size=2048 offset=0
[SYCL] call ggml_backend_sycl_buffer_get_tensor: tensor='sent_0':type=f32;ne=[1024, 1, 1, 1];nb=[4, 4096, 4096, 4096] size=4096 offset=0
[SYCL] call ggml_backend_sycl_buffer_get_tensor: tensor='sent_1':type=f32;ne=[1024, 1, 1, 1];nb=[4, 4096, 4096, 4096] size=4096 offset=0
[SYCL] call ggml_backend_sycl_buffer_get_tensor: tensor='sent_2':type=f32;ne=[1024, 1, 1, 1];nb=[4, 4096, 4096, 4096] size=4096 offset=0
[SYCL] call ggml_backend_sycl_buffer_get_tensor: tensor='sent_3':type=f32;ne=[1024, 1, 1, 1];nb=[4, 4096, 4096, 4096] size=4096 offset=0
[SYCL][OP] call ggml_sycl_mul_mat: dst='out':type=f32;ne=[2048, 2, 1, 1];nb=[4, 8192, 16384, 16384]	src0='a':type=q8_0;ne=[256, 2048, 1, 1];nb=[34, 272, 557056, 557056]	src1='b':type=f32;ne=[256, 2, 1, 1];nb=[4, 1024, 2048, 2048]
[SYCL][OP] call ggml_sycl_op_mul_mat/quantize_row_q8_1_sycl: dst='out':type=f32;ne=[2048, 2, 1, 1];nb=[4, 8192, 16384, 16384]	src0='a':type=q8_0;ne=[256, 2048, 1, 1];nb=[34, 272, 557056, 557056]	src1='b':type=f32;ne=[256, 2, 1, 1];nb=[4, 1024, 2048, 2048] : converting src1 to Q8_1
[SYCL][OP] call ggml_sycl_op_mul_mat/quantize_row_q8_1_sycl done
Calling reorder_mul_mat_vec_q8_0_q8_1_sycl_switch_ncols ncols=2
[SYCL][OP] call ggml_sycl_mul_mat done
[SYCL] call ggml_backend_sycl_synchronize
[SYCL] call ggml_backend_sycl_buffer_get_tensor: tensor='out':type=f32;ne=[2048, 2, 1, 1];nb=[4, 8192, 16384, 16384] size=16384 offset=0
[SYCL] call ggml_backend_sycl_synchronize
[SYCL] call ggml_backend_sycl_buffer_get_tensor: tensor='sent_0':type=f32;ne=[1024, 1, 1, 1];nb=[4, 4096, 4096, 4096] size=4096 offset=0
[SYCL] call ggml_backend_sycl_buffer_get_tensor: tensor='sent_0':type=f32;ne=[1024, 1, 1, 1];nb=[4, 4096, 4096, 4096] size=4096 offset=0
[SYCL] call ggml_backend_sycl_synchronize
[SYCL] call ggml_backend_sycl_buffer_get_tensor: tensor='sent_1':type=f32;ne=[1024, 1, 1, 1];nb=[4, 4096, 4096, 4096] size=4096 offset=0
[SYCL] call ggml_backend_sycl_buffer_get_tensor: tensor='sent_1':type=f32;ne=[1024, 1, 1, 1];nb=[4, 4096, 4096, 4096] size=4096 offset=0
[SYCL] call ggml_backend_sycl_synchronize
[SYCL] call ggml_backend_sycl_buffer_get_tensor: tensor='sent_2':type=f32;ne=[1024, 1, 1, 1];nb=[4, 4096, 4096, 4096] size=4096 offset=0
[SYCL] call ggml_backend_sycl_buffer_get_tensor: tensor='sent_2':type=f32;ne=[1024, 1, 1, 1];nb=[4, 4096, 4096, 4096] size=4096 offset=0
[SYCL] call ggml_backend_sycl_synchronize
[SYCL] call ggml_backend_sycl_buffer_get_tensor: tensor='sent_3':type=f32;ne=[1024, 1, 1, 1];nb=[4, 4096, 4096, 4096] size=4096 offset=0
[SYCL] call ggml_backend_sycl_buffer_get_tensor: tensor='sent_3':type=f32;ne=[1024, 1, 1, 1];nb=[4, 4096, 4096, 4096] size=4096 offset=0
[SYCL] call ggml_backend_sycl_device_supports_op op->op=NONE op->type=f32 -> true
[SYCL] call ggml_backend_sycl_device_supports_op op->op=NONE op->type=q8_0 -> true
[SYCL] call ggml_backend_sycl_device_supports_op op->op=NONE op->type=f32 -> true
[SYCL] call ggml_backend_sycl_device_supports_op op->op=NONE op->type=f32 -> true
[SYCL] call ggml_backend_sycl_device_supports_op op->op=NONE op->type=f32 -> true
[SYCL] call ggml_backend_sycl_device_supports_op op->op=MUL_MAT op->type=f32 -> true
[SYCL] call ggml_backend_sycl_buffer_init_tensor: tensor='sent_0':type=f32;ne=[1024, 1, 1, 1];nb=[4, 4096, 4096, 4096]
[SYCL] call ggml_backend_sycl_buffer_init_tensor: tensor='a':type=q8_0;ne=[2048, 256, 1, 1];nb=[34, 2176, 557056, 557056]
[SYCL] call ggml_backend_sycl_buffer_init_tensor: tensor='sent_1':type=f32;ne=[1024, 1, 1, 1];nb=[4, 4096, 4096, 4096]
[SYCL] call ggml_backend_sycl_buffer_init_tensor: tensor='b':type=f32;ne=[2048, 2, 1, 1];nb=[4, 8192, 16384, 16384]
[SYCL] call ggml_backend_sycl_buffer_init_tensor: tensor='sent_2':type=f32;ne=[1024, 1, 1, 1];nb=[4, 4096, 4096, 4096]
[SYCL] call ggml_backend_sycl_buffer_init_tensor: tensor='out':type=f32;ne=[256, 2, 1, 1];nb=[4, 1024, 2048, 2048]
[SYCL] call ggml_backend_sycl_buffer_init_tensor: tensor='sent_3':type=f32;ne=[1024, 1, 1, 1];nb=[4, 4096, 4096, 4096]
[SYCL] call ggml_backend_sycl_buffer_set_tensor: tensor='sent_0':type=f32;ne=[1024, 1, 1, 1];nb=[4, 4096, 4096, 4096] size=4096 offset=0
[SYCL] call ggml_backend_sycl_buffer_set_tensor: tensor='a':type=q8_0;ne=[2048, 256, 1, 1];nb=[34, 2176, 557056, 557056] size=557056 offset=0
[SYCL] call ggml_backend_sycl_buffer_set_tensor: tensor='sent_1':type=f32;ne=[1024, 1, 1, 1];nb=[4, 4096, 4096, 4096] size=4096 offset=0
[SYCL] call ggml_backend_sycl_buffer_set_tensor: tensor='b':type=f32;ne=[2048, 2, 1, 1];nb=[4, 8192, 16384, 16384] size=16384 offset=0
[SYCL] call ggml_backend_sycl_buffer_set_tensor: tensor='sent_2':type=f32;ne=[1024, 1, 1, 1];nb=[4, 4096, 4096, 4096] size=4096 offset=0
[SYCL] call ggml_backend_sycl_buffer_set_tensor: tensor='out':type=f32;ne=[256, 2, 1, 1];nb=[4, 1024, 2048, 2048] size=2048 offset=0
[SYCL] call ggml_backend_sycl_buffer_set_tensor: tensor='sent_3':type=f32;ne=[1024, 1, 1, 1];nb=[4, 4096, 4096, 4096] size=4096 offset=0
[SYCL] call ggml_backend_sycl_buffer_get_tensor: tensor='out':type=f32;ne=[256, 2, 1, 1];nb=[4, 1024, 2048, 2048] size=2048 offset=0
[SYCL] call ggml_backend_sycl_buffer_get_tensor: tensor='a':type=q8_0;ne=[2048, 256, 1, 1];nb=[34, 2176, 557056, 557056] size=557056 offset=0
[SYCL] call ggml_backend_sycl_buffer_get_tensor: tensor='b':type=f32;ne=[2048, 2, 1, 1];nb=[4, 8192, 16384, 16384] size=16384 offset=0
[SYCL] call ggml_backend_sycl_buffer_get_tensor: tensor='sent_0':type=f32;ne=[1024, 1, 1, 1];nb=[4, 4096, 4096, 4096] size=4096 offset=0
[SYCL] call ggml_backend_sycl_buffer_get_tensor: tensor='sent_1':type=f32;ne=[1024, 1, 1, 1];nb=[4, 4096, 4096, 4096] size=4096 offset=0
[SYCL] call ggml_backend_sycl_buffer_get_tensor: tensor='sent_2':type=f32;ne=[1024, 1, 1, 1];nb=[4, 4096, 4096, 4096] size=4096 offset=0
[SYCL] call ggml_backend_sycl_buffer_get_tensor: tensor='sent_3':type=f32;ne=[1024, 1, 1, 1];nb=[4, 4096, 4096, 4096] size=4096 offset=0
[SYCL][OP] call ggml_sycl_mul_mat: dst='out':type=f32;ne=[256, 2, 1, 1];nb=[4, 1024, 2048, 2048]	src0='a':type=q8_0;ne=[2048, 256, 1, 1];nb=[34, 2176, 557056, 557056]	src1='b':type=f32;ne=[2048, 2, 1, 1];nb=[4, 8192, 16384, 16384]
[SYCL][OP] call ggml_sycl_op_mul_mat/quantize_row_q8_1_sycl: dst='out':type=f32;ne=[256, 2, 1, 1];nb=[4, 1024, 2048, 2048]	src0='a':type=q8_0;ne=[2048, 256, 1, 1];nb=[34, 2176, 557056, 557056]	src1='b':type=f32;ne=[2048, 2, 1, 1];nb=[4, 8192, 16384, 16384] : converting src1 to Q8_1
[SYCL][OP] call ggml_sycl_op_mul_mat/quantize_row_q8_1_sycl done
Calling reorder_mul_mat_vec_q8_0_q8_1_sycl_switch_ncols ncols=2
[SYCL][OP] call ggml_sycl_mul_mat done
[SYCL] call ggml_backend_sycl_synchronize
[SYCL] call ggml_backend_sycl_buffer_get_tensor: tensor='out':type=f32;ne=[256, 2, 1, 1];nb=[4, 1024, 2048, 2048] size=2048 offset=0
[SYCL] call ggml_backend_sycl_synchronize
[SYCL] call ggml_backend_sycl_buffer_get_tensor: tensor='sent_0':type=f32;ne=[1024, 1, 1, 1];nb=[4, 4096, 4096, 4096] size=4096 offset=0
[SYCL] call ggml_backend_sycl_buffer_get_tensor: tensor='sent_0':type=f32;ne=[1024, 1, 1, 1];nb=[4, 4096, 4096, 4096] size=4096 offset=0
[SYCL] call ggml_backend_sycl_synchronize
[SYCL] call ggml_backend_sycl_buffer_get_tensor: tensor='sent_1':type=f32;ne=[1024, 1, 1, 1];nb=[4, 4096, 4096, 4096] size=4096 offset=0
[SYCL] call ggml_backend_sycl_buffer_get_tensor: tensor='sent_1':type=f32;ne=[1024, 1, 1, 1];nb=[4, 4096, 4096, 4096] size=4096 offset=0
[SYCL] call ggml_backend_sycl_synchronize
[SYCL] call ggml_backend_sycl_buffer_get_tensor: tensor='sent_2':type=f32;ne=[1024, 1, 1, 1];nb=[4, 4096, 4096, 4096] size=4096 offset=0
[SYCL] call ggml_backend_sycl_buffer_get_tensor: tensor='sent_2':type=f32;ne=[1024, 1, 1, 1];nb=[4, 4096, 4096, 4096] size=4096 offset=0
[SYCL] call ggml_backend_sycl_synchronize
[SYCL] call ggml_backend_sycl_buffer_get_tensor: tensor='sent_3':type=f32;ne=[1024, 1, 1, 1];nb=[4, 4096, 4096, 4096] size=4096 offset=0
[SYCL] call ggml_backend_sycl_buffer_get_tensor: tensor='sent_3':type=f32;ne=[1024, 1, 1, 1];nb=[4, 4096, 4096, 4096] size=4096 offset=0
[SYCL] call ggml_backend_sycl_device_supports_op op->op=NONE op->type=f32 -> true
[SYCL] call ggml_backend_sycl_device_supports_op op->op=NONE op->type=q8_0 -> true
[SYCL] call ggml_backend_sycl_device_supports_op op->op=NONE op->type=f32 -> true
[SYCL] call ggml_backend_sycl_device_supports_op op->op=NONE op->type=f32 -> true
[SYCL] call ggml_backend_sycl_device_supports_op op->op=NONE op->type=f32 -> true
[SYCL] call ggml_backend_sycl_device_supports_op op->op=MUL_MAT op->type=f32 -> true
[SYCL] call ggml_backend_sycl_buffer_init_tensor: tensor='sent_0':type=f32;ne=[1024, 1, 1, 1];nb=[4, 4096, 4096, 4096]
[SYCL] call ggml_backend_sycl_buffer_init_tensor: tensor='a':type=q8_0;ne=[256, 1024, 1, 1];nb=[34, 272, 278528, 278528]
[SYCL] call ggml_backend_sycl_buffer_init_tensor: tensor='sent_1':type=f32;ne=[1024, 1, 1, 1];nb=[4, 4096, 4096, 4096]
[SYCL] call ggml_backend_sycl_buffer_init_tensor: tensor='b':type=f32;ne=[256, 2, 1, 1];nb=[4, 1024, 2048, 2048]
[SYCL] call ggml_backend_sycl_buffer_init_tensor: tensor='sent_2':type=f32;ne=[1024, 1, 1, 1];nb=[4, 4096, 4096, 4096]
[SYCL] call ggml_backend_sycl_buffer_init_tensor: tensor='out':type=f32;ne=[1024, 2, 1, 1];nb=[4, 4096, 8192, 8192]
[SYCL] call ggml_backend_sycl_buffer_init_tensor: tensor='sent_3':type=f32;ne=[1024, 1, 1, 1];nb=[4, 4096, 4096, 4096]
[SYCL] call ggml_backend_sycl_buffer_set_tensor: tensor='sent_0':type=f32;ne=[1024, 1, 1, 1];nb=[4, 4096, 4096, 4096] size=4096 offset=0
[SYCL] call ggml_backend_sycl_buffer_set_tensor: tensor='a':type=q8_0;ne=[256, 1024, 1, 1];nb=[34, 272, 278528, 278528] size=278528 offset=0
[SYCL] call ggml_backend_sycl_buffer_set_tensor: tensor='sent_1':type=f32;ne=[1024, 1, 1, 1];nb=[4, 4096, 4096, 4096] size=4096 offset=0
[SYCL] call ggml_backend_sycl_buffer_set_tensor: tensor='b':type=f32;ne=[256, 2, 1, 1];nb=[4, 1024, 2048, 2048] size=2048 offset=0
[SYCL] call ggml_backend_sycl_buffer_set_tensor: tensor='sent_2':type=f32;ne=[1024, 1, 1, 1];nb=[4, 4096, 4096, 4096] size=4096 offset=0
[SYCL] call ggml_backend_sycl_buffer_set_tensor: tensor='out':type=f32;ne=[1024, 2, 1, 1];nb=[4, 4096, 8192, 8192] size=8192 offset=0
[SYCL] call ggml_backend_sycl_buffer_set_tensor: tensor='sent_3':type=f32;ne=[1024, 1, 1, 1];nb=[4, 4096, 4096, 4096] size=4096 offset=0
[SYCL] call ggml_backend_sycl_buffer_get_tensor: tensor='out':type=f32;ne=[1024, 2, 1, 1];nb=[4, 4096, 8192, 8192] size=8192 offset=0
[SYCL] call ggml_backend_sycl_buffer_get_tensor: tensor='a':type=q8_0;ne=[256, 1024, 1, 1];nb=[34, 272, 278528, 278528] size=278528 offset=0
[SYCL] call ggml_backend_sycl_buffer_get_tensor: tensor='b':type=f32;ne=[256, 2, 1, 1];nb=[4, 1024, 2048, 2048] size=2048 offset=0
[SYCL] call ggml_backend_sycl_buffer_get_tensor: tensor='sent_0':type=f32;ne=[1024, 1, 1, 1];nb=[4, 4096, 4096, 4096] size=4096 offset=0
[SYCL] call ggml_backend_sycl_buffer_get_tensor: tensor='sent_1':type=f32;ne=[1024, 1, 1, 1];nb=[4, 4096, 4096, 4096] size=4096 offset=0
[SYCL] call ggml_backend_sycl_buffer_get_tensor: tensor='sent_2':type=f32;ne=[1024, 1, 1, 1];nb=[4, 4096, 4096, 4096] size=4096 offset=0
[SYCL] call ggml_backend_sycl_buffer_get_tensor: tensor='sent_3':type=f32;ne=[1024, 1, 1, 1];nb=[4, 4096, 4096, 4096] size=4096 offset=0
[SYCL][OP] call ggml_sycl_mul_mat: dst='out':type=f32;ne=[1024, 2, 1, 1];nb=[4, 4096, 8192, 8192]	src0='a':type=q8_0;ne=[256, 1024, 1, 1];nb=[34, 272, 278528, 278528]	src1='b':type=f32;ne=[256, 2, 1, 1];nb=[4, 1024, 2048, 2048]
[SYCL][OP] call ggml_sycl_op_mul_mat/quantize_row_q8_1_sycl: dst='out':type=f32;ne=[1024, 2, 1, 1];nb=[4, 4096, 8192, 8192]	src0='a':type=q8_0;ne=[256, 1024, 1, 1];nb=[34, 272, 278528, 278528]	src1='b':type=f32;ne=[256, 2, 1, 1];nb=[4, 1024, 2048, 2048] : converting src1 to Q8_1
[SYCL][OP] call ggml_sycl_op_mul_mat/quantize_row_q8_1_sycl done
Calling reorder_mul_mat_vec_q8_0_q8_1_sycl_switch_ncols ncols=2
[SYCL][OP] call ggml_sycl_mul_mat done
[SYCL] call ggml_backend_sycl_synchronize
[SYCL] call ggml_backend_sycl_buffer_get_tensor: tensor='out':type=f32;ne=[1024, 2, 1, 1];nb=[4, 4096, 8192, 8192] size=8192 offset=0
[SYCL] call ggml_backend_sycl_synchronize
[SYCL] call ggml_backend_sycl_buffer_get_tensor: tensor='sent_0':type=f32;ne=[1024, 1, 1, 1];nb=[4, 4096, 4096, 4096] size=4096 offset=0
[SYCL] call ggml_backend_sycl_buffer_get_tensor: tensor='sent_0':type=f32;ne=[1024, 1, 1, 1];nb=[4, 4096, 4096, 4096] size=4096 offset=0
[SYCL] call ggml_backend_sycl_synchronize
[SYCL] call ggml_backend_sycl_buffer_get_tensor: tensor='sent_1':type=f32;ne=[1024, 1, 1, 1];nb=[4, 4096, 4096, 4096] size=4096 offset=0
[SYCL] call ggml_backend_sycl_buffer_get_tensor: tensor='sent_1':type=f32;ne=[1024, 1, 1, 1];nb=[4, 4096, 4096, 4096] size=4096 offset=0
[SYCL] call ggml_backend_sycl_synchronize
[SYCL] call ggml_backend_sycl_buffer_get_tensor: tensor='sent_2':type=f32;ne=[1024, 1, 1, 1];nb=[4, 4096, 4096, 4096] size=4096 offset=0
[SYCL] call ggml_backend_sycl_buffer_get_tensor: tensor='sent_2':type=f32;ne=[1024, 1, 1, 1];nb=[4, 4096, 4096, 4096] size=4096 offset=0
[SYCL] call ggml_backend_sycl_synchronize
[SYCL] call ggml_backend_sycl_buffer_get_tensor: tensor='sent_3':type=f32;ne=[1024, 1, 1, 1];nb=[4, 4096, 4096, 4096] size=4096 offset=0
[SYCL] call ggml_backend_sycl_buffer_get_tensor: tensor='sent_3':type=f32;ne=[1024, 1, 1, 1];nb=[4, 4096, 4096, 4096] size=4096 offset=0
[SYCL] call ggml_backend_sycl_device_supports_op op->op=NONE op->type=f32 -> true
[SYCL] call ggml_backend_sycl_device_supports_op op->op=NONE op->type=q8_0 -> true
[SYCL] call ggml_backend_sycl_device_supports_op op->op=NONE op->type=f32 -> true
[SYCL] call ggml_backend_sycl_device_supports_op op->op=NONE op->type=f32 -> true
[SYCL] call ggml_backend_sycl_device_supports_op op->op=NONE op->type=f32 -> true
[SYCL] call ggml_backend_sycl_device_supports_op op->op=MUL_MAT op->type=f32 -> true
[SYCL] call ggml_backend_sycl_buffer_init_tensor: tensor='sent_0':type=f32;ne=[1024, 1, 1, 1];nb=[4, 4096, 4096, 4096]
[SYCL] call ggml_backend_sycl_buffer_init_tensor: tensor='a':type=q8_0;ne=[256, 2560, 1, 1];nb=[34, 272, 696320, 696320]
[SYCL] call ggml_backend_sycl_buffer_init_tensor: tensor='sent_1':type=f32;ne=[1024, 1, 1, 1];nb=[4, 4096, 4096, 4096]
[SYCL] call ggml_backend_sycl_buffer_init_tensor: tensor='b':type=f32;ne=[256, 2, 1, 1];nb=[4, 1024, 2048, 2048]
[SYCL] call ggml_backend_sycl_buffer_init_tensor: tensor='sent_2':type=f32;ne=[1024, 1, 1, 1];nb=[4, 4096, 4096, 4096]
[SYCL] call ggml_backend_sycl_buffer_init_tensor: tensor='out':type=f32;ne=[2560, 2, 1, 1];nb=[4, 10240, 20480, 20480]
[SYCL] call ggml_backend_sycl_buffer_init_tensor: tensor='sent_3':type=f32;ne=[1024, 1, 1, 1];nb=[4, 4096, 4096, 4096]
[SYCL] call ggml_backend_sycl_buffer_set_tensor: tensor='sent_0':type=f32;ne=[1024, 1, 1, 1];nb=[4, 4096, 4096, 4096] size=4096 offset=0
[SYCL] call ggml_backend_sycl_buffer_set_tensor: tensor='a':type=q8_0;ne=[256, 2560, 1, 1];nb=[34, 272, 696320, 696320] size=696320 offset=0
[SYCL] call ggml_backend_sycl_buffer_set_tensor: tensor='sent_1':type=f32;ne=[1024, 1, 1, 1];nb=[4, 4096, 4096, 4096] size=4096 offset=0
[SYCL] call ggml_backend_sycl_buffer_set_tensor: tensor='b':type=f32;ne=[256, 2, 1, 1];nb=[4, 1024, 2048, 2048] size=2048 offset=0
[SYCL] call ggml_backend_sycl_buffer_set_tensor: tensor='sent_2':type=f32;ne=[1024, 1, 1, 1];nb=[4, 4096, 4096, 4096] size=4096 offset=0
[SYCL] call ggml_backend_sycl_buffer_set_tensor: tensor='out':type=f32;ne=[2560, 2, 1, 1];nb=[4, 10240, 20480, 20480] size=20480 offset=0
[SYCL] call ggml_backend_sycl_buffer_set_tensor: tensor='sent_3':type=f32;ne=[1024, 1, 1, 1];nb=[4, 4096, 4096, 4096] size=4096 offset=0
[SYCL] call ggml_backend_sycl_buffer_get_tensor: tensor='out':type=f32;ne=[2560, 2, 1, 1];nb=[4, 10240, 20480, 20480] size=20480 offset=0
[SYCL] call ggml_backend_sycl_buffer_get_tensor: tensor='a':type=q8_0;ne=[256, 2560, 1, 1];nb=[34, 272, 696320, 696320] size=696320 offset=0
[SYCL] call ggml_backend_sycl_buffer_get_tensor: tensor='b':type=f32;ne=[256, 2, 1, 1];nb=[4, 1024, 2048, 2048] size=2048 offset=0
[SYCL] call ggml_backend_sycl_buffer_get_tensor: tensor='sent_0':type=f32;ne=[1024, 1, 1, 1];nb=[4, 4096, 4096, 4096] size=4096 offset=0
[SYCL] call ggml_backend_sycl_buffer_get_tensor: tensor='sent_1':type=f32;ne=[1024, 1, 1, 1];nb=[4, 4096, 4096, 4096] size=4096 offset=0
[SYCL] call ggml_backend_sycl_buffer_get_tensor: tensor='sent_2':type=f32;ne=[1024, 1, 1, 1];nb=[4, 4096, 4096, 4096] size=4096 offset=0
[SYCL] call ggml_backend_sycl_buffer_get_tensor: tensor='sent_3':type=f32;ne=[1024, 1, 1, 1];nb=[4, 4096, 4096, 4096] size=4096 offset=0
[SYCL][OP] call ggml_sycl_mul_mat: dst='out':type=f32;ne=[2560, 2, 1, 1];nb=[4, 10240, 20480, 20480]	src0='a':type=q8_0;ne=[256, 2560, 1, 1];nb=[34, 272, 696320, 696320]	src1='b':type=f32;ne=[256, 2, 1, 1];nb=[4, 1024, 2048, 2048]
[SYCL][OP] call ggml_sycl_op_mul_mat/quantize_row_q8_1_sycl: dst='out':type=f32;ne=[2560, 2, 1, 1];nb=[4, 10240, 20480, 20480]	src0='a':type=q8_0;ne=[256, 2560, 1, 1];nb=[34, 272, 696320, 696320]	src1='b':type=f32;ne=[256, 2, 1, 1];nb=[4, 1024, 2048, 2048] : converting src1 to Q8_1
[SYCL][OP] call ggml_sycl_op_mul_mat/quantize_row_q8_1_sycl done
Calling reorder_mul_mat_vec_q8_0_q8_1_sycl_switch_ncols ncols=2
[SYCL][OP] call ggml_sycl_mul_mat done
[SYCL] call ggml_backend_sycl_synchronize
[SYCL] call ggml_backend_sycl_buffer_get_tensor: tensor='out':type=f32;ne=[2560, 2, 1, 1];nb=[4, 10240, 20480, 20480] size=20480 offset=0
[SYCL] call ggml_backend_sycl_synchronize
[SYCL] call ggml_backend_sycl_buffer_get_tensor: tensor='sent_0':type=f32;ne=[1024, 1, 1, 1];nb=[4, 4096, 4096, 4096] size=4096 offset=0
[SYCL] call ggml_backend_sycl_buffer_get_tensor: tensor='sent_0':type=f32;ne=[1024, 1, 1, 1];nb=[4, 4096, 4096, 4096] size=4096 offset=0
[SYCL] call ggml_backend_sycl_synchronize
[SYCL] call ggml_backend_sycl_buffer_get_tensor: tensor='sent_1':type=f32;ne=[1024, 1, 1, 1];nb=[4, 4096, 4096, 4096] size=4096 offset=0
[SYCL] call ggml_backend_sycl_buffer_get_tensor: tensor='sent_1':type=f32;ne=[1024, 1, 1, 1];nb=[4, 4096, 4096, 4096] size=4096 offset=0
[SYCL] call ggml_backend_sycl_synchronize
[SYCL] call ggml_backend_sycl_buffer_get_tensor: tensor='sent_2':type=f32;ne=[1024, 1, 1, 1];nb=[4, 4096, 4096, 4096] size=4096 offset=0
[SYCL] call ggml_backend_sycl_buffer_get_tensor: tensor='sent_2':type=f32;ne=[1024, 1, 1, 1];nb=[4, 4096, 4096, 4096] size=4096 offset=0
[SYCL] call ggml_backend_sycl_synchronize
[SYCL] call ggml_backend_sycl_buffer_get_tensor: tensor='sent_3':type=f32;ne=[1024, 1, 1, 1];nb=[4, 4096, 4096, 4096] size=4096 offset=0
[SYCL] call ggml_backend_sycl_buffer_get_tensor: tensor='sent_3':type=f32;ne=[1024, 1, 1, 1];nb=[4, 4096, 4096, 4096] size=4096 offset=0
[SYCL] call ggml_backend_sycl_device_supports_op op->op=NONE op->type=f32 -> true
[SYCL] call ggml_backend_sycl_device_supports_op op->op=NONE op->type=q8_0 -> true
[SYCL] call ggml_backend_sycl_device_supports_op op->op=NONE op->type=f32 -> true
[SYCL] call ggml_backend_sycl_device_supports_op op->op=NONE op->type=f32 -> true
[SYCL] call ggml_backend_sycl_device_supports_op op->op=NONE op->type=f32 -> true
[SYCL] call ggml_backend_sycl_device_supports_op op->op=MUL_MAT op->type=f32 -> true
[SYCL] call ggml_backend_sycl_buffer_init_tensor: tensor='sent_0':type=f32;ne=[1024, 1, 1, 1];nb=[4, 4096, 4096, 4096]
[SYCL] call ggml_backend_sycl_buffer_init_tensor: tensor='a':type=q8_0;ne=[5120, 256, 1, 1];nb=[34, 5440, 1392640, 1392640]
[SYCL] call ggml_backend_sycl_buffer_init_tensor: tensor='sent_1':type=f32;ne=[1024, 1, 1, 1];nb=[4, 4096, 4096, 4096]
[SYCL] call ggml_backend_sycl_buffer_init_tensor: tensor='b':type=f32;ne=[5120, 2, 1, 1];nb=[4, 20480, 40960, 40960]
[SYCL] call ggml_backend_sycl_buffer_init_tensor: tensor='sent_2':type=f32;ne=[1024, 1, 1, 1];nb=[4, 4096, 4096, 4096]
[SYCL] call ggml_backend_sycl_buffer_init_tensor: tensor='out':type=f32;ne=[256, 2, 1, 1];nb=[4, 1024, 2048, 2048]
[SYCL] call ggml_backend_sycl_buffer_init_tensor: tensor='sent_3':type=f32;ne=[1024, 1, 1, 1];nb=[4, 4096, 4096, 4096]
[SYCL] call ggml_backend_sycl_buffer_set_tensor: tensor='sent_0':type=f32;ne=[1024, 1, 1, 1];nb=[4, 4096, 4096, 4096] size=4096 offset=0
[SYCL] call ggml_backend_sycl_buffer_set_tensor: tensor='a':type=q8_0;ne=[5120, 256, 1, 1];nb=[34, 5440, 1392640, 1392640] size=1392640 offset=0
[SYCL] call ggml_backend_sycl_buffer_set_tensor: tensor='sent_1':type=f32;ne=[1024, 1, 1, 1];nb=[4, 4096, 4096, 4096] size=4096 offset=0
[SYCL] call ggml_backend_sycl_buffer_set_tensor: tensor='b':type=f32;ne=[5120, 2, 1, 1];nb=[4, 20480, 40960, 40960] size=40960 offset=0
[SYCL] call ggml_backend_sycl_buffer_set_tensor: tensor='sent_2':type=f32;ne=[1024, 1, 1, 1];nb=[4, 4096, 4096, 4096] size=4096 offset=0
[SYCL] call ggml_backend_sycl_buffer_set_tensor: tensor='out':type=f32;ne=[256, 2, 1, 1];nb=[4, 1024, 2048, 2048] size=2048 offset=0
[SYCL] call ggml_backend_sycl_buffer_set_tensor: tensor='sent_3':type=f32;ne=[1024, 1, 1, 1];nb=[4, 4096, 4096, 4096] size=4096 offset=0
[SYCL] call ggml_backend_sycl_buffer_get_tensor: tensor='out':type=f32;ne=[256, 2, 1, 1];nb=[4, 1024, 2048, 2048] size=2048 offset=0
[SYCL] call ggml_backend_sycl_buffer_get_tensor: tensor='a':type=q8_0;ne=[5120, 256, 1, 1];nb=[34, 5440, 1392640, 1392640] size=1392640 offset=0
[SYCL] call ggml_backend_sycl_buffer_get_tensor: tensor='b':type=f32;ne=[5120, 2, 1, 1];nb=[4, 20480, 40960, 40960] size=40960 offset=0
[SYCL] call ggml_backend_sycl_buffer_get_tensor: tensor='sent_0':type=f32;ne=[1024, 1, 1, 1];nb=[4, 4096, 4096, 4096] size=4096 offset=0
[SYCL] call ggml_backend_sycl_buffer_get_tensor: tensor='sent_1':type=f32;ne=[1024, 1, 1, 1];nb=[4, 4096, 4096, 4096] size=4096 offset=0
[SYCL] call ggml_backend_sycl_buffer_get_tensor: tensor='sent_2':type=f32;ne=[1024, 1, 1, 1];nb=[4, 4096, 4096, 4096] size=4096 offset=0
[SYCL] call ggml_backend_sycl_buffer_get_tensor: tensor='sent_3':type=f32;ne=[1024, 1, 1, 1];nb=[4, 4096, 4096, 4096] size=4096 offset=0
[SYCL][OP] call ggml_sycl_mul_mat: dst='out':type=f32;ne=[256, 2, 1, 1];nb=[4, 1024, 2048, 2048]	src0='a':type=q8_0;ne=[5120, 256, 1, 1];nb=[34, 5440, 1392640, 1392640]	src1='b':type=f32;ne=[5120, 2, 1, 1];nb=[4, 20480, 40960, 40960]
[SYCL][OP] call ggml_sycl_op_mul_mat/quantize_row_q8_1_sycl: dst='out':type=f32;ne=[256, 2, 1, 1];nb=[4, 1024, 2048, 2048]	src0='a':type=q8_0;ne=[5120, 256, 1, 1];nb=[34, 5440, 1392640, 1392640]	src1='b':type=f32;ne=[5120, 2, 1, 1];nb=[4, 20480, 40960, 40960] : converting src1 to Q8_1
[SYCL][OP] call ggml_sycl_op_mul_mat/quantize_row_q8_1_sycl done
Calling reorder_mul_mat_vec_q8_0_q8_1_sycl_switch_ncols ncols=2
[SYCL][OP] call ggml_sycl_mul_mat done
[SYCL] call ggml_backend_sycl_synchronize
[SYCL] call ggml_backend_sycl_buffer_get_tensor: tensor='out':type=f32;ne=[256, 2, 1, 1];nb=[4, 1024, 2048, 2048] size=2048 offset=0
[SYCL] call ggml_backend_sycl_synchronize
[SYCL] call ggml_backend_sycl_buffer_get_tensor: tensor='sent_0':type=f32;ne=[1024, 1, 1, 1];nb=[4, 4096, 4096, 4096] size=4096 offset=0
[SYCL] call ggml_backend_sycl_buffer_get_tensor: tensor='sent_0':type=f32;ne=[1024, 1, 1, 1];nb=[4, 4096, 4096, 4096] size=4096 offset=0
[SYCL] call ggml_backend_sycl_synchronize
[SYCL] call ggml_backend_sycl_buffer_get_tensor: tensor='sent_1':type=f32;ne=[1024, 1, 1, 1];nb=[4, 4096, 4096, 4096] size=4096 offset=0
[SYCL] call ggml_backend_sycl_buffer_get_tensor: tensor='sent_1':type=f32;ne=[1024, 1, 1, 1];nb=[4, 4096, 4096, 4096] size=4096 offset=0
[SYCL] call ggml_backend_sycl_synchronize
[SYCL] call ggml_backend_sycl_buffer_get_tensor: tensor='sent_2':type=f32;ne=[1024, 1, 1, 1];nb=[4, 4096, 4096, 4096] size=4096 offset=0
[SYCL] call ggml_backend_sycl_buffer_get_tensor: tensor='sent_2':type=f32;ne=[1024, 1, 1, 1];nb=[4, 4096, 4096, 4096] size=4096 offset=0
[SYCL] call ggml_backend_sycl_synchronize
[SYCL] call ggml_backend_sycl_buffer_get_tensor: tensor='sent_3':type=f32;ne=[1024, 1, 1, 1];nb=[4, 4096, 4096, 4096] size=4096 offset=0
[SYCL] call ggml_backend_sycl_buffer_get_tensor: tensor='sent_3':type=f32;ne=[1024, 1, 1, 1];nb=[4, 4096, 4096, 4096] size=4096 offset=0
[SYCL] call ggml_backend_sycl_device_supports_op op->op=NONE op->type=f32 -> true
[SYCL] call ggml_backend_sycl_device_supports_op op->op=NONE op->type=q8_0 -> true
[SYCL] call ggml_backend_sycl_device_supports_op op->op=NONE op->type=f32 -> true
[SYCL] call ggml_backend_sycl_device_supports_op op->op=NONE op->type=f32 -> true
[SYCL] call ggml_backend_sycl_device_supports_op op->op=NONE op->type=f32 -> true
[SYCL] call ggml_backend_sycl_device_supports_op op->op=MUL_MAT op->type=f32 -> true
[SYCL] call ggml_backend_sycl_buffer_init_tensor: tensor='sent_0':type=f32;ne=[1024, 1, 1, 1];nb=[4, 4096, 4096, 4096]
[SYCL] call ggml_backend_sycl_buffer_init_tensor: tensor='a':type=q8_0;ne=[256, 2048, 1, 1];nb=[34, 272, 557056, 557056]
[SYCL] call ggml_backend_sycl_buffer_init_tensor: tensor='sent_1':type=f32;ne=[1024, 1, 1, 1];nb=[4, 4096, 4096, 4096]
[SYCL] call ggml_backend_sycl_buffer_init_tensor: tensor='b':type=f32;ne=[256, 3, 1, 1];nb=[4, 1024, 3072, 3072]
[SYCL] call ggml_backend_sycl_buffer_init_tensor: tensor='sent_2':type=f32;ne=[1024, 1, 1, 1];nb=[4, 4096, 4096, 4096]
[SYCL] call ggml_backend_sycl_buffer_init_tensor: tensor='out':type=f32;ne=[2048, 3, 1, 1];nb=[4, 8192, 24576, 24576]
[SYCL] call ggml_backend_sycl_buffer_init_tensor: tensor='sent_3':type=f32;ne=[1024, 1, 1, 1];nb=[4, 4096, 4096, 4096]
[SYCL] call ggml_backend_sycl_buffer_set_tensor: tensor='sent_0':type=f32;ne=[1024, 1, 1, 1];nb=[4, 4096, 4096, 4096] size=4096 offset=0
[SYCL] call ggml_backend_sycl_buffer_set_tensor: tensor='a':type=q8_0;ne=[256, 2048, 1, 1];nb=[34, 272, 557056, 557056] size=557056 offset=0
[SYCL] call ggml_backend_sycl_buffer_set_tensor: tensor='sent_1':type=f32;ne=[1024, 1, 1, 1];nb=[4, 4096, 4096, 4096] size=4096 offset=0
[SYCL] call ggml_backend_sycl_buffer_set_tensor: tensor='b':type=f32;ne=[256, 3, 1, 1];nb=[4, 1024, 3072, 3072] size=3072 offset=0
[SYCL] call ggml_backend_sycl_buffer_set_tensor: tensor='sent_2':type=f32;ne=[1024, 1, 1, 1];nb=[4, 4096, 4096, 4096] size=4096 offset=0
[SYCL] call ggml_backend_sycl_buffer_set_tensor: tensor='out':type=f32;ne=[2048, 3, 1, 1];nb=[4, 8192, 24576, 24576] size=24576 offset=0
[SYCL] call ggml_backend_sycl_buffer_set_tensor: tensor='sent_3':type=f32;ne=[1024, 1, 1, 1];nb=[4, 4096, 4096, 4096] size=4096 offset=0
[SYCL] call ggml_backend_sycl_buffer_get_tensor: tensor='out':type=f32;ne=[2048, 3, 1, 1];nb=[4, 8192, 24576, 24576] size=24576 offset=0
[SYCL] call ggml_backend_sycl_buffer_get_tensor: tensor='a':type=q8_0;ne=[256, 2048, 1, 1];nb=[34, 272, 557056, 557056] size=557056 offset=0
[SYCL] call ggml_backend_sycl_buffer_get_tensor: tensor='b':type=f32;ne=[256, 3, 1, 1];nb=[4, 1024, 3072, 3072] size=3072 offset=0
[SYCL] call ggml_backend_sycl_buffer_get_tensor: tensor='sent_0':type=f32;ne=[1024, 1, 1, 1];nb=[4, 4096, 4096, 4096] size=4096 offset=0
[SYCL] call ggml_backend_sycl_buffer_get_tensor: tensor='sent_1':type=f32;ne=[1024, 1, 1, 1];nb=[4, 4096, 4096, 4096] size=4096 offset=0
[SYCL] call ggml_backend_sycl_buffer_get_tensor: tensor='sent_2':type=f32;ne=[1024, 1, 1, 1];nb=[4, 4096, 4096, 4096] size=4096 offset=0
[SYCL] call ggml_backend_sycl_buffer_get_tensor: tensor='sent_3':type=f32;ne=[1024, 1, 1, 1];nb=[4, 4096, 4096, 4096] size=4096 offset=0
[SYCL][OP] call ggml_sycl_mul_mat: dst='out':type=f32;ne=[2048, 3, 1, 1];nb=[4, 8192, 24576, 24576]	src0='a':type=q8_0;ne=[256, 2048, 1, 1];nb=[34, 272, 557056, 557056]	src1='b':type=f32;ne=[256, 3, 1, 1];nb=[4, 1024, 3072, 3072]
[SYCL][OP] call ggml_sycl_op_mul_mat/quantize_row_q8_1_sycl: dst='out':type=f32;ne=[2048, 3, 1, 1];nb=[4, 8192, 24576, 24576]	src0='a':type=q8_0;ne=[256, 2048, 1, 1];nb=[34, 272, 557056, 557056]	src1='b':type=f32;ne=[256, 3, 1, 1];nb=[4, 1024, 3072, 3072] : converting src1 to Q8_1
[SYCL][OP] call ggml_sycl_op_mul_mat/quantize_row_q8_1_sycl done
Calling reorder_mul_mat_vec_q8_0_q8_1_sycl_switch_ncols ncols=3
[SYCL][OP] call ggml_sycl_mul_mat done
[SYCL] call ggml_backend_sycl_synchronize
[SYCL] call ggml_backend_sycl_buffer_get_tensor: tensor='out':type=f32;ne=[2048, 3, 1, 1];nb=[4, 8192, 24576, 24576] size=24576 offset=0
[SYCL] call ggml_backend_sycl_synchronize
[SYCL] call ggml_backend_sycl_buffer_get_tensor: tensor='sent_0':type=f32;ne=[1024, 1, 1, 1];nb=[4, 4096, 4096, 4096] size=4096 offset=0
[SYCL] call ggml_backend_sycl_buffer_get_tensor: tensor='sent_0':type=f32;ne=[1024, 1, 1, 1];nb=[4, 4096, 4096, 4096] size=4096 offset=0
[SYCL] call ggml_backend_sycl_synchronize
[SYCL] call ggml_backend_sycl_buffer_get_tensor: tensor='sent_1':type=f32;ne=[1024, 1, 1, 1];nb=[4, 4096, 4096, 4096] size=4096 offset=0
[SYCL] call ggml_backend_sycl_buffer_get_tensor: tensor='sent_1':type=f32;ne=[1024, 1, 1, 1];nb=[4, 4096, 4096, 4096] size=4096 offset=0
[SYCL] call ggml_backend_sycl_synchronize
[SYCL] call ggml_backend_sycl_buffer_get_tensor: tensor='sent_2':type=f32;ne=[1024, 1, 1, 1];nb=[4, 4096, 4096, 4096] size=4096 offset=0
[SYCL] call ggml_backend_sycl_buffer_get_tensor: tensor='sent_2':type=f32;ne=[1024, 1, 1, 1];nb=[4, 4096, 4096, 4096] size=4096 offset=0
[SYCL] call ggml_backend_sycl_synchronize
[SYCL] call ggml_backend_sycl_buffer_get_tensor: tensor='sent_3':type=f32;ne=[1024, 1, 1, 1];nb=[4, 4096, 4096, 4096] size=4096 offset=0
[SYCL] call ggml_backend_sycl_buffer_get_tensor: tensor='sent_3':type=f32;ne=[1024, 1, 1, 1];nb=[4, 4096, 4096, 4096] size=4096 offset=0
[SYCL] call ggml_backend_sycl_device_supports_op op->op=NONE op->type=f32 -> true
[SYCL] call ggml_backend_sycl_device_supports_op op->op=NONE op->type=q8_0 -> true
[SYCL] call ggml_backend_sycl_device_supports_op op->op=NONE op->type=f32 -> true
[SYCL] call ggml_backend_sycl_device_supports_op op->op=NONE op->type=f32 -> true
[SYCL] call ggml_backend_sycl_device_supports_op op->op=NONE op->type=f32 -> true
[SYCL] call ggml_backend_sycl_device_supports_op op->op=MUL_MAT op->type=f32 -> true
[SYCL] call ggml_backend_sycl_buffer_init_tensor: tensor='sent_0':type=f32;ne=[1024, 1, 1, 1];nb=[4, 4096, 4096, 4096]
[SYCL] call ggml_backend_sycl_buffer_init_tensor: tensor='a':type=q8_0;ne=[2048, 256, 1, 1];nb=[34, 2176, 557056, 557056]
[SYCL] call ggml_backend_sycl_buffer_init_tensor: tensor='sent_1':type=f32;ne=[1024, 1, 1, 1];nb=[4, 4096, 4096, 4096]
[SYCL] call ggml_backend_sycl_buffer_init_tensor: tensor='b':type=f32;ne=[2048, 3, 1, 1];nb=[4, 8192, 24576, 24576]
[SYCL] call ggml_backend_sycl_buffer_init_tensor: tensor='sent_2':type=f32;ne=[1024, 1, 1, 1];nb=[4, 4096, 4096, 4096]
[SYCL] call ggml_backend_sycl_buffer_init_tensor: tensor='out':type=f32;ne=[256, 3, 1, 1];nb=[4, 1024, 3072, 3072]
[SYCL] call ggml_backend_sycl_buffer_init_tensor: tensor='sent_3':type=f32;ne=[1024, 1, 1, 1];nb=[4, 4096, 4096, 4096]
[SYCL] call ggml_backend_sycl_buffer_set_tensor: tensor='sent_0':type=f32;ne=[1024, 1, 1, 1];nb=[4, 4096, 4096, 4096] size=4096 offset=0
[SYCL] call ggml_backend_sycl_buffer_set_tensor: tensor='a':type=q8_0;ne=[2048, 256, 1, 1];nb=[34, 2176, 557056, 557056] size=557056 offset=0
[SYCL] call ggml_backend_sycl_buffer_set_tensor: tensor='sent_1':type=f32;ne=[1024, 1, 1, 1];nb=[4, 4096, 4096, 4096] size=4096 offset=0
[SYCL] call ggml_backend_sycl_buffer_set_tensor: tensor='b':type=f32;ne=[2048, 3, 1, 1];nb=[4, 8192, 24576, 24576] size=24576 offset=0
[SYCL] call ggml_backend_sycl_buffer_set_tensor: tensor='sent_2':type=f32;ne=[1024, 1, 1, 1];nb=[4, 4096, 4096, 4096] size=4096 offset=0
[SYCL] call ggml_backend_sycl_buffer_set_tensor: tensor='out':type=f32;ne=[256, 3, 1, 1];nb=[4, 1024, 3072, 3072] size=3072 offset=0
[SYCL] call ggml_backend_sycl_buffer_set_tensor: tensor='sent_3':type=f32;ne=[1024, 1, 1, 1];nb=[4, 4096, 4096, 4096] size=4096 offset=0
[SYCL] call ggml_backend_sycl_buffer_get_tensor: tensor='out':type=f32;ne=[256, 3, 1, 1];nb=[4, 1024, 3072, 3072] size=3072 offset=0
[SYCL] call ggml_backend_sycl_buffer_get_tensor: tensor='a':type=q8_0;ne=[2048, 256, 1, 1];nb=[34, 2176, 557056, 557056] size=557056 offset=0
[SYCL] call ggml_backend_sycl_buffer_get_tensor: tensor='b':type=f32;ne=[2048, 3, 1, 1];nb=[4, 8192, 24576, 24576] size=24576 offset=0
[SYCL] call ggml_backend_sycl_buffer_get_tensor: tensor='sent_0':type=f32;ne=[1024, 1, 1, 1];nb=[4, 4096, 4096, 4096] size=4096 offset=0
[SYCL] call ggml_backend_sycl_buffer_get_tensor: tensor='sent_1':type=f32;ne=[1024, 1, 1, 1];nb=[4, 4096, 4096, 4096] size=4096 offset=0
[SYCL] call ggml_backend_sycl_buffer_get_tensor: tensor='sent_2':type=f32;ne=[1024, 1, 1, 1];nb=[4, 4096, 4096, 4096] size=4096 offset=0
[SYCL] call ggml_backend_sycl_buffer_get_tensor: tensor='sent_3':type=f32;ne=[1024, 1, 1, 1];nb=[4, 4096, 4096, 4096] size=4096 offset=0
[SYCL][OP] call ggml_sycl_mul_mat: dst='out':type=f32;ne=[256, 3, 1, 1];nb=[4, 1024, 3072, 3072]	src0='a':type=q8_0;ne=[2048, 256, 1, 1];nb=[34, 2176, 557056, 557056]	src1='b':type=f32;ne=[2048, 3, 1, 1];nb=[4, 8192, 24576, 24576]
[SYCL][OP] call ggml_sycl_op_mul_mat/quantize_row_q8_1_sycl: dst='out':type=f32;ne=[256, 3, 1, 1];nb=[4, 1024, 3072, 3072]	src0='a':type=q8_0;ne=[2048, 256, 1, 1];nb=[34, 2176, 557056, 557056]	src1='b':type=f32;ne=[2048, 3, 1, 1];nb=[4, 8192, 24576, 24576] : converting src1 to Q8_1
[SYCL][OP] call ggml_sycl_op_mul_mat/quantize_row_q8_1_sycl done
Calling reorder_mul_mat_vec_q8_0_q8_1_sycl_switch_ncols ncols=3
[SYCL][OP] call ggml_sycl_mul_mat done
[SYCL] call ggml_backend_sycl_synchronize
[SYCL] call ggml_backend_sycl_buffer_get_tensor: tensor='out':type=f32;ne=[256, 3, 1, 1];nb=[4, 1024, 3072, 3072] size=3072 offset=0
[SYCL] call ggml_backend_sycl_synchronize
[SYCL] call ggml_backend_sycl_buffer_get_tensor: tensor='sent_0':type=f32;ne=[1024, 1, 1, 1];nb=[4, 4096, 4096, 4096] size=4096 offset=0
[SYCL] call ggml_backend_sycl_buffer_get_tensor: tensor='sent_0':type=f32;ne=[1024, 1, 1, 1];nb=[4, 4096, 4096, 4096] size=4096 offset=0
[SYCL] call ggml_backend_sycl_synchronize
[SYCL] call ggml_backend_sycl_buffer_get_tensor: tensor='sent_1':type=f32;ne=[1024, 1, 1, 1];nb=[4, 4096, 4096, 4096] size=4096 offset=0
[SYCL] call ggml_backend_sycl_buffer_get_tensor: tensor='sent_1':type=f32;ne=[1024, 1, 1, 1];nb=[4, 4096, 4096, 4096] size=4096 offset=0
[SYCL] call ggml_backend_sycl_synchronize
[SYCL] call ggml_backend_sycl_buffer_get_tensor: tensor='sent_2':type=f32;ne=[1024, 1, 1, 1];nb=[4, 4096, 4096, 4096] size=4096 offset=0
[SYCL] call ggml_backend_sycl_buffer_get_tensor: tensor='sent_2':type=f32;ne=[1024, 1, 1, 1];nb=[4, 4096, 4096, 4096] size=4096 offset=0
[SYCL] call ggml_backend_sycl_synchronize
[SYCL] call ggml_backend_sycl_buffer_get_tensor: tensor='sent_3':type=f32;ne=[1024, 1, 1, 1];nb=[4, 4096, 4096, 4096] size=4096 offset=0
[SYCL] call ggml_backend_sycl_buffer_get_tensor: tensor='sent_3':type=f32;ne=[1024, 1, 1, 1];nb=[4, 4096, 4096, 4096] size=4096 offset=0
[SYCL] call ggml_backend_sycl_device_supports_op op->op=NONE op->type=f32 -> true
[SYCL] call ggml_backend_sycl_device_supports_op op->op=NONE op->type=q8_0 -> true
[SYCL] call ggml_backend_sycl_device_supports_op op->op=NONE op->type=f32 -> true
[SYCL] call ggml_backend_sycl_device_supports_op op->op=NONE op->type=f32 -> true
[SYCL] call ggml_backend_sycl_device_supports_op op->op=NONE op->type=f32 -> true
[SYCL] call ggml_backend_sycl_device_supports_op op->op=MUL_MAT op->type=f32 -> true
[SYCL] call ggml_backend_sycl_buffer_init_tensor: tensor='sent_0':type=f32;ne=[1024, 1, 1, 1];nb=[4, 4096, 4096, 4096]
[SYCL] call ggml_backend_sycl_buffer_init_tensor: tensor='a':type=q8_0;ne=[256, 1024, 1, 1];nb=[34, 272, 278528, 278528]
[SYCL] call ggml_backend_sycl_buffer_init_tensor: tensor='sent_1':type=f32;ne=[1024, 1, 1, 1];nb=[4, 4096, 4096, 4096]
[SYCL] call ggml_backend_sycl_buffer_init_tensor: tensor='b':type=f32;ne=[256, 3, 1, 1];nb=[4, 1024, 3072, 3072]
[SYCL] call ggml_backend_sycl_buffer_init_tensor: tensor='sent_2':type=f32;ne=[1024, 1, 1, 1];nb=[4, 4096, 4096, 4096]
[SYCL] call ggml_backend_sycl_buffer_init_tensor: tensor='out':type=f32;ne=[1024, 3, 1, 1];nb=[4, 4096, 12288, 12288]
[SYCL] call ggml_backend_sycl_buffer_init_tensor: tensor='sent_3':type=f32;ne=[1024, 1, 1, 1];nb=[4, 4096, 4096, 4096]
[SYCL] call ggml_backend_sycl_buffer_set_tensor: tensor='sent_0':type=f32;ne=[1024, 1, 1, 1];nb=[4, 4096, 4096, 4096] size=4096 offset=0
[SYCL] call ggml_backend_sycl_buffer_set_tensor: tensor='a':type=q8_0;ne=[256, 1024, 1, 1];nb=[34, 272, 278528, 278528] size=278528 offset=0
[SYCL] call ggml_backend_sycl_buffer_set_tensor: tensor='sent_1':type=f32;ne=[1024, 1, 1, 1];nb=[4, 4096, 4096, 4096] size=4096 offset=0
[SYCL] call ggml_backend_sycl_buffer_set_tensor: tensor='b':type=f32;ne=[256, 3, 1, 1];nb=[4, 1024, 3072, 3072] size=3072 offset=0
[SYCL] call ggml_backend_sycl_buffer_set_tensor: tensor='sent_2':type=f32;ne=[1024, 1, 1, 1];nb=[4, 4096, 4096, 4096] size=4096 offset=0
[SYCL] call ggml_backend_sycl_buffer_set_tensor: tensor='out':type=f32;ne=[1024, 3, 1, 1];nb=[4, 4096, 12288, 12288] size=12288 offset=0
[SYCL] call ggml_backend_sycl_buffer_set_tensor: tensor='sent_3':type=f32;ne=[1024, 1, 1, 1];nb=[4, 4096, 4096, 4096] size=4096 offset=0
[SYCL] call ggml_backend_sycl_buffer_get_tensor: tensor='out':type=f32;ne=[1024, 3, 1, 1];nb=[4, 4096, 12288, 12288] size=12288 offset=0
[SYCL] call ggml_backend_sycl_buffer_get_tensor: tensor='a':type=q8_0;ne=[256, 1024, 1, 1];nb=[34, 272, 278528, 278528] size=278528 offset=0
[SYCL] call ggml_backend_sycl_buffer_get_tensor: tensor='b':type=f32;ne=[256, 3, 1, 1];nb=[4, 1024, 3072, 3072] size=3072 offset=0
[SYCL] call ggml_backend_sycl_buffer_get_tensor: tensor='sent_0':type=f32;ne=[1024, 1, 1, 1];nb=[4, 4096, 4096, 4096] size=4096 offset=0
[SYCL] call ggml_backend_sycl_buffer_get_tensor: tensor='sent_1':type=f32;ne=[1024, 1, 1, 1];nb=[4, 4096, 4096, 4096] size=4096 offset=0
[SYCL] call ggml_backend_sycl_buffer_get_tensor: tensor='sent_2':type=f32;ne=[1024, 1, 1, 1];nb=[4, 4096, 4096, 4096] size=4096 offset=0
[SYCL] call ggml_backend_sycl_buffer_get_tensor: tensor='sent_3':type=f32;ne=[1024, 1, 1, 1];nb=[4, 4096, 4096, 4096] size=4096 offset=0
[SYCL][OP] call ggml_sycl_mul_mat: dst='out':type=f32;ne=[1024, 3, 1, 1];nb=[4, 4096, 12288, 12288]	src0='a':type=q8_0;ne=[256, 1024, 1, 1];nb=[34, 272, 278528, 278528]	src1='b':type=f32;ne=[256, 3, 1, 1];nb=[4, 1024, 3072, 3072]
[SYCL][OP] call ggml_sycl_op_mul_mat/quantize_row_q8_1_sycl: dst='out':type=f32;ne=[1024, 3, 1, 1];nb=[4, 4096, 12288, 12288]	src0='a':type=q8_0;ne=[256, 1024, 1, 1];nb=[34, 272, 278528, 278528]	src1='b':type=f32;ne=[256, 3, 1, 1];nb=[4, 1024, 3072, 3072] : converting src1 to Q8_1
[SYCL][OP] call ggml_sycl_op_mul_mat/quantize_row_q8_1_sycl done
Calling reorder_mul_mat_vec_q8_0_q8_1_sycl_switch_ncols ncols=3
[SYCL][OP] call ggml_sycl_mul_mat done
[SYCL] call ggml_backend_sycl_synchronize
[SYCL] call ggml_backend_sycl_buffer_get_tensor: tensor='out':type=f32;ne=[1024, 3, 1, 1];nb=[4, 4096, 12288, 12288] size=12288 offset=0
[SYCL] call ggml_backend_sycl_synchronize
[SYCL] call ggml_backend_sycl_buffer_get_tensor: tensor='sent_0':type=f32;ne=[1024, 1, 1, 1];nb=[4, 4096, 4096, 4096] size=4096 offset=0
[SYCL] call ggml_backend_sycl_buffer_get_tensor: tensor='sent_0':type=f32;ne=[1024, 1, 1, 1];nb=[4, 4096, 4096, 4096] size=4096 offset=0
[SYCL] call ggml_backend_sycl_synchronize
[SYCL] call ggml_backend_sycl_buffer_get_tensor: tensor='sent_1':type=f32;ne=[1024, 1, 1, 1];nb=[4, 4096, 4096, 4096] size=4096 offset=0
[SYCL] call ggml_backend_sycl_buffer_get_tensor: tensor='sent_1':type=f32;ne=[1024, 1, 1, 1];nb=[4, 4096, 4096, 4096] size=4096 offset=0
[SYCL] call ggml_backend_sycl_synchronize
[SYCL] call ggml_backend_sycl_buffer_get_tensor: tensor='sent_2':type=f32;ne=[1024, 1, 1, 1];nb=[4, 4096, 4096, 4096] size=4096 offset=0
[SYCL] call ggml_backend_sycl_buffer_get_tensor: tensor='sent_2':type=f32;ne=[1024, 1, 1, 1];nb=[4, 4096, 4096, 4096] size=4096 offset=0
[SYCL] call ggml_backend_sycl_synchronize
[SYCL] call ggml_backend_sycl_buffer_get_tensor: tensor='sent_3':type=f32;ne=[1024, 1, 1, 1];nb=[4, 4096, 4096, 4096] size=4096 offset=0
[SYCL] call ggml_backend_sycl_buffer_get_tensor: tensor='sent_3':type=f32;ne=[1024, 1, 1, 1];nb=[4, 4096, 4096, 4096] size=4096 offset=0
[SYCL] call ggml_backend_sycl_device_supports_op op->op=NONE op->type=f32 -> true
[SYCL] call ggml_backend_sycl_device_supports_op op->op=NONE op->type=q8_0 -> true
[SYCL] call ggml_backend_sycl_device_supports_op op->op=NONE op->type=f32 -> true
[SYCL] call ggml_backend_sycl_device_supports_op op->op=NONE op->type=f32 -> true
[SYCL] call ggml_backend_sycl_device_supports_op op->op=NONE op->type=f32 -> true
[SYCL] call ggml_backend_sycl_device_supports_op op->op=MUL_MAT op->type=f32 -> true
[SYCL] call ggml_backend_sycl_buffer_init_tensor: tensor='sent_0':type=f32;ne=[1024, 1, 1, 1];nb=[4, 4096, 4096, 4096]
[SYCL] call ggml_backend_sycl_buffer_init_tensor: tensor='a':type=q8_0;ne=[256, 2560, 1, 1];nb=[34, 272, 696320, 696320]
[SYCL] call ggml_backend_sycl_buffer_init_tensor: tensor='sent_1':type=f32;ne=[1024, 1, 1, 1];nb=[4, 4096, 4096, 4096]
[SYCL] call ggml_backend_sycl_buffer_init_tensor: tensor='b':type=f32;ne=[256, 3, 1, 1];nb=[4, 1024, 3072, 3072]
[SYCL] call ggml_backend_sycl_buffer_init_tensor: tensor='sent_2':type=f32;ne=[1024, 1, 1, 1];nb=[4, 4096, 4096, 4096]
[SYCL] call ggml_backend_sycl_buffer_init_tensor: tensor='out':type=f32;ne=[2560, 3, 1, 1];nb=[4, 10240, 30720, 30720]
[SYCL] call ggml_backend_sycl_buffer_init_tensor: tensor='sent_3':type=f32;ne=[1024, 1, 1, 1];nb=[4, 4096, 4096, 4096]
[SYCL] call ggml_backend_sycl_buffer_set_tensor: tensor='sent_0':type=f32;ne=[1024, 1, 1, 1];nb=[4, 4096, 4096, 4096] size=4096 offset=0
[SYCL] call ggml_backend_sycl_buffer_set_tensor: tensor='a':type=q8_0;ne=[256, 2560, 1, 1];nb=[34, 272, 696320, 696320] size=696320 offset=0
[SYCL] call ggml_backend_sycl_buffer_set_tensor: tensor='sent_1':type=f32;ne=[1024, 1, 1, 1];nb=[4, 4096, 4096, 4096] size=4096 offset=0
[SYCL] call ggml_backend_sycl_buffer_set_tensor: tensor='b':type=f32;ne=[256, 3, 1, 1];nb=[4, 1024, 3072, 3072] size=3072 offset=0
[SYCL] call ggml_backend_sycl_buffer_set_tensor: tensor='sent_2':type=f32;ne=[1024, 1, 1, 1];nb=[4, 4096, 4096, 4096] size=4096 offset=0
[SYCL] call ggml_backend_sycl_buffer_set_tensor: tensor='out':type=f32;ne=[2560, 3, 1, 1];nb=[4, 10240, 30720, 30720] size=30720 offset=0
[SYCL] call ggml_backend_sycl_buffer_set_tensor: tensor='sent_3':type=f32;ne=[1024, 1, 1, 1];nb=[4, 4096, 4096, 4096] size=4096 offset=0
[SYCL] call ggml_backend_sycl_buffer_get_tensor: tensor='out':type=f32;ne=[2560, 3, 1, 1];nb=[4, 10240, 30720, 30720] size=30720 offset=0
[SYCL] call ggml_backend_sycl_buffer_get_tensor: tensor='a':type=q8_0;ne=[256, 2560, 1, 1];nb=[34, 272, 696320, 696320] size=696320 offset=0
[SYCL] call ggml_backend_sycl_buffer_get_tensor: tensor='b':type=f32;ne=[256, 3, 1, 1];nb=[4, 1024, 3072, 3072] size=3072 offset=0
[SYCL] call ggml_backend_sycl_buffer_get_tensor: tensor='sent_0':type=f32;ne=[1024, 1, 1, 1];nb=[4, 4096, 4096, 4096] size=4096 offset=0
[SYCL] call ggml_backend_sycl_buffer_get_tensor: tensor='sent_1':type=f32;ne=[1024, 1, 1, 1];nb=[4, 4096, 4096, 4096] size=4096 offset=0
[SYCL] call ggml_backend_sycl_buffer_get_tensor: tensor='sent_2':type=f32;ne=[1024, 1, 1, 1];nb=[4, 4096, 4096, 4096] size=4096 offset=0
[SYCL] call ggml_backend_sycl_buffer_get_tensor: tensor='sent_3':type=f32;ne=[1024, 1, 1, 1];nb=[4, 4096, 4096, 4096] size=4096 offset=0
[SYCL][OP] call ggml_sycl_mul_mat: dst='out':type=f32;ne=[2560, 3, 1, 1];nb=[4, 10240, 30720, 30720]	src0='a':type=q8_0;ne=[256, 2560, 1, 1];nb=[34, 272, 696320, 696320]	src1='b':type=f32;ne=[256, 3, 1, 1];nb=[4, 1024, 3072, 3072]
[SYCL][OP] call ggml_sycl_op_mul_mat/quantize_row_q8_1_sycl: dst='out':type=f32;ne=[2560, 3, 1, 1];nb=[4, 10240, 30720, 30720]	src0='a':type=q8_0;ne=[256, 2560, 1, 1];nb=[34, 272, 696320, 696320]	src1='b':type=f32;ne=[256, 3, 1, 1];nb=[4, 1024, 3072, 3072] : converting src1 to Q8_1
[SYCL][OP] call ggml_sycl_op_mul_mat/quantize_row_q8_1_sycl done
Calling reorder_mul_mat_vec_q8_0_q8_1_sycl_switch_ncols ncols=3
[SYCL][OP] call ggml_sycl_mul_mat done
[SYCL] call ggml_backend_sycl_synchronize
[SYCL] call ggml_backend_sycl_buffer_get_tensor: tensor='out':type=f32;ne=[2560, 3, 1, 1];nb=[4, 10240, 30720, 30720] size=30720 offset=0
[SYCL] call ggml_backend_sycl_synchronize
[SYCL] call ggml_backend_sycl_buffer_get_tensor: tensor='sent_0':type=f32;ne=[1024, 1, 1, 1];nb=[4, 4096, 4096, 4096] size=4096 offset=0
[SYCL] call ggml_backend_sycl_buffer_get_tensor: tensor='sent_0':type=f32;ne=[1024, 1, 1, 1];nb=[4, 4096, 4096, 4096] size=4096 offset=0
[SYCL] call ggml_backend_sycl_synchronize
[SYCL] call ggml_backend_sycl_buffer_get_tensor: tensor='sent_1':type=f32;ne=[1024, 1, 1, 1];nb=[4, 4096, 4096, 4096] size=4096 offset=0
[SYCL] call ggml_backend_sycl_buffer_get_tensor: tensor='sent_1':type=f32;ne=[1024, 1, 1, 1];nb=[4, 4096, 4096, 4096] size=4096 offset=0
[SYCL] call ggml_backend_sycl_synchronize
[SYCL] call ggml_backend_sycl_buffer_get_tensor: tensor='sent_2':type=f32;ne=[1024, 1, 1, 1];nb=[4, 4096, 4096, 4096] size=4096 offset=0
[SYCL] call ggml_backend_sycl_buffer_get_tensor: tensor='sent_2':type=f32;ne=[1024, 1, 1, 1];nb=[4, 4096, 4096, 4096] size=4096 offset=0
[SYCL] call ggml_backend_sycl_synchronize
[SYCL] call ggml_backend_sycl_buffer_get_tensor: tensor='sent_3':type=f32;ne=[1024, 1, 1, 1];nb=[4, 4096, 4096, 4096] size=4096 offset=0
[SYCL] call ggml_backend_sycl_buffer_get_tensor: tensor='sent_3':type=f32;ne=[1024, 1, 1, 1];nb=[4, 4096, 4096, 4096] size=4096 offset=0
[SYCL] call ggml_backend_sycl_device_supports_op op->op=NONE op->type=f32 -> true
[SYCL] call ggml_backend_sycl_device_supports_op op->op=NONE op->type=q8_0 -> true
[SYCL] call ggml_backend_sycl_device_supports_op op->op=NONE op->type=f32 -> true
[SYCL] call ggml_backend_sycl_device_supports_op op->op=NONE op->type=f32 -> true
[SYCL] call ggml_backend_sycl_device_supports_op op->op=NONE op->type=f32 -> true
[SYCL] call ggml_backend_sycl_device_supports_op op->op=MUL_MAT op->type=f32 -> true
[SYCL] call ggml_backend_sycl_buffer_init_tensor: tensor='sent_0':type=f32;ne=[1024, 1, 1, 1];nb=[4, 4096, 4096, 4096]
[SYCL] call ggml_backend_sycl_buffer_init_tensor: tensor='a':type=q8_0;ne=[5120, 256, 1, 1];nb=[34, 5440, 1392640, 1392640]
[SYCL] call ggml_backend_sycl_buffer_init_tensor: tensor='sent_1':type=f32;ne=[1024, 1, 1, 1];nb=[4, 4096, 4096, 4096]
[SYCL] call ggml_backend_sycl_buffer_init_tensor: tensor='b':type=f32;ne=[5120, 3, 1, 1];nb=[4, 20480, 61440, 61440]
[SYCL] call ggml_backend_sycl_buffer_init_tensor: tensor='sent_2':type=f32;ne=[1024, 1, 1, 1];nb=[4, 4096, 4096, 4096]
[SYCL] call ggml_backend_sycl_buffer_init_tensor: tensor='out':type=f32;ne=[256, 3, 1, 1];nb=[4, 1024, 3072, 3072]
[SYCL] call ggml_backend_sycl_buffer_init_tensor: tensor='sent_3':type=f32;ne=[1024, 1, 1, 1];nb=[4, 4096, 4096, 4096]
[SYCL] call ggml_backend_sycl_buffer_set_tensor: tensor='sent_0':type=f32;ne=[1024, 1, 1, 1];nb=[4, 4096, 4096, 4096] size=4096 offset=0
[SYCL] call ggml_backend_sycl_buffer_set_tensor: tensor='a':type=q8_0;ne=[5120, 256, 1, 1];nb=[34, 5440, 1392640, 1392640] size=1392640 offset=0
[SYCL] call ggml_backend_sycl_buffer_set_tensor: tensor='sent_1':type=f32;ne=[1024, 1, 1, 1];nb=[4, 4096, 4096, 4096] size=4096 offset=0
[SYCL] call ggml_backend_sycl_buffer_set_tensor: tensor='b':type=f32;ne=[5120, 3, 1, 1];nb=[4, 20480, 61440, 61440] size=61440 offset=0
[SYCL] call ggml_backend_sycl_buffer_set_tensor: tensor='sent_2':type=f32;ne=[1024, 1, 1, 1];nb=[4, 4096, 4096, 4096] size=4096 offset=0
[SYCL] call ggml_backend_sycl_buffer_set_tensor: tensor='out':type=f32;ne=[256, 3, 1, 1];nb=[4, 1024, 3072, 3072] size=3072 offset=0
[SYCL] call ggml_backend_sycl_buffer_set_tensor: tensor='sent_3':type=f32;ne=[1024, 1, 1, 1];nb=[4, 4096, 4096, 4096] size=4096 offset=0
[SYCL] call ggml_backend_sycl_buffer_get_tensor: tensor='out':type=f32;ne=[256, 3, 1, 1];nb=[4, 1024, 3072, 3072] size=3072 offset=0
[SYCL] call ggml_backend_sycl_buffer_get_tensor: tensor='a':type=q8_0;ne=[5120, 256, 1, 1];nb=[34, 5440, 1392640, 1392640] size=1392640 offset=0
[SYCL] call ggml_backend_sycl_buffer_get_tensor: tensor='b':type=f32;ne=[5120, 3, 1, 1];nb=[4, 20480, 61440, 61440] size=61440 offset=0
[SYCL] call ggml_backend_sycl_buffer_get_tensor: tensor='sent_0':type=f32;ne=[1024, 1, 1, 1];nb=[4, 4096, 4096, 4096] size=4096 offset=0
[SYCL] call ggml_backend_sycl_buffer_get_tensor: tensor='sent_1':type=f32;ne=[1024, 1, 1, 1];nb=[4, 4096, 4096, 4096] size=4096 offset=0
[SYCL] call ggml_backend_sycl_buffer_get_tensor: tensor='sent_2':type=f32;ne=[1024, 1, 1, 1];nb=[4, 4096, 4096, 4096] size=4096 offset=0
[SYCL] call ggml_backend_sycl_buffer_get_tensor: tensor='sent_3':type=f32;ne=[1024, 1, 1, 1];nb=[4, 4096, 4096, 4096] size=4096 offset=0
[SYCL][OP] call ggml_sycl_mul_mat: dst='out':type=f32;ne=[256, 3, 1, 1];nb=[4, 1024, 3072, 3072]	src0='a':type=q8_0;ne=[5120, 256, 1, 1];nb=[34, 5440, 1392640, 1392640]	src1='b':type=f32;ne=[5120, 3, 1, 1];nb=[4, 20480, 61440, 61440]
[SYCL][OP] call ggml_sycl_op_mul_mat/quantize_row_q8_1_sycl: dst='out':type=f32;ne=[256, 3, 1, 1];nb=[4, 1024, 3072, 3072]	src0='a':type=q8_0;ne=[5120, 256, 1, 1];nb=[34, 5440, 1392640, 1392640]	src1='b':type=f32;ne=[5120, 3, 1, 1];nb=[4, 20480, 61440, 61440] : converting src1 to Q8_1
[SYCL][OP] call ggml_sycl_op_mul_mat/quantize_row_q8_1_sycl done
Calling reorder_mul_mat_vec_q8_0_q8_1_sycl_switch_ncols ncols=3
[SYCL][OP] call ggml_sycl_mul_mat done
[SYCL] call ggml_backend_sycl_synchronize
[SYCL] call ggml_backend_sycl_buffer_get_tensor: tensor='out':type=f32;ne=[256, 3, 1, 1];nb=[4, 1024, 3072, 3072] size=3072 offset=0
[SYCL] call ggml_backend_sycl_synchronize
[SYCL] call ggml_backend_sycl_buffer_get_tensor: tensor='sent_0':type=f32;ne=[1024, 1, 1, 1];nb=[4, 4096, 4096, 4096] size=4096 offset=0
[SYCL] call ggml_backend_sycl_buffer_get_tensor: tensor='sent_0':type=f32;ne=[1024, 1, 1, 1];nb=[4, 4096, 4096, 4096] size=4096 offset=0
[SYCL] call ggml_backend_sycl_synchronize
[SYCL] call ggml_backend_sycl_buffer_get_tensor: tensor='sent_1':type=f32;ne=[1024, 1, 1, 1];nb=[4, 4096, 4096, 4096] size=4096 offset=0
[SYCL] call ggml_backend_sycl_buffer_get_tensor: tensor='sent_1':type=f32;ne=[1024, 1, 1, 1];nb=[4, 4096, 4096, 4096] size=4096 offset=0
[SYCL] call ggml_backend_sycl_synchronize
[SYCL] call ggml_backend_sycl_buffer_get_tensor: tensor='sent_2':type=f32;ne=[1024, 1, 1, 1];nb=[4, 4096, 4096, 4096] size=4096 offset=0
[SYCL] call ggml_backend_sycl_buffer_get_tensor: tensor='sent_2':type=f32;ne=[1024, 1, 1, 1];nb=[4, 4096, 4096, 4096] size=4096 offset=0
[SYCL] call ggml_backend_sycl_synchronize
[SYCL] call ggml_backend_sycl_buffer_get_tensor: tensor='sent_3':type=f32;ne=[1024, 1, 1, 1];nb=[4, 4096, 4096, 4096] size=4096 offset=0
[SYCL] call ggml_backend_sycl_buffer_get_tensor: tensor='sent_3':type=f32;ne=[1024, 1, 1, 1];nb=[4, 4096, 4096, 4096] size=4096 offset=0
[SYCL] call ggml_backend_sycl_device_supports_op op->op=NONE op->type=f32 -> true
[SYCL] call ggml_backend_sycl_device_supports_op op->op=NONE op->type=q8_0 -> true
[SYCL] call ggml_backend_sycl_device_supports_op op->op=NONE op->type=f32 -> true
[SYCL] call ggml_backend_sycl_device_supports_op op->op=NONE op->type=f32 -> true
[SYCL] call ggml_backend_sycl_device_supports_op op->op=NONE op->type=f32 -> true
[SYCL] call ggml_backend_sycl_device_supports_op op->op=MUL_MAT op->type=f32 -> true
[SYCL] call ggml_backend_sycl_buffer_init_tensor: tensor='sent_0':type=f32;ne=[1024, 1, 1, 1];nb=[4, 4096, 4096, 4096]
[SYCL] call ggml_backend_sycl_buffer_init_tensor: tensor='a':type=q8_0;ne=[256, 2048, 1, 1];nb=[34, 272, 557056, 557056]
[SYCL] call ggml_backend_sycl_buffer_init_tensor: tensor='sent_1':type=f32;ne=[1024, 1, 1, 1];nb=[4, 4096, 4096, 4096]
[SYCL] call ggml_backend_sycl_buffer_init_tensor: tensor='b':type=f32;ne=[256, 4, 1, 1];nb=[4, 1024, 4096, 4096]
[SYCL] call ggml_backend_sycl_buffer_init_tensor: tensor='sent_2':type=f32;ne=[1024, 1, 1, 1];nb=[4, 4096, 4096, 4096]
[SYCL] call ggml_backend_sycl_buffer_init_tensor: tensor='out':type=f32;ne=[2048, 4, 1, 1];nb=[4, 8192, 32768, 32768]
[SYCL] call ggml_backend_sycl_buffer_init_tensor: tensor='sent_3':type=f32;ne=[1024, 1, 1, 1];nb=[4, 4096, 4096, 4096]
[SYCL] call ggml_backend_sycl_buffer_set_tensor: tensor='sent_0':type=f32;ne=[1024, 1, 1, 1];nb=[4, 4096, 4096, 4096] size=4096 offset=0
[SYCL] call ggml_backend_sycl_buffer_set_tensor: tensor='a':type=q8_0;ne=[256, 2048, 1, 1];nb=[34, 272, 557056, 557056] size=557056 offset=0
[SYCL] call ggml_backend_sycl_buffer_set_tensor: tensor='sent_1':type=f32;ne=[1024, 1, 1, 1];nb=[4, 4096, 4096, 4096] size=4096 offset=0
[SYCL] call ggml_backend_sycl_buffer_set_tensor: tensor='b':type=f32;ne=[256, 4, 1, 1];nb=[4, 1024, 4096, 4096] size=4096 offset=0
[SYCL] call ggml_backend_sycl_buffer_set_tensor: tensor='sent_2':type=f32;ne=[1024, 1, 1, 1];nb=[4, 4096, 4096, 4096] size=4096 offset=0
[SYCL] call ggml_backend_sycl_buffer_set_tensor: tensor='out':type=f32;ne=[2048, 4, 1, 1];nb=[4, 8192, 32768, 32768] size=32768 offset=0
[SYCL] call ggml_backend_sycl_buffer_set_tensor: tensor='sent_3':type=f32;ne=[1024, 1, 1, 1];nb=[4, 4096, 4096, 4096] size=4096 offset=0
[SYCL] call ggml_backend_sycl_buffer_get_tensor: tensor='out':type=f32;ne=[2048, 4, 1, 1];nb=[4, 8192, 32768, 32768] size=32768 offset=0
[SYCL] call ggml_backend_sycl_buffer_get_tensor: tensor='a':type=q8_0;ne=[256, 2048, 1, 1];nb=[34, 272, 557056, 557056] size=557056 offset=0
[SYCL] call ggml_backend_sycl_buffer_get_tensor: tensor='b':type=f32;ne=[256, 4, 1, 1];nb=[4, 1024, 4096, 4096] size=4096 offset=0
[SYCL] call ggml_backend_sycl_buffer_get_tensor: tensor='sent_0':type=f32;ne=[1024, 1, 1, 1];nb=[4, 4096, 4096, 4096] size=4096 offset=0
[SYCL] call ggml_backend_sycl_buffer_get_tensor: tensor='sent_1':type=f32;ne=[1024, 1, 1, 1];nb=[4, 4096, 4096, 4096] size=4096 offset=0
[SYCL] call ggml_backend_sycl_buffer_get_tensor: tensor='sent_2':type=f32;ne=[1024, 1, 1, 1];nb=[4, 4096, 4096, 4096] size=4096 offset=0
[SYCL] call ggml_backend_sycl_buffer_get_tensor: tensor='sent_3':type=f32;ne=[1024, 1, 1, 1];nb=[4, 4096, 4096, 4096] size=4096 offset=0
[SYCL][OP] call ggml_sycl_mul_mat: dst='out':type=f32;ne=[2048, 4, 1, 1];nb=[4, 8192, 32768, 32768]	src0='a':type=q8_0;ne=[256, 2048, 1, 1];nb=[34, 272, 557056, 557056]	src1='b':type=f32;ne=[256, 4, 1, 1];nb=[4, 1024, 4096, 4096]
[SYCL][OP] call ggml_sycl_op_mul_mat/quantize_row_q8_1_sycl: dst='out':type=f32;ne=[2048, 4, 1, 1];nb=[4, 8192, 32768, 32768]	src0='a':type=q8_0;ne=[256, 2048, 1, 1];nb=[34, 272, 557056, 557056]	src1='b':type=f32;ne=[256, 4, 1, 1];nb=[4, 1024, 4096, 4096] : converting src1 to Q8_1
[SYCL][OP] call ggml_sycl_op_mul_mat/quantize_row_q8_1_sycl done
Calling reorder_mul_mat_vec_q8_0_q8_1_sycl_switch_ncols ncols=4
[SYCL][OP] call ggml_sycl_mul_mat done
[SYCL] call ggml_backend_sycl_synchronize
[SYCL] call ggml_backend_sycl_buffer_get_tensor: tensor='out':type=f32;ne=[2048, 4, 1, 1];nb=[4, 8192, 32768, 32768] size=32768 offset=0
[SYCL] call ggml_backend_sycl_synchronize
[SYCL] call ggml_backend_sycl_buffer_get_tensor: tensor='sent_0':type=f32;ne=[1024, 1, 1, 1];nb=[4, 4096, 4096, 4096] size=4096 offset=0
[SYCL] call ggml_backend_sycl_buffer_get_tensor: tensor='sent_0':type=f32;ne=[1024, 1, 1, 1];nb=[4, 4096, 4096, 4096] size=4096 offset=0
[SYCL] call ggml_backend_sycl_synchronize
[SYCL] call ggml_backend_sycl_buffer_get_tensor: tensor='sent_1':type=f32;ne=[1024, 1, 1, 1];nb=[4, 4096, 4096, 4096] size=4096 offset=0
[SYCL] call ggml_backend_sycl_buffer_get_tensor: tensor='sent_1':type=f32;ne=[1024, 1, 1, 1];nb=[4, 4096, 4096, 4096] size=4096 offset=0
[SYCL] call ggml_backend_sycl_synchronize
[SYCL] call ggml_backend_sycl_buffer_get_tensor: tensor='sent_2':type=f32;ne=[1024, 1, 1, 1];nb=[4, 4096, 4096, 4096] size=4096 offset=0
[SYCL] call ggml_backend_sycl_buffer_get_tensor: tensor='sent_2':type=f32;ne=[1024, 1, 1, 1];nb=[4, 4096, 4096, 4096] size=4096 offset=0
[SYCL] call ggml_backend_sycl_synchronize
[SYCL] call ggml_backend_sycl_buffer_get_tensor: tensor='sent_3':type=f32;ne=[1024, 1, 1, 1];nb=[4, 4096, 4096, 4096] size=4096 offset=0
[SYCL] call ggml_backend_sycl_buffer_get_tensor: tensor='sent_3':type=f32;ne=[1024, 1, 1, 1];nb=[4, 4096, 4096, 4096] size=4096 offset=0
[SYCL] call ggml_backend_sycl_device_supports_op op->op=NONE op->type=f32 -> true
[SYCL] call ggml_backend_sycl_device_supports_op op->op=NONE op->type=q8_0 -> true
[SYCL] call ggml_backend_sycl_device_supports_op op->op=NONE op->type=f32 -> true
[SYCL] call ggml_backend_sycl_device_supports_op op->op=NONE op->type=f32 -> true
[SYCL] call ggml_backend_sycl_device_supports_op op->op=NONE op->type=f32 -> true
[SYCL] call ggml_backend_sycl_device_supports_op op->op=MUL_MAT op->type=f32 -> true
[SYCL] call ggml_backend_sycl_buffer_init_tensor: tensor='sent_0':type=f32;ne=[1024, 1, 1, 1];nb=[4, 4096, 4096, 4096]
[SYCL] call ggml_backend_sycl_buffer_init_tensor: tensor='a':type=q8_0;ne=[2048, 256, 1, 1];nb=[34, 2176, 557056, 557056]
[SYCL] call ggml_backend_sycl_buffer_init_tensor: tensor='sent_1':type=f32;ne=[1024, 1, 1, 1];nb=[4, 4096, 4096, 4096]
[SYCL] call ggml_backend_sycl_buffer_init_tensor: tensor='b':type=f32;ne=[2048, 4, 1, 1];nb=[4, 8192, 32768, 32768]
[SYCL] call ggml_backend_sycl_buffer_init_tensor: tensor='sent_2':type=f32;ne=[1024, 1, 1, 1];nb=[4, 4096, 4096, 4096]
[SYCL] call ggml_backend_sycl_buffer_init_tensor: tensor='out':type=f32;ne=[256, 4, 1, 1];nb=[4, 1024, 4096, 4096]
[SYCL] call ggml_backend_sycl_buffer_init_tensor: tensor='sent_3':type=f32;ne=[1024, 1, 1, 1];nb=[4, 4096, 4096, 4096]
[SYCL] call ggml_backend_sycl_buffer_set_tensor: tensor='sent_0':type=f32;ne=[1024, 1, 1, 1];nb=[4, 4096, 4096, 4096] size=4096 offset=0
[SYCL] call ggml_backend_sycl_buffer_set_tensor: tensor='a':type=q8_0;ne=[2048, 256, 1, 1];nb=[34, 2176, 557056, 557056] size=557056 offset=0
[SYCL] call ggml_backend_sycl_buffer_set_tensor: tensor='sent_1':type=f32;ne=[1024, 1, 1, 1];nb=[4, 4096, 4096, 4096] size=4096 offset=0
[SYCL] call ggml_backend_sycl_buffer_set_tensor: tensor='b':type=f32;ne=[2048, 4, 1, 1];nb=[4, 8192, 32768, 32768] size=32768 offset=0
[SYCL] call ggml_backend_sycl_buffer_set_tensor: tensor='sent_2':type=f32;ne=[1024, 1, 1, 1];nb=[4, 4096, 4096, 4096] size=4096 offset=0
[SYCL] call ggml_backend_sycl_buffer_set_tensor: tensor='out':type=f32;ne=[256, 4, 1, 1];nb=[4, 1024, 4096, 4096] size=4096 offset=0
[SYCL] call ggml_backend_sycl_buffer_set_tensor: tensor='sent_3':type=f32;ne=[1024, 1, 1, 1];nb=[4, 4096, 4096, 4096] size=4096 offset=0
[SYCL] call ggml_backend_sycl_buffer_get_tensor: tensor='out':type=f32;ne=[256, 4, 1, 1];nb=[4, 1024, 4096, 4096] size=4096 offset=0
[SYCL] call ggml_backend_sycl_buffer_get_tensor: tensor='a':type=q8_0;ne=[2048, 256, 1, 1];nb=[34, 2176, 557056, 557056] size=557056 offset=0
[SYCL] call ggml_backend_sycl_buffer_get_tensor: tensor='b':type=f32;ne=[2048, 4, 1, 1];nb=[4, 8192, 32768, 32768] size=32768 offset=0
[SYCL] call ggml_backend_sycl_buffer_get_tensor: tensor='sent_0':type=f32;ne=[1024, 1, 1, 1];nb=[4, 4096, 4096, 4096] size=4096 offset=0
[SYCL] call ggml_backend_sycl_buffer_get_tensor: tensor='sent_1':type=f32;ne=[1024, 1, 1, 1];nb=[4, 4096, 4096, 4096] size=4096 offset=0
[SYCL] call ggml_backend_sycl_buffer_get_tensor: tensor='sent_2':type=f32;ne=[1024, 1, 1, 1];nb=[4, 4096, 4096, 4096] size=4096 offset=0
[SYCL] call ggml_backend_sycl_buffer_get_tensor: tensor='sent_3':type=f32;ne=[1024, 1, 1, 1];nb=[4, 4096, 4096, 4096] size=4096 offset=0
[SYCL][OP] call ggml_sycl_mul_mat: dst='out':type=f32;ne=[256, 4, 1, 1];nb=[4, 1024, 4096, 4096]	src0='a':type=q8_0;ne=[2048, 256, 1, 1];nb=[34, 2176, 557056, 557056]	src1='b':type=f32;ne=[2048, 4, 1, 1];nb=[4, 8192, 32768, 32768]
[SYCL][OP] call ggml_sycl_op_mul_mat/quantize_row_q8_1_sycl: dst='out':type=f32;ne=[256, 4, 1, 1];nb=[4, 1024, 4096, 4096]	src0='a':type=q8_0;ne=[2048, 256, 1, 1];nb=[34, 2176, 557056, 557056]	src1='b':type=f32;ne=[2048, 4, 1, 1];nb=[4, 8192, 32768, 32768] : converting src1 to Q8_1
[SYCL][OP] call ggml_sycl_op_mul_mat/quantize_row_q8_1_sycl done
Calling reorder_mul_mat_vec_q8_0_q8_1_sycl_switch_ncols ncols=4
[SYCL][OP] call ggml_sycl_mul_mat done
[SYCL] call ggml_backend_sycl_synchronize
[SYCL] call ggml_backend_sycl_buffer_get_tensor: tensor='out':type=f32;ne=[256, 4, 1, 1];nb=[4, 1024, 4096, 4096] size=4096 offset=0
[SYCL] call ggml_backend_sycl_synchronize
[SYCL] call ggml_backend_sycl_buffer_get_tensor: tensor='sent_0':type=f32;ne=[1024, 1, 1, 1];nb=[4, 4096, 4096, 4096] size=4096 offset=0
[SYCL] call ggml_backend_sycl_buffer_get_tensor: tensor='sent_0':type=f32;ne=[1024, 1, 1, 1];nb=[4, 4096, 4096, 4096] size=4096 offset=0
[SYCL] call ggml_backend_sycl_synchronize
[SYCL] call ggml_backend_sycl_buffer_get_tensor: tensor='sent_1':type=f32;ne=[1024, 1, 1, 1];nb=[4, 4096, 4096, 4096] size=4096 offset=0
[SYCL] call ggml_backend_sycl_buffer_get_tensor: tensor='sent_1':type=f32;ne=[1024, 1, 1, 1];nb=[4, 4096, 4096, 4096] size=4096 offset=0
[SYCL] call ggml_backend_sycl_synchronize
[SYCL] call ggml_backend_sycl_buffer_get_tensor: tensor='sent_2':type=f32;ne=[1024, 1, 1, 1];nb=[4, 4096, 4096, 4096] size=4096 offset=0
[SYCL] call ggml_backend_sycl_buffer_get_tensor: tensor='sent_2':type=f32;ne=[1024, 1, 1, 1];nb=[4, 4096, 4096, 4096] size=4096 offset=0
[SYCL] call ggml_backend_sycl_synchronize
[SYCL] call ggml_backend_sycl_buffer_get_tensor: tensor='sent_3':type=f32;ne=[1024, 1, 1, 1];nb=[4, 4096, 4096, 4096] size=4096 offset=0
[SYCL] call ggml_backend_sycl_buffer_get_tensor: tensor='sent_3':type=f32;ne=[1024, 1, 1, 1];nb=[4, 4096, 4096, 4096] size=4096 offset=0
[SYCL] call ggml_backend_sycl_device_supports_op op->op=NONE op->type=f32 -> true
[SYCL] call ggml_backend_sycl_device_supports_op op->op=NONE op->type=q8_0 -> true
[SYCL] call ggml_backend_sycl_device_supports_op op->op=NONE op->type=f32 -> true
[SYCL] call ggml_backend_sycl_device_supports_op op->op=NONE op->type=f32 -> true
[SYCL] call ggml_backend_sycl_device_supports_op op->op=NONE op->type=f32 -> true
[SYCL] call ggml_backend_sycl_device_supports_op op->op=MUL_MAT op->type=f32 -> true
[SYCL] call ggml_backend_sycl_buffer_init_tensor: tensor='sent_0':type=f32;ne=[1024, 1, 1, 1];nb=[4, 4096, 4096, 4096]
[SYCL] call ggml_backend_sycl_buffer_init_tensor: tensor='a':type=q8_0;ne=[256, 1024, 1, 1];nb=[34, 272, 278528, 278528]
[SYCL] call ggml_backend_sycl_buffer_init_tensor: tensor='sent_1':type=f32;ne=[1024, 1, 1, 1];nb=[4, 4096, 4096, 4096]
[SYCL] call ggml_backend_sycl_buffer_init_tensor: tensor='b':type=f32;ne=[256, 4, 1, 1];nb=[4, 1024, 4096, 4096]
[SYCL] call ggml_backend_sycl_buffer_init_tensor: tensor='sent_2':type=f32;ne=[1024, 1, 1, 1];nb=[4, 4096, 4096, 4096]
[SYCL] call ggml_backend_sycl_buffer_init_tensor: tensor='out':type=f32;ne=[1024, 4, 1, 1];nb=[4, 4096, 16384, 16384]
[SYCL] call ggml_backend_sycl_buffer_init_tensor: tensor='sent_3':type=f32;ne=[1024, 1, 1, 1];nb=[4, 4096, 4096, 4096]
[SYCL] call ggml_backend_sycl_buffer_set_tensor: tensor='sent_0':type=f32;ne=[1024, 1, 1, 1];nb=[4, 4096, 4096, 4096] size=4096 offset=0
[SYCL] call ggml_backend_sycl_buffer_set_tensor: tensor='a':type=q8_0;ne=[256, 1024, 1, 1];nb=[34, 272, 278528, 278528] size=278528 offset=0
[SYCL] call ggml_backend_sycl_buffer_set_tensor: tensor='sent_1':type=f32;ne=[1024, 1, 1, 1];nb=[4, 4096, 4096, 4096] size=4096 offset=0
[SYCL] call ggml_backend_sycl_buffer_set_tensor: tensor='b':type=f32;ne=[256, 4, 1, 1];nb=[4, 1024, 4096, 4096] size=4096 offset=0
[SYCL] call ggml_backend_sycl_buffer_set_tensor: tensor='sent_2':type=f32;ne=[1024, 1, 1, 1];nb=[4, 4096, 4096, 4096] size=4096 offset=0
[SYCL] call ggml_backend_sycl_buffer_set_tensor: tensor='out':type=f32;ne=[1024, 4, 1, 1];nb=[4, 4096, 16384, 16384] size=16384 offset=0
[SYCL] call ggml_backend_sycl_buffer_set_tensor: tensor='sent_3':type=f32;ne=[1024, 1, 1, 1];nb=[4, 4096, 4096, 4096] size=4096 offset=0
[SYCL] call ggml_backend_sycl_buffer_get_tensor: tensor='out':type=f32;ne=[1024, 4, 1, 1];nb=[4, 4096, 16384, 16384] size=16384 offset=0
[SYCL] call ggml_backend_sycl_buffer_get_tensor: tensor='a':type=q8_0;ne=[256, 1024, 1, 1];nb=[34, 272, 278528, 278528] size=278528 offset=0
[SYCL] call ggml_backend_sycl_buffer_get_tensor: tensor='b':type=f32;ne=[256, 4, 1, 1];nb=[4, 1024, 4096, 4096] size=4096 offset=0
[SYCL] call ggml_backend_sycl_buffer_get_tensor: tensor='sent_0':type=f32;ne=[1024, 1, 1, 1];nb=[4, 4096, 4096, 4096] size=4096 offset=0
[SYCL] call ggml_backend_sycl_buffer_get_tensor: tensor='sent_1':type=f32;ne=[1024, 1, 1, 1];nb=[4, 4096, 4096, 4096] size=4096 offset=0
[SYCL] call ggml_backend_sycl_buffer_get_tensor: tensor='sent_2':type=f32;ne=[1024, 1, 1, 1];nb=[4, 4096, 4096, 4096] size=4096 offset=0
[SYCL] call ggml_backend_sycl_buffer_get_tensor: tensor='sent_3':type=f32;ne=[1024, 1, 1, 1];nb=[4, 4096, 4096, 4096] size=4096 offset=0
[SYCL][OP] call ggml_sycl_mul_mat: dst='out':type=f32;ne=[1024, 4, 1, 1];nb=[4, 4096, 16384, 16384]	src0='a':type=q8_0;ne=[256, 1024, 1, 1];nb=[34, 272, 278528, 278528]	src1='b':type=f32;ne=[256, 4, 1, 1];nb=[4, 1024, 4096, 4096]
[SYCL][OP] call ggml_sycl_op_mul_mat/quantize_row_q8_1_sycl: dst='out':type=f32;ne=[1024, 4, 1, 1];nb=[4, 4096, 16384, 16384]	src0='a':type=q8_0;ne=[256, 1024, 1, 1];nb=[34, 272, 278528, 278528]	src1='b':type=f32;ne=[256, 4, 1, 1];nb=[4, 1024, 4096, 4096] : converting src1 to Q8_1
[SYCL][OP] call ggml_sycl_op_mul_mat/quantize_row_q8_1_sycl done
Calling reorder_mul_mat_vec_q8_0_q8_1_sycl_switch_ncols ncols=4
[SYCL][OP] call ggml_sycl_mul_mat done
[SYCL] call ggml_backend_sycl_synchronize
[SYCL] call ggml_backend_sycl_buffer_get_tensor: tensor='out':type=f32;ne=[1024, 4, 1, 1];nb=[4, 4096, 16384, 16384] size=16384 offset=0
[SYCL] call ggml_backend_sycl_synchronize
[SYCL] call ggml_backend_sycl_buffer_get_tensor: tensor='sent_0':type=f32;ne=[1024, 1, 1, 1];nb=[4, 4096, 4096, 4096] size=4096 offset=0
[SYCL] call ggml_backend_sycl_buffer_get_tensor: tensor='sent_0':type=f32;ne=[1024, 1, 1, 1];nb=[4, 4096, 4096, 4096] size=4096 offset=0
[SYCL] call ggml_backend_sycl_synchronize
[SYCL] call ggml_backend_sycl_buffer_get_tensor: tensor='sent_1':type=f32;ne=[1024, 1, 1, 1];nb=[4, 4096, 4096, 4096] size=4096 offset=0
[SYCL] call ggml_backend_sycl_buffer_get_tensor: tensor='sent_1':type=f32;ne=[1024, 1, 1, 1];nb=[4, 4096, 4096, 4096] size=4096 offset=0
[SYCL] call ggml_backend_sycl_synchronize
[SYCL] call ggml_backend_sycl_buffer_get_tensor: tensor='sent_2':type=f32;ne=[1024, 1, 1, 1];nb=[4, 4096, 4096, 4096] size=4096 offset=0
[SYCL] call ggml_backend_sycl_buffer_get_tensor: tensor='sent_2':type=f32;ne=[1024, 1, 1, 1];nb=[4, 4096, 4096, 4096] size=4096 offset=0
[SYCL] call ggml_backend_sycl_synchronize
[SYCL] call ggml_backend_sycl_buffer_get_tensor: tensor='sent_3':type=f32;ne=[1024, 1, 1, 1];nb=[4, 4096, 4096, 4096] size=4096 offset=0
[SYCL] call ggml_backend_sycl_buffer_get_tensor: tensor='sent_3':type=f32;ne=[1024, 1, 1, 1];nb=[4, 4096, 4096, 4096] size=4096 offset=0
[SYCL] call ggml_backend_sycl_device_supports_op op->op=NONE op->type=f32 -> true
[SYCL] call ggml_backend_sycl_device_supports_op op->op=NONE op->type=q8_0 -> true
[SYCL] call ggml_backend_sycl_device_supports_op op->op=NONE op->type=f32 -> true
[SYCL] call ggml_backend_sycl_device_supports_op op->op=NONE op->type=f32 -> true
[SYCL] call ggml_backend_sycl_device_supports_op op->op=NONE op->type=f32 -> true
[SYCL] call ggml_backend_sycl_device_supports_op op->op=MUL_MAT op->type=f32 -> true
[SYCL] call ggml_backend_sycl_buffer_init_tensor: tensor='sent_0':type=f32;ne=[1024, 1, 1, 1];nb=[4, 4096, 4096, 4096]
[SYCL] call ggml_backend_sycl_buffer_init_tensor: tensor='a':type=q8_0;ne=[256, 2560, 1, 1];nb=[34, 272, 696320, 696320]
[SYCL] call ggml_backend_sycl_buffer_init_tensor: tensor='sent_1':type=f32;ne=[1024, 1, 1, 1];nb=[4, 4096, 4096, 4096]
[SYCL] call ggml_backend_sycl_buffer_init_tensor: tensor='b':type=f32;ne=[256, 4, 1, 1];nb=[4, 1024, 4096, 4096]
[SYCL] call ggml_backend_sycl_buffer_init_tensor: tensor='sent_2':type=f32;ne=[1024, 1, 1, 1];nb=[4, 4096, 4096, 4096]
[SYCL] call ggml_backend_sycl_buffer_init_tensor: tensor='out':type=f32;ne=[2560, 4, 1, 1];nb=[4, 10240, 40960, 40960]
[SYCL] call ggml_backend_sycl_buffer_init_tensor: tensor='sent_3':type=f32;ne=[1024, 1, 1, 1];nb=[4, 4096, 4096, 4096]
[SYCL] call ggml_backend_sycl_buffer_set_tensor: tensor='sent_0':type=f32;ne=[1024, 1, 1, 1];nb=[4, 4096, 4096, 4096] size=4096 offset=0
[SYCL] call ggml_backend_sycl_buffer_set_tensor: tensor='a':type=q8_0;ne=[256, 2560, 1, 1];nb=[34, 272, 696320, 696320] size=696320 offset=0
[SYCL] call ggml_backend_sycl_buffer_set_tensor: tensor='sent_1':type=f32;ne=[1024, 1, 1, 1];nb=[4, 4096, 4096, 4096] size=4096 offset=0
[SYCL] call ggml_backend_sycl_buffer_set_tensor: tensor='b':type=f32;ne=[256, 4, 1, 1];nb=[4, 1024, 4096, 4096] size=4096 offset=0
[SYCL] call ggml_backend_sycl_buffer_set_tensor: tensor='sent_2':type=f32;ne=[1024, 1, 1, 1];nb=[4, 4096, 4096, 4096] size=4096 offset=0
[SYCL] call ggml_backend_sycl_buffer_set_tensor: tensor='out':type=f32;ne=[2560, 4, 1, 1];nb=[4, 10240, 40960, 40960] size=40960 offset=0
[SYCL] call ggml_backend_sycl_buffer_set_tensor: tensor='sent_3':type=f32;ne=[1024, 1, 1, 1];nb=[4, 4096, 4096, 4096] size=4096 offset=0
[SYCL] call ggml_backend_sycl_buffer_get_tensor: tensor='out':type=f32;ne=[2560, 4, 1, 1];nb=[4, 10240, 40960, 40960] size=40960 offset=0
[SYCL] call ggml_backend_sycl_buffer_get_tensor: tensor='a':type=q8_0;ne=[256, 2560, 1, 1];nb=[34, 272, 696320, 696320] size=696320 offset=0
[SYCL] call ggml_backend_sycl_buffer_get_tensor: tensor='b':type=f32;ne=[256, 4, 1, 1];nb=[4, 1024, 4096, 4096] size=4096 offset=0
[SYCL] call ggml_backend_sycl_buffer_get_tensor: tensor='sent_0':type=f32;ne=[1024, 1, 1, 1];nb=[4, 4096, 4096, 4096] size=4096 offset=0
[SYCL] call ggml_backend_sycl_buffer_get_tensor: tensor='sent_1':type=f32;ne=[1024, 1, 1, 1];nb=[4, 4096, 4096, 4096] size=4096 offset=0
[SYCL] call ggml_backend_sycl_buffer_get_tensor: tensor='sent_2':type=f32;ne=[1024, 1, 1, 1];nb=[4, 4096, 4096, 4096] size=4096 offset=0
[SYCL] call ggml_backend_sycl_buffer_get_tensor: tensor='sent_3':type=f32;ne=[1024, 1, 1, 1];nb=[4, 4096, 4096, 4096] size=4096 offset=0
[SYCL][OP] call ggml_sycl_mul_mat: dst='out':type=f32;ne=[2560, 4, 1, 1];nb=[4, 10240, 40960, 40960]	src0='a':type=q8_0;ne=[256, 2560, 1, 1];nb=[34, 272, 696320, 696320]	src1='b':type=f32;ne=[256, 4, 1, 1];nb=[4, 1024, 4096, 4096]
[SYCL][OP] call ggml_sycl_op_mul_mat/quantize_row_q8_1_sycl: dst='out':type=f32;ne=[2560, 4, 1, 1];nb=[4, 10240, 40960, 40960]	src0='a':type=q8_0;ne=[256, 2560, 1, 1];nb=[34, 272, 696320, 696320]	src1='b':type=f32;ne=[256, 4, 1, 1];nb=[4, 1024, 4096, 4096] : converting src1 to Q8_1
[SYCL][OP] call ggml_sycl_op_mul_mat/quantize_row_q8_1_sycl done
Calling reorder_mul_mat_vec_q8_0_q8_1_sycl_switch_ncols ncols=4
[SYCL][OP] call ggml_sycl_mul_mat done
[SYCL] call ggml_backend_sycl_synchronize
[SYCL] call ggml_backend_sycl_buffer_get_tensor: tensor='out':type=f32;ne=[2560, 4, 1, 1];nb=[4, 10240, 40960, 40960] size=40960 offset=0
[SYCL] call ggml_backend_sycl_synchronize
[SYCL] call ggml_backend_sycl_buffer_get_tensor: tensor='sent_0':type=f32;ne=[1024, 1, 1, 1];nb=[4, 4096, 4096, 4096] size=4096 offset=0
[SYCL] call ggml_backend_sycl_buffer_get_tensor: tensor='sent_0':type=f32;ne=[1024, 1, 1, 1];nb=[4, 4096, 4096, 4096] size=4096 offset=0
[SYCL] call ggml_backend_sycl_synchronize
[SYCL] call ggml_backend_sycl_buffer_get_tensor: tensor='sent_1':type=f32;ne=[1024, 1, 1, 1];nb=[4, 4096, 4096, 4096] size=4096 offset=0
[SYCL] call ggml_backend_sycl_buffer_get_tensor: tensor='sent_1':type=f32;ne=[1024, 1, 1, 1];nb=[4, 4096, 4096, 4096] size=4096 offset=0
[SYCL] call ggml_backend_sycl_synchronize
[SYCL] call ggml_backend_sycl_buffer_get_tensor: tensor='sent_2':type=f32;ne=[1024, 1, 1, 1];nb=[4, 4096, 4096, 4096] size=4096 offset=0
[SYCL] call ggml_backend_sycl_buffer_get_tensor: tensor='sent_2':type=f32;ne=[1024, 1, 1, 1];nb=[4, 4096, 4096, 4096] size=4096 offset=0
[SYCL] call ggml_backend_sycl_synchronize
[SYCL] call ggml_backend_sycl_buffer_get_tensor: tensor='sent_3':type=f32;ne=[1024, 1, 1, 1];nb=[4, 4096, 4096, 4096] size=4096 offset=0
[SYCL] call ggml_backend_sycl_buffer_get_tensor: tensor='sent_3':type=f32;ne=[1024, 1, 1, 1];nb=[4, 4096, 4096, 4096] size=4096 offset=0
[SYCL] call ggml_backend_sycl_device_supports_op op->op=NONE op->type=f32 -> true
[SYCL] call ggml_backend_sycl_device_supports_op op->op=NONE op->type=q8_0 -> true
[SYCL] call ggml_backend_sycl_device_supports_op op->op=NONE op->type=f32 -> true
[SYCL] call ggml_backend_sycl_device_supports_op op->op=NONE op->type=f32 -> true
[SYCL] call ggml_backend_sycl_device_supports_op op->op=NONE op->type=f32 -> true
[SYCL] call ggml_backend_sycl_device_supports_op op->op=MUL_MAT op->type=f32 -> true
[SYCL] call ggml_backend_sycl_buffer_init_tensor: tensor='sent_0':type=f32;ne=[1024, 1, 1, 1];nb=[4, 4096, 4096, 4096]
[SYCL] call ggml_backend_sycl_buffer_init_tensor: tensor='a':type=q8_0;ne=[5120, 256, 1, 1];nb=[34, 5440, 1392640, 1392640]
[SYCL] call ggml_backend_sycl_buffer_init_tensor: tensor='sent_1':type=f32;ne=[1024, 1, 1, 1];nb=[4, 4096, 4096, 4096]
[SYCL] call ggml_backend_sycl_buffer_init_tensor: tensor='b':type=f32;ne=[5120, 4, 1, 1];nb=[4, 20480, 81920, 81920]
[SYCL] call ggml_backend_sycl_buffer_init_tensor: tensor='sent_2':type=f32;ne=[1024, 1, 1, 1];nb=[4, 4096, 4096, 4096]
[SYCL] call ggml_backend_sycl_buffer_init_tensor: tensor='out':type=f32;ne=[256, 4, 1, 1];nb=[4, 1024, 4096, 4096]
[SYCL] call ggml_backend_sycl_buffer_init_tensor: tensor='sent_3':type=f32;ne=[1024, 1, 1, 1];nb=[4, 4096, 4096, 4096]
[SYCL] call ggml_backend_sycl_buffer_set_tensor: tensor='sent_0':type=f32;ne=[1024, 1, 1, 1];nb=[4, 4096, 4096, 4096] size=4096 offset=0
[SYCL] call ggml_backend_sycl_buffer_set_tensor: tensor='a':type=q8_0;ne=[5120, 256, 1, 1];nb=[34, 5440, 1392640, 1392640] size=1392640 offset=0
[SYCL] call ggml_backend_sycl_buffer_set_tensor: tensor='sent_1':type=f32;ne=[1024, 1, 1, 1];nb=[4, 4096, 4096, 4096] size=4096 offset=0
[SYCL] call ggml_backend_sycl_buffer_set_tensor: tensor='b':type=f32;ne=[5120, 4, 1, 1];nb=[4, 20480, 81920, 81920] size=81920 offset=0
[SYCL] call ggml_backend_sycl_buffer_set_tensor: tensor='sent_2':type=f32;ne=[1024, 1, 1, 1];nb=[4, 4096, 4096, 4096] size=4096 offset=0
[SYCL] call ggml_backend_sycl_buffer_set_tensor: tensor='out':type=f32;ne=[256, 4, 1, 1];nb=[4, 1024, 4096, 4096] size=4096 offset=0
[SYCL] call ggml_backend_sycl_buffer_set_tensor: tensor='sent_3':type=f32;ne=[1024, 1, 1, 1];nb=[4, 4096, 4096, 4096] size=4096 offset=0
[SYCL] call ggml_backend_sycl_buffer_get_tensor: tensor='out':type=f32;ne=[256, 4, 1, 1];nb=[4, 1024, 4096, 4096] size=4096 offset=0
[SYCL] call ggml_backend_sycl_buffer_get_tensor: tensor='a':type=q8_0;ne=[5120, 256, 1, 1];nb=[34, 5440, 1392640, 1392640] size=1392640 offset=0
[SYCL] call ggml_backend_sycl_buffer_get_tensor: tensor='b':type=f32;ne=[5120, 4, 1, 1];nb=[4, 20480, 81920, 81920] size=81920 offset=0
[SYCL] call ggml_backend_sycl_buffer_get_tensor: tensor='sent_0':type=f32;ne=[1024, 1, 1, 1];nb=[4, 4096, 4096, 4096] size=4096 offset=0
[SYCL] call ggml_backend_sycl_buffer_get_tensor: tensor='sent_1':type=f32;ne=[1024, 1, 1, 1];nb=[4, 4096, 4096, 4096] size=4096 offset=0
[SYCL] call ggml_backend_sycl_buffer_get_tensor: tensor='sent_2':type=f32;ne=[1024, 1, 1, 1];nb=[4, 4096, 4096, 4096] size=4096 offset=0
[SYCL] call ggml_backend_sycl_buffer_get_tensor: tensor='sent_3':type=f32;ne=[1024, 1, 1, 1];nb=[4, 4096, 4096, 4096] size=4096 offset=0
[SYCL][OP] call ggml_sycl_mul_mat: dst='out':type=f32;ne=[256, 4, 1, 1];nb=[4, 1024, 4096, 4096]	src0='a':type=q8_0;ne=[5120, 256, 1, 1];nb=[34, 5440, 1392640, 1392640]	src1='b':type=f32;ne=[5120, 4, 1, 1];nb=[4, 20480, 81920, 81920]
[SYCL][OP] call ggml_sycl_op_mul_mat/quantize_row_q8_1_sycl: dst='out':type=f32;ne=[256, 4, 1, 1];nb=[4, 1024, 4096, 4096]	src0='a':type=q8_0;ne=[5120, 256, 1, 1];nb=[34, 5440, 1392640, 1392640]	src1='b':type=f32;ne=[5120, 4, 1, 1];nb=[4, 20480, 81920, 81920] : converting src1 to Q8_1
[SYCL][OP] call ggml_sycl_op_mul_mat/quantize_row_q8_1_sycl done
Calling reorder_mul_mat_vec_q8_0_q8_1_sycl_switch_ncols ncols=4
[SYCL][OP] call ggml_sycl_mul_mat done
[SYCL] call ggml_backend_sycl_synchronize
[SYCL] call ggml_backend_sycl_buffer_get_tensor: tensor='out':type=f32;ne=[256, 4, 1, 1];nb=[4, 1024, 4096, 4096] size=4096 offset=0
[SYCL] call ggml_backend_sycl_synchronize
[SYCL] call ggml_backend_sycl_buffer_get_tensor: tensor='sent_0':type=f32;ne=[1024, 1, 1, 1];nb=[4, 4096, 4096, 4096] size=4096 offset=0
[SYCL] call ggml_backend_sycl_buffer_get_tensor: tensor='sent_0':type=f32;ne=[1024, 1, 1, 1];nb=[4, 4096, 4096, 4096] size=4096 offset=0
[SYCL] call ggml_backend_sycl_synchronize
[SYCL] call ggml_backend_sycl_buffer_get_tensor: tensor='sent_1':type=f32;ne=[1024, 1, 1, 1];nb=[4, 4096, 4096, 4096] size=4096 offset=0
[SYCL] call ggml_backend_sycl_buffer_get_tensor: tensor='sent_1':type=f32;ne=[1024, 1, 1, 1];nb=[4, 4096, 4096, 4096] size=4096 offset=0
[SYCL] call ggml_backend_sycl_synchronize
[SYCL] call ggml_backend_sycl_buffer_get_tensor: tensor='sent_2':type=f32;ne=[1024, 1, 1, 1];nb=[4, 4096, 4096, 4096] size=4096 offset=0
[SYCL] call ggml_backend_sycl_buffer_get_tensor: tensor='sent_2':type=f32;ne=[1024, 1, 1, 1];nb=[4, 4096, 4096, 4096] size=4096 offset=0
[SYCL] call ggml_backend_sycl_synchronize
[SYCL] call ggml_backend_sycl_buffer_get_tensor: tensor='sent_3':type=f32;ne=[1024, 1, 1, 1];nb=[4, 4096, 4096, 4096] size=4096 offset=0
[SYCL] call ggml_backend_sycl_buffer_get_tensor: tensor='sent_3':type=f32;ne=[1024, 1, 1, 1];nb=[4, 4096, 4096, 4096] size=4096 offset=0
