epoch	phase	elapsed	rss_kib	pss_kib	vm_swap_kib	read_bytes	minflt	majflt	mem_available_kib	swap_free_kib	pswpin_delta	pswpout_delta	pgmaj_delta	pkg_temp_mC
1785981827	before	0	13525372	13522090	0	2508034048	654044	7	29654264	8118424	0	0	0	49000
1785981827	request	0	13525372	13522852	0	2508034048	655163	7	29650052	8118424	0	0	0	53000
1785981828	request	1	13570032	13566649	0	2508034048	668870	7	29621356	8118424	0	0	0	67000
1785981829	request	2	13570068	13566685	0	2508034048	668879	7	29616780	8118472	12	0	12	67000
1785981831	request	4	13570084	13566699	0	2508034048	668883	7	29616652	8118472	12	0	12	72000
1785981832	request	5	13570092	13566695	0	2508034048	668885	7	29616664	8118472	12	0	12	71000
1785981833	request	6	13570092	13566695	0	2508034048	668885	7	29612868	8119200	193	0	195	74000
1785981834	request	7	13570092	13566699	0	2508034048	668885	7	29612804	8119200	193	0	195	73000
1785981836	request	9	13599668	13596277	0	2508034048	689514	7	29574856	8119204	194	0	196	70000
1785981837	request	10	13599668	13596275	0	2508034048	689514	7	29554472	8119400	243	0	246	73000
1785981838	request	11	13599668	13596274	0	2508034048	689514	7	29614652	8119652	287	0	290	73000
1785981839	request	12	13599668	13596274	0	2508034048	689514	7	29615584	8119656	287	0	290	76000
1785981840	request	13	13599668	13596281	0	2508034048	689514	7	29615980	8119656	287	0	290	77000
1785981842	request	15	13599668	13596271	0	2508034048	689514	7	29616228	8119656	287	0	290	70000
1785981843	request	16	13599668	13596279	0	2508034048	689514	7	29617620	8119656	287	0	290	76000
1785981844	request	17	13599668	13596281	0	2508034048	689514	7	29617256	8119656	287	0	290	77000
1785981845	request	18	13599668	13596276	0	2508034048	689514	7	29614800	8119656	287	0	290	76000
1785981847	request	20	13599676	13596275	0	2508034048	689516	7	29616224	8119664	289	0	292	78000
1785981848	request	21	13599676	13596284	0	2508034048	689516	7	29616792	8119664	289	0	292	73000
1785981849	request	22	13599676	13596281	0	2508034048	689516	7	29617228	8119664	289	0	292	79000
1785981850	request	23	13599676	13596221	0	2508034048	689516	7	29614280	8119712	301	0	308	76000
1785981851	request	24	13599676	13596280	0	2508034048	689516	7	29614760	8119756	312	0	319	77000
1785981853	request	26	13599676	13596291	0	2508034048	689516	7	29610920	8119764	314	0	321	78000
1785981854	request	27	13599676	13596283	0	2508034048	689516	7	29595416	8119808	325	0	332	76000
1785981855	request	28	13599676	13596291	0	2508034048	689542	7	29601444	8119820	328	0	335	78000
1785981856	request	29	13599676	13596289	0	2508034048	689542	7	29601940	8119820	328	0	335	78000
1785981858	request	31	13599676	13596284	0	2508034048	689542	7	29603192	8119820	328	0	335	79000
1785981859	request	32	13599676	13596289	0	2508034048	689542	7	29621956	8119820	328	0	335	79000
1785981860	request	33	13673936	13670544	0	2508034048	723545	7	29555312	8119820	328	0	335	75000
1785981861	request	34	13673936	13670546	0	2508034048	723545	7	29555108	8119820	328	0	335	78000
1785981863	request	36	13673936	13670543	0	2508034048	723545	7	29557352	8119832	331	0	338	79000
1785981864	request	37	13673936	13670555	0	2508034048	723545	7	29557904	8119832	331	0	338	81000
1785981865	request	38	13673936	13670543	0	2508034048	723545	7	29554764	8119832	331	0	338	77000
1785981866	request	39	13673936	13670548	0	2508034048	723545	7	29554856	8119832	331	0	338	78000
1785981868	request	41	13673936	13670542	0	2508034048	723545	7	29554364	8119840	333	0	340	82000
1785981869	request	42	13673936	13670494	0	2508034048	723545	7	29542544	8120400	473	0	481	79000
1785981870	request	43	13673936	13670498	0	2508034048	723545	7	29542232	8120400	473	0	481	80000
1785981871	request	44	13673936	13670499	0	2508034048	723545	7	29541744	8120404	474	0	482	79000
1785981873	request	46	13673936	13670509	0	2508034048	723545	7	29536912	8120404	474	0	482	82000
1785981874	request	47	13673936	13670559	0	2508034048	723545	7	29525744	8120404	474	0	482	83000
1785981875	request	48	13673936	13670542	0	2508034048	723545	7	29525848	8120404	474	0	482	83000
1785981876	request	49	13673936	13670548	0	2508034048	723545	7	29526716	8120404	474	0	482	82000
1785981878	request	51	13673936	13670542	0	2508034048	723545	7	29527608	8120404	474	0	482	82000
1785981879	request	52	13673936	13670555	0	2508034048	723545	7	29530280	8120404	474	0	482	82000
1785981880	request	53	13673936	13670557	0	2508034048	723545	7	29529812	8120404	474	0	482	80000
1785981881	request	54	13673936	13670544	0	2508034048	723545	7	29531224	8120412	476	0	484	81000
1785981883	request	56	13673936	13670549	0	2508034048	723545	7	29532748	8120412	476	0	484	83000
1785981884	request	57	13673936	13670549	0	2508034048	723545	7	29532752	8120412	476	0	484	82000
1785981885	request	58	13673936	13670543	0	2508034048	723545	7	29527816	8120556	512	0	521	78000
1785981886	request	59	13673936	13670546	0	2508034048	723545	7	29528644	8120556	512	0	521	80000
1785981887	request	60	13673936	13670543	0	2508034048	723545	7	29526300	8120556	512	0	521	83000
1785981889	request	62	13673936	13670551	0	2508034048	723545	7	29520084	8120556	512	0	521	82000
1785981890	request	63	13673936	13670543	0	2508034048	723545	7	29508060	8120568	515	0	524	80000
1785981891	request	64	13673944	13670551	0	2508034048	723547	7	29507956	8120568	515	0	524	82000
1785981892	request	65	13673952	13670558	0	2508034048	723549	7	29507704	8120568	515	0	524	83000
1785981894	request	67	13673952	13670559	0	2508034048	723549	7	29508208	8120568	515	0	524	85000
1785981895	request	68	13673960	13670581	0	2508034048	723551	7	29499652	8120716	552	0	561	81000
1785981896	request	69	13676128	13672741	0	2508034048	724093	7	29504152	8120716	552	0	561	83000
1785981897	request	70	13676236	13672842	0	2508034048	724120	7	29504264	8120716	552	0	561	79000
1785981899	request	72	13676236	13672849	0	2508034048	724120	7	29504556	8120716	552	0	561	82000
1785981900	request	73	13676236	13672843	0	2508034048	724120	7	29503876	8120716	552	0	561	83000
1785981901	request	74	13676236	13672844	0	2508034048	724120	7	29503636	8120716	552	0	561	79000
1785981902	request	75	13676236	13672849	0	2508034048	724120	7	29503636	8120716	552	0	561	85000
1785981904	request	77	13676236	13672851	0	2508034048	724120	7	29503636	8120716	552	0	561	83000
1785981905	request	78	13676236	13672851	0	2508034048	724120	7	29503652	8120716	552	0	561	84000
1785981906	request	79	13676236	13672848	0	2508034048	724120	7	29505104	8120716	552	0	561	85000
1785981907	request	80	13676236	13672848	0	2508034048	724120	7	29505004	8120716	552	0	561	85000
1785981909	request	82	13676236	13672809	0	2508034048	724130	7	29499656	8120744	559	0	568	85000
1785981910	request	83	13676276	13672837	0	2508034048	724130	7	29499324	8120744	559	0	568	82000
1785981911	request	84	13676276	13672839	0	2508034048	724130	7	29500888	8120756	562	0	571	84000
1785981912	request	85	13676284	13672905	0	2508034048	724132	7	29529776	8120764	564	0	573	84000
1785981914	request	87	13676284	13672897	0	2508034048	724132	7	29535696	8120768	565	0	574	83000
1785981915	request	88	13676284	13672905	0	2508034048	724132	7	29527092	8120768	565	0	574	82000
1785981916	request	89	13676284	13672892	0	2508034048	724132	7	29533440	8120768	565	0	574	83000
1785981917	request	90	13676284	13672899	0	2508034048	724132	7	29546904	8120768	565	0	574	83000
1785981918	request	91	13676284	13672892	0	2508034048	724132	7	29547292	8120768	565	0	574	84000
1785981920	request	93	13676284	13672907	0	2508034048	724132	7	29546036	8120768	565	0	574	88000
1785981921	request	94	13676284	13672894	0	2508034048	724132	7	29546052	8120768	565	0	574	78000
1785981922	request	95	13676284	13672891	0	2508034048	724132	7	29543700	8120768	565	0	574	85000
1785981923	request	96	13676284	13672896	0	2508034048	724132	7	29543056	8120768	565	0	574	84000
1785981925	request	98	13676284	13672897	0	2508034048	724132	7	29535544	8120768	565	0	574	83000
1785981926	request	99	13676284	13672894	0	2508034048	724132	7	29535304	8120768	565	0	574	84000
1785981927	request	100	13676284	13672896	0	2508034048	724132	7	29534576	8120832	581	0	592	84000
1785981928	request	101	13676324	13672886	0	2508034048	724142	7	29531068	8120844	584	0	593	83000
1785981930	request	103	13676324	13672892	0	2508034048	724142	7	29524532	8120844	584	0	593	85000
1785981931	request	104	13676324	13672932	0	2508034048	724142	7	29505628	8120844	584	0	593	84000
1785981932	request	105	13676332	13672939	0	2508034048	724144	7	29507556	8120844	584	0	593	83000
1785981933	request	106	13676332	13672942	0	2508034048	724144	7	29508592	8120844	584	0	593	85000
1785981935	request	108	13676332	13672938	0	2508034048	724144	7	29509068	8120844	584	0	593	84000
1785981936	request	109	13676428	13673041	0	2508034048	724170	7	29510644	8120844	584	0	593	85000
1785981937	request	110	13676544	13673167	0	2508034048	724197	7	29505400	8120844	584	0	593	82000
1785981938	request	111	13676544	13673157	0	2508034048	724197	7	29503756	8120844	584	0	593	85000
1785981939	request	112	13676544	13673163	0	2508034048	724197	7	29489036	8120844	584	0	593	85000
1785981941	request	114	13676544	13673156	0	2508034048	724197	7	29484788	8120844	584	0	593	86000
1785981942	request	115	13676544	13673152	0	2508034048	724197	7	29482396	8120848	585	0	594	86000
1785981943	request	116	13676544	13673150	0	2508034048	724197	7	29475872	8120848	585	0	594	88000
1785981944	request	117	13676544	13673156	0	2508034048	724197	7	29476996	8120848	585	0	594	85000
1785981946	request	119	13676544	13673167	0	2508034048	724197	7	29469276	8120872	591	0	600	85000
1785981947	request	120	13676544	13673157	0	2508034048	724197	7	29470080	8120872	591	0	600	86000
1785981948	request	121	13676544	13673156	0	2508034048	724197	7	29471180	8120872	591	0	600	86000
1785981949	request	122	13676544	13673159	0	2508034048	724197	7	29472256	8120872	591	0	600	85000
1785981951	request	124	13676544	13673150	0	2508034048	724197	7	29470604	8120876	592	0	601	85000
1785981952	request	125	13676544	13673151	0	2508034048	724197	7	29533216	8120876	592	0	601	83000
1785981953	request	126	13676544	13673159	0	2508034048	724197	7	29541168	8120888	595	0	604	85000
1785981954	request	127	13676544	13673165	0	2508034048	724197	7	29527700	8120888	595	0	604	83000
1785981956	request	129	13676544	13673157	0	2508034048	724197	7	29526192	8120888	595	0	604	83000
1785981957	request	130	13676544	13673156	0	2508034048	724197	7	29523044	8120888	595	0	604	86000
1785981958	request	131	13676544	13673151	0	2508034048	724197	7	29539784	8120888	595	0	604	86000
1785981959	request	132	13676544	13673154	0	2508034048	724197	7	29524616	8120888	595	0	604	86000
1785981960	request	133	13676544	13673163	0	2508034048	724197	7	29516556	8120892	596	0	605	85000
1785981962	request	135	13676544	13673151	0	2508034048	724197	7	29508508	8120892	596	0	605	84000
1785981963	request	136	13676544	13673151	0	2508034048	724197	7	29507208	8120900	598	0	607	83000
1785981964	request	137	13676544	13673151	0	2508034048	724197	7	29530536	8120900	598	0	607	88000
1785981965	request	138	13676544	13673152	0	2508034048	724197	7	29532608	8120900	598	0	607	85000
1785981967	request	140	13676544	13673151	0	2508034048	724197	7	29534696	8120900	598	0	607	86000
1785981968	request	141	13676544	13673151	0	2508034048	724197	7	29537228	8120900	598	0	607	85000
1785981969	request	142	13676544	13673157	0	2508034048	724197	7	29538148	8120900	598	0	607	86000
1785981970	request	143	13676544	13673156	0	2508034048	724197	7	29538336	8120900	598	0	607	85000
1785981972	request	145	13676544	13673163	0	2508034048	724197	7	29535884	8120912	601	0	610	85000
1785981973	request	146	13676544	13673152	0	2508034048	724197	7	29538852	8120912	601	0	610	86000
1785981974	request	147	13676544	13673167	0	2508034048	724197	7	29543948	8120912	601	0	610	86000
1785981975	request	148	13676544	13673151	0	2508034048	724197	7	29544648	8120912	601	0	610	86000
1785981977	request	150	13676544	13673151	0	2508034048	724197	7	29543880	8120912	601	0	610	84000
1785981978	request	151	13676544	13673159	0	2508034048	724197	7	29542856	8120912	601	0	610	84000
1785981979	request	152	13676648	13673258	0	2508034048	724223	7	29537624	8120912	601	0	610	86000
1785981980	request	153	13676648	13673269	0	2508034048	724223	7	29535956	8120912	601	0	610	86000
1785981982	request	155	13676648	13673254	0	2508034048	724223	7	29525040	8120912	601	0	610	85000
1785981983	request	156	13676648	13673271	0	2508034048	724223	7	29519036	8120912	601	0	610	88000
1785981984	request	157	13676648	13673255	0	2508034048	724223	7	29502592	8120936	607	0	616	90000
1785981985	request	158	13676648	13673265	0	2508034048	724223	7	29503300	8120936	607	0	616	86000
1785981987	request	160	13676648	13673261	0	2508034048	724223	7	29504824	8120964	614	0	623	86000
1785981988	request	161	13676648	13673263	0	2508034048	724223	7	29506488	8120964	614	0	623	86000
1785981989	request	162	13676648	13673260	0	2508034048	724223	7	29507368	8120964	614	0	623	83000
1785981991	request	164	13676648	13673271	0	2508034048	724223	7	29508568	8120964	614	0	623	88000
1785981992	request	165	13676648	13673263	0	2508034048	724223	7	29508784	8120964	614	0	623	90000
1785981993	request	166	13676648	13673260	0	2508034048	724223	7	29508484	8120964	614	0	623	88000
1785981994	request	167	13676688	13673249	0	2508034048	724233	7	29537012	8121004	624	0	633	88000
1785981996	request	169	13676688	13673265	0	2508034048	724233	7	29538592	8121008	624	0	633	88000
1785981997	request	170	13676688	13673298	0	2508034048	724233	7	29536476	8121008	624	0	633	88000
1785981998	request	171	13676696	13673304	0	2508034048	724235	7	29523876	8121008	624	0	633	86000
1785981999	request	172	13676696	13673303	0	2508034048	724235	7	29544772	8121008	624	0	633	88000
1785982001	request	174	13676696	13673317	0	2508034048	724235	7	29545516	8121008	624	0	633	90000
1785982002	request	175	13676704	13673327	0	2508034048	724237	7	29545012	8121008	624	0	633	87000
1785982003	request	176	13676704	13673317	0	2508034048	724237	7	29545080	8121008	624	0	633	88000
1785982004	request	177	13676704	13673314	0	2508034048	724237	7	29545080	8121008	624	0	633	86000
1785982005	request	178	13676704	13673312	0	2508034048	724237	7	29542196	8121012	625	0	634	91000
1785982007	request	180	13676704	13673317	0	2508034048	724237	7	29543260	8121012	625	0	634	86000
1785982008	request	181	13676704	13673314	0	2508034048	724237	7	29541824	8121012	625	0	634	90000
1785982009	request	182	13676704	13673319	0	2508034048	724237	7	29541744	8121012	625	0	634	89000
1785982010	request	183	13676704	13673311	0	2508034048	724237	7	29537924	8121012	625	0	634	89000
1785982012	request	185	13676704	13673314	0	2508034048	724237	7	29537892	8121012	625	0	634	88000
1785982013	request	186	13676704	13673311	0	2508034048	724237	7	29537548	8121012	625	0	634	88000
1785982014	request	187	13676704	13673311	0	2508034048	724237	7	29537792	8121012	625	0	634	90000
1785982015	request	188	13676704	13673310	0	2508034048	724237	7	29537792	8121012	625	0	634	85000
1785982017	request	190	13676704	13673327	0	2508034048	724237	7	29535564	8121200	672	0	681	88000
1785982018	request	191	13676704	13673310	0	2508034048	724237	7	29536448	8121200	672	0	681	89000
1785982019	request	192	13676704	13673310	0	2508034048	724237	7	29536216	8121200	672	0	681	90000
1785982020	request	193	13676704	13673310	0	2508034048	724237	7	29534548	8121200	672	0	681	90000
1785982022	request	195	13676704	13673310	0	2508034048	724237	7	29518032	8121216	676	0	685	90000
1785982023	request	196	13676704	13673316	0	2508034048	724237	7	29506452	8121216	676	0	685	87000
1785982024	request	197	13676704	13673318	0	2508034048	724237	7	29488948	8121216	676	0	685	90000
1785982025	request	198	13676704	13673322	0	2508034048	724237	7	29487792	8121216	676	0	685	85000
1785982026	request	199	13676704	13673320	0	2508034048	724240	7	29487792	8121216	676	0	685	89000
1785982028	request	201	13676724	13673336	0	2508034048	724242	7	29487824	8121216	676	0	685	88000
1785982029	request	202	13676724	13673346	0	2508034048	724242	7	29487572	8121216	676	0	685	89000
1785982030	request	203	13676724	13673330	0	2508034048	724242	7	29487348	8121216	676	0	685	88000
1785982031	request	204	13676724	13673342	0	2508034048	724242	7	29487348	8121216	676	0	685	90000
1785982033	request	206	13676724	13673335	0	2508034048	724242	7	29487432	8121216	676	0	685	88000
1785982034	request	207	13676724	13673338	0	2508034048	724242	7	29488132	8121216	676	0	685	90000
1785982035	request	208	13676724	13673329	0	2508034048	724242	7	29489192	8121216	676	0	685	88000
1785982036	request	209	13676724	13673344	0	2508034048	724242	7	29490280	8121216	676	0	685	90000
1785982038	request	211	13676724	13673346	0	2508034048	724242	7	29492480	8121216	676	0	685	90000
1785982039	request	212	13676724	13673330	0	2508034048	724242	7	29492792	8121216	676	0	685	86000
1785982040	request	213	13676724	13673340	0	2508034048	724242	7	29540080	8121232	680	0	689	88000
1785982041	request	214	13676724	13673330	0	2508034048	724242	7	29544072	8121244	681	0	690	90000
1785982043	request	216	13676724	13673342	0	2508034048	724242	7	29541188	8121244	681	0	690	89000
1785982044	request	217	13676724	13673330	0	2508034048	724242	7	29542024	8121244	681	0	690	90000
1785982045	request	218	13676724	13673331	0	2508034048	724242	7	29542296	8121244	681	0	690	91000
1785982046	request	219	13676724	13673325	0	2508034048	724242	7	29526544	8121756	809	0	820	90000
1785982048	request	221	13676724	13673336	0	2508034048	724242	7	29528348	8121756	809	0	820	89000
1785982049	request	222	13676724	13673330	0	2508034048	724242	7	29535908	8121756	809	0	820	88000
1785982050	request	223	13676724	13673330	0	2508034048	724242	7	29536460	8121756	809	0	820	88000
1785982051	request	224	13676724	13673336	0	2508034048	724242	7	29536460	8121756	809	0	820	88000
1785982053	request	226	13676724	13673342	0	2508034048	724242	7	29539016	8121756	809	0	820	88000
1785982054	request	227	13676724	13673331	0	2508034048	724242	7	29539976	8121756	809	0	820	88000
1785982055	request	228	13676724	13673342	0	2508034048	724242	7	29551876	8121756	809	0	820	88000
1785982057	request	230	13676724	13673338	0	2508034048	724242	7	29551748	8121756	809	0	820	88000
1785982058	request	231	13676724	13673335	0	2508034048	724242	7	29551780	8121756	809	0	820	88000
1785982059	request	232	13676724	13673330	0	2508034048	724242	7	29551780	8121756	809	0	820	88000
1785982060	request	233	13676724	13673330	0	2508034048	724242	7	29551780	8121756	809	0	820	87000
1785982062	request	235	13676724	13673338	0	2508034048	724242	7	29551780	8121756	809	0	820	87000
1785982063	request	236	13676724	13673342	0	2508034048	724242	7	29550916	8121780	815	0	826	90000
1785982064	request	237	13676724	13673330	0	2508034048	724242	7	29549256	8121848	832	0	843	91000
1785982065	request	238	13676724	13673331	0	2508034048	724242	7	29542928	8121848	832	0	843	85000
1785982067	request	240	13676724	13673330	0	2508034048	724242	7	29534932	8121848	832	0	843	89000
1785982068	request	241	13676724	13673338	0	2508034048	724242	7	29523464	8121872	838	0	850	88000
1785982069	request	242	13676724	13673338	0	2508034048	724242	7	29524340	8121872	838	0	850	89000
1785982070	request	243	13676724	13673337	0	2508034048	724242	7	29524192	8121872	838	0	850	89000
1785982072	request	245	13676724	13673343	0	2508034048	724242	7	29536268	8121872	838	0	850	85000
1785982073	request	246	13676724	13673331	0	2508034048	724242	7	29532616	8121872	838	0	850	87000
1785982074	request	247	13676724	13673336	0	2508034048	724242	7	29529560	8121872	838	0	850	90000
1785982075	request	248	13676724	13673343	0	2508034048	724242	7	29525324	8121872	838	0	850	89000
1785982076	request	249	13676724	13673343	0	2508034048	724242	7	29519068	8121872	838	0	850	90000
1785982078	request	251	13676724	13673343	0	2508034048	724244	7	29514760	8121872	838	0	850	89000
1785982079	request	252	13676732	13673345	0	2508034048	724250	7	29542880	8121872	838	0	850	88000
1785982080	request	253	13676756	13673362	0	2508034048	724250	7	29536360	8121872	838	0	850	89000
1785982081	request	254	13676756	13673363	0	2508034048	724250	7	29537688	8121872	838	0	850	89000
1785982083	request	256	13676756	13673379	0	2508034048	724250	7	29537696	8121872	838	0	850	90000
1785982084	request	257	13676756	13673371	0	2508034048	724250	7	29538204	8121872	838	0	850	89000
1785982085	request	258	13676756	13673377	0	2508034048	724250	7	29539184	8121872	838	0	850	89000
1785982086	request	259	13676756	13673363	0	2508034048	724250	7	29539240	8121872	838	0	850	89000
1785982088	request	261	13676756	13673371	0	2508034048	724250	7	29536156	8121916	849	0	862	89000
1785982089	request	262	13676756	13673375	0	2508034048	724250	7	29536768	8121916	849	0	862	90000
1785982090	request	263	13676756	13673369	0	2508034048	724250	7	29543348	8121916	849	0	862	88000
1785982091	request	264	13676756	13673377	0	2508034048	724250	7	29541356	8121916	849	0	862	89000
1785982093	request	266	13676756	13673371	0	2508034048	724250	7	29542348	8121916	849	0	862	88000
1785982094	request	267	13676756	13673362	0	2508034048	724250	7	29542000	8121916	849	0	862	86000
1785982095	request	268	13676756	13673371	0	2508034048	724250	7	29542000	8121916	849	0	862	90000
1785982096	request	269	13676756	13673363	0	2508034048	724250	7	29541328	8121924	851	0	864	89000
1785982098	request	271	13676756	13673363	0	2508034048	724250	7	29542096	8121968	862	0	876	91000
1785982099	request	272	13676756	13673373	0	2508034048	724250	7	29537256	8121968	862	0	876	91000
1785982100	request	273	13676756	13673369	0	2508034048	724250	7	29541872	8121996	867	0	881	86000
1785982101	request	274	13676756	13673368	0	2508034048	724250	7	29541984	8121996	867	0	881	90000
1785982103	request	276	13676756	13673362	0	2508034048	724250	7	29540660	8121996	867	0	881	90000
1785982104	request	277	13676756	13673363	0	2508034048	724250	7	29536852	8121996	867	0	881	87000
1785982105	request	278	13676756	13673362	0	2508034048	724250	7	29535520	8121996	867	0	881	91000
1785982106	request	279	13676756	13673379	0	2508034048	724250	7	29515156	8122124	899	0	913	87000
1785982108	request	281	13676756	13673373	0	2508034048	724250	7	29527276	8122124	899	0	913	88000
1785982109	request	282	13676756	13673363	0	2508034048	724250	7	29531792	8122124	899	0	913	88000
1785982110	request	283	13676756	13673377	0	2508034048	724250	7	29534080	8122124	899	0	913	89000
1785982111	request	284	13676756	13673379	0	2508034048	724250	7	29533748	8122124	899	0	913	88000
1785982113	request	286	13676756	13673363	0	2508034048	724250	7	29536528	8122124	899	0	914	89000
1785982114	request	287	13676756	13673371	0	2508034048	724250	7	29539592	8122124	899	0	914	89000
1785982115	request	288	13676756	13673366	0	2508034048	724250	7	29540360	8122124	899	0	914	86000
1785982116	request	289	13676756	13673363	0	2508034048	724250	7	29541416	8122124	899	0	914	89000
1785982118	request	291	13676756	13673369	0	2508034048	724250	7	29544140	8122124	899	0	914	88000
1785982119	request	292	13676756	13673368	0	2508034048	724250	7	29544892	8122124	899	0	914	91000
1785982120	request	293	13676756	13673365	0	2508034048	724250	7	29544900	8122124	899	0	914	90000
1785982121	request	294	13676756	13673378	0	2508034048	724250	7	29527140	8122140	903	0	918	90000
1785982123	request	296	13676756	13673370	0	2508034048	724250	7	29537144	8122140	903	0	918	86000
1785982124	request	297	13676756	13673370	0	2508034048	724250	7	29536892	8122140	903	0	918	89000
1785982125	request	298	13676756	13673380	0	2508034048	724250	7	29536908	8122140	903	0	918	90000
1785982126	request	299	13676756	13673374	0	2508034048	724250	7	29537384	8122140	903	0	918	91000
1785982128	request	301	13676756	13673366	0	2508034048	724250	7	29515544	8122140	903	0	918	89000
1785982129	request	302	13676756	13673376	0	2508034048	724250	7	29532804	8122148	905	0	920	90000
1785982130	request	303	13676756	13673375	0	2508034048	724250	7	29533276	8122148	905	0	920	90000
1785982131	request	304	13676756	13673376	0	2508034048	724250	7	29534144	8122156	907	0	922	88000
1785982133	request	306	13676764	13673374	0	2508034048	724252	7	29534616	8122164	909	0	924	90000
1785982134	request	307	13676764	13673384	0	2508034048	724252	7	29534132	8122164	909	0	924	88000
1785982135	request	308	13676788	13673412	0	2508034048	724258	7	29526916	8122164	909	0	924	91000
1785982136	request	309	13676788	13673407	0	2508034048	724258	7	29524252	8122164	909	0	924	89000
1785982138	request	311	13676788	13673414	0	2508034048	724258	7	29521788	8122164	909	0	924	89000
1785982139	request	312	13676788	13673410	0	2508034048	724258	7	29532968	8122164	909	0	924	91000
1785982140	request	313	13676788	13673404	0	2508034048	724258	7	29547416	8122164	909	0	924	90000
1785982141	request	314	13676788	13673406	0	2508034048	724258	7	29531864	8122168	910	0	925	89000
1785982143	request	316	13676788	13673406	0	2508034048	724258	7	29529612	8122168	910	0	925	90000
1785982144	request	317	13676788	13673407	0	2508034048	724258	7	29532308	8122168	910	0	925	88000
1785982145	request	318	13676788	13673398	0	2508034048	724258	7	29531956	8122172	911	0	926	90000
1785982146	request	319	13676788	13673402	0	2508034048	724258	7	29535708	8122172	911	0	926	92000
1785982147	request	320	13676788	13673414	0	2508034048	724258	7	29530144	8122172	911	0	926	89000
1785982149	request	322	13676788	13673411	0	2508034048	724258	7	29525236	8122172	911	0	926	81000
1785982150	request	323	13676788	13673402	0	2508034048	724258	7	29523520	8122196	917	0	932	87000
1785982151	request	324	13676788	13673414	0	2508034048	724258	7	29540012	8122200	918	0	933	89000
1785982152	request	325	13676788	13673403	0	2508034048	724258	7	29541388	8122200	918	0	933	89000
1785982154	request	327	13676788	13673418	0	2508034048	724258	7	29542720	8122200	918	0	933	88000
1785982155	request	328	13676788	13673405	0	2508034048	724258	7	29543356	8122200	918	0	933	89000
1785982156	request	329	13676788	13673411	0	2508034048	724258	7	29544220	8122200	918	0	933	90000
1785982157	request	330	13676788	13673408	0	2508034048	724258	7	29545304	8122200	918	0	933	90000
1785982159	request	332	13676788	13673411	0	2508034048	724258	7	29546808	8122200	918	0	933	90000
1785982160	request	333	13676788	13673402	0	2508034048	724258	7	29536612	8122200	918	0	933	90000
1785982161	request	334	13676788	13673414	0	2508034048	724258	7	29537032	8122200	918	0	933	90000
1785982162	request	335	13676788	13673402	0	2508034048	724258	7	29536792	8122200	918	0	933	84000
1785982164	request	337	13676788	13673411	0	2508034048	724258	7	29536812	8122200	918	0	933	85000
1785982165	request	338	13676788	13673411	0	2508034048	724258	7	29537204	8122200	918	0	933	89000
1785982166	request	339	13676788	13673402	0	2508034048	724258	7	29538932	8122200	918	0	933	88000
1785982167	request	340	13676788	13673414	0	2508034048	724258	7	29538412	8122200	918	0	933	88000
1785982169	request	342	13676788	13673400	0	2508034048	724258	7	29545220	8122200	918	0	933	89000
1785982170	request	343	13676788	13673410	0	2508034048	724258	7	29545232	8122200	918	0	933	91000
1785982171	request	344	13676788	13673412	0	2508034048	724258	7	29541200	8122200	918	0	933	90000
1785982172	request	345	13676788	13673418	0	2508034048	724258	7	29541108	8122200	918	0	933	90000
1785982174	request	347	13676788	13673402	0	2508034048	724258	7	29539856	8122200	918	0	933	89000
1785982175	request	348	13676788	13673400	0	2508034048	724258	7	29540592	8122200	918	0	933	91000
1785982176	request	349	13676788	13673350	0	2508034048	724258	7	29532280	8122232	926	0	945	88000
1785982177	request	350	13676788	13673411	0	2508034048	724258	7	29518932	8122236	927	0	946	88000
1785982179	request	352	13676788	13673412	0	2508034048	724258	7	29518564	8122236	927	0	946	92000
1785982180	request	353	13676788	13673411	0	2508034048	724258	7	29521752	8122236	927	0	946	90000
1785982181	request	354	13676788	13673402	0	2508034048	724258	7	29524364	8122236	927	0	946	91000
1785982182	request	355	13676788	13673412	0	2508034048	724258	7	29526256	8122236	927	0	946	90000
1785982184	request	357	13676788	13673414	0	2508034048	724258	7	29529588	8122236	927	0	946	90000
1785982185	request	358	13676788	13673411	0	2508034048	724258	7	29530460	8122236	927	0	946	85000
1785982186	request	359	13676788	13673418	0	2508034048	724258	7	29531344	8122236	927	0	946	89000
1785982187	request	360	13676788	13673405	0	2508034048	724258	7	29526744	8122244	929	0	948	89000
1785982189	request	362	13676788	13673351	0	2508034048	724258	7	29544212	8122244	929	0	948	90000
1785982190	request	363	13676788	13673414	0	2508034048	724258	7	29543920	8122244	929	0	948	90000
1785982191	request	364	13676788	13673411	0	2508034048	724258	7	29544308	8122244	929	0	948	92000
1785982192	request	365	13676796	13673422	0	2508034048	724260	7	29526660	8122260	933	0	952	90000
1785982194	request	367	13676796	13673424	0	2508034048	724260	7	29531304	8122260	933	0	952	88000
1785982195	request	368	13676796	13673410	0	2508034048	724260	7	29531088	8122260	933	0	952	89000
1785982196	request	369	13676796	13673410	0	2508034048	724260	7	29530596	8122260	933	0	952	89000
1785982197	request	370	13676796	13673419	0	2508034048	724260	7	29532308	8122260	933	0	952	90000
1785982198	request	371	13676796	13673426	0	2508034048	724260	7	29531892	8122260	933	0	952	90000
1785982200	request	373	13676796	13673419	0	2508034048	724260	7	29531564	8122260	933	0	952	91000
1785982201	request	374	13676796	13673410	0	2508034048	724260	7	29543980	8122260	933	0	952	90000
1785982202	request	375	13676796	13673419	0	2508034048	724260	7	29533584	8122268	935	0	954	89000
1785982204	request	377	13676796	13673422	0	2508034048	724260	7	29534088	8122268	935	0	954	88000
1785982205	request	378	13676796	13673422	0	2508034048	724260	7	29533976	8122268	935	0	954	89000
1785982206	request	379	13676796	13673413	0	2508034048	724260	7	29537776	8122268	935	0	954	90000
1785982207	request	380	13676796	13673422	0	2508034048	724260	7	29534488	8122268	935	0	954	89000
1785982208	request	381	13676796	13673419	0	2508034048	724260	7	29532960	8122268	935	0	954	82000
1785982210	request	383	13676796	13673411	0	2508034048	724260	7	29524008	8122276	937	0	956	87000
1785982211	request	384	13676796	13673416	0	2508034048	724260	7	29541016	8122276	937	0	956	89000
1785982212	request	385	13676796	13673424	0	2508034048	724260	7	29540524	8122276	937	0	956	89000
1785982213	request	386	13676796	13673420	0	2508034048	724260	7	29540020	8122276	937	0	956	90000
1785982215	request	388	13676796	13673408	0	2508034048	724260	7	29540428	8122276	937	0	956	86000
1785982216	request	389	13676796	13673419	0	2508034048	724260	7	29528428	8122276	937	0	957	91000
1785982217	request	390	13676796	13673416	0	2508034048	724260	7	29530992	8122276	937	0	957	91000
1785982218	request	391	13676796	13673410	0	2508034048	724260	7	29531720	8122276	937	0	957	89000
1785982220	request	393	13676796	13673416	0	2508034048	724260	7	29532640	8122276	937	0	957	89000
1785982221	request	394	13676796	13673413	0	2508034048	724260	7	29533084	8122276	937	0	957	88000
1785982222	request	395	13676796	13673419	0	2508034048	724260	7	29531420	8122280	938	0	958	90000
1785982223	request	396	13676796	13673416	0	2508034048	724260	7	29528844	8122280	938	0	958	92000
1785982225	request	398	13676796	13673424	0	2508034048	724260	7	29527352	8122288	940	0	960	91000
1785982226	request	399	13676796	13673409	0	2508034048	724260	7	29532072	8122840	1078	0	1098	86000
1785982227	request	400	13676796	13673419	0	2508034048	724260	7	29514692	8123080	1138	0	1158	92000
1785982228	request	401	13676796	13673413	0	2508034048	724260	7	29516116	8123080	1138	0	1158	90000
1785982230	request	403	13676796	13673422	0	2508034048	724260	7	29514476	8123080	1138	0	1158	90000
1785982231	request	404	13676796	13673420	0	2508034048	724260	7	29498388	8123120	1148	0	1168	90000
1785982232	request	405	13676796	13673419	0	2508034048	724260	7	29497784	8123120	1148	0	1168	90000
1785982233	request	406	13676796	13673413	0	2508034048	724260	7	29497548	8123120	1148	0	1168	89000
1785982234	request	407	13676796	13673419	0	2508034048	724260	7	29497868	8123120	1148	0	1168	88000
1785982236	request	409	13676796	13673410	0	2508034048	724260	7	29498820	8123120	1148	0	1168	89000
1785982237	request	410	13676796	13673420	0	2508034048	724260	7	29500060	8123120	1148	0	1168	88000
1785982238	request	411	13676796	13673420	0	2508034048	724260	7	29504164	8123120	1148	0	1168	90000
1785982239	request	412	13676796	13673426	0	2508034048	724260	7	29531324	8123120	1148	0	1168	91000
1785982241	request	414	13676796	13673420	0	2508034048	724260	7	29537204	8123120	1148	0	1168	89000
1785982242	request	415	13676796	13673419	0	2508034048	724260	7	29536380	8123120	1148	0	1168	93000
1785982243	request	416	13676796	13673410	0	2508034048	724260	7	29531752	8123124	1149	0	1169	90000
1785982244	request	417	13676796	13673416	0	2508034048	724260	7	29525640	8123124	1149	0	1169	90000
1785982246	request	419	13676796	13673394	0	2508034048	724260	7	29451052	8123308	1195	0	1215	88000
1785982247	request	420	13676796	13673383	0	2508034048	724260	7	29380712	8123340	1203	0	1223	89000
1785982248	request	421	13676796	13673389	0	2508034048	724260	7	29405504	8123340	1203	0	1223	90000
1785982249	request	422	13676796	13673386	0	2508034048	724260	7	29407312	8123340	1203	0	1223	90000
1785982251	request	424	13676796	13673392	0	2508034048	724260	7	29405032	8123344	1204	0	1224	89000
1785982252	request	425	13676796	13673386	0	2508034048	724260	7	29397768	8123376	1212	0	1232	90000
1785982253	request	426	13676796	13673391	0	2508034048	724260	7	29396108	8123772	1311	0	1331	90000
1785982254	request	427	13676796	13673383	0	2508034048	724260	7	29394784	8123784	1314	0	1334	89000
1785982255	request	428	13676800	13673393	0	2508034048	724261	7	29396040	8123784	1314	0	1334	89000
1785982257	request	430	13676800	13673397	0	2508034048	724261	7	29398184	8123784	1314	0	1334	88000
1785982258	request	431	13676800	13673391	0	2508034048	724261	7	29398920	8123784	1314	0	1334	89000
1785982259	request	432	13676800	13673386	0	2508034048	724261	7	29423108	8123784	1314	0	1334	91000
1785982260	request	433	13676800	13673398	0	2508034048	724261	7	29424980	8123784	1314	0	1334	91000
1785982262	request	435	13676800	13673390	0	2508034048	724261	7	29424864	8123784	1314	0	1334	88000
1785982263	request	436	13676800	13673387	0	2508034048	724261	7	29423700	8123784	1314	0	1334	90000
1785982264	request	437	13676800	13673393	0	2508034048	724261	7	29423700	8123784	1314	0	1334	89000
1785982265	request	438	13676800	13673398	0	2508034048	724261	7	29423196	8123784	1314	0	1334	89000
1785982267	request	440	13676800	13673392	0	2508034048	724261	7	29423828	8123784	1314	0	1334	90000
1785982268	request	441	13676800	13673391	0	2508034048	724261	7	29424788	8123784	1314	0	1334	91000
1785982269	request	442	13676800	13673387	0	2508034048	724261	7	29425856	8123784	1314	0	1334	88000
1785982270	request	443	13676800	13673392	0	2508034048	724261	7	29426256	8123784	1314	0	1334	89000
1785982272	request	445	13676800	13673393	0	2508034048	724261	7	29426168	8123784	1314	0	1334	90000
1785982273	request	446	13676800	13673395	0	2508034048	724261	7	29415304	8123828	1325	0	1345	89000
1785982274	request	447	13676800	13673387	0	2508034048	724261	7	29410140	8123900	1343	0	1363	92000
1785982275	request	448	13676800	13673387	0	2508034048	724261	7	29434892	8123908	1345	0	1365	87000
1785982277	request	450	13676800	13673396	0	2508034048	724261	7	29425204	8124124	1399	0	1419	93000
1785982278	request	451	13676800	13673389	0	2508034048	724261	7	29438600	8124136	1402	0	1422	90000
1785982279	request	452	13676800	13673398	0	2508034048	724261	7	29436492	8124136	1402	0	1422	88000
1785982280	request	453	13676800	13673397	0	2508034048	724261	7	29436492	8124136	1402	0	1422	88000
1785982282	request	455	13676800	13673396	0	2508034048	724261	7	29430068	8124192	1416	0	1436	88000
1785982283	request	456	13676800	13673397	0	2508034048	724261	7	29419632	8124192	1416	0	1436	89000
1785982284	request	457	13676800	13673396	0	2508034048	724261	7	29432748	8124196	1417	0	1437	87000
1785982285	request	458	13676808	13673397	0	2508034048	724263	7	29432248	8124196	1417	0	1437	91000
1785982287	request	460	13676808	13673398	0	2508034048	724263	7	29432892	8124196	1417	0	1437	84000
1785982288	request	461	13676808	13673397	0	2508034048	724263	7	29421696	8124232	1426	0	1446	89000
1785982289	request	462	13676808	13673398	0	2508034048	724263	7	29437164	8124232	1426	0	1446	89000
1785982290	request	463	13676808	13673398	0	2508034048	724263	7	29430416	8124232	1426	0	1446	91000
1785982291	request	464	13676808	13673401	0	2508034048	724263	7	29437776	8124236	1427	0	1447	90000
1785982293	request	466	13676808	13673398	0	2508034048	724263	7	29422016	8124236	1427	0	1447	89000
1785982294	request	467	13676808	13673398	0	2508034048	724263	7	29443492	8124236	1427	0	1447	90000
1785982295	request	468	13676808	13673398	0	2508034048	724263	7	29443140	8124236	1427	0	1447	90000
1785982296	request	469	13676808	13673398	0	2508034048	724263	7	29443140	8124236	1427	0	1447	91000
1785982298	request	471	13676808	13673394	0	2508034048	724263	7	29442888	8124236	1427	0	1447	89000
1785982299	request	472	13676808	13673398	0	2508034048	724263	7	29434464	8124236	1427	0	1447	92000
1785982300	request	473	13676808	13673395	0	2508034048	724263	7	29424256	8124236	1427	0	1447	90000
1785982301	request	474	13676808	13673395	0	2508034048	724263	7	29424260	8124236	1427	0	1447	88000
1785982303	request	476	13676808	13673405	0	2508034048	724263	7	29424008	8124236	1427	0	1447	90000
1785982304	request	477	13676808	13673398	0	2508034048	724263	7	29404404	8127916	2347	0	2367	89000
1785982305	request	478	13676808	13673406	0	2508034048	724263	7	29404152	8127916	2347	0	2367	90000
1785982306	request	479	13676808	13673397	0	2508034048	724263	7	29400352	8127916	2347	0	2367	90000
1785982308	request	481	13676808	13673395	0	2508034048	724263	7	29400352	8127916	2347	0	2367	87000
1785982309	request	482	13676808	13673404	0	2508034048	724263	7	29400940	8127916	2347	0	2367	89000
1785982310	request	483	13676808	13673406	0	2508034048	724263	7	29401036	8127916	2347	0	2367	88000
1785982311	request	484	13676808	13673405	0	2508034048	724263	7	29401036	8127916	2347	0	2367	88000
1785982313	request	486	13676808	13673400	0	2508034048	724263	7	29401036	8127916	2347	0	2367	90000
1785982314	request	487	13676808	13673403	0	2508034048	724263	7	29394232	8127916	2347	0	2367	89000
1785982315	request	488	13676808	13673404	0	2508034048	724263	7	29421432	8127916	2347	0	2367	89000
1785982316	request	489	13676808	13673403	0	2508034048	724263	7	29422500	8127916	2347	0	2367	90000
1785982317	request	490	13676808	13673401	0	2508034048	724263	7	29424444	8127916	2347	0	2367	90000
1785982319	request	492	13676808	13673406	0	2508034048	724263	7	29413804	8127928	2350	0	2370	89000
1785982320	request	493	13676808	13673394	0	2508034048	724263	7	29427588	8127928	2350	0	2370	89000
1785982321	request	494	13676808	13673397	0	2508034048	724263	7	29425984	8127928	2350	0	2370	89000
1785982322	request	495	13676816	13673409	0	2508034048	724265	7	29421596	8128196	2417	0	2437	89000
1785982324	request	497	13676816	13673404	0	2508034048	724265	7	29421796	8128196	2417	0	2437	89000
1785982325	request	498	13676816	13673403	0	2508034048	724265	7	29422256	8128196	2417	0	2437	91000
1785982326	request	499	13676816	13673401	0	2508034048	724265	7	29422708	8128196	2417	0	2437	86000
1785982327	request	500	13676816	13673401	0	2508034048	724265	7	29422460	8128196	2417	0	2437	88000
1785982329	request	502	13676816	13673403	0	2508034048	724265	7	29423780	8128196	2417	0	2437	89000
1785982330	request	503	13676816	13673401	0	2508034048	724265	7	29424496	8128196	2417	0	2437	90000
1785982331	request	504	13676816	13673400	0	2508034048	724265	7	29425236	8128196	2417	0	2437	89000
1785982332	request	505	13676816	13673409	0	2508034048	724265	7	29424760	8128196	2417	0	2437	91000
1785982334	request	507	13676816	13673400	0	2508034048	724265	7	29425332	8128196	2417	0	2437	89000
1785982335	request	508	13676816	13673401	0	2508034048	724265	7	29425332	8128196	2417	0	2437	88000
1785982336	request	509	13676816	13673410	0	2508034048	724265	7	29425332	8128196	2417	0	2437	89000
1785982337	request	510	13676816	13673403	0	2508034048	724265	7	29425332	8128228	2424	0	2445	90000
1785982339	request	512	13676816	13673407	0	2508034048	724265	7	29418644	8128228	2424	0	2445	90000
1785982340	request	513	13676816	13673403	0	2508034048	724265	7	29408068	8128228	2424	0	2445	90000
1785982341	request	514	13676816	13673405	0	2508034048	724265	7	29431060	8128228	2424	0	2445	90000
1785982342	request	515	13676816	13673409	0	2508034048	724265	7	29415012	8128228	2424	0	2445	82000
1785982343	request	516	13676816	13673410	0	2508034048	724265	7	29410168	8128228	2424	0	2445	89000
1785982345	request	518	13676816	13673403	0	2508034048	724265	7	29429744	8128228	2424	0	2445	89000
1785982346	request	519	13676816	13673407	0	2508034048	724265	7	29431380	8128228	2424	0	2445	91000
1785982347	request	520	13676816	13673417	0	2508034048	724265	7	29431560	8128228	2424	0	2445	91000
1785982348	request	521	13676816	13673411	0	2508034048	724265	7	29431644	8128228	2424	0	2445	90000
1785982350	request	523	13676816	13673407	0	2508034048	724265	7	29430888	8128228	2424	0	2445	88000
1785982351	request	524	13676816	13673407	0	2508034048	724265	7	29430636	8128228	2424	0	2445	86000
1785982352	request	525	13676816	13673410	0	2508034048	724265	7	29424224	8128228	2424	0	2445	86000
1785982353	request	526	13676816	13673418	0	2508034048	724265	7	29420772	8128244	2428	0	2449	89000
1785982355	request	528	13676816	13673418	0	2508034048	724265	7	29412016	8128244	2428	0	2449	90000
1785982356	request	529	13676816	13673407	0	2508034048	724265	7	29431548	8128248	2429	0	2450	90000
1785982357	request	530	13676816	13673407	0	2508034048	724265	7	29431168	8128248	2429	0	2450	89000
1785982358	request	531	13676816	13673407	0	2508034048	724265	7	29422996	8128256	2431	0	2452	89000
1785982360	request	533	13676816	13673417	0	2508034048	724265	7	29421552	8128256	2431	0	2452	91000
1785982361	request	534	13676816	13673410	0	2508034048	724265	7	29421048	8128256	2431	0	2452	90000
1785982362	request	535	13676816	13673418	0	2508034048	724265	7	29421076	8128256	2431	0	2452	90000
1785982363	request	536	13676816	13673416	0	2508034048	724265	7	29420688	8128256	2431	0	2452	89000
1785982364	request	537	13676816	13673416	0	2508034048	724265	7	29425284	8128256	2431	0	2452	92000
1785982366	request	539	13676816	13673417	0	2508034048	724265	7	29427668	8128256	2431	0	2452	88000
1785982367	request	540	13676816	13673410	0	2508034048	724265	7	29423384	8128256	2431	0	2452	89000
1785982368	request	541	13676816	13673409	0	2508034048	724265	7	29422628	8128256	2431	0	2452	89000
1785982369	request	542	13676816	13673409	0	2508034048	724265	7	29422628	8128256	2431	0	2452	87000
1785982371	request	544	13676816	13673412	0	2508034048	724265	7	29422188	8128256	2431	0	2452	90000
1785982372	request	545	13676816	13673409	0	2508034048	724265	7	29421992	8128256	2431	0	2452	89000
1785982373	request	546	13676816	13673414	0	2508034048	724265	7	29418960	8128256	2431	0	2452	89000
1785982374	request	547	13676816	13673409	0	2508034048	724265	7	29419464	8128256	2431	0	2452	91000
1785982376	request	549	13676816	13673409	0	2508034048	724265	7	29419212	8128256	2431	0	2452	91000
1785982377	request	550	13676816	13673409	0	2508034048	724265	7	29418832	8128256	2431	0	2452	89000
1785982378	request	551	13676816	13673406	0	2508034048	724265	7	29418660	8128256	2431	0	2452	90000
1785982379	request	552	13676816	13673406	0	2508034048	724265	7	29418660	8128256	2431	0	2452	91000
1785982381	request	554	13676816	13673414	0	2508034048	724265	7	29418420	8128256	2431	0	2452	90000
1785982382	request	555	13676816	13673410	0	2508034048	724265	7	29415396	8128256	2431	0	2452	89000
1785982383	request	556	13676816	13673417	0	2508034048	724265	7	29406488	8128256	2431	0	2452	89000
1785982384	request	557	13676816	13673410	0	2508034048	724265	7	29431652	8128256	2431	0	2452	92000
1785982386	request	559	13676816	13673412	0	2508034048	724265	7	29419932	8128256	2431	0	2452	89000
1785982387	request	560	13676816	13673410	0	2508034048	724265	7	29418924	8128256	2431	0	2452	88000
1785982388	request	561	13676816	13673412	0	2508034048	724265	7	29428840	8128256	2431	0	2452	90000
1785982389	request	562	13676816	13673412	0	2508034048	724265	7	29417592	8128256	2431	0	2452	92000
1785982391	request	564	13676816	13673416	0	2508034048	724265	7	29400792	8128784	2563	0	2584	90000
1785982392	request	565	13676816	13673406	0	2508034048	724265	7	29371304	8139516	5239	0	5266	90000
1785982393	request	566	13676816	13673409	0	2508034048	724265	7	29348964	8139564	5251	0	5278	88000
1785982394	request	567	13676816	13673406	0	2508034048	724265	7	29335140	8139596	5259	0	5286	86000
1785982395	request	568	13676816	13673415	0	2508034048	724265	7	29342908	8139660	5275	0	5302	86000
1785982397	request	570	13676816	13673433	0	2508034048	724265	7	29462680	8139836	5319	0	5346	89000
1785982398	request	571	13676816	13673432	0	2508034048	724265	7	29472132	8139836	5319	0	5346	89000
1785982399	request	572	13676816	13673431	0	2508034048	724265	7	29494220	8139836	5319	0	5346	90000
1785982400	request	573	13676816	13673433	0	2508034048	724265	7	29495860	8139836	5319	0	5346	88000
1785982402	request	575	13676816	13673445	0	2508034048	724265	7	29500256	8139836	5319	0	5346	89000
1785982403	request	576	13676816	13673438	0	2508034048	724265	7	29502032	8139836	5319	0	5346	90000
1785982404	request	577	13676816	13673443	0	2508034048	724265	7	29501608	8139836	5319	0	5346	91000
1785982405	request	578	13676816	13673445	0	2508034048	724265	7	29493332	8139836	5319	0	5346	89000
1785982407	request	580	13676816	13673443	0	2508034048	724265	7	29495372	8139836	5319	0	5346	90000
1785982408	request	581	13676816	13673430	0	2508034048	724265	7	29499256	8139836	5319	0	5346	90000
1785982409	request	582	13676816	13673433	0	2508034048	724265	7	29500576	8139836	5319	0	5346	87000
1785982410	request	583	13676816	13673439	0	2508034048	724265	7	29498612	8139844	5321	0	5348	90000
1785982412	request	585	13676816	13673431	0	2508034048	724265	7	29500192	8139844	5321	0	5348	90000
1785982413	request	586	13676816	13673439	0	2508034048	724265	7	29477196	8139844	5321	0	5348	87000
1785982414	request	587	13676816	13673439	0	2508034048	724265	7	29456952	8139848	5322	0	5349	89000
1785982415	request	588	13676816	13673430	0	2508034048	724265	7	29470368	8139848	5322	0	5349	89000
1785982417	request	590	13676816	13673441	0	2508034048	724265	7	29472732	8139848	5322	0	5349	91000
1785982418	request	591	13676816	13673438	0	2508034048	724265	7	29474092	8139848	5322	0	5349	90000
1785982419	request	592	13676816	13673435	0	2508034048	724265	7	29475236	8139848	5322	0	5349	90000
1785982420	request	593	13676816	13673431	0	2508034048	724265	7	29474984	8139848	5322	0	5349	90000
1785982422	request	595	13676816	13673436	0	2508034048	724265	7	29474228	8139848	5322	0	5349	90000
1785982423	request	596	13676816	13673438	0	2508034048	724265	7	29479300	8139848	5322	0	5349	89000
1785982424	request	597	13676816	13673437	0	2508034048	724265	7	29481136	8139848	5322	0	5349	89000
1785982425	request	598	13676816	13673437	0	2508034048	724265	7	29482972	8139848	5322	0	5349	88000
1785982427	request	600	13676816	13673438	0	2508034048	724265	7	29484672	8139848	5322	0	5349	90000
1785982428	request	601	13676816	13673440	0	2508034048	724265	7	29485884	8139848	5322	0	5349	89000
1785982429	request	602	13676816	13673430	0	2508034048	724265	7	29486452	8139848	5322	0	5349	89000
1785982430	request	603	13676816	13673430	0	2508034048	724265	7	29486212	8139848	5322	0	5349	92000
1785982432	request	605	13676816	13673429	0	2508034048	724265	7	29485204	8139848	5322	0	5349	90000
1785982433	request	606	13676816	13673433	0	2508034048	724265	7	29485588	8139848	5322	0	5349	89000
1785982434	request	607	13676816	13673442	0	2508034048	724265	7	29485432	8139848	5322	0	5349	89000
1785982435	request	608	13676816	13673438	0	2508034048	724265	7	29484588	8139848	5322	0	5349	88000
1785982437	request	610	13676816	13673438	0	2508034048	724265	7	29483816	8139848	5322	0	5349	88000
1785982438	request	611	13676816	13673433	0	2508034048	724265	7	29483732	8139848	5322	0	5349	89000
1785982439	request	612	13676816	13673433	0	2508034048	724265	7	29482512	8139848	5322	0	5349	91000
1785982440	request	613	13676816	13673436	0	2508034048	724265	7	29474832	8139848	5322	0	5349	90000
1785982441	request	614	13676816	13673431	0	2508034048	724265	7	29466176	8139848	5322	0	5349	90000
1785982443	request	616	13676816	13673430	0	2508034048	724265	7	29466308	8139848	5322	0	5349	90000
1785982444	request	617	13676816	13673437	0	2508034048	724265	7	29446964	8139852	5323	0	5350	90000
1785982445	request	618	13676816	13673444	0	2508034048	724265	7	29456764	8139852	5323	0	5350	89000
1785982446	request	619	13676816	13673440	0	2508034048	724265	7	29460988	8139852	5323	0	5350	90000
1785982448	request	621	13676816	13673440	0	2508034048	724265	7	29461376	8139852	5323	0	5350	83000
1785982449	request	622	13676816	13673434	0	2508034048	724265	7	29460804	8139852	5323	0	5350	89000
1785982450	request	623	13676816	13673436	0	2508034048	724265	7	29457436	8139852	5323	0	5350	90000
1785982451	request	624	13676816	13673427	0	2508034048	724265	7	29453128	8139852	5323	0	5350	90000
1785982453	request	626	13676816	13673434	0	2508034048	724265	7	29508108	8139852	5323	0	5350	89000
1785982454	request	627	13676816	13673436	0	2508034048	724265	7	29498340	8139852	5323	0	5350	90000
1785982455	request	628	13676816	13673438	0	2508034048	724265	7	29496876	8139856	5324	0	5351	90000
1785982456	request	629	13676816	13673433	0	2508034048	724265	7	29514732	8139868	5327	0	5354	89000
1785982457	request	630	13676816	13673431	0	2508034048	724265	7	29508576	8139920	5340	0	5367	90000
1785982459	request	632	13676816	13673434	0	2508034048	724265	7	29505512	8139936	5344	0	5371	90000
1785982460	request	633	13676816	13673440	0	2508034048	724265	7	29506764	8139936	5344	0	5371	88000
1785982461	request	634	13676816	13673428	0	2508034048	724265	7	29507716	8139936	5344	0	5371	89000
1785982462	request	635	13676816	13673434	0	2508034048	724265	7	29508244	8139936	5344	0	5371	90000
1785982464	request	637	13676816	13673434	0	2508034048	724265	7	29509056	8139936	5344	0	5371	89000
1785982465	request	638	13676816	13673431	0	2508034048	724265	7	29507416	8139936	5344	0	5371	90000
1785982466	request	639	13676816	13673440	0	2508034048	724265	7	29503920	8139936	5344	0	5371	90000
1785982467	request	640	13676816	13673434	0	2508034048	724265	7	29500064	8139952	5348	0	5375	89000
1785982469	request	642	13676816	13673431	0	2508034048	724265	7	29514236	8139952	5348	0	5375	88000
1785982470	request	643	13676816	13673436	0	2508034048	724265	7	29498884	8139960	5350	0	5377	89000
1785982471	request	644	13676816	13673431	0	2508034048	724265	7	29500612	8139960	5350	0	5377	89000
1785982472	request	645	13676816	13673434	0	2508034048	724265	7	29499892	8139960	5350	0	5377	88000
1785982474	request	647	13676816	13673436	0	2508034048	724265	7	29501788	8139960	5350	0	5377	89000
1785982475	request	648	13676816	13673427	0	2508034048	724265	7	29503720	8139960	5350	0	5377	89000
1785982476	request	649	13676816	13673434	0	2508034048	724265	7	29501080	8139972	5353	0	5380	90000
1785982477	request	650	13676816	13673431	0	2508034048	724265	7	29502664	8139972	5353	0	5380	89000
1785982479	request	652	13676816	13673429	0	2508034048	724265	7	29503284	8139972	5353	0	5380	89000
1785982480	request	653	13676816	13673427	0	2508034048	724265	7	29506988	8139972	5353	0	5380	91000
1785982481	request	654	13676816	13673444	0	2508034048	724265	7	29503404	8139980	5355	0	5382	90000
1785982482	request	655	13676816	13673429	0	2508034048	724265	7	29511100	8140000	5360	0	5387	89000
1785982484	request	657	13676816	13673436	0	2508034048	724265	7	29513364	8140000	5360	0	5387	91000
1785982485	request	658	13676816	13673442	0	2508034048	724265	7	29512720	8140000	5360	0	5387	88000
1785982486	request	659	13676824	13673442	0	2508034048	724267	7	29513072	8140000	5360	0	5387	89000
1785982487	request	660	13676824	13673452	0	2508034048	724267	7	29506828	8140004	5361	0	5388	90000
1785982488	request	661	13676824	13673442	0	2508034048	724267	7	29499880	8140032	5368	0	5395	86000
1785982490	request	663	13676824	13673448	0	2508034048	724267	7	29497208	8140032	5368	0	5395	92000
1785982491	request	664	13676824	13673448	0	2508034048	724267	7	29484720	8140036	5369	0	5396	89000
1785982492	request	665	13676824	13673439	0	2508034048	724267	7	29501396	8140036	5369	0	5396	89000
1785982493	request	666	13676824	13673436	0	2508034048	724267	7	29504016	8140036	5369	0	5396	90000
1785982495	request	668	13676824	13673436	0	2508034048	724267	7	29506272	8140036	5369	0	5396	86000
1785982496	request	669	13676824	13673442	0	2508034048	724267	7	29504348	8140076	5379	0	5406	86000
1785982497	request	670	13676824	13673444	0	2508034048	724267	7	29499504	8140076	5379	0	5406	93000
1785982498	request	671	13676824	13673444	0	2508034048	724267	7	29494392	8140076	5379	0	5406	91000
1785982499	request	672	13676824	13673442	0	2508034048	724267	7	29495076	8140076	5379	0	5406	89000
1785982501	request	674	13676824	13673436	0	2508034048	724267	7	29517700	8140076	5379	0	5406	89000
1785982502	request	675	13676824	13673435	0	2508034048	724267	7	29510696	8140080	5380	0	5407	91000
1785982503	request	676	13676824	13673444	0	2508034048	724267	7	29510252	8140080	5380	0	5407	89000
1785982504	request	677	13676824	13673442	0	2508034048	724267	7	29510472	8140080	5380	0	5407	90000
1785982506	request	679	13676824	13673442	0	2508034048	724267	7	29511892	8140080	5380	0	5407	91000
1785982507	request	680	13676824	13673452	0	2508034048	724267	7	29511756	8140080	5380	0	5407	89000
1785982508	request	681	13676824	13673442	0	2508034048	724267	7	29512388	8140080	5380	0	5407	89000
1785982509	request	682	13676824	13673436	0	2508034048	724267	7	29511896	8140080	5380	0	5407	90000
1785982511	request	684	13676824	13673444	0	2508034048	724267	7	29511696	8140080	5380	0	5407	90000
1785982512	request	685	13676824	13673452	0	2508034048	724267	7	29512840	8140080	5380	0	5407	89000
1785982513	request	686	13676824	13673442	0	2508034048	724267	7	29512020	8140080	5380	0	5407	89000
1785982514	request	687	13676824	13673441	0	2508034048	724267	7	29512864	8140080	5380	0	5407	89000
1785982516	request	689	13676824	13673441	0	2508034048	724267	7	29503316	8140080	5380	0	5407	89000
1785982517	request	690	13676824	13673442	0	2508034048	724267	7	29504240	8140080	5380	0	5407	91000
1785982518	request	691	13676824	13673446	0	2508034048	724267	7	29506452	8140080	5380	0	5407	91000
1785982519	request	692	13676824	13673446	0	2508034048	724267	7	29506304	8140080	5380	0	5407	89000
1785982521	request	694	13676824	13673442	0	2508034048	724267	7	29507740	8140080	5380	0	5407	89000
1785982522	request	695	13676824	13673436	0	2508034048	724267	7	29509292	8140080	5380	0	5407	90000
1785982523	request	696	13676824	13673436	0	2508034048	724267	7	29511960	8140080	5380	0	5407	89000
1785982524	request	697	13676824	13673437	0	2508034048	724267	7	29512312	8140080	5380	0	5407	89000
1785982526	request	699	13676824	13673437	0	2508034048	724267	7	29506404	8140080	5380	0	5407	88000
1785982527	request	700	13676824	13673441	0	2508034048	724267	7	29494832	8140084	5381	0	5408	90000
1785982528	request	701	13676824	13673446	0	2508034048	724267	7	29500288	8140084	5381	0	5408	90000
1785982529	request	702	13676824	13673448	0	2508034048	724267	7	29499924	8140084	5381	0	5408	89000
1785982531	request	704	13676824	13673436	0	2508034048	724267	7	29520056	8140084	5381	0	5408	89000
1785982532	request	705	13676824	13673442	0	2508034048	724267	7	29518204	8140084	5381	0	5408	90000
1785982533	request	706	13676824	13673442	0	2508034048	724267	7	29496340	8140084	5381	0	5408	90000
1785982534	request	707	13676824	13673437	0	2508034048	724267	7	29510776	8140084	5381	0	5408	90000
1785982535	request	708	13676824	13673442	0	2508034048	724267	7	29511104	8140084	5381	0	5408	91000
1785982537	request	710	13676824	13673439	0	2508034048	724267	7	29511196	8140084	5381	0	5408	94000
1785982538	request	711	13676824	13673446	0	2508034048	724267	7	29510156	8140084	5381	0	5408	93000
1785982539	request	712	13676860	13673478	0	2508034048	724276	7	29501884	8140084	5381	0	5408	91000
1785982540	request	713	13676860	13673475	0	2508034048	724276	7	29503088	8140084	5381	0	5408	92000
1785982542	request	715	13676860	13673475	0	2508034048	724276	7	29504400	8140084	5381	0	5408	90000
1785982543	request	716	13676860	13673480	0	2508034048	724276	7	29504400	8140084	5381	0	5408	90000
1785982544	request	717	13676860	13673478	0	2508034048	724276	7	29504148	8140084	5381	0	5408	89000
1785982545	request	718	13676860	13673471	0	2508034048	724276	7	29503896	8140084	5381	0	5408	89000
1785982547	request	720	13676868	13673483	0	2508034048	724278	7	29504268	8140084	5381	0	5408	89000
1785982548	request	721	13676868	13673487	0	2508034048	724278	7	29504216	8140084	5381	0	5408	88000
1785982549	request	722	13676868	13673482	0	2508034048	724278	7	29505216	8140084	5381	0	5408	90000
1785982550	request	723	13676868	13673496	0	2508034048	724278	7	29505108	8140084	5381	0	5408	89000
1785982552	request	725	13676868	13673482	0	2508034048	724278	7	29504652	8140084	5381	0	5408	89000
1785982553	request	726	13676868	13673487	0	2508034048	724278	7	29505504	8140084	5381	0	5408	89000
1785982554	request	727	13676868	13673483	0	2508034048	724278	7	29505576	8140084	5381	0	5408	89000
1785982555	request	728	13676868	13673487	0	2508034048	724278	7	29505176	8140084	5381	0	5408	91000
1785982557	request	730	13676868	13673491	0	2508034048	724278	7	29504108	8140084	5381	0	5408	88000
1785982558	request	731	13676868	13673483	0	2508034048	724278	7	29501780	8140084	5381	0	5408	93000
1785982559	request	732	13676868	13673487	0	2508034048	724278	7	29501436	8140084	5381	0	5408	90000
1785982560	request	733	13676868	13673498	0	2508034048	724278	7	29498656	8140084	5381	0	5408	90000
1785982562	request	735	13676868	13673482	0	2508034048	724278	7	29495376	8140096	5384	0	5411	92000
1785982563	request	736	13676868	13673487	0	2508034048	724278	7	29485292	8140096	5384	0	5411	89000
1785982564	request	737	13676868	13673487	0	2508034048	724278	7	29517532	8140100	5385	0	5412	93000
1785982565	request	738	13676868	13673494	0	2508034048	724278	7	29502404	8140100	5385	0	5412	92000
1785982566	request	739	13676868	13673489	0	2508034048	724278	7	29496420	8140108	5387	0	5414	88000
1785982568	request	741	13676868	13673498	0	2508034048	724278	7	29496104	8140108	5387	0	5414	90000
1785982569	request	742	13676868	13673498	0	2508034048	724278	7	29495096	8140108	5387	0	5414	89000
1785982570	request	743	13676868	13673494	0	2508034048	724278	7	29495432	8140108	5387	0	5414	90000
1785982571	request	744	13676868	13673487	0	2508034048	724278	7	29495068	8140108	5387	0	5414	90000
1785982573	request	746	13676868	13673483	0	2508034048	724278	7	29509296	8140108	5387	0	5414	89000
1785982574	request	747	13676868	13673496	0	2508034048	724278	7	29509296	8140108	5387	0	5414	90000
1785982575	request	748	13676868	13673482	0	2508034048	724278	7	29510240	8140108	5387	0	5414	90000
1785982576	request	749	13676868	13673487	0	2508034048	724278	7	29510744	8140108	5387	0	5414	92000
1785982578	request	751	13676868	13673484	0	2508034048	724278	7	29512156	8140108	5387	0	5414	84000
1785982579	request	752	13676868	13673482	0	2508034048	724278	7	29513728	8140108	5387	0	5414	90000
1785982580	request	753	13676868	13673484	0	2508034048	724278	7	29513948	8140108	5387	0	5414	90000
1785982581	request	754	13676868	13673486	0	2508034048	724278	7	29512212	8140116	5389	0	5417	88000
1785982583	request	756	13676868	13673482	0	2508034048	724278	7	29511864	8140116	5389	0	5417	90000
1785982584	request	757	13676868	13673489	0	2508034048	724278	7	29507088	8140116	5389	0	5417	91000
1785982585	request	758	13676868	13673482	0	2508034048	724278	7	29500600	8140116	5389	0	5417	89000
1785982586	request	759	13676868	13673498	0	2508034048	724278	7	29513572	8140116	5389	0	5417	88000
1785982588	request	761	13676868	13673486	0	2508034048	724278	7	29513888	8140116	5389	0	5417	91000
1785982589	request	762	13676868	13673498	0	2508034048	724278	7	29512400	8140120	5390	0	5418	90000
1785982590	request	763	13676868	13673483	0	2508034048	724278	7	29508352	8140132	5393	0	5421	90000
1785982591	request	764	13676868	13673483	0	2508034048	724278	7	29509304	8140132	5393	0	5421	91000
1785982592	request	765	13676868	13673483	0	2508034048	724278	7	29508828	8140132	5393	0	5421	89000
1785982594	request	767	13676868	13673487	0	2508034048	724278	7	29508828	8140132	5393	0	5421	91000
1785982595	request	768	13676868	13673487	0	2508034048	724278	7	29507224	8140132	5393	0	5421	90000
1785982596	request	769	13676868	13673494	0	2508034048	724278	7	29504708	8140132	5393	0	5421	89000
1785982597	request	770	13676868	13673487	0	2508034048	724278	7	29498108	8140140	5395	0	5423	91000
1785982599	request	772	13676868	13673487	0	2508034048	724278	7	29499132	8140140	5395	0	5423	90000
1785982600	request	773	13676868	13673487	0	2508034048	724278	7	29498748	8140140	5395	0	5423	89000
1785982601	request	774	13676868	13673483	0	2508034048	724278	7	29498608	8140140	5395	0	5423	92000
1785982602	request	775	13676868	13673486	0	2508034048	724278	7	29498356	8140140	5395	0	5423	88000
1785982604	request	777	13676868	13673494	0	2508034048	724278	7	29496996	8140232	5418	0	5446	90000
1785982605	request	778	13676868	13673484	0	2508034048	724278	7	29497260	8140236	5419	0	5447	87000
1785982606	request	779	13676868	13673491	0	2508034048	724278	7	29502876	8140236	5419	0	5447	89000
1785982607	request	780	13676868	13673486	0	2508034048	724278	7	29502624	8140236	5419	0	5447	90000
1785982609	request	782	13676868	13673482	0	2508034048	724278	7	29502736	8140236	5419	0	5447	91000
1785982610	request	783	13676868	13673489	0	2508034048	724278	7	29503684	8140236	5419	0	5447	89000
1785982611	request	784	13676868	13673489	0	2508034048	724278	7	29502960	8140236	5419	0	5447	90000
1785982612	request	785	13676868	13673487	0	2508034048	724278	7	29498716	8140240	5420	0	5448	90000
1785982614	request	787	13676868	13673480	0	2508034048	724278	7	29498776	8140240	5420	0	5448	89000
1785982615	request	788	13676868	13673483	0	2508034048	724278	7	29516960	8140240	5420	0	5448	91000
1785982616	request	789	13676868	13673482	0	2508034048	724278	7	29516112	8140240	5420	0	5448	88000
1785982617	request	790	13676868	13673487	0	2508034048	724278	7	29514612	8140240	5420	0	5448	90000
1785982619	request	792	13676868	13673498	0	2508034048	724278	7	29515504	8140240	5420	0	5448	88000
1785982620	request	793	13676868	13673487	0	2508034048	724278	7	29515604	8140240	5420	0	5448	89000
1785982621	request	794	13676868	13673491	0	2508034048	724278	7	29515604	8140240	5420	0	5448	91000
1785982622	request	795	13676868	13673490	0	2508034048	724278	7	29515236	8140240	5420	0	5448	89000
1785982623	request	796	13676868	13673485	0	2508034048	724278	7	29515116	8140240	5420	0	5448	89000
1785982625	request	798	13676868	13673485	0	2508034048	724278	7	29515116	8140240	5420	0	5448	91000
1785982626	request	799	13676868	13673485	0	2508034048	724278	7	29514008	8140240	5420	0	5448	89000
1785982627	request	800	13677004	13673626	0	2508034048	724312	7	29513868	8140240	5420	0	5448	89000
1785982628	request	801	13677004	13673621	0	2508034048	724312	7	29514404	8140240	5420	0	5448	89000
1785982630	request	803	13677004	13673637	0	2508034048	724312	7	29507856	8140248	5421	0	5450	90000
1785982631	request	804	13677012	13673629	0	2508034048	724314	7	29501580	8140248	5421	0	5450	89000
1785982632	request	805	13677012	13673634	0	2508034048	724314	7	29499396	8140256	5423	0	5452	89000
1785982633	request	806	13677012	13673629	0	2508034048	724314	7	29507036	8140256	5423	0	5452	90000
1785982635	request	808	13677012	13673627	0	2508034048	724314	7	29511800	8140256	5423	0	5452	89000
1785982636	request	809	13677012	13673645	0	2508034048	724314	7	29513624	8140256	5423	0	5452	92000
1785982637	request	810	13677012	13673638	0	2508034048	724314	7	29495276	8140264	5425	0	5454	92000
1785982638	request	811	13677012	13673641	0	2508034048	724314	7	29498812	8140264	5425	0	5454	89000
1785982640	request	813	13677012	13673629	0	2508034048	724314	7	29499068	8140264	5425	0	5454	90000
1785982641	request	814	13677012	13673638	0	2508034048	724314	7	29502148	8140264	5425	0	5454	89000
1785982642	request	815	13677012	13673629	0	2508034048	724314	7	29499892	8140264	5425	0	5454	90000
1785982643	request	816	13677012	13673634	0	2508034048	724314	7	29509544	8140264	5425	0	5454	87000
1785982644	request	817	13677012	13673631	0	2508034048	724314	7	29504268	8140264	5425	0	5454	89000
1785982646	request	819	13677012	13673629	0	2508034048	724314	7	29505480	8140264	5425	0	5454	91000
1785982647	request	820	13677012	13673634	0	2508034048	724314	7	29508016	8140264	5425	0	5454	89000
1785982648	request	821	13677012	13673645	0	2508034048	724314	7	29508980	8140264	5425	0	5454	89000
1785982649	request	822	13677012	13673645	0	2508034048	724314	7	29510816	8140264	5425	0	5454	89000
1785982651	request	824	13677012	13673645	0	2508034048	724314	7	29512696	8140264	5425	0	5454	90000
1785982652	request	825	13677012	13673632	0	2508034048	724314	7	29513096	8140264	5425	0	5454	90000
1785982653	request	826	13677012	13673634	0	2508034048	724314	7	29508268	8140272	5427	0	5456	89000
1785982654	request	827	13677012	13673645	0	2508034048	724314	7	29508484	8140272	5427	0	5456	88000
1785982656	request	829	13677012	13673637	0	2508034048	724314	7	29508104	8140272	5427	0	5456	89000
1785982657	request	830	13677012	13673634	0	2508034048	724314	7	29510148	8140272	5427	0	5456	89000
1785982658	request	831	13677012	13673629	0	2508034048	724314	7	29510148	8140272	5427	0	5456	89000
1785982659	request	832	13677012	13673645	0	2508034048	724314	7	29510316	8140272	5427	0	5456	90000
1785982661	request	834	13677012	13673629	0	2508034048	724314	7	29510504	8140272	5427	0	5456	90000
1785982662	request	835	13677012	13673629	0	2508034048	724314	7	29510028	8140272	5427	0	5456	90000
1785982663	request	836	13677012	13673638	0	2508034048	724314	7	29507308	8140272	5427	0	5456	90000
1785982664	request	837	13677012	13673645	0	2508034048	724314	7	29490896	8140272	5427	0	5456	89000
1785982666	request	839	13677012	13673638	0	2508034048	724314	7	29491636	8140272	5427	0	5456	90000
1785982667	request	840	13677012	13673627	0	2508034048	724314	7	29491636	8140272	5427	0	5456	90000
1785982668	request	841	13677012	13673634	0	2508034048	724314	7	29494620	8140272	5427	0	5456	90000
1785982669	request	842	13677012	13673629	0	2508034048	724314	7	29487180	8140272	5427	0	5456	91000
1785982671	request	844	13677012	13673636	0	2508034048	724314	7	29489672	8140272	5427	0	5456	90000
1785982672	request	845	13677012	13673628	0	2508034048	724314	7	29489028	8140272	5427	0	5456	91000
1785982673	request	846	13677012	13673618	0	2508034048	724314	7	29398560	8140272	5427	0	5456	88000
1785982674	request	847	13677012	13673615	0	2508034048	724314	7	29341468	8140272	5427	0	5456	89000
1785982676	request	849	13677012	13673617	0	2508034048	724314	7	29357584	8140272	5427	0	5456	88000
1785982677	request	850	13677012	13673612	0	2508034048	724314	7	29359196	8140272	5427	0	5456	90000
1785982678	request	851	13677012	13673611	0	2508034048	724314	7	29358792	8140272	5427	0	5456	90000
1785982679	request	852	13677012	13673613	0	2508034048	724314	7	29358544	8140272	5427	0	5456	90000
1785982681	request	854	13677012	13673617	0	2508034048	724314	7	29357124	8140272	5427	0	5456	92000
1785982682	request	855	13677012	13673619	0	2508034048	724314	7	29357252	8140272	5427	0	5456	90000
1785982683	request	856	13677012	13673609	0	2508034048	724314	7	29356072	8140272	5427	0	5456	92000
1785982684	request	857	13677012	13673607	0	2508034048	724314	7	29341868	8140324	5440	0	5469	91000
1785982685	request	858	13677012	13673609	0	2508034048	724314	7	29357512	8140324	5440	0	5469	90000
1785982687	request	860	13677012	13673606	0	2508034048	724314	7	29358708	8140324	5440	0	5470	89000
1785982688	request	861	13677012	13673607	0	2508034048	724314	7	29361640	8140324	5440	0	5470	91000
1785982689	request	862	13677012	13673617	0	2508034048	724314	7	29365016	8140324	5440	0	5470	90000
1785982690	request	863	13677012	13673606	0	2508034048	724314	7	29359756	8140324	5440	0	5470	91000
1785982692	request	865	13677012	13673607	0	2508034048	724314	7	29359164	8140324	5440	0	5470	89000
1785982693	request	866	13677012	13673609	0	2508034048	724314	7	29360380	8140324	5440	0	5470	93000
1785982694	request	867	13677012	13673619	0	2508034048	724314	7	29365616	8140324	5440	0	5470	90000
1785982695	request	868	13677012	13673622	0	2508034048	724314	7	29366872	8140324	5440	0	5470	89000
1785982697	request	870	13677012	13673606	0	2508034048	724314	7	29367272	8140324	5440	0	5470	90000
1785982698	request	871	13677012	13673610	0	2508034048	724314	7	29375652	8140324	5440	0	5470	92000
1785982699	request	872	13677012	13673606	0	2508034048	724314	7	29371636	8140324	5440	0	5470	90000
1785982700	request	873	13677012	13673613	0	2508034048	724314	7	29361188	8140324	5440	0	5470	90000
1785982702	request	875	13677012	13673619	0	2508034048	724314	7	29369308	8140324	5440	0	5470	89000
1785982703	request	876	13677012	13673609	0	2508034048	724314	7	29368916	8140324	5440	0	5470	92000
1785982704	request	877	13677012	13673615	0	2508034048	724314	7	29383632	8140324	5440	0	5470	88000
1785982705	request	878	13677012	13673613	0	2508034048	724314	7	29383396	8140324	5440	0	5470	90000
1785982707	request	880	13677012	13673609	0	2508034048	724314	7	29381576	8140324	5440	0	5470	89000
1785982708	request	881	13677012	13673613	0	2508034048	724314	7	29372056	8140324	5440	0	5470	90000
1785982709	request	882	13677012	13673606	0	2508034048	724314	7	29372056	8140324	5440	0	5470	89000
1785982710	request	883	13677012	13673609	0	2508034048	724314	7	29367484	8140324	5440	0	5470	89000
1785982711	request	884	13677020	13673627	0	2508034048	724316	7	29364956	8140324	5440	0	5470	90000
1785982713	request	886	13677020	13673618	0	2508034048	724316	7	29388352	8140324	5440	0	5470	91000
1785982714	request	887	13679044	13675643	0	2508034048	724822	7	29387608	8140324	5440	0	5470	90000
1785982715	request	888	13679044	13675645	0	2508034048	724822	7	29387896	8140324	5440	0	5470	89000
1785982716	request	889	13679044	13675638	0	2508034048	724822	7	29385476	8140324	5440	0	5470	89000
1785982718	request	891	13679044	13675645	0	2508034048	724822	7	29384768	8140324	5440	0	5470	89000
1785982719	request	892	13679044	13675639	0	2508034048	724822	7	29381032	8140324	5440	0	5470	87000
1785982720	request	893	13679044	13675639	0	2508034048	724822	7	29381080	8140324	5440	0	5470	88000
1785982721	request	894	13679044	13675641	0	2508034048	724822	7	29380840	8140324	5440	0	5470	89000
1785982723	request	896	13679044	13675641	0	2508034048	724822	7	29380348	8140324	5440	0	5470	90000
1785982724	request	897	13679044	13675645	0	2508034048	724822	7	29379588	8140324	5440	0	5470	88000
1785982725	request	898	13679044	13675645	0	2508034048	724822	7	29379088	8140324	5440	0	5470	90000
1785982726	request	899	13679044	13675658	0	2508034048	724822	7	29376280	8140324	5440	0	5470	92000
1785982728	request	901	13679044	13675658	0	2508034048	724822	7	29376040	8140324	5440	0	5470	89000
1785982729	request	902	13679044	13675645	0	2508034048	724822	7	29376040	8140324	5440	0	5470	89000
1785982730	request	903	13679044	13675645	0	2508034048	724822	7	29376040	8140324	5440	0	5470	89000
1785982731	request	904	13679044	13675658	0	2508034048	724822	7	29373492	8140324	5440	0	5470	91000
1785982733	request	906	13679044	13675657	0	2508034048	724822	7	29376832	8140324	5440	0	5470	90000
1785982734	request	907	13679044	13675644	0	2508034048	724822	7	29376356	8140328	5441	0	5471	89000
1785982735	request	908	13679044	13675655	0	2508034048	724822	7	29376104	8140328	5441	0	5471	91000
1785982736	request	909	13679044	13675644	0	2508034048	724822	7	29376104	8140328	5441	0	5471	90000
1785982738	request	911	13679044	13675643	0	2508034048	724822	7	29367980	8140328	5441	0	5471	89000
1785982739	request	912	13679044	13675658	0	2508034048	724822	7	29376692	8140344	5445	0	5475	90000
1785982740	request	913	13679044	13675657	0	2508034048	724822	7	29373668	8140344	5445	0	5475	91000
1785982741	request	914	13679044	13675643	0	2508034048	724822	7	29366692	8140344	5445	0	5475	91000
1785982743	request	916	13679044	13675644	0	2508034048	724822	7	29372096	8140344	5445	0	5475	89000
1785982744	request	917	13679044	13675653	0	2508034048	724822	7	29367124	8140604	5510	0	5540	90000
1785982745	request	918	13679044	13675644	0	2508034048	724822	7	29367480	8140604	5510	0	5540	89000
1785982746	request	919	13679044	13675642	0	2508034048	724822	7	29367636	8140604	5510	0	5540	91000
1785982748	request	921	13679044	13675642	0	2508034048	724822	7	29367000	8140604	5510	0	5540	89000
1785982749	request	922	13679044	13675649	0	2508034048	724822	7	29382848	8140604	5510	0	5540	90000
1785982750	request	923	13679044	13675642	0	2508034048	724822	7	29382848	8140604	5510	0	5540	90000
1785982751	request	924	13679044	13675643	0	2508034048	724822	7	29381084	8140604	5510	0	5540	89000
1785982753	request	926	13679044	13675643	0	2508034048	724822	7	29380600	8140604	5510	0	5540	92000
1785982754	request	927	13679044	13675649	0	2508034048	724822	7	29380360	8140604	5510	0	5540	89000
1785982755	request	928	13679044	13675646	0	2508034048	724822	7	29378148	8140604	5510	0	5540	90000
1785982756	request	929	13679044	13675653	0	2508034048	724822	7	29388544	8140604	5510	0	5540	90000
1785982758	request	931	13679044	13675651	0	2508034048	724822	7	29388404	8140604	5510	0	5540	89000
1785982759	request	932	13679044	13675646	0	2508034048	724822	7	29361660	8141048	5621	0	5651	91000
1785982760	request	933	13679044	13675657	0	2508034048	724822	7	29364460	8141048	5621	0	5651	89000
1785982761	request	934	13679044	13675644	0	2508034048	724822	7	29378232	8141048	5621	0	5651	90000
1785982763	request	936	13679044	13675644	0	2508034048	724822	7	29378952	8141048	5621	0	5651	89000
1785982764	request	937	13679044	13675644	0	2508034048	724822	7	29379740	8141048	5621	0	5651	89000
1785982765	request	938	13679044	13675658	0	2508034048	724822	7	29380096	8141048	5621	0	5651	90000
1785982766	request	939	13679044	13675658	0	2508034048	724822	7	29362852	8141048	5621	0	5651	89000
1785982768	request	941	13679044	13675645	0	2508034048	724822	7	29362716	8141048	5621	0	5651	91000
1785982769	request	942	13679044	13675651	0	2508034048	724822	7	29407940	8141048	5621	0	5651	92000
1785982770	request	943	13679044	13675657	0	2508034048	724822	7	29307532	8141048	5621	0	5651	89000
1785982771	request	944	13679044	13675645	0	2508034048	724822	7	29307328	8141048	5621	0	5651	90000
1785982773	request	946	13679044	13675653	0	2508034048	724822	7	29307076	8141048	5621	0	5651	89000
1785982774	request	947	13679044	13675645	0	2508034048	724822	7	29312832	8141048	5621	0	5651	91000
1785982775	request	948	13679044	13675642	0	2508034048	724822	7	29329372	8141048	5621	0	5651	90000
1785982776	request	949	13679044	13675642	0	2508034048	724822	7	29337880	8141048	5621	0	5651	91000
1785982777	request	950	13679044	13675649	0	2508034048	724822	7	29343804	8141048	5621	0	5651	89000
1785982779	request	952	13679044	13675644	0	2508034048	724822	7	29368044	8141048	5621	0	5651	92000
1785982780	request	953	13679044	13675644	0	2508034048	724822	7	29372416	8141048	5621	0	5651	85000
1785982781	request	954	13679044	13675644	0	2508034048	724822	7	29388888	8141048	5621	0	5651	91000
1785982782	request	955	13679044	13675644	0	2508034048	724822	7	29386660	8141048	5621	0	5651	87000
1785982784	request	957	13679044	13675645	0	2508034048	724822	7	29382960	8141048	5621	0	5651	90000
1785982785	request	958	13679044	13675645	0	2508034048	724822	7	29409664	8141048	5621	0	5651	90000
1785982786	request	959	13679044	13675644	0	2508034048	724822	7	29398928	8141052	5622	0	5652	92000
1785982787	request	960	13679044	13675643	0	2508034048	724822	7	29398368	8141052	5622	0	5652	90000
1785982788	request	961	13679044	13675657	0	2508034048	724822	7	29404864	8141052	5622	0	5652	89000
1785982790	request	963	13679044	13675644	0	2508034048	724822	7	29424724	8141052	5622	0	5652	90000
1785982791	request	964	13679044	13675644	0	2508034048	724822	7	29426940	8141052	5622	0	5652	89000
1785982792	request	965	13679044	13675642	0	2508034048	724822	7	29423060	8141052	5622	0	5652	89000
1785982793	request	966	13679044	13675646	0	2508034048	724822	7	29407212	8141052	5622	0	5652	90000
1785982795	request	968	13679044	13675645	0	2508034048	724822	7	29398400	8141052	5622	0	5652	90000
1785982796	request	969	13679044	13675643	0	2508034048	724822	7	29369512	8141728	5791	0	5821	91000
1785982797	request	970	13679044	13675651	0	2508034048	724822	7	29386736	8141728	5791	0	5821	88000
1785982798	request	971	13679044	13675644	0	2508034048	724822	7	29379280	8141728	5791	0	5821	90000
1785982800	request	973	13679044	13675643	0	2508034048	724822	7	29385400	8141728	5791	0	5821	89000
1785982801	request	974	13679044	13675651	0	2508034048	724822	7	29399640	8141728	5791	0	5821	89000
1785982802	request	975	13679044	13675644	0	2508034048	724822	7	29401312	8141728	5791	0	5821	91000
1785982803	request	976	13679044	13675649	0	2508034048	724822	7	29402200	8141728	5791	0	5821	89000
1785982805	request	978	13679044	13675649	0	2508034048	724822	7	29404068	8141728	5791	0	5821	89000
1785982806	request	979	13679052	13675659	0	2508034048	724824	7	29403052	8141728	5791	0	5821	90000
1785982807	request	980	13679052	13675651	0	2508034048	724824	7	29404080	8141728	5791	0	5821	90000
1785982808	request	981	13679052	13675653	0	2508034048	724824	7	29404732	8141728	5791	0	5821	89000
1785982810	request	983	13679052	13675650	0	2508034048	724824	7	29398172	8141728	5791	0	5821	92000
1785982811	request	984	13679060	13675659	0	2508034048	724826	7	29370560	8142880	6079	0	6109	90000
1785982812	request	985	13679060	13675685	0	2508034048	724826	7	29476772	8142896	6083	0	6113	89000
1785982813	request	986	13679060	13675685	0	2508034048	724826	7	29485796	8142896	6083	0	6113	89000
1785982815	request	988	13679060	13675680	0	2508034048	724826	7	29488900	8142896	6083	0	6113	89000
1785982816	request	989	13679060	13675683	0	2508034048	724826	7	29490104	8142896	6083	0	6113	89000
1785982817	request	990	13679060	13675691	0	2508034048	724826	7	29491996	8142896	6083	0	6113	90000
1785982818	request	991	13679060	13675695	0	2508034048	724826	7	29491780	8142896	6083	0	6113	89000
1785982820	request	993	13679060	13675689	0	2508034048	724826	7	29492948	8142896	6083	0	6113	90000
1785982821	request	994	13679060	13675683	0	2508034048	724826	7	29497204	8142900	6084	0	6114	90000
1785982822	request	995	13679060	13675683	0	2508034048	724826	7	29505284	8142900	6084	0	6114	90000
1785982823	request	996	13679060	13675678	0	2508034048	724826	7	29506028	8142900	6084	0	6114	91000
1785982825	request	998	13679060	13675683	0	2508034048	724826	7	29491516	8142912	6087	0	6117	88000
1785982826	request	999	13679060	13675683	0	2508034048	724826	7	29494888	8142912	6087	0	6117	90000
1785982827	request	1000	13679060	13675691	0	2508034048	724826	7	29497216	8142912	6087	0	6117	89000
1785982828	request	1001	13679060	13675680	0	2508034048	724826	7	29498332	8142912	6087	0	6117	91000
1785982830	request	1003	13679060	13675687	0	2508034048	724826	7	29496540	8142912	6087	0	6117	89000
1785982831	request	1004	13679060	13675683	0	2508034048	724826	7	29507352	8142912	6087	0	6117	90000
1785982832	request	1005	13679060	13675683	0	2508034048	724826	7	29513228	8142912	6087	0	6117	88000
1785982833	request	1006	13679060	13675667	0	2508034048	724826	7	29489404	8142916	6088	0	6118	89000
1785982835	request	1008	13679060	13675680	0	2508034048	724826	7	29494148	8142916	6088	0	6118	90000
1785982836	request	1009	13679060	13675694	0	2508034048	724826	7	29476968	8142916	6088	0	6118	92000
1785982837	request	1010	13679060	13675680	0	2508034048	724826	7	29493504	8142916	6088	0	6118	87000
1785982838	request	1011	13679060	13675685	0	2508034048	724826	7	29495192	8142916	6088	0	6118	90000
1785982839	request	1012	13679060	13675685	0	2508034048	724826	7	29496704	8142916	6088	0	6118	90000
1785982841	request	1014	13679060	13675678	0	2508034048	724826	7	29496964	8142916	6088	0	6118	92000
1785982842	request	1015	13679060	13675683	0	2508034048	724826	7	29496912	8142916	6088	0	6118	90000
1785982843	request	1016	13679060	13675678	0	2508034048	724826	7	29495852	8142916	6088	0	6118	89000
1785982844	request	1017	13679060	13675680	0	2508034048	724826	7	29496356	8142916	6088	0	6118	90000
1785982846	request	1019	13679060	13675694	0	2508034048	724826	7	29497028	8142916	6088	0	6118	89000
1785982847	request	1020	13679060	13675683	0	2508034048	724826	7	29498300	8142916	6088	0	6118	89000
1785982848	request	1021	13679060	13675680	0	2508034048	724826	7	29495904	8142916	6088	0	6118	90000
1785982849	request	1022	13679060	13675685	0	2508034048	724826	7	29490796	8142916	6088	0	6118	90000
1785982851	request	1024	13679060	13675678	0	2508034048	724826	7	29484840	8142916	6088	0	6118	90000
1785982852	request	1025	13679060	13675693	0	2508034048	724826	7	29477688	8142916	6088	0	6118	88000
1785982853	request	1026	13679060	13675679	0	2508034048	724826	7	29479628	8142916	6088	0	6118	91000
1785982854	request	1027	13679060	13675683	0	2508034048	724826	7	29479392	8142916	6088	0	6118	88000
1785982856	request	1029	13679060	13675685	0	2508034048	724826	7	29481776	8142916	6088	0	6118	88000
1785982857	request	1030	13679060	13675687	0	2508034048	724826	7	29479068	8142916	6088	0	6118	86000
1785982858	request	1031	13679060	13675680	0	2508034048	724826	7	29511612	8142916	6088	0	6118	89000
1785982859	request	1032	13679060	13675679	0	2508034048	724826	7	29501640	8142916	6088	0	6118	91000
1785982861	request	1034	13679060	13675687	0	2508034048	724826	7	29504296	8142916	6088	0	6118	88000
1785982862	request	1035	13679060	13675695	0	2508034048	724826	7	29504916	8142916	6088	0	6118	91000
1785982863	request	1036	13679060	13675691	0	2508034048	724826	7	29505632	8142916	6088	0	6118	89000
1785982864	request	1037	13679060	13675689	0	2508034048	724826	7	29505436	8142916	6088	0	6118	89000
1785982866	request	1039	13679060	13675683	0	2508034048	724826	7	29505076	8142916	6088	0	6118	87000
1785982867	request	1040	13679060	13675682	0	2508034048	724826	7	29501620	8142916	6088	0	6118	89000
1785982868	request	1041	13679060	13675683	0	2508034048	724826	7	29509472	8142916	6088	0	6118	90000
1785982869	request	1042	13679060	13675683	0	2508034048	724826	7	29505792	8142916	6088	0	6118	89000
1785982871	request	1044	13679060	13675687	0	2508034048	724826	7	29501828	8142916	6088	0	6118	89000
1785982872	request	1045	13679060	13675682	0	2508034048	724826	7	29476996	8142920	6089	0	6119	90000
1785982873	request	1046	13679060	13675683	0	2508034048	724826	7	29483404	8142920	6089	0	6119	90000
1785982874	request	1047	13679060	13675680	0	2508034048	724826	7	29483716	8142920	6089	0	6119	88000
1785982876	request	1049	13679060	13675687	0	2508034048	724826	7	29503772	8142920	6089	0	6119	89000
1785982877	request	1050	13679060	13675682	0	2508034048	724826	7	29504840	8142924	6090	0	6120	89000
1785982878	request	1051	13679060	13675693	0	2508034048	724826	7	29494732	8142924	6090	0	6120	89000
1785982879	request	1052	13679060	13675682	0	2508034048	724826	7	29497368	8142924	6090	0	6120	91000
1785982880	request	1053	13679060	13675682	0	2508034048	724826	7	29497100	8142924	6090	0	6120	88000
1785982882	request	1055	13679060	13675679	0	2508034048	724826	7	29499664	8142924	6090	0	6120	91000
1785982883	request	1056	13679060	13675679	0	2508034048	724826	7	29500404	8142924	6090	0	6120	89000
1785982884	request	1057	13679060	13675687	0	2508034048	724826	7	29503180	8142940	6094	0	6124	91000
1785982885	request	1058	13679060	13675687	0	2508034048	724826	7	29502292	8142940	6094	0	6124	89000
1785982887	request	1060	13679060	13675685	0	2508034048	724826	7	29505772	8142940	6094	0	6124	89000
1785982888	request	1061	13679060	13675693	0	2508034048	724826	7	29508116	8142940	6094	0	6124	89000
1785982889	request	1062	13679060	13675687	0	2508034048	724826	7	29508260	8142940	6094	0	6124	89000
1785982890	request	1063	13679060	13675679	0	2508034048	724826	7	29508528	8142940	6094	0	6124	90000
1785982892	request	1065	13679060	13675678	0	2508034048	724826	7	29508528	8142940	6094	0	6124	89000
1785982893	request	1066	13679060	13675682	0	2508034048	724826	7	29507692	8142940	6094	0	6124	92000
1785982894	request	1067	13679060	13675683	0	2508034048	724826	7	29508544	8142940	6094	0	6124	88000
1785982895	request	1068	13679060	13675679	0	2508034048	724826	7	29508292	8142940	6094	0	6124	90000
1785982897	request	1070	13679060	13675678	0	2508034048	724826	7	29508052	8142940	6094	0	6124	89000
1785982898	request	1071	13679060	13675689	0	2508034048	724826	7	29491088	8142940	6094	0	6124	89000
1785982899	request	1072	13679060	13675685	0	2508034048	724826	7	29492956	8142940	6094	0	6124	89000
1785982900	request	1073	13679060	13675682	0	2508034048	724826	7	29494376	8142940	6094	0	6124	89000
1785982902	request	1075	13679068	13675687	0	2508034048	724828	7	29494884	8142940	6094	0	6124	90000
1785982903	request	1076	13679076	13675705	0	2508034048	724830	7	29510308	8142940	6094	0	6124	89000
1785982904	request	1077	13679076	13675701	0	2508034048	724830	7	29506324	8142948	6096	0	6126	86000
1785982905	request	1078	13679076	13675709	0	2508034048	724830	7	29507236	8142948	6096	0	6126	89000
1785982907	request	1080	13679076	13675695	0	2508034048	724830	7	29507620	8142948	6096	0	6126	89000
1785982908	request	1081	13679076	13675696	0	2508034048	724830	7	29508896	8142948	6096	0	6126	90000
1785982909	request	1082	13679076	13675701	0	2508034048	724830	7	29490660	8142952	6097	0	6127	93000
1785982910	request	1083	13679076	13675696	0	2508034048	724830	7	29498844	8142952	6097	0	6127	86000
1785982912	request	1085	13679076	13675709	0	2508034048	724830	7	29500500	8142952	6097	0	6127	89000
1785982913	request	1086	13679076	13675711	0	2508034048	724830	7	29501072	8142952	6097	0	6127	90000
1785982914	request	1087	13679076	13675701	0	2508034048	724830	7	29501360	8142952	6097	0	6127	88000
1785982915	request	1088	13679076	13675696	0	2508034048	724830	7	29501732	8142952	6097	0	6127	91000
1785982917	request	1090	13679076	13675694	0	2508034048	724830	7	29506352	8142952	6097	0	6127	89000
1785982918	request	1091	13679076	13675707	0	2508034048	724830	7	29513000	8142960	6099	0	6129	90000
1785982919	request	1092	13679076	13675707	0	2508034048	724830	7	29510724	8142960	6099	0	6129	89000
1785982920	request	1093	13679076	13675701	0	2508034048	724830	7	29510780	8142960	6099	0	6129	89000
1785982922	request	1095	13679076	13675703	0	2508034048	724830	7	29510400	8142960	6099	0	6129	88000
1785982923	request	1096	13679076	13675696	0	2508034048	724830	7	29508772	8142964	6099	0	6129	89000
1785982924	request	1097	13679076	13675693	0	2508034048	724830	7	29508584	8142964	6099	0	6129	91000
1785982925	request	1098	13679076	13675704	0	2508034048	724830	7	29512300	8142968	6100	0	6130	88000
1785982927	request	1100	13679076	13675693	0	2508034048	724830	7	29509936	8142968	6100	0	6130	90000
1785982928	request	1101	13679076	13675702	0	2508034048	724830	7	29501336	8142968	6100	0	6130	88000
1785982929	request	1102	13679076	13675696	0	2508034048	724830	7	29497572	8142992	6106	0	6136	91000
1785982930	request	1103	13679076	13675691	0	2508034048	724830	7	29497320	8142992	6106	0	6136	89000
1785982932	request	1105	13679076	13675696	0	2508034048	724830	7	29515548	8142996	6107	0	6137	90000
1785982933	request	1106	13679076	13675698	0	2508034048	724830	7	29518840	8142996	6107	0	6137	90000
1785982934	request	1107	13679076	13675698	0	2508034048	724830	7	29518168	8142996	6107	0	6137	89000
1785982935	request	1108	13679076	13675702	0	2508034048	724830	7	29517796	8142996	6107	0	6137	87000
1785982937	request	1110	13679076	13675696	0	2508034048	724830	7	29517244	8142996	6107	0	6137	89000
1785982938	request	1111	13679076	13675704	0	2508034048	724830	7	29495620	8143008	6110	0	6140	86000
1785982939	request	1112	13679076	13675693	0	2508034048	724830	7	29497252	8143008	6110	0	6140	88000
1785982940	request	1113	13679076	13675693	0	2508034048	724830	7	29497220	8143008	6110	0	6140	90000
1785982942	request	1115	13679076	13675702	0	2508034048	724830	7	29499156	8143008	6110	0	6140	89000
1785982943	request	1116	13679076	13675702	0	2508034048	724830	7	29504756	8143008	6110	0	6140	87000
1785982944	request	1117	13679076	13675691	0	2508034048	724830	7	29496096	8143008	6110	0	6140	89000
1785982945	request	1118	13679076	13675693	0	2508034048	724830	7	29493392	8143008	6110	0	6140	92000
1785982947	request	1120	13679076	13675706	0	2508034048	724830	7	29487540	8143016	6112	0	6142	88000
1785982948	request	1121	13679076	13675696	0	2508034048	724830	7	29489392	8143016	6112	0	6142	91000
1785982949	request	1122	13679076	13675692	0	2508034048	724830	7	29489720	8143016	6112	0	6142	88000
1785982950	request	1123	13679076	13675691	0	2508034048	724830	7	29490176	8143016	6112	0	6142	90000
1785982952	request	1125	13679076	13675702	0	2508034048	724830	7	29488916	8143016	6112	0	6142	90000
1785982953	request	1126	13679076	13675698	0	2508034048	724830	7	29481428	8143032	6116	0	6146	90000
1785982954	request	1127	13679076	13675696	0	2508034048	724830	7	29481592	8143032	6116	0	6146	90000
1785982955	request	1128	13679076	13675693	0	2508034048	724830	7	29509536	8143032	6116	0	6146	89000
1785982957	request	1130	13679076	13675696	0	2508034048	724830	7	29509300	8143032	6116	0	6146	88000
1785982958	request	1131	13679076	13675708	0	2508034048	724830	7	29512336	8143032	6116	0	6146	89000
1785982959	request	1132	13679076	13675692	0	2508034048	724830	7	29514532	8143032	6116	0	6146	91000
1785982960	request	1133	13679076	13675700	0	2508034048	724830	7	29517688	8143032	6116	0	6146	90000
1785982961	request	1134	13679076	13675693	0	2508034048	724830	7	29517740	8143032	6116	0	6146	90000
1785982963	request	1136	13679076	13675698	0	2508034048	724830	7	29517180	8143032	6116	0	6146	89000
1785982964	request	1137	13679076	13675692	0	2508034048	724830	7	29512984	8143032	6116	0	6147	90000
1785982965	request	1138	13679076	13675704	0	2508034048	724830	7	29511256	8143032	6116	0	6147	93000
1785982966	request	1139	13679076	13675698	0	2508034048	724830	7	29517996	8143036	6117	0	6148	91000
1785982968	request	1141	13679076	13675696	0	2508034048	724830	7	29497352	8143036	6117	0	6148	88000
1785982969	request	1142	13679076	13675702	0	2508034048	724830	7	29500200	8143036	6117	0	6148	91000
1785982970	request	1143	13679076	13675692	0	2508034048	724830	7	29502200	8143036	6117	0	6148	89000
1785982971	request	1144	13679076	13675691	0	2508034048	724830	7	29502612	8143036	6117	0	6148	89000
1785982973	request	1146	13679076	13675706	0	2508034048	724830	7	29505444	8143036	6117	0	6148	88000
1785982974	request	1147	13679076	13675699	0	2508034048	724830	7	29504820	8143036	6117	0	6148	89000
1785982975	request	1148	13679076	13675701	0	2508034048	724830	7	29505572	8143036	6117	0	6148	89000
1785982976	request	1149	13679076	13675692	0	2508034048	724830	7	29509172	8143036	6117	0	6148	88000
1785982978	request	1151	13679076	13675698	0	2508034048	724830	7	29511276	8143036	6117	0	6148	83000
1785982979	request	1152	13679076	13675706	0	2508034048	724830	7	29512024	8143036	6117	0	6148	89000
1785982980	request	1153	13679076	13675696	0	2508034048	724830	7	29514216	8143036	6117	0	6148	88000
1785982981	request	1154	13679076	13675704	0	2508034048	724830	7	29512360	8143036	6117	0	6148	89000
1785982983	request	1156	13679076	13675690	0	2508034048	724830	7	29512492	8143036	6117	0	6148	90000
1785982984	request	1157	13679076	13675695	0	2508034048	724830	7	29498284	8143036	6117	0	6148	89000
1785982985	request	1158	13679076	13675692	0	2508034048	724830	7	29500092	8143036	6117	0	6148	91000
1785982986	request	1159	13679076	13675695	0	2508034048	724830	7	29500808	8143036	6117	0	6148	88000
1785982988	request	1161	13679076	13675708	0	2508034048	724830	7	29501184	8143036	6117	0	6148	91000
1785982989	request	1162	13679076	13675708	0	2508034048	724830	7	29501436	8143036	6117	0	6148	89000
1785982990	request	1163	13679076	13675699	0	2508034048	724830	7	29500856	8143036	6117	0	6148	92000
1785982991	request	1164	13679076	13675696	0	2508034048	724830	7	29501024	8143036	6117	0	6148	89000
1785982993	request	1166	13679076	13675693	0	2508034048	724830	7	29502244	8143036	6117	0	6148	88000
1785982994	request	1167	13679076	13675693	0	2508034048	724830	7	29504288	8143036	6117	0	6148	89000
1785982995	request	1168	13679076	13675698	0	2508034048	724830	7	29504868	8143036	6117	0	6148	88000
1785982996	request	1169	13679076	13675692	0	2508034048	724830	7	29514852	8143036	6117	0	6148	92000
1785982997	request	1170	13679076	13675692	0	2508034048	724830	7	29508824	8143036	6117	0	6148	90000
1785982999	request	1172	13679076	13675698	0	2508034048	724830	7	29502824	8143036	6117	0	6148	90000
1785983000	request	1173	13679076	13675686	0	2508034048	724830	7	29448876	8143036	6117	0	6148	89000
1785983001	request	1174	13679076	13675701	0	2508034048	724830	7	29466304	8143036	6117	0	6148	88000
1785983002	request	1175	13679076	13675695	0	2508034048	724830	7	29468624	8143036	6117	0	6148	89000
1785983004	request	1177	13679076	13675693	0	2508034048	724830	7	29473180	8143036	6117	0	6148	88000
1785983005	request	1178	13679076	13675692	0	2508034048	724830	7	29474876	8143036	6117	0	6148	93000
1785983006	request	1179	13679076	13675708	0	2508034048	724830	7	29479556	8143036	6117	0	6148	90000
1785983007	request	1180	13679076	13675708	0	2508034048	724830	7	29492768	8143040	6118	0	6149	89000
1785983009	request	1182	13679076	13675696	0	2508034048	724830	7	29496392	8143040	6118	0	6149	92000
1785983010	request	1183	13679076	13675697	0	2508034048	724830	7	29500432	8143040	6118	0	6149	88000
1785983011	request	1184	13679076	13675696	0	2508034048	724830	7	29501540	8143040	6118	0	6149	90000
1785983012	request	1185	13679076	13675701	0	2508034048	724830	7	29503012	8143040	6118	0	6149	89000
1785983014	request	1187	13679076	13675695	0	2508034048	724830	7	29503128	8143040	6118	0	6149	90000
1785983015	request	1188	13679076	13675693	0	2508034048	724830	7	29502048	8143040	6118	0	6149	92000
1785983016	request	1189	13679076	13675701	0	2508034048	724830	7	29507384	8143040	6118	0	6149	90000
1785983017	request	1190	13679076	13675696	0	2508034048	724830	7	29485072	8143040	6118	0	6149	89000
1785983018	request	1191	13679076	13675692	0	2508034048	724830	7	29496432	8143040	6118	0	6149	90000
1785983020	request	1193	13679076	13675704	0	2508034048	724830	7	29496428	8143040	6118	0	6149	89000
1785983021	request	1194	13679076	13675695	0	2508034048	724830	7	29497040	8143040	6118	0	6149	91000
1785983022	request	1195	13679076	13675692	0	2508034048	724830	7	29498124	8143040	6118	0	6149	90000
1785983023	request	1196	13679076	13675687	0	2508034048	724830	7	29499784	8143040	6118	0	6149	89000
1785983025	request	1198	13679076	13675694	0	2508034048	724830	7	29501496	8143040	6118	0	6149	88000
1785983026	request	1199	13679076	13675685	0	2508034048	724830	7	29500996	8143044	6119	0	6150	89000
1785983027	request	1200	13679076	13675694	0	2508034048	724830	7	29499968	8143044	6119	0	6150	88000
1785983028	request	1201	13679076	13675685	0	2508034048	724830	7	29496592	8143052	6121	0	6152	90000
1785983030	request	1203	13679076	13675699	0	2508034048	724830	7	29491660	8143056	6122	0	6153	89000
1785983031	request	1204	13679076	13675699	0	2508034048	724830	7	29491588	8143056	6122	0	6153	89000
1785983032	request	1205	13679076	13675701	0	2508034048	724830	7	29490812	8143056	6122	0	6153	88000
1785983033	request	1206	13679076	13675693	0	2508034048	724830	7	29490784	8143056	6122	0	6153	89000
1785983035	request	1208	13679076	13675694	0	2508034048	724830	7	29490532	8143056	6122	0	6153	87000
1785983036	request	1209	13679076	13675685	0	2508034048	724830	7	29491916	8143056	6122	0	6153	89000
1785983037	request	1210	13679076	13675693	0	2508034048	724830	7	29492252	8143056	6122	0	6153	85000
1785983038	request	1211	13679076	13675699	0	2508034048	724830	7	29492316	8143056	6122	0	6153	92000
1785983040	request	1213	13679076	13675684	0	2508034048	724830	7	29478780	8143072	6126	0	6157	87000
1785983041	request	1214	13679076	13675685	0	2508034048	724830	7	29478188	8143072	6126	0	6157	89000
1785983042	request	1215	13679076	13675696	0	2508034048	724830	7	29478188	8143072	6126	0	6157	90000
1785983043	request	1216	13679076	13675685	0	2508034048	724830	7	29477936	8143072	6126	0	6157	88000
1785983045	request	1218	13679076	13675701	0	2508034048	724830	7	29477936	8143072	6126	0	6157	90000
1785983046	request	1219	13679076	13675699	0	2508034048	724830	7	29478412	8143072	6126	0	6157	90000
1785983047	request	1220	13679076	13675699	0	2508034048	724830	7	29475644	8143072	6126	0	6157	90000
1785983048	request	1221	13679076	13675700	0	2508034048	724830	7	29477088	8143072	6126	0	6157	89000
1785983049	request	1222	13679076	13675690	0	2508034048	724830	7	29478752	8143072	6126	0	6157	91000
1785983051	request	1224	13679076	13675684	0	2508034048	724830	7	29478700	8143072	6126	0	6157	92000
1785983052	request	1225	13679076	13675691	0	2508034048	724830	7	29479064	8143072	6126	0	6157	90000
1785983053	request	1226	13679076	13675692	0	2508034048	724830	7	29478876	8143072	6126	0	6157	88000
1785983054	request	1227	13679076	13675696	0	2508034048	724830	7	29478876	8143072	6126	0	6157	91000
1785983056	request	1229	13679076	13675698	0	2508034048	724830	7	29478876	8143072	6126	0	6157	89000
1785983057	request	1230	13679076	13675684	0	2508034048	724830	7	29478132	8143072	6126	0	6157	90000
1785983058	request	1231	13679076	13675698	0	2508034048	724830	7	29478000	8143072	6126	0	6157	89000
1785983059	request	1232	13679076	13675698	0	2508034048	724830	7	29477648	8143072	6126	0	6157	90000
1785983061	request	1234	13679076	13675691	0	2508034048	724830	7	29477784	8143072	6126	0	6157	89000
1785983062	request	1235	13679076	13675690	0	2508034048	724830	7	29477688	8143072	6126	0	6157	90000
1785983063	request	1236	13679076	13675685	0	2508034048	724830	7	29478052	8143072	6126	0	6157	88000
1785983064	request	1237	13679076	13675693	0	2508034048	724830	7	29478216	8143072	6126	0	6157	90000
1785983066	request	1239	13679076	13675691	0	2508034048	724830	7	29478076	8143072	6126	0	6157	90000
1785983067	request	1240	13679076	13675690	0	2508034048	724830	7	29478064	8143072	6126	0	6157	90000
1785983068	request	1241	13679076	13675698	0	2508034048	724830	7	29477812	8143072	6126	0	6157	89000
1785983069	request	1242	13679076	13675687	0	2508034048	724830	7	29477560	8143072	6126	0	6157	91000
1785983071	request	1244	13679076	13675684	0	2508034048	724830	7	29477560	8143072	6126	0	6157	88000
1785983072	request	1245	13679076	13675690	0	2508034048	724830	7	29477672	8143072	6126	0	6157	89000
1785983073	request	1246	13679076	13675690	0	2508034048	724830	7	29477924	8143072	6126	0	6157	88000
1785983074	request	1247	13679076	13675684	0	2508034048	724830	7	29478176	8143072	6126	0	6157	88000
1785983076	request	1249	13679076	13675683	0	2508034048	724830	7	29478428	8143072	6126	0	6157	88000
1785983077	request	1250	13679076	13675696	0	2508034048	724830	7	29478660	8143072	6126	0	6157	89000
1785983078	request	1251	13679076	13675687	0	2508034048	724830	7	29478820	8143072	6126	0	6157	88000
1785983079	request	1252	13679076	13675687	0	2508034048	724830	7	29478848	8143072	6126	0	6157	89000
1785983081	request	1254	13679076	13675684	0	2508034048	724830	7	29477896	8143072	6126	0	6157	88000
1785983082	request	1255	13679076	13675691	0	2508034048	724830	7	29477896	8143072	6126	0	6157	89000
1785983083	request	1256	13679076	13675687	0	2508034048	724830	7	29478388	8143072	6126	0	6157	84000
1785983084	request	1257	13679076	13675698	0	2508034048	724830	7	29478632	8143072	6126	0	6157	88000
1785983086	request	1259	13679076	13675684	0	2508034048	724830	7	29478732	8143072	6126	0	6157	90000
1785983087	request	1260	13679076	13675690	0	2508034048	724830	7	29478732	8143072	6126	0	6157	89000
1785983088	request	1261	13679076	13675684	0	2508034048	724830	7	29478432	8143072	6126	0	6157	85000
1785983089	request	1262	13679076	13675684	0	2508034048	724830	7	29478180	8143072	6126	0	6157	88000
1785983091	request	1264	13679076	13675690	0	2508034048	724830	7	29478180	8143072	6126	0	6157	91000
1785983092	request	1265	13679076	13675684	0	2508034048	724830	7	29478276	8143072	6126	0	6157	89000
1785983093	request	1266	13679076	13675691	0	2508034048	724830	7	29478452	8143072	6126	0	6157	90000
1785983094	request	1267	13679076	13675696	0	2508034048	724830	7	29478268	8143072	6126	0	6157	89000
1785983096	request	1269	13679076	13675690	0	2508034048	724830	7	29478268	8143072	6126	0	6157	89000
1785983097	request	1270	13679076	13675690	0	2508034048	724830	7	29478380	8143072	6126	0	6157	89000
1785983098	request	1271	13679076	13675690	0	2508034048	724830	7	29478828	8143072	6126	0	6157	90000
1785983099	request	1272	13679076	13675683	0	2508034048	724830	7	29479880	8143072	6126	0	6157	89000
1785983101	request	1274	13679076	13675684	0	2508034048	724830	7	29479992	8143072	6126	0	6157	86000
1785983102	request	1275	13679076	13675700	0	2508034048	724830	7	29479992	8143072	6126	0	6157	92000
1785983103	request	1276	13679076	13675685	0	2508034048	724830	7	29478744	8143072	6126	0	6157	88000
1785983104	request	1277	13679076	13675698	0	2508034048	724830	7	29478492	8143072	6126	0	6157	89000
1785983106	request	1279	13679076	13675689	0	2508034048	724830	7	29478492	8143072	6126	0	6157	88000
1785983107	request	1280	13679076	13675691	0	2508034048	724830	7	29478492	8143072	6126	0	6157	89000
1785983108	request	1281	13679076	13675684	0	2508034048	724830	7	29478920	8143072	6126	0	6157	88000
1785983109	request	1282	13679076	13675698	0	2508034048	724830	7	29478920	8143072	6126	0	6157	87000
1785983111	request	1284	13679076	13675693	0	2508034048	724830	7	29478920	8143072	6126	0	6157	89000
1785983112	request	1285	13679076	13675690	0	2508034048	724830	7	29478968	8143072	6126	0	6157	88000
1785983113	request	1286	13679076	13675684	0	2508034048	724830	7	29479272	8143072	6126	0	6157	89000
1785983114	request	1287	13679076	13675683	0	2508034048	724830	7	29479272	8143072	6126	0	6157	88000
1785983116	request	1289	13679076	13675683	0	2508034048	724830	7	29480000	8143072	6126	0	6157	89000
1785983117	request	1290	13679076	13675690	0	2508034048	724830	7	29480184	8143072	6126	0	6157	89000
1785983118	request	1291	13679076	13675690	0	2508034048	724830	7	29481800	8143072	6126	0	6157	89000
1785983119	request	1292	13679076	13675684	0	2508034048	724830	7	29481636	8143072	6126	0	6157	87000
1785983121	request	1294	13679076	13675692	0	2508034048	724830	7	29481396	8143072	6126	0	6157	89000
1785983122	request	1295	13679076	13675700	0	2508034048	724830	7	29481156	8143072	6126	0	6157	89000
1785983123	request	1296	13679076	13675683	0	2508034048	724830	7	29481252	8143072	6126	0	6157	89000
1785983124	request	1297	13679076	13675692	0	2508034048	724830	7	29481252	8143072	6126	0	6157	88000
1785983126	request	1299	13679076	13675696	0	2508034048	724830	7	29481252	8143072	6126	0	6157	89000
1785983127	request	1300	13679076	13675690	0	2508034048	724830	7	29480508	8143072	6126	0	6157	84000
1785983128	request	1301	13679076	13675684	0	2508034048	724830	7	29480512	8143072	6126	0	6157	89000
1785983129	request	1302	13679076	13675693	0	2508034048	724830	7	29480020	8143072	6126	0	6157	85000
1785983131	request	1304	13679076	13675684	0	2508034048	724830	7	29479780	8143072	6126	0	6157	88000
1785983132	request	1305	13679076	13675693	0	2508034048	724830	7	29478784	8143072	6126	0	6157	84000
1785983133	request	1306	13679076	13675684	0	2508034048	724830	7	29478784	8143072	6126	0	6157	88000
1785983134	request	1307	13679076	13675693	0	2508034048	724830	7	29478532	8143072	6126	0	6157	89000
1785983136	request	1309	13679076	13675684	0	2508034048	724830	7	29478532	8143072	6126	0	6157	88000
1785983137	request	1310	13679076	13675691	0	2508034048	724830	7	29478532	8143072	6126	0	6157	89000
1785983138	request	1311	13679076	13675690	0	2508034048	724830	7	29478532	8143072	6126	0	6157	88000
1785983139	request	1312	13679076	13675684	0	2508034048	724830	7	29478532	8143072	6126	0	6157	91000
1785983141	request	1314	13679076	13675684	0	2508034048	724830	7	29478532	8143072	6126	0	6157	89000
1785983142	request	1315	13679076	13675684	0	2508034048	724830	7	29478804	8143072	6126	0	6157	91000
1785983143	request	1316	13679076	13675684	0	2508034048	724830	7	29478552	8143072	6126	0	6157	89000
1785983144	request	1317	13679076	13675689	0	2508034048	724830	7	29478312	8143072	6126	0	6157	90000
1785983146	request	1319	13679076	13675687	0	2508034048	724830	7	29477728	8143072	6126	0	6157	88000
1785983147	request	1320	13679076	13675693	0	2508034048	724830	7	29477816	8143072	6126	0	6157	90000
1785983148	request	1321	13679076	13675700	0	2508034048	724830	7	29477816	8143072	6126	0	6157	89000
1785983149	request	1322	13679076	13675690	0	2508034048	724830	7	29477816	8143072	6126	0	6157	89000
1785983151	request	1324	13679076	13675683	0	2508034048	724830	7	29477812	8143072	6126	0	6157	88000
1785983152	request	1325	13679076	13675697	0	2508034048	724830	7	29478180	8143072	6126	0	6157	90000
1785983153	request	1326	13679076	13675683	0	2508034048	724830	7	29478576	8143072	6126	0	6157	88000
1785983154	request	1327	13679076	13675684	0	2508034048	724830	7	29478688	8143072	6126	0	6157	90000
1785983156	request	1329	13679076	13675684	0	2508034048	724830	7	29478036	8143072	6126	0	6158	88000
1785983157	request	1330	13679076	13675686	0	2508034048	724830	7	29478176	8143072	6126	0	6158	90000
1785983158	request	1331	13679076	13675684	0	2508034048	724830	7	29477924	8143072	6126	0	6158	89000
1785983159	request	1332	13679076	13675677	0	2508034048	724830	7	29477924	8143072	6126	0	6158	90000
1785983161	request	1334	13679076	13675679	0	2508034048	724830	7	29477684	8143072	6126	0	6158	88000
1785983162	request	1335	13679076	13675684	0	2508034048	724830	7	29478048	8143072	6126	0	6158	91000
1785983163	request	1336	13679076	13675676	0	2508034048	724830	7	29477924	8143096	6132	0	6164	89000
1785983164	request	1337	13679076	13675679	0	2508034048	724830	7	29478224	8143096	6132	0	6164	90000
1785983166	request	1339	13679076	13675682	0	2508034048	724830	7	29478224	8143096	6132	0	6164	89000
1785983167	request	1340	13679076	13675695	0	2508034048	724830	7	29478220	8143096	6132	0	6164	90000
1785983168	request	1341	13679076	13675686	0	2508034048	724830	7	29478996	8143096	6132	0	6164	89000
1785983169	request	1342	13679076	13675686	0	2508034048	724830	7	29478996	8143096	6132	0	6164	90000
1785983171	request	1344	13679076	13675683	0	2508034048	724830	7	29478996	8143096	6132	0	6164	89000
1785983172	request	1345	13679076	13675689	0	2508034048	724830	7	29479304	8143096	6132	0	6164	91000
1785983173	request	1346	13679076	13675683	0	2508034048	724830	7	29478888	8143096	6132	0	6164	90000
1785983174	request	1347	13679076	13675691	0	2508034048	724830	7	29478888	8143096	6132	0	6164	90000
1785983176	request	1349	13679076	13675682	0	2508034048	724830	7	29478888	8143096	6132	0	6164	89000
1785983177	request	1350	13679076	13675689	0	2508034048	724830	7	29478636	8143096	6132	0	6164	88000
1785983178	request	1351	13679076	13675682	0	2508034048	724830	7	29478032	8143096	6132	0	6164	88000
1785983179	request	1352	13679076	13675689	0	2508034048	724830	7	29478036	8143096	6132	0	6164	90000
1785983181	request	1354	13679076	13675683	0	2508034048	724830	7	29478036	8143096	6132	0	6164	89000
1785983182	request	1355	13679076	13675689	0	2508034048	724830	7	29477784	8143096	6132	0	6164	90000
1785983183	request	1356	13679076	13675683	0	2508034048	724830	7	29477544	8143096	6132	0	6164	89000
1785983184	request	1357	13679076	13675683	0	2508034048	724830	7	29477544	8143096	6132	0	6164	91000
1785983186	request	1359	13679076	13675683	0	2508034048	724830	7	29477432	8143096	6132	0	6164	90000
1785983187	request	1360	13679076	13675692	0	2508034048	724830	7	29512264	8143096	6132	0	6164	90000
1785983188	request	1361	13679076	13675689	0	2508034048	724830	7	29513408	8143096	6132	0	6164	89000
1785983189	request	1362	13679076	13675689	0	2508034048	724830	7	29512664	8143096	6132	0	6164	90000
1785983191	request	1364	13679076	13675693	0	2508034048	724830	7	29512160	8143096	6132	0	6164	88000
1785983192	request	1365	13679076	13675699	0	2508034048	724830	7	29512608	8143096	6132	0	6164	85000
1785983193	request	1366	13679076	13675691	0	2508034048	724830	7	29512720	8143096	6132	0	6164	89000
1785983194	request	1367	13679076	13675683	0	2508034048	724830	7	29512468	8143096	6132	0	6164	90000
1785983196	request	1369	13679076	13675692	0	2508034048	724830	7	29512720	8143096	6132	0	6164	90000
1785983197	request	1370	13679076	13675689	0	2508034048	724830	7	29512720	8143096	6132	0	6164	90000
1785983198	request	1371	13679076	13675691	0	2508034048	724830	7	29512720	8143096	6132	0	6164	88000
1785983199	request	1372	13679076	13675689	0	2508034048	724830	7	29512720	8143096	6132	0	6164	91000
1785983201	request	1374	13679076	13675697	0	2508034048	724830	7	29512540	8143096	6132	0	6164	88000
1785983202	request	1375	13679076	13675689	0	2508034048	724830	7	29512288	8143096	6132	0	6164	92000
1785983203	request	1376	13679076	13675695	0	2508034048	724830	7	29512036	8143096	6132	0	6164	88000
1785983204	request	1377	13679076	13675695	0	2508034048	724830	7	29512564	8143096	6132	0	6164	90000
1785983206	request	1379	13679076	13675697	0	2508034048	724830	7	29512312	8143096	6132	0	6164	88000
1785983207	request	1380	13679076	13675697	0	2508034048	724830	7	29512312	8143096	6132	0	6164	89000
1785983208	request	1381	13679076	13675695	0	2508034048	724830	7	29511820	8143096	6132	0	6164	89000
1785983209	request	1382	13679076	13675695	0	2508034048	724830	7	29513276	8143096	6132	0	6164	89000
1785983211	request	1384	13679080	13675697	0	2508034048	724832	7	29512988	8143096	6132	0	6164	89000
1785983212	request	1385	13679084	13675691	0	2508034048	724832	7	29512988	8143096	6132	0	6164	89000
1785983213	request	1386	13679084	13675697	0	2508034048	724832	7	29513308	8143096	6132	0	6164	88000
1785983214	request	1387	13679084	13675691	0	2508034048	724832	7	29513560	8143096	6132	0	6164	88000
1785983216	request	1389	13679084	13675691	0	2508034048	724832	7	29514152	8143096	6132	0	6164	89000
1785983217	request	1390	13679084	13675707	0	2508034048	724832	7	29513948	8143096	6132	0	6164	91000
1785983218	request	1391	13679084	13675691	0	2508034048	724832	7	29513204	8143096	6132	0	6164	88000
1785983219	request	1392	13679084	13675697	0	2508034048	724832	7	29513456	8143096	6132	0	6164	91000
1785983221	request	1394	13679084	13675691	0	2508034048	724832	7	29513740	8143096	6132	0	6164	88000
1785983222	request	1395	13679084	13675707	0	2508034048	724832	7	29513740	8143096	6132	0	6164	90000
1785983223	request	1396	13679084	13675697	0	2508034048	724832	7	29513740	8143096	6132	0	6164	89000
1785983224	request	1397	13679084	13675714	0	2508034048	724832	7	29515640	8143096	6132	0	6164	90000
1785983226	request	1399	13679084	13675711	0	2508034048	724832	7	29515392	8143096	6132	0	6164	89000
1785983227	request	1400	13679084	13675703	0	2508034048	724832	7	29515392	8143096	6132	0	6164	91000
1785983228	request	1401	13679084	13675703	0	2508034048	724832	7	29514856	8143096	6132	0	6164	89000
1785983229	request	1402	13679084	13675703	0	2508034048	724832	7	29515108	8143096	6132	0	6164	90000
1785983231	request	1404	13679084	13675703	0	2508034048	724832	7	29515360	8143096	6132	0	6164	89000
1785983232	request	1405	13679084	13675698	0	2508034048	724832	7	29515112	8143096	6132	0	6164	90000
1785983233	request	1406	13679084	13675703	0	2508034048	724832	7	29515576	8143096	6132	0	6164	89000
1785983234	request	1407	13679084	13675704	0	2508034048	724832	7	29514960	8143096	6132	0	6164	89000
1785983236	request	1409	13679084	13675707	0	2508034048	724832	7	29514328	8143096	6132	0	6164	88000
1785983237	request	1410	13679084	13675704	0	2508034048	724832	7	29513836	8143096	6132	0	6164	91000
1785983238	request	1411	13679084	13675698	0	2508034048	724832	7	29513156	8143096	6132	0	6164	88000
1785983239	request	1412	13679084	13675706	0	2508034048	724832	7	29512636	8143096	6132	0	6164	90000
1785983241	request	1414	13679084	13675714	0	2508034048	724832	7	29512384	8143096	6132	0	6164	88000
1785983242	request	1415	13679084	13675700	0	2508034048	724832	7	29511816	8143096	6132	0	6164	90000
1785983243	request	1416	13679084	13675703	0	2508034048	724832	7	29513512	8143096	6132	0	6164	89000
1785983244	request	1417	13679084	13675707	0	2508034048	724832	7	29513008	8143096	6132	0	6164	91000
1785983246	request	1419	13679084	13675714	0	2508034048	724832	7	29512756	8143096	6132	0	6164	88000
1785983247	request	1420	13679084	13675704	0	2508034048	724832	7	29512756	8143096	6132	0	6164	90000
1785983248	request	1421	13679084	13675697	0	2508034048	724832	7	29511512	8143096	6132	0	6164	89000
1785983249	request	1422	13679084	13675703	0	2508034048	724832	7	29511356	8143096	6132	0	6164	82000
1785983251	request	1424	13679084	13675689	0	2508034048	724832	7	29511676	8143096	6132	0	6164	86000
1785983252	request	1425	13679084	13675688	0	2508034048	724832	7	29511428	8143096	6132	0	6164	89000
1785983253	request	1426	13679084	13675695	0	2508034048	724832	7	29513500	8143096	6132	0	6164	90000
1785983254	request	1427	13679084	13675695	0	2508034048	724832	7	29512768	8143096	6132	0	6164	89000
1785983255	request	1428	13679084	13675701	0	2508034048	724832	7	29512516	8143096	6132	0	6164	89000
1785983257	request	1430	13679084	13675695	0	2508034048	724832	7	29512516	8143096	6132	0	6164	88000
1785983258	request	1431	13679084	13675689	0	2508034048	724832	7	29512516	8143096	6132	0	6164	89000
1785983259	request	1432	13679084	13675692	0	2508034048	724832	7	29512516	8143096	6132	0	6164	88000
1785983260	request	1433	13679084	13675703	0	2508034048	724832	7	29512516	8143096	6132	0	6164	88000
1785983262	request	1435	13679084	13675689	0	2508034048	724832	7	29512516	8143096	6132	0	6164	88000
1785983263	request	1436	13679084	13675697	0	2508034048	724832	7	29512516	8143096	6132	0	6164	88000
1785983264	request	1437	13679084	13675695	0	2508034048	724832	7	29512516	8143096	6132	0	6164	89000
1785983266	request	1439	13679084	13675692	0	2508034048	724832	7	29512516	8143096	6132	0	6164	89000
1785983267	request	1440	13679084	13675689	0	2508034048	724832	7	29512516	8143096	6132	0	6164	90000
1785983268	request	1441	13679084	13675699	0	2508034048	724832	7	29512264	8143096	6132	0	6164	90000
1785983269	request	1442	13679084	13675697	0	2508034048	724832	7	29512012	8143096	6132	0	6164	88000
1785983270	request	1443	13679084	13675697	0	2508034048	724832	7	29512012	8143096	6132	0	6164	90000
1785983272	request	1445	13679084	13675699	0	2508034048	724832	7	29512012	8143096	6132	0	6164	88000
1785983273	request	1446	13679084	13675701	0	2508034048	724832	7	29512012	8143096	6132	0	6164	90000
1785983274	request	1447	13679084	13675687	0	2508034048	724832	7	29511916	8143096	6132	0	6164	88000
1785983275	request	1448	13679084	13675693	0	2508034048	724832	7	29511920	8143096	6132	0	6164	90000
1785983277	request	1450	13679084	13675693	0	2508034048	724832	7	29512564	8143096	6132	0	6164	89000
1785983278	request	1451	13679084	13675695	0	2508034048	724832	7	29512564	8143096	6132	0	6164	90000
1785983279	request	1452	13679084	13675695	0	2508034048	724832	7	29512420	8143096	6132	0	6164	88000
1785983281	request	1454	13679084	13675703	0	2508034048	724832	7	29512168	8143096	6132	0	6164	89000
1785983282	request	1455	13679084	13675695	0	2508034048	724832	7	29511928	8143096	6132	0	6164	88000
1785983283	request	1456	13679084	13675687	0	2508034048	724832	7	29512336	8143096	6132	0	6164	90000
1785983284	request	1457	13679084	13675687	0	2508034048	724832	7	29512336	8143096	6132	0	6164	88000
1785983286	request	1459	13679084	13675690	0	2508034048	724832	7	29512336	8143096	6132	0	6164	90000
1785983287	request	1460	13679084	13675686	0	2508034048	724832	7	29512336	8143096	6132	0	6164	90000
1785983288	request	1461	13679084	13675686	0	2508034048	724832	7	29512336	8143096	6132	0	6164	91000
1785983289	request	1462	13679084	13675697	0	2508034048	724832	7	29512084	8143096	6132	0	6164	89000
1785983291	request	1464	13679084	13675687	0	2508034048	724832	7	29511844	8143096	6132	0	6164	91000
1785983292	request	1465	13679084	13675693	0	2508034048	724832	7	29511844	8143096	6132	0	6164	89000
1785983293	request	1466	13679084	13675701	0	2508034048	724832	7	29511604	8143096	6132	0	6164	90000
1785983294	request	1467	13679084	13675695	0	2508034048	724832	7	29511352	8143096	6132	0	6164	89000
1785983296	request	1469	13679084	13675693	0	2508034048	724832	7	29511352	8143096	6132	0	6164	90000
1785983297	request	1470	13679084	13675697	0	2508034048	724832	7	29511352	8143096	6132	0	6164	89000
1785983298	request	1471	13679084	13675686	0	2508034048	724832	7	29511352	8143096	6132	0	6164	84000
1785983299	request	1472	13679084	13675688	0	2508034048	724832	7	29511996	8143096	6132	0	6164	88000
1785983301	request	1474	13679084	13675693	0	2508034048	724832	7	29511996	8143096	6132	0	6164	89000
1785983302	request	1475	13679084	13675693	0	2508034048	724832	7	29511996	8143096	6132	0	6164	89000
1785983303	request	1476	13679084	13675703	0	2508034048	724832	7	29511996	8143096	6132	0	6164	89000
1785983304	request	1477	13679084	13675693	0	2508034048	724832	7	29511996	8143096	6132	0	6164	88000
1785983306	request	1479	13679084	13675693	0	2508034048	724832	7	29511996	8143096	6132	0	6164	88000
1785983307	request	1480	13679084	13675699	0	2508034048	724832	7	29511496	8143096	6132	0	6164	88000
1785983308	request	1481	13679084	13675690	0	2508034048	724832	7	29511620	8143096	6132	0	6164	89000
1785983309	request	1482	13679084	13675693	0	2508034048	724832	7	29511564	8143096	6132	0	6164	90000
1785983311	request	1484	13679084	13675688	0	2508034048	724832	7	29511984	8143096	6132	0	6164	89000
1785983312	request	1485	13679084	13675686	0	2508034048	724832	7	29512276	8143096	6132	0	6164	91000
1785983313	request	1486	13679084	13675688	0	2508034048	724832	7	29512152	8143096	6132	0	6164	88000
1785983314	request	1487	13679084	13675693	0	2508034048	724832	7	29512152	8143096	6132	0	6164	90000
1785983316	request	1489	13679084	13675695	0	2508034048	724832	7	29511424	8143096	6132	0	6164	88000
1785983317	request	1490	13679084	13675686	0	2508034048	724832	7	29511396	8143096	6132	0	6164	90000
1785983318	request	1491	13679084	13675701	0	2508034048	724832	7	29511396	8143096	6132	0	6164	89000
1785983319	request	1492	13679084	13675693	0	2508034048	724832	7	29511648	8143096	6132	0	6164	89000
1785983321	request	1494	13679084	13675690	0	2508034048	724832	7	29511408	8143096	6132	0	6164	89000
1785983322	request	1495	13679084	13675688	0	2508034048	724832	7	29511156	8143096	6132	0	6164	88000
1785983323	request	1496	13679084	13675693	0	2508034048	724832	7	29511268	8143096	6132	0	6164	89000
1785983324	request	1497	13679084	13675687	0	2508034048	724832	7	29511364	8143096	6132	0	6164	89000
1785983326	request	1499	13679084	13675685	0	2508034048	724832	7	29511396	8143096	6132	0	6164	88000
1785983327	request	1500	13679084	13675690	0	2508034048	724832	7	29511152	8143096	6132	0	6164	90000
1785983328	request	1501	13679084	13675684	0	2508034048	724832	7	29511500	8143096	6132	0	6164	89000
1785983329	request	1502	13679084	13675683	0	2508034048	724832	7	29511328	8143096	6132	0	6164	89000
1785983331	request	1504	13679084	13675686	0	2508034048	724832	7	29512480	8143096	6132	0	6164	89000
1785983332	request	1505	13679084	13675698	0	2508034048	724832	7	29512480	8143096	6132	0	6164	88000
1785983333	request	1506	13679084	13675683	0	2508034048	724832	7	29512480	8143096	6132	0	6164	89000
1785983334	request	1507	13679084	13675685	0	2508034048	724832	7	29512768	8143096	6132	0	6164	89000
1785983336	request	1509	13679084	13675687	0	2508034048	724832	7	29512772	8143096	6132	0	6164	88000
1785983337	request	1510	13679084	13675684	0	2508034048	724832	7	29512772	8143096	6132	0	6164	88000
1785983338	request	1511	13679084	13675684	0	2508034048	724832	7	29512772	8143096	6132	0	6164	90000
1785983339	request	1512	13679084	13675694	0	2508034048	724832	7	29511996	8143096	6132	0	6164	88000
1785983341	request	1514	13679084	13675683	0	2508034048	724832	7	29512372	8143096	6132	0	6164	92000
1785983342	request	1515	13679084	13675687	0	2508034048	724832	7	29512468	8143096	6132	0	6164	89000
1785983343	request	1516	13679084	13675690	0	2508034048	724832	7	29512216	8143096	6132	0	6164	90000
1785983344	request	1517	13679084	13675683	0	2508034048	724832	7	29512216	8143096	6132	0	6164	89000
1785983346	request	1519	13679084	13675694	0	2508034048	724832	7	29512216	8143096	6132	0	6164	90000
1785983347	request	1520	13679084	13675687	0	2508034048	724832	7	29512216	8143096	6132	0	6164	88000
1785983348	request	1521	13679084	13675695	0	2508034048	724832	7	29497184	8143128	6139	0	6172	90000
1785983349	request	1522	13679084	13675689	0	2508034048	724832	7	29510348	8143128	6139	0	6172	89000
1785983351	request	1524	13679084	13675698	0	2508034048	724832	7	29511072	8143128	6139	0	6172	90000
1785983352	request	1525	13679084	13675694	0	2508034048	724832	7	29508844	8143128	6139	0	6172	90000
1785983353	request	1526	13679084	13675687	0	2508034048	724832	7	29507848	8143128	6139	0	6172	84000
1785983354	request	1527	13679084	13675694	0	2508034048	724832	7	29507640	8143128	6139	0	6172	89000
1785983356	request	1529	13679084	13675691	0	2508034048	724832	7	29507136	8143128	6139	0	6172	86000
1785983357	request	1530	13679084	13675698	0	2508034048	724832	7	29508372	8143128	6139	0	6172	89000
1785983358	request	1531	13679084	13675691	0	2508034048	724832	7	29501804	8143128	6139	0	6172	92000
1785983359	request	1532	13679084	13675700	0	2508034048	724832	7	29497396	8143128	6139	0	6172	88000
1785983360	request	1533	13679084	13675695	0	2508034048	724832	7	29488612	8143128	6139	0	6172	89000
1785983362	request	1535	13679084	13675686	0	2508034048	724832	7	29481656	8143132	6140	0	6173	88000
1785983363	request	1536	13679084	13675696	0	2508034048	724832	7	29479652	8143132	6140	0	6173	88000
1785983364	request	1537	13679084	13675691	0	2508034048	724832	7	29479260	8143136	6141	0	6174	90000
1785983365	request	1538	13679084	13675685	0	2508034048	724832	7	29458608	8143136	6141	0	6174	89000
1785983367	request	1540	13679084	13675686	0	2508034048	724832	7	29462736	8143136	6141	0	6174	89000
1785983368	request	1541	13679084	13675686	0	2508034048	724832	7	29465128	8143136	6141	0	6174	88000
1785983369	request	1542	13679084	13675685	0	2508034048	724832	7	29467336	8143136	6141	0	6174	90000
1785983370	request	1543	13679084	13675702	0	2508034048	724832	7	29467856	8143136	6141	0	6174	88000
1785983372	request	1545	13679084	13675696	0	2508034048	724832	7	29480440	8143136	6141	0	6174	89000
1785983373	request	1546	13679084	13675672	0	2508034048	724832	7	29487204	8143136	6141	0	6174	90000
1785983374	request	1547	13679084	13675696	0	2508034048	724832	7	29493632	8143136	6141	0	6174	88000
1785983375	request	1548	13679084	13675698	0	2508034048	724832	7	29495564	8143136	6141	0	6174	90000
1785983377	request	1550	13679084	13675698	0	2508034048	724832	7	29497024	8143136	6141	0	6174	89000
1785983378	request	1551	13679084	13675695	0	2508034048	724832	7	29497564	8143136	6141	0	6174	88000
1785983379	request	1552	13679084	13675696	0	2508034048	724832	7	29497416	8143136	6141	0	6174	90000
1785983380	request	1553	13679084	13675702	0	2508034048	724832	7	29494792	8143136	6141	0	6174	89000
1785983382	request	1555	13679084	13675700	0	2508034048	724832	7	29492688	8143136	6141	0	6176	88000
1785983383	request	1556	13679084	13675686	0	2508034048	724832	7	29491344	8143144	6143	0	6176	86000
1785983384	request	1557	13679084	13675702	0	2508034048	724832	7	29491248	8143144	6143	0	6176	89000
1785983385	request	1558	13679084	13675698	0	2508034048	724832	7	29491024	8143144	6143	0	6176	90000
1785983387	request	1560	13679084	13675686	0	2508034048	724832	7	29491192	8143144	6143	0	6176	89000
1785983388	request	1561	13679084	13675686	0	2508034048	724832	7	29480292	8143144	6143	0	6176	87000
1785983389	request	1562	13679084	13675686	0	2508034048	724832	7	29481456	8143144	6143	0	6176	88000
1785983390	request	1563	13679084	13675687	0	2508034048	724832	7	29481808	8143144	6143	0	6176	89000
1785983392	request	1565	13679084	13675686	0	2508034048	724832	7	29481200	8143144	6143	0	6176	91000
1785983393	request	1566	13679084	13675698	0	2508034048	724832	7	29481200	8143144	6143	0	6176	89000
1785983394	request	1567	13679084	13675695	0	2508034048	724832	7	29480760	8143148	6144	0	6177	91000
1785983395	request	1568	13679084	13675689	0	2508034048	724832	7	29473292	8143180	6152	0	6185	89000
1785983397	request	1570	13679084	13675695	0	2508034048	724832	7	29475404	8143180	6152	0	6185	92000
1785983398	request	1571	13679084	13675686	0	2508034048	724832	7	29476456	8143180	6152	0	6185	89000
1785983399	request	1572	13679084	13675685	0	2508034048	724832	7	29477004	8143180	6152	0	6185	90000
1785983400	request	1573	13679084	13675686	0	2508034048	724832	7	29477552	8143180	6152	0	6185	90000
1785983402	request	1575	13679084	13675686	0	2508034048	724832	7	29473280	8143180	6152	0	6185	88000
1785983403	request	1576	13679084	13675695	0	2508034048	724832	7	29471540	8143192	6155	0	6188	89000
1785983404	request	1577	13679084	13675691	0	2508034048	724832	7	29470280	8143192	6155	0	6188	90000
1785983405	request	1578	13679084	13675702	0	2508034048	724832	7	29469396	8143192	6155	0	6188	89000
1785983407	request	1580	13679084	13675687	0	2508034048	724832	7	29469396	8143192	6155	0	6188	89000
1785983408	request	1581	13679084	13675696	0	2508034048	724832	7	29469692	8143196	6156	0	6189	90000
1785983409	request	1582	13679084	13675689	0	2508034048	724832	7	29469772	8143200	6157	0	6190	89000
1785983410	request	1583	13679084	13675700	0	2508034048	724832	7	29500152	8143228	6164	0	6197	90000
1785983412	request	1585	13679084	13675695	0	2508034048	724832	7	29504488	8143228	6164	0	6197	88000
1785983413	request	1586	13679084	13675696	0	2508034048	724832	7	29506852	8143228	6164	0	6197	90000
1785983414	request	1587	13679084	13675694	0	2508034048	724832	7	29508632	8143228	6164	0	6197	92000
1785983415	request	1588	13679084	13675695	0	2508034048	724832	7	29508652	8143228	6164	0	6197	90000
1785983417	request	1590	13679084	13675686	0	2508034048	724832	7	29508164	8143228	6164	0	6197	88000
1785983418	request	1591	13679084	13675692	0	2508034048	724832	7	29507304	8143228	6164	0	6197	90000
1785983419	request	1592	13679084	13675694	0	2508034048	724832	7	29508160	8143228	6164	0	6197	90000
1785983420	request	1593	13679084	13675683	0	2508034048	724832	7	29508624	8143228	6164	0	6197	88000
1785983422	request	1595	13679084	13675687	0	2508034048	724832	7	29508584	8143228	6164	0	6197	89000
1785983423	request	1596	13679084	13675683	0	2508034048	724832	7	29509552	8143228	6164	0	6197	88000
1785983424	request	1597	13679084	13675694	0	2508034048	724832	7	29522820	8143228	6164	0	6197	90000
1785983425	request	1598	13679084	13675698	0	2508034048	724832	7	29523212	8143228	6164	0	6197	89000
1785983427	request	1600	13679084	13675684	0	2508034048	724832	7	29522768	8143228	6164	0	6197	91000
1785983428	request	1601	13679084	13675684	0	2508034048	724832	7	29523240	8143228	6164	0	6197	88000
1785983429	request	1602	13679084	13675684	0	2508034048	724832	7	29522972	8143228	6164	0	6197	92000
1785983430	request	1603	13679084	13675692	0	2508034048	724832	7	29523392	8143228	6164	0	6197	89000
1785983432	request	1605	13679084	13675684	0	2508034048	724832	7	29522900	8143228	6164	0	6197	91000
1785983433	request	1606	13679084	13675684	0	2508034048	724832	7	29523332	8143228	6164	0	6197	89000
1785983434	request	1607	13679084	13675696	0	2508034048	724832	7	29523192	8143228	6164	0	6197	89000
1785983435	request	1608	13679084	13675684	0	2508034048	724832	7	29522444	8143228	6164	0	6197	88000
1785983437	request	1610	13679084	13675693	0	2508034048	724832	7	29523652	8143228	6164	0	6197	89000
1785983438	request	1611	13679084	13675694	0	2508034048	724832	7	29523296	8143228	6164	0	6197	89000
1785983439	request	1612	13679084	13675684	0	2508034048	724832	7	29524164	8143228	6164	0	6197	89000
1785983440	request	1613	13679084	13675694	0	2508034048	724832	7	29523592	8143228	6164	0	6197	89000
1785983442	request	1615	13679084	13675694	0	2508034048	724832	7	29523592	8143228	6164	0	6197	89000
1785983443	request	1616	13679084	13675694	0	2508034048	724832	7	29523592	8143228	6164	0	6197	90000
1785983444	request	1617	13679084	13675692	0	2508034048	724832	7	29523608	8143228	6164	0	6197	92000
1785983445	request	1618	13679084	13675684	0	2508034048	724832	7	29523148	8143228	6164	0	6197	91000
1785983447	request	1620	13679084	13675687	0	2508034048	724832	7	29522436	8143228	6164	0	6197	89000
1785983448	request	1621	13679084	13675684	0	2508034048	724832	7	29522184	8143228	6164	0	6197	90000
1785983449	request	1622	13679084	13675683	0	2508034048	724832	7	29521944	8143228	6164	0	6197	90000
1785983450	request	1623	13679084	13675685	0	2508034048	724832	7	29522052	8143228	6164	0	6197	90000
1785983452	request	1625	13679084	13675700	0	2508034048	724832	7	29522084	8143228	6164	0	6197	89000
1785983453	request	1626	13679084	13675696	0	2508034048	724832	7	29521832	8143228	6164	0	6197	89000
1785983454	request	1627	13679084	13675700	0	2508034048	724832	7	29521668	8143228	6164	0	6197	90000
1785983455	request	1628	13679084	13675689	0	2508034048	724832	7	29522060	8143228	6164	0	6197	89000
1785983457	request	1630	13679084	13675698	0	2508034048	724832	7	29522280	8143228	6164	0	6197	91000
1785983458	request	1631	13679084	13675684	0	2508034048	724832	7	29522280	8143228	6164	0	6197	89000
1785983459	request	1632	13679084	13675693	0	2508034048	724833	7	29522532	8143228	6164	0	6197	90000
1785983460	request	1633	13679092	13675701	0	2508034048	724834	7	29522280	8143228	6164	0	6197	87000
1785983462	request	1635	13679092	13675692	0	2508034048	724834	7	29522420	8143228	6164	0	6197	91000
1785983463	request	1636	13679092	13675691	0	2508034048	724834	7	29522744	8143228	6164	0	6197	89000
1785983464	request	1637	13679092	13675701	0	2508034048	724834	7	29522744	8143228	6164	0	6197	91000
1785983465	request	1638	13679092	13675692	0	2508034048	724834	7	29522112	8143228	6164	0	6197	89000
1785983467	request	1640	13679092	13675692	0	2508034048	724834	7	29522304	8143228	6164	0	6197	90000
1785983468	request	1641	13679092	13675697	0	2508034048	724834	7	29521952	8143228	6164	0	6197	89000
1785983469	request	1642	13679092	13675701	0	2508034048	724834	7	29521700	8143228	6164	0	6197	90000
1785983470	request	1643	13679092	13675695	0	2508034048	724834	7	29521700	8143228	6164	0	6197	91000
1785983472	request	1645	13679092	13675704	0	2508034048	724834	7	29521700	8143228	6164	0	6197	89000
1785983473	request	1646	13679092	13675692	0	2508034048	724834	7	29521700	8143228	6164	0	6197	87000
1785983474	request	1647	13679092	13675706	0	2508034048	724834	7	29521700	8143228	6164	0	6197	90000
1785983475	request	1648	13679092	13675702	0	2508034048	724834	7	29521208	8143228	6164	0	6197	90000
1785983477	request	1650	13679092	13675692	0	2508034048	724834	7	29521208	8143228	6164	0	6197	89000
1785983478	request	1651	13679092	13675693	0	2508034048	724834	7	29521208	8143228	6164	0	6197	88000
1785983479	request	1652	13679092	13675706	0	2508034048	724834	7	29520956	8143228	6164	0	6197	89000
1785983480	request	1653	13679092	13675704	0	2508034048	724834	7	29520956	8143228	6164	0	6197	87000
1785983482	request	1655	13679092	13675693	0	2508034048	724834	7	29520716	8143228	6164	0	6197	88000
1785983483	request	1656	13679092	13675699	0	2508034048	724834	7	29520716	8143228	6164	0	6197	89000
1785983484	request	1657	13679092	13675701	0	2508034048	724834	7	29520716	8143228	6164	0	6197	90000
1785983485	request	1658	13679092	13675702	0	2508034048	724834	7	29520496	8143228	6164	0	6197	89000
1785983487	request	1660	13679092	13675704	0	2508034048	724834	7	29520244	8143228	6164	0	6197	90000
1785983488	request	1661	13679092	13675706	0	2508034048	724834	7	29520244	8143228	6164	0	6197	88000
1785983489	request	1662	13679092	13675704	0	2508034048	724834	7	29520244	8143228	6164	0	6197	90000
1785983490	request	1663	13679092	13675693	0	2508034048	724834	7	29520248	8143228	6164	0	6197	88000
1785983492	request	1665	13679092	13675697	0	2508034048	724834	7	29520248	8143228	6164	0	6197	92000
1785983493	request	1666	13679092	13675692	0	2508034048	724834	7	29520400	8143228	6164	0	6197	88000
1785983494	request	1667	13679092	13675706	0	2508034048	724834	7	29520148	8143228	6164	0	6197	89000
1785983495	request	1668	13679092	13675706	0	2508034048	724834	7	29520148	8143228	6164	0	6197	88000
1785983497	request	1670	13679092	13675706	0	2508034048	724834	7	29520420	8143228	6164	0	6197	89000
1785983498	request	1671	13679092	13675702	0	2508034048	724834	7	29520264	8143228	6164	0	6197	88000
1785983499	request	1672	13679092	13675706	0	2508034048	724834	7	29520264	8143228	6164	0	6197	89000
1785983500	request	1673	13679092	13675704	0	2508034048	724834	7	29519688	8143228	6164	0	6197	90000
1785983502	request	1675	13679092	13675692	0	2508034048	724834	7	29519288	8143228	6164	0	6197	90000
1785983503	request	1676	13679092	13675701	0	2508034048	724834	7	29519480	8143228	6164	0	6197	88000
1785983504	request	1677	13679092	13675708	0	2508034048	724834	7	29519228	8143228	6164	0	6197	89000
1785983505	request	1678	13679092	13675701	0	2508034048	724834	7	29518976	8143228	6164	0	6197	86000
1785983507	request	1680	13679092	13675692	0	2508034048	724834	7	29518724	8143228	6164	0	6197	89000
1785983508	request	1681	13679092	13675704	0	2508034048	724834	7	29518484	8143228	6164	0	6197	88000
1785983509	request	1682	13679092	13675704	0	2508034048	724834	7	29518496	8143228	6164	0	6197	88000
1785983510	request	1683	13679092	13675708	0	2508034048	724834	7	29518144	8143228	6164	0	6197	89000
1785983512	request	1685	13679092	13675692	0	2508034048	724834	7	29518256	8143228	6164	0	6197	90000
1785983513	request	1686	13679092	13675708	0	2508034048	724834	7	29518300	8143228	6164	0	6197	89000
1785983514	request	1687	13679092	13675692	0	2508034048	724834	7	29518300	8143228	6164	0	6197	90000
1785983515	request	1688	13679092	13675699	0	2508034048	724834	7	29518300	8143228	6164	0	6197	88000
1785983517	request	1690	13679092	13675697	0	2508034048	724834	7	29518300	8143228	6164	0	6197	91000
1785983518	request	1691	13679092	13675706	0	2508034048	724834	7	29518816	8143228	6164	0	6197	87000
1785983519	request	1692	13679092	13675706	0	2508034048	724834	7	29518324	8143228	6164	0	6197	89000
1785983520	request	1693	13679092	13675704	0	2508034048	724834	7	29518324	8143228	6164	0	6197	88000
1785983522	request	1695	13679092	13675702	0	2508034048	724834	7	29518324	8143228	6164	0	6197	89000
1785983523	request	1696	13679092	13675708	0	2508034048	724834	7	29518324	8143228	6164	0	6197	89000
1785983524	request	1697	13679092	13675702	0	2508034048	724834	7	29518644	8143228	6164	0	6197	88000
1785983525	request	1698	13679092	13675691	0	2508034048	724834	7	29518388	8143228	6164	0	6197	90000
1785983527	request	1700	13679092	13675699	0	2508034048	724834	7	29518392	8143228	6164	0	6197	89000
1785983528	request	1701	13679092	13675705	0	2508034048	724834	7	29518780	8143228	6164	0	6197	91000
1785983529	request	1702	13679092	13675700	0	2508034048	724834	7	29519712	8143228	6164	0	6197	89000
1785983530	request	1703	13679092	13675691	0	2508034048	724834	7	29519220	8143228	6164	0	6197	91000
1785983532	request	1705	13679092	13675703	0	2508034048	724834	7	29519220	8143228	6164	0	6197	88000
1785983533	request	1706	13679092	13675700	0	2508034048	724834	7	29518692	8143228	6164	0	6197	89000
1785983534	request	1707	13679092	13675699	0	2508034048	724834	7	29519152	8143228	6164	0	6197	88000
1785983535	request	1708	13679092	13675705	0	2508034048	724834	7	29518716	8143228	6164	0	6197	89000
1785983537	request	1710	13679092	13675700	0	2508034048	724834	7	29519080	8143228	6164	0	6197	90000
1785983538	request	1711	13679092	13675696	0	2508034048	724834	7	29519392	8143228	6164	0	6197	89000
1785983539	request	1712	13679092	13675690	0	2508034048	724834	7	29519980	8143228	6164	0	6197	90000
1785983540	request	1713	13679092	13675707	0	2508034048	724834	7	29519844	8143228	6164	0	6197	89000
1785983542	request	1715	13679092	13675700	0	2508034048	724834	7	29519596	8143228	6164	0	6197	90000
1785983543	request	1716	13679092	13675692	0	2508034048	724834	7	29519344	8143228	6164	0	6197	89000
1785983544	request	1717	13679092	13675692	0	2508034048	724834	7	29518768	8143228	6164	0	6197	90000
1785983545	request	1718	13679092	13675703	0	2508034048	724834	7	29518388	8143228	6164	0	6197	88000
1785983547	request	1720	13679092	13675690	0	2508034048	724834	7	29518388	8143228	6164	0	6197	88000
1785983548	request	1721	13679092	13675705	0	2508034048	724834	7	29518896	8143228	6164	0	6197	90000
1785983549	request	1722	13679092	13675700	0	2508034048	724834	7	29519196	8143228	6164	0	6197	88000
1785983550	request	1723	13679092	13675692	0	2508034048	724834	7	29519260	8143228	6164	0	6197	90000
1785983552	request	1725	13679092	13675701	0	2508034048	724834	7	29519776	8143228	6164	0	6197	88000
1785983553	request	1726	13679092	13675701	0	2508034048	724834	7	29519848	8143228	6164	0	6197	89000
1785983554	request	1727	13679092	13675703	0	2508034048	724834	7	29520968	8143228	6164	0	6197	89000
1785983555	request	1728	13679092	13675693	0	2508034048	724834	7	29520820	8143228	6164	0	6197	89000
1785983557	request	1730	13679092	13675693	0	2508034048	724834	7	29521016	8143228	6164	0	6197	89000
1785983558	request	1731	13679092	13675707	0	2508034048	724834	7	29521016	8143228	6164	0	6197	88000
1785983559	request	1732	13679092	13675695	0	2508034048	724834	7	29521240	8143228	6164	0	6197	89000
1785983560	request	1733	13679092	13675693	0	2508034048	724834	7	29521240	8143228	6164	0	6197	89000
1785983562	request	1735	13679092	13675703	0	2508034048	724834	7	29521240	8143228	6164	0	6197	86000
1785983563	request	1736	13679092	13675699	0	2508034048	724834	7	29521288	8143228	6164	0	6197	88000
1785983564	request	1737	13679092	13675699	0	2508034048	724834	7	29520924	8143228	6164	0	6197	90000
1785983565	request	1738	13679092	13675695	0	2508034048	724834	7	29520544	8143228	6164	0	6197	88000
1785983567	request	1740	13679092	13675703	0	2508034048	724834	7	29520544	8143228	6164	0	6197	88000
1785983568	request	1741	13679092	13675703	0	2508034048	724834	7	29520604	8143228	6164	0	6197	89000
1785983569	request	1742	13679092	13675697	0	2508034048	724834	7	29521176	8143228	6164	0	6197	89000
1785983570	request	1743	13679092	13675699	0	2508034048	724834	7	29520532	8143228	6164	0	6197	89000
1785983572	request	1745	13679092	13675693	0	2508034048	724834	7	29520532	8143228	6164	0	6197	88000
1785983573	request	1746	13679092	13675695	0	2508034048	724834	7	29520532	8143228	6164	0	6197	91000
1785983574	request	1747	13679092	13675693	0	2508034048	724834	7	29520436	8143228	6164	0	6197	88000
1785983575	request	1748	13679092	13675704	0	2508034048	724834	7	29520308	8143228	6164	0	6197	91000
1785983577	request	1750	13679092	13675704	0	2508034048	724834	7	29520308	8143228	6164	0	6197	88000
1785983578	request	1751	13679092	13675704	0	2508034048	724834	7	29520308	8143228	6164	0	6197	88000
1785983579	request	1752	13679092	13675694	0	2508034048	724834	7	29520056	8143228	6164	0	6197	86000
1785983580	request	1753	13679092	13675706	0	2508034048	724834	7	29520168	8143228	6164	0	6197	88000
1785983582	request	1755	13679092	13675710	0	2508034048	724834	7	29519928	8143228	6164	0	6197	89000
1785983583	request	1756	13679092	13675696	0	2508034048	724834	7	29519552	8143228	6164	0	6197	88000
1785983584	request	1757	13679092	13675704	0	2508034048	724834	7	29519736	8143228	6164	0	6197	90000
1785983585	request	1758	13679092	13675694	0	2508034048	724834	7	29519736	8143228	6164	0	6197	88000
1785983587	request	1760	13679092	13675694	0	2508034048	724834	7	29519420	8143228	6164	0	6197	89000
1785983588	request	1761	13679092	13675703	0	2508034048	724834	7	29519012	8143228	6164	0	6197	89000
1785983589	request	1762	13679092	13675696	0	2508034048	724834	7	29518772	8143228	6164	0	6197	90000
1785983590	request	1763	13679092	13675694	0	2508034048	724834	7	29519196	8143228	6164	0	6197	88000
1785983592	request	1765	13679092	13675696	0	2508034048	724834	7	29519488	8143228	6164	0	6197	89000
1785983593	request	1766	13679092	13675706	0	2508034048	724834	7	29519852	8143228	6164	0	6197	89000
1785983594	request	1767	13679092	13675693	0	2508034048	724834	7	29519320	8143228	6164	0	6197	89000
1785983596	request	1769	13679092	13675703	0	2508034048	724834	7	29519572	8143228	6164	0	6197	90000
1785983597	request	1770	13679092	13675702	0	2508034048	724834	7	29519604	8143228	6164	0	6197	88000
1785983598	request	1771	13679092	13675706	0	2508034048	724834	7	29519352	8143228	6164	0	6197	90000
1785983599	request	1772	13679092	13675704	0	2508034048	724834	7	29520056	8143228	6164	0	6197	89000
1785983600	request	1773	13679092	13675702	0	2508034048	724834	7	29520056	8143228	6164	0	6197	90000
1785983602	request	1775	13679092	13675694	0	2508034048	724834	7	29519804	8143228	6164	0	6197	88000
1785983603	request	1776	13679092	13675694	0	2508034048	724834	7	29519552	8143228	6164	0	6197	89000
1785983604	request	1777	13679092	13675702	0	2508034048	724834	7	29519552	8143228	6164	0	6197	88000
1785983605	request	1778	13679092	13675710	0	2508034048	724834	7	29519552	8143228	6164	0	6197	88000
1785983607	request	1780	13679092	13675703	0	2508034048	724834	7	29519552	8143228	6164	0	6197	91000
1785983608	request	1781	13679092	13675693	0	2508034048	724834	7	29519552	8143228	6164	0	6197	88000
1785983609	request	1782	13679092	13675710	0	2508034048	724834	7	29519188	8143228	6164	0	6197	91000
1785983610	request	1783	13679092	13675694	0	2508034048	724834	7	29519048	8143228	6164	0	6197	88000
1785983612	request	1785	13679092	13675693	0	2508034048	724834	7	29518872	8143228	6164	0	6197	87000
1785983613	request	1786	13679092	13675706	0	2508034048	724834	7	29518872	8143228	6164	0	6197	89000
1785983614	request	1787	13679092	13675708	0	2508034048	724834	7	29518632	8143228	6164	0	6197	88000
1785983615	request	1788	13679092	13675694	0	2508034048	724834	7	29518632	8143228	6164	0	6197	91000
1785983617	request	1790	13679092	13675710	0	2508034048	724834	7	29518644	8143228	6164	0	6197	89000
1785983618	request	1791	13679092	13675696	0	2508034048	724834	7	29518644	8143228	6164	0	6197	87000
1785983619	request	1792	13679092	13675694	0	2508034048	724834	7	29518404	8143228	6164	0	6197	88000
1785983620	request	1793	13679092	13675694	0	2508034048	724834	7	29518404	8143228	6164	0	6197	88000
1785983622	request	1795	13679092	13675700	0	2508034048	724834	7	29517676	8143228	6164	0	6197	89000
1785983623	request	1796	13679092	13675704	0	2508034048	724834	7	29517520	8143228	6164	0	6197	89000
1785983624	request	1797	13679092	13675706	0	2508034048	724834	7	29518852	8143228	6164	0	6197	90000
1785983625	request	1798	13679092	13675707	0	2508034048	724834	7	29518484	8143228	6164	0	6197	89000
1785983627	request	1800	13679092	13675698	0	2508034048	724834	7	29518360	8143228	6164	0	6197	90000
1785983628	request	1801	13679092	13675708	0	2508034048	724834	7	29518108	8143228	6164	0	6197	89000
1785983629	request	1802	13679092	13675698	0	2508034048	724834	7	29517612	8143228	6164	0	6197	90000
1785983630	request	1803	13679092	13675707	0	2508034048	724834	7	29517704	8143228	6164	0	6197	89000
1785983632	request	1805	13679092	13675698	0	2508034048	724834	7	29517704	8143228	6164	0	6197	89000
1785983633	request	1806	13679092	13675708	0	2508034048	724834	7	29517704	8143228	6164	0	6197	90000
1785983634	request	1807	13679092	13675707	0	2508034048	724834	7	29517452	8143228	6164	0	6197	88000
1785983635	request	1808	13679092	13675708	0	2508034048	724834	7	29516948	8143228	6164	0	6197	91000
1785983637	request	1810	13679092	13675705	0	2508034048	724834	7	29516948	8143228	6164	0	6197	88000
1785983638	request	1811	13679092	13675708	0	2508034048	724834	7	29516948	8143228	6164	0	6197	88000
1785983639	request	1812	13679092	13675703	0	2508034048	724834	7	29517788	8143228	6164	0	6197	89000
1785983640	request	1813	13679092	13675698	0	2508034048	724834	7	29517920	8143228	6164	0	6197	88000
1785983642	request	1815	13679092	13675707	0	2508034048	724834	7	29517920	8143228	6164	0	6197	88000
1785983643	request	1816	13679092	13675710	0	2508034048	724834	7	29517920	8143228	6164	0	6197	88000
1785983644	request	1817	13679092	13675712	0	2508034048	724834	7	29519232	8143228	6164	0	6197	89000
1785983645	request	1818	13679092	13675699	0	2508034048	724834	7	29518984	8143228	6164	0	6197	89000
1785983647	request	1820	13679092	13675710	0	2508034048	724834	7	29518984	8143228	6164	0	6197	89000
1785983648	request	1821	13679092	13675712	0	2508034048	724834	7	29518984	8143228	6164	0	6197	88000
1785983649	request	1822	13679092	13675712	0	2508034048	724834	7	29518984	8143228	6164	0	6197	89000
1785983650	request	1823	13679092	13675706	0	2508034048	724834	7	29518012	8143228	6164	0	6197	90000
1785983652	request	1825	13679092	13675713	0	2508034048	724834	7	29516476	8143228	6164	0	6197	86000
1785983653	request	1826	13679092	13675713	0	2508034048	724834	7	29516760	8143228	6164	0	6197	90000
1785983654	request	1827	13679092	13675713	0	2508034048	724834	7	29516860	8143228	6164	0	6197	89000
1785983655	request	1828	13679092	13675711	0	2508034048	724834	7	29516608	8143228	6164	0	6197	90000
1785983657	request	1830	13679092	13675704	0	2508034048	724834	7	29516356	8143228	6164	0	6197	88000
1785983658	request	1831	13679092	13675713	0	2508034048	724834	7	29516356	8143228	6164	0	6197	89000
1785983659	request	1832	13679092	13675701	0	2508034048	724834	7	29515864	8143228	6164	0	6197	89000
1785983661	request	1834	13679092	13675715	0	2508034048	724834	7	29515360	8143228	6164	0	6197	89000
1785983662	request	1835	13679092	13675713	0	2508034048	724834	7	29514868	8143228	6164	0	6197	91000
1785983663	request	1836	13679092	13675711	0	2508034048	724834	7	29514868	8143228	6164	0	6197	89000
1785983664	request	1837	13679092	13675703	0	2508034048	724834	7	29514452	8143228	6164	0	6197	91000
1785983666	request	1839	13679092	13675706	0	2508034048	724834	7	29514452	8143228	6164	0	6197	89000
1785983667	request	1840	13679092	13675715	0	2508034048	724834	7	29514452	8143228	6164	0	6197	88000
1785983668	request	1841	13679092	13675712	0	2508034048	724834	7	29513232	8143228	6164	0	6197	89000
1785983669	request	1842	13679092	13675715	0	2508034048	724834	7	29512448	8143228	6164	0	6197	88000
1785983671	request	1844	13679092	13675703	0	2508034048	724834	7	29512448	8143228	6164	0	6197	89000
1785983672	request	1845	13679092	13675717	0	2508034048	724834	7	29512208	8143228	6164	0	6197	88000
1785983673	request	1846	13679092	13675711	0	2508034048	724834	7	29512208	8143228	6164	0	6197	90000
1785983674	request	1847	13679092	13675715	0	2508034048	724834	7	29512208	8143228	6164	0	6197	88000
1785983676	request	1849	13679092	13675713	0	2508034048	724834	7	29512208	8143228	6164	0	6197	89000
1785983677	request	1850	13679092	13675713	0	2508034048	724834	7	29512052	8143228	6164	0	6197	89000
1785983678	request	1851	13679092	13675717	0	2508034048	724834	7	29511812	8143228	6164	0	6197	88000
1785983679	request	1852	13679092	13675703	0	2508034048	724834	7	29511812	8143228	6164	0	6197	88000
1785983681	request	1854	13679092	13675712	0	2508034048	724834	7	29511812	8143228	6164	0	6197	88000
1785983682	request	1855	13679092	13675715	0	2508034048	724834	7	29511812	8143228	6164	0	6197	88000
1785983683	request	1856	13679092	13675703	0	2508034048	724834	7	29511812	8143228	6164	0	6197	89000
1785983684	request	1857	13679092	13675713	0	2508034048	724834	7	29512068	8143228	6164	0	6197	88000
1785983686	request	1859	13679092	13675703	0	2508034048	724834	7	29512164	8143228	6164	0	6197	88000
1785983687	request	1860	13679092	13675703	0	2508034048	724834	7	29512244	8143228	6164	0	6197	88000
1785983688	request	1861	13679092	13675715	0	2508034048	724834	7	29512004	8143228	6164	0	6197	94000
1785983689	request	1862	13679092	13675711	0	2508034048	724834	7	29513036	8143228	6164	0	6197	88000
1785983691	request	1864	13679092	13675715	0	2508034048	724834	7	29513376	8143228	6164	0	6197	85000
1785983692	request	1865	13679092	13675703	0	2508034048	724834	7	29513264	8143228	6164	0	6197	89000
1785983693	request	1866	13679092	13675717	0	2508034048	724834	7	29513264	8143228	6164	0	6197	89000
1785983694	request	1867	13679092	13675717	0	2508034048	724834	7	29513120	8143228	6164	0	6197	90000
1785983696	request	1869	13679092	13675708	0	2508034048	724834	7	29513304	8143228	6164	0	6197	88000
1785983697	request	1870	13679092	13675715	0	2508034048	724834	7	29513308	8143228	6164	0	6197	86000
1785983698	request	1871	13679092	13675712	0	2508034048	724834	7	29513200	8143228	6164	0	6197	89000
1785983699	request	1872	13679092	13675704	0	2508034048	724834	7	29512960	8143228	6164	0	6197	89000
1785983700	request	1873	13679092	13675715	0	2508034048	724834	7	29512960	8143228	6164	0	6197	92000
1785983702	request	1875	13679092	13675711	0	2508034048	724834	7	29513212	8143228	6164	0	6197	89000
1785983703	request	1876	13679092	13675711	0	2508034048	724834	7	29513212	8143228	6164	0	6197	90000
1785983704	request	1877	13679092	13675713	0	2508034048	724834	7	29512960	8143228	6164	0	6197	88000
1785983705	request	1878	13679092	13675719	0	2508034048	724834	7	29512960	8143228	6164	0	6197	88000
1785983707	request	1880	13679092	13675717	0	2508034048	724834	7	29512720	8143228	6164	0	6197	89000
1785983708	request	1881	13679092	13675701	0	2508034048	724834	7	29512720	8143228	6164	0	6197	88000
1785983709	request	1882	13679092	13675713	0	2508034048	724834	7	29512720	8143228	6164	0	6197	88000
1785983710	request	1883	13679092	13675717	0	2508034048	724834	7	29512468	8143228	6164	0	6197	88000
1785983712	request	1885	13679092	13675713	0	2508034048	724834	7	29512468	8143228	6164	0	6197	91000
1785983713	request	1886	13679092	13675713	0	2508034048	724834	7	29512468	8143228	6164	0	6197	86000
1785983714	request	1887	13679092	13675713	0	2508034048	724834	7	29512468	8143228	6164	0	6197	88000
1785983716	request	1889	13679092	13675701	0	2508034048	724834	7	29512320	8143228	6164	0	6197	88000
1785983717	request	1890	13679092	13675713	0	2508034048	724834	7	29511676	8143228	6164	0	6197	88000
1785983718	request	1891	13679092	13675710	0	2508034048	724834	7	29492384	8143232	6165	0	6198	89000
1785983719	request	1892	13679092	13675712	0	2508034048	724834	7	29502588	8143232	6165	0	6198	88000
1785983721	request	1894	13679092	13675715	0	2508034048	724834	7	29502408	8143232	6165	0	6198	86000
1785983722	request	1895	13679092	13675714	0	2508034048	724834	7	29503080	8143232	6165	0	6198	89000
1785983723	request	1896	13679092	13675705	0	2508034048	724834	7	29503080	8143232	6165	0	6198	89000
1785983724	request	1897	13679092	13675715	0	2508034048	724834	7	29502828	8143232	6165	0	6198	88000
1785983726	request	1899	13679092	13675717	0	2508034048	724834	7	29503168	8143232	6165	0	6198	88000
1785983727	request	1900	13679092	13675705	0	2508034048	724834	7	29504552	8143232	6165	0	6198	89000
1785983728	request	1901	13679092	13675705	0	2508034048	724834	7	29504440	8143232	6165	0	6198	88000
1785983729	request	1902	13679092	13675703	0	2508034048	724834	7	29503604	8143232	6165	0	6198	90000
1785983731	request	1904	13679092	13675706	0	2508034048	724834	7	29503584	8143232	6165	0	6198	89000
1785983732	request	1905	13679092	13675715	0	2508034048	724834	7	29503496	8143232	6165	0	6198	91000
1785983733	request	1906	13679092	13675715	0	2508034048	724834	7	29503108	8143232	6165	0	6198	89000
1785983734	request	1907	13679092	13675705	0	2508034048	724834	7	29504416	8143232	6165	0	6198	88000
1785983735	request	1908	13679092	13675714	0	2508034048	724834	7	29505896	8143232	6165	0	6198	89000
1785983737	request	1910	13679092	13675717	0	2508034048	724834	7	29506372	8143232	6165	0	6198	89000
1785983738	request	1911	13679092	13675715	0	2508034048	724834	7	29507560	8143232	6165	0	6198	90000
1785983739	request	1912	13679092	13675705	0	2508034048	724834	7	29507480	8143232	6165	0	6198	88000
1785983740	request	1913	13679092	13675717	0	2508034048	724834	7	29508092	8143232	6165	0	6198	88000
1785983742	request	1915	13679092	13675706	0	2508034048	724834	7	29508252	8143232	6165	0	6198	89000
1785983743	request	1916	13679092	13675710	0	2508034048	724834	7	29510760	8143232	6165	0	6198	89000
1785983744	request	1917	13679092	13675715	0	2508034048	724834	7	29504452	8143232	6165	0	6198	90000
1785983745	request	1918	13679092	13675721	0	2508034048	724834	7	29504420	8143232	6165	0	6198	88000
1785983747	request	1920	13679092	13675721	0	2508034048	724834	7	29504500	8143232	6165	0	6198	90000
1785983748	request	1921	13679092	13675706	0	2508034048	724834	7	29504872	8143232	6165	0	6198	89000
1785983749	request	1922	13679092	13675721	0	2508034048	724834	7	29505116	8143232	6165	0	6198	88000
1785983750	request	1923	13679092	13675715	0	2508034048	724834	7	29509500	8143232	6165	0	6198	88000
1785983752	request	1925	13679092	13675711	0	2508034048	724834	7	29511652	8143232	6165	0	6198	89000
1785983753	request	1926	13679092	13675712	0	2508034048	724834	7	29511500	8143232	6165	0	6198	90000
1785983754	request	1927	13679092	13675714	0	2508034048	724834	7	29511288	8143232	6165	0	6198	89000
1785983755	request	1928	13679092	13675703	0	2508034048	724834	7	29511036	8143232	6165	0	6198	89000
1785983757	request	1930	13679092	13675712	0	2508034048	724834	7	29510948	8143232	6165	0	6198	88000
1785983758	request	1931	13679092	13675703	0	2508034048	724834	7	29513736	8143232	6165	0	6198	88000
1785983759	request	1932	13679092	13675712	0	2508034048	724834	7	29513184	8143232	6165	0	6198	90000
1785983760	request	1933	13679092	13675712	0	2508034048	724834	7	29512944	8143232	6165	0	6198	88000
1785983762	request	1935	13679092	13675702	0	2508034048	724834	7	29512960	8143232	6165	0	6198	86000
1785983763	request	1936	13679092	13675703	0	2508034048	724834	7	29512344	8143232	6165	0	6198	89000
1785983764	request	1937	13679092	13675702	0	2508034048	724834	7	29512204	8143232	6165	0	6198	88000
1785983765	request	1938	13679092	13675710	0	2508034048	724834	7	29512204	8143232	6165	0	6198	85000
1785983767	request	1940	13679092	13675701	0	2508034048	724834	7	29512816	8143232	6165	0	6198	89000
1785983768	request	1941	13679092	13675719	0	2508034048	724834	7	29512816	8143232	6165	0	6198	90000
1785983769	request	1942	13679092	13675712	0	2508034048	724834	7	29512852	8143232	6165	0	6198	88000
1785983770	request	1943	13679092	13675712	0	2508034048	724834	7	29512612	8143232	6165	0	6198	88000
1785983772	request	1945	13679092	13675713	0	2508034048	724834	7	29512612	8143232	6165	0	6198	88000
1785983773	request	1946	13679092	13675714	0	2508034048	724834	7	29511856	8143232	6165	0	6198	89000
1785983774	request	1947	13679092	13675702	0	2508034048	724834	7	29511856	8143232	6165	0	6198	91000
1785983775	request	1948	13679092	13675705	0	2508034048	724834	7	29512232	8143232	6165	0	6198	88000
1785983777	request	1950	13679092	13675703	0	2508034048	724834	7	29512232	8143232	6165	0	6198	90000
1785983778	request	1951	13679092	13675712	0	2508034048	724834	7	29512540	8143232	6165	0	6198	88000
1785983779	request	1952	13679092	13675712	0	2508034048	724834	7	29512352	8143232	6165	0	6198	88000
1785983780	request	1953	13679092	13675712	0	2508034048	724834	7	29512100	8143232	6165	0	6198	89000
1785983782	request	1955	13679092	13675705	0	2508034048	724834	7	29511848	8143232	6165	0	6198	88000
1785983783	request	1956	13679092	13675713	0	2508034048	724834	7	29511848	8143232	6165	0	6198	90000
1785983784	request	1957	13679092	13675713	0	2508034048	724834	7	29511344	8143232	6165	0	6198	88000
1785983786	request	1959	13679092	13675701	0	2508034048	724834	7	29511160	8143232	6165	0	6198	89000
1785983787	request	1960	13679092	13675705	0	2508034048	724834	7	29511188	8143232	6165	0	6198	89000
1785983788	request	1961	13679092	13675712	0	2508034048	724834	7	29511188	8143232	6165	0	6198	88000
1785983789	request	1962	13679092	13675703	0	2508034048	724834	7	29511188	8143232	6165	0	6198	90000
1785983791	request	1964	13679092	13675712	0	2508034048	724834	7	29510676	8143232	6165	0	6198	89000
1785983792	request	1965	13679092	13675705	0	2508034048	724834	7	29510632	8143232	6165	0	6198	88000
1785983793	request	1966	13679092	13675701	0	2508034048	724834	7	29510632	8143232	6165	0	6198	90000
1785983794	request	1967	13679092	13675712	0	2508034048	724834	7	29510996	8143232	6165	0	6198	87000
1785983795	request	1968	13679092	13675717	0	2508034048	724834	7	29511172	8143232	6165	0	6198	87000
1785983797	request	1970	13679092	13675710	0	2508034048	724834	7	29511452	8143232	6165	0	6198	88000
1785983798	request	1971	13679092	13675703	0	2508034048	724834	7	29511260	8143232	6165	0	6198	90000
1785983799	request	1972	13679092	13675703	0	2508034048	724834	7	29511008	8143232	6165	0	6198	88000
1785983800	request	1973	13679092	13675702	0	2508034048	724834	7	29510760	8143232	6165	0	6198	88000
1785983802	request	1975	13679092	13675708	0	2508034048	724834	7	29510256	8143232	6165	0	6198	88000
1785983803	request	1976	13679092	13675708	0	2508034048	724834	7	29510004	8143232	6165	0	6198	88000
1785983804	request	1977	13681140	13677760	0	2508034048	725346	7	29508548	8143232	6165	0	6198	88000
1785983805	request	1978	13681140	13677762	0	2508034048	725346	7	29507748	8143232	6165	0	6198	88000
1785983807	request	1980	13681148	13677759	0	2508034048	725348	7	29507748	8143232	6165	0	6198	89000
1785983808	request	1981	13681148	13677775	0	2508034048	725348	7	29507748	8143232	6165	0	6198	88000
1785983809	request	1982	13681148	13677771	0	2508034048	725348	7	29512816	8143232	6165	0	6198	89000
1785983810	request	1983	13681148	13677775	0	2508034048	725348	7	29512828	8143232	6165	0	6198	88000
1785983812	request	1985	13681148	13677766	0	2508034048	725348	7	29512576	8143232	6165	0	6198	89000
1785983813	request	1986	13681148	13677771	0	2508034048	725348	7	29512404	8143232	6165	0	6198	90000
1785983814	request	1987	13681148	13677775	0	2508034048	725348	7	29511656	8143232	6165	0	6198	88000
1785983815	request	1988	13681148	13677766	0	2508034048	725348	7	29510724	8143232	6165	0	6198	89000
1785983817	request	1990	13681148	13677757	0	2508034048	725348	7	29510696	8143232	6165	0	6198	89000
1785983818	request	1991	13681148	13677764	0	2508034048	725348	7	29510696	8143232	6165	0	6198	88000
1785983819	request	1992	13681148	13677759	0	2508034048	725348	7	29510456	8143232	6165	0	6198	90000
1785983820	request	1993	13681148	13677768	0	2508034048	725348	7	29509952	8143232	6165	0	6198	89000
1785983822	request	1995	13681148	13677769	0	2508034048	725348	7	29509952	8143232	6165	0	6198	88000
1785983823	request	1996	13681148	13677757	0	2508034048	725348	7	29510008	8143232	6165	0	6198	90000
1785983824	request	1997	13681148	13677761	0	2508034048	725348	7	29510476	8143232	6165	0	6198	88000
1785983825	request	1998	13681148	13677768	0	2508034048	725348	7	29510832	8143232	6165	0	6198	91000
1785983827	request	2000	13681148	13677761	0	2508034048	725348	7	29510832	8143232	6165	0	6198	88000
1785983828	request	2001	13681148	13677765	0	2508034048	725348	7	29510104	8143232	6165	0	6198	89000
1785983829	request	2002	13681148	13677763	0	2508034048	725348	7	29510992	8143232	6165	0	6198	88000
1785983830	request	2003	13681148	13677762	0	2508034048	725348	7	29511300	8143232	6165	0	6198	89000
1785983832	request	2005	13681148	13677762	0	2508034048	725348	7	29511048	8143232	6165	0	6198	91000
1785983833	request	2006	13681148	13677778	0	2508034048	725348	7	29510320	8143232	6165	0	6198	90000
1785983834	request	2007	13681148	13677767	0	2508034048	725348	7	29509072	8143232	6165	0	6198	90000
1785983835	request	2008	13681148	13677778	0	2508034048	725348	7	29509548	8143232	6165	0	6198	89000
1785983837	request	2010	13681148	13677769	0	2508034048	725348	7	29509820	8143232	6165	0	6198	89000
1785983838	request	2011	13681148	13677768	0	2508034048	725348	7	29510148	8143232	6165	0	6198	88000
1785983839	request	2012	13681148	13677770	0	2508034048	725348	7	29511248	8143232	6165	0	6198	89000
1785983840	request	2013	13681148	13677765	0	2508034048	725348	7	29511344	8143232	6165	0	6198	90000
1785983842	request	2015	13681148	13677767	0	2508034048	725348	7	29511328	8143232	6165	0	6198	88000
1785983843	request	2016	13681148	13677776	0	2508034048	725348	7	29511328	8143232	6165	0	6198	90000
1785983844	request	2017	13681148	13677767	0	2508034048	725348	7	29511076	8143232	6165	0	6198	89000
1785983845	request	2018	13681148	13677762	0	2508034048	725348	7	29510880	8143232	6165	0	6198	90000
1785983847	request	2020	13681148	13677776	0	2508034048	725348	7	29510628	8143232	6165	0	6198	90000
1785983848	request	2021	13681148	13677767	0	2508034048	725348	7	29510628	8143232	6165	0	6198	90000
1785983849	request	2022	13681148	13677761	0	2508034048	725348	7	29510024	8143232	6165	0	6198	90000
1785983850	request	2023	13681148	13677774	0	2508034048	725348	7	29509532	8143232	6165	0	6198	89000
1785983852	request	2025	13681148	13677765	0	2508034048	725348	7	29509284	8143232	6165	0	6198	88000
1785983853	request	2026	13681148	13677761	0	2508034048	725348	7	29509280	8143232	6165	0	6198	88000
1785983854	request	2027	13681148	13677758	0	2508034048	725348	7	29509280	8143232	6165	0	6198	89000
1785983856	request	2029	13681148	13677759	0	2508034048	725348	7	29509784	8143232	6165	0	6198	90000
1785983857	request	2030	13681148	13677760	0	2508034048	725348	7	29509384	8143232	6165	0	6198	89000
1785983858	request	2031	13681148	13677769	0	2508034048	725348	7	29509384	8143232	6165	0	6198	89000
1785983859	request	2032	13681148	13677767	0	2508034048	725348	7	29509144	8143232	6165	0	6198	89000
1785983861	request	2034	13681148	13677761	0	2508034048	725348	7	29509144	8143232	6165	0	6198	88000
1785983862	request	2035	13681148	13677760	0	2508034048	725348	7	29508904	8143232	6165	0	6198	90000
1785983863	request	2036	13681148	13677753	0	2508034048	725348	7	29508652	8143232	6165	0	6198	88000
1785983864	request	2037	13681148	13677769	0	2508034048	725348	7	29509344	8143232	6165	0	6198	84000
1785983865	request	2038	13681148	13677753	0	2508034048	725348	7	29510172	8143232	6165	0	6198	88000
1785983867	request	2040	13681148	13677753	0	2508034048	725348	7	29510420	8143232	6165	0	6198	88000
1785983868	request	2041	13681148	13677758	0	2508034048	725348	7	29510420	8143232	6165	0	6198	90000
1785983869	request	2042	13681148	13677758	0	2508034048	725348	7	29510420	8143232	6165	0	6198	89000
1785983870	request	2043	13681148	13677769	0	2508034048	725348	7	29510420	8143232	6165	0	6198	90000
1785983872	request	2045	13681148	13677760	0	2508034048	725348	7	29509980	8143232	6165	0	6198	89000
1785983873	request	2046	13681148	13677753	0	2508034048	725348	7	29510352	8143232	6165	0	6198	88000
1785983874	request	2047	13681148	13677769	0	2508034048	725348	7	29510352	8143232	6165	0	6198	89000
1785983875	request	2048	13681148	13677753	0	2508034048	725348	7	29510052	8143232	6165	0	6198	88000
1785983877	request	2050	13681148	13677752	0	2508034048	725348	7	29511388	8143232	6165	0	6198	91000
1785983878	request	2051	13681148	13677752	0	2508034048	725348	7	29512732	8143232	6165	0	6198	88000
1785983879	request	2052	13681148	13677765	0	2508034048	725348	7	29512952	8143232	6165	0	6198	86000
1785983881	request	2054	13681148	13677752	0	2508034048	725348	7	29512952	8143232	6165	0	6198	89000
1785983882	request	2055	13681148	13677763	0	2508034048	725348	7	29512448	8143232	6165	0	6198	89000
1785983883	request	2056	13681148	13677750	0	2508034048	725348	7	29512448	8143232	6165	0	6198	91000
1785983884	request	2057	13681148	13677744	0	2508034048	725348	7	29512448	8143236	6166	0	6200	88000
1785983886	request	2059	13681148	13677751	0	2508034048	725348	7	29512356	8143236	6166	0	6200	88000
1785983887	request	2060	13681148	13677749	0	2508034048	725348	7	29511768	8143236	6166	0	6200	88000
1785983888	request	2061	13681148	13677760	0	2508034048	725348	7	29511820	8143236	6166	0	6200	86000
1785983889	request	2062	13681148	13677745	0	2508034048	725348	7	29511820	8143236	6166	0	6200	90000
1785983891	request	2064	13681148	13677749	0	2508034048	725348	7	29512072	8143236	6166	0	6200	89000
1785983892	request	2065	13681148	13677748	0	2508034048	725348	7	29511616	8143236	6166	0	6200	90000
1785983893	request	2066	13681148	13677747	0	2508034048	725348	7	29512024	8143236	6166	0	6200	88000
1785983894	request	2067	13681148	13677753	0	2508034048	725348	7	29512864	8143236	6166	0	6200	86000
1785983896	request	2069	13681148	13677763	0	2508034048	725348	7	29512128	8143236	6166	0	6200	89000
1785983897	request	2070	13681148	13677749	0	2508034048	725348	7	29511132	8143236	6166	0	6200	88000
1785983898	request	2071	13681148	13677749	0	2508034048	725348	7	29511132	8143236	6166	0	6200	91000
1785983899	request	2072	13681148	13677753	0	2508034048	725348	7	29511132	8143236	6166	0	6200	88000
1785983901	request	2074	13681148	13677749	0	2508034048	725348	7	29510528	8143236	6166	0	6200	90000
1785983902	request	2075	13681148	13677749	0	2508034048	725348	7	29510388	8143236	6166	0	6200	88000
1785983903	request	2076	13681148	13677749	0	2508034048	725348	7	29510120	8143236	6166	0	6200	89000
1785983904	request	2077	13681148	13677756	0	2508034048	725348	7	29510236	8143236	6166	0	6200	89000
1785983906	request	2079	13681148	13677756	0	2508034048	725348	7	29510236	8143236	6166	0	6200	88000
1785983907	request	2080	13681148	13677753	0	2508034048	725348	7	29509876	8143236	6166	0	6200	89000
1785983908	request	2081	13681148	13677752	0	2508034048	725348	7	29509876	8143236	6166	0	6200	89000
1785983909	request	2082	13681148	13677756	0	2508034048	725348	7	29509876	8143236	6166	0	6200	88000
1785983911	request	2084	13681148	13677761	0	2508034048	725348	7	29509876	8143236	6166	0	6200	90000
1785983912	request	2085	13681148	13677765	0	2508034048	725348	7	29511004	8143236	6166	0	6200	88000
1785983913	request	2086	13681148	13677756	0	2508034048	725348	7	29511004	8143236	6166	0	6200	90000
1785983914	request	2087	13681148	13677749	0	2508034048	725348	7	29511004	8143236	6166	0	6200	88000
1785983916	request	2089	13681148	13677749	0	2508034048	725348	7	29511004	8143236	6166	0	6200	88000
1785983917	request	2090	13681148	13677749	0	2508034048	725348	7	29510616	8143236	6166	0	6200	87000
1785983918	request	2091	13681148	13677753	0	2508034048	725348	7	29510616	8143236	6166	0	6200	89000
1785983919	request	2092	13681148	13677753	0	2508034048	725348	7	29509820	8143236	6166	0	6200	90000
1785983921	request	2094	13681148	13677749	0	2508034048	725348	7	29509912	8143236	6166	0	6200	88000
1785983922	request	2095	13681148	13677752	0	2508034048	725348	7	29509924	8143236	6166	0	6200	88000
1785983923	request	2096	13681148	13677749	0	2508034048	725348	7	29510296	8143236	6166	0	6200	90000
1785983924	request	2097	13681148	13677749	0	2508034048	725348	7	29510128	8143236	6166	0	6200	88000
1785983926	request	2099	13681148	13677748	0	2508034048	725348	7	29509624	8143236	6166	0	6200	89000
1785983927	request	2100	13681148	13677746	0	2508034048	725348	7	29509384	8143236	6166	0	6200	89000
1785983928	request	2101	13681148	13677746	0	2508034048	725348	7	29510644	8143236	6166	0	6200	88000
1785983929	request	2102	13681148	13677749	0	2508034048	725348	7	29510648	8143236	6166	0	6200	88000
1785983931	request	2104	13681148	13677760	0	2508034048	725348	7	29510648	8143236	6166	0	6200	88000
1785983932	request	2105	13681148	13677760	0	2508034048	725348	7	29510648	8143236	6166	0	6200	90000
1785983933	request	2106	13681148	13677758	0	2508034048	725348	7	29510760	8143236	6166	0	6200	89000
1785983934	request	2107	13681148	13677754	0	2508034048	725348	7	29511708	8143236	6166	0	6200	88000
1785983936	request	2109	13681148	13677751	0	2508034048	725348	7	29511728	8143236	6166	0	6200	88000
1785983937	request	2110	13681148	13677757	0	2508034048	725348	7	29511000	8143236	6166	0	6200	88000
1785983938	request	2111	13681148	13677755	0	2508034048	725348	7	29511128	8143236	6166	0	6200	88000
1785983939	request	2112	13681148	13677749	0	2508034048	725348	7	29511128	8143236	6166	0	6200	88000
1785983941	request	2114	13681148	13677748	0	2508034048	725348	7	29510888	8143236	6166	0	6200	88000
1785983942	request	2115	13681148	13677748	0	2508034048	725348	7	29510888	8143236	6166	0	6200	89000
1785983943	request	2116	13681148	13677751	0	2508034048	725348	7	29510888	8143236	6166	0	6200	87000
1785983944	request	2117	13681148	13677756	0	2508034048	725348	7	29510888	8143236	6166	0	6200	88000
1785983946	request	2119	13681148	13677754	0	2508034048	725348	7	29511028	8143236	6166	0	6200	89000
1785983947	request	2120	13681148	13677749	0	2508034048	725348	7	29511244	8143236	6166	0	6200	88000
1785983948	request	2121	13681148	13677757	0	2508034048	725348	7	29511244	8143236	6166	0	6200	90000
1785983949	request	2122	13681148	13677749	0	2508034048	725348	7	29511060	8143236	6166	0	6200	88000
1785983951	request	2124	13681148	13677751	0	2508034048	725348	7	29511388	8143236	6166	0	6200	90000
1785983952	request	2125	13681148	13677760	0	2508034048	725348	7	29510232	8143236	6166	0	6200	89000
1785983953	request	2126	13681148	13677747	0	2508034048	725348	7	29510232	8143236	6166	0	6200	88000
1785983954	request	2127	13681148	13677747	0	2508034048	725348	7	29510232	8143236	6166	0	6200	88000
1785983956	request	2129	13681148	13677759	0	2508034048	725348	7	29510116	8143236	6166	0	6200	88000
1785983957	request	2130	13681148	13677752	0	2508034048	725348	7	29510368	8143236	6166	0	6200	91000
1785983958	request	2131	13681148	13677752	0	2508034048	725348	7	29510980	8143236	6166	0	6200	89000
1785983959	request	2132	13681148	13677757	0	2508034048	725348	7	29510980	8143236	6166	0	6200	88000
1785983961	request	2134	13681148	13677761	0	2508034048	725348	7	29510980	8143236	6166	0	6200	88000
1785983962	request	2135	13681148	13677753	0	2508034048	725348	7	29510980	8143236	6166	0	6200	89000
1785983963	request	2136	13681148	13677754	0	2508034048	725348	7	29511232	8143236	6166	0	6200	90000
1785983964	request	2137	13681148	13677752	0	2508034048	725348	7	29511232	8143236	6166	0	6200	88000
1785983966	request	2139	13681148	13677755	0	2508034048	725348	7	29511748	8143236	6166	0	6200	87000
1785983967	request	2140	13681148	13677746	0	2508034048	725348	7	29511592	8143236	6166	0	6200	88000
1785983968	request	2141	13681148	13677754	0	2508034048	725348	7	29511604	8143236	6166	0	6200	89000
1785983969	request	2142	13681148	13677752	0	2508034048	725348	7	29511352	8143236	6166	0	6200	90000
1785983971	request	2144	13681148	13677757	0	2508034048	725348	7	29511112	8143236	6166	0	6200	88000
1785983972	request	2145	13681148	13677755	0	2508034048	725348	7	29510860	8143236	6166	0	6200	89000
1785983973	request	2146	13681148	13677749	0	2508034048	725348	7	29511124	8143236	6166	0	6200	89000
1785983974	request	2147	13681148	13677755	0	2508034048	725348	7	29511376	8143236	6166	0	6200	89000
1785983976	request	2149	13681148	13677752	0	2508034048	725348	7	29511800	8143236	6166	0	6200	90000
1785983977	request	2150	13681148	13677754	0	2508034048	725348	7	29511800	8143236	6166	0	6200	90000
1785983978	request	2151	13681148	13677763	0	2508034048	725348	7	29511548	8143236	6166	0	6200	89000
1785983979	request	2152	13681148	13677746	0	2508034048	725348	7	29511548	8143236	6166	0	6200	90000
1785983981	request	2154	13681148	13677751	0	2508034048	725348	7	29511548	8143236	6166	0	6200	89000
1785983982	request	2155	13681148	13677746	0	2508034048	725348	7	29511548	8143236	6166	0	6200	91000
1785983983	request	2156	13681148	13677759	0	2508034048	725348	7	29511956	8143236	6166	0	6200	89000
1785983984	request	2157	13681148	13677752	0	2508034048	725348	7	29511308	8143236	6166	0	6200	89000
1785983986	request	2159	13681148	13677761	0	2508034048	725348	7	29511452	8143236	6166	0	6200	91000
1785983987	request	2160	13681148	13677752	0	2508034048	725348	7	29511212	8143236	6166	0	6200	89000
1785983988	request	2161	13681148	13677747	0	2508034048	725348	7	29511212	8143236	6166	0	6200	91000
1785983989	request	2162	13681148	13677761	0	2508034048	725348	7	29511212	8143236	6166	0	6200	88000
1785983991	request	2164	13681148	13677749	0	2508034048	725348	7	29511212	8143236	6166	0	6200	89000
1785983992	request	2165	13681148	13677747	0	2508034048	725348	7	29510960	8143236	6166	0	6200	89000
1785983993	request	2166	13681148	13677749	0	2508034048	725348	7	29510720	8143236	6166	0	6200	88000
1785983994	request	2167	13681148	13677752	0	2508034048	725348	7	29510720	8143236	6166	0	6200	90000
1785983996	request	2169	13681148	13677747	0	2508034048	725348	7	29510720	8143236	6166	0	6200	89000
1785983997	request	2170	13681148	13677749	0	2508034048	725348	7	29510816	8143236	6166	0	6200	88000
1785983998	request	2171	13681148	13677749	0	2508034048	725348	7	29511992	8143236	6166	0	6200	89000
1785983999	request	2172	13681148	13677752	0	2508034048	725348	7	29511992	8143236	6166	0	6200	89000
1785984001	request	2174	13681148	13677752	0	2508034048	725348	7	29511992	8143236	6166	0	6200	90000
1785984002	request	2175	13681148	13677752	0	2508034048	725348	7	29512608	8143236	6166	0	6200	87000
1785984003	request	2176	13681148	13677752	0	2508034048	725348	7	29513172	8143236	6166	0	6200	89000
1785984004	request	2177	13681148	13677749	0	2508034048	725348	7	29513096	8143236	6166	0	6200	91000
1785984006	request	2179	13681148	13677753	0	2508034048	725348	7	29513048	8143236	6166	0	6200	88000
1785984007	request	2180	13681148	13677752	0	2508034048	725348	7	29512084	8143236	6166	0	6200	90000
1785984008	request	2181	13681148	13677747	0	2508034048	725348	7	29512720	8143236	6166	0	6200	88000
1785984009	request	2182	13681148	13677757	0	2508034048	725348	7	29512720	8143236	6166	0	6200	88000
1785984011	request	2184	13681148	13677751	0	2508034048	725348	7	29512720	8143236	6166	0	6200	90000
1785984012	request	2185	13681148	13677755	0	2508034048	725348	7	29512720	8143236	6166	0	6200	90000
1785984013	request	2186	13681148	13677747	0	2508034048	725348	7	29512720	8143236	6166	0	6200	90000
1785984014	request	2187	13681148	13677747	0	2508034048	725348	7	29512720	8143236	6166	0	6200	89000
1785984016	request	2189	13681148	13677753	0	2508034048	725348	7	29512096	8143236	6166	0	6200	88000
1785984017	request	2190	13681148	13677759	0	2508034048	725348	7	29512160	8143236	6166	0	6200	90000
1785984018	request	2191	13681148	13677759	0	2508034048	725348	7	29512112	8143236	6166	0	6200	89000
1785984019	request	2192	13681148	13677754	0	2508034048	725348	7	29512840	8143236	6166	0	6200	90000
1785984021	request	2194	13681148	13677757	0	2508034048	725348	7	29512772	8143236	6166	0	6200	89000
1785984022	request	2195	13681148	13677755	0	2508034048	725348	7	29512772	8143236	6166	0	6200	87000
1785984023	request	2196	13681148	13677759	0	2508034048	725348	7	29513076	8143236	6166	0	6200	91000
1785984024	request	2197	13681148	13677755	0	2508034048	725348	7	29512836	8143236	6166	0	6200	88000
1785984026	request	2199	13681148	13677747	0	2508034048	725348	7	29512836	8143236	6166	0	6200	91000
1785984027	request	2200	13681148	13677747	0	2508034048	725348	7	29511588	8143236	6166	0	6200	90000
1785984028	request	2201	13681148	13677752	0	2508034048	725348	7	29513128	8143236	6166	0	6200	88000
1785984029	request	2202	13681148	13677763	0	2508034048	725348	7	29512972	8143236	6166	0	6200	90000
1785984031	request	2204	13681148	13677747	0	2508034048	725348	7	29512972	8143236	6166	0	6200	87000
1785984032	request	2205	13681148	13677752	0	2508034048	725348	7	29512972	8143236	6166	0	6200	90000
1785984033	request	2206	13681148	13677747	0	2508034048	725348	7	29512732	8143236	6166	0	6200	88000
1785984034	request	2207	13681148	13677747	0	2508034048	725348	7	29513132	8143236	6166	0	6200	88000
1785984036	request	2209	13681148	13677759	0	2508034048	725348	7	29512628	8143236	6166	0	6200	88000
1785984037	request	2210	13681148	13677747	0	2508034048	725348	7	29512628	8143236	6166	0	6200	89000
1785984038	request	2211	13681148	13677759	0	2508034048	725348	7	29512628	8143236	6166	0	6200	89000
1785984039	request	2212	13681148	13677752	0	2508034048	725348	7	29512628	8143236	6166	0	6200	88000
1785984041	request	2214	13681148	13677752	0	2508034048	725348	7	29512692	8143236	6166	0	6200	90000
1785984042	request	2215	13681148	13677752	0	2508034048	725348	7	29513268	8143236	6166	0	6200	91000
1785984043	request	2216	13681148	13677763	0	2508034048	725348	7	29513016	8143236	6166	0	6200	88000
1785984044	request	2217	13681148	13677746	0	2508034048	725348	7	29512288	8143236	6166	0	6200	83000
1785984046	request	2219	13681148	13677751	0	2508034048	725348	7	29514288	8143236	6166	0	6200	88000
1785984047	request	2220	13681148	13677759	0	2508034048	725348	7	29513924	8143236	6166	0	6200	88000
1785984048	request	2221	13681148	13677752	0	2508034048	725348	7	29513140	8143236	6166	0	6200	89000
1785984049	request	2222	13681148	13677752	0	2508034048	725348	7	29512848	8143236	6166	0	6200	89000
1785984051	request	2224	13681148	13677757	0	2508034048	725348	7	29512608	8143236	6166	0	6200	88000
1785984052	request	2225	13681148	13677755	0	2508034048	725348	7	29512608	8143236	6166	0	6200	90000
1785984053	request	2226	13681148	13677758	0	2508034048	725348	7	29502552	8143236	6166	0	6200	89000
1785984054	request	2227	13681148	13677750	0	2508034048	725348	7	29502104	8143236	6166	0	6200	90000
1785984056	request	2229	13681148	13677750	0	2508034048	725348	7	29503076	8143236	6166	0	6200	88000
1785984057	request	2230	13681148	13677758	0	2508034048	725348	7	29503228	8143236	6166	0	6200	88000
1785984058	request	2231	13681148	13677754	0	2508034048	725348	7	29503660	8143236	6166	0	6200	89000
1785984059	request	2232	13681148	13677754	0	2508034048	725348	7	29504796	8143236	6166	0	6200	88000
1785984061	request	2234	13681148	13677756	0	2508034048	725348	7	29503640	8143236	6166	0	6200	88000
1785984062	request	2235	13681148	13677764	0	2508034048	725348	7	29503056	8143236	6166	0	6200	89000
1785984063	request	2236	13681148	13677766	0	2508034048	725348	7	29501924	8143236	6166	0	6200	89000
1785984064	request	2237	13681148	13677758	0	2508034048	725348	7	29494872	8143236	6166	0	6200	90000
1785984066	request	2239	13681148	13677750	0	2508034048	725348	7	29495976	8143236	6166	0	6200	88000
1785984067	request	2240	13681148	13677754	0	2508034048	725348	7	29497416	8143236	6166	0	6200	91000
1785984068	request	2241	13681148	13677756	0	2508034048	725348	7	29499332	8143236	6166	0	6200	89000
1785984069	request	2242	13681148	13677751	0	2508034048	725348	7	29499932	8143236	6166	0	6200	88000
1785984071	request	2244	13681148	13677749	0	2508034048	725348	7	29499452	8143236	6166	0	6200	90000
1785984072	request	2245	13681148	13677759	0	2508034048	725348	7	29498336	8143236	6166	0	6200	89000
1785984073	request	2246	13681148	13677748	0	2508034048	725348	7	29497748	8143236	6166	0	6200	88000
1785984075	request	2248	13681148	13677763	0	2508034048	725348	7	29498548	8143236	6166	0	6200	88000
1785984076	request	2249	13681148	13677762	0	2508034048	725348	7	29498668	8143236	6166	0	6200	89000
1785984077	request	2250	13681148	13677762	0	2508034048	725348	7	29498932	8143236	6166	0	6200	88000
1785984078	request	2251	13681148	13677756	0	2508034048	725348	7	29498680	8143236	6166	0	6200	88000
1785984080	request	2253	13681148	13677748	0	2508034048	725348	7	29498428	8143236	6166	0	6200	88000
1785984081	request	2254	13681148	13677748	0	2508034048	725348	7	29498612	8143236	6166	0	6200	92000
1785984082	request	2255	13681148	13677751	0	2508034048	725348	7	29498612	8143236	6166	0	6200	88000
1785984083	request	2256	13681148	13677762	0	2508034048	725348	7	29498612	8143236	6166	0	6200	88000
1785984085	request	2258	13681148	13677753	0	2508034048	725348	7	29498644	8143236	6166	0	6200	88000
1785984086	request	2259	13681148	13677749	0	2508034048	725348	7	29498644	8143236	6166	0	6200	89000
1785984087	request	2260	13681148	13677757	0	2508034048	725348	7	29498644	8143236	6166	0	6200	88000
1785984088	request	2261	13681148	13677748	0	2508034048	725348	7	29498644	8143236	6166	0	6200	88000
1785984090	request	2263	13681148	13677748	0	2508034048	725348	7	29498644	8143236	6166	0	6200	89000
1785984091	request	2264	13681148	13677759	0	2508034048	725348	7	29498740	8143236	6166	0	6200	88000
1785984092	request	2265	13681148	13677763	0	2508034048	725348	7	29498740	8143236	6166	0	6200	87000
1785984093	request	2266	13681148	13677751	0	2508034048	725348	7	29499060	8143236	6166	0	6200	90000
1785984095	request	2268	13681148	13677749	0	2508034048	725348	7	29498940	8143236	6166	0	6200	86000
1785984096	request	2269	13681148	13677748	0	2508034048	725348	7	29498700	8143236	6166	0	6200	88000
1785984097	request	2270	13681148	13677747	0	2508034048	725348	7	29498700	8143236	6166	0	6200	90000
1785984098	request	2271	13681148	13677748	0	2508034048	725348	7	29498992	8143236	6166	0	6200	88000
1785984100	request	2273	13681148	13677751	0	2508034048	725348	7	29498488	8143236	6166	0	6200	90000
1785984101	request	2274	13681148	13677754	0	2508034048	725348	7	29498488	8143236	6166	0	6200	88000
1785984102	request	2275	13681148	13677752	0	2508034048	725348	7	29498488	8143236	6166	0	6200	88000
1785984103	request	2276	13681148	13677753	0	2508034048	725348	7	29497996	8143236	6166	0	6200	90000
1785984105	request	2278	13681148	13677757	0	2508034048	725348	7	29497492	8143236	6166	0	6200	88000
1785984106	request	2279	13681148	13677759	0	2508034048	725348	7	29497240	8143236	6166	0	6200	86000
1785984107	request	2280	13681148	13677762	0	2508034048	725348	7	29496876	8143236	6166	0	6200	88000
1785984108	request	2281	13681148	13677763	0	2508034048	725348	7	29496916	8143236	6166	0	6200	88000
1785984110	request	2283	13681148	13677762	0	2508034048	725348	7	29496664	8143236	6166	0	6200	91000
1785984111	request	2284	13681148	13677748	0	2508034048	725348	7	29496672	8143236	6166	0	6200	86000
1785984112	request	2285	13681148	13677763	0	2508034048	725348	7	29496196	8143236	6166	0	6200	90000
1785984113	request	2286	13681148	13677752	0	2508034048	725348	7	29495668	8143236	6166	0	6200	88000
1785984114	request	2287	13681148	13677754	0	2508034048	725348	7	29495640	8143236	6166	0	6200	89000
1785984116	request	2289	13681148	13677757	0	2508034048	725348	7	29495540	8143236	6166	0	6200	90000
1785984117	request	2290	13681148	13677752	0	2508034048	725348	7	29495540	8143236	6166	0	6200	90000
1785984118	request	2291	13681148	13677751	0	2508034048	725348	7	29495388	8143236	6166	0	6200	88000
1785984119	request	2292	13681148	13677752	0	2508034048	725348	7	29495108	8143236	6166	0	6200	90000
1785984121	request	2294	13681148	13677748	0	2508034048	725348	7	29495108	8143236	6166	0	6200	88000
1785984122	request	2295	13681148	13677762	0	2508034048	725348	7	29495172	8143236	6166	0	6200	85000
1785984123	request	2296	13681148	13677752	0	2508034048	725348	7	29496384	8143236	6166	0	6200	88000
1785984124	request	2297	13681148	13677759	0	2508034048	725348	7	29496384	8143236	6166	0	6200	88000
1785984126	request	2299	13681148	13677757	0	2508034048	725348	7	29497116	8143236	6166	0	6200	90000
1785984127	request	2300	13681148	13677754	0	2508034048	725348	7	29496876	8143236	6166	0	6200	88000
1785984128	request	2301	13681148	13677768	0	2508034048	725348	7	29496872	8143236	6166	0	6200	88000
1785984129	request	2302	13681148	13677766	0	2508034048	725348	7	29496872	8143236	6166	0	6200	87000
1785984131	request	2304	13681148	13677752	0	2508034048	725348	7	29496876	8143236	6166	0	6200	87000
1785984132	request	2305	13681148	13677760	0	2508034048	725348	7	29496876	8143236	6166	0	6200	91000
1785984133	request	2306	13681148	13677752	0	2508034048	725348	7	29496888	8143236	6166	0	6200	89000
1785984134	request	2307	13681148	13677760	0	2508034048	725348	7	29496888	8143236	6166	0	6200	87000
1785984136	request	2309	13681148	13677752	0	2508034048	725348	7	29496888	8143236	6166	0	6200	88000
1785984137	request	2310	13681148	13677768	0	2508034048	725348	7	29496888	8143236	6166	0	6200	90000
1785984138	request	2311	13681148	13677760	0	2508034048	725348	7	29497644	8143236	6166	0	6200	90000
1785984139	request	2312	13681148	13677764	0	2508034048	725348	7	29497832	8143236	6166	0	6200	88000
1785984141	request	2314	13681148	13677758	0	2508034048	725348	7	29497524	8143236	6166	0	6200	88000
1785984142	request	2315	13681148	13677752	0	2508034048	725348	7	29497144	8143236	6166	0	6200	89000
1785984143	request	2316	13681148	13677762	0	2508034048	725348	7	29503624	8143244	6168	0	6202	89000
1785984144	request	2317	13681148	13677762	0	2508034048	725348	7	29514332	8143244	6168	0	6202	91000
1785984146	request	2319	13681148	13677752	0	2508034048	725348	7	29513736	8143244	6168	0	6202	88000
1785984147	request	2320	13681148	13677762	0	2508034048	725348	7	29513736	8143244	6168	0	6202	88000
1785984148	request	2321	13681148	13677752	0	2508034048	725348	7	29513228	8143244	6168	0	6202	90000
1785984149	request	2322	13681148	13677760	0	2508034048	725348	7	29513228	8143244	6168	0	6202	88000
1785984151	request	2324	13681148	13677764	0	2508034048	725348	7	29513228	8143244	6168	0	6202	88000
1785984152	request	2325	13681148	13677761	0	2508034048	725348	7	29512976	8143244	6168	0	6202	88000
1785984153	request	2326	13681148	13677754	0	2508034048	725348	7	29512720	8143244	6168	0	6202	88000
1785984154	request	2327	13681148	13677764	0	2508034048	725348	7	29512724	8143244	6168	0	6202	90000
1785984156	request	2329	13681148	13677754	0	2508034048	725348	7	29512484	8143244	6168	0	6202	88000
1785984157	request	2330	13681148	13677754	0	2508034048	725348	7	29512232	8143244	6168	0	6202	89000
1785984158	request	2331	13681148	13677766	0	2508034048	725348	7	29511868	8143244	6168	0	6202	91000
1785984159	request	2332	13681148	13677754	0	2508034048	725348	7	29511728	8143244	6168	0	6202	88000
1785984161	request	2334	13681148	13677766	0	2508034048	725348	7	29511980	8143244	6168	0	6202	86000
1785984162	request	2335	13681148	13677760	0	2508034048	725348	7	29511980	8143244	6168	0	6202	89000
1785984163	request	2336	13681148	13677754	0	2508034048	725348	7	29511744	8143244	6168	0	6202	88000
1785984164	request	2337	13681148	13677770	0	2508034048	725348	7	29511744	8143244	6168	0	6202	89000
1785984166	request	2339	13681148	13677756	0	2508034048	725348	7	29512268	8143244	6168	0	6202	87000
1785984167	request	2340	13681148	13677762	0	2508034048	725348	7	29512016	8143244	6168	0	6202	89000
1785984168	request	2341	13681148	13677760	0	2508034048	725348	7	29512236	8143244	6168	0	6202	88000
1785984170	request	2343	13681148	13677753	0	2508034048	725348	7	29512760	8143244	6168	0	6202	88000
1785984171	request	2344	13681148	13677753	0	2508034048	725348	7	29512256	8143244	6168	0	6202	84000
1785984172	request	2345	13681148	13677758	0	2508034048	725348	7	29512256	8143244	6168	0	6202	88000
1785984173	request	2346	13681148	13677763	0	2508034048	725348	7	29512004	8143244	6168	0	6202	88000
1785984175	request	2348	13681148	13677763	0	2508034048	725348	7	29512364	8143244	6168	0	6202	91000
1785984176	request	2349	13681148	13677754	0	2508034048	725348	7	29512616	8143244	6168	0	6202	88000
1785984177	request	2350	13681148	13677763	0	2508034048	725348	7	29512000	8143244	6168	0	6202	90000
1785984178	request	2351	13681148	13677763	0	2508034048	725348	7	29511020	8143244	6168	0	6202	88000
1785984179	request	2352	13681148	13677758	0	2508034048	725348	7	29511380	8143244	6168	0	6202	87000
1785984181	request	2354	13681148	13677766	0	2508034048	725348	7	29511380	8143244	6168	0	6202	90000
1785984182	request	2355	13681148	13677754	0	2508034048	725348	7	29511380	8143244	6168	0	6202	88000
1785984183	request	2356	13681148	13677766	0	2508034048	725348	7	29511604	8143244	6168	0	6202	88000
1785984184	request	2357	13681148	13677763	0	2508034048	725348	7	29511100	8143244	6168	0	6202	90000
1785984186	request	2359	13681148	13677766	0	2508034048	725348	7	29511068	8143244	6168	0	6202	88000
1785984187	request	2360	13681148	13677756	0	2508034048	725348	7	29511068	8143244	6168	0	6202	88000
1785984188	request	2361	13681148	13677764	0	2508034048	725348	7	29510816	8143244	6168	0	6202	88000
1785984190	request	2363	13681148	13677768	0	2508034048	725348	7	29510816	8143244	6168	0	6202	88000
1785984191	request	2364	13681148	13677766	0	2508034048	725348	7	29510816	8143244	6168	0	6202	89000
1785984192	request	2365	13681148	13677763	0	2508034048	725348	7	29511536	8143244	6168	0	6202	89000
1785984193	request	2366	13681148	13677754	0	2508034048	725348	7	29511716	8143244	6168	0	6202	88000
1785984195	request	2368	13681148	13677762	0	2508034048	725348	7	29512080	8143244	6168	0	6202	88000
1785984196	request	2369	13681148	13677763	0	2508034048	725348	7	29511828	8143244	6168	0	6202	88000
1785984197	request	2370	13681148	13677768	0	2508034048	725348	7	29512852	8143244	6168	0	6202	91000
1785984198	request	2371	13681148	13677770	0	2508034048	725348	7	29512852	8143244	6168	0	6202	88000
1785984200	request	2373	13681148	13677768	0	2508034048	725348	7	29512920	8143244	6168	0	6202	89000
1785984201	request	2374	13681148	13677766	0	2508034048	725348	7	29513736	8143244	6168	0	6202	90000
1785984202	request	2375	13681148	13677758	0	2508034048	725348	7	29512880	8143244	6168	0	6202	90000
1785984203	request	2376	13681148	13677754	0	2508034048	725348	7	29513340	8143244	6168	0	6202	90000
1785984204	request	2377	13681148	13677763	0	2508034048	725348	7	29513648	8143244	6168	0	6202	88000
1785984206	request	2379	13681148	13677756	0	2508034048	725348	7	29513408	8143244	6168	0	6202	88000
1785984207	request	2380	13681148	13677770	0	2508034048	725348	7	29513408	8143244	6168	0	6202	90000
1785984208	request	2381	13681148	13677754	0	2508034048	725348	7	29512412	8143244	6168	0	6202	88000
1785984210	request	2383	13681148	13677763	0	2508034048	725348	7	29512040	8143244	6168	0	6202	88000
1785984211	request	2384	13681148	13677764	0	2508034048	725348	7	29511800	8143244	6168	0	6202	88000
1785984212	request	2385	13681148	13677766	0	2508034048	725348	7	29512052	8143244	6168	0	6202	87000
1785984213	request	2386	13681148	13677766	0	2508034048	725348	7	29512052	8143244	6168	0	6202	86000
1785984215	request	2388	13681148	13677762	0	2508034048	725348	7	29511804	8143244	6168	0	6202	88000
1785984216	request	2389	13681148	13677768	0	2508034048	725348	7	29511900	8143244	6168	0	6202	87000
1785984217	request	2390	13681148	13677764	0	2508034048	725348	7	29512172	8143244	6168	0	6202	88000
1785984218	request	2391	13681148	13677754	0	2508034048	725348	7	29512172	8143244	6168	0	6202	86000
1785984220	request	2393	13681148	13677763	0	2508034048	725348	7	29512172	8143244	6168	0	6202	88000
1785984221	request	2394	13681148	13677756	0	2508034048	725348	7	29512172	8143244	6168	0	6202	91000
1785984222	request	2395	13681148	13677758	0	2508034048	725348	7	29511716	8143244	6168	0	6202	88000
1785984223	request	2396	13681148	13677754	0	2508034048	725348	7	29511716	8143244	6168	0	6202	86000
1785984225	request	2398	13681148	13677754	0	2508034048	725348	7	29511716	8143244	6168	0	6202	88000
1785984226	request	2399	13681148	13677764	0	2508034048	725348	7	29511212	8143244	6168	0	6202	86000
1785984227	request	2400	13681148	13677754	0	2508034048	725348	7	29510960	8143244	6168	0	6202	89000
1785984228	request	2401	13681148	13677765	0	2508034048	725348	7	29513096	8143244	6168	0	6202	88000
1785984230	request	2403	13681148	13677754	0	2508034048	725348	7	29512736	8143244	6168	0	6202	88000
1785984231	request	2404	13681148	13677767	0	2508034048	725348	7	29512344	8143244	6168	0	6202	88000
1785984232	request	2405	13681148	13677755	0	2508034048	725348	7	29512404	8143244	6168	0	6202	89000
1785984233	request	2406	13681148	13677765	0	2508034048	725348	7	29514072	8143244	6168	0	6202	88000
1785984234	request	2407	13681148	13677764	0	2508034048	725348	7	29514072	8143244	6168	0	6202	88000
1785984236	request	2409	13681148	13677765	0	2508034048	725348	7	29513832	8143244	6168	0	6202	88000
1785984237	request	2410	13681148	13677767	0	2508034048	725348	7	29513832	8143244	6168	0	6202	90000
1785984238	request	2411	13681148	13677763	0	2508034048	725348	7	29513580	8143244	6168	0	6202	88000
1785984240	request	2413	13681148	13677769	0	2508034048	725348	7	29513580	8143244	6168	0	6202	88000
1785984241	request	2414	13681148	13677771	0	2508034048	725348	7	29513580	8143244	6168	0	6202	90000
1785984242	request	2415	13681148	13677754	0	2508034048	725348	7	29513632	8143244	6168	0	6202	89000
1785984243	request	2416	13681148	13677757	0	2508034048	725348	7	29513632	8143244	6168	0	6202	90000
1785984245	request	2418	13681148	13677769	0	2508034048	725348	7	29513380	8143244	6168	0	6202	88000
1785984246	request	2419	13681148	13677757	0	2508034048	725348	7	29513380	8143244	6168	0	6202	88000
1785984247	request	2420	13681148	13677755	0	2508034048	725348	7	29513476	8143244	6168	0	6202	90000
1785984248	request	2421	13681148	13677755	0	2508034048	725348	7	29513476	8143244	6168	0	6202	89000
1785984250	request	2423	13681148	13677765	0	2508034048	725348	7	29513476	8143244	6168	0	6202	89000
1785984251	request	2424	13681148	13677769	0	2508034048	725348	7	29513476	8143244	6168	0	6202	88000
1785984252	request	2425	13681148	13677757	0	2508034048	725348	7	29513748	8143244	6168	0	6202	89000
1785984253	request	2426	13681148	13677770	0	2508034048	725348	7	29515200	8143244	6168	0	6202	90000
1785984255	request	2428	13681148	13677768	0	2508034048	725348	7	29514448	8143244	6168	0	6202	88000
1785984256	request	2429	13681148	13677770	0	2508034048	725348	7	29514448	8143244	6168	0	6202	88000
1785984257	request	2430	13681148	13677767	0	2508034048	725348	7	29514812	8143244	6168	0	6202	90000
1785984258	request	2431	13681148	13677770	0	2508034048	725348	7	29514256	8143244	6168	0	6202	89000
1785984259	request	2432	13681148	13677774	0	2508034048	725348	7	29514004	8143244	6168	0	6202	91000
1785984261	request	2434	13681148	13677772	0	2508034048	725348	7	29515468	8143244	6168	0	6202	88000
1785984262	request	2435	13681148	13677759	0	2508034048	725348	7	29514976	8143244	6168	0	6202	88000
1785984263	request	2436	13681148	13677759	0	2508034048	725348	7	29514220	8143244	6168	0	6202	90000
1785984264	request	2437	13681148	13677758	0	2508034048	725348	7	29514220	8143244	6168	0	6202	88000
1785984266	request	2439	13681148	13677768	0	2508034048	725348	7	29514224	8143244	6168	0	6202	88000
1785984267	request	2440	13681148	13677768	0	2508034048	725348	7	29514224	8143244	6168	0	6202	91000
1785984268	request	2441	13681148	13677763	0	2508034048	725348	7	29514224	8143244	6168	0	6202	88000
1785984269	request	2442	13681148	13677770	0	2508034048	725348	7	29514224	8143244	6168	0	6202	88000
1785984271	request	2444	13681148	13677757	0	2508034048	725348	7	29514224	8143244	6168	0	6202	89000
1785984272	request	2445	13681148	13677758	0	2508034048	725348	7	29513532	8143244	6168	0	6202	90000
1785984273	request	2446	13681148	13677757	0	2508034048	725348	7	29513900	8143244	6168	0	6202	90000
1785984274	request	2447	13681148	13677758	0	2508034048	725348	7	29512808	8143244	6168	0	6202	88000
1785984276	request	2449	13681148	13677759	0	2508034048	725348	7	29512556	8143244	6168	0	6202	89000
1785984277	request	2450	13681148	13677757	0	2508034048	725348	7	29512556	8143244	6168	0	6202	89000
1785984278	request	2451	13681148	13677770	0	2508034048	725348	7	29512052	8143244	6168	0	6202	88000
1785984279	request	2452	13681148	13677765	0	2508034048	725348	7	29512480	8143244	6168	0	6202	90000
1785984281	request	2454	13681148	13677758	0	2508034048	725348	7	29512720	8143244	6168	0	6202	88000
1785984282	request	2455	13681148	13677761	0	2508034048	725348	7	29513024	8143244	6168	0	6202	89000
1785984283	request	2456	13681148	13677758	0	2508034048	725348	7	29512860	8143244	6168	0	6202	88000
1785984284	request	2457	13681148	13677767	0	2508034048	725348	7	29512860	8143244	6168	0	6202	88000
1785984286	request	2459	13681148	13677772	0	2508034048	725348	7	29512620	8143244	6168	0	6202	88000
1785984287	request	2460	13681148	13677763	0	2508034048	725348	7	29512856	8143244	6168	0	6202	88000
1785984288	request	2461	13681148	13677767	0	2508034048	725348	7	29512968	8143244	6168	0	6202	89000
1785984289	request	2462	13681148	13677759	0	2508034048	725348	7	29512968	8143244	6168	0	6202	90000
1785984291	request	2464	13681148	13677770	0	2508034048	725348	7	29512968	8143244	6168	0	6202	88000
1785984292	request	2465	13681148	13677768	0	2508034048	725348	7	29512968	8143244	6168	0	6202	89000
1785984293	request	2466	13681148	13677765	0	2508034048	725348	7	29512728	8143244	6168	0	6202	89000
1785984294	request	2467	13681148	13677757	0	2508034048	725348	7	29512728	8143244	6168	0	6202	87000
1785984296	request	2469	13681148	13677759	0	2508034048	725348	7	29512728	8143244	6168	0	6202	88000
1785984297	request	2470	13681148	13677767	0	2508034048	725348	7	29513092	8143244	6168	0	6202	89000
1785984298	request	2471	13681148	13677761	0	2508034048	725348	7	29512928	8143244	6168	0	6202	87000
1785984299	request	2472	13681148	13677763	0	2508034048	725348	7	29512928	8143244	6168	0	6202	90000
1785984301	request	2474	13681148	13677767	0	2508034048	725348	7	29512928	8143244	6168	0	6202	88000
1785984302	request	2475	13681148	13677761	0	2508034048	725348	7	29512928	8143244	6168	0	6202	90000
1785984303	request	2476	13681148	13677770	0	2508034048	725348	7	29512952	8143244	6168	0	6202	91000
1785984304	request	2477	13681148	13677765	0	2508034048	725348	7	29512952	8143244	6168	0	6202	88000
1785984306	request	2479	13681148	13677767	0	2508034048	725348	7	29513376	8143244	6168	0	6202	88000
1785984307	request	2480	13681148	13677772	0	2508034048	725348	7	29512936	8143244	6168	0	6202	90000
1785984308	request	2481	13681148	13677767	0	2508034048	725348	7	29513516	8143244	6168	0	6202	89000
1785984309	request	2482	13681148	13677757	0	2508034048	725348	7	29513024	8143244	6168	0	6202	90000
1785984311	request	2484	13681148	13677772	0	2508034048	725348	7	29513232	8143244	6168	0	6202	88000
1785984312	request	2485	13681148	13677761	0	2508034048	725348	7	29513260	8143244	6168	0	6202	90000
1785984313	request	2486	13681148	13677763	0	2508034048	725348	7	29513836	8143244	6168	0	6202	90000
1785984314	request	2487	13681148	13677768	0	2508034048	725348	7	29514144	8143244	6168	0	6202	88000
1785984316	request	2489	13681148	13677767	0	2508034048	725348	7	29514144	8143244	6168	0	6202	88000
1785984317	request	2490	13681148	13677758	0	2508034048	725348	7	29514144	8143244	6168	0	6202	89000
1785984318	request	2491	13681148	13677758	0	2508034048	725348	7	29512900	8143244	6168	0	6202	88000
1785984319	request	2492	13681148	13677765	0	2508034048	725348	7	29512900	8143244	6168	0	6202	83000
1785984321	request	2494	13681148	13677767	0	2508034048	725348	7	29512648	8143244	6168	0	6202	89000
1785984322	request	2495	13681148	13677767	0	2508034048	725348	7	29513012	8143244	6168	0	6202	90000
1785984323	request	2496	13681148	13677763	0	2508034048	725348	7	29512528	8143244	6168	0	6202	91000
1785984324	request	2497	13681148	13677768	0	2508034048	725348	7	29512528	8143244	6168	0	6202	88000
1785984326	request	2499	13681148	13677758	0	2508034048	725348	7	29512528	8143244	6168	0	6202	87000
1785984327	request	2500	13681148	13677759	0	2508034048	725348	7	29512528	8143244	6168	0	6202	90000
1785984328	request	2501	13681148	13677770	0	2508034048	725348	7	29512408	8143244	6168	0	6202	88000
1785984330	request	2503	13681148	13677759	0	2508034048	725348	7	29511764	8143244	6168	0	6202	89000
1785984331	request	2504	13681148	13677757	0	2508034048	725348	7	29511336	8143244	6168	0	6202	88000
1785984332	request	2505	13681148	13677768	0	2508034048	725348	7	29511336	8143244	6168	0	6202	88000
1785984333	request	2506	13681148	13677770	0	2508034048	725348	7	29511336	8143244	6168	0	6202	90000
1785984335	request	2508	13681148	13677770	0	2508034048	725348	7	29511096	8143244	6168	0	6202	88000
1785984336	request	2509	13681148	13677765	0	2508034048	725348	7	29511096	8143244	6168	0	6202	88000
1785984337	request	2510	13681148	13677767	0	2508034048	725348	7	29510732	8143244	6168	0	6202	91000
1785984338	request	2511	13681148	13677768	0	2508034048	725348	7	29510776	8143244	6168	0	6202	88000
1785984339	request	2512	13681148	13677765	0	2508034048	725348	7	29510740	8143244	6168	0	6202	89000
1785984341	request	2514	13681148	13677767	0	2508034048	725348	7	29510836	8143244	6168	0	6202	89000
1785984342	request	2515	13681148	13677774	0	2508034048	725348	7	29511056	8143244	6168	0	6202	89000
1785984343	request	2516	13681148	13677770	0	2508034048	725348	7	29510776	8143244	6168	0	6202	91000
1785984345	request	2518	13681148	13677768	0	2508034048	725348	7	29510308	8143244	6168	0	6202	88000
1785984346	request	2519	13681148	13677759	0	2508034048	725348	7	29510816	8143244	6168	0	6202	89000
1785984347	request	2520	13681148	13677761	0	2508034048	725348	7	29510816	8143244	6168	0	6202	88000
1785984348	request	2521	13681148	13677758	0	2508034048	725348	7	29510388	8143244	6168	0	6202	88000
1785984349	request	2522	13681148	13677763	0	2508034048	725348	7	29510136	8143244	6168	0	6202	87000
1785984351	request	2524	13681148	13677767	0	2508034048	725348	7	29510136	8143244	6168	0	6202	89000
1785984352	request	2525	13681148	13677770	0	2508034048	725348	7	29509884	8143244	6168	0	6202	89000
1785984353	request	2526	13681148	13677767	0	2508034048	725348	7	29509884	8143244	6168	0	6202	89000
1785984355	request	2528	13681148	13677773	0	2508034048	725348	7	29509912	8143244	6168	0	6202	88000
1785984356	request	2529	13681148	13677766	0	2508034048	725348	7	29509676	8143244	6168	0	6202	88000
1785984357	request	2530	13681148	13677763	0	2508034048	725348	7	29510040	8143244	6168	0	6202	89000
1785984358	request	2531	13681148	13677759	0	2508034048	725348	7	29510348	8143244	6168	0	6202	89000
1785984359	request	2532	13681148	13677769	0	2508034048	725348	7	29510108	8143244	6168	0	6202	88000
1785984361	request	2534	13681148	13677769	0	2508034048	725348	7	29510108	8143244	6168	0	6202	88000
1785984362	request	2535	13681148	13677761	0	2508034048	725348	7	29510108	8143244	6168	0	6202	88000
1785984363	request	2536	13681148	13677768	0	2508034048	725348	7	29510792	8143244	6168	0	6202	88000
1785984365	request	2538	13681148	13677773	0	2508034048	725348	7	29510792	8143244	6168	0	6202	89000
1785984366	request	2539	13681148	13677766	0	2508034048	725348	7	29510872	8143244	6168	0	6202	88000
1785984367	request	2540	13681148	13677765	0	2508034048	725348	7	29510872	8143244	6168	0	6202	90000
1785984368	request	2541	13681148	13677758	0	2508034048	725348	7	29512480	8143244	6168	0	6202	88000
1785984369	request	2542	13681148	13677758	0	2508034048	725348	7	29511980	8143244	6168	0	6202	89000
1785984371	request	2544	13681148	13677758	0	2508034048	725348	7	29511160	8143244	6168	0	6202	90000
1785984372	request	2545	13681148	13677757	0	2508034048	725348	7	29511076	8143244	6168	0	6202	88000
1785984373	request	2546	13681148	13677766	0	2508034048	725348	7	29510584	8143244	6168	0	6202	88000
1785984374	request	2547	13681148	13677773	0	2508034048	725348	7	29510872	8143244	6168	0	6202	90000
1785984376	request	2549	13681148	13677766	0	2508034048	725348	7	29510872	8143244	6168	0	6202	88000
1785984377	request	2550	13681148	13677768	0	2508034048	725348	7	29509904	8143244	6168	0	6202	88000
1785984378	request	2551	13681148	13677768	0	2508034048	725348	7	29509928	8143244	6168	0	6202	89000
1785984380	request	2553	13681148	13677769	0	2508034048	725348	7	29509928	8143244	6168	0	6202	89000
1785984381	request	2554	13681148	13677769	0	2508034048	725348	7	29510400	8143244	6168	0	6202	89000
1785984382	request	2555	13681148	13677765	0	2508034048	725348	7	29510400	8143244	6168	0	6202	89000
1785984383	request	2556	13681148	13677758	0	2508034048	725348	7	29510160	8143244	6168	0	6202	88000
1785984385	request	2558	13681148	13677763	0	2508034048	725348	7	29510464	8143244	6168	0	6202	86000
1785984386	request	2559	13681148	13677767	0	2508034048	725348	7	29510464	8143244	6168	0	6202	88000
1785984387	request	2560	13681148	13677767	0	2508034048	725348	7	29510464	8143244	6168	0	6202	89000
1785984388	request	2561	13681148	13677763	0	2508034048	725348	7	29510464	8143244	6168	0	6202	90000
1785984390	request	2563	13681148	13677765	0	2508034048	725348	7	29509848	8143244	6168	0	6202	88000
1785984391	request	2564	13681148	13677765	0	2508034048	725348	7	29509708	8143244	6168	0	6202	86000
1785984392	request	2565	13681148	13677759	0	2508034048	725348	7	29509216	8143244	6168	0	6202	88000
1785984393	request	2566	13681148	13677767	0	2508034048	725348	7	29508964	8143244	6168	0	6202	88000
1785984395	request	2568	13681148	13677758	0	2508034048	725348	7	29508964	8143244	6168	0	6202	89000
1785984396	request	2569	13681148	13677766	0	2508034048	725348	7	29508964	8143244	6168	0	6202	88000
1785984397	request	2570	13681148	13677757	0	2508034048	725348	7	29509328	8143244	6168	0	6202	89000
1785984398	request	2571	13681148	13677759	0	2508034048	725348	7	29509776	8143244	6168	0	6202	91000
1785984400	request	2573	13681148	13677765	0	2508034048	725348	7	29509776	8143244	6168	0	6202	88000
1785984401	request	2574	13681148	13677766	0	2508034048	725348	7	29509412	8143244	6168	0	6202	88000
1785984402	request	2575	13681148	13677757	0	2508034048	725348	7	29509020	8143244	6168	0	6202	90000
1785984403	request	2576	13681148	13677761	0	2508034048	725348	7	29508204	8143244	6168	0	6202	88000
1785984405	request	2578	13681148	13677767	0	2508034048	725348	7	29508296	8143244	6168	0	6202	88000
1785984406	request	2579	13681148	13677765	0	2508034048	725348	7	29508296	8143244	6168	0	6202	89000
1785984407	request	2580	13681148	13677769	0	2508034048	725348	7	29508296	8143244	6168	0	6202	88000
1785984408	request	2581	13681148	13677758	0	2508034048	725348	7	29507960	8143244	6168	0	6202	86000
1785984410	request	2583	13681148	13677757	0	2508034048	725348	7	29508436	8143244	6168	0	6202	89000
1785984411	request	2584	13681148	13677773	0	2508034048	725348	7	29508780	8143244	6168	0	6202	88000
1785984412	request	2585	13681148	13677767	0	2508034048	725348	7	29508780	8143244	6168	0	6202	89000
1785984413	request	2586	13681148	13677771	0	2508034048	725348	7	29508860	8143244	6168	0	6202	88000
1785984415	request	2588	13681148	13677773	0	2508034048	725348	7	29509140	8143244	6168	0	6202	89000
1785984416	request	2589	13681148	13677765	0	2508034048	725348	7	29508912	8143244	6168	0	6202	91000
1785984417	request	2590	13681148	13677771	0	2508034048	725348	7	29508912	8143244	6168	0	6202	88000
1785984418	request	2591	13681148	13677773	0	2508034048	725348	7	29508672	8143244	6168	0	6202	89000
1785984420	request	2593	13681148	13677769	0	2508034048	725348	7	29508672	8143244	6168	0	6202	88000
1785984421	request	2594	13681148	13677771	0	2508034048	725348	7	29508676	8143244	6168	0	6202	89000
1785984422	request	2595	13681148	13677757	0	2508034048	725348	7	29508676	8143244	6168	0	6202	89000
1785984423	request	2596	13681148	13677767	0	2508034048	725348	7	29508676	8143244	6168	0	6202	89000
1785984425	request	2598	13681148	13677759	0	2508034048	725348	7	29508196	8143244	6168	0	6202	88000
1785984426	request	2599	13681148	13677759	0	2508034048	725348	7	29507464	8143244	6168	0	6202	90000
1785984427	request	2600	13681148	13677765	0	2508034048	725348	7	29507464	8143244	6168	0	6202	88000
1785984428	request	2601	13681148	13677758	0	2508034048	725348	7	29506704	8143244	6168	0	6202	89000
1785984430	request	2603	13681148	13677757	0	2508034048	725348	7	29506484	8143244	6168	0	6202	88000
1785984431	request	2604	13681148	13677756	0	2508034048	725348	7	29506484	8143244	6168	0	6202	88000
1785984432	request	2605	13681148	13677771	0	2508034048	725348	7	29506484	8143244	6168	0	6202	90000
1785984433	request	2606	13681148	13677758	0	2508034048	725348	7	29507604	8143244	6168	0	6202	89000
1785984435	request	2608	13681148	13677768	0	2508034048	725348	7	29507352	8143244	6168	0	6202	89000
1785984436	request	2609	13681148	13677763	0	2508034048	725348	7	29508040	8143244	6168	0	6202	91000
1785984437	request	2610	13681148	13677765	0	2508034048	725348	7	29508164	8143248	6169	0	6203	89000
1785984438	request	2611	13681148	13677756	0	2508034048	725348	7	29507912	8143248	6169	0	6203	89000
1785984440	request	2613	13681148	13677768	0	2508034048	725348	7	29507912	8143248	6169	0	6203	90000
1785984441	request	2614	13681148	13677756	0	2508034048	725348	7	29507912	8143248	6169	0	6203	88000
1785984442	request	2615	13681148	13677760	0	2508034048	725348	7	29508276	8143248	6169	0	6203	89000
1785984443	request	2616	13681148	13677760	0	2508034048	725348	7	29509196	8143248	6169	0	6203	89000
1785984445	request	2618	13681148	13677756	0	2508034048	725348	7	29509348	8143248	6169	0	6203	86000
1785984446	request	2619	13681148	13677765	0	2508034048	725348	7	29509348	8143248	6169	0	6203	89000
1785984447	request	2620	13681148	13677766	0	2508034048	725348	7	29509096	8143248	6169	0	6203	88000
1785984448	request	2621	13681148	13677773	0	2508034048	725348	7	29509596	8143248	6169	0	6203	88000
1785984450	request	2623	13681148	13677773	0	2508034048	725348	7	29509596	8143248	6169	0	6203	90000
1785984451	request	2624	13681148	13677760	0	2508034048	725348	7	29509596	8143248	6169	0	6203	88000
1785984452	request	2625	13681148	13677757	0	2508034048	725348	7	29509596	8143248	6169	0	6203	88000
1785984453	request	2626	13681148	13677757	0	2508034048	725348	7	29508588	8143248	6169	0	6203	90000
1785984455	request	2628	13681148	13677760	0	2508034048	725348	7	29508684	8143248	6169	0	6203	89000
1785984456	request	2629	13681148	13677759	0	2508034048	725348	7	29508680	8143248	6169	0	6203	89000
1785984457	request	2630	13681148	13677771	0	2508034048	725348	7	29508680	8143248	6169	0	6203	89000
1785984458	request	2631	13681148	13677760	0	2508034048	725348	7	29508680	8143248	6169	0	6203	86000
1785984460	request	2633	13681148	13677760	0	2508034048	725348	7	29508680	8143248	6169	0	6203	88000
1785984461	request	2634	13681148	13677769	0	2508034048	725348	7	29508680	8143248	6169	0	6203	89000
1785984462	request	2635	13681148	13677763	0	2508034048	725348	7	29508680	8143248	6169	0	6203	88000
1785984463	request	2636	13681148	13677774	0	2508034048	725348	7	29511212	8143248	6169	0	6203	90000
1785984465	request	2638	13681148	13677774	0	2508034048	725348	7	29509992	8143248	6169	0	6203	86000
1785984466	request	2639	13681148	13677763	0	2508034048	725348	7	29510328	8143248	6169	0	6203	88000
1785984467	request	2640	13681148	13677760	0	2508034048	725348	7	29510444	8143248	6169	0	6203	90000
1785984468	request	2641	13681148	13677760	0	2508034048	725348	7	29509600	8143248	6169	0	6203	88000
1785984470	request	2643	13681148	13677771	0	2508034048	725348	7	29509348	8143248	6169	0	6203	88000
1785984471	request	2644	13681148	13677765	0	2508034048	725348	7	29509600	8143248	6169	0	6203	88000
1785984472	request	2645	13681148	13677761	0	2508034048	725348	7	29509600	8143248	6169	0	6203	88000
1785984473	request	2646	13681148	13677767	0	2508034048	725348	7	29509604	8143248	6169	0	6203	90000
1785984475	request	2648	13681148	13677765	0	2508034048	725348	7	29509876	8143248	6169	0	6203	86000
1785984476	request	2649	13681148	13677768	0	2508034048	725348	7	29509992	8143248	6169	0	6203	88000
1785984477	request	2650	13681148	13677760	0	2508034048	725348	7	29509740	8143248	6169	0	6203	91000
1785984478	request	2651	13681148	13677776	0	2508034048	725348	7	29510788	8143248	6169	0	6203	88000
1785984480	request	2653	13681148	13677785	0	2508034048	725348	7	29510536	8143248	6169	0	6203	87000
1785984481	request	2654	13681148	13677790	0	2508034048	725348	7	29511360	8143248	6169	0	6203	91000
1785984482	request	2655	13681148	13677776	0	2508034048	725348	7	29510868	8143248	6169	0	6203	88000
1785984483	request	2656	13681148	13677774	0	2508034048	725348	7	29510868	8143248	6169	0	6203	88000
1785984485	request	2658	13681148	13677788	0	2508034048	725348	7	29510868	8143248	6169	0	6203	90000
1785984486	request	2659	13681148	13677790	0	2508034048	725348	7	29510124	8143248	6169	0	6203	89000
1785984487	request	2660	13681148	13677776	0	2508034048	725348	7	29510124	8143248	6169	0	6203	88000
1785984488	request	2661	13681148	13677781	0	2508034048	725348	7	29509872	8143248	6169	0	6203	89000
1785984490	request	2663	13681148	13677776	0	2508034048	725348	7	29509508	8143248	6169	0	6203	88000
1785984491	request	2664	13681148	13677788	0	2508034048	725348	7	29509128	8143248	6169	0	6203	87000
1785984492	request	2665	13681148	13677785	0	2508034048	725348	7	29509128	8143248	6169	0	6203	89000
1785984493	request	2666	13681148	13677784	0	2508034048	725348	7	29508448	8143248	6169	0	6203	88000
1785984495	request	2668	13681148	13677787	0	2508034048	725348	7	29508352	8143248	6169	0	6203	90000
1785984496	request	2669	13681148	13677784	0	2508034048	725348	7	29508212	8143248	6169	0	6203	88000
1785984497	request	2670	13681148	13677776	0	2508034048	725348	7	29508184	8143248	6169	0	6203	89000
1785984498	request	2671	13681148	13677792	0	2508034048	725348	7	29508280	8143248	6169	0	6203	88000
1785984500	request	2673	13681148	13677774	0	2508034048	725348	7	29507724	8143248	6169	0	6203	88000
1785984501	request	2674	13681148	13677776	0	2508034048	725348	7	29508656	8143248	6169	0	6203	88000
1785984502	request	2675	13681148	13677784	0	2508034048	725348	7	29508656	8143248	6169	0	6203	88000
1785984503	request	2676	13681148	13677774	0	2508034048	725348	7	29508404	8143248	6169	0	6203	88000
1785984505	request	2678	13681148	13677776	0	2508034048	725348	7	29508152	8143248	6169	0	6203	88000
1785984506	request	2679	13681148	13677785	0	2508034048	725348	7	29508152	8143248	6169	0	6203	88000
1785984507	request	2680	13681148	13677778	0	2508034048	725348	7	29508152	8143248	6169	0	6203	88000
1785984508	request	2681	13681148	13677781	0	2508034048	725348	7	29508152	8143248	6169	0	6203	88000
1785984510	request	2683	13681148	13677785	0	2508034048	725348	7	29508152	8143248	6169	0	6203	88000
1785984511	request	2684	13681148	13677774	0	2508034048	725348	7	29508152	8143248	6169	0	6203	88000
1785984512	request	2685	13681148	13677781	0	2508034048	725348	7	29507900	8143248	6169	0	6203	88000
1785984513	request	2686	13681148	13677783	0	2508034048	725348	7	29507924	8143248	6169	0	6203	88000
1785984515	request	2688	13681148	13677790	0	2508034048	725348	7	29507948	8143248	6169	0	6203	88000
1785984516	request	2689	13681148	13677781	0	2508034048	725348	7	29507948	8143248	6169	0	6203	90000
1785984517	request	2690	13681148	13677784	0	2508034048	725348	7	29507708	8143248	6169	0	6203	89000
1785984518	request	2691	13681148	13677790	0	2508034048	725348	7	29507708	8143248	6169	0	6203	88000
1785984520	request	2693	13681148	13677776	0	2508034048	725348	7	29507468	8143248	6169	0	6203	90000
1785984521	request	2694	13681148	13677781	0	2508034048	725348	7	29507228	8143248	6169	0	6203	88000
1785984522	request	2695	13681148	13677774	0	2508034048	725348	7	29507228	8143248	6169	0	6203	89000
1785984523	request	2696	13681148	13677784	0	2508034048	725348	7	29506976	8143248	6169	0	6203	90000
1785984525	request	2698	13681148	13677776	0	2508034048	725348	7	29506740	8143248	6169	0	6203	88000
1785984526	request	2699	13681148	13677784	0	2508034048	725348	7	29506740	8143248	6169	0	6203	88000
1785984527	request	2700	13681148	13677776	0	2508034048	725348	7	29507016	8143248	6169	0	6203	88000
1785984529	request	2702	13681148	13677774	0	2508034048	725348	7	29506312	8143248	6169	0	6203	88000
1785984530	request	2703	13681148	13677781	0	2508034048	725348	7	29507056	8143248	6169	0	6203	90000
1785984531	request	2704	13681148	13677782	0	2508034048	725348	7	29507056	8143248	6169	0	6203	88000
1785984532	request	2705	13681148	13677782	0	2508034048	725348	7	29506232	8143248	6169	0	6203	88000
1785984534	request	2707	13681148	13677798	0	2508034048	725348	7	29506324	8143248	6169	0	6203	91000
1785984535	request	2708	13681148	13677782	0	2508034048	725348	7	29506072	8143248	6169	0	6203	89000
1785984536	request	2709	13681148	13677782	0	2508034048	725348	7	29505580	8143248	6169	0	6203	88000
1785984537	request	2710	13681148	13677782	0	2508034048	725348	7	29505328	8143248	6169	0	6203	90000
1785984539	request	2712	13681148	13677794	0	2508034048	725348	7	29505328	8143248	6169	0	6203	88000
1785984540	request	2713	13681148	13677781	0	2508034048	725348	7	29505612	8143248	6169	0	6203	89000
1785984541	request	2714	13681148	13677794	0	2508034048	725348	7	29506000	8143248	6169	0	6203	88000
1785984542	request	2715	13681148	13677785	0	2508034048	725348	7	29506080	8143248	6169	0	6203	88000
1785984544	request	2717	13681148	13677787	0	2508034048	725348	7	29506080	8143248	6169	0	6203	88000
1785984545	request	2718	13681148	13677790	0	2508034048	725348	7	29505588	8143248	6169	0	6203	88000
1785984546	request	2719	13681148	13677791	0	2508034048	725348	7	29505664	8143248	6169	0	6203	89000
1785984547	request	2720	13681148	13677790	0	2508034048	725348	7	29505664	8143248	6169	0	6203	90000
1785984549	request	2722	13681148	13677790	0	2508034048	725348	7	29505412	8143248	6169	0	6203	88000
1785984550	request	2723	13681148	13677789	0	2508034048	725348	7	29506384	8143248	6169	0	6203	89000
1785984551	request	2724	13681148	13677783	0	2508034048	725348	7	29506384	8143248	6169	0	6203	91000
1785984552	request	2725	13681148	13677781	0	2508034048	725348	7	29506672	8143248	6169	0	6203	89000
1785984554	request	2727	13681148	13677775	0	2508034048	725348	7	29506416	8143248	6169	0	6203	89000
1785984555	request	2728	13681148	13677774	0	2508034048	725348	7	29507860	8143248	6169	0	6203	91000
1785984556	request	2729	13681148	13677761	0	2508034048	725348	7	29507612	8143248	6169	0	6203	88000
1785984557	request	2730	13681148	13677763	0	2508034048	725348	7	29507612	8143248	6169	0	6203	88000
1785984559	request	2732	13681148	13677763	0	2508034048	725348	7	29507612	8143248	6169	0	6203	87000
1785984560	request	2733	13681148	13677772	0	2508034048	725348	7	29506764	8143248	6169	0	6203	88000
1785984561	request	2734	13681148	13677758	0	2508034048	725348	7	29506764	8143248	6169	0	6203	90000
1785984562	request	2735	13681148	13677758	0	2508034048	725348	7	29506512	8143248	6169	0	6203	88000
1785984564	request	2737	13681148	13677768	0	2508034048	725348	7	29506336	8143248	6169	0	6203	89000
1785984565	request	2738	13681148	13677772	0	2508034048	725348	7	29505568	8143248	6169	0	6203	91000
1785984566	request	2739	13681148	13677757	0	2508034048	725348	7	29505568	8143248	6169	0	6203	88000
1785984567	request	2740	13681148	13677758	0	2508034048	725348	7	29505316	8143248	6169	0	6203	88000
1785984569	request	2742	13681148	13677758	0	2508034048	725348	7	29505316	8143248	6169	0	6203	90000
1785984570	request	2743	13681148	13677770	0	2508034048	725348	7	29507140	8143248	6169	0	6203	88000
1785984571	request	2744	13681148	13677772	0	2508034048	725348	7	29506396	8143248	6169	0	6203	88000
1785984572	request	2745	13681148	13677758	0	2508034048	725348	7	29506144	8143248	6169	0	6203	88000
1785984574	request	2747	13681148	13677766	0	2508034048	725348	7	29506144	8143248	6169	0	6203	88000
1785984575	request	2748	13681148	13677766	0	2508034048	725348	7	29505892	8143248	6169	0	6203	88000
1785984576	request	2749	13681148	13677766	0	2508034048	725348	7	29505652	8143248	6169	0	6203	88000
1785984577	request	2750	13681148	13677761	0	2508034048	725348	7	29505732	8143248	6169	0	6203	87000
1785984579	request	2752	13681148	13677758	0	2508034048	725348	7	29505732	8143248	6169	0	6203	90000
1785984580	request	2753	13681148	13677770	0	2508034048	725348	7	29505732	8143248	6169	0	6203	88000
1785984581	request	2754	13681148	13677768	0	2508034048	725348	7	29505732	8143248	6169	0	6203	88000
1785984582	request	2755	13681148	13677758	0	2508034048	725348	7	29505732	8143248	6169	0	6203	91000
1785984584	request	2757	13681148	13677770	0	2508034048	725348	7	29505732	8143248	6169	0	6203	88000
1785984585	request	2758	13681148	13677766	0	2508034048	725348	7	29505732	8143248	6169	0	6203	88000
1785984586	request	2759	13681148	13677758	0	2508034048	725348	7	29505732	8143248	6169	0	6203	89000
1785984587	request	2760	13681148	13677767	0	2508034048	725348	7	29506312	8143248	6169	0	6203	88000
1785984589	request	2762	13681148	13677766	0	2508034048	725348	7	29506312	8143248	6169	0	6203	86000
1785984590	request	2763	13681148	13677758	0	2508034048	725348	7	29506448	8143248	6169	0	6203	88000
1785984591	request	2764	13681148	13677774	0	2508034048	725348	7	29506536	8143248	6169	0	6203	89000
1785984592	request	2765	13681148	13677758	0	2508034048	725348	7	29507460	8143248	6169	0	6203	89000
1785984594	request	2767	13681148	13677758	0	2508034048	725348	7	29507220	8143248	6169	0	6203	86000
1785984595	request	2768	13681148	13677758	0	2508034048	725348	7	29506856	8143248	6169	0	6203	88000
1785984596	request	2769	13681148	13677759	0	2508034048	725348	7	29506716	8143248	6169	0	6203	89000
1785984597	request	2770	13681148	13677767	0	2508034048	725348	7	29505936	8143248	6169	0	6203	88000
1785984599	request	2772	13681148	13677767	0	2508034048	725348	7	29505776	8143248	6169	0	6203	89000
1785984600	request	2773	13681148	13677758	0	2508034048	725348	7	29505524	8143248	6169	0	6203	90000
1785984601	request	2774	13681148	13677768	0	2508034048	725348	7	29505524	8143248	6169	0	6203	88000
1785984602	request	2775	13681148	13677766	0	2508034048	725348	7	29505524	8143248	6169	0	6203	88000
1785984604	request	2777	13681148	13677766	0	2508034048	725348	7	29505524	8143248	6169	0	6203	89000
1785984605	request	2778	13681148	13677757	0	2508034048	725348	7	29505776	8143248	6169	0	6203	88000
1785984606	request	2779	13681148	13677758	0	2508034048	725348	7	29505524	8143248	6169	0	6203	88000
1785984607	request	2780	13681148	13677768	0	2508034048	725348	7	29505524	8143248	6169	0	6203	88000
1785984609	request	2782	13681148	13677765	0	2508034048	725348	7	29505524	8143248	6169	0	6203	89000
1785984610	request	2783	13681148	13677757	0	2508034048	725348	7	29505524	8143248	6169	0	6203	90000
1785984611	request	2784	13681148	13677765	0	2508034048	725348	7	29506192	8143248	6169	0	6203	88000
1785984612	request	2785	13681148	13677766	0	2508034048	725348	7	29505940	8143248	6169	0	6203	92000
1785984613	request	2786	13681148	13677766	0	2508034048	725348	7	29506860	8143248	6169	0	6203	90000
1785984615	request	2788	13681148	13677766	0	2508034048	725348	7	29507072	8143248	6169	0	6203	88000
1785984616	request	2789	13681148	13677774	0	2508034048	725348	7	29507072	8143248	6169	0	6203	87000
1785984617	request	2790	13681148	13677758	0	2508034048	725348	7	29507828	8143248	6169	0	6203	85000
1785984618	request	2791	13681148	13677766	0	2508034048	725348	7	29507828	8143248	6169	0	6203	88000
1785984620	request	2793	13681148	13677758	0	2508034048	725348	7	29507576	8143248	6169	0	6203	88000
1785984621	request	2794	13681148	13677765	0	2508034048	725348	7	29507848	8143248	6169	0	6203	90000
1785984622	request	2795	13681148	13677758	0	2508034048	725348	7	29507372	8143248	6169	0	6203	89000
1785984623	request	2796	13681148	13677758	0	2508034048	725348	7	29508024	8143248	6169	0	6203	88000
1785984625	request	2798	13681148	13677759	0	2508034048	725348	7	29507520	8143248	6169	0	6203	89000
1785984626	request	2799	13681148	13677757	0	2508034048	725348	7	29507156	8143248	6169	0	6203	89000
1785984627	request	2800	13681148	13677761	0	2508034048	725348	7	29508712	8143248	6169	0	6203	90000
1785984628	request	2801	13681148	13677758	0	2508034048	725348	7	29507972	8143248	6169	0	6203	89000
1785984630	request	2803	13681148	13677766	0	2508034048	725348	7	29507532	8143248	6169	0	6203	89000
1785984631	request	2804	13681148	13677763	0	2508034048	725348	7	29507532	8143248	6169	0	6203	90000
1785984632	request	2805	13681148	13677763	0	2508034048	725348	7	29507532	8143248	6169	0	6203	89000
1785984634	request	2807	13681148	13677766	0	2508034048	725348	7	29508228	8143248	6169	0	6203	88000
1785984635	request	2808	13681148	13677766	0	2508034048	725348	7	29507924	8143248	6169	0	6203	91000
1785984636	request	2809	13681148	13677765	0	2508034048	725348	7	29507420	8143248	6169	0	6203	89000
1785984637	request	2810	13681148	13677761	0	2508034048	725348	7	29507168	8143248	6169	0	6203	89000
1785984639	request	2812	13681148	13677759	0	2508034048	725348	7	29507168	8143248	6169	0	6203	90000
1785984640	request	2813	13681148	13677766	0	2508034048	725348	7	29506916	8143248	6169	0	6203	88000
1785984641	request	2814	13681148	13677765	0	2508034048	725348	7	29506916	8143248	6169	0	6203	88000
1785984642	request	2815	13681148	13677767	0	2508034048	725348	7	29506664	8143248	6169	0	6203	89000
1785984644	request	2817	13681148	13677767	0	2508034048	725348	7	29505920	8143248	6169	0	6203	89000
1785984645	request	2818	13681148	13677766	0	2508034048	725348	7	29505920	8143248	6169	0	6203	90000
1785984646	request	2819	13681148	13677766	0	2508034048	725348	7	29506032	8143248	6169	0	6203	90000
1785984647	request	2820	13681148	13677761	0	2508034048	725348	7	29506952	8143248	6169	0	6203	89000
1785984649	request	2822	13681148	13677759	0	2508034048	725348	7	29506952	8143248	6169	0	6203	90000
1785984650	request	2823	13681148	13677765	0	2508034048	725348	7	29506712	8143248	6169	0	6203	89000
1785984651	request	2824	13681148	13677765	0	2508034048	725348	7	29506712	8143248	6169	0	6203	89000
1785984652	request	2825	13681148	13677757	0	2508034048	725348	7	29506712	8143248	6169	0	6203	88000
1785984654	request	2827	13681148	13677768	0	2508034048	725348	7	29507108	8143248	6169	0	6203	88000
1785984655	request	2828	13681148	13677757	0	2508034048	725348	7	29506888	8143248	6169	0	6203	89000
1785984656	request	2829	13681148	13677758	0	2508034048	725348	7	29506888	8143248	6169	0	6203	89000
1785984657	request	2830	13681148	13677761	0	2508034048	725348	7	29506396	8143248	6169	0	6203	89000
1785984659	request	2832	13681148	13677757	0	2508034048	725348	7	29506284	8143248	6169	0	6203	88000
1785984660	request	2833	13681148	13677766	0	2508034048	725348	7	29506276	8143248	6169	0	6203	89000
1785984661	request	2834	13681148	13677770	0	2508034048	725348	7	29505728	8143248	6169	0	6203	88000
1785984662	request	2835	13681148	13677766	0	2508034048	725348	7	29505580	8143248	6169	0	6203	88000
1785984664	request	2837	13681148	13677757	0	2508034048	725348	7	29505580	8143248	6169	0	6203	88000
1785984665	request	2838	13681148	13677767	0	2508034048	725348	7	29505692	8143248	6169	0	6203	89000
1785984666	request	2839	13681148	13677758	0	2508034048	725348	7	29506356	8143248	6169	0	6203	89000
1785984667	request	2840	13681148	13677769	0	2508034048	725348	7	29506356	8143248	6169	0	6203	90000
1785984669	request	2842	13681148	13677772	0	2508034048	725348	7	29506356	8143248	6169	0	6203	89000
1785984670	request	2843	13681148	13677767	0	2508034048	725348	7	29506104	8143248	6169	0	6203	89000
1785984671	request	2844	13681148	13677767	0	2508034048	725348	7	29506104	8143248	6169	0	6203	91000
1785984672	request	2845	13681148	13677763	0	2508034048	725348	7	29501796	8143248	6169	0	6203	89000
1785984674	request	2847	13681148	13677774	0	2508034048	725348	7	29503304	8143248	6169	0	6203	92000
1785984675	request	2848	13681148	13677763	0	2508034048	725348	7	29507744	8143248	6169	0	6203	90000
1785984676	request	2849	13681148	13677768	0	2508034048	725348	7	29507724	8143248	6169	0	6203	89000
1785984677	request	2850	13681148	13677763	0	2508034048	725348	7	29508980	8143248	6169	0	6203	90000
1785984679	request	2852	13681148	13677769	0	2508034048	725348	7	29508728	8143248	6169	0	6203	89000
1785984680	request	2853	13681148	13677763	0	2508034048	725348	7	29508984	8143248	6169	0	6203	89000
1785984681	request	2854	13681148	13677772	0	2508034048	725348	7	29508984	8143248	6169	0	6203	90000
1785984682	request	2855	13681148	13677770	0	2508034048	725348	7	29509424	8143248	6169	0	6203	89000
1785984684	request	2857	13681148	13677768	0	2508034048	725348	7	29502516	8143248	6169	0	6203	90000
1785984685	request	2858	13681148	13677769	0	2508034048	725348	7	29498416	8143248	6169	0	6203	89000
1785984686	request	2859	13681148	13677759	0	2508034048	725348	7	29498356	8143248	6169	0	6203	89000
1785984687	request	2860	13681148	13677759	0	2508034048	725348	7	29498136	8143248	6169	0	6203	88000
1785984689	request	2862	13681148	13677775	0	2508034048	725348	7	29498612	8143248	6169	0	6203	89000
1785984690	request	2863	13681148	13677767	0	2508034048	725348	7	29498828	8143248	6169	0	6203	89000
1785984691	request	2864	13681148	13677760	0	2508034048	725348	7	29498576	8143248	6169	0	6203	87000
1785984692	request	2865	13681148	13677760	0	2508034048	725348	7	29498576	8143248	6169	0	6203	91000
1785984694	request	2867	13681148	13677764	0	2508034048	725348	7	29497412	8143248	6169	0	6203	89000
1785984695	request	2868	13681148	13677767	0	2508034048	725348	7	29497092	8143248	6169	0	6203	89000
1785984696	request	2869	13681148	13677770	0	2508034048	725348	7	29496840	8143248	6169	0	6203	87000
1785984697	request	2870	13681148	13677762	0	2508034048	725348	7	29496840	8143248	6169	0	6203	89000
1785984699	request	2872	13681148	13677762	0	2508034048	725348	7	29496840	8143248	6169	0	6203	89000
1785984700	request	2873	13681148	13677760	0	2508034048	725348	7	29496840	8143248	6169	0	6203	90000
1785984701	request	2874	13681148	13677767	0	2508034048	725348	7	29496840	8143248	6169	0	6203	89000
1785984702	request	2875	13681148	13677759	0	2508034048	725348	7	29496840	8143248	6169	0	6203	92000
1785984704	request	2877	13681148	13677770	0	2508034048	725348	7	29497380	8143248	6169	0	6203	90000
1785984705	request	2878	13681148	13677759	0	2508034048	725348	7	29496908	8143248	6169	0	6203	89000
1785984706	request	2879	13681148	13677760	0	2508034048	725348	7	29496712	8143248	6169	0	6203	86000
1785984707	request	2880	13681148	13677773	0	2508034048	725348	7	29496712	8143248	6169	0	6203	88000
1785984709	request	2882	13681148	13677773	0	2508034048	725348	7	29496624	8143248	6169	0	6203	88000
1785984710	request	2883	13681148	13677773	0	2508034048	725348	7	29497252	8143248	6169	0	6203	88000
1785984711	request	2884	13681148	13677775	0	2508034048	725348	7	29497000	8143248	6169	0	6203	89000
1785984712	request	2885	13681148	13677762	0	2508034048	725348	7	29498988	8143248	6169	0	6203	89000
1785984714	request	2887	13681148	13677759	0	2508034048	725348	7	29499076	8143248	6169	0	6203	90000
1785984715	request	2888	13681148	13677773	0	2508034048	725348	7	29499132	8143248	6169	0	6203	89000
1785984716	request	2889	13681148	13677759	0	2508034048	725348	7	29499328	8143248	6169	0	6203	89000
1785984717	request	2890	13681148	13677766	0	2508034048	725348	7	29499204	8143248	6169	0	6203	90000
1785984719	request	2892	13681148	13677766	0	2508034048	725348	7	29498952	8143248	6169	0	6203	89000
1785984720	request	2893	13681148	13677770	0	2508034048	725348	7	29498952	8143248	6169	0	6203	89000
1785984721	request	2894	13681148	13677760	0	2508034048	725348	7	29498700	8143248	6169	0	6203	91000
1785984722	request	2895	13681148	13677764	0	2508034048	725348	7	29498700	8143248	6169	0	6203	90000
1785984724	request	2897	13681148	13677767	0	2508034048	725348	7	29497968	8143248	6169	0	6203	89000
1785984725	request	2898	13681148	13677759	0	2508034048	725348	7	29497968	8143248	6169	0	6203	90000
1785984726	request	2899	13681148	13677773	0	2508034048	725348	7	29497264	8143248	6169	0	6203	89000
1785984727	request	2900	13681148	13677759	0	2508034048	725348	7	29497360	8143248	6169	0	6203	90000
1785984729	request	2902	13681148	13677757	0	2508034048	725348	7	29497360	8143248	6169	0	6203	91000
1785984730	request	2903	13681148	13677770	0	2508034048	725348	7	29497360	8143248	6169	0	6203	88000
1785984731	request	2904	13681148	13677772	0	2508034048	725348	7	29497360	8143248	6169	0	6203	89000
1785984732	request	2905	13681148	13677765	0	2508034048	725348	7	29497364	8143248	6169	0	6203	91000
1785984734	request	2907	13681148	13677766	0	2508034048	725348	7	29497260	8143248	6169	0	6203	90000
1785984735	request	2908	13681148	13677764	0	2508034048	725348	7	29497260	8143248	6169	0	6203	89000
1785984736	request	2909	13681996	13678636	0	2508034048	725589	7	29497324	8143248	6169	0	6203	89000
1785984737	request	2910	13682060	13678676	0	2508034048	725589	7	29496976	8143248	6169	0	6203	89000
1785984739	request	2912	13682060	13678674	0	2508034048	725589	7	29496376	8143248	6169	0	6203	89000
1785984740	request	2913	13682080	13678698	0	2508034048	725594	7	29495872	8143248	6169	0	6203	89000
1785984741	request	2914	13682080	13678700	0	2508034048	725594	7	29495872	8143248	6169	0	6203	89000
1785984742	request	2915	13682080	13678688	0	2508034048	725594	7	29495872	8143248	6169	0	6203	90000
1785984744	request	2917	13682080	13678696	0	2508034048	725594	7	29495016	8143248	6169	0	6203	88000
1785984745	request	2918	13682080	13678689	0	2508034048	725594	7	29494948	8143248	6169	0	6203	89000
1785984746	request	2919	13682080	13678701	0	2508034048	725596	7	29494936	8143248	6169	0	6203	91000
1785984747	request	2920	13682092	13678709	0	2508034048	725597	7	29494320	8143248	6169	0	6203	90000
1785984749	request	2922	13682092	13678699	0	2508034048	725597	7	29495272	8143248	6169	0	6203	89000
1785984750	request	2923	13682092	13678711	0	2508034048	725597	7	29495272	8143248	6169	0	6203	88000
1785984751	request	2924	13682104	13678711	0	2508034048	725600	7	29495484	8143248	6169	0	6203	89000
1785984752	request	2925	13682104	13678722	0	2508034048	725600	7	29494660	8143248	6169	0	6203	89000
1785984754	request	2927	13682104	13678718	0	2508034048	725600	7	29494140	8143248	6169	0	6203	91000
1785984755	request	2928	13682112	13678720	0	2508034048	725602	7	29493888	8143248	6169	0	6203	88000
1785984756	request	2929	13682112	13678729	0	2508034048	725602	7	29492892	8143248	6169	0	6203	89000
1785984757	request	2930	13682116	13678730	0	2508034048	725603	7	29492892	8143248	6169	0	6203	90000
1785984759	request	2932	13682116	13678729	0	2508034048	725603	7	29491628	8143248	6169	0	6203	88000
1785984760	request	2933	13682116	13678728	0	2508034048	725603	7	29491628	8143248	6169	0	6203	89000
1785984761	request	2934	13682120	13678735	0	2508034048	725604	7	29491628	8143248	6169	0	6203	89000
1785984762	request	2935	13682120	13678733	0	2508034048	725604	7	29491956	8143248	6169	0	6203	90000
1785984763	request	2936	13682120	13678734	0	2508034048	725604	7	29493000	8143248	6169	0	6203	88000
1785984765	request	2938	13682136	13678747	0	2508034048	725608	7	29493000	8143248	6169	0	6203	89000
1785984766	request	2939	13682136	13678747	0	2508034048	725608	7	29493000	8143248	6169	0	6203	89000
1785984767	request	2940	13682136	13678743	0	2508034048	725608	7	29492748	8143248	6169	0	6203	82000
1785984768	request	2941	13682140	13678754	0	2508034048	725609	7	29493648	8143248	6169	0	6203	88000
1785984770	request	2943	13682140	13678749	0	2508034048	725609	7	29493396	8143248	6169	0	6203	88000
1785984771	request	2944	13682140	13678745	0	2508034048	725609	7	29493396	8143248	6169	0	6203	88000
1785984772	request	2945	13682140	13678751	0	2508034048	725609	7	29493396	8143248	6169	0	6203	88000
1785984774	request	2947	13682140	13678742	0	2508034048	725609	7	29493648	8143248	6169	0	6203	89000
1785984775	request	2948	13682140	13678751	0	2508034048	725609	7	29493144	8143248	6169	0	6203	89000
1785984776	request	2949	13682140	13678754	0	2508034048	725609	7	29493144	8143248	6169	0	6203	89000
1785984777	request	2950	13682144	13678747	0	2508034048	725610	7	29493144	8143248	6169	0	6203	88000
1785984779	request	2952	13682144	13678761	0	2508034048	725610	7	29493240	8143248	6169	0	6203	89000
1785984780	request	2953	13682144	13678755	0	2508034048	725610	7	29494004	8143248	6169	0	6203	89000
1785984781	request	2954	13765904	13762514	0	2508034048	746564	7	29413664	8143248	6169	0	6203	89000
1785984782	request	2955	13765904	13762521	0	2508034048	746564	7	29413160	8143248	6169	0	6203	89000
1785984784	request	2957	13765904	13762509	0	2508034048	746564	7	29413164	8143248	6169	0	6203	89000
1785984785	request	2958	13765904	13762515	0	2508034048	746564	7	29413052	8143248	6169	0	6203	89000
1785984786	request	2959	13765904	13762509	0	2508034048	746564	7	29413052	8143248	6169	0	6203	89000
1785984787	request	2960	13765904	13762508	0	2508034048	746564	7	29412812	8143248	6169	0	6203	90000
1785984789	request	2962	13765904	13762501	0	2508034048	746564	7	29412560	8143248	6169	0	6203	88000
1785984790	request	2963	13765904	13762503	0	2508034048	746564	7	29412336	8143248	6169	0	6203	88000
1785984791	request	2964	13765904	13762505	0	2508034048	746564	7	29412896	8143248	6169	0	6203	91000
1785984792	request	2965	13765904	13762503	0	2508034048	746564	7	29411788	8143248	6169	0	6203	89000
1785984794	request	2967	13765904	13762501	0	2508034048	746564	7	29410916	8143248	6169	0	6203	89000
1785984795	request	2968	13765904	13762507	0	2508034048	746564	7	29410408	8143248	6169	0	6203	90000
1785984796	request	2969	13765904	13762507	0	2508034048	746564	7	29410408	8143248	6169	0	6203	87000
1785984797	request	2970	13765904	13762515	0	2508034048	746564	7	29410408	8143248	6169	0	6203	89000
1785984799	request	2972	13765904	13762523	0	2508034048	746564	7	29410408	8143248	6169	0	6203	88000
1785984800	request	2973	13765904	13762513	0	2508034048	746564	7	29410408	8143248	6169	0	6203	88000
1785984801	request	2974	13765904	13762517	0	2508034048	746564	7	29410660	8143248	6169	0	6203	89000
1785984802	request	2975	13765904	13762513	0	2508034048	746564	7	29410660	8143248	6169	0	6203	88000
1785984804	request	2977	13765904	13762513	0	2508034048	746564	7	29411212	8143248	6169	0	6203	89000
1785984805	request	2978	13765904	13762507	0	2508034048	746564	7	29410468	8143248	6169	0	6203	89000
1785984806	request	2979	13765904	13762517	0	2508034048	746564	7	29410468	8143248	6169	0	6203	90000
1785984807	request	2980	13765904	13762514	0	2508034048	746564	7	29410104	8143248	6169	0	6203	89000
1785984809	request	2982	13765904	13762509	0	2508034048	746564	7	29409964	8143248	6169	0	6203	89000
1785984810	request	2983	13765904	13762507	0	2508034048	746564	7	29409812	8143248	6169	0	6203	89000
1785984811	request	2984	13765904	13762521	0	2508034048	746564	7	29409812	8143248	6169	0	6203	89000
1785984812	request	2985	13765904	13762513	0	2508034048	746564	7	29409560	8143248	6169	0	6203	90000
1785984814	request	2987	13765904	13762509	0	2508034048	746564	7	29409140	8143248	6169	0	6203	88000
1785984815	request	2988	13765904	13762509	0	2508034048	746564	7	29409204	8143248	6169	0	6203	89000
1785984816	request	2989	13765904	13762514	0	2508034048	746564	7	29408952	8143248	6169	0	6203	89000
1785984817	request	2990	13765904	13762507	0	2508034048	746564	7	29409316	8143248	6169	0	6203	90000
1785984819	request	2992	13765904	13762514	0	2508034048	746564	7	29408980	8143248	6169	0	6203	89000
1785984820	request	2993	13849300	13845911	0	2508034048	767413	7	29321116	8143248	6169	0	6203	89000
1785984821	after	2994	13849452	13846182	0	2508124160	767414	9	29321232	8143248	6169	0	6205	67000
